filename,chunk_num,chunk_text,topic,confidence
mariene-strategie-voor-het-nederlandse-deel-van-de-noordzee-2012-2020-deel-3.pdf,22,De uropese kaderrichtlijn Mariene Strategie (KRM) verplicht de U-lidstaten een strategie te ontwikkelen om in 2020 in het eigen zeegebied – voor Nederland het Nederlandse deel van de Noordzee - een goede milieutoestand te bereiken en/of te behouden en maatregelen te nemen die ervoor zorgen dat de daarvoor gestelde doelen worden bereikt. Bouwstenen voor die strategie zijn de al bestaande beleidskaders en de daaruit voortkomende maatregelen. Waar deze tekort schieten moeten de lidstaten aanvullende maatregelen formuleren. Verder verplicht de richtlijn tot internationale samenhang en samenwerking in de noordoost Atlantische regio en meer specifiek met de Noordzeelanden.,Everyday Racism & Modern Racial Inequality,1.0
mariene-strategie-voor-het-nederlandse-deel-van-de-noordzee-2012-2020-deel-3.pdf,33,"Binnen de kaders van IMO en GVB zet het kabinet in op verduurzaming van scheepvaart en visserij. Bij de terugdringing van vervuiling vanuit bronnen op het land sluit het kabinet aan op het bestaande milieubeleid en de uitvoering van de Kaderrichtlijn Water. 2 Gebieds- en soortenaanpak Het kabinet wil met een gebiedsgerichte aanpak de bescherming van kwetsbare ecologische soorten en gebieden waarborgen, zoals Natura 2000-gebieden en de aanvullende bescherming op het riese ront en de Centrale Oestergronden. Deze maatregelen vloeien voort uit de VHR en KRM verplichting om met de bescherming van bepaalde ecologische / habitat gebieden van het Nederlandse deel van de Noordzee de goede milieutoestand van het mariene ecosysteem dichterbij te brengen en bij te dragen aan een samenhangend en representatief netwerk van beschermde mariene gebieden.",Everyday Racism & Modern Racial Inequality,1.0
mariene-strategie-voor-het-nederlandse-deel-van-de-noordzee-2012-2020-deel-3.pdf,42,"visserijmaatregelen ligt de exclusieve competentie bij de U en heeft de uropese Commissie initiatiefrecht. Het Gemeenschappelijk Visserij Beleid (GVB) moet ertoe bijdragen dat het mariene milieu wordt beschermd, dat alle commercieel geëxploiteerde soorten duurzaam worden beheerd en dat uiterlijk in 2020 een goede milieutoestand wordt bereikt. Het nationale beleid voor de kust- en schelpdiervisserij draagt bij aan de ontwikkeling van een op ecosystemen gebaseerd beheer. Dat moet op termijn leiden tot een stabiele en duurzame basis voor de visserij, die overeenkomt met economische, sociale en werkgelegenheidsdoelen, en die een bijdrage levert aan de voedselvoorziening. Bestaande maatregelen •",Everyday Racism & Modern Racial Inequality,1.0
mariene-strategie-voor-het-nederlandse-deel-van-de-noordzee-2012-2020-deel-3.pdf,56,"Voor significante effecten op soorten en habitats geldt de procedure uit de Natuurbeschermings- wet (alternatieve oplossingen, dwingende redenen van groot openbaar belang, mitigatie en compensatie). Zo zijn bodembeschermingsmaatregelen in de Voordelta een compensatie voor de aanleg van de Tweede Maasvlakte in dit Natura 2000-gebied. Maatregelen descriptor vervuilende stoffen De inzet is gericht op het reduceren van de concentraties vervuilende stoffen in zee en op het voorkomen van verontreinigingseffecten van stoffen zoals TBT, dat wordt gebruikt om aangroei op scheepshuiden tegen te gaan. De belangrijkste bronnen van vervuilende stoffen zijn bronnen op zee, zoals zeevaart en offshore mijnbouw, en bronnen op het land, zoals industrie, transport en landbouw.",Colonial Exploitation & Economic Inequality,1.0
mariene-strategie-voor-het-nederlandse-deel-van-de-noordzee-2012-2020-deel-3.pdf,57,"U-regelgeving, afspraken in OSPAR-kader en afspraken in IMO-kader hebben ertoe geleid dat de concentraties vervuilende stoffen in het mariene milieu vanaf de jaren zeventig van de vorige eeuw enorm zijn teruggebracht. en groot deel van de maatregelen is opgenomen in de maatregelenprogramma’s voor de stroomgebieden op grond van de Kaderrichtlijn Water (KRW). Deze maatregelen dragen Mariene Strategie voor het Nederlandse deel van de Noordzee 2012-2020 (deel 3) | 11 ook bij aan terugdringing van de vervuiling van de Noordzee. De aanwezigheid van geneesmiddelen in het oppervlaktewater, als mogelijk groeiende bedreiging voor het zeemilieu, vraagt de komende jaren aandacht. Bestaande maatregelen Lozingen van offshore installaties op het Nederlandse deel van de Noordzee zijn gereguleerd onder de Mijnbouwwet, onder meer via voorwaarden in de mijnbouw- vergunningen.",Reparations & Justice,1.0
mariene-strategie-voor-het-nederlandse-deel-van-de-noordzee-2012-2020-deel-3.pdf,60,"De U-Richtlijn industriële emissies is geïmplementeerd via de Wet algemene bepalingen omgevingsrecht, Wet milieubeheer (Activiteitenbesluit) en Waterwet. • De implementatie van Seveso III in het Besluit risico ’s zware ongevallen beperkt de gevolgen van zware ongevallen voor mens en milieu. •",Everyday Racism & Modern Racial Inequality,1.0
mariene-strategie-voor-het-nederlandse-deel-van-de-noordzee-2012-2020-deel-3.pdf,61,"De U-Richtlijn voor duurzaam gebruik van pesticiden is in Nederland uitgewerkt in het Actieplan duurzame gewasbescherming. Het nationale beleid dat uit de richtlijn voortvloeit is vastgelegd in de 2e Nota duurzame gewasbescherming. • De belangrijkste afspraken voor de voorbereiding, samenwerking en coördinatie bij rampenbestrijding en incidentenaanpak op zee zijn vastgelegd in het Rampenplan voor de Noordzee (als onderdeel van het Incident Bestrijdings Plan), de Samenwerkings- regeling Bestrijding Kustverontreiniging en het Samenwerkingsplan Besmeurde Vogels. Ook vindt er internationale samenwerking plaats via de Overeenkomst van Bonn over samenwerking bij bestrijding van verontreiniging van de Noordzee.",Everyday Racism & Modern Racial Inequality,1.0
mariene-strategie-voor-het-nederlandse-deel-van-de-noordzee-2012-2020-deel-3.pdf,79,• De OSPAR Regionale Zeeconventie heeft op 28 juni 2014 het Regional Action Plan Marine Litter vastgesteld. Nederland trekt de ontwikkeling van de volgende OSPAR- maatregelen: regionale coördinatie implementeren richtlijn havenontvangst­ voorzieningen (HOV) en verbeteren implementatie ISO-standaarden; verminderen impact van pluis;,Everyday Racism & Modern Racial Inequality,1.0
lp-v-j-0000007648.pdf,6,"de versterking van de positie van slachtoffers, het opsporen en aanpakken van daders en het voorkomen van intergenerationele overdracht van geweld. De bestaande wettelijke, beleidsmatige en uitvoerende maatregelen voor de aanpak van huiselijk geweld in Nederland behoeven, buiten de drie onderwerpen die worden geregeld in de Uitvoeringswet, geen verdere aanvulling. In zoverre is de veronderstelling van de leden van de VVD-fractie dat het Nederlandse beleid en de regelgeving voldoen aan de uropese maatstaven correct. De onderwerpen die aanvullend worden geregeld in het wetsvoorstel, te weten een uitbreiding van de verjaringsregeling, een introductie van een nieuwe strafbaarstelling in verband met de voorbereiding van huwelijksdwang en een aanvulling van de Uitleveringswet, leveren een nuttige bijdrage aan de aanpak van huiselijk geweld. Hierdoor wordt de positie van slachtoffers versterkt en worden de mogelijkheden voor opsporing en vervolging van daders verruimd.",Everyday Racism & Modern Racial Inequality,1.0
lp-v-j-0000007648.pdf,8,"Het strafrecht is, waar het gaat om de aanpak van huwelijksdwang, een belangrijk en noodzakelijk sluitstuk, maar wordt als ultimum remedium toegepast. Bij de aanpak van huwelijksdwang wordt eerst en vooral ingezet op maatregelen om huwelijksdwang te voorkomen, zoals maatregelen op het terrein van voorlichting, bewustwording, mentaliteitsverandering, deskundigheidsbevordering en vroegsignalering. Bij brief van 5 januari 2015 (Kamerstukken II 2014/15, 32 175, nr. 54) heeft de Minister van Sociale Zaken en Werkgelegenheid een Actieplan zelfbeschikking 2015-2017 aan uw Kamer gestuurd. Dit actieplan moet ertoe leiden dat mensen zich bewust zijn dat ze het recht hebben om zelf keuzes te maken over hun eigen leven. De opsporing en vervolging van zaken van geweld in huiselijke kring, waaronder huwelijksdwang, kunnen desalniettemin rekenen op de continue aandacht van politie en OM.",Everyday Racism & Modern Racial Inequality,1.0
lp-v-j-0000007648.pdf,10,"Na inwerkingtreding van dit wetsvoorstel kan het OM in een vroege fase strafrechtelijk optreden, doordat ook voorbereidingshandelingen met betrekking tot huwelijksdwang een strafbare gedraging 3 opleveren. Hiermee wordt de strafrechtelijke bescherming die de overheid tegen huwelijksdwang kan bieden vergroot. Daarnaast heeft strafbaarstelling van voorbereidingshandelingen een zekere preventieve en afschrikwekkende functie. De opsporing en vervolging van voorbereiding van huwelijksdwang is, zoals hierboven is aangegeven, echter complex, omdat huwelijksdwang doorgaans een verborgen vorm van dwang is waarvan niet of nauwelijks aangifte wordt gedaan. De leden van de SP-fractie vragen of met vervolging van voorbereidingshandelingen bij huwelijksdwang al ervaring is opgedaan in andere verdragsstaten.",Reparations & Justice,1.0
lp-v-j-0000007648.pdf,12,"In het kader van de totstandkoming van de wijziging van het Wetboek van Strafrecht, het Wetboek van Strafvordering en het Wetboek van Strafrecht BS met het oog op de verruiming van de mogelijkheden tot strafrechtelijke aanpak van huwelijksdwang, polygamie en vrouwelijke genitale verminking, is uitgebreid toegelicht waarom de algemene strafbaarstelling van dwang in het Wetboek van Strafrecht volstaat bij de strafrechtelijke aanpak van huwelijksdwang. Graag verwijs ik naar de memorie van toelichting bij dit wetsvoorstel (Kamerstukken II 32 840, 2010/11, nr. 3, p. 5 e.v.). Ingevolge artikel 284, tweede lid, Sr vindt uitsluitend in het geval dwang wordt uitgeoefend door bedreiging met smaad of een smaadschrift vervolging plaats op klacht. Bij huwelijksdwang zal doorgaans sprake zijn van de omstandigheden in artikel 284, eerste lid, onder 1, Sr te weten: dwang die wordt uitgeoefend door geweld of enige andere feitelijkheid of bedreiging hiermee.",Reparations & Justice,1.0
lp-v-j-0000007648.pdf,15,"De huidige strafmaxima acht ik passend. Hiermee wordt naar mijn mening de ernst van delict huwelijksdwang goed tot uitdrukking wordt gebracht. Voor zover de totstandkoming van een dwanghuwelijk heeft geleid tot het ontstaan van een gemeenschap van goederen waarmee financieel voordeel behaald is, kan, na de inwerkingtreding van het wetsvoorstel tegengaan huwelijksdwang (Kamerstukken I 2013/14, 33 488, nr. A) civielrechtelijk worden opgetreden. Voornoemd wetsvoorstel introduceert de bevoegdheid voor het OM om een huwelijk dat onder dwang gesloten is nietig te laten verklaren door de rechter. Het gevolg van de nietigverklaring wegens dwang is dat het huwelijk geacht wordt nooit te hebben bestaan of anders gezegd:",Everyday Racism & Modern Racial Inequality,1.0
lp-v-j-0000007648.pdf,19,"Bij de beoordeling van de vraag of een levenslange gevangenisstraf dreigt, wordt betrokken of er in het om uitlevering verzoekende land sprake is van een regime inzake vervroegde invrijheidstelling dat voldoet aan de eisen die het HRM stelt en op grond waarvan voorwaardelijke invrijheidstelling kan plaatsvinden op basis van objectieve, vooraf bepaalde criteria. De leden van de SP-fractie vragen hoe bij uitlevering rekening gehouden wordt met de medische zorg die wordt geleverd in buitenlandse penitentiaire inrichtingen en of de medisch noodzakelijke zorg die een veroordeelde eventueel nodig heeft wel voldoende gewaarborgd is. Uitlevering wordt in geen geval toegestaan wanneer de detentieomstandigheden in strijd met artikel 3 VRM zouden zijn na uitlevering. Hierbij worden medische voorzieningen vanzelfsprekend meegewogen. Wanneer voor de opgeëiste persoon specifieke medische zorg noodzakelijk is, wordt informatie ingewonnen welke voorzieningen in het desbetreffende land voorhanden zijn om de vereiste medische zorg te leveren.",Reparations & Justice,1.0
lp-v-j-0000007648.pdf,20,"Indien noodzakelijk zal een toezegging worden gevraagd dat de opgeëiste persoon de benodigde zorg krijgt. In samenwerking met het ministerie van Buitenlandse Zaken wordt 1 Application no. 140/10; http://hudoc.echr.coe.int/. 5 beoordeeld of de uitlevering van de desbetreffende opgeëiste persoon op een verantwoorde manier kan plaatsvinden. De Minister van Veiligheid en Justitie,",Dehumanization & Scientific Racism,1.0
bijlage-1-nota-naar-aanleiding-van-het-verslag-omgevingswet.pdf,34,"Herbestemmen leegstaande gebouwen ........................................222 10.12 Duurzame energie .....................................................................223 8 11 Omzetting U-richtlijnen en verdragen ..............................................226 11.1 Subsidiariteitsbeginsel................................................................226 11.2 Lastenluwe implementatie ..........................................................226 11.3 Relatie met internationale regelgeving en uitvoeringsregelgeving ....227 12 Implementatie, digitalisering, uitvoering, toezicht en handhaving ..........228 12.1 Inleiding ...................................................................................228 12.2 Invoering .................................................................................228 12.3",Everyday Racism & Modern Racial Inequality,1.0
bijlage-1-nota-naar-aanleiding-van-het-verslag-omgevingswet.pdf,58,"De reactie van de regering op de thema’s sturing op kwaliteit van de fysieke leefomgeving, de balans tussen flexibiliteit en rechtszekerheid en de verhouding tussen wet en AMvB’s wordt hieronder samengevat en verder toegelicht in de hoofdstukken 2, 3, 4 en 5. Daarna worden in hoofdstuk 6 en 7 per doelgroep (burgers, bedrijven en bestuursorganen) een aantal thema’s toegelicht en worden in hoofdstuk 8 de vragen over de instrumenten beantwoord. Vanaf hoofdstuk 9 worden vragen over overige thema’s beantwoord, waarbij de hoofdstukindeling van het verslag zoveel mogelijk is gevolgd. 12 In paragraaf 2.4 van deze nota zijn de hoofdlijnen van het stelsel en de verschillende sturingsmogelijkheden kort toegelicht.",Reparations & Justice,1.0
bijlage-1-nota-naar-aanleiding-van-het-verslag-omgevingswet.pdf,59,"De regering wil hiermee, voordat de vragen over specifieke onderdelen beantwoord worden, op hoofdlijnen inzicht bieden in de werking van de verschillende instrumenten en bepalingen elk een bijdrage leveren aan de doelstellingen van het wetsvoorstel. Met deze opzet is niet de volgorde van het verslag aangehouden. Om te voorkomen dat onduidelijk is waar een vraag is beantwoord, is in bijlage 4 een tabel opgenomen waarin voor alle vragen is aangegeven in welke paragraaf van het verslag het antwoord is te vinden en zijn in het verslag tussen haakjes de nummers van de vragen vermeld. r is gevraagd naar een overzicht van de bestaande wetten die opgaan in de Omgevingswet. In bijlage 1 wordt per wet wordt inzichtelijk gemaakt welke onderdelen zullen opgaan in het voorliggende voorstel voor de Omgevingswet.",Reparations & Justice,1.0
bijlage-1-nota-naar-aanleiding-van-het-verslag-omgevingswet.pdf,65,"Het biedt de instrumenten, taakopdrachten, bevoegdheden en verplichtingen om te zorgen dat de doelen van de wet voor de kwaliteit van de fysieke leefomgeving worden gerealiseerd. Het bevat bijvoorbeeld verplichtingen tot het stellen van omgevingswaarden of algemene regels over concrete onderdelen van de fysieke leefomgeving of activiteiten. Daarbij gaat het wetsvoorstel uit van een samenhangende aanpak die ervoor zorgt dat alle relevante belangen (ruimte, water, infrastructuur, milieu, natuur en wonen) van begin af aan worden meegenomen in het beleids- en 13 besluitvormingsproces. Dit biedt kansen voor kwaliteit, slimme combinaties en duurzame oplossingen. Het biedt ook meer waarborgen voor veiligheid, gezondheid en omgevingskwaliteit.",Everyday Racism & Modern Racial Inequality,1.0
tk-nota-naar-aanleiding-van-het-verslag-invoeringswet-vereenvoudiging-en-digitalisering-procesrecht.pdf,1,"Graag dank ik de leden van de vaste commissie voor Veiligheid en Justitie voor hun vragen over dit wetsvoorstel. Dit is het vierde en tevens laatste wetsvoorstel ter uitvoering van het programma Kwaliteit en Innovatie (hierna: KI), waarbij digitaal procederen in het burgerlijk recht en het bestuursrecht wordt ingevoerd en het civiele procesrecht wordt vereenvoudigd en versneld. Dit wetsvoorstel strekt, evenals de Invoeringswet vereenvoudiging en digitalisering procesrecht ten aanzien van andere (nationale) wetgeving (Kamerstukken II 2014/15, 34 212), tot aanpassing van enkele rijkswetten aan de wetsvoorstellen tot wijziging van het Wetboek van Burgerlijke Rechtsvordering en de Algemene wet bestuursrecht in verband met vereenvoudiging en digitalisering van het procesrecht (Kamerstukken I 2014/15, 34 059) en tot wijziging van het Wetboek van Burgerlijke Rechtsvordering in verband met vereenvoudiging en digitalisering van het procesrecht in hoger beroep en cassatie (Kamerstukken I 2014/15, 34 138) (hierna: de twee wetsvoorstellen KI). Ik ben verheugd dat het programma KI en de twee wetsvoorstellen KI op brede steun van Uw Kamer kunnen rekenen. Ook ben ik blij dat de Staten van Sint Maarten zich geheel in het wetsvoorstel kunnen vinden en akkoord gaan met dit wetsvoorstel.",Everyday Racism & Modern Racial Inequality,1.0
tk-nota-naar-aanleiding-van-het-verslag-invoeringswet-vereenvoudiging-en-digitalisering-procesrecht.pdf,3,"1. Inleiding De leden van de CDA-fractie zijn benieuwd hoe binnen de implementatie van het KI- programma momenteel rekening wordt gehouden met de uitvoering van de motie-Oskam (Kamerstuk 34059, nr. 12). Op grond van deze motie gaat de gefaseerde inwerkingtreding van de twee wetsvoorstellen KI en de Invoeringswet ten aanzien van de nationale wetgeving in beginsel van start een half jaar na plaatsing van deze drie wetsvoorstellen in het Staatsblad. Wanneer de inwerkingtreding precies plaatsvindt, is afhankelijk van de parlementaire behandeling, maar mijn streven is dat medio 2016 de eerste fase van inwerkingtreding van start kan gaan.",Reparations & Justice,1.0
tk-nota-naar-aanleiding-van-het-verslag-invoeringswet-vereenvoudiging-en-digitalisering-procesrecht.pdf,5,"Het gaat om belemmeringen in de formulering van de wet die handelingen op papier voorschrijft. In het onderhavige wetsvoorstel gaat het bijvoorbeeld om artikel 25 van de Rijkswet Noodvoorzieningen Scheepvaart. Het eerste lid bepaalt dat een verzoekschrift in drievoud moet worden ingediend en in het derde lid staat dat de griffier de verzoeker en andere belanghebbenden bij aangetekende brief in kennis stelt van de dag waarop de zaak ter rolle wordt uitgeroepen. In een digitale omgeving is het in drievoud indienen van een procesinleiding niet nodig, omdat processtukken in het digitale dossier van de partijen ter beschikking worden gesteld. De kennisgeving van de griffier bij aangetekende brief kan voorts worden vervangen door een schriftelijke kennisgeving via het digitale systeem, waarbij met behulp van notificaties langs elektronische weg een vergelijkbare waarborg wordt geboden dat berichten van het gerecht de belanghebbende partijen bereiken.",Reparations & Justice,1.0
tk-nota-naar-aanleiding-van-het-verslag-invoeringswet-vereenvoudiging-en-digitalisering-procesrecht.pdf,7,"3. Voorbereiding van het wetsvoorstel De leden van de SP-fractie zijn benieuwd of er van de overzeese gebiedsdelen wordt verwacht (en kan worden verwacht) dat zij in eenzelfde tempo als in Nederland de digitalisering van de rechtspraak doorvoeren en vragen naar de uitvoering van KI in specifiek de overzeese gebiedsdelen. Het Programma KI heeft alleen betrekking op de digitalisering van civiel- en bestuursrechtelijke procedures bij de gerechten in het uropese deel van het Koninkrijk. De rechterlijke instanties die een digitaal systeem voor gegevensverwerking ter beschikking stellen, worden opgesomd in artikel 1 van het Besluit digitalisering burgerlijk procesrecht en bestuursprocesrecht.",Reparations & Justice,1.0
tk-nota-naar-aanleiding-van-het-verslag-invoeringswet-vereenvoudiging-en-digitalisering-procesrecht.pdf,10,"Zoals ik hiervoor bij de beantwoording van de vragen in paragraaf 3 heb aangegeven, wordt digitaal procederen via dit programma niet ingevoerd bij de gerechten in het Caribische deel van het Koninkrijk. Aan dit wetsvoorstel zijn daarom geen kosten verbonden voor de overzeese gebieden. De aan het woord zijnde leden vragen voorts om een reactie op het bericht op de website van de rechtspraak dat de digitalisering in Nederland vertraging heeft opgelopen. Zij vragen of al bekend is hoe groot de vertraging is en wat hiervan de consequenties zijn. Teneinde de praktijk voldoende gelegenheid te geven zich voor te bereiden op digitaal procederen, heb ik toegezegd dat er tussen de publicatie van de wetgeving KI in het Staatsblad en de inwerkingtreding ervan in beginsel een half jaar zal zitten.",Reparations & Justice,1.0
tk-nota-naar-aanleiding-van-het-verslag-invoeringswet-vereenvoudiging-en-digitalisering-procesrecht.pdf,17,"Vragen van de Staten van Aruba De in de Staten van Aruba aanwezige fracties merken op dat schriftelijke opmerkingen in het kader van een prejudiciële procedure door een advocaat bij de Hoge Raad dienen te worden getekend en dat schriftelijke opmerkingen die niet door een advocaat bij de Hoge Raad zijn ondertekend ter zijde worden gelegd. De aan het woord zijnde fracties wijzen op de sinds 1 juli 2012 bestaande mogelijkheid dat iedere in Nederland op het tableau ingeschreven advocaat met stage-verklaring, alsmede de U-advocaat bedoeld in artikel 16h Advocatenwet, zich kan kwalificeren als advocaat bij de Hoge Raad. Zij vragen of in de Rijkswet cassatierechtspraak voor Aruba, Curaçao, Sint Maarten en voor Bonaire, Sint ustatius en Saba (hierna: de Rijkswet cassatierechtspraak) de mogelijkheid dient te worden geschapen, dat ook advocaten met stage-verklaring, ingeschreven bij het Gemeenschappelijk Hof van Justitie, zich desgewenst kunnen kwalificeren als advocaat bij de Hoge Raad. Zij vragen ook of de bevoegdheid tot het zelfstandig indienen van schriftelijke opmerkingen in het kader van een prejudiciële procedure wellicht valt onder het bereik van het pleitrecht als vervat in artikel 8 van de Rijkswet cassatierechtspraak.",Reparations & Justice,1.0
tk-nota-naar-aanleiding-van-het-verslag-invoeringswet-vereenvoudiging-en-digitalisering-procesrecht.pdf,18,"Overwogen wordt inderdaad om in de Rijkswet cassatierechtspraak de mogelijkheid te creëren dat advocaten met stage-verklaring, ingeschreven bij het Gemeenschappelijk Hof van Justitie, zich desgewenst kunnen kwalificeren als advocaat bij de Hoge Raad. De invulling hiervan vergt nog nadere uitwerking en afstemming met diverse partijen. Daarom wordt dit in een afzonderlijk traject behandeld, waarbij artikel 8 van de Rijkswet cassatierechtspraak mogelijk zal worden gewijzigd. Besloten is eerst te regelen dat het Gemeenschappelijk Hof van Justitie en de Gerechten in eerste aanleg de bevoegdheid krijgen tot het stellen van prejudiciële vragen in civielrechtelijke procedures en ook andere, technische verbeteringen die reeds voldoende zijn uitgewerkt, mee te nemen in het onderhavige wetsvoorstel ter uitvoering van het programma KI. De in de Staten van Aruba aanwezige fracties wijzen voorts op een arrest van de Hoge Raad d.d. 7 oktober 2014 (CLI:NL:HR:2014:2910), waarin met betrekking tot de ontvankelijkheid van een strafzaak uit Aruba is beslist, dat beroep in cassatie openstaat indien een straf of maatregel is opgelegd van een geldboete van (gezamenlijk) Afl 400,- of hoger, zijnde de 5 tegenwaarde van € 250,-.","Remembrance, Heritage & Education",1.0
meerjarenplan-ilt-2015-2019.pdf,2,"Intern zet de inspectie de volgende stap in het uniformeren van haar processen. Deze zijn nu beschreven, waarmee het mogelijk wordt door middel van de zogeheten wasstraten de bestaande procesinrichting te toetsen aan de wenselijke, zodat de domeinen weten op welke aspecten zij hun procesinrichting moeten aanpassen. Daarmee wordt uiteindelijk de efficiency vergroot. Zoals vele andere organisaties in Nederland kent de inspectie een ‘scheve’ personeelsopbouw, waarbij er meer oudere dan jongere medewerkers zijn. Daar is een voordeel aan verbonden, omdat wij op veel ervaring kunnen steunen.",Everyday Racism & Modern Racial Inequality,1.0
meerjarenplan-ilt-2015-2019.pdf,3,"Maar het ziekteverzuim is relatief hoog door langdurig zieken. Dat veroorzaakt persoonlijk leed en het legt meer druk op de collega’s. Door een tijdelijke vacaturestop in verband met het realiseren van onze taakinstellingen voelen onze mensen die druk nog extra. Wij zijn er dan ook trots op dat, ondanks deze context, onze medewerkers hun hart voor de publieke zaak niet verliezen en zich onverminderd inzetten om de naleving te verbeteren. Namens het Directieteam, De Inspecteur-Generaal Leefomgeving en Transport, Jenny Thunnissen voorwoord 1.",Everyday Racism & Modern Racial Inequality,1.0
meerjarenplan-ilt-2015-2019.pdf,4,"waar staan we voor 4 | Inspectie Leefomgeving en Transport de inspectie: autoriteit voor leefomgeving en transport de taak en de missie van de inspectie De taak van de Inspectie Leefomgeving en Transport is ervoor te zorgen dat bedrijven, organisaties en overheidsinstanties (de ondertoezichtstaanden) de wet- en regelgeving op het terrein van de (duurzame) leefomgeving en de fysieke veiligheid naleven. Het werkveld van de inspectie omvat: • afval, industrie & bedrijven;",Everyday Racism & Modern Racial Inequality,1.0
meerjarenplan-ilt-2015-2019.pdf,7,"Zij moet haar gezag met onbesproken optreden verdienen. Pas dan erkennen bedrijven, instellingen, andere overheden, burgers en passagiers de inspectie als gezaghebbende autoriteit, in het besef dat zij staat voor haar aandeel in de gewenste duurzaamheid, veiligheid en kwaliteit en dat de ondertoezichtstaanden staan voor hun bijdrage. De Inspectie Leefomgeving en Transport bewaakt en stimuleert de naleving van wet- en regelgeving op de haar toegewezen domeinen. - de missie - Meerjarenplan 2015-2019 | 5 de opdracht Bij de totstandkoming van wet- en regelgeving streeft de wetgever naar een door haar gewenst niveau van veiligheid en kwaliteit.",Everyday Racism & Modern Racial Inequality,1.0
meerjarenplan-ilt-2015-2019.pdf,9,"Het rechtmatigheidvereiste houdt in dat de inspectie handelt in overeenstemming met het geschreven en ongeschreven recht. Zij moet wet- en regelgeving, jurisprudentie en beleidsregels eenduidig en juist toepassen, conform de bedoeling en de strekking ervan. Doet zich nieuwe wet- en regelgeving voor, dan voert de inspectie vooraf uitvoerings- en handhaafbaar- heidtoetsen uit. De belangrijkste toetsingscriteria die zij daarbij hanteert zijn begrijpelijkheid van de wet- en regelgeving, de uitvoerbaarheid, fraudebestendigheid, controleerbaarheid, de beschikbaarheid van bevoegdheden om te interveniëren, de administratieve lasten voor de bedrijven en organisaties, de kosten van de uitvoering en de snelheid waarmee de nieuwe wet- en regelgeving kan worden geïmplementeerd. Respect voor burgers, bedrijven, organisaties en overheidsinstanties is voor iedere overheidsorganisatie het leidende beginsel in haar optreden.",Reparations & Justice,1.0
meerjarenplan-ilt-2015-2019.pdf,10,"Het rechtsgevoel in de samenleving vereist een adequate rechtsbescherming. De wetgever draagt zorg voor adequate bezwaar- en beroepsmogelijkheden. De inspectie waarborgt de rechten en plichten van ondertoezichtstaanden door transparante voorlichting en informatie te geven. Ook houdt zij zich aan termijnen (voor het afgeven van vergunningen, de afhandeling van klachten en bezwaarschriften) en motiveert zij haar beslissingen. De inspectie heeft daarbij de plicht om onafhankelijk en deskundig te oordelen, belangenverstrengeling te vermijden, voorbeeldgedrag te tonen en zich publiekelijk te verantwoorden.",Everyday Racism & Modern Racial Inequality,1.0
meerjarenplan-ilt-2015-2019.pdf,11,"In een democratische rechtsstaat is de burgerlijke vrijheid een groot goed en is terughoudendheid van de overheid gepast. Maar dat uitgangspunt mag er niet toe leiden dat de overheid de normstelling verwaar- loost. Voorop staat dat de ondertoezichtstaanden de verantwoordelijkheid nemen de democratisch tot stand gekomen wet- en regelgeving uit eigen beweging na te komen. Maar constateert de inspectie tekortkomingen of overtredingen, dan zal zij de grenzen van de toelaatbaarheid zonder aanzien des persoon markeren. De Inspectie Leefomgeving en Transport bevordert de bereidheid van ondertoezichtstaanden om hun verplichtingen na te leven.",Everyday Racism & Modern Racial Inequality,1.0
meerjarenplan-ilt-2015-2019.pdf,13,"De wetgever rekent op de eigen verantwoordelijkheid van de ondertoezichtstaanden. De inspectie heeft de opdracht de naleving van die verplichtingen te onderhouden en te stimuleren. Zij doet dat door vergunningen te verlenen, door middel van handhaving (dienstverlening, toezicht en opsporing) en door onderzoek te doen. De Inspectie Leefomgeving en Transport onderhoudt en stimuleert de bereidheid van ondertoezichtstaanden om hun verplichtingen na te leven. Zij doet dat door middel van vergunningverlening, handhaving (dienstverlening, toezicht en opsporing) en onderzoek.",Everyday Racism & Modern Racial Inequality,1.0
meerjarenplan-ilt-2015-2019.pdf,17,"handhaving De inspectie handhaaft op drie manieren de naleving van wet- en regelgeving ; dienstverlening Dienstverlening aan de ondertoezichtstaanden houdt in dat de inspectie voorlichting en informatie geeft over wet- en regelgeving. Ook maakt zij het de ondertoezichtstaanden gemakkelijker om hun verplich- tingen na te komen door onder andere aanvraag- en informatieverplichtingen te digitaliseren, formu- lieren te vereenvoudigen en te zorgen voor een goede klachtenregeling. Daarnaast behoort de afhande- ling van meldingen over bijvoorbeeld vuurwerk, transporten van gevaarlijke stoffen, bodem, drinkwater en legionella tot de diensten die de inspectie verleent. Meerjarenplan 2015-2019 | 7",Everyday Racism & Modern Racial Inequality,1.0
meerjarenplan-ilt-2015-2019.pdf,18,"Ook stelt de inspectie voor specifieke doelgroepen de (verzamelde) resultaten van inspecties beschikbaar, bijvoorbeeld tijdens voorlichtingsbijeenkomsten. Doel daarvan is het bewustzijn van de stand van de naleving binnen zo’n doelgroep te vergroten. toezicht De inspectie houdt toezicht vanuit het beginsel ‘vertrouwen tenzij’. Basis daarvoor vormt een nalevings- en risicoselectiesysteem dat de inspectie de komende jaren verder ontwikkelt.",Everyday Racism & Modern Racial Inequality,1.0
meerjarenplan-ilt-2015-2019.pdf,24,"Samenwerking is daarom noodzakelijk, zowel om ondertoezichtstaanden die hun verplichtingen nakomen niet onnodig lastig te vallen als om ondertoezichtstaanden die het niet zo nauw nemen met hun verplichtingen tot naleving te stimuleren. De inspectie werkt, vaak in meerdere domeinen, samen met de Inspectie-SZW, de Nederlandse Voedsel- en Warenautoriteit (NVWA), de Inspectie Veiligheid en Justitie (I-VenJ), de Douane, de Belastingdienst, de Koninklijke Marechaussee (KMar) en het Korps Militaire Controleurs Gevaarlijke Stoffen (KMCGS), 8 | Inspectie Leefomgeving en Transport de politie, het Staatstoezicht op de Mijnen (SodM), de (lucht) havenmeesters, Rijkswaterstaat (RWS), de regionale uitvoeringsdiensten (RUD’s), de waterschappen, de Rijksdienst voor Wegverkeer (RDW) en de Autoriteit Consument & Markt (ACM). Naast inhoudelijke samenwerking, geven de (rijks)inspecties ook steeds meer vorm aan vernieuwing door uniformering van hun werkprocessen. We willen de ondertoezichtstaanden immers benaderen ‘als ware we één rijksinspectie’.",Everyday Racism & Modern Racial Inequality,1.0
meerjarenplan-ilt-2015-2019.pdf,28,"Ook op het vlak van opleidingen, kennisdeling en informatieuitwisseling wordt gezamen- lijkheid nagestreefd. Inspectieraad In het meerjarenprogramma van de Inspectieraad verplichten de rijksinspecties zich om voor 2016 de bestaande wet- en regelgeving op hun terrein door te lichten op uitvoerbaarheid en handhaafbaarheid. De inspectie heeft dit voor de transportregelgeving gerealiseerd in 2010 en voor de overige regelgeving in 2012. Jaarlijks brengt de inspectie een zogeheten signaaltoets uit om de uitvoerbaarheid- en handhaaf- baarheidsontwikkelingen over het afgelopen jaar in beeld te brengen.",Everyday Racism & Modern Racial Inequality,1.0
meerjarenplan-ilt-2015-2019.pdf,31,In het meerjarenplan geeft de inspectie per domein aan met wie zij samenwerkt. In de Inspectieraad beheert de IG van de ILT de portefeuille ict/bedrijfsvoering. Op ict-terrein zijn verschillende functionaliteiten ontwikkeld van het informatieuitwisselingssysteem Inspectieview. De functionaliteiten Bedrijven en Milieu (ook ten behoeve van de RUD’s) zijn operationeel. Naar verwachting is Inspectieview Binnenvaart in het eerste kwartaal 2015 operationeel.,Everyday Racism & Modern Racial Inequality,1.0
meerjarenplan-ilt-2015-2019.pdf,35,"Hetzelfde geldt voor de aanpak van grote, vaak multinationale industriële bedrijven met aanzienlijke milieu- en veiligheidsrisico’s. r is een duidelijke toename van uropese initiatieven die het milieutoezicht moeten versterken en professionaliseren. r zijn verschillende van die initiatieven, zoals vrijwillige samenwerking in internatio- nale netwerken, regelgeving die dwingende eisen aan het toezicht stelt en de instelling van uropese toezichthouders. De tendens om steeds meer gedetailleerde, onderwerpspecifieke toezichtverplichtingen vast te stellen en een gebrek aan één samenhangende visie op de rol van de nationale toezichthouders belemmeren een consistente aanpak en beperken de ruimte voor eigen oplossingen in de lidstaten. Dat kan consequenties hebben voor de beoogde intensivering en kwaliteitsverbetering van het milieutoe- zicht, waardoor regelgeving haar doel mogelijk minder goed bereikt en het speelveld voor internationaal opererende bedrijven mogelijk minder gelijk wordt.",Everyday Racism & Modern Racial Inequality,1.0
meerjarenplan-ilt-2015-2019.pdf,41,"Niet op alle domeinen is de Algemene Wet Bestuursrecht integraal van toepassing en de mogelijkheid om bestuurlijke boetes op te leggen is niet voor alle rijksinspecties beschikbaar. In de opdracht is begrepen dat ook wordt gekeken naar een uniformering van de mate van onafhanke- lijkheid die de inspecties bezitten om zelfstandig en zonder inmenging van derden de gewenste toezichtsvorm te kiezen en te interveniëren. De secretaris-generaal voert de opdracht samen met de Inspectieraad uit. Het doel van de opdracht is om inspecties doeltreffender uit te rusten, zodat zij meer robuust kunnen handhaven. De secretaris-generaal van Infrastructuur en Milieu neemt deel aan een internationaal beraad van SG’s, waarin wordt beoogd de uropese regelgeving om te vormen van een volumegericht naar een meer risicogestuurd karakter.",Everyday Racism & Modern Racial Inequality,1.0
meerjarenplan-ilt-2015-2019.pdf,48,"Op die manier geeft de inspectie invulling aan de ontwikkeling van digitale dienstverlening. De komende jaren moet de website ingrijpend worden aangepast aan het zoekgedrag van de bezoekers. Via haar Meld- en Informatiecentrum (MIC) behandelt de inspectie vragen en meldingen van zowel burgers en bedrijven als collega-handhavers. Het MIC beantwoordt telefonische en via e-mail en brief gestelde vragen van burgers en bedrijven. Het MIC ontvangt en registreert de meldingen die bij de inspectie binnenkomen, beoordeelt de urgentie en bepaalt de routering van afhandeling.",Everyday Racism & Modern Racial Inequality,1.0
rapport-maatwerk-voor-risicojongeren.pdf,8,Wat werkt? Voor Marokkaans-Nederlandse risicojeugd Voor Antilliaans-Nederlandse risicogroepen VV Opvoedingsondersteuning MPG Ouderbetrokkenheid Bij schooluitval Bij jeugwerkloosheid 4 Uitvoering en monitoring Meetladder diversiteit Leeswijzer 3,Everyday Racism & Modern Racial Inequality,1.0
rapport-maatwerk-voor-risicojongeren.pdf,16,"2009-2012 In de periode 2009-2012 hebben 35 gemeenten diverse aanpakken ontwikkeld en uitgevoerd. Ze waren allemaal gericht op het terugdringen van werkloosheid, schooluitval,overlast en criminaliteit bij Marokkaanse en Antilliaanse Nederlanders. Het betrof 22 gemeenten met Marokkaanse en 22 met Antilliaanse probleemgroepen. Deels overlappen ze.",Everyday Racism & Modern Racial Inequality,1.0
rapport-maatwerk-voor-risicojongeren.pdf,26,Samenwerking en samenspraak met (vertegenwoor­ digers van) gemeenschappen was belangrijk in de aanpak voor beide groeperingen. Zie een voorbeeld van een advies uit de Antilliaanse gemeenschap aan beleidsmakers. Het advies benadrukt dat ook bij de overgang naar regulier beleid blijvende aan­ dacht voor maatwerk en culturele sensitiviteit nodig is. Introductie Leeswijzer Introductie,Everyday Racism & Modern Racial Inequality,1.0
rapport-maatwerk-voor-risicojongeren.pdf,29,"De reden hiervoor was de overver­ tegenwoordiging van deze groepen bij schooluit­ val, (jeugd)werkloosheid, criminaliteit en overlast. Gemeenten hadden ook te maken met incidenten – vooral met Marokkaans-Nederlandse jeugdigen. Bij Antilliaanse Nederlanders loopt de oververtegen­ woordiging in de probleemterreinen door tot in de volwassenheid. Het specifieke beleid heeft nieuwe kennis opgeleverd over de aanpak van risicojeugd en het daartoe vereiste maatwerk.",Everyday Racism & Modern Racial Inequality,1.0
rapport-maatwerk-voor-risicojongeren.pdf,30,"Inzichten uit deze handreiking kunnen dan ook breder wor­ den toegepast bij de aanpak van problemen met risicojeugd. Risicojongeren zijn – volgens een defi­ nitie van het Nicis uit 2009: ‘ Kinderen of jonge­ ren die meerdere, vaak samenhangende en elkaar versterkende problemen ervaren, waardoor ze het risico lopen op maatschappelijke uitval en/ of verval in criminaliteit. Risicofactoren kunnen voortkomen uit kenmerken van het kind zelf (bij­ voorbeeld een verstandelijke, psychische of licha­ melijke problematiek), uit omgevingskenmerken zoals een problematische thuissituatie, lage soci­ aaleconomische status of slechte woonomgeving, en/of uit culturele achtergrond voortkomende knelpunten, zoals het hebben van verschillende waarden en normen of het om moeten gaan met negatieve beeldvorming’. Deze definitie sluit goed aan bij het beleid van de afgelopen jaren.",Everyday Racism & Modern Racial Inequality,1.0
rapport-maatwerk-voor-risicojongeren.pdf,36,"Daarom spreken we in deze handreiking steeds bewust van Antilliaanse risicogroepen. venals bij Marokkaanse Nederlanders is er een oververtegen­ woordiging op (jeugd)werkloosheid, schooluitval en bij criminaliteit. Bij aanvang van de beleidspe­ riode waren Antilliaanse Nederlanders bijvoorbeeld ruim zes keer zo vaak verdachte van een misdrijf als autochtone Nederlanders en drie keer zo vaak werkloos. Overigens nam de oververtegenwoordi­ ging op verschillende terreinen al deels af in de aanloop naar 2009. r bestond toen al specifiek beleid dat problemen bij Antilliaanse Nederlanders moest verminderen.",Everyday Racism & Modern Racial Inequality,1.0
rapport-maatwerk-voor-risicojongeren.pdf,45,De impasse kan alleen worden doorbroken als overheid en instel­ lingen hun verantwoordelijkheid voor het bedienen van alle groepen opnemen. De auteurs doen aanbeve­ lingen om systeemverantwoordelijkheid te bevorderen via wet- en regelgeving. Daardoor zullen gemeenten en instellingen sterker sturen op maatwerk in de zorg voor jeugd . Probleemanalyse > Wat is het probleem? Leeswijzer Introductie 9,Everyday Racism & Modern Racial Inequality,1.0
rapport-maatwerk-voor-risicojongeren.pdf,56,"Voorbeelden op elk van die niveaus zijn dan ach­ tereenvolgens de neiging tot agressief gedrag, een autoritaire en weinig steunende opvoedstijl, deel­ nemen aan een criminele jeugdgroep en het wonen in een achterstandbuurt. Interventies zijn onder andere: • cognitieve gedragstherapie, waarmee jongeren leren om te gaan met cognitieve denkfouten (‘deze maatschappij moet mij niet’) • oudertraining • multisysteemtherapie, met aandacht voor (interacties in) gezin, school, leeftijdgenoten en buurt MORL ONTWIKKLING",Everyday Racism & Modern Racial Inequality,1.0
rapport-maatwerk-voor-risicojongeren.pdf,65,"een jongere spijbelt en wordt door een leerplichtamb­ tenaar teruggestuurd naar school. Het verzuim wordt gezien als het probleem en dit is opgelost als de leerling weer naar school gaat. Het verzuim kan echter ook een symptoom zijn van een achter­ liggend probleem. Wanneer er niet wordt gekeken naar de oorzaken van het verzuim, blijft de kern van het probleem onopgelost. Dat maakt de kans dat de jongere weer uitvalt groter.",Everyday Racism & Modern Racial Inequality,1.0
rapport-maatwerk-voor-risicojongeren.pdf,75,"Om een goede aanpak of goed beleid te kunnen formuleren, is een helder beeld van de omvang van de problematiek noodzakelijk, maar ook inzicht in de oorzaken en achtergronden ervan. Daarna kan naar echt werkende oplossingen worden gezocht. Naast probleemanalyses op individueel niveau is het voor bestuurders en beleidsmakers dan ook van belang om een analyse te maken van het probleem op het institutionele niveau: op het niveau van de wijk, de stad of samenleving als geheel. Wetenschappelijk onderzoek kan meer informa­ tie verschaffen over oorzaken, risicofactoren en oplossingsrichtingen.",Everyday Racism & Modern Racial Inequality,1.0
rapport-maatwerk-voor-risicojongeren.pdf,76,"Gemeenten kunnen dit meer benutten dan tot op heden gebeurt. De ‘politieke haast’, snel wisselende visies en belangen van poli­ tici en beleidsmakers zijn hier mede debet aan. Zonder de vereiste kennisbagage, zoals een goede probleemanalyse, is goedbedoeld beleid helaas nogal eens gedoemd te mislukken. Het is voor gemeenten nuttig om in kaart te brengen welke instellingen zich bezighouden met de risicojongeren en/of hun problema­ M R W T N ? Het Nederlands Jeugdinstituut heeft voor het Raak-Pro programma Talentontwikkeling bij risicojon­ geren bouwstenen verzameld om de talentontwik­ keling van risicogroepen te vergroten, bijvoorbeeld via het jongerenwerk.",Everyday Racism & Modern Racial Inequality,1.0
rapport-maatwerk-voor-risicojongeren.pdf,80,"beschrijft de belang­ rijkste elementen en voorzieningen binnen een gemeente, buurt of wijk, zowel voor de hele bevolking, als voor de risicojongeren of -groe­ pen. De gemeente kan zo vaststellen waar moge­ lijk overlap zit of waar zich juist hiaten bevinden. Wat ook wel gebeurt bij een contextanalyse is een nadere analyse van jongeren op etniciteit, sociaal­ economische status, schooluitval en arbeidsparti­ cipatie, en een onderzoek naar verschillen in bij­ voorbeeld schooluitval of arbeidsdeelname tussen subgroepen. Ideeën voor bronnen zijn te vinden in deze tekst. Het programma ‘Communities that Care’ (CtC) biedt een goed voorbeeld van een uitgebreide con­ textanalyse.",Everyday Racism & Modern Racial Inequality,1.0
rapport-maatwerk-voor-risicojongeren.pdf,81,"CtC is een wijkgerichte methode om probleemgedrag van jongeren vroeg te signale­ ren en aan te pakken. Hierbij worden de onderlig­ gende oorzaken van probleemgedrag systematisch in ogenschouw genomen. Het gaat bijvoorbeeld om geweld, delinquentie, problematisch midde­ lengebruik, schooluitval, tienerzwangerschap­ pen en depressie. Uit een landelijke evaluatie blijkt dat CtC vooral geschikt is als strategisch stu­ ringsinstrument. Het programma draagt ertoe bij dat instellingen op het terrein van preventie goed samenwerken.",Everyday Racism & Modern Racial Inequality,1.0
rapport-maatwerk-voor-risicojongeren.pdf,82,"CtC helpt gemeenten nauwkeurig te analyseren met welke problemen een wijk kampt. Als er sprake is van criminaliteit en overlast is een gedegen criminaliteitsanalyse nodig om een goed beeld te krijgen van de kwantiteit en aard van de problematiek. Door analyses over een lan­ gere periode te doen, ontstaat inzicht in de toe- of afname van criminaliteit en overlast. Dit is als eer­ ste meestal een taak voor de analyseafdeling van de politie. De wijk- of jeugdagent komt hier even­ eens in beeld, die bijvoorbeeld het aantal en type jeugdgroepen per buurt kan inventariseren aan de hand van de Beke-shortlistmethodiek.",Everyday Racism & Modern Racial Inequality,1.0
publieksmonitor-bzk-rapport.pdf,29,"Burgers zien zowel positieve als negatieve gevolgen van koppeling persoonsgegevens • Ook de koppeling van persoonsgegeven tussen overheidsinstanties dient volgens burgers vooral hun gemak (61%), de snelheid (58%) en de efficiëntie (55%). Men ziet echter overwegend negatieve gevolgen voor de privacy (51%), veiligheid (38%) en betrouwbaarheid (27%). Vertrouwen in AIVD redelijk tot sterk; bestrijding jihadisme en radicalisme gezien als topprioriteit •",Everyday Racism & Modern Racial Inequality,1.0
publieksmonitor-bzk-rapport.pdf,34,"Doelgroep, steekproef en representativiteit De doelgroep van publieksmonitor is de Nederlandse bevolking tussen 18 en 70 jaar. Om uitspraken te kunnen doen over de doelgroep is een steekproef gerealiseerd van n= 814 Nederlanders tussen 18 en 70 jaar op basis van het StemPunt-panel van Motivaction. De resultaten zijn representatief voor de doelgroep doordat gebruik is gemaakt van propensity-sampling en –weging voor kenmerken waarvan verwacht mag worden dat die van invloed zijn op de resultaten: leeftijd (tussen 18 en 70 jaar), opleiding, geslacht, regio, sociaal-culturele oriëntaties (Mentality-milieus) en de interacties tussen deze variabelen. Door middel van deze steekproeftrekking en weging is de steekproef representatief.",Everyday Racism & Modern Racial Inequality,1.0
publieksmonitor-bzk-rapport.pdf,35,Online vragenlijst BZK heeft aangegeven welke issues en vragen aan bod moesten komen. Motivaction heeft op basis hiervan een vragenlijst opgesteld. In samenwerking met BZK is een definitieve vragenlijst opgesteld van circa 30 vragen en een invulduur van circa 14 minuten. *,Everyday Racism & Modern Racial Inequality,1.0
programmaplan-rechtmatige-zorg-aanpak-van-fouten-en-fraude-2015-2018.pdf,6,Verder verbeteren bewustwording en administratieve organisatie en interne controle bij aanbieders ..................... 21 C. Weren van potentiële fraudeurs bij toegang tot de zorg ............................................................................................ 22 Thema 3. Controle ..................................................................................................................... 23 A. ffectief inrichten van controles en samenwerking zorgverzekeraars en Wlz-uitvoerders ......................................... 24 B. Verduidelijken en vergroten van controlemogelijkheden ........................................................................................... 24 C. Actieve controle zorgrekeningen en melden vermoedens van fouten of fraude door patiënten en cliënten. .............,Everyday Racism & Modern Racial Inequality,1.0
programmaplan-rechtmatige-zorg-aanpak-van-fouten-en-fraude-2015-2018.pdf,13,"raudeurs overtreden niet alleen de regels, zij ondermijnen ook het vertrouwen in de integriteit van de andere zorgaanbieders en zorgverzekeraars en tasten daarmee het draagvlak in de samenleving aan om bij te dragen aan de zorgkosten. Met dit programma investeren we daarom in een verdere versterking van de rechtmatigheid van de zorg, met een zorgbrede, samenhangende aanpak van fouten en fraude, ten aanzien van de Zorgverzekeringswet (Zvw), de Wet langdurige zorg (Wlz), de Wet maatschappelijke ondersteuning 2015 (Wmo 2015) en de Jeugdwet. en gezamenlijke aanpak door de gehele keten staat daarbij centraal, van het zoveel mogelijk voorkomen dat onrechtmatigheden zich voordoen, tot het tijdig signaleren en corrigeren van onrechtmatigheden bij controles en een effectieve en passende handhaving bij overtredingen. 1 Kamerstukken II, 2012/2013, 28 828, nr. 50",Everyday Racism & Modern Racial Inequality,1.0
programmaplan-rechtmatige-zorg-aanpak-van-fouten-en-fraude-2015-2018.pdf,15,"raude, waarbij opzettelijk en doelbewust in strijd met de regels wordt gehandeld met het oog op eigen of andermans (financieel) gewin. 4 Wij stemmen dit programma af met andere, verwante trajecten die zijn gestart rond vereenvoudiging, verduidelijking en aanscherping van wet- en regelgeving en het beperken van de kosten van de zorg, zoals het stimuleren van kostenbewustzijn en het tegengaan van verspilling in de zorg. Ook bewaken wij bij de uitvoering de balans ten opzichte van andere beleidsdoelen, zoals het stimuleren van innovatie in de zorg, het belang van privacy en het terugdringen van administratieve lasten. Waar opportuun leggen we verbinding met andere kabinetstrajecten gericht op fraudebestrijding, zoals de aanpak van fraude met sociale voorzieningen en identiteit- en adresfraude.",Everyday Racism & Modern Racial Inequality,1.0
programmaplan-rechtmatige-zorg-aanpak-van-fouten-en-fraude-2015-2018.pdf,22,"Onrechtmatigheden kunnen in de diverse domeinen en sectoren verschillen in aard, omvang en achtergrond. De domeinen en sectoren kennen immers een verschillende verantwoordelijkheidsverdeling en bekostiging. 6 Het aanpakken van onvolkomenheden in de kwaliteit van zorg, bijvoorbeeld als gevolg van fraude met diploma’s of onder- of overbehandeling, is eveneens belangrijk voor het werken aan de kwaliteit, toegankelijkheid en betaalbaarheid van de zorg, maar valt buiten de reikwijdte van dit programma. Datzelfde geldt voor inspanningen gericht op deregulering en het tegengaan van oneigenlijk gebruik en ondoelmatige zorg.",Everyday Racism & Modern Racial Inequality,1.0
programmaplan-rechtmatige-zorg-aanpak-van-fouten-en-fraude-2015-2018.pdf,23,"Deze thema’s hangen nauw samen met rechtmatigheid, maar pakken we samen met de sector met verschillende andere trajecten op, zoals de kwaliteits- en doelmatigheidsagenda medisch-specialistische zorg en de aanpak van verspilling in de zorg.4,5 Bij de inspanningen in het kader van het programma Rechtmatige zorg sluiten we uiteraard nauw aan bij deze verwante trajecten. 2.3 Inzicht in omvang van onrechtmatigheden in de zorg In juli 2013 hebben wij de NZa gevraagd een raming te geven van de omvang van fraude. De NZa geeft in het eindrapport van haar onderzoek aan dat zij, de beperkingen van de beschikbare methodologie wegende, niet op een verantwoorde en betrouwbare wijze een totaalcijfer voor zorgfraude kan bepalen.6 De in opdracht van de NZa uitgevoerde analyse naar onregelmatigheden in declaratiedata binnen verschillende deelsectoren biedt naar haar oordeel wel inzicht in gevallen waar het mis kan zijn en geeft daarmee belangrijke input voor het toezicht, verdere verbetering van de controles van zorgverzekeraars en nader onderzoek.",Everyday Racism & Modern Racial Inequality,1.0
programmaplan-rechtmatige-zorg-aanpak-van-fouten-en-fraude-2015-2018.pdf,27,"- In veel gevallen gaat het daarbij duidelijk om fouten, zoals ontbrekende informatie of onjuiste patiëntgegevens. Deze fouten worden vaak bij de controles door zorgverzekeraars gesignaleerd en in overleg tussen verzekeraar en aanbieder gecorrigeerd. - In andere gevallen komt de gedeclareerde zorg niet overeen met de geleverde zorg of lijkt dit zeer onwaarschijnlijk. Het gaat dan bijvoorbeeld om een uitzonderlijk hoog gedeclareerd aantal bezoeken aan een zorgaanbieder. De NZa signaleerde in haar onderzoek naar onregelmatigheden bijvoorbeeld 74 bezoeken van een patiënt aan een apotheek en 587 behandelingen fysiotherapie bij een patiënt in een jaar.",Everyday Racism & Modern Racial Inequality,1.0
programmaplan-rechtmatige-zorg-aanpak-van-fouten-en-fraude-2015-2018.pdf,28,"In deze gevallen is minder duidelijk of er een fout is gemaakt of dat regels bewust zijn overtreden. - In een aantal gevallen is duidelijk dat regels bewust zijn overschreden. Door de NZa bestrafte overtredingen betreffen bijvoorbeeld het in rekening brengen van behandelingen die niet hebben plaatsgevonden; het declareren van hogere bedragen dan de door de NZa vastgestelde tarieven en het ten onrechte rekenen van duurdere tarieven voor complexe behandelingen, terwijl er sprake was van standaard behandelingen. 7 belangrijkste risico’s in acht deelsectoren in kaart",Everyday Racism & Modern Racial Inequality,1.0
programmaplan-rechtmatige-zorg-aanpak-van-fouten-en-fraude-2015-2018.pdf,30,"De analyse heeft nog voornamelijk betrekking op de zorgdomeinen Zvw en Wlz (voorheen AWBZ) omdat hier al de meeste kennis over is opgedaan. 2.4.1 Mogelijke verschijningsvormen De NZa geeft in haar onderzoek naar kwetsbaarheden en financiële onregelmatigheden in de zorg een beschrijving van mogelijke risico’s op onrechtmatigheden in de zorg.12 Aangevuld met kennis uit risicoanalyses, ervaringen vanuit toezicht en opsporing ontstaat een globaal beeld van de belangrijkste verschijningsvormen van onrechtmatigheden. Onderstaande tabel geeft een overzicht.",Everyday Racism & Modern Racial Inequality,1.0
programmaplan-rechtmatige-zorg-aanpak-van-fouten-en-fraude-2015-2018.pdf,31,"Bij de meeste vormen kan er zowel sprake zijn van een onbedoelde fout als van fraude. r kunnen zich (in specifieke deelsectoren) nog andere vormen van onrechtmatigheden voordoen. Vorm Omschrijving Spookzorg Zorg wordt gedeclareerd, terwijl deze niet is geleverd. Dit kan bijvoorbeeld als fictieve patiënten worden opgevoerd, ten onrechte instellingstoeslagen in rekening worden gebracht of behandelingen worden gedeclareerd die niet hebben plaatsgevonden bij bestaande patiënten (valselijk opgemaakte medische verklaringen). Onverzekerde zorg (pakketfraude)",Everyday Racism & Modern Racial Inequality,1.0
programmaplan-rechtmatige-zorg-aanpak-van-fouten-en-fraude-2015-2018.pdf,32,Onverzekerde zorg wordt als verzekerde zorg gedeclareerd. Dit is vooral een risico wanneer zorg alleen onder bepaalde voorwaarden onder het basispakket valt. Dubbele bekostiging Geleverde zorg wordt dubbel geclaimd: 1) bij de patiënt en bij de zorgverzekeraar.,Everyday Racism & Modern Racial Inequality,1.0
programmaplan-rechtmatige-zorg-aanpak-van-fouten-en-fraude-2015-2018.pdf,36,"Patiënten moeten ten onrechte bijbetalen voor zorg die in de geleverde prestatie hoort. Te hoge indicatie De zorgbehoefte van een patiënt of cliënt kan ernstiger worden voorgesteld dan deze in de realiteit is. Pgb-fraude rauderen met het persoonsgebonden budget doordat: 1) het budget aan iets anders wordt besteed dan zorg, 2) de hoogte van de declaratie niet overeen komt met de ingekochte of geleverde zorg, 3) de cliënt een onnodige of te hoge indicatie krijgt.",Everyday Racism & Modern Racial Inequality,1.0
programmaplan-rechtmatige-zorg-aanpak-van-fouten-en-fraude-2015-2018.pdf,37,8 NZa (2014). Onderzoek naar kwetsbaarheden en financiële onregelmatigheden in de zorg 9 VWS (2012). Risicoanalyse raude in de AWBZ zorg in natura; NZa (2013). Risico’s voor ongepast en oneigenlijk gebruik Generalistische basis,Everyday Racism & Modern Racial Inequality,1.0
programmaplan-rechtmatige-zorg-aanpak-van-fouten-en-fraude-2015-2018.pdf,47,"Toezichtonderzoek curatieve geestelijke gezondheidszorg 15 Ministerie van VWS (2012). Risicoanalyse raude in de AWBZ zorg in natura 9 inanciële belangen van organisaties en cliënten Zorgverleners zijn niet alleen vakinhoudelijke professionals, ze werken ook in een, veelal private, organisatie. Net als andere organisaties streven zij naar een gezonde (financiële) bedrijfsvoering. Deze ondernemershouding bij zorgaanbieders en de concurrentie tussen de aanbieders stimuleert innovatie in de zorg en investeringen in de kwaliteit.",Everyday Racism & Modern Racial Inequality,1.0
programmaplan-rechtmatige-zorg-aanpak-van-fouten-en-fraude-2015-2018.pdf,48,"Het kan echter ook risico’s met zich meebrengen. Als het leveren van minder of kwalitatief minder goede zorg, of het bewust overtreden van normen, meer oplevert, dan kunnen aanbieders in de verleiding komen om regels te overschrijden.16 Gevoelde prijsdruk bij aanbieders kan aan deze prikkel bijdragen. Ontwikkeling in controles Goede interne processen en een goede inzet van controle-instrumenten door zorgverzekeraars en Wlz- uitvoerders zijn van belang voor een goede en tijdige signalering van onrechtmatigheden. Zorgverzekeraars en Wlz-uitvoerders presteren steeds beter waar het gaat om het effectief inzetten van controles om onrechtmatigheden ten aanzien van de Zvw en Wlz te detecteren.",Everyday Racism & Modern Racial Inequality,1.0
programmaplan-rechtmatige-zorg-aanpak-van-fouten-en-fraude-2015-2018.pdf,50,"Zorgverzekeraars geven zelf aan dat de kosten van een verdere investering in controlesystemen en fraudebestrijding niet altijd opwegen tegen de baten van het terugvorderen van zorg die onrechtmatig is vergoed. Positie van patiënten en cliënten Het ontvangen van zorg (door patiënten en cliënten) en het betalen van zorg (door zorgverzekeraars, Wlz- uitvoerders en gemeenten) liggen niet in één hand. Daardoor is goed inzicht in behandeling én betaling voor de zorgverzekeraar, Wlz-uitvoerder of gemeente niet vanzelfsprekend. Zij zijn immers niet direct aanwezig bij de behandeling.",Everyday Racism & Modern Racial Inequality,1.0
programmaplan-rechtmatige-zorg-aanpak-van-fouten-en-fraude-2015-2018.pdf,51,"Dit kan het beoordelen van de rechtmatigheid van declaraties bemoeilijken. Patiënten en cliënten kunnen hier een belangrijke rol spelen door vermoedens van onrechtmatigheid te melden. Dat gebeurt nu nog weinig. Patiënten vertrouwen vaak, ook als het gaat om de financiële afhandeling van zorgverlening, op de integriteit van de zorgaanbieders.19 Dat is in de meeste gevallen ook terecht.",Everyday Racism & Modern Racial Inequality,1.0
programmaplan-rechtmatige-zorg-aanpak-van-fouten-en-fraude-2015-2018.pdf,52,"Door onduidelijkheden of vergissingen worden er echter soms fouten gemaakt. Bovendien wordt door fraudeurs soms misbruik gemaakt van de kwetsbaarheden van patiënten of cliënten. Patiënten en cliënten kunnen overigens ook zelf baat hebben bij onrechtmatigheden en om deze reden regels overtreden. Door zich zieker of kwetsbaarder voor te doen bij een indicatie of het onder druk zetten van zorgaanbieders kan men in aanmerking komen voor meer zorg en daarmee bijvoorbeeld ook voor een hoger pgb dan eigenlijk passend is. Wanneer patiënten en cliënten een actieve controlerende rol op zich willen en kunnen nemen, dan vraagt dat nu ook nog relatief veel tijd en energie om kennis van de zorg en de relevante regelgeving te verkrijgen en om op basis daarvan eventuele onrechtmatige declaraties te kunnen signaleren.",Everyday Racism & Modern Racial Inequality,1.0
programmaplan-rechtmatige-zorg-aanpak-van-fouten-en-fraude-2015-2018.pdf,55,"Inzicht in Zorgkosten’ november 2012 21 NZa (2014). Onderzoek naar kwetsbaarheden en financiële onregelmatigheden in de zorg 10 r is dus nog winst te behalen in de bewustwording van patiënten en cliënten ten aanzien van hun rol en ze daarbij waar mogelijk beter te stimuleren en faciliteren om die rol te vervullen, door te investeren in de overzichtelijkheid en duidelijkheid van nota’s en meldsystemen.",Everyday Racism & Modern Racial Inequality,1.0
programmaplan-rechtmatige-zorg-aanpak-van-fouten-en-fraude-2015-2018.pdf,58,"Onsecuur gebruik van terminologie kan daarbij verwarrend of onbedoeld beschuldigend werken. Ook staan juridische belemmeringen een open gesprek over afgewezen declaraties soms in de weg, omdat informatie bijvoorbeeld niet kan worden gedeeld. Spanning tussen privacy en controles en gegevensuitwisseling Het medisch beroepsgeheim en de privacy van burgers zijn belangrijke waarborgen voor de veiligheid en positie van zorgverleners, patiënten en cliënten. Deze gegevens dienen daarom afdoende te zijn beschermd.",Everyday Racism & Modern Racial Inequality,1.0
onderwijsbekostiging-ocw-en-ez.pdf,2,"Quoting numbers or text in papers, essays and books is permitted only when the source is clearly mentioned. No part of this publication may be copied and/or published in any form or by any means, or stored in a retrieval system, without the prior written permission of Panteia. Panteia does not accept responsibility for printing errors and/or other imperfections. 3",Dehumanization & Scientific Racism,1.0
onderwijsbekostiging-ocw-en-ez.pdf,17,"5 Niet-R-studenten 71 Bijlage 6 Gebruikte afkortingen 73 4 5 Managementsamenvatting In opdracht van het ministerie van inanciën, met vertegenwoordiging van de ministe- ries van OCW, Z en inanciën in de klankbordgroep, heeft Panteia onderzoek gedaan naar de uitgaven aan onderwijs van de ministeries van OCW en Z, en naar de syste- matiek van bekostiging.",Everyday Racism & Modern Racial Inequality,1.0
onderwijsbekostiging-ocw-en-ez.pdf,19,"De hoogte van het precieze bedrag per instelling is afhankelijk van leerling-/studentenaantallen, in sommige sectoren diploma’s, en andere facto- ren (zoals specifieke prestatie-afspraken in het kader van prestatiebekostiging, die we vinden in mbo, hbo en wo). Het aandeel van de lumpsum dat vast is (dus niet afhankelijk van leerlingaantallen of andere variabelen), verschilt per sector: in vo en mbo is dit relatief laag, in hbo en wo hoger.  De bekostiging van huisvesting verschilt per sector: juridisch eigenaar van de huis- vesting van vo-scholen is de gemeente (bestuur is wel verantwoordelijk voor on- derhoud), maar vanaf mbo is er een component huisvesting die hetzij apart, hetzij via de lumpsum vanuit het Rijk wordt bekostigd.  Naast deze ‘vaste’ lumpsum zijn er specifiekere regelingen:",Everyday Racism & Modern Racial Inequality,1.0
onderwijsbekostiging-ocw-en-ez.pdf,35,"Dat laatste is niet mogelijk omdat de prijsfactoren binnen het door Z en OCW bekostigde mbo niet vergelijk- baar zijn. Na het corrigeren voor relevante spreiding over opleidingstypen (niveau 1 en 2 en bol, bbl of deeltijd) liggen ook de gewogen totale uitgaven per student in het door Z bekostigd mbo sinds 2008 hoger dan in het door OCW bekostigde mbo.  Z financiert het mbo voor een groter deel via aanvullende, deels leerlingonafhan- kelijke middelen (subsidies) dan OCW. De beschikbare basisbekostiging per student in het mbo ligt voor Z lager dan bij OCW. De aanvullende bekostiging per student is bij Z groter en sneller toegenomen dan bij OCW.",Everyday Racism & Modern Racial Inequality,1.0
onderwijsbekostiging-ocw-en-ez.pdf,51," In de grotere onderzoekscomponent en het feit dat alle studenten hoogbekostigd zijn, lijkt het door Z bekostigd wo op het technisch wo. De rijksbijdrage per stu- dent (inclusief onderzoek, exclusief subsidies) voor door Z bekostigd wo is dan ook ongeveer even hoog als het gemiddelde van de 3 technische universiteiten.  Als we het door Z bekostigd wo uitsplitsen en opleidingen vergelijken met andere sectoren (bijvoorbeeld Biologie in Wageningen met sector Natuur, waar overige 8 Biologie-opleidingen onder vallen) is de rijksbijdrage aan door Z bekostigd onder- wijs hoger dan het vergelijkingsmateriaal.",Everyday Racism & Modern Racial Inequality,1.0
onderwijsbekostiging-ocw-en-ez.pdf,53,"De factoren die per sector de aanpassing bepalen:  Prijs per leerling/student en aantallen leerlingen/studenten  In- en extensiveringen (regeerakkoord, begrotingsafspraken, etc.)  Loon- en prijsbijstelling Hierbij tekenen we aan dat prijzen en aantallen met elkaar in verbinding kunnen staan. Als het aantal leerlingen of studenten stijgt, en het macrobudget voor die sec- tor stijgt niet evenredig mee, dan kan het kabinet besluiten om aanvullend aan in- /extensiveringen en loon-/prijsbijstellingen de prijs per leerling te verlagen.",Everyday Racism & Modern Racial Inequality,1.0
onderwijsbekostiging-ocw-en-ez.pdf,55,"De bepaling van de omvang van het macrobudget op ministerieniveau, wordt voorbe- reid in het voorjaar tussen de ministeries van OCW, Z en inanciën. Uitgaande van het budget van het jaar ervoor, wordt daar over aanpassing gesproken, aan de hand van  Wijzigingen in aantallen leerlingen en studenten Sinds 2010 moeten wijzigingen voor eerstkomende jaren (t t/m t+4) in principe op de eigen begroting worden opgevangen; vanaf t+5 kan voor stijgingen hierin uit generale middelen budget worden gereserveerd. In de praktijk heeft OCW ook voor 2010 een aantal keren een tegenvaller specifiek gedekt.  Beleidswijzigingen:",Everyday Racism & Modern Racial Inequality,1.0
onderwijsbekostiging-ocw-en-ez.pdf,59,"Dit geldt onverkort voor OCW- en Z-bekostigd vo. 9 mbo: De verdeling in het mbo geschiedt voor OCW volledig (direct of indirect) op basis van het aantal studenten en diploma’s. Voor studenten geldt een ‘deelnemerswaarde’ die afhangt van de prijsfactor voor een specifieke opleiding, en de vraag of het een BOL- of BBL-student betreft. OCW gebruikt dit rekenmodel om het (vastgestelde) macro- budget te verdelen, en Z gebruikt de prijzen uit dit model om het macrobudget mede te bepalen voor niveau 1 en 2 (VOA-middelen). Voor het overige hanteert Z een eigen berekeningswijze; Z gaat bij wijzigingen uit van de prijs per student in het jaar daarvoor, waardoor niet zozeer de prijs per stu- dent gelijk is, als wel de ontwikkeling daarin.",Everyday Racism & Modern Racial Inequality,1.0
onderwijsbekostiging-ocw-en-ez.pdf,60,"Beide departementen hanteren een an- der historisch prijsniveau als uitgangspunt. hbo en wo: Sinds 2010 worden instellingen bekostigd op basis van aantallen studenten en diplo- ma’s (graden), en een ‘vaste voet’ in de vorm van onderwijsopslag in bedragen en percentages. n daarnaast in het wo een onderzoeksdeel op basis van aantallen pro- moties, graden en een vast deel (percentages en bedragen). De bekostiging in hbo en wo is hiermee wat minder variabel dan in vo en mbo.",Everyday Racism & Modern Racial Inequality,1.0
onderwijsbekostiging-ocw-en-ez.pdf,61,"Niet alle studenten en promoties tellen gelijk mee. In het hbo zijn er laag- en hoogbe- kostigde studenten (die resp. als 1 en 1,28 tellen), en in het wo laag-, hoog- en top- bekostigde (resp. 1, 1,5 en 3). Promoties kennen sinds 2009 één prijs en waren daar- voor ook laag- of hoogbekostigd. Z volgt OCW in de variabele bekostiging van het hbo en wo; de prijzen per (hoogbe- kostigde) student, diploma en promotie worden overgenomen.",Everyday Racism & Modern Racial Inequality,1.0
onderwijsbekostiging-ocw-en-ez.pdf,65,"een sterke stijging met 22% tussen 2004 en 2011; sindsdien een daling, van 27% tot 2030.  Het aandeel bbl in het mbo daalt in OCW-domein van 34% in 2004 tot 23% in 2014. In het groen mbo daalt het aandeel bbl van 37% in 2004 tot 29% in 2014. 10  HBO OCW: een sterke stijging van 2004 tot 2014 (31%), nog 6% verdere stijging wordt verwacht tot 2022, daarna lichte daling tot 2030 (naar het niveau van 2017- 18).",Everyday Racism & Modern Racial Inequality,1.0
onderwijsbekostiging-ocw-en-ez.pdf,79,"t/m 2014. 2. Wat zijn de gemiddelde onderwijsuitgaven per leerling/student voor Z en OCW onderwijs per onderwijssector (vmbo, mbo, hbo en wo)? We hebben de realisatie van de rijksuitgaven (zie hierboven bij vraag 1) zelf ge- deeld door de werkelijke aantallen leerlingen/studenten in een bepaald (kalen- der)jaar. De berekende gemiddeldes kunnen daarmee afwijken van andere defini- ties (zoals die uit Kerncijfers).",Everyday Racism & Modern Racial Inequality,1.0
onderwijsbekostiging-ocw-en-ez.pdf,89,"Vakdepartementale subsidies en deel van de rijksuitgaven van Z aan onderwijsinstellingen (in vo, mbo, hbo en wo), de zogenaamde groene-plus, heeft de vorm van subsidies of een aanvulling op de bekostiging die ‘vakdepartement’-specifiek zijn. Voor een deel van deze middelen le- veren de onderwijsinstellingen op basis van meerjarenafspraken aanvullende presta- ties ten dienste van de groene sector. Voor het grootste deel worden met deze midde- len (reguliere) onderwijstaken bekostigd, die bij OCW onder de hoofdbekostiging val- len. Deze middelen vallen na 2015 weg. Door de aard van deze middelen kun je ze niet op voorhand volledig beschouwen als basisbekostiging noch volledig als zuivere aanvullende subsidie.",Everyday Racism & Modern Racial Inequality,1.0
onderwijsbekostiging-ocw-en-ez.pdf,92,"Vandaar dat we beide grootheden uit hetzelfde jaar op elkaar delen om de uitgaven per leerling/student te bepalen. Dit is anders dan hoe de bekostiging werkt: een onderwijsinstelling krijgt geld op ba- sis van het aantal leerlingen/studenten uit jaar t-1 of t-2, afhankelijk van de sector. Om de invloed van de factor tijd inzichtelijk te maken, zijn ook de delingen gemaakt op leerlingen/studenten uit de jaren die voor de bekostiging relevant zijn (bijlage 1). We tellen álle leerlingen/studenten mee, aangezien deze totale populatie ‘bediend’ wordt door de onderwijsinstelling.",Everyday Racism & Modern Racial Inequality,1.0
onderwijsbekostiging-ocw-en-ez.pdf,95,"2004-2014 OCW Onderwijsuitgaven door OCW aan onderwijsinstellingen in het vo lopen via een lump- sum bekostiging, die eind 2014 is opgebouwd uit reguliere bekostiging en aanvullende regelingen. De bedragen betreffen uitsluitend gerealiseerde uitgaven aan het door OCW-bekostigd vo2. In onderstaande tabel 2.1 zijn deze bedragen samengevat voor de periode 2004 tot en met 2014 weergegeven.",Everyday Racism & Modern Racial Inequality,1.0
onderwijsbekostiging-ocw-en-ez.pdf,97,"Binnen de bekostiging wordt een onderscheid gemaakt naar sector (vmbo, mbo, hbo, wo). Z geeft daarmee in de begrotings- en realisatiecijfers weer welke uitgaven worden gedaan aan het vmbo. Z kent een aparte post wachtgelden op de begroting. De uitgaven aan wachtgelden gaan naar de AOC’s en komen daarmee terecht in zowel het vo als in het mbo. Z heeft aangegeven dat DUO het budget voor wachtgelden toedeelt naar sectoren op basis van de verhouding tussen de realisatiecijfers vmbo en mbo.",Everyday Racism & Modern Racial Inequality,1.0
onderwijsbekostiging-ocw-en-ez.pdf,99,"Voor een zuivere vergelijking zijn deze uitga- ven in mindering gebracht op de reguliere uitgaven Z. Daarnaast bevat het beleidsartikel ‘groen onderwijs’ een niet naar sector uitgesplitste post “aanvullende onderwijssubsidies”. Deze komen deels ten goede aan het voorbe- reidend beroepsonderwijs binnen door Z bekostigde onderwijsinstellingen (vbo in AOC’s), maar ook deels aan andere sectoren. Binnen deze subsidies maakt Z een onderscheid tussen subsidies die regelingen van OCW volgen (zoals bijvoorbeeld func- 2 Daarbij worden uitgaven voor leerlingen die ee",Everyday Racism & Modern Racial Inequality,1.0
beleidsdoorlichting-ziektepreventie.pdf,2,"Quoting numbers or text in papers, essays and books is permitted only when the source is clearly mentioned. No part of this publication may be copied and/or published in any form or by any means, or stored in a retrieval system, without the prior written permission of Panteia. Panteia does not accept responsibility for printing errors and/or other imperfections. C10949",Dehumanization & Scientific Racism,1.0
beleidsdoorlichting-ziektepreventie.pdf,3,"3 Voorwoord De Beleidsdoorlichting Ziektepreventie betreft drie belangrijke terreinen van preventie die onder directe verantwoordelijkheid van het Ministerie van Volksgezondheid, Welzijn en Sport worden uitgevoerd, namelijk bevolkingsonderzoeken, infectieziektebestrijding, en jeugdgezondheidszorg. Deze Beleidsdoorlichting is in opdracht van het Ministerie uitgevoerd door een onderzoeksteam van Panteia, onder begeleiding van een stuurgroep onder mijn voorzitterschap.",Everyday Racism & Modern Racial Inequality,1.0
beleidsdoorlichting-ziektepreventie.pdf,4,"Het onderzoek heeft, behalve van een aantal interviews met betrokkenen en deskundigen, voornamelijk gebruik gemaakt van al eerder uitgevoerde evaluaties van specifieke deelterreinen. Het onderzoek van Panteia is naar mijn mening op zorgvuldige wijze uitgevoerd, waarbij ik heb kunnen vaststellen dat ook de benodigde distantie tot de opdrachtgever in acht is genomen. De bevindingen van het onderzoek laten zich in belangrijke mate lezen als een compliment aan de Nederlandse overheid, in het bijzonder het Ministerie van VWS. De uitgevoerde preventieprogramma’s zijn in het algemeen doeltreffend en doelmatig, en bereiken ruimschoots de gestelde doelen. Het is zonder meer aannemelijk dat met deze preventieprogramma’s een aanzienlijke gezondheidswinst wordt behaald.",Everyday Racism & Modern Racial Inequality,1.0
beleidsdoorlichting-ziektepreventie.pdf,5,"Ik zou daaraan kunnen toevoegen – op grond van ander onderzoek dan hier gerapporteerd – dat ook uit internationale vergelijkingen blijkt dat Nederland op het terrein van ziektepreventie een bovengemiddelde staat van dienst heeft. De beleidsdoorlichting laat verder zien dat er geen evidente mogelijkheden zijn om, met behoud van de gezondheidswinst, tot besparingen te komen. Hoewel deze goede resultaten zeker niet alleen op het conto van het Ministerie van VWS kunnen worden geschreven, heeft het Ministerie hieraan in belangrijke mate bijgedragen door een zorgvuldige regie, door gerichte investeringen in preventie-onderzoek, en door het creëren en in stand houden van instellingen die onderdelen van het beleid op voortreffelijke wijze uitvoeren. Tot zo ver het goede nieuws. Deze beleidsdoorlichting heeft echter ook enkele kritische noten te kraken.",Everyday Racism & Modern Racial Inequality,1.0
beleidsdoorlichting-ziektepreventie.pdf,6,"Ik pik de drie belangrijkste eruit. Uit de enkele jaren geleden uitgevoerde evaluatie van de bestrijding van de Q-koorts is gebleken dat het Ministerie van VWS hierbij is tekort geschoten in de bewaking van de publieke belangen, o.a. door onvoldoende tegenwicht te bieden aan de belangen van de agrarische sector. Als reactie op deze evaluatie is weliswaar de samenwerking op het terrein van risicoanalyse tussen het humane en veterinaire domein versterkt, maar onduidelijk blijft in hoeverre het fundamentele probleem daarmee is opgelost. De Minister van VWS zou zich, op alle terreinen van preventie, sterker kunnen en moeten profileren als de hoeder van het volksgezondheidsbelang, ook als dit botst met economische en andere belangen.",Everyday Racism & Modern Racial Inequality,1.0
beleidsdoorlichting-ziektepreventie.pdf,7,"en tweede knelpunt betreft de traagheid in de besluitvorming die door deze beleidsdoorlichting wordt gesignaleerd, bijvoorbeeld als het gaat om de invoering van nieuwe of aanpassing van bestaande bevolkingsonderzoeken, of de introductie van nieuwe vaccins in het Rijksvaccinatieprogramma. Deze traagheid wordt door betrokkenen beschouwd als de – deels misschien onvermijdelijke – keerzijde van de grote zorgvuldigheid van besluitvorming in Nederland, maar het zou te gemakkelijk zijn om het bij die constatering te laten. Ieder jaar uitstel van een effectief preventieprogramma leidt immers tot honderden, soms duizenden vermijdbare ziektegevallen. Het zou goed zijn als de Minister van VWS een mechanisme creëert 4 C10949 waarbij nieuwe mogelijkheden van ziektepreventie actief worden opgespoord, bijvoorbeeld door raadpleging van deskundigen en een periodieke “scan” van nieuwe ontwikkelingen in andere landen, en erop toeziet dat de doorlooptijd van adviestrajecten voorafgaand aan besluitvorming aanzienlijk wordt bekort.",Everyday Racism & Modern Racial Inequality,1.0
beleidsdoorlichting-ziektepreventie.pdf,8,"Het derde knelpunt betreft lacunes in de informatievoorziening, in het bijzonder over de doeltreffendheid en doelmatigheid van sommige preventieprogramma’s. Dit punt komt in de beleidsdoorlichting meerdere malen naar voren, bijvoorbeeld als het gaat om de kosteneffectiviteit van de hielprikscreening en de doeltreffendheid van delen van de jeugdgezondheidszorg. Nederland heeft, mede dankzij de inzet van het Ministerie van VWS, een doorlopend nationaal onderzoeksprogramma op het gebied van preventie, dat door ZonMw wordt uitgevoerd. Dit onderzoeksprogramma vormt de basis voor veel van de preventie-activiteiten die in deze beleidsdoorlichting aan de orde komen. Dat nog veel relevante informatie ontbreekt zou voor de Minister van VWS een aansporing moeten zijn om de benodigde middelen voor dit programma tenminste op peil te houden, en niet te reduceren zoals helaas op dit moment het geval is.",Everyday Racism & Modern Racial Inequality,1.0
beleidsdoorlichting-ziektepreventie.pdf,32,"r zijn daarnaast ook kwalitatieve en subjectieve gegevens verzameld, door middel van interviews met betrokkenen bij beleid en uitvoering en onafhankelijke deskundigen. Deze dienden om feitelijke gegevens beter te kunnen duiden of in samenhang te bezien, om ‘gaten’ in de beschikbare objectieve informatie te dichten en om de effectiviteit van het beleid (ook) te toetsen aan de beleving van de betrokken partijen. De beleidsdoorlichting ziektepreventie is uitgevoerd conform de richtlijnen die de overheid hiervoor heeft vastgelegd in de Regeling periodiek evaluatieonderzoek (Rpe). Afbakening De beleidsdoorlichting heeft betrekking op de jaren 2009 – 2013. Verder is de beleidsdoorlichting beperkt tot de drie beleidsterreinen die conform artikel 1 van de Rijksbegroting 2014 vallen onder ziektepreventie, te weten:","Remembrance, Heritage & Education",1.0
beleidsdoorlichting-ziektepreventie.pdf,40,"Hierdoor kunnen de ziektelasten voor individuen en de kosten van de behandeling voor de samenleving beperkt worden. Daarbij is een belangrijk doel dat individuen uit de doelgroepen een goed geïnformeerde keuze kunnen maken of zij wel of niet willen deelnemen. Infectieziektebestrijding Voor de verschillende deelterreinen gelden de volgende beleidsdoelstellingen: • Kennisinfrastructuur en regierol: zorgen voor een goede landelijke structuur om bekende en onbekende infectieziektedreigingen snel te kunnen signaleren en bestrijden; zorgen voor een goede voorbereiding op grote uitbraken van ziekten, waaronder een grieppandemie;",Everyday Racism & Modern Racial Inequality,1.0
beleidsdoorlichting-ziektepreventie.pdf,42,"• ASG: Het vroegtijdig opsporen en behandelen van seksueel overdraagbare aandoeningen, zodat behandeling kan plaatsvinden en verdere verspreiding wordt voorkomen. Het bieden van laagdrempelige seksualiteitshulpverlening aan jongeren die door gedrag en/of sociale kwetsbaarheid meer risico lopen op problemen rond seksualiteit. Jeugdgezondheidszorg De centrale doelstelling van de JGZ is het gezond en veilig (laten) opgroeien van alle kinderen.",Everyday Racism & Modern Racial Inequality,1.0
beleidsdoorlichting-ziektepreventie.pdf,43,"Hiervan afgeleide operationele doelstellingen zijn: • Alle onderdelen van het Basis(taken)pakket moeten voor alle kinderen beschikbaar zijn. • Aan alle kinderen (en hun ouders) moet voorlichting worden gegeven, rekening houdend met de specifieke situatie van het kind en het gezin. • Op basis van de bevindingen bij individuele kinderen en jongeren en van nader onderzoek wordt geadviseerd over collectieve maatregelen.",Everyday Racism & Modern Racial Inequality,1.0
beleidsdoorlichting-ziektepreventie.pdf,50,"Het Centrum Infectieziektebestrijding(CIb) van het RIVM heeft een centrale rol in de ondersteuning van de minister van VWS, de kennisinfrastructuur en de regie op het Rijksvaccinatieprogramma en de Aanvullende seksuele gezondheidszorg. Het CIb verstrekt subsidie aan organisaties die zich inzetten voor de preventie en bestrijding van infectieziekten en/of de bevordering van seksuele gezondheid. • De regie van het NPG ligt bij het Centrum voor bevolkingsonderzoek van het RIVM.",Everyday Racism & Modern Racial Inequality,1.0
beleidsdoorlichting-ziektepreventie.pdf,52,Het DWHC krijgt subsidie van de ministeries van VWS en Z. • Regionaal zijn GGD’en de uitvoerders van de infectieziektebestrijding en zijn de burgemeesters op bestuursniveau verantwoordelijk. 12 C10949 Jeugdgezondheidszorg • De minister van VWS is verantwoordelijk voor de JGZ en stelt de inhoud van het basis(taken)pakket vast. De uitvoering hiervan is in handen van de directie Publieke Gezondheid van het ministerie van VWS. VWS is verantwoordelijk voor de kennisinfrastructuur en financiert hiervoor programma’s bij ZonMw.,Everyday Racism & Modern Racial Inequality,1.0
beleidsdoorlichting-ziektepreventie.pdf,55,Alleen de kosten voor de borstkankerscreening zijn vanaf 2012 met 12% gestegen. Deze stijging wordt grotendeels veroorzaakt door de digitalisering van het onderzoek en door de toename van de omvang van de doelgroep (vergrijzing). tabel S1 Bijdragen VWS,Everyday Racism & Modern Racial Inequality,1.0
beleidsdoorlichting-ziektepreventie.pdf,71,"De zorgvuldigheid van de besluitvorming is een positief punt, maar bij innovaties die snel komen duren de procedures te lang, zo is de mening van verschillende geraadpleegde deskundigen. Daardoor zijn de screeningen uitvoeringstechnisch moeilijk up-to-date te houden. Prioriteren en implementeren van nieuwe wetenschappelijke ontwikkelingen kan beter en sneller volgens deskundigen. Het verdient daarom aanbeveling om te bezien of snellere besluitvorming mogelijk is 14 C10949 met behoud van voldoende kwaliteit van de besluitvorming. Het ministerie van VWS zou hierbij meer een rol als aanjager kunnen vervullen.",Everyday Racism & Modern Racial Inequality,1.0
beleidsdoorlichting-ziektepreventie.pdf,81,Op basis van onder andere onderzoek van de Gezondheidsraad kunnen we concluderen dat het NPG doeltreffend en doelmatig is. Wel benoemde de Gezondheidsraad dat beter inzicht in effectiviteit en doelmatigheid van de griepvaccinatie voor gezonde ouderen wenselijk is. • Aanvullende seksuele gezondheidszorg: Op basis van diverse studies is te concluderen dat de ASG doeltreffend is voor het opsporen van soa’s in aanvulling op de reguliere gezondheidszorg. Over de doeltreffendheid van de seksualiteitshulpverlening is weinig kennis beschikbaar.,Everyday Racism & Modern Racial Inequality,1.0
beleidsdoorlichting-ziektepreventie.pdf,82,"Over de doelmatigheid van de ASG is geen informatie beschikbaar. Wel zijn op basis van evaluatieonderzoek keuzes gemaakt met als doel de kosten van de regeling te beperken, zonder de effectiviteit sterk te verminderen. Knelpunten doelmatigheid infectieziektebestrijding Uit het onderzoek komt de samenwerking tussen de relevante ministeries bij infectieziektebestrijding naar voren als aandachtspunt. Het gaat daarbij vooral om de samenwerking bij de aanpak van zoönosen door de ministeries die een rol hebben bij de infectieziektebestrijding: VWS, Z en I&M. Ook is er kritiek op het handelen van de overheid bij de recente uitbraken van de nieuwe influenza A en de Q-koorts.",Everyday Racism & Modern Racial Inequality,1.0
beleidsdoorlichting-ziektepreventie.pdf,83,"De diverse belangen die hierbij speelden (economische -, gezondheids-, politieke-) vormden mogelijk een belemmering voor doelmatig handelen: namelijk (tijdige) bescherming van de publieke gezondheid tegen aanvaardbare kosten. Jeugdgezondheidszorg • Op basis van eerder evaluatieonderzoek concluderen we dat de kwaliteit van de samenstelling van het basistakenpakket, gedurende de onderzoeksperiode, goed was. en recente evaluatie van het basistakenpakket heeft geleid tot enkele aanpassingen en de vorming van een nieuw basispakket. • Van veel JGZ-activiteiten is de effectiviteit niet of in onvoldoende mate bekend, vooral waar het de effecten betreft van de leefstijlinterventies (overgewicht, roken, alcoholgebruik e.d.).",Everyday Racism & Modern Racial Inequality,1.0
beleidsdoorlichting-ziektepreventie.pdf,84,"De effectiviteit van de JGZ als geheel is daarom niet vast te stellen. Vanuit ZonMw-programma’s wordt wel geïnvesteerd in dergelijk onderzoek. Deskundigen geven aan dat het lastig is om de kwaliteit van het aanbod ten 16 C10949 aanzien van psychosociale hulpverlening, vroege interventies en leefstijlinterventies te meten. • Wat betreft de kwaliteit van de werkzaamheden van het innovatie- en kenniscentrum NCJ kunnen vanuit deze beleidsdoorlichting geen harde conclusies getrokken worden. De werkzaamheden van het NCJ zijn, sinds de start in 2010, nog niet geëvalueerd.",Everyday Racism & Modern Racial Inequality,1.0
beleidsdoorlichting-ziektepreventie.pdf,86,"In de besluitvorming over beleid op het terrein van ziektepreventie worden resultaten uit wetenschappelijk onderzoek naar doelmatigheid en kosteneffectiviteit meegewogen. Voor de besluitvorming over de bevolkingsonderzoeken en vaccinatieprogramma’s vormen de adviezen van de Gezondheidsraad een belangrijke basis. De ziektelast die voorkomen kan worden, de doeltreffendheid en de doelmatigheid van de maatregel zijn belangrijke aspecten in deze adviezen. Op sommige aspecten ontbreken data om goed onderbouwde uitspraken over doeltreffendheid en/of doelmatigheid te doen. Zo is de kosteneffectiviteit van de Aanvullende Seksuele Gezondheidszorg niet bekend, hoewel er in evaluatie en beleid wel aandacht is voor beheersing van de kosten voor deze maatregel.",Everyday Racism & Modern Racial Inequality,1.0
beleidsdoorlichting-ziektepreventie.pdf,88,"Bevolkingsonderzoeken: onderzoek naar de mate waarin de doelgroepen een geïnformeerde keuze (kunnen) maken voor deelname. • Infectieziektebestrijding: valuatie van het Centrum Infectieziektebestrijding (ontwikkelingen sinds de laatste evaluatie in 2009), evaluatie van de zoönose- aanpak (ontwikkelingen sinds de evaluatie van de Q-koorts in 2010) en de kosteneffectiviteit van de Aanvullende Seksuele Gezondheidszorg. • Jeugdgezond",Everyday Racism & Modern Racial Inequality,1.0
bitter-en-zoet.pdf,13,"Robert J. Quarles van Ufford, voorzitter Voor u ligt het rapport van de xpertgroep beoordeling werelderfgoednominaties. Dit is het resultaat van een intensieve en boeiende periode van onderzoek, analyse en consultatie. De xpertgroep heeft de opdracht om een advies uit te brengen over de kansrijkheid van de door het Rijk beoogde nominaties voor de Werelderfgoedlijst, de rangorde van de nominaties en een mogelijk jaar van nominatie met veel inzet en interesse uitgevoerd. De gekozen aanpak van een tussentijdse evaluatie van alle kandidaten is vruchtbaar en effectief gebleken.",Reparations & Justice,1.0
bitter-en-zoet.pdf,23,"Bijlage A. Brief van staatssecretaris Zijlstra aan de directeur van het UNSCO Werelderfgoedcentrum, Kishore Rao, 16 augustus 2011 TUSSNTIJDS TOTSING Na het teleurstellende verloop van de nominatie van Teylers werd duidelijk dat een plek op de Voorlopige Lijst geen garantie was voor een succesvolle nomi- natie. en nadere beoordeling van de kansrijkheid van een nominatie bij het Werelderfgoedcomité van UNSCO leek gewenst. Bovendien was al toegezegd dat een volgordebepaling van de resterende kandidaten in 2015 zou plaatsvinden. Beide trajecten konden nu ineengeschoven worden.",Reparations & Justice,1.0
bitter-en-zoet.pdf,24,"De Rijksdienst voor het Cultureel rfgoed heeft om die reden de acht werelderfgoedkandidaten in 2013 gevraagd om een rapportage op te stellen waarin de kansrijkheid van de nominatie zou worden aangetoond.3 Ten behoeve van deze tussentijdse rapportage is de kandidaten een format technische beoordeling beschikbaar gesteld, waarmee de kandidaten op uniforme wijze de infor- matie konden aanleveren. De oorspronkelijke inleverdatum was op 31 augustus 2014. Op verzoek van de kandidaten is deze datum verschoven naar 1 november 2014. Voor de beoordeling van de rapportages werd een internationaal samengestelde xpertgroep ingesteld. 3",Reparations & Justice,1.0
bitter-en-zoet.pdf,29,"De internationaal samengestelde xpertgroep bestaat uit de volgende per- sonen. Allen hebben ruime ervaring met het schrijven en/of beoordelen van Werelderfgoednominaties, in diverse verantwoordelijkheden: • Robert Quarles van Ufford (NL), secretaris-generaal van de Nationale UNSCO Commissie, bestuurslid van ICOMOS Nederland, lid van de Nederlandse dele- gatie bij de vergadering van het Werelderfgoedcomité in 2012, 2013 en 2014, voorzitter van de xpertgroep; • Bénédicte Selfslagh (B), werelderfgoed en cultureel erfgoed expert, voormalig secretaris-generaal en board member van ICOMOS-Internationaal, lid van de delegatie tijdens het Belgisch lidmaatschap van het Werelderfgoedcomité 1999-2003 en Rapporteur van het Comité 2002-2003; • Suzanne van Aerschot-van Haeverbeeck (B), voormalig Werelderfgoedcoördinator Vlaanderen, architectuurhistorica, verantwoordelijk voor diverse Vlaamse werelderfgoednominaties, lid van de delegatie tijdens het Belgisch lidmaatschap van het Werelderfgoedcomité 1999-2003; • Sabine Gimbrère (NL), Hoofd bureau Internationale Betrekkingen, Gemeente Amsterdam. Voorheen senior adviseur bij OCW, lid van de delegatie tijdens het Nederlands lidmaatschap van het Werelderfgoedcomité 2003-2007 en uit dien hoofde plaatvervangend voorzitter van het Werelderfgoedcomité; • Jens nemark (DK), voormalig secretaris van het Common Wadden Sea Secretariat en betrokken bij de drie opeenvolgende, grensoverschrijdende nominaties van de Waddenzee voor de Werelderfgoedlijst 2008-2014.",Dehumanization & Scientific Racism,1.0
bitter-en-zoet.pdf,34,"Bijlage D. Blok A heeft als overkoepelende titel Outstanding Universal Value (OUV), Comparative Analysis en begrenzing. In The Operational Guidelines heeft het Werelderfgoedcomité tien criteria gedefinieerd op grond waarvan een erfgoed uitzonderlijke universele waarde kan hebben. De xpertgroep beoordeelde als eerste of OUV voor ten minste één van deze 10 criteria6 overtuigend kon worden aangetoond en er daarmee een rechtvaardiging voor de OUV van de property was.",Dehumanization & Scientific Racism,1.0
bitter-en-zoet.pdf,36,"Het begrip attributes is erg belangrijk voor de nominatie. r ontbreekt echter een exacte Nederlandse vertaling voor dit begrip. In The Operational Guidelines is opge- nomen dat in het nominatiedossier moet worden aangetoond in hoeverre authen- ticiteit aanwezig is of uitgedrukt wordt in attributes. In de handleiding “Preparing World Heritage Nominations” worden attributes gedefinieerd als zowel fysieke kwali- teiten die de materiële weerslag vormen van de OUV en als zodanig gemonitord kunnen worden, als de processen rondom een property die de fysieke kwaliteiten kunnen beïnvloeden.",Everyday Racism & Modern Racial Inequality,1.0
bitter-en-zoet.pdf,43,"Zie Bijlage . Operational Guidelines for the Implementation of the World Heritage Convention, paragraphs 79-95. resulteert onder meer in de verplichting een managementplan op te stellen, dat bij nominatie geïmplementeerd is. Bij draagvlak wordt beoordeeld of er zowel bestuur- lijk als bij relevante stakeholders steun bestaat voor de nominatie en de consequen- ties ervan. Ook wordt gelet op de mate van betrokkenheid bij de nominatie. Tenslotte is in Blok C (Planning) beoordeeld of het door de kandidaat voorge- stelde jaar van indiening reëel is en wat er nog moet gebeuren voor een kansrijke nominatie.","Remembrance, Heritage & Education",1.0
bitter-en-zoet.pdf,49,XPRTGROP BOORDLING WRLDRGODNOMINATIS 15 Gedurende het beoordelingsproces is de xpertgroep een aantal zaken opgevallen van meer algemene aard. Dit hoofdstuk begint met deze opmerkingen. Vervolgens doet de xpertgroep generieke aanbevelingen die alle kandidaten betreffen en die kunnen dienen als hulpmiddel gedurende het nominatieproces.,Reparations & Justice,1.0
bitter-en-zoet.pdf,51,"Het enthousiasme dat de kandidaten in het op­stellen van de rapportages hebben gestoken, is duidelijk merkbaar. Ook heeft de xpertgroep grote waardering voor het feit dat verschillende nomina- ties het oogmerk hebben om met de voordracht invulling te geven aan internati- onale samenwerking (De Koloniën van Weldadigheid, Romeinse Limes, eventueel Zonnestraal en Bonaire National Marine Park). Dit essentiële aspect van werelderf- goednominaties, waarmee lidstaten meer solidariteit en samenwerking kunnen creëren, gaat vaak verloren in de gretigheid om zoveel mogelijk nominaties voor het eigen land te bemachtigen. Het is daarom goed dat in meerdere Nederlandse nomi- naties het belang van internationale samenwerking tot uitdrukking komt. Overigens zij opgemerkt dat deze vorm van internationale samenwerking het beheer van het toekomstige werelderfgoed niet altijd eenvoudiger maakt;",Colonial Exploitation & Economic Inequality,1.0
bitter-en-zoet.pdf,69,"Dan volgt de evaluatie door de xpertgroep. Die vindt plaats onder de kopjes ‘ Outstanding Universal Value, Comparative Analysis en begrenzing’ en ‘ Draagkracht en draagvlak’. De beoordeling sluit af met een kernachtig geformuleerd advies.",Dehumanization & Scientific Racism,1.0
acs-eu-samenwerking-na-2020-op-weg-naar-een-nieuw-partnerschap.pdf,25,"Omdat zij dientengevolge de status van LGO verloren, moest een nieuwe associatie bij verdrag worden geregeld. Dit gebeurde in de met hen gesloten Conventies van Yaoundé (1963-1975) en van Lomé (1975-2000). In 1973 trad het Verenigd Koninkrijk toe tot de G en moest er een manier worden gevonden om ook het grote aantal landen dat deel uitmaakte van het Gemenebest te verbinden aan de G. en aantal geassocieerde landen nam het voortouw om te komen tot gemeenschappelijke afspraken en aldus sloten 22 voormalige Britse koloniën zich aan. Het Georgetown Agreement, dat de oprichting van de ACS-groep als zodanig regelt, stamt uit 1975.2 De associatie van de ACS-landen met de U op basis van de genoemde opeenvolgende verdragen stamt dus af van het oorspronkelijke Verdrag van Rome uit 1957 en is verankerd in het Gemeenschapsrecht van de U (acquis communautaire).",Everyday Racism & Modern Racial Inequality,1.0
acs-eu-samenwerking-na-2020-op-weg-naar-een-nieuw-partnerschap.pdf,29,"Bij de ondertekening van het Verdrag van Cotonou in 2000 bestond de ACS uit 77 lidstaten.4 Nadien traden nog twee lidstaten5 toe zodat de ACS-groep inmiddels 79 staten telt: 48 uit Afrika (het gehele continent met uitzondering van Noord-Afrika), 16 uit de Caraïben en 15 uit de Stille Oceaan (zie bijlage IV). Veel ACS-staten zijn ‘minst ontwikkelde landen’ volgens classiﬁcatie van de Verenigde Naties (VN). De ACS-groep heeft de status van waarnemer binnen de VN en onderhoudt vanuit Brussel relaties met internationale organisaties als de Wereldbank, de Organisatie voor conomische en Sociale Ontwikkeling (OSO) en de Wereldhandelsorganisatie (World Trade Organisation, WTO).",Everyday Racism & Modern Racial Inequality,1.0
acs-eu-samenwerking-na-2020-op-weg-naar-een-nieuw-partnerschap.pdf,30,"Door haar reikwijdte herbergt de ACS-landen die tevens lid zijn van een groot aantal verschillende regionale organisaties waaronder de African Union (AU), de Common Market for astern and Southern Africa (COMSA), de conomic Community of West African States (COWAS), de Southern African Development Community (SADC), de Caribbean Community (CARICOM), het Caribbean orum of ACP States, het Paciﬁc Islands orum, en het Paciﬁc Island Countries Trade Agreement (PICTA). Het secretariaat van de ACS-groep zetelt in Brussel. De organisatie houdt ook kantoor in Genève met het oog op het onderhouden van relaties met de WTO. De uropese Unie is na 2000 sterk uitgebreid.",Dehumanization & Scientific Racism,1.0
acs-eu-samenwerking-na-2020-op-weg-naar-een-nieuw-partnerschap.pdf,31,"r vond zelfs bijna een verdubbeling plaats: van 15 lidstaten in 2000 naar 28 in 2015. De nieuwe lidstaten hebben zich na hun toetreding vrijwillig aan het Verdrag van Cotonou verbonden. Het Verdrag van Cotonou is gesloten voor de duur van twintig jaar en loopt tot februari 2020. Anderhalf jaar voor de einddatum, dus niet later dan 1 september 2018, dienen partijen in onderhandeling te treden ‘in order to examine what provisions shall subsequently govern their relations’.6",Dehumanization & Scientific Racism,1.0
acs-eu-samenwerking-na-2020-op-weg-naar-een-nieuw-partnerschap.pdf,39,"Ibrahima all uit Senegal, voormalig Assistent Secretaris-Generaal van de VN; Peter Gakunu uit Kenia, voormalig Bewindvoerder van het IM; Sebastiao Isata uit Angola, voorheen Special Representative and Head of African Union Liaison Ofﬁce in Guinea Bissau; Nureldin Satti uit Soedan, vroegere Acting Special Representative for the UN Secretary General in Burundi; Kolone Vaai, ex-Staatssecretaris voor inanciën in Samoa en Valentine Sendanyoye Rubwabiza, voorheen Plaatsvervangend Directeur-Generaal van de Wereldhandelsorganisatie en momenteel Chief xecutive Ofﬁcer van de Rwanda Development Board. 8",Dehumanization & Scientific Racism,1.0
acs-eu-samenwerking-na-2020-op-weg-naar-een-nieuw-partnerschap.pdf,40,"Tijdens zijn presentatie aan het uropees Parlement eind 2014 wees hij erop dat: ‘the question is not whether ACP countries are still important to the U or not, but about how to best design our cooperation in the future’. Maastricht, December 2014, p. 2. Zie voor alle informatie hierover, inclusief de ‘mission letter’ en informatie over de uitwisselingen met het uropees Parlement:",Dehumanization & Scientific Racism,1.0
acs-eu-samenwerking-na-2020-op-weg-naar-een-nieuw-partnerschap.pdf,42,Zoals al aangegeven is het met name voor Nederland belangrijk dat gedurende 2015 de voorbereidingen zullen worden getroffen voor het voorzitterschap van de U in de periode januari-juni 2016. Dit advies beoogt een aanzet te geven tot standpuntbepaling van de Nederlandse regering. Gezien de voorziene consultaties in 2015 is het goed mogelijk dat gevolgtrekkingen later in het jaar zullen moeten worden bijgesteld en dat andere aspecten nog analyse behoeven. De AIV zal in dat geval overwegen om aanvullend te adviseren. Het advies is als volgt opgebouwd.,Reparations & Justice,1.0
acs-eu-samenwerking-na-2020-op-weg-naar-een-nieuw-partnerschap.pdf,43,"Na deze inleiding staat de AIV stil bij de verande- rende context waarbinnen de ACS–U-samenwerking zich voltrekt. Achtereenvolgens komen geopolitieke factoren, regionalisering, de internationale agenda voor duurzame ontwikkeling en de ﬁnanciering hiervan aan bod. Hoofdstuk III geeft een beeld van de interne institutionele ontwikkelingen aan de zijde van de ACS en de U, waarna hoofd- stuk IV ingaat op de uitvoering van het Verdrag tot nu toe en de behaalde resultaten onder elk van de drie hoofdpijlers (politieke dialoog, ontwikkelingshulp en economische samenwerking en handel). Ook wordt een inschatting gegeven van het functioneren van de bijbehorende instituties. Hoofdstuk V tenslotte, vat de bevindingen samen en geeft conclusies en aanbevelingen voor een eventueel vervolg na 2020.","Remembrance, Heritage & Education",1.0
acs-eu-samenwerking-na-2020-op-weg-naar-een-nieuw-partnerschap.pdf,45,"1-2. 11 II Veranderende context en duiding van de toekomstige betrekkingen tussen de ACS en de U vereist een beschouwing van de bredere context waarin die zich zullen gaan afspelen. Zonder de pretentie te hebben een in breedte en diepte volledig dekkend beeld te verschaffen wordt hieronder aandacht geschonken aan de veranderende geopolitieke verhoudingen, mondialisering en regionalisering, de opkomende nieuwe internationale agenda voor duurzame ontwikkeling en de bijbehorende bronnen van ﬁnanciering. In meer of mindere mate zijn dit externe factoren. De veranderingen die zich binnen de twee groepen verdragspartijen hebben voltrokken worden in het hiernavolgende hoofdstuk belicht.","Remembrance, Heritage & Education",1.0
acs-eu-samenwerking-na-2020-op-weg-naar-een-nieuw-partnerschap.pdf,47,"Die vloeien niet alleen voort uit uiteenlopende geograﬁsche ligging (de Verenigde Staten is wel een Paciﬁc-macht, uropa niet) en ongelijke militaire capaciteit, maar ook uit verschil van opvatting over de gewenste aanpak van spanningen en conﬂicten. uropa was van oudsher de belangrijkste, zo niet enige, samenwerkingspartner voor veel ACS-landen, in het bijzonder in Afrika. Maar sinds ruim een decennium hebben belangrijke opkomende economieën als Brazilië, Rusland, India, China en Zuid-Afrika (BRICS) een herkenbare presentie gekregen, zowel in ACS- en andere (ontwikkelings-) landen als in de VN. Zeker wat betreft het Afrikaanse continent bestaat de indruk dat de interesse van de BRICS vooral wordt ingegeven door de wens om te putten uit de grondstoffenrijkdom en om toegang te verkrijgen – en te behouden – tot afzetmarkten.",Everyday Racism & Modern Racial Inequality,1.0
acs-eu-samenwerking-na-2020-op-weg-naar-een-nieuw-partnerschap.pdf,50,"Hoe ingrijpend de internationale verhoudingen inmiddels zijn gewijzigd blijkt uit de periode na de recente ﬁnanciële crisis toen Angola ﬁnanciële hulp verleende aan Portugal en hoogopgeleide ingenieurs vanuit Portugal naar Angola vertrokken omdat er daar voor hen betere kansen op werk waren.11 Nairobi staat bekend als ‘ Silicon Savannah’, waar e-hub een motor is van vernieuwing en multinationale bedrijven aantrekt. Rwanda, ook een e-hub, heeft wereldwijd de top bereikt van participatie van vrouwen in de politiek. Africa Rising is het nieuwe modewoord voor internationale conferenties sinds Time Magazine de slogan op de voorkant van het blad positioneerde.12 Veel ACS-landen hebben de ambitie om tussen 2020 en 2030 een middeninkomensland te worden.",Everyday Racism & Modern Racial Inequality,1.0
acs-eu-samenwerking-na-2020-op-weg-naar-een-nieuw-partnerschap.pdf,51,"Hiermee geven zij aan te streven naar vermindering van afhankelijkheid van internationale hulp. II.2 Mondialisering én regionalisering van de economie en belangrijke geopolitieke ontwikkeling is de mondialiserende economie. De toenemende vervlechting van markten bemoeilijkt het maken van handelsafspraken. Waren die enkele decennia terug nog simpel gericht op het openstellen van nationale grenzen en aanpassen van importtarieven, nu vragen (soms minder transparante) zaken als subsidie- en prijsbeheer, het hanteren van quota",Everyday Racism & Modern Racial Inequality,1.0
acs-eu-samenwerking-na-2020-op-weg-naar-een-nieuw-partnerschap.pdf,52,"’s, het verlenen van importcertiﬁcaten, kwaliteitseisen, pakkingsvoorschriften en certiﬁcatie om aandacht.13 De toenemende vervlechting van markten en productieketens wereldwijd leidt tot nieuwe problemen en prioriteiten die in de eerste plaats in mondiaal verband dienen te worden aangepakt. Of het Verdrag van Cotonou hiertoe een geschikte bijdrage kan leveren valt nog te bezien. Vast staat dat de armste landen gebaat zullen zijn bij een zo sterk mogelijke vertegenwoordiging om ervoor te zorgen dat mondiale handel bijdraagt aan grotere internationale gelijkheid en rechtvaardigheid. Samenhangend met mondialisering heeft zich in de afgelopen decennia in vele regio’s een proces van intensivering en verdieping van regionale samenwerking voorgedaan, vooral op politiek belangrijke terreinen als economische samenwerking, handel en 11 Zie bijvoorbeeld","Remembrance, Heritage & Education",1.0
acs-eu-samenwerking-na-2020-op-weg-naar-een-nieuw-partnerschap.pdf,54,"<http://www.theguardian.com/world/2011/nov/18/angola-boom-debt-riddled-portugal > ; ‘Portuguese escape austerity and ﬁnd a new l Dorado in Angola’, The Guardian, 16 September 2012, 2011. Zie: <http://www.theguardian.com/world/2012/sep/16/portuguese-exodus-angola-el-dorado",Dehumanization & Scientific Racism,1.0
acs-eu-samenwerking-na-2020-op-weg-naar-een-nieuw-partnerschap.pdf,55,">; Lucy Ash, ‘ Portugal’s jobless graduates ﬂee to Africa and Brazil’, BBC News, Lisbon. Zie:",Dehumanization & Scientific Racism,1.0
acs-eu-samenwerking-na-2020-op-weg-naar-een-nieuw-partnerschap.pdf,59,"De uropese Commissie en individuele lidstaten van de U hebben zich hiervoor ingezet en de afgelopen jaren de institutionele opbouw en uitbouw van de AU actief ondersteunt, inclusief instituties als de Afrikaanse Commissie en het Pan-Afrikaans Parlement. Binnen de ACS-groep wekte deze steun aan de AU in eerste instantie enige wrevel omdat het erop leek dat een concurrent ten tonele was verschenen. Het relatieve overwicht van Afrika binnen de ACS was immers al vaker onderwerp van gesprek geweest. Daarbij kwam dat mondiale spelers eerder geneigd bleken om samen te werken met de AU dan met de ACS-groep vanuit de gedachte dat de ACS-groep een institutie is die voortsproot uit een geprivilegieerde relatie met de U. De verhouding tussen de ACS-groep en de AU is nog altijd niet gemakkelijk, al wordt steeds minder gedacht in termen van uitsluiting en steeds meer langs lijnen van complementariteit en wederzijdse versterking.",Everyday Racism & Modern Racial Inequality,1.0
acs-eu-samenwerking-na-2020-op-weg-naar-een-nieuw-partnerschap.pdf,63,"<http://ec.europa.eu/europeaid/news/joint-statement-european- commissioner-development-andris-piebalgs-and-environment-commissione-0_en>, geraadpleegd op 15 januari 2015. 14 zestig jaar richt de internationale gemeenschap zich op het thema ontwikkeling. Zoals bekend zijn in de afgelopen vijftien jaar vooral de Millennium Development Goals (MDGs) leidend geweest, met aandacht voor armoedebestrijding, voedsel- en waterzekerheid en gezondheid. Daarnaast richtten de MDGs zich ook op enkele duurzaamheidsaspecten als biodiversiteit en klimaat. Het Verdrag van Cotonou gaat hier speciﬁek op in, vooral sinds de herziening van het Verdrag in 2005 toen werd gesteld dat de MDGs als leidraad dienen te fungeren voor de op landenniveau te ontplooien ontwikkelingsstrategieën.16",Dehumanization & Scientific Racism,1.0
acs-eu-samenwerking-na-2020-op-weg-naar-een-nieuw-partnerschap.pdf,64,"De MDGs zullen in 2015 slechts gedeeltelijk zijn gerealiseerd. Gebaseerd op het resterende deel van de agenda en de uitkomsten van de VN-Conferentie over Duurzame Ontwikkeling (Rio+20, 2012) staat de internationale gemeenschap thans een nieuwe en meer omvattende set van doelstellingen voor ogen in de vorm van bovengenoemde SDGs. Deze zijn nu volop in onderhandeling en de verwachting is dat hierover in september 2015 in VN-verband een besluit wordt genomen. Vooralsnog omvat het SDG- pakket 17 doelstellingen en daaraan gekoppeld 169 speciﬁeke doelen die tezamen een agenda voor duurzame ontwikkeling vormen. Uitgangspunt blijft armoedebestrijding met als bijbehorende elementen duurzame ontwikkeling, inclusieve groei, werkgelegenheid, verminderde ongelijkheid, duurzaam gebruik van natuurlijke hulpbronnen, het tegengaan van geweld en misbruik en exploitatie van kinderen en jongeren, en gerevitaliseerd mondiaal partnerschap met betrokkenheid van relevante actoren en maatschappelijke organisaties.",Everyday Racism & Modern Racial Inequality,1.0
acs-eu-samenwerking-na-2020-op-weg-naar-een-nieuw-partnerschap.pdf,66,"Na herziening van het Verdrag in 2005 vermeldt de Preamble dat de millenniumdoelstellingen voor ontwikkeling (...), met name de uitroeiing van extreme armoede en honger, alsmede de ontwikkelingsdoelen en beginselen die zijn overeengekomen tijdens de conferenties van de VN, een duidelijke visie bieden en aan de samenwerking tussen de ACS en de U in het kader van het Verdrag van Cotonou ten grondslag moeten liggen. Zie: Tractatenblad 2005, nummer 295, p. 11. 17 UN Secretary-General, Road to Dignity by 2030: nding Poverty, Transforming All Lives and Protecting the Planet, UN, New York, 4 December 2014, en het Report of the Open Working",Dehumanization & Scientific Racism,1.0
acs-eu-samenwerking-na-2020-op-weg-naar-een-nieuw-partnerschap.pdf,69,"In het kader van de uitkomsten van Busan en de New Deal voor fragiele staten zou het met betere coördinatie en aanvullende middelen mogelijk moeten zijn om ontwikkeling op gang te brengen en in te bedden in regionale vormen van ondersteuning.19 Daarbij is een relevant aanknopingspunt dat maar liefst 39 van de 48 minst ontwikkelde landen zijn vertegenwoordigd in de ACS-groep en tevens ingebed in regionale structuren die deel uitmaken van de ACS.20 Tevens worden de armste landen onder het Verdrag van Cotonou minstens zo goed ondersteund als in andere ontwikkelingssamenwerkingsrelaties. Over herdeﬁniëring van het begrip ODA heeft de AIV eerder opgemerkt dat het niet om bezuiniging zou moeten gaan maar om een herijking.21 Immers, betrouwbaarheid, eigenaarschap en voorspelbaarheid zijn grondbeginselen van internationale afspraken die niet zonder meer unilateraal kunnen worden losgelaten. en verandering van de ODA-deﬁnitie dient voort te komen uit de Declaraties van Parijs, Accra en Busan over effectiviteit van hulp alsmede uit de nieuwe duurzame ontwikkelingsagenda na 2015.",Everyday Racism & Modern Racial Inequality,1.0
acs-eu-samenwerking-na-2020-op-weg-naar-een-nieuw-partnerschap.pdf,70,"Het zal daarbij nodig zijn om kritisch te kijken naar mogelijkheden om tot verbeterde taakverdeling en onderlinge afstemming van hulp te komen (bijvoorbeeld via joint programming die al wel plaatsvindt, maar nog niet altijd even succesvol is) en ook naar innovatieve vormen van ﬁnanciering. en bredere ﬁnancieringsstroom is nodig, gevoed door zowel ofﬁciële geldstromen als particuliere initiatieven, al dan niet in de vorm van blending.22 Deze behoren allen gekoppeld te zijn aan resultaatverplichtingen op het gebied van armoedebestrijding en aan andere overeengekomen doelstellingen van internationale samenwerking. 19 Zie de overeenstemming die in 2011 in Busan bereikt werd, waarin de internationale gemeenschap concrete voorstellen doet om de effectiviteit van hulp te verhogen, met aandacht voor grotere zeggenschap vanuit ontwikkelingslanden zelf, focus op resultaten, verbeterde samenwerking en gedeelde verantwoordelijkheid.",Everyday Racism & Modern Racial Inequality,1.0
actieplan-kinderrechten-st-eustatius.pdf,5,"Het rapport van Unicef heeft veel teweeg gebracht in zowel Nederland als op St. ustatius zelf. Niet alleen de discussie is opgestart hoe we de regels kunnen naleven voor de kinderen die opgroeien in St. ustatius, maar er is ook naar samenwerking gezocht tussen alle landen en bijzondere gemeenten binnen het Koninkrijk der Nederlanden. Tijdens de Koninkrijksconferentie in 2014 is nog een keer extra onderschreven dat elk kind van het Koninkrijk recht heeft op een goede jeugd zoals beoogd met het Internationaal Verdrag inzake de Rechten van het Kind. De Conferentie heeft uitgesproken dat zij het noodzakelijk acht dat alle relevante sectoren van de maatschappij daarbij worden betrokken. Tevens heeft de Conferentie besloten tot de instelling van een Taskforce die de taak heeft gekregen om enerzijds de samenwerking in het Koninkrijk ten aanzien van de Kinderrechten te bevorderen en anderzijds een actieplan dient op te stellen ten behoeve van deze samenwerking.",Everyday Racism & Modern Racial Inequality,1.0
actieplan-kinderrechten-st-eustatius.pdf,10,"Armoedebestrijding, conomische Ontwikkeling en Kinderrechten. De activiteiten die in dit plan zijn opgenomen dienen in lijn te zijn met het actieplan kinderrechten. Tevens zijn er veel raakvlakken op het gebied van armoedebestrijding, jeugdbeleid en economische ontwikkelingen, kortom een integrale aanpak is essentieel. Het actieplan zal dan ook een dynamisch plan zijn en zal in de loop van het proces steeds concreter worden. én van de belangrijke knelpunten die naar voren is gekomen tijdens de verschillende besprekingen met professionals, bestuur en ouders is dat onze kinderen op St. ustatius geen stem hebben binnen het Koninkrijk als het gaat om kinderrechten.",Everyday Racism & Modern Racial Inequality,1.0
actieplan-kinderrechten-st-eustatius.pdf,11,"Daarnaast het feit dat er het Kinderrechten nog een relatief onbekend fenomeen is binnen de Statiaanse cultuur/gemeenschap, extra voorlichting hierover is noodzakelijk. r zijn grote zorgen over het achterblijven van kinderrechten in Caribisch Nederland. Ondanks de zorgen die verschillende organisaties en ook wij als eiland hebben zie je dit nog onvoldoende terug komen in concrete acties vanuit de Rijksoverheid. Als eiland pakken we op dit punt onze verantwoordelijkheid, wetende dat de middelen, expertise en capaciteit beperkt zijn. Het is belangrijk dat er vanuit het eiland gebied iemand wordt aangesteld om de prioriteiten zoals ze in dit actieplan zijn opgenomen uit te werken, hier is een strategisch beleidsadviseur voor nodig.",Everyday Racism & Modern Racial Inequality,1.0
actieplan-kinderrechten-st-eustatius.pdf,21,"De overheid respecteert de eerste verantwoordelijkheid van ouders en voogden, geeft hen ondersteuning en creëert voorzieningen voor de zorg van kinderen, ook voor kinderopvang als de ouders werken. Artikel 19: Bescherming tegen kindermishandeling Het kind heeft recht op bescherming tegen alle vormen van lichamelijke en geestelijke mishandeling en verwaarlozing zowel in het gezin als daarbuiten. De overheid neemt maatregelen ter preventie en signalering hiervan en zorgt voor opvang en behandeling.",Everyday Racism & Modern Racial Inequality,1.0
actieplan-kinderrechten-st-eustatius.pdf,30,"hier aan te koppelen. Onder aanpak zien we graag een koppeling van de volgende thema’s: werk en inkomen, kinderrechten, huiselijk geweld, registratie/kindvolgsysteem, woningbouw en leefbaarheid. De focus dient te liggen op een meerjarige en integrale aanpak om de achterstanden en complexe problemen op het eiland aan te pakken. Al bestaande plannen die zijn opgesteld voor de ontwikkeling van het eiland zullen in de aanpak worden meegenomen. Het Openbaar Lichaam Sint ustatius heeft Binnenlandse Zaken om ondersteuning gevraagd bij het opzetten van de een integrale (wijk)aanpak.",Everyday Racism & Modern Racial Inequality,1.0
actieplan-kinderrechten-st-eustatius.pdf,32,"Het Openbaar Lichaam zal als regisseur optreden en gezamenlijk met de ketenpartners bespreken welke mogelijkheden er zijn om de samenwerking te verbeteren en te formaliseren. Door middel van een convenant op strategisch niveau, reguliere overleggen over de samenwerking op operationeel niveau en casus overleg pakken we gezamenlijk met de ketenpartners belemmeringen in de samenwerking één voor één aan. Het eerste overleg met de ketenpartners om dit op te pakken vind plaats in maart 2015, in hoofdstuk 3 van dit actieplan zullen de randvoorwaarden en actiepunten voor ketensamenwerking St. ustatius nader worden beschreven. Ronde tafel gesprekken kinderrechten:",Everyday Racism & Modern Racial Inequality,1.0
actieplan-kinderrechten-st-eustatius.pdf,36,"2015 8 Opvoedingsondersteuning: in 2013 zijn de Triple P trainingen voor professionals afgerond. Verschillende professionals zijn getraind, op initiatief van het CJG zullen er vervolgtrainingen worden ingepland waar de partners zich op in kunnen schijven. Het Openbaar Lichaam zal inventariseren of hier belangstelling voor is.",Everyday Racism & Modern Racial Inequality,1.0
actieplan-kinderrechten-st-eustatius.pdf,40,"Aanpak huiselijk geweld en kindermishandeling: voor de aanpak van huiselijk geweld en kindermishandeling is er een plan van aanpak voor Caribisch Nederland gemaakt door het bureau Regioplan in opdracht van V&J, VWS en OCW. De uitvoering berust op drie pijlers; voorlichting en educatie, aanpak casuïstiek en de aanpak van achterliggende problematiek zoals armoede en gebrek aan duurzaamheid. Deze uitvoering ligt bij de verschillende ketenpartners maar het Openbaar Lichaam zal als beleidsregisseur en coördinator van de uitvoering moeten optreden. Om beleid vorm te geven op dit gebied heeft het Openbaar Lichaam St. ustatius een projectgroep opgericht, met als opdracht dat er 1 juli 2015 een conceptbeleidsplan gereed is.",Everyday Racism & Modern Racial Inequality,1.0
actieplan-kinderrechten-st-eustatius.pdf,41,"Het grootste knelpunt voor de aanpak is het ontbreken van een Safe House, bij het thema safety net gaan we hier verder op in. Ter overbrugging heeft het Openbaar Lichaam 1 studio beschikbaar gesteld voor noodopvang. Vanuit het ministerie V&J en VWS is geruime tijd geleden ondersteuning in de vorm van een kwartiermaker toegezegd, bekeken dient te worden hoe dit wordt ingevuld omdat door de vertraging de werkgroep al van start is gegaan. W",Everyday Racism & Modern Racial Inequality,1.0
actieplan-kinderrechten-st-eustatius.pdf,42,"CAN Young: begin 2015 is het team van W CAN Young getraind voor de uitvoering van de campagne. Deze campagne gaat onder andere in op het vergroten van de seksuele en relationele weerbaarheid van jongeren, maar ook op andere onderwerpen die jongeren aanspreken en waar zij zelf wat aan willen veranderen. Het CJG heeft aangegeven te willen participeren in dit ST. USTATIUS CARIBISCH NDRLAND Actieplan Kinderrechten",Everyday Racism & Modern Racial Inequality,1.0
actieplan-kinderrechten-st-eustatius.pdf,46,"Gelijktijdig dient er gekeken te worden naar oplossingen die kunnen worden ingezet. Denk hier aan een kindertelefoon, protocol huiselijk geweld en kindermishandeling, centraal meldpunt, opvang, ondersteuning ouders, preventiecampagne rondom dit thema en training van professionals. Preventieprogramma’s: De thema’s waarvoor preventiecampagnes moeten worden ontwikkeld en uitgevoerd en waar voorlichting over wordt gegeven zijn huiselijk geweld en kindermishandeling, gezonde voeding en beweging, alcohol- en drugsgebruik, opvoedondersteuning, voorlichting voor nieuwe ouders, en seksuele voorlichting. Voor al deze campagnes geldt dat er van te voren een plan van aanpak moet worden opgesteld, met evaluatie momenten en meetbare resultaten.",Everyday Racism & Modern Racial Inequality,1.0
actieplan-kinderrechten-st-eustatius.pdf,48,"In het door Unicef opgeleverde rapport kwam duidelijk het gebrek van een goed en sluitend safety net naar voren. r zijn na schooltijd weinig activiteiten voor kinderen, de naschoolse opvang heeft onvoldoende capaciteit, gebrek aan samenwerking tussen organisaties en het ontbreken van faciliteiten en opvang. Door middel van het opzetten van een “brede schoolaanpak” willen we hier verbetering in aan brengen. In maart 2015 is het Openbaar Lichaam samen met ctuconsult en SZW gestart met de gesprekken met alle relevante ketenpartners om interesse te inventariseren en een plan van aanpak op te stellen. In hoofdstuk 3 van dit actieplan wordt er nader ingegaan op de uitkomst van dit traject en de daaruit voortvloeiende activiteiten, planning en financiën.",Everyday Racism & Modern Racial Inequality,1.0
actieplan-kinderrechten-st-eustatius.pdf,55,"Verpleegkundigen: het bevorderen en bewaken van de jeugdgezondheid, 0-19 jarigen. 0-4 jarigen  Baby Clinic - Ouders/moeders worden in de Baby Clinic geïnformeerd over de ontwikkeling van hun kind. Ouders krijgen advies, ook ongevraagd, over bijvoorbeeld borstvoeding, leefomgeving - De groei en ontwikkeling van monitoren dmw metingen en testen - Indien nodig (altijd) via de huisarts doorverwijzen naar ketenpartners zoals CJG voor extra ondersteuning bij de opvoeding. - Uitvoering Rijksvaccinatieprogramma 4-19 jarigen ",Everyday Racism & Modern Racial Inequality,1.0
actieplan-kinderrechten-st-eustatius.pdf,59,"- Vaccinatie programma - Seksuele voorlichting Centrum voor Jeugd en Gezin: Het Centrum voor Jeugd en Gezin (CJG) heeft mede als doelstelling de rol van ouders in de opvoeding te expliciteren en te versterken. Dit gebeurt middels een aantal modaliteiten waarbij gedacht kan worden aan: - Samenwerking met GGD t.a.v. voorlichting omtrent ontwikkelingstaken - Ambulante hulpverlening - Laagdrempelige opvoedingsvraagstukken - Preventie - Hulpverlening in het gedwongen kader middels een onder toezicht stelling (OTS) Het doel van de hulpverlening is het vergroten van inzicht van de ouders in de ontwikkelingsbehoeften van kinderen en jeugdigen, het versterken van aanwezige pedagogische vaardigheden, het aanleren van nieuwe pedagogische vaardigheden, het blootleggen van het systeemmilieu en het versterken van de ouderlijke betrokkenheid zodat de kinderen en jeugdigen die het betreft zoveel mogelijk kunnen toekomen aan de voor hun leeftijdscategorie geldende ontwikkelingstaken. Maatschappelijk werk:","Remembrance, Heritage & Education",1.0
actieplan-kinderrechten-st-eustatius.pdf,68,"armoedebestrijding, economische ontwikkeling en kinderrechten. Bij de hieronder beschreven prioriteiten zijn de drie hoofdthema’s van de organisatie continu meegenomen. Het actieplan kinderrechten dient een dynamisch plan te zijn, de gestelde prioriteiten staan voorop, maar er moeten worden ingespeeld op ontwikkeling binnen de organisatie, ketenpartners en het eiland zelf. Per kwartaal dienen de prioriteiten zowel intern als met de ketenpartners worden besproken en dienen de acties indien nodig hierop worden bijgesteld. Het Openbaar Lichaam is verantwoordelijk voor het actieplan en zal deze rol dan ook actief uitvoeren.",Everyday Racism & Modern Racial Inequality,1.0
actieplan-kinderrechten-st-eustatius.pdf,69,Prioriteit 1 Actieplan Kinderrechten St. ustatius: Versterking safety net St. ustatius 1. Implementeren versterking safety net 2. Beleidsontwikkeling kinderopvang en naschoolse opvang St. ustatius 3.,Everyday Racism & Modern Racial Inequality,1.0
bijlage-jaarplan-2015.pdf,55,"De uren voor de vaste vraag zetten wij in op basis van een ADR-brede afweging. Het vertrekpunt is dat wij de produc- ten die onder de vaste vraag vallen, uitvoeren binnen de uren die daarvoor voor alle ministeries in totaliteit zijn geraamd. r is dus sprake van één rijksbreed urenbudget voor alle producten in de ‘box vaste vraag’. Wij hebben de opdracht om binnen dit urenbudget de producten vaste vraag te leveren met de kwaliteit die van ons verwacht mag worden. De variabele vraag en de vraag uropese Unie plannen",Everyday Racism & Modern Racial Inequality,1.0
bijlage-jaarplan-2015.pdf,57,"Vervolgens hebben wij in kaart gebracht hoeveel capaciteit per ministerie nodig is voor de ‘box vaste vraag’ om de daarin opgenomen producten te kunnen leveren. Dit verschilt per ministerie, afhankelijk van de aard en het aantal producten in de vaste vraag. Om voldoende ruimte beschikbaar te houden voor de variabele vraag, hebben wij de taakstelling 2015 voor het leeuwendeel ten laste gebracht van de vaste vraag. De werkzaamheden die wij uitvoeren voor de uropese Unie zijn veelal offerte- gefinancierd. De werkzaamheden zijn dus sterk afhankelijk van het aantal te toetsen programma’s.",Everyday Racism & Modern Racial Inequality,1.0
bijlage-jaarplan-2015.pdf,76,"Producten in de ‘box vaste vraag’ 2015 Vaste producten voor de departementale leiding samenvattende rapporten bedoeld in artikel 66 van de Comptabiliteitswet 2001 rapporten van bevindingen bedoeld in artikel 67 van de Comptabiliteitswet 2001 departementale deel- en interim-rapporten controleverklaring bij het beheersverslag van de Belastingdienst controleverklaringen en rapporten van bevindingen bij jaarrekeningen van agentschappen, stichtingen e.d. rapporten over de naleving van BIR, WPG, WBP, e.d. rapporten over grote projecten die door de Tweede Kamer onder de Regeling grote projecten zijn aangewezen Vaste producten voor interdepartementaal gebruik controleverklaringen, assurance-rapporten e.d. bij shared service-organisaties jaarlijks rapport over de uitkomsten van de single review met betrekking tot specifieke uitkeringen aan medeoverheden rapportages grote en hoogrisico",Dehumanization & Scientific Racism,1.0
bijlage-jaarplan-2015.pdf,79,"Horizontale clusters en klantclusters ontwikkelen samen uniforme aanpakken voor ADR-brede thema’s uitgaande van bestaande best practises in de ADR. In 2015 gaan we verder met de intensivering van de samenwerking tussen financial, IT- en opera­tional auditors. Verder wordt onderzocht op welke vlakken nog meer een horizontale aanpak mogelijk is. Daar- bij wordt uiteraard gekeken naar de diverse uitgavencategorieen maar ook naar de ontwikkeling van de rijksbrede thema's. De tendens om steeds meer bedrijfsvoeringstaken te bundelen in shared service organisaties biedt bijvoorbeeld goede aanknopingspunten voor een verdere horizontalisering van de controleaanpak.",Everyday Racism & Modern Racial Inequality,1.0
bijlage-jaarplan-2015.pdf,90,"Jaarplanthema’s Overzicht geplande werkzaamheden 3.4 Vraag uropese Unie De ADR voert in opdracht van de ministers van Z, SZW, VenJ, inanciën, IenM, BZK, OCW, VWS en Buitenlandse Zaken werkzaamheden uit voor de uropese Unie. Deze werkzaamheden zijn nodig om als lidstaat Nederland invulling te geven aan de voorschriften uit de uropese regel­ geving.",Everyday Racism & Modern Racial Inequality,1.0
bijlage-jaarplan-2014.pdf,10,"Dit gaat natuurlijk niet altijd vanzelf, maar met de goede richting, de juiste focus en de grote inzet van professionele medewerkers behalen wij de gestelde doelen. Wij doen dat in een omgeving die continu in beweging is en nog steeds de gevolgen van de financiële crisis met zich meedraagt. Ministeries staan voor de uitdaging om meer samen te werken, om de beperkte(re) middelen optimaal in te zetten en om tegelijkertijd met de techno- logische ontwikkelingen mee te groeien. Daarbij zien wij ook dat de verbinding tussen organisa- ties steeds nauwer wordt, waarbij ketens nog bestaan, maar wij inmiddels beter kunnen spre- ken van netwerken om de complexiteit van de bestuurlijke verankering te duiden. De overdracht van gelden naar de medeoverheden zorgt er daarbij voor dat een aanzienlijk deel van de rijksbegroting via overdrachtsuitgaven besteed wordt.","Remembrance, Heritage & Education",1.0
bijlage-jaarplan-2014.pdf,16,In dit jaarplan presenteren wij per ministerie de belangrijkste aandachtsgebieden en onder­ werpen die naar voren kwamen bij onze analyse van de auditbehoeften voor 2014. De bijlage bevat voor elk ministerie de gemaakte afspraken die het uitgangspunt zijn voor de uitvoering van de onderzoeken 2014. Het auditcommittee van elk ministerie stelt deze afspraken vast. De wijze waarop wij onze activiteiten plannen en presenteren is gewijzigd ten opzichte van vorig jaar om de kwaliteit van onze processen en producten verder te verbeteren. Onderstaand gaan wij allereerst in op de aanleiding en doelstellingen van de nieuwe systematiek.,Reparations & Justice,1.0
bijlage-jaarplan-2014.pdf,41,"Overzicht geplande werkzaamheden 8 | Jaarplan Auditdienst Rijk 2014 Variabele vraag lk ministerie bepaalt jaarlijks de variabele vraag binnen het daarvoor beschikbare urenbudget. De opdrachten die wij uitvoeren in het kader van de variabele vraag en de producten die daaruit resulteren, zijn niet standaard elk jaar hetzelfde. Bij de variabele vraag gaat het om opdrachten die voorzien in specifieke behoeften van de leiding van het ministerie. De probleemstelling van de opdrachtgever staat daarbij centraal.",Everyday Racism & Modern Racial Inequality,1.0
bijlage-jaarplan-2014.pdf,42,"De vraagstelling is flexibel en sluit aan op actuele vraagstukken die bij het betrokken ministerie spelen. Per ministerie hebben wij op basis van onze gesprekken met het departementale management aandachtsgebieden en onderwerpen benoemd waarop wij in 2014 auditcapaciteit voor de ­variabele vraag inzetten. Door aandachtsgebieden en onderwerpen te benoemen in plaats van concrete onderzoeksopdrachten, is er maximale vrijheid voor de ministeries om in de loop van het jaar de variabele vraag in te vullen, al naar gelang de actuele behoefte gegeven de ­ontwikkelingen op dat moment. De ADR bespreekt met elk ministerie hoe de variabele vraag gedurende het jaar concreet wordt ingevuld. De afgesproken producten leveren wij vervolgens in de afgesproken kwaliteit en binnen het overeengekomen tijdpad.",Everyday Racism & Modern Racial Inequality,1.0
bijlage-jaarplan-2014.pdf,48,"Om efficiencywinst binnen de ‘box vaste vraag’ te boeken, stroomlijnen wij onze werkprocessen en zetten wij zo slim mogelijk IT-middelen in. Daarnaast gaan wij met de ministeries het gesprek aan over de manier waarop de interne governance is geregeld. Uitgangspunt daarbij is dat de ‘three lines of defence’ (operationeel lijnmanagement, controller en interne audit­functie) optimaal functioneren. Wij maken met de ministeries heldere afspraken over het uitvoeren van interne controles binnen het ministerie en over het aanleveren van informatie door ­gecontroleerde diensten (‘prepared by client’). Voorwoord unctioneren van de ADR Inhoud",Dehumanization & Scientific Racism,1.0
bijlage-jaarplan-2014.pdf,52,"Controleverklaring bij de jaarrekening van de AM Naast deze departementale producten brengen wij de volgende rijksbrede notities uit voor het SG-overleg: • in het voorjaar een rijksbrede samenvatting van de hoofdlijnen van de samenvattende rapporten; • in het najaar een tussentijds rijksbreed beeld (‘early warnings’). De producten die wij per ministerie in het kader van de vaste vraag leveren, zijn vermeld in de bijlage bij dit jaarplan. Voor het realiseren van deze producten is in totaal 432.700 uur beschik- baar. In dit totaal is 5.000 uur opgenomen aan werkzaamheden voor VenJ waarvoor de ADR nog financiële dekking van dit ministerie moet krijgen. Deze uren hebben betrekking op de voor- ziene dienstverlening van de ADR aan VenJ op het terrein van de nationale politie (1.000 uur), de Wet politiegegevens (1.500 uur) en het verbeterplan financieel beheer (2.500 uur).",Reparations & Justice,1.0
bijlage-jaarplan-2014.pdf,53,"Vraag uropese Unie De ADR voert in opdracht van de ministers van Z, SZW, VenJ, inanciën, IenM, BZK, OCW en Buitenlandse Zaken werkzaamheden uit voor de uropese Unie. Deze werkzaamheden zijn nodig om als lidstaat Nederland invulling te geven aan de voorschriften uit de uropese regel­ geving. Het gaat hierbij om de taken die de ADR heeft als: • auditautoriteit voor de uropese structuurfondsen RO (inclusief Interreg) en S, het uropees visserijfonds (V) en de uropese migratiefondsen (I, B, T en VL);",Everyday Racism & Modern Racial Inequality,1.0
bijlage-jaarplan-2014.pdf,76,Wij willen namelijk onze capaciteit op het terrein van IT-auditing optimaal inzetten en richten op de systemen die er het meest toe doen. Wij besteden daarbij ook aandacht aan aspecten die verband houden met de weerbaarheid van deze systemen. De belangstelling voor grote en hoogrisico ICT-projecten tot slot blijft onverminderd groot. De minister van BZK rapporteert daarover jaarlijks aan de Tweede Kamer. Deze rapportage voorzien wij van een rapport.,Everyday Racism & Modern Racial Inequality,1.0
bijlage-jaarplan-2014.pdf,80,"• aansluiting Defensie; • afstemming met de Algemene Rekenkamer ; • onderzoek tevredenheid opdrachtgevers. Strategische ontwikkelingen In 2014 brengen wij een publicatie uit over onze strategische visie, waarmee wij aangeven hoe wij omgaan met rijksbrede ontwikkelingen: decentralisatie van de beleidsuitvoering, ­centralisatie van de bedrijfsvoering en het bieden van meer openheid (‘radicale transparantie’).",Everyday Racism & Modern Racial Inequality,1.0
bijlage-jaarplan-2014.pdf,81,"Verder brengen wij in kaart op welke manier wij het best kunnen inspelen op ontwikkelingen in het auditberoep en op de mogelijkheden die de voortschrijdende technologische ontwikkeling ons biedt. Dit alles vertalen wij in kansen voor onze eigen organisatie (in termen van omvang, deskundigheidsgebied, vaardigheden, etc.) en voor de ministeries. Bedrijfsvoering, ICT en invoering TeamMate In de zomer van 2013 heeft de SG van inanciën in lijn met de wens van de ADR besloten de regie op de bedrijfsvoering van de ADR over te dragen van de directie Bedrijfsvoering van ­inanciën naar de Belastingdienst. De Belastingsdienst kent net als de ADR een grote landelijke spreiding en dat biedt een beter vertrekpunt voor het versterken van de bedrijfsvoering van de ADR.",Everyday Racism & Modern Racial Inequality,1.0
14e-uitvoeringsrapportage-sdkk.pdf,14,"r werd een enorme slag gemaakt door het Waterproject (reparatie en vervanging van sanitair door de gehele inrichting) in eigen beheer te gaan uitvoeren. Het projectteam zag kans de benodigde onderdelen te verkrijgen waarna een lokale loodgieter werd ingezet om, cel voor cel, het sanitair werkend te maken. Thans worden meerdere onderdelen aangeschaft om verdere uitvoeringsplannen te realiseren. 5 Voorbereidingen voor het plaatsen van de bodyscanners bij de het toegangsgebouw zijn gaande (zie bijlage 3). Bij beide ingangen, bezoekers en personeel komt er één.",Reparations & Justice,1.0
14e-uitvoeringsrapportage-sdkk.pdf,15,en informatiecampagne zal opgestart worden waar personeel geïnformeerd wordt over de toepassing van de bodyscan en dat er geen gezondheidsrisico aan verbonden zijn. De advocatenruimten zijn gerenoveerd eind vorig jaar onder het toezicht van SDKK. Per abuis stond dit project onder USONA-project. De renovatiekosten zijn ondergebracht bij de Landsbegroting. Hetgeen in het Plan van Aanpak is ondergebracht is het loods waarin de bezoeken plaatsvinden.,Everyday Racism & Modern Racial Inequality,1.0
14e-uitvoeringsrapportage-sdkk.pdf,50,Met het vertrek van de ondersteuners van de Dienst Justitiële inrichtingen (DJI) zoals al eerder aangegeven in deze rapportage is de sturing geheel bij het directieteam van het SDKK. Het management team wordt wekelijks over de stand van zaken m.b.t. de uitvoering van de deelprojecten op de hoogte gehouden. Om de overgedragen taken te kunnen sturen hebben zij gekozen voor een samenwerkingsverband binnen de inrichting waar bij de uitvoering van alle projecten naast de twee vaste aangewezen projectleden ook de andere afdelingen binnen SDKK bij de voorbereidingen ondersteuning verlenen. Wat thans voor u ligt is het resultaat van de gezamenlijke inspanning hiervan. Dit past binnen de filosofie van de Plan van Aanpak waar gestuurd wordt op de voortgang door voldoende inzet van personeelleden en beschikbaarheid van middelen.,Everyday Racism & Modern Racial Inequality,1.0
14e-uitvoeringsrapportage-sdkk.pdf,62,"Hierover is een interne maatregel genomen bij wijze van crisismaatregel om aan medewerkers een eerstdaags meldingsplicht bij de Arbodienst op te leggen. Het jaar 2015 zal in het teken komen te staan van sturing op maandrapportages, goede controle op de registratie en het consequent doorvoeren van de sancties. en gestructureerde aanpak van het genoemde ziekteverzuim zal moeten leiden tot een cultuurverandering, een hogere productiviteit en een positievere werkhouding. De volgende stap is een analyse van het ziekteverzuim op Unit- en/of afdelingsniveau en onderzoek naar werkgerelateerde situaties. De maandelijkse frequentie van het SMT-overleg wordt in 2015 gecontinueerd.",Everyday Racism & Modern Racial Inequality,1.0
14e-uitvoeringsrapportage-sdkk.pdf,64,Implementatie van het functieboek 2009 is van belang en dient gerealiseerd te worden. Op dit moment worden binnen SDKK twee functieboeken gehanteerd (2007 en 2009) en dit komt de duidelijkheid in de organisatiestructuur niet ten goede. Op rechtspositioneel gebied vindt er nog afhandeling van rechtspositionele zaken plaats in het kader van functieboek 2007 en anderzijds wordt geanticipeerd op implementatie van functieboek 2009. Dit leidt tot fricties in de praktijk. 6.2.,Everyday Racism & Modern Racial Inequality,1.0
14e-uitvoeringsrapportage-sdkk.pdf,72,"De enige werkplaats die operationeel was is de naaiwerkplaats. De naaiwerkplaats is binnen het gebouw van de Vocational building gevestigd en is verantwoordelijk voor de uniformen van de gedetineerden. Knelpunten gedurende deze periode: • Vanwege veiligheidsredenen konden er minder gedetineerden op les. • en defect koelingsysteem in twee van de 7 ruimten binnen de onderwijsafdeling • Tekort aan personeel (beveiligingbeambten) vanwege het verzorgen van cursussen voor het personeel • Niet opgevulde vacatures die onder de afdeling onderwijs ressorteren, zoals activiteitenbegeleiders en ook een administratieve kracht.",Everyday Racism & Modern Racial Inequality,1.0
14e-uitvoeringsrapportage-sdkk.pdf,74,"en keer maand treden de afgevaardigden van de directie in gesprek met de commissies om samen te komen tot oplossingen/verbetervoorstellen. De aanvraag voor een module in het bestaande Prison Adminsitration System (PAS) is recent (in 2015) goedgekeurd waardoor er nu aanvang wordt gemaakt met de verbetering van de klachtenregistratie. 6.4. Overige randvoorwaarden Zoals hierboven gerapporteerd, lijkt de eerder geconstateerde voortvarendheid in de administratieve afhandeling bij USONA minder te zijn geborgd dan eerder was bedacht. Bij tijd en wijle duurt het afgeven van verplichtingen bij USONA te lang, waardoor de kans op verdere vertraging beduidend toeneemt.",Everyday Racism & Modern Racial Inequality,1.0
14e-uitvoeringsrapportage-sdkk.pdf,77,Randvoorwaarden Voor de randvoorwaarden wordt verwezen naar Punt 6: ‘Knelpunten/Risico’s’. 7.2 Voortgang projecten In Bijlage,Everyday Racism & Modern Racial Inequality,1.0
lp-v-j-0000007301.pdf,14,"Waarom is er toezicht? Deze op het oog simpele vraag vormt de basis voor het effectief functio- neren van de Inspectie VenJ. In de kern komt haar toezicht op de volgende drie taken neer : • het toetsen of de organisaties, die werkzaam zijn op het terrein van veiligheid en justitie, (inter)nationale wet- en regelgeving naleven; • het beoordelen van de kwaliteit van de taakuitvoering door diezelfde organisaties en het aanzetten tot verbetering daarvan; • het signaleren van risico’s die zich bij de taakuitvoering voordoen.",Everyday Racism & Modern Racial Inequality,1.0
lp-v-j-0000007301.pdf,17,"het (vroeg)tijdig signaleren en agenderen van relevante ontwikkelingen en risico’s op het terrein van veiligheid en justitie. 1.3 Toezichtgebieden De Inspectie VenJ opereert in een uiterst diverse omgeving: van de nationale politie tot de Raad voor de Kinderbescherming, van de IND tot het gevangeniswezen.",Everyday Racism & Modern Racial Inequality,1.0
lp-v-j-0000007301.pdf,28,"VenJ is breed en divers. Daarom moet zij – conform de uitgangspunten in de Kaderstellende Visie op Toezicht – selectief zijn ten aanzien van de onder- zoeksprogrammering. Dit geldt ook voor de focus, diepgang en intensiteit van haar onderzoe- ken. Immers, het is onmogelijk en ook niet nodig om altijd en overal met dezelfde diepgang en intensiteit toezicht te houden. Bij deze keuzes baseert de Inspectie",Everyday Racism & Modern Racial Inequality,1.0
lp-v-j-0000007301.pdf,42,"De Inspectieraad is het samenwerkingsverband van de rijksinspecties. De Inspectieraad bevordert dat de inspecties werken volgens de zes principes van goed toezicht: onafhankelijk, professio- neel, transparant, selectief, slagvaardig en samenwerkend. Deze principes zijn opgenomen in de Kaderstellende visie op toezicht. De Inspectieraad is tevens opdrachtnemer en uitvoerder van besluiten van het kabinet of de eerstverantwoordelijke minister die gaan over de coördinatie van en samenwerking in het toezicht van algemene aard door de rijksinspecties. In de Inspectieraad is afgesproken dat de rijksinspecties zoveel mogelijk samenwerken.",Everyday Racism & Modern Racial Inequality,1.0
lp-v-j-0000007301.pdf,45,"De Inspectie VenJ is door de staatssecretaris van Veiligheid en Justitie aangewezen als coördinator van het Nederlandse nationaal preventie- mechanisme. Andere deelnemers zijn de Inspectie voor de Gezondheidszorg, de Inspectie Jeugdzorg en de Raad voor Strafrechtstoepassing en Jeugdbescherming. Daarnaast zijn bij het NPM-overleg de volgende toehoorders aangewezen: de Commissies van Toezicht voor justitiële inrichtingen, de Commissies van Toezicht Arrestantenzorg en de Commissie van Toezicht Detentieplaatsen Koninklijke Marechaussee.",Everyday Racism & Modern Racial Inequality,1.0
lp-v-j-0000007301.pdf,50,"Hierbij kan zich het risico voordoen dat organisaties in zichzelf keren, wat ten koste kan gaan van hun presterend vermogen en van de effectiviteit van de samenwerking binnen ketens en netwerken. De Inspectie heeft daarom speciale aandacht voor het presteren van deze organisaties: blijft de taakuitvoering voldoen aan de kwaliteitsnormen? In het verlengde hiervan ziet de Inspectie VenJ dat er bij deze reorganisaties steeds meer aandacht is voor de professionele autonomie van de medewerker. Deze moet minder last hebben van interne administratieve lasten en bureaucratie, en binnen de gestelde kaders meer vanuit de eigen verantwoordelijkheid kunnen handelen. Hierbij is het van groot belang dat de medewer- kers in voldoende mate worden gefaciliteerd, bijvoorbeeld door eenduidige richtlijnen, goede opleidingen, functionerende ICT-voorzieningen en een passende vorm van leiderschap.",Everyday Racism & Modern Racial Inequality,1.0
lp-v-j-0000007301.pdf,55,"Als dergelijke vragen niet bevestigend worden beantwoord, kan dit ten koste gaan van burgers en bedrijven. Dit is onwenselijk. Daarnaast kan het een negatief effect hebben op de effectiviteit van de inspannin- gen van de organisaties. en complicerende factor hierbij is dat het voor organisaties niet altijd voldoende duidelijk is welke informatie ze wel of niet mogen delen. lexibiliteit binnen kaders",Everyday Racism & Modern Racial Inequality,1.0
lp-v-j-0000007301.pdf,62,"VenJ kijkt naar de kwaliteit van zowel de voorbereiding als de prestaties. Om de prestaties vast te stellen beoordeelt de Inspectie VenJ de door veiligheidsregio’s georgani- seerde systeemtesten. Ook betrekt zij hierbij evaluaties van grootschalige incidenten. Indien nodig, voert zij zelf een incidentonderzoek uit.",Everyday Racism & Modern Racial Inequality,1.0
lp-v-j-0000007301.pdf,63,"Om de kwaliteit van de voorbereiding op mogelijke rampen en crises in kaart te brengen, voert de Inspectie VenJ in 2015 de volgende thematische onderzoeken uit. • Opvolging van de ‘Aanbevelingen Staat 2013’ In augustus 2014 is de Inspectie VenJ gestart met een onderzoek naar de opvolging van de aanbevelingen van de ‘Staat van de Rampenbestrijding 2013’. Hierbij beoordeelt zij of de veilig- heidsregio’s de eerder geconstateerde tekortkomingen hebben opgepakt. Dit onderzoek loopt door in 2015.",Everyday Racism & Modern Racial Inequality,1.0
lp-v-j-0000007301.pdf,71,"De Inspectie VenJ is verzocht om dit uit te voeren en hier halfjaarlijks over te rapporteren. Dit heeft zij in 2013 en 2014 ook gedaan. De minister heeft de Inspectie VenJ in september 2014 formeel verzocht om dit toezicht te verbre- den naar het gehele veranderproces. Dit betekent dat naast de operationele doelen, ook de perso- 14 Werkprogramma 2015 nele reorganisatie en het in werking brengen van de nieuwe politieonderdelen bij het toezicht worden betrokken.",Everyday Racism & Modern Racial Inequality,1.0
lp-v-j-0000007301.pdf,77,"Ontwikkeling ind 2017 dient het proces van de vorming van de nationale politie te zijn afgerond. Parallel aan het toezicht op deze reorganisatie, vindt de ontwikkeling van het structurele toezicht op de nieuwe politieorganisatie plaats. ind 2017 moet de reorganisatie zijn afgerond en moet er een kwalitatief betere politie zijn. Wat dit concreet voor het toezicht betekent zal de Inspectie – in overleg met het veld – het komende jaar nader bepalen.",Everyday Racism & Modern Racial Inequality,1.0
150604-maritieme-strategie-lr-2.pdf,12,"Het is ons nationale visitekaartje als het gaat om innovatie, durf en ondernemingszin. igenschappen die er aan hebben bijgedragen dat de maritieme cluster nieuwe wegen kon inslaan bij een veranderende wereld en economie. De cluster is wereldwijd toonaangevend in oplossingen die anderen niet zien of niet aandurven. Hiermee is Nederland hét maritieme centrum van uropa met één van de sterkste maritieme clusters van de wereld. Inleiding Nederland heeft als handelsnatie een sterke maritieme positie in de wereld kunnen opbouwen, mede dankzij zijn strategische ligging aan de monding van de Maas, Rijn en Schelde.",Everyday Racism & Modern Racial Inequality,1.0
150604-maritieme-strategie-lr-2.pdf,13,Dat blijkt wel uit de internationale toppositie van de sectoren uit de Nederlandse maritieme cluster. en cluster die bij uitstek internationaal georiënteerd en gereguleerd is. Rotterdam wordt beschouwd als “gateway” van uropa en bedient als grootste haven van uropa een achterland met honderden miljoenen inwoners. Nederland heeft een open economie en behoort tot de tien grootste exporteurs in de wereld. De maritieme cluster draagt daar in belangrijke mate aan bij doordat ruim de helft van de omzet van de maritieme cluster in het buitenland wordt gerealiseerd.,Everyday Racism & Modern Racial Inequality,1.0
150604-maritieme-strategie-lr-2.pdf,14,"De totale export van de cluster bedroeg in 2013 ruim € 21 miljard. De Nederlandse maritieme cluster is actief op alle continenten en omvat binnenvaart, havens, maritieme dienstverlening (inclusief maritieme onderwijs- en kennisinstituten), maritieme toeleveranciers, offshore, scheepsbouw, visserij, waterbouw, watersportindustrie en zeescheepvaart. Ook de Koninklijke Marine hoort hierbij. Deze zorgt voor adequate behartiging van vitale Nederlandse maritieme belangen door zorg te dragen voor een wereldwijd ongehinderd vervoer van grondstoffen en goederen en verzekerde toegang tot maritieme infrastructuren. De maritieme cluster biedt in 2013, met zo’n 12.000 bedrijven, werkgelegenheid aan circa 224.000 mensen en realiseerde een totale toegevoegde waarde van € 21 miljard.",Colonial Exploitation & Economic Inequality,1.0
150604-maritieme-strategie-lr-2.pdf,16,"De genoemde kennisspillovers bestaan uit innovatie- en arbeidsmarkteffecten. Daarbij heeft de zeevaart een aanjaagfunctie voor innovatie en kennisontwikkeling in andere sectoren. Via de jaarlijkse uitstroom van werknemers uit de zeevaartsector vloeit er belangrijke kennis naar de offshore, waterbouw, havens en maritieme dienstverleners. De Nederlandse havens zijn een voorbeeld van ruimtelijke relaties in de maritieme cluster doordat zij logistieke knooppunten zijn en een belangrijke vestigingsplaats zijn voor (grootschalige) industrie en dienstencentra. Hierdoor kunnen ook andere bedrijven profiteren van de agglomeratie- en imagoeffecten die dat biedt.",Everyday Racism & Modern Racial Inequality,1.0
150604-maritieme-strategie-lr-2.pdf,21,"Hierbij verschuift het geostrategische gewicht van OSO-economieën in de wereldeconomie naar opkomende markten. Naast de BRICS-landen 2 maakt bijvoorbeeld ook Afrika een spectaculaire ontwikkeling door. Door de opkomst van nieuwe machten zal het relatieve economische aandeel van de VS, Japan en de U de komende jaren verder dalen en dit beïnvloedt de wereldwijde vraag naar producten en diensten met de daaraan gerelateerde goederenstromen. Het blijft voor de verdere toekomst van de maritieme cluster van belang om mondiale ontwikkelingen te blijven volgen en daarop in te spelen. Deze veranderende wereld biedt uitdagingen en kansen voor de maritieme cluster, zoals toegang tot nieuwe markten en handelspartners.",Everyday Racism & Modern Racial Inequality,1.0
150604-maritieme-strategie-lr-2.pdf,23,"De Rijksoverheid kiest daarom voor de volgende ambitie: en internationale duurzame maritieme toppositie van Nederland door integrale samenwerking tussen Rijksoverheid en maritieme cluster op basis van een gezamenlijke maritieme strategie Om te kunnen beoordelen in hoeverre deze ambitie wordt waargemaakt is internationaal vergelijkings- materiaal nodig. Dit is maar ten dele beschikbaar, want de informatie die Nederland over de prestaties van de maritieme cluster verzamelt via de maritieme- en havenmonitor is niet één op één op internationaal niveau beschikbaar. Daarom moet de komende periode extra aandacht worden besteed aan het meetbaar maken van de prestaties van de maritieme cluster in vergelijking met andere landen. Voor zover wel informatie beschikbaar is, blijkt dat Nederland een naam hoog te houden heeft op het gebied van transport en logistiek gerelateerde onderwerpen.",Everyday Racism & Modern Racial Inequality,1.0
150604-maritieme-strategie-lr-2.pdf,26,"op maritieme kernthema’s zoals werkgelegenheid, innovatie, handel, logistiek, veiligheid en milieu, worden steeds complexer. Ook zijn er bij deze thema’s vaak zowel publieke als private belangen in het geding. Dit betekent dat Rijksoverheid en partijen uit de maritieme cluster elkaar nodig hebben om ambities op deze thema’s te realiseren. Samenwerking is een voorwaarde voor succes. Het gaat daarbij niet alleen om samenwerking tussen de Rijksoverheid, werkgevers en werknemers, maar ook om samenwerking met decentrale overheden en regio’s, kennis- en onderwijsinstellingen en NGO’s op het gebied van bijvoorbeeld natuur, milieu en gezondheid.",Everyday Racism & Modern Racial Inequality,1.0
150604-maritieme-strategie-lr-2.pdf,27,"en voorbeeld van samenwerking tussen overheid en partijen uit de maritieme cluster is de uitvoering van de gezamenlijk (door bedrijfsleven, kennisinstellingen en overheid) bepaalde integrale actieagenda’s van de topsectoren Water en Logistiek, die met deze rijksbrede maritieme strategie extra energie en focus krijgen voor de Nederlandse maritieme cluster. Bij zo’n gezamenlijke aanpak rekent de Rijksoverheid het tot haar rol en verantwoordelijkheid om optimaal ruimte te bieden voor ondernemerschap en het borgen van de publieke belangen op het gebied van economie, bereikbaarheid, veiligheid 3 en milieu. De Rijksoverheid wil haar bijdrage daaraan leveren door te bevorderen dat er sprake is van: • en gunstig vestigingsklimaat en een uropees en mondiaal gelijk speelveld; • Adequate (internationale) regelgeving 4, inclusief tijdige implementatie, met een goed werkende keten van beleid, uitvoering en handhaving. Maar ook inspelen op internationale ontwikkelingen voor nieuwe regelgeving en waar mogelijk regeldruk verminderen; • Gezamenlijke kennisontwikkeling en innovatie alsmede innovatiegericht en maatschappelijk verantwoord inkopen;",Everyday Racism & Modern Racial Inequality,1.0
150604-maritieme-strategie-lr-2.pdf,28,"• Toereikende aanleg en adequaat beheer en onderhoud van de infrastructuur, inclusief betere benutting; • Adequate opleidingseisen (afgestemd op de behoefte van de maritieme cluster) en een samenhangende onderwijsinfrastructuur; • Adequate economische diplomatie en behartiging van vitale Nederlandse maritieme belangen (onder andere door bij te dragen aan de internationale “rule of law”, regionale stabiliteit en bescherming te bieden tegen zeeroverij). Vanzelfsprekend kan een gezamenlijke aanpak en samenwerking alleen slagen als partijen uit de maritieme cluster bereid zijn om ook zelf een grote verantwoordelijkheid te nemen bij de realisatie van de maritieme ambities. Daarom verwacht de Rijksoverheid van deze partijen dat zij zich niet alleen voor hun eigen doelstellingen inzetten, maar zich ook verantwoordelijk voelen voor een bijdrage aan de publiek (maatschappelijke) belangen: werkgelegenheid, bereikbaarheid, integriteit, veiligheid en milieu.",Everyday Racism & Modern Racial Inequality,1.0
150604-maritieme-strategie-lr-2.pdf,30,Het versterken van de onderlinge samenwerking; • en hoog milieu- veiligheidsbewustzijn zodat economische en personele schade wordt verminderd en wet- en regelgeving goed wordt nageleefd. Daarnaast kan nationale samenwerking tussen sectoren ook behulpzaam zijn bij het internationaal vermarkten van expertise en daarmee bijdragen aan het verdienvermogen van de sectoren. Bij de implementatie en uitwerking van de maritieme strategie zal regelmatig overleg plaatsvinden tussen alle betrokken ministeries en relevante partijen uit de maritieme cluster in de vorm van een periodiek overleg. Door deze structurele dialoog kan de voortgang van de maritieme ambities worden getoetst en kan zonodig vroegtijdig worden bijgestuurd.,Everyday Racism & Modern Racial Inequality,1.0
150604-maritieme-strategie-lr-2.pdf,31,"Hiermee wordt tegelijkertijd tegemoet gekomen aan de dringende wens van de maritieme cluster om aan overheidszijde een “één loket functie” te creëren, met als doel dat ministeries onderling goed afstemmen en dat beleidsambities ook daadwerkelijk worden vertaald in een robuust samenhangend instrumentarium (innovatie/export/financiering) dat de karakteristieken van de maritieme cluster in acht neemt. De in hoofdstuk 5 opgenomen rijksbrede beleidsagenda dient als basis voor het beoogde periodieke overleg. 3 3 “Safety” en “Security ” 4",Everyday Racism & Modern Racial Inequality,1.0
150604-maritieme-strategie-lr-2.pdf,34,"2,5% van de werkgelegenheid van heel Nederland en dan is daarbij nog niet de werkgelegenheid van het daaraan verbonden havenindustrieel complex meegeteld. De maritieme cluster, het havenindustrieel complex en het havengerelateerd vervoer bieden tezamen werkgelegenheid aan zo’n 5% van de Nederlandse beroepsbevolking. In de meeste sectoren van de cluster speelt vergrijzing een rol en is er behoefte aan nieuwe aanwas. Het gaat daarbij zowel om vakmanschap als hoogopgeleid personeel. Het internationale speelveld van de maritieme cluster brengt met zich mee dat regelgeving met betrekking tot functievereisten internationaal wordt bepaald.",Everyday Racism & Modern Racial Inequality,1.0
150604-maritieme-strategie-lr-2.pdf,35,"Dat geldt voor de binnenvaart, waar eisen in U en CCR-verband zijn vastgelegd. Dat geldt ook voor de zeevaart, waterbouw en visserij waar het internationale verdrag “Standards of Training, Certification and Watchkeeping” de minimumeisen stelt op het gebied van opleiding en training. Dit verdrag bepaalt in belangrijke mate de inhoud van het nationale nautische onderwijs. Bovendien is er op basis van dit verdrag sprake van een zware toezichtsfunctie vanuit de IMO en MSA op het onderwijssysteem. Vanwege het internationale speelveld vindt er binnen de zeevaartsector scherpe concurrentie op arbeidsvoorwaarden en arbeidsomstandigheden plaats.",Everyday Racism & Modern Racial Inequality,1.0
150604-maritieme-strategie-lr-2.pdf,47,"De stevige positie van de Nederlandse maritieme cluster is mede te danken aan zijn innovatieve vermogen. en intensieve samenwerking tussen bedrijven, kennisinstellingen en Rijksoverheid (“gouden driehoek”) binnen en tussen de topsectoren, gericht op innovaties van maritieme processen, producten en diensten, voedt het vermogen om te innoveren. Goede samenwerking tussen de kennisinstellingen onderling, zoals de Innovation Council van NML en de MARIN Adviesraad, is daarbij essentieel. De R&D inspanningen van de maritieme cluster bedragen 3,9% van de door de cluster gegenereerde toegevoegde waarde en zijn daarmee hoger dan het landelijk gemiddelde dat 2% bedraagt. Om te kunnen blijven concurreren zal de maritieme cluster moeten blijven innoveren, niet alleen op technisch gebied maar ook volgens de principes van sociale innovatie.",Everyday Racism & Modern Racial Inequality,1.0
150604-maritieme-strategie-lr-2.pdf,48,"De cluster zal zich naar verwachting nog meer dan in het verleden met kennis en kwaliteit moeten onderscheiden. Belangrijke innovatiethema ’s die de maritieme cluster onderkent voor de komende jaren zijn verbetering van de milieuprestaties van de vloot (schone schepen), ondersteuning aan grondstof- en energiewinning op zee, slim en veilig varen, aandacht voor sociale innovaties 5 en een verbetering van de integratie van de maritieme cluster in de logistieke keten. Om innovatie in de zeehavens verder te stimuleren wordt waar mogelijk kennis uitgewisseld en worden innovatietrajecten van havenbeheerders en- bedrijfsleven gekoppeld.",Everyday Racism & Modern Racial Inequality,1.0
150604-maritieme-strategie-lr-2.pdf,49,"Om innovatieve oplossingen mogelijk te maken en zo bij te dragen aan de concurrentiepositie van de maritieme cluster en de publieke belangen op het gebied van werkgelegenheid, veiligheid, duurzaamheid en bereikbaarheid, voeren de topsectoren Water en Logistiek hun Innovatiecontract uit, waarin op innovatiethema’s wordt samengewerkt tussen bedrijfsleven (groot en MKB), kennisinstellingen (fundamenteel en toegepast) en overheden. Techniek Pact, werpen hun vruchten af. In de meeste, voor de maritieme cluster relevante opleidingen op MBO-, HBO- en WO-niveau, is sprake van een stijging van de instroom. De verwachting is dat in de komende jaren meer gediplomeerde schoolverlaters voor de maritieme en technische arbeidsmarkt beschikbaar komen. De stijging legt wel een druk bij werkgevers om ook in deze tijd voldoende stageplaatsen ter beschikking te stellen.",Everyday Racism & Modern Racial Inequality,1.0
150604-maritieme-strategie-lr-2.pdf,51,"Door de verschillende commissies waarin bedrijfsleven, Rijksoverheid en onderwijs zitting hebben is het nautisch onderwijs afgestemd op de behoefte van het bedrijfsleven. Ook in de maakindustrie en offshore is behoefte aan goede aansluiting van het onderwijs op de behoefte van het bedrijfsleven en versterking van doorlopende leerlijnen. Dit betekent dat ook het maritiem-technische onderwijs rekening moet kunnen houden met innovaties in de maritieme cluster, bijvoorbeeld door het aanbieden van flexibele MBO/HBO/ WO-programma’s die inspelen op nieuwe ontwikkelingen en door het aanbieden van doorlopende leerlijnen. Met het oog op ontwikkelkansen en arbeidsmobiliteit zijn daarnaast aanvullende opleidingsmodules en permanente vakgerichte bij- en herscholingsmogelijkheden wenselijk, waarbij gebruik gemaakt kan worden van moderne ICT-toepassingen.",Everyday Racism & Modern Racial Inequality,1.0
150604-maritieme-strategie-lr-2.pdf,52,"Daarmee wordt ook in de maritieme cluster het principe “een leven lang leren” breed geïntroduceerd. Innovaties in de maritieme cluster vragen van het maritieme onderwijs tot slot om een evenwichtig aanbod tussen specialistische en breed toepasbare maritieme kennis en competenties. 5 Sociale innovatie omvat veranderingen in organisatievormen, dynamisch managen, het gebruik maken van talenten en kennis van medewerkers en samenwerken met externe partijen met als doel om de kennisbasis beter aan te wenden en de concurrentiepositie te handhaven dan wel te versterken. |",Everyday Racism & Modern Racial Inequality,1.0
150604-maritieme-strategie-lr-2.pdf,54,"Ondernemend Nederland ondersteunt Team IRIS de Nederlandse maritieme cluster bij de deelname aan het uropese programma Horizon 2020 voor onderzoek en innovatie. De maritieme cluster heeft behoefte aan hoogwaardige en goed samenwerkende kennisinstituten. Daarbij speelt de specifieke kennis van bijvoorbeeld het Maritime Research Institute Netherlands (MARIN), Technische Universiteiten en TNO een belangrijke rol.",Everyday Racism & Modern Racial Inequality,1.0
150604-maritieme-strategie-lr-2.pdf,56,"Daarbij wordt onderzoek gezamenlijk geprogrammeerd en gefinancierd. De Rijksoverheid geeft daarbij een impuls door privaat onderzoek bij publieke onderzoeksorganisaties te ondersteunen (TKI-toeslag), het MKB te stimuleren bij innovatie (MKB-innovatieregeling Topsectoren) en generieke ondersteuning te bieden via fiscale instrumenten als de afdrachtvermindering Speur- en ontwikkelingswerk, de Research & Development Aftrek en andere financieringsinstrumenten. Ook stimuleert de overheid maritieme innovaties door zelf operationele en gebruikerskennis aan te dragen, mogelijkheden te bieden voor tests of evaluaties of zelf als “launching customer” op te treden. Dit gebeurt al bij de Koninklijke Marine en onderzocht wordt welke mogelijkheden de Rijksrederij biedt. Verder koopt de overheid innovaties van bedrijven om maatschappelijke problemen aan te pakken (bijv. milieuvervuiling).",Everyday Racism & Modern Racial Inequality,1.0
150604-maritieme-strategie-lr-2.pdf,57,"Kleine ondernemers krijgen meer kans bij aanbestedingen. De overheid kan bedrijven niet om een product vragen, maar vragen om een oplossing te bedenken. Tot slot is adequate overheidsregelgeving voor innovatie van belang. Door middel van doelregelgeving, het schrappen van overbodige regelgeving en het bieden van experimenteerruimte, kan de Rijksoverheid aan innovatieve oplossingen bijdragen. Ook het vereenvoudigen van regelgeving en goede informatievoorziening helpt ondernemingen om tijdig in te kunnen spelen op nieuwe ontwikkelingen.",Everyday Racism & Modern Racial Inequality,1.0
150604-maritieme-strategie-lr-2.pdf,61,"Samenwerking tussen de schakels: beveiligen, verbinden (ook met behulp van diplomatie), varen, maken en diensten verlenen, biedt extra kansen op de wereldmarkt voor de Nederlandse maritieme cluster. Dat heeft het verleden bewezen. Naast een solide basis van maritieme producten en dienstverlening onderscheidt Nederland zich ook in maritieme nichemarkten, zoals chemicaliën tankvaart en speciale scheepstypen (bijvoorbeeld werkschepen, shortsea schepen en megajachten). Zeker in deze nichemarkten is veel specialistische kennis vereist en is er de mogelijkheid om extra toegevoegde waarde te creëren. Dit biedt kansen voor de toekomst.",Everyday Racism & Modern Racial Inequality,1.0
150604-maritieme-strategie-lr-2.pdf,62,"Om de duurzame positie aan de maritieme wereldtop te behouden, is een gunstig vestigingsklimaat essentieel en door aanwezigheid van nieuwe buitenlandse ondernemingen en hoofdkantoren van maritieme bedrijven, zoals rederijen, kan de centrumfunctie van ons land verder worden versterkt. Dit wordt in Rotterdam reeds opgepakt door de Rotterdam Maritime Services Community. Verzekeraars, juristen, financiële dienstverleners, commodity traders en andere partijen gericht op het aanbieden van hoogwaardige havengerelateerde maritieme diensten zijn een belangrijke bron voor de versterking en binding van de maritieme cluster. Voor een goed vestigingsklimaat is het nodig om blijvend te investeren in de bovengenoemde thema’s: Human Capital, Innovatie, een gelijk uropees en mondiaal speelveld, een adequaat scheepsregister, een ondersteunend (financieel) instrumentarium voor exportbevordering en het tegengaan van marktbelemmeringen door de ontwikkeling van vrijhandelsverdragen.",Everyday Racism & Modern Racial Inequality,1.0
specifiek-onderzoek-naar-het-bestuurlijk-handelen-op-de-scholengemeenschap-bonaire.pdf,51,"Daarmee wordt niet voldaan aan artikel 47 van de Wet op het voortgezet onderwijs BS: “ Het bevoegd gezag draagt zorg voor de kwaliteit van het onderwijs op de school”. venmin voldoet het bevoegd gezag aan het gestelde in artikel 50 van de Wet op het voortgezet onderwijs BS, paragraaf 2.3 van het document “De basiskwaliteit van het primair en voortgezet onderwijs in Caribisch Nederland” en paragraaf 4.3 van “ De basiskwaliteit van het middelbaar beroepsonderwijs (mbo) en de sociale kanstrajecten (skj) in Caribisch Nederland”. Deze paragrafen vermelden dat het schoolbestuur verantwoordelijk is voor “het strategisch kwaliteitsbeleid van de school, het personeelsbeleid en het financieel beleid van de school.",Everyday Racism & Modern Racial Inequality,1.0
specifiek-onderzoek-naar-het-bestuurlijk-handelen-op-de-scholengemeenschap-bonaire.pdf,54,Het bestuur erkent veel van de bevindingen van de inspectie. Zowel bestuur als algemeen directeur geven te kennen dat het bestuur “kwalitatief te mager” is en “kwalitatief kwetsbaar ”. Tevens geeft het bestuur in het verbeterplan aan dat het de inspectieoordelen in grote lijnen onderschrijft en benoemt het de concrete tekortkomingen van het onderwijs op de SGB. Het bestuur wijst echter op de contextfactoren zoals genoemd in de inleiding en aanhoudende onduidelijkheid over de bekostiging en stelt meer tijd nodig te hebben.,Everyday Racism & Modern Racial Inequality,1.0
specifiek-onderzoek-naar-het-bestuurlijk-handelen-op-de-scholengemeenschap-bonaire.pdf,62,"Het dienstverband van de directeur bedrijfsvoering is voortijdig beëindigd en een gelijkwaardige vervanger is niet gevonden. Verder ontbreken een adequate risicoanalyse, een onderbouwde meerjarenbegroting en een liquiditeitsplanning. Het bestuur heeft verder lange tijd met onduidelijkheden te kampen gehad vanwege onduidelijkheden over de bekostiging. Onderhandelingen met het ministerie hierover hebben tot op heden niet geleid tot overeenstemming of duidelijkheid, hetgeen de opstelling van een begroting de laatste jaren volgens het bestuur heeft gecompliceerd. Het bestuur heeft naar aanleiding van deze onduidelijkheid ook niet toegezien op het maken van verschillende scenario's met bijbehorende begrotingen.",Everyday Racism & Modern Racial Inequality,1.0
specifiek-onderzoek-naar-het-bestuurlijk-handelen-op-de-scholengemeenschap-bonaire.pdf,63,"• Van een professionele, open en integere cultuur is thans onvoldoende sprake. r is onvoldoende duidelijkheid over het beleid van de instelling en over de rol die directie en management hierin moeten spelen. unctionele interactie tussen management en de nieuwe centrale directie ontbreekt op dit moment. en dergelijke interactie is echter een voorwaarde voor effectieve ontwikkeling van het onderwijs. Onder de teamleiders en docenten is vooral tweedracht, tussen mensen die zich solidair voelen met de aanpak van de nieuwe directie en de mensen die die aanpak juist afwijzen.",Everyday Racism & Modern Racial Inequality,1.0
specifiek-onderzoek-naar-het-bestuurlijk-handelen-op-de-scholengemeenschap-bonaire.pdf,65,"Het bestuur volgde de rapportages van en de prestatieafspraken met de inspectie maar er is geen intern toezicht. Zo is er geen systeem waarin de algemeen directeur verantwoording aflegt over prestatieafspraken en waarbij toetsbare verbeterdoelen gemonitord worden. Het bevoegd gezag is dus onvoldoende in staat om te bewaken dat de kwaliteit wordt gerealiseerd, zoals bedoeld in de Wet op het voortgezet onderwijs BS art. 47 en 50. Pagina 9 van 17 Weliswaar is het bestuur door het externe toezicht van de inspectie op de hoogte van de kwaliteit van het onderwijs op de verschillende units, maar rapportage van de inspectie voorziet niet in voldoende managementinformatie om beleid te kunnen vaststellen voor een gericht verbetertraject.",Everyday Racism & Modern Racial Inequality,1.0
specifiek-onderzoek-naar-het-bestuurlijk-handelen-op-de-scholengemeenschap-bonaire.pdf,79,"Het gebrek aan zicht heeft enerzijds te maken met de voortdurende onduidelijkheid over de bekostiging en anderzijds met het gebrek aan financiële expertise in de instelling. inanciële risico's zijn onvoldoende in beeld bij het bestuur door het ontbreken van adequate managementinformatie, het ontbreken van een beleidsrijke toekomstparagraaf in het jaarverslag en een meerjarenbegroting. Naar het oordeel van de algemeen directeur is er geen financieel beleid ontwikkeld. en uitgebreider toelichting is te vinden in het hoofdstuk 'Resultaten van het bestuurlijk handelen'. Pagina 11 van 17 Tot aan het vertrek van de directeur bedrijfsvoering in 2014 werd het bestuur ingelicht over de financiële situatie door middel van kwartaalrapportages.",Everyday Racism & Modern Racial Inequality,1.0
specifiek-onderzoek-naar-het-bestuurlijk-handelen-op-de-scholengemeenschap-bonaire.pdf,81,"De onduidelijkheid over de middelen waarop de SGB recht heeft hangt samen met het volgende. Al snel na 2010 waren OCW en de besturen het erover eens dat de structurele bekostiging voor de scholen voor voortgezet en beroepsonderwijs in Caribisch Nederland niet voldoende was. OCW keerde daarom jaarlijks meer uit dan de structurele bekostiging. Afgesproken werd dat er een nieuwe structurele bekostiging vastgesteld zou worden na enkele jaren. In 2013 stelde de inspectie, aan de hand van de op dat moment beschikbare managementinformatie en liquiditeitsoverzichten niettemin vast dat de instelling in acute liquiditeitsproblemen verkeerde en dat het bestuur geen passende maatregelen nam.",Everyday Racism & Modern Racial Inequality,1.0
halfjaarlijks-overzicht-wetgeving-bes-eilanden.pdf,8,"erste Kamer 01-07-2015 Voorstel van wet van de leden Heijnen, Voortman en Schouw houdende regels inzake het raadgevend referendum (Wet raadgevend referendum) Dit initiatiefwetsvoorstel introduceert de mogelijkheid om (niet-bindende) referenda te houden over door de Staten-Generaal aangenomen wetsvoorstellen en goedgekeurde verdragen. en referendum wordt gehouden als een minimum aantal kiesgerechtigden",Everyday Racism & Modern Racial Inequality,1.0
halfjaarlijks-overzicht-wetgeving-bes-eilanden.pdf,28,"b) een verplichte diagnostische tussentijdse toets, gebaseerd op centraal vastgestelde tussendoelen voor alle leerlingen in alle onderwijsvormen in het tweede leerjaar van het vmbo en in het derde leerjaar van het havo en vwo, en voor alle leerlingen in het voortgezet speciaal onderwijs die diplomagericht onderwijs volgen; c) de verplichte deelname aan internationaal vergelijkend onderzoek (zoals PISA). Tweede Kamer","Remembrance, Heritage & Education",1.0
halfjaarlijks-overzicht-wetgeving-bes-eilanden.pdf,31,MI-bekostiging (kst-30246) Wijziging van de WPO en de WC ivm aanpassing van het voorschrift dat voorziet in jaarlijkse bijstelling van de bedragen voor materiële voorzieningen die zijn opgenomen in de programma's van eisen Tweede Kamer niet bekend Wetvoorstel macrodoelmatigheid BV (kst-33948) regels ter bevordering van een doelmatig en arbeidsmarktrelevant opleidingenaanbod in het beroepsonderwijs Tweede Kamer 01-01-2015 Wetsvoorstel,Everyday Racism & Modern Racial Inequality,1.0
halfjaarlijks-overzicht-wetgeving-bes-eilanden.pdf,35,"Inwerkingtreding Wetsvoorstel wijziging van de Wet op het voortgezet onderwijs, de Wet voortgezet onderwijs BS en enkele aanverwante wetten in verband met het invoeren van profielen in het voorbereidend beroepsonderwijs en het middelbaar algemeen voortgezet onderwijs, alsmede de actualisatie en flexibilisering van het beroepsgerichte deel van de examenprogramma’s in het voorbereidend beroepsonderwijs wijziging van de WVO en enkele aanverwante wetten i.v.m. het invoeren van profielen in het vbo en mavo, alsmede de modernisering van het beroepsgerichte deel van de examenprogramma's in het vmbo Voorportalen en MR 01-08-2016 Aanpassing van o.m. de WB BS inzake het vervallen van de RMC-functie in Caribisch Nederland De bepalingen over de regionale meld- en coördinatiefunctie voortijdig schoolverlaten worden uit de WVO BS en de WB BS geschrapt i.v.m. overlap met de Wet sociale kanstrajecten jongeren BS.",Everyday Racism & Modern Racial Inequality,1.0
halfjaarlijks-overzicht-wetgeving-bes-eilanden.pdf,38,"In de huidige bekostiging wordt bijvoorbeeld onderscheid gemaakt tussen een school die alleen vwo aanbiedt en een school die zowel vwo als havo aanbiedt. In de nieuwe systematiek is dit onderscheid niet meer relevant, maar wordt de bekostiging berekend als een bedrag per leerling per schoolsoort (bijvoorbeeld een leerling in het vwo, havo of praktijkonderwijs). Intern in voorbereiding 01-08-2016 Wetsvoorstel versterking bestuurskracht onderwijs Regels voor meer open en transparante benoemingsprocedure voor bestuurders, adviesrecht medezeggenschapsorgaan bij benoeming bestuurders, verplichting interne toezichthouder tot melding belangrijke onregelmatigheden aan IvhO, overlegplicht interne toezichthouder met medezeggenschapsorgaan. Intern in voorbereiding 01-01-2016 Reparatiewet studiefinanciering BS Wijzigingen van de Wet studiefinanciering BS om deze op een aantal punten in overeenstemming te brengen met de bedoelingen van de wetgever en tevens diverse technische en redactionele verbeteringen door te voeren","Remembrance, Heritage & Education",1.0
halfjaarlijks-overzicht-wetgeving-bes-eilanden.pdf,40,"naam universiteit Wijziging van de WHW die ook voor Caribisch Nederland geldt i.v.m. bescherming van de naam ""universiteit"" en het ten onrechte verlenen en voeren van graden Intern in voorbereiding onbekend Wetsvoorstel Leerlingendaling in het funderend onderwijs Van kleur verschieten en verplaatsing PO, op overeenstemming gericht overleg over gebiedsplan (verplicht in krimpregio's)",Reparations & Justice,1.0
lp-v-j-0000007478.pdf,26,"Het is onduidelijk of en hoe op deze oefeningen coördinatie plaats vindt, omdat geen samenhang tussen de oefeningen lijkt te bestaan. Algehele conclusie en aanbevelingen De Inspectie constateert dat het hulpverleningspotentieel op Saba beperkt van omvang is en dat bij grote incidenten een beroep moet worden gedaan op bijstand. Dit mede in overweging nemende komt de Inspectie op basis van de bevindingen en analyse tot de volgende conclusies: Nulmeting organisatie rampenbestrijding Saba",Everyday Racism & Modern Racial Inequality,1.0
lp-v-j-0000007478.pdf,27,2014 Pagina 7 van 33 Algehele conclusie De rampbestrijdingsorganisatie van het eiland Saba is op het moment van meten mede door de beperkte hulpverleningscapaciteit in beperkte mate voorbereid op het bestrijden van rampen of crises en is in hoge mate afhankelijk van bijstand en zelfredzaamheid. Nog niet alle convenanten en regelingen genoemd in de veiligheidswet BS zijn opgesteld of bestuurlijk bekrachtigd. Aanbevelingen,Everyday Racism & Modern Racial Inequality,1.0
lp-v-j-0000007478.pdf,43,"De Inspectie besteedt hierbij specifiek aandacht aan de volgende onderwerpen die de basis vormen van een adequate bestrijding van rampen en crises:  melding, alarmering en opschaling;  informatiemanagement;  crisiscommunicatie/voorlichting;  leiding en coördinatie;  de gemeentelijke processen opvang en verzorging en CRIB.",Everyday Racism & Modern Racial Inequality,1.0
lp-v-j-0000007478.pdf,47,"plannen van het Korps Politie Caribisch Nederland (KPCN), het brandweerkorps Caribisch Nederland (BKCN), het eindverslag GHOR structuur Saba en het Projectplan SIGMA op Bonaire, Saba en Sint ustatius. Voor Saba zijn interviews gehouden met de gezaghebber, de korpschef van het KPCN in aanwezigheid van het hoofd basispolitie en het hoofd informatie, intake en ondersteuning, de algemeen commandant BKCN, de lokaal commandant brandweer, een arts van het ziekenhuis, het hoofd Operatien van de Koninklijke Marechaussee (KMar), de coördinator Caribisch gebied van het Rode Kruis, de airportmanager en de kwartiermaker GHOR Caribisch gebied.",Everyday Racism & Modern Racial Inequality,1.0
lp-v-j-0000007478.pdf,54,"Ongeveer twee derde van de bevolking heeft de Nederlandse nationaliteit, maar circa 45% is op het eiland zelf geboren. Van de autochtone bevolking is ongeveer de helft blank. Verder zijn veel bewoners afkomstig van andere (ei)landen in de regio. Saba leeft van toerisme en bezit sinds 1988 een medische faculteit, de Saba University School of Medicine, die veel studenten uit de Verenigde Staten trekt. Ten behoeve van de rampenbestrijding en crisisbeheersing heeft Saba een rampenbestrijdingsorganisatie met een hoofdstructuur die bestaat uit een Commando Plaats Incident (CoPI) en een mergency Operations Center (OC) dat de functie van eilandelijk beleidsteam vervult.",Everyday Racism & Modern Racial Inequality,1.0
lp-v-j-0000007478.pdf,65,"Het gaat hierbij om het tankstation aan de haven. Het tankstation voorziet in de brandstofbehoefte van het wagenpark op het eiland en in de levering van flessengas aan de bewoners ten behoeve van het koken. en brand en/of explosie bij dit tankstation zal niet alleen leiden tot schade, vervuiling van het Marine park en buitengebruik stellen van de haven (zoals beschreven in het risicoprofiel onder het scenario ‘explosie brandstof’), maar ook leiden tot economische gevolgen en maatschappelijke onrust als gevolg van tekorten die hierdoor kunnen ontstaan. 5 Inmiddels zijn in juni 2014 met hulp vanuit Nederland twee rampbestrijdingsplannen opgesteld.",Everyday Racism & Modern Racial Inequality,1.0
lp-v-j-0000007478.pdf,70,"De Inspectie constateert dat het risicoprofiel en het rampen- en crisisplan nog niet volledig zijn. Onder andere deelplannen en afspraken over bijstand ontbreken. Hulpverleningspotentieel hulpdiensten Op basis van de genoemde risico’s in het risicoprofiel, het geformuleerde beleid in het beleidsplan en de beschrijving van de organisatie in het rampen- en crisisplan heeft Saba een hulpverleningspotentieel nodig om de in het risicoprofiel genoemde incidenten te kunnen bestrijden. In deze subparagraaf is weergegeven wat de omvang van het hulpverleningspotentieel op Saba is. Aan artikel 65 van de Veiligheidswet BS is nog geen invulling gegeven.",Everyday Racism & Modern Racial Inequality,1.0
lp-v-j-0000007477.pdf,18,"Deelplannen en procedures zijn nog in ontwikkeling of bewerking. In het risicoprofiel en het beleidsplan zijn vijf scenario’s aangemerkt als prioriteit, te weten neerstorten vliegtuig, ordeverstoring, brand op olietanker/incident cruiseschip, tropische storm/extreem weer en bedreiging volksgezondheid. Hierbij is geen scenario aangemerkt als maatgevend scenario2 voor het eiland. Bij de hiervoor genoemde scenario’s is niet aangegeven van welke hulpvraag moet worden uitgegaan, derhalve is ook niet beschreven welke prestaties door de rampenbestrijdingsorganisatie geleverd moeten worden. Bonaire constateert in haar plannen dat de hulpverleningscapaciteit op het eiland beperkt is en dat bij grote incidenten een beroep moet worden gedaan op bijstand.",Everyday Racism & Modern Racial Inequality,1.0
lp-v-j-0000007477.pdf,21,"de eerste acht uur over voldoende personele capaciteit te kunnen beschikken om het incident te bestrijden. en grote beperking hierbij ligt bij de behandelcapaciteit van de geneeskundige kolom, die maar een beperkt aantal zwaar gewonde slachtoffers kan stabiliseren en gestabiliseerd houden. Het eiland beschikt over een gezamenlijke meldkamer die nog niet volledig operationeel is en centralisten zijn nog niet volledig opgeleid. Deze meldkamer maakt geen onderdeel uit van de hoofdstructuur. r is geen convenant opgesteld voor de samenwerking in de meldkamer.",Everyday Racism & Modern Racial Inequality,1.0
lp-v-j-0000007477.pdf,35,"Het gaat hierbij om de risicoprofielen, de beleidsplannen en de rampen- en crisisplannen van de eilanden. De Inspectie heeft de Rijksvertegenwoordiger met betrekking tot de toetsing geadviseerd. Hoewel al langere tijd een rampenbestrijdingsorganisatie op de BS-eilanden bestond, moet deze door het van kracht worden van de Veiligheidswet BS op 10 oktober 2010 opnieuw worden opgericht/ingericht. In de eerste fase van deze opbouw heeft het Openbaar Lichaam Bonaire vorig jaar de plannen die vereist zijn op basis van de Veiligheidswet BS aangeboden aan de Rijksvertegenwoordiger. Deze plannen, die de basis zijn van de voorbereiding op de rampenbestrijding, zijn door de Rijksvertegenwoordiger getoetst aan de hand van het door de Inspectie opgestelde toetsingskader en vervolgens goedgekeurd.",Everyday Racism & Modern Racial Inequality,1.0
lp-v-j-0000007477.pdf,49,"Caribisch Nederland (KPCN), het Brandweerkorps Caribisch Nederland (BKCN), het eindverslag GHOR structuur Bonaire en het Projectplan SIGMA op Bonaire, Saba en Sint ustatius. Voor Bonaire zijn interviews gehouden met de waarnemend gezaghebber in aanwezigheid van de eilandsecretaris/rampencoördinator en de ondersteuner rampencoördinatie, de korpschef van het KPCN in aanwezigheid van het hoofd basispolitiezorg en het hoofd informatie, intake en ondersteuning, de algemeen commandant van het BKCN, de lokaal commandant brandweer, een lid van de raad van bestuur van het ziekenhuis, de voorzitter van het Rode Kruis, het hoofd Operatien van de Koninklijke Marechaussee (KMar), de coördinator Caribisch gebied van het Rode Kruis en de kwartiermaker GHOR Caribisch gebied. De verslagen van de interviews zijn aan de geïnterviewden voor wederhoor voorgelegd.",Everyday Racism & Modern Racial Inequality,1.0
lp-v-j-0000007477.pdf,54,"Voor die tijd maakte Bonaire deel uit van de Nederlandse Antillen. Het eiland is 40 kilometer lang en 5 tot 10 kilometer breed. Bonaire bestaat uit een kern van oud stollings- en afzettingsgesteente dat zich meer dan honderd miljoen jaar geleden door onder andere onderzeese uitbarstingen heeft gevormd. Door deze geologische processen is een eiland ontstaan met in het noordwesten een heuvellandschap, in het midden een terrassenlandschap en in het zuiden een vrij laag en vlak landschap. Bonaire wordt omgeven door koraalriffen met een grote biodiversiteit.",Colonial Exploitation & Economic Inequality,1.0
lp-v-j-0000007477.pdf,63,Na deze beoordeling blijkt dat vijf ramptypen hoog scoren wat betreft impact en waarschijnlijkheid. Deze vijf ramptypen zijn vervolgens gebruikt als input voor het maken van keuzes in het beleidsplan. Het gaat hierbij om de ramptypen:  neerstorten vliegtuig;  ordeverstoring;  brand op olietanker/incident cruiseschip;  tropische storm/extreem weer;,Everyday Racism & Modern Racial Inequality,1.0
lp-v-j-0000007477.pdf,66,"Als tweede groot risico worden de opslagen van olieproducten bij ‘Bopec’ en ‘Curoil’ genoemd, waarbij vooral ‘Curoil’ (opslag brandstoffen en gas) voor gevoelens van onveiligheid zorgt, omdat daar de brandpreventieve voorzieningen volgens het bevoegd gezag niet op orde zijn. In het risicoprofiel is het risico met betrekking tot deze opslag niet opgenomen, dit terwijl een incident bij dit bedrijf niet alleen tot een grote, moeilijk beheersbare, brand kan leiden, maar in dat geval ook naar verwachting vergaande economische en maatschappelijke gevolgen kan hebben. In november 2013 zijn als noodvoorziening twee dompelpompunits tijdelijk bij dit bedrijf gestationeerd om snel in de bluswatervoorziening te kunnen voorzien. Het bestuur identificeert in het beleidsplan dat op het eiland een beperkte capaciteit aan hulpverleners is, daarom is in het plan een hoofdstuk opgenomen met als titel zelfredzaamheid en burgerparticipatie. Hierin spreekt het bestuur de ambitie uit om zowel de zelfredzaamheid als de burgerparticipatie te vergroten.",Everyday Racism & Modern Racial Inequality,1.0
lp-v-j-0000007477.pdf,70,"In geen van de bestudeerde plannen (risicoprofiel, beleidsplan en rampen- en crisisplan) is voor de vijf gekozen scenario ’s beschreven van welke hulpbehoefte wordt uitgegaan. Logischer wijze is vervolgens ook niet beschreven welke prestaties geleverd moeten worden. Wel wordt in alle plannen benoemd dat op het eiland sprake is van een beperkt aantal hulpverleners en dat bij een groot incident bijstand noodzakelijk zal zijn. De Inspectie heeft geen documenten aangetroffen waarin afspraken of regelingen ten aanzien van deze bijstand zijn opgenomen.",Everyday Racism & Modern Racial Inequality,1.0
lp-v-j-0000007477.pdf,72,"De Inspectie constateert dat in het risicoprofiel het scenario brand bij tankopslag niet is opgenomen. Hulpverleningspotentieel hulpdiensten Op basis van de genoemde risico’s in het risicoprofiel, het geformuleerde beleid in het beleidsplan en de beschrijving van de organisatie in het rampen- en crisisplan heeft Bonaire een hulpverleningspotentieel nodig om de in het risicoprofiel genoemde incidenten te kunnen bestrijden. In deze subparagraaf is weergegeven wat de omvang van het hulpverleningspotentieel op Bonaire is. Aan artikel 65 van de Veiligheidswet BS is nog geen invulling gegeven. Dit artikel stelt dat door de bestuurscolleges, de korpsbeheerder politie en de korpsbeheerder brandweer een convenant moet worden opgesteld met het oog op samenwerking bij",Everyday Racism & Modern Racial Inequality,1.0
lp-v-j-0000007476.pdf,27,"Voor deze oefeningen zijn meerdere initiatiefnemers en organisatoren. Het is onduidelijk of en hoe op deze oefeningen coördinatie plaats vindt, omdat geen samenhang tussen de oefeningen lijkt te bestaan. Algehele conclusie en aanbevelingen De Inspectie constateert dat het hulpverleningspotentieel op Sint ustatius beperkt van omvang is en dat bij grote incidenten een beroep moet worden gedaan op bijstand. Dit mede in overweging nemende komt de Inspectie op basis van de bevindingen en analyse tot de volgende conclusies: Nulmeting organisatie rampenbestrijding Sint ustatius",Everyday Racism & Modern Racial Inequality,1.0
lp-v-j-0000007476.pdf,28,2014 Pagina 7 van 31 Algehele conclusies De rampbestrijdingsorganisatie van het eiland Sint ustatius is op het moment van meten mede door de beperkte hulpverleningscapaciteit in beperkte mate voorbereid op het bestrijden van rampen of crises en is in hoge mate afhankelijk van bijstand en zelfredzaamheid. Nog niet alle convenanten en regelingen genoemd in de veiligheidswet BS zijn opgesteld of bestuurlijk bekrachtigd. Aanbevelingen,Everyday Racism & Modern Racial Inequality,1.0
lp-v-j-0000007476.pdf,35,"Wel is op verzoek van de Rijksvertegenwoordiger een toetsingskader BS opgesteld voor de planvormen die in de Veiligheidswet BS3 worden voorgeschreven. Het gaat hierbij om de risicoprofielen, de beleidsplannen en de rampen- en crisisplannen van de eilanden. De Inspectie heeft de Rijksvertegenwoordiger met betrekking tot de toetsing geadviseerd. Hoewel al langere tijd een rampenbestrijdingsorganisatie op de BS-eilanden bestond, moet deze door het van kracht worden van de Veiligheidswet BS op 10 oktober 2010 opnieuw worden opgericht/ingericht. In de eerste fase van deze opbouw heeft het Openbaar Lichaam Sint ustatius vorig jaar",Everyday Racism & Modern Racial Inequality,1.0
lp-v-j-0000007476.pdf,44, crisiscommunicatie/voorlichting;  leiding en coördinatie;  de gemeentelijke processen opvang en verzorging en CRIB. 1.4 Onderzoekskader De Inspectie toetst in dit onderzoek de voorbereiding van de rampenbestrijdingsorganisatie op het bestrijden van rampen en crises.,Everyday Racism & Modern Racial Inequality,1.0
lp-v-j-0000007476.pdf,49,"Operatien van de Koninklijke Marechaussee (KMar), de coördinator Caribisch gebied van het Rode Kruis en de kwartiermaker GHOR Caribisch gebied. De verslagen van de interviews zijn aan de geïnterviewden voor wederhoor voorgelegd. Op het eiland is een praktijktoets uitgevoerd. De praktijktoets is uitgevoerd in de vorm van een alarmerings- en opkomstoefening op basis van het scenario van een brand in een bejaardenhuis met aanvullend de opdracht voor het Commando Plaats Incident (CoPI) en de ilandelijke Rampenstaf om één eerste overleg te houden om door de Inspectie voorgelegde vragen te beantwoorden.",Everyday Racism & Modern Racial Inequality,1.0
lp-v-j-0000007476.pdf,55,"Op het vliegveld kunnen grotere vliegtuigen zonder problemen landen en van daaruit kan de verdere distributie van hulpgoederen plaatsvinden. De overheid is de grootste werkgever op Sint ustatius. De grootste private werkgever is Statia Terminals, een olieterminal van het Amerikaanse bedrijf NuStar. r is geen haven, de tankers blijven voor de kust liggen en worden aangesloten op drijvende afmeerpunten die met pijplijnen met de terminal zijn verbonden. De grootste olietankers kunnen olie afleveren dan wel geladen worden bij de terminal.",Everyday Racism & Modern Racial Inequality,1.0
lp-v-j-0000007476.pdf,56,"Verder is toerisme belangrijk voor het eiland, met name duiktoerisme. Ten behoeve van de rampenbestrijding en crisisbeheersing heeft Sint ustatius een rampenbestrijdingsorganisatie met een hoofdstructuur die bestaat uit een Commando Plaats Incident (CoPI) en een ilandelijke Rampenstaf die de functie van eilandelijk beleidsteam Nulmeting organisatie rampenbestrijding Sint ustatius 2014 Pagina 13 van 31 vervult. De ilandelijke Rampenstaf werkt vanuit het mergency Operations Center (OC) dat gevestigd is in het kabinet van de gezaghebber. Ter uitvoering van de taken die, naast de taken die een eventueel CoPI uitvoert, uitgevoerd moeten worden tijdens een ramp of crisis zijn kleine gespecialiseerde teams, mergency Support unctions groepen (S-groepen) benoemd.",Colonial Exploitation & Economic Inequality,1.0
lp-v-j-0000007476.pdf,65,"verder uit te werken in plannen5. In het beleidsplan is geen uitspraak gedaan welke van de vijf scenario’s moet worden aangemerkt als maatgevend voor het eiland. Met maatgevend wordt bedoeld representatief voor het eiland en bepalend voor de omvang van de hulpverleningscapaciteit. Het bestuur identificeert in het beleidsplan dat op het eiland een beperkte hulpverleningscapaciteit is, daarom is in het plan het voornemen opgenomen de uitkomsten van het risicoprofiel te communiceren met de partners en de burgers en daarbij vooral aandacht te schenken aan zelfredzaamheid. In het beleidsplan neemt het bestuur zich voor om te kijken naar een effectievere organisatie van de hoofdstructuur van de crisisorganisatie.",Everyday Racism & Modern Racial Inequality,1.0
lp-v-j-0000007476.pdf,70,"Hulpverleningspotentieel hulpdiensten Op basis van de genoemde risico’s in het risicoprofiel, het geformuleerde beleid in het beleidsplan en de beschrijving van de organisatie in het rampen- en crisisplan heeft Sint ustatius een hulpverleningspotentieel nodig om de in het risicoprofiel genoemde incidenten te kunnen bestrijden. In deze subparagraaf is weergegeven wat de omvang van het hulpverleningspotentieel op Sint ustatius is. Aan artikel 65 van de Veiligheidswet BS is nog geen invulling gegeven. Dit artikel stelt dat door de bestuurscolleges, de korpsbeheerder politie en de korpsbeheerder brandweer een convenant moet worden opgesteld met het oog op samenwerking bij onder andere rampen en crises. Volgens lid 2 van dit artikel moeten in het convenant in ieder geval de operationele prestaties van het brandweerkorps en de politie worden opgenomen.",Everyday Racism & Modern Racial Inequality,1.0
lp-v-j-0000007476.pdf,71,In het beleidsplan geeft het Openbaar Lichaam aan dat de hulpverleningscapaciteit op het eiland beperkt is en dat er beperkte mogelijkheden zijn voor bijstand. De uitruksterkte van de brandweer op Sint ustatius is achttien personen die in dagdienstploegen van vijf personen werken. In de nachturen zijn zij geconsigneerd. Volgens het organisatieplan zou de brandweer uit twintig personen moeten bestaan waaronder een administratief medewerker/centralist6. Het korps zit derhalve twee personen onder de formatieve sterkte.,Everyday Racism & Modern Racial Inequality,1.0
lp-v-j-0000007476.pdf,73,"rampenbestrijding Sint ustatius 2014 Pagina 16 van 31 In het geval van een incidentmelding kan de dienstdoende ploeg worden aangevuld met drie personen die gepiketteerd zijn, die binnen vijftien minuten na alarmering moeten zijn opgekomen. Het korps heeft de beschikking over twee tankautospuiten, een vrachtwagen en twee quads (naast het specifieke voertuig voor vliegtuigbrandbestrijding).",Everyday Racism & Modern Racial Inequality,1.0
lp-v-j-0000007476.pdf,74,"Uit het vorenstaande kan worden vastgesteld dat in het geval van een groot incident de brandweer in principe binnen 15 minuten de tankautospuiten en de vrachtwagen kan bemensen. De politie op Sint ustatius kan voor de basispolitiezorg (BPZ) formatief beschikken over elf politiemedewerkers, een zogeheten barioregisseur (buurtregisseur) en een chef. Momenteel wordt door de Koninklijke Marechaussee (KMar) met vier fte ondersteuning verleend om op voldoende sterkte te blijven. De Koninklijke Marechaussee (KMar) op de BS bestaat in totaal uit 41 personen op de drie eilanden. Het grootste deel daarvan is gestationeerd op Bonaire.",Everyday Racism & Modern Racial Inequality,1.0
lp-v-j-0000007476.pdf,75,"Daarnaast zijn KMar-mensen voor BPZ-taken ingehuurd voor de politie op Bonaire (10), Saba (3 + een chef BPZ) en zoals hierboven vermeld Sint ustatius (3 + een chef BPZ). Zij vallen qua aansturing onder de korpschef van het Korps Politie Caribisch Nederland. Op Sint ustatius voert de KMar de taken op het vliegveld uit (o.a. politietaak en grensbewaking) zoals ze",Everyday Racism & Modern Racial Inequality,1.0
lp-v-j-0000007495.pdf,14,"Inleiding 1.1 Aanleiding en doel Aanleiding De Raad voor de Rechtshandhaving (hierna: de Raad) is belast met de algemene inspectie van de organisaties van de justitiële keten op Bonaire, Sint ustatius en Saba (hierna: BS-eilanden), Curaçao en Sint Maarten. De Raad kijkt daarbij naar de effectiviteit, de kwaliteit van de taakuitoefening en het beheer. Daarnaast is de Raad belast met de algemene inspectie van de kwaliteit en effectiviteit van de justitiële samenwerking tussen de BS-eilanden, Curaçao en Sint Maarten. De Raad heeft in zijn jaarplan voor 2014 vastgelegd welke onderwerpen dit jaar aan bod komen. én van deze onderwerpen is het review-onderzoek over het aangifteproces.",Everyday Racism & Modern Racial Inequality,1.0
lp-v-j-0000007495.pdf,15,"Dit review-onderzoek is een vervolg op de eerdere onderzoeken van de Raad over het aangifteproces, zoals dat bij de politiekorpsen van de drie landen werd uitgevoerd. De rapportages van deze onderzoeken zijn medio 2012 afgerond en aangeboden aan de respectievelijke ministers van Justitie. In het onderhavige onderzoek toetst de Raad of opvolging is gegeven aan de toen geformuleerde aanbevelingen, die als doel hadden om de kwaliteit van het aangifteproces te verbeteren. Deze rapportage ziet specifiek op de opvolging van de aanbevelingen die zijn geformuleerd voor het Korps Politie Caribisch Nederland (KPCN) en het Openbaar Ministerie (OM) op de BS-eilanden.",Everyday Racism & Modern Racial Inequality,1.0
lp-v-j-0000007495.pdf,16,"Deze aanbevelingen zijn opgenomen in het rapport ‘ Het aangifteproces op Bonaire, Sint ustatius en Saba’, dat op 30 november 2012 door de minister van Veiligheid en Justitie is aangeboden aan de Tweede Kamer.1In zijn beleidsreactie heeft de minister aangegeven de conclusies te onderschrijven. Als bijlage bij deze reactie werd een lijst met verbeterpunten opgenomen, die door het KPCN in de reeds ingezette verdere ontwikkeling ter hand waren genomen. Doel Door middel van dit onderzoek wil de Raad in beeld brengen of en zo ja, op welke wijze opvolging is gegeven aan zijn aanbevelingen over het aangifteproces op de BS-eilanden. Hiermee beoogt de Raad een bijdrage te leveren aan het verhogen van de kwaliteit van het aangifteproces.",Reparations & Justice,1.0
lp-v-j-0000007495.pdf,19,"Het beschrijven van het aangifteproces schept intern duidelijkheid over de taakverdeling binnen het proces.  Borg het registratieproces door intensief aandacht te blijven besteden aan de technische problemen omtrent het gehanteerde registratiesysteem, maar ook door actief naar medewerkers te communiceren op welke alternatieve (eenduidige) wijze registratie kan plaatsvinden. Bovendien is van belang te blijven investeren in de structurele en eenduidige registratie van aangiften. enduidige en structurele registratie van aangiften op de drie eilanden biedt het korps meer betrouwbare en bruikbare sturings- en opsporingsinformatie.",Everyday Racism & Modern Racial Inequality,1.0
lp-v-j-0000007495.pdf,20, Beleg binnen afzienbare tijd een centraal punt waar prioritering en verdeling van aangiften wordt bepaald. Het is hierbij van belang taken en verantwoordelijkheden duidelijk te beleggen en een realistische planning te hanteren.  Beschrijf op korte termijn de visie en planning van het korps ten aanzien van de scholing van de medewerkers. Benoem in het plan nadrukkelijk vaardigheden die noodzakelijk zijn voor het aangifteproces. Neem in het plan bejegeningsaspecten en algemene richtlijnen voor het opstellen van een goed en volledig proces verbaal van aangifte op.,Everyday Racism & Modern Racial Inequality,1.0
lp-v-j-0000007495.pdf,23,"Monitor de effecten van de kwaliteitscontrole.  Maak, gezien de beschikbare tijd, capaciteit en financiële ruimte, een realistische planning voor de verbetering van de aangifteruimtes. Zorg er hierbij voor dat de ruimtes privacy bieden aan de aangever, schoon zijn en dat er genoeg ruimtes beschikbaar zijn.  Onderzoek de behoeften en verwachtingen van de aangever binnen het aangifteproces. Betrek de resultaten van dit onderzoek bij het opstellen van richtlijnen ten aanzien van de bejegening van aangevers.",Everyday Racism & Modern Racial Inequality,1.0
lp-v-j-0000007495.pdf,24,"Houd hierbij rekening met de soms verschillende behoeften op de kleinere eilanden.  Beschrijf hoe de terugkoppeling en nazorg aan aangevers moet plaatsvinden, stel hiertoe een tijdsplanning op en stuur op de uitvoering. Aan het KPCN en het OM  Zorg ervoor dat overleg plaatsvindt ten aanzien van richtlijnen voor de inhoud en kwaliteit van processen verbaal van aangifte.",Everyday Racism & Modern Racial Inequality,1.0
lp-v-j-0000007495.pdf,28,"Mede aan de hand van deze informatie zijn vervolgens de interviewvragen opgesteld. In de periode 12 tot en met 20 mei 2014 zijn semigestructureerde (groeps)interviews gehouden binnen verschillende geledingen van de betreffende organisaties. Het gaat hierbij om respondenten op strategisch, tactisch en operationeel niveau. Waar mogelijk heeft de Raad ook de gebruikte registratiesystemen ingezien en/of data hieruit opgevraagd. De gespreksverslagen van de interviews zijn ter controle van de feitelijkheden aan de respondenten voorgelegd en zonodig bijgesteld.",Everyday Racism & Modern Racial Inequality,1.0
lp-v-j-0000007495.pdf,35,"Ook werd het eerste besluit over de weging van een aangifte aanvankelijk niet uitsluitend door de Chef van Dienst (CvD), maar gezamenlijk door de CvD en de Chef Opsporing genomen. Hiervoor is gekozen om de CvD’s in deze voor hen nieuwe rol te laten groeien. Daarnaast vindt de terugkoppeling aan de aangever nog niet structureel plaats conform het stroomschema (zie ook paragraaf 2.9). 2.2 Richtlijnen voor het opstellen van een aangifte 2.2.1 Situatie 2012 2",Everyday Racism & Modern Racial Inequality,1.0
lp-v-j-0000007495.pdf,38,"In het verlengde hiervan deed de Raad aan het KPCN en het OM de volgende aanbeveling: Zorg ervoor dat overleg plaatsvindt ten aanzien van richtlijnen voor de inhoud en kwaliteit van processen verbaal van aangifte. 2.2.2 Situatie 2014 De Raad heeft in zijn onderzoek geen richtlijnen voor het opnemen van een adequate en volledige aangifte aangetroffen. Deze schijnen via een presentatie wel beschikbaar te zijn gesteld4, maar zijn als zodanig niet breed bekend binnen het KPCN.",Everyday Racism & Modern Racial Inequality,1.0
lp-v-j-0000007495.pdf,43,"5 en opsporingsambtenaar dient in een proces-verbaal aan te geven op welke wijze hij tot een bepaalde vaststelling is gekomen, de zogenaamde redenen van wetenschap. 9 Hierdoor beschikte het KPCN niet over een korpsbreed bestand waarin het aantal aangiften werd bijgehouden. Dit had nadelige gevolgen voor de informatiepositie van het korps. enduidige en structurele registratie van aangiftes levert immers bruikbare sturings- en opsporingsinformatie op.",Everyday Racism & Modern Racial Inequality,1.0
lp-v-j-0000007495.pdf,46,"Totdat deze beschikbaar is, wordt gebruik gemaakt van een door het RST beschikbaar gestelde rechercheapplicatie. ” Uit de interviews blijkt dat alle afdelingen, met uitzondering van de opsporing, de aangiften structureel verwerken en registreren in Actpol. Hierop is in de laatste twee jaar intensief gestuurd. Het systeem genereert inmiddels ook managementinformatie. De afdeling Opsporing registreert niet in Actpol, omdat de recherchemodule nog in ontwikkeling is.",Everyday Racism & Modern Racial Inequality,1.0
lp-v-j-0000007495.pdf,47,"Deze ontwikkeling loopt achter op de planning. Waar deze begin juni 2014 operationeel zou zijn, zal dit vermoedelijk pas in september van dit jaar het geval zijn.6 Bij afwezigheid van de recherchemodule registreert de afdeling Opsporing de aangiften in een Office-omgeving: de aangiften worden in Word opgenomen en in xcel wordt een zaaksoverzicht bijgehouden. Hierdoor is de gegenereerde managementinformatie nog niet compleet. Ten opzichte van 2012 is het systeem Actpol volgens de respondenten gebruiksvriendelijker geworden.",Everyday Racism & Modern Racial Inequality,1.0
lp-v-j-0000007495.pdf,51,"De Raad concludeerde dat de verdeling van aangiften tussen de afdelingen op hoofdlijnen bekend was bij de medewerkers, maar niet in de organisatiestructuur was geborgd. r was geen centraal punt belegd waar de prioritering en verdeling van aangiften wordt bepaald. Door het instellen van een dergelijke functie ontstaat er zicht op het aantal binnengekomen aangiften en kan het korps sneller en adequater prioriteitenstellen en inspelen op trends. Het geeft een belangrijke impuls aan het vervolg op de aangiften. Het KPCN had wel de intentie deze verantwoordelijkheid centraal te beleggen.",Everyday Racism & Modern Racial Inequality,1.0
lp-v-j-0000007495.pdf,54,"Hoewel wordt onderkend dat het onderscheid niet exact te definiëren is, wordt wel gezocht naar nadere invulling zodat de medewerkers van de afdeling Intake meer houvast hebben in hun besluit om de aangifte wel of niet zelf op te nemen. Aangiften die op Bonaire zijn opgenomen door de afdeling Intake en de afdeling Basispolitiezorg (BPZ) worden beoordeeld door de CvD. Als er volgens hem voldoende opsporingsindicatie is, wordt de aangifte fysiek doorgeleid naar de afdeling Opsporing. De respondenten geven aan dat de CvD’s steeds meer in deze rol groeien. De CvD bespreekt de aangifte na de overdracht met de Chef Opsporing, die vervolgens bepaalt of de aangifte definitief wordt opgepakt in een onderzoek. Als er buiten kantoortijden sprake is van urgentie en er volgens de CvD direct een rechercheur moet worden ingezet, neemt de CvD eerst contact op met de Chef Opsporing.",Everyday Racism & Modern Racial Inequality,1.0
lp-v-j-0000007495.pdf,59,"Daarnaast hebben mensenhandel en lokale en internationale drugs- en wapenhandel “aandacht”. Verder reageert de afdeling Opsporing op die vormen van criminaliteit die niet als speerpunt zijn benoemd, maar wel maatschappelijk onrust met zich mee brengen. Als voorbeeld hiervan worden autodiefstallen genoemd, maar dit verschilt per eiland. Volgens respondenten zijn de speerpunten dermate ruim omschreven, dat er op basis van die speerpunten moeilijk keuzes gemaakt kunnen worden. Vanwege de (structurele) onderbezetting van het KPCN is het echter wel noodzakelijk om te prioriteren.",Everyday Racism & Modern Racial Inequality,1.0
lp-v-j-0000007495.pdf,64,Dit leidde tot de volgende aanbeveling: Beschrijf op korte termijn de visie en planning van het korps ten aanzien van de scholing van de medewerkers. Benoem in het plan nadrukkelijk vaardigheden die noodzakelijk zijn voor het aangifteproces. Neem in het plan bejegeningsaspecten en algemene richtlijnen voor het opstellen van een goed en volledig proces verbaal van aangifte op.,Everyday Racism & Modern Racial Inequality,1.0
lp-v-j-0000007495.pdf,67,"Het betreft een zeer intensief traject, waarbij de deelnemende medewerkers van de drie eilanden twee weken per maand niet beschikbaar zijn voor operationele inzet voor het KPCN. Dit is voor de laatste groep aangepast. De opleiding is gericht op bredere vorming en ontwikkeling, waarbij ook aandacht is voor het aangifteproces (inclusief doorvragen en het opstellen van een kwalitatief goede aangifte). De respondenten geven aan hier baat bij te hebben. Medewerkers merken dat hun kennis is opgefrist en aangevuld, en leidinggevende functionarissen zien dat de kwaliteit stijgt en de medewerkers meer initiatief nemen.",Everyday Racism & Modern Racial Inequality,1.0
lp-v-j-0000007495.pdf,71,"In dit kader waren functioneringsgesprekken ingesteld, waarbij mensen werden aangesproken op de kwaliteit van hun prestaties. Hiermee wilde het KPCN het geven van feedback aan medewerkers structureel inbedden. De Raad onderkende de ontwikkeling die het korps doormaakte en de stappen die het KPCN reeds had gezet om zijn organisatie te professionaliseren, maar benadrukte het belang van concrete acties die zich richten op feedback en controle ‘on the job’ (zoals het paraferen van nagekeken aangiftes). Dit leidde tot de volgende aanbevelingen: Voer de functie van corrector in.",Everyday Racism & Modern Racial Inequality,1.0
lp-v-j-0000007495.pdf,75,"Van hen wordt verwacht dat zij hun opmerkingen terugleggen bij de verbalisant of de betreffende afdeling, zodat deze zelf de aangifte aan kan passen. In de praktijk gebeurt dit door tijdgebrek regelmatig niet en vullen zij een aangifte zelf aan. Respondenten geven aan dat het in principe wenselijk zou zijn om een functionaris vrij te maken om de kwaliteit te beoordelen. Dit gaat echter ook ten koste van de toch al schaarse capaciteit in het korps. Omdat de controlemomenten nu geborgd zijn, zijn zij van mening dat de huidige werkwijze op zich afdoende moet zijn.",Everyday Racism & Modern Racial Inequality,1.0
lp-v-j-0000007494.pdf,0,"1 De strafrechtketen Bonaire, St.ustatius en Saba nader bekeken. en onderzoek naar de sturing van het OM op de opsporing en de executie van strafrechtelijke vonnissen. Raad voor de rechtshandhaving November 2014 2 Inhoudsopgave Samenvatting en conclusies",Everyday Racism & Modern Racial Inequality,1.0
lp-v-j-0000007494.pdf,2,"vonnissen 23 5. De keten overziend 31 3 Samenvatting en conclusies Raad voor de Rechtshandhaving De Raad voor de Rechtshandhaving is een interlandelijk orgaan van Curaçao, Sint Maarten en Nederland. De Raad is belast met de algemene inspectie op de effectiviteit en kwaliteit van de in artikel 3 van de Rijkswet Raad voor de Rechtshandhaving vermelde diensten en instellingen die deel uitmaken van de justitiële keten in de landen. Jaarlijks stelt de Raad een jaarplan op waarin beschreven wordt naar welke organisaties een inspectie wordt verricht.",Everyday Racism & Modern Racial Inequality,1.0
lp-v-j-0000007494.pdf,4,"In dit onderzoek worden twee aspecten van de taakuitvoering van het OM op de BS bekeken. Allereerst de wijze waarop het OM sturing geeft aan de opsporing bij het Korps Politie Caribisch Nederland met betrekking tot de selectie van zaken, de voortgangsbewaking van de geselecteerde zaken en de kwaliteit van de opsporingsonderzoeken (‘Zicht op zaken’). r komen meer strafbare feiten ter kennis van politie en justitie, dan dat er met de bestaande capaciteit kunnen worden onderzocht en vervolgd. Dat betekent dat er op verschillende momenten en op verschillende niveaus keuzes moeten worden gemaakt (met betrekking tot onderzoeken en vervolging) op basis van heldere criteria.",Everyday Racism & Modern Racial Inequality,1.0
lp-v-j-0000007494.pdf,5,"Dat gebeurt steeds door of onder verantwoordelijkheid van het OM. De centrale vraag bij dit onderzoek is: Op welke wijze geeft het OM sturing aan de opsporing bij de politie met betrekking tot de selectie van zaken, de voortgangsbewaking van de geselecteerde zaken en de kwaliteit van opsporingsonderzoeken? Het tweede aspect is de wijze waarop het OM invulling geeft aan zijn taak om vonnissen in strafzaken uit te voeren (‘xecutie strafrechtelijke vonnissen’).Als een zaak voor een rechter komt, dan volgt hier, afgezien van vrijspraak, niet ontvankelijk- of onbevoegd verklaring, een veroordelend vonnis uit. Conform het Wetboek van Strafrecht kan dit een hoofdstraf zijn in de vorm van een gevangenisstraf, hechtenis, taakstraf of geldboete (of een combinatie hiervan).",Reparations & Justice,1.0
lp-v-j-0000007494.pdf,7,"Zicht op zaken In dit deel van het onderzoek heeft de Raad gekeken naar de wijze waarop het OM sturing geeft aan de opsporing bij de politie met betrekking tot de selectie van zaken, de voortgangsbewaking van de geselecteerde zaken en de kwaliteit van de opsporing. De Raad constateert dat het sturingsproces van het OM op de BS de afgelopen jaren de nodige ontwikkelingen heeft doorgemaakt. Van een situatie waarin er geen structuur was om te sturen en het OM heel dicht op het operationele 4 opsporingsproces zat, werd een omslagpunt bereikt waarbij het OM meer op afstand staat en feitelijk zaken aanstuurt met behulp van twee sturingsinstrumenten. In het Zicht op zakenoverleg bespreekt het OM met de politie de selectie, de voortgang en de kwaliteit van de zaken die zich in de opsporingsfase bevinden.",Everyday Racism & Modern Racial Inequality,1.0
lp-v-j-0000007494.pdf,10,"De Raad constateert dat het sturingsproces gestructureerd verloopt. Voor elke processtap wordt, aan de hand van vaste formats, sturingsinformatie aangeleverd (pre-weegdocument, projectvoorstel en plan van aanpak). Op basis van deze sturingsinformatie besluit de Stuurgroep welke zaken worden aangepakt en stuurt men op voortgang en kwaliteit. De Raad constateert dat de ketenpartners zeer tevreden te zijn over de wijze waarop de Stuurgroep Opsporen functioneert. De volgende stap is volgens betrokkenen de doorontwikkeling en verfijning van deze werkwijze.","Remembrance, Heritage & Education",1.0
lp-v-j-0000007494.pdf,12,"In dit deel van het onderzoek is gekeken naar de wijze waarop het OM invulling geeft aan de taak om vonnissen in strafzaken uit te voeren. De Raad constateert dat het OM een flinke inhaalslag heeft gemaakt om de voorraad openstaande gevangenisstraffen – die door gebrek aan celcapaciteit was ontstaan – weg te werken. Door de gebrekkige administratie en registratie was er geen helder zicht op openstaande en uitgevoerde vonnissen. Het OM heeft handmatig in verschillende bronnen tot 2008 teruggekeken om hier inzicht in te krijgen. De Raad constateert niet zonder zorg dat het, naar betrokkenen zelf aangeven, niet is uit te sluiten dat hierdoor nog openstaande vonnissen tussen wal en schip zijn gevallen.","Remembrance, Heritage & Education",1.0
lp-v-j-0000007494.pdf,13,"Thans zijn of worden nagenoeg alle gevangenisstraffen voor Bonairianen uitgevoerd. Het knelpunt zit met name bij straffen voor niet-ingezetenen. De Raad constateert dat het OM en de ketenpartners SRCN, JICN en de Voogdrijraad elkaar goed kunnen vinden bij de uitvoering van de vonnissen. Daar waar men tegen knelpunten aanloopt, weet 5 men gezamenlijk een creatieve oplossing te vinden. Het project ‘Verantwoord heenzenden’ en de ‘drie modellen van interventie jeugdcriminaliteit’ zijn hier voorbeelden van.",Everyday Racism & Modern Racial Inequality,1.0
lp-v-j-0000007494.pdf,14,De Raad constateert dat – de goede samenwerking ten spijt – de uitvoering van strafrechtelijke vonnissen een kwetsbaar proces is. Het ontbreken van een eenduidig en betrouwbaar inzicht in de stand van zaken van (uitstaande) vonnissen vormt een groot risico. Door gebrekkige informatiesystemen en handmatig bijgehouden (schaduw)registraties bestaat de kans dat vonnissen ‘verdwijnen’ en dus nooit uitgevoerd worden. Dit is strijdig met de fundamentele uitgangspunten van de rechtshandhaving.,Everyday Racism & Modern Racial Inequality,1.0
lp-v-j-0000007494.pdf,22,"De verhouding tussen partijen is goed en men helpt elkaar altijd wel uit de brand. chter, dit zijn veelal ad hoc oplossingen. Als iets een structurele taak wordt, dan haken partijen af omdat zij de capaciteit zelf niet hebben om hieraan te voldoen. Door inventief optreden van ketenpartners wordt bevorderd dat uiteindelijk de zaken lopen, maar wordt de urgentie van het probleem niet zichtbaar. Op het eerste gezicht lijkt het goed te gaan, maar als het aantal opsporingszaken en vonnissen toeneemt – hetgeen ook de ambitie is – dan kunnen partijen niet meer leveren.",Everyday Racism & Modern Racial Inequality,1.0
lp-v-j-0000007494.pdf,25,"De Raad heeft begrip voor deze opvatting maar tekent aan dat elementaire uitgangspunten van de rechtshandhaving (zoals het consequent uitvoeren van rechterlijke vonnissen) nimmer gerelativeerd kunnen worden aan een beroep op de culturele context. Vrijwel alle ketenpartners geven aan dat een groot deel van de – in dit onderzoek benoemde – knelpunten terug is te voeren naar een dieper gelegen oorzaak. Op veel momenten wordt men in de uitvoering geconfronteerd met zaken die bij de inrichting van de strafrechtketen niet geregeld zijn. Zo geeft men bijvoorbeeld aan dat er gaten in het ontwerp van de strafrechtketen zitten als het gaat om het effectief aanpakken van jeugdcriminaliteit. r is geen jeugdstrafrecht, met als gevolg dat er ook geen jeugdinrichting is.",Everyday Racism & Modern Racial Inequality,1.0
lp-v-j-0000007494.pdf,26,"Dit terwijl jeugd- en zedenzaken één van de grootste problemen op de BS is. Bij het opzetten van de verschillende schakels van de strafrechtketen en het verstrekken van instrumentarium is onvoldoende rekening gehouden met de bijzondere insulaire (soms zelfs solitaire), kleinschalige en kwetsbare situatie. 7 1. Inleiding Raad voor de Rechtshandhaving De Raad voor de Rechtshandhaving is een interlandelijk orgaan van Curaçao, Sint Maarten en Nederland. De Raad is belast met de algemene inspectie op de effectiviteit en kwaliteit van de in artikel 3 van de Rijkswet Raad voor de Rechtshandhaving vermelde diensten en instellingen die deel uitmaken van de justitiële keten in de landen.",Everyday Racism & Modern Racial Inequality,1.0
lp-v-j-0000007494.pdf,28,"In dit onderzoek worden twee aspecten van de taakuitvoering van het OM op de BS bekeken. Allereerst de wijze waarop het OM sturing geeft aan de opsporing bij het Korps Politie Caribisch Nederland met betrekking tot de selectie van zaken, de voortgangsbewaking van de geselecteerde zaken en de kwaliteit van de opsporingsonderzoeken (‘Zicht op zaken’). Het tweede aspect is de wijze waarop het OM invulling geeft aan zijn taak om vonnissen in strafzaken uit te voeren (‘xecutie strafrechtelijke vonnissen). Beide onderzoeken beslaan verschillende processen van de strafrechtketen.",Everyday Racism & Modern Racial Inequality,1.0
lp-v-j-0000007494.pdf,30,"Dat betekent dat er op verschillende momenten en op verschillende niveaus keuzes moeten worden gemaakt (met betrekking tot onderzoeken en vervolging) op basis van heldere criteria. Dat gebeurt steeds door of onder verantwoordelijkheid van het OM. De centrale vraag bij dit onderzoek is: Op welke wijze geeft het OM sturing aan de opsporing bij de politie met betrekking tot de selectie van zaken, de voortgangsbewaking van de geselecteerde zaken en de kwaliteit van opsporingsonderzoeken? Als naar de justitiële keten gekeken wordt – van aangifte tot aan behandeling door de rechter",Everyday Racism & Modern Racial Inequality,1.0
lp-v-j-0000007494.pdf,35," Op welke wijze geeft het OM sturing aan (de voortgang en kwaliteit van) het onderzoeksproces? xecutie van strafrechtelijke vonnissen Als een zaak voor een rechter komt, dan volgt hier, afgezien van vrijspraak, niet ontvankelijk- of onbevoegd verklaring, een veroordelend vonnis uit. Conform het Wetboek van Strafrecht kan dit een hoofdstraf zijn in de vorm van een gevangenisstraf, hechtenis, taakstraf of geldboete (of een combinatie hiervan).",Everyday Racism & Modern Racial Inequality,1.0
lp-v-j-0000007494.pdf,37," Is er een procesbeschrijving/richtlijn?  Op welke wijze (in welk systeem) worden de vonnissen geregistreerd?  Hoeveel vonnissen zijn, uitgesplitst naar gevangenisstraf, hechtenis, taakstraf en geldboete, in 2012 door de rechter opgelegd? ",Everyday Racism & Modern Racial Inequality,1.0
lp-v-j-0000007494.pdf,41,"Caribisch Nederland (KPCN) , Stichting Reclassering Caribisch Nederland (SRCN), de Voogdijraad en de Justitiële Inrichting Caribisch Nederland (JICN)op de BS heeft de Inspectie aanvullende vragen gesteld. In dit onderzoek is niet gekeken naar de inrichting en organisatie van het aangifte- en opsporingsproces. Ook is niet gekeken naar de inhoudelijke kwaliteit en de effectiviteit van de verdere zaaksverwerking door het OM. Individuele zaken blijven buiten beschouwing. De focus is primair op de sturing van het OM in de praktijk.",Everyday Racism & Modern Racial Inequality,1.0
lp-v-j-0000007494.pdf,42,"Het onderzoek richt zich verder uitsluitend op de taken en activiteiten van het OM met betrekking tot de politiekorpsen op de BS en dus niet op de andere opsporingsdiensten, zoals de Kustwacht en de Douane. Waar de Raad in haar onderzoeken over het algemeen gebruik maakt van een uitgewerkt toetsingskader op basis van wet- en regelgeving, is dat in dit onderzoek niet het geval. De Raad beschrijft feitelijk de wijze waarop het OM sturing geeft aan opsporingszaken en de uitvoering van vonnissen. Daarbij tekent de Raad op welke knelpunten hierbij worden ervaren en welke gevolgen deze hebben. Leeswijzer Na de inleiding wordt in hoofdstuk twee de context rondom de strafrechtketen op de BS geschetst.",Everyday Racism & Modern Racial Inequality,1.0
lp-v-j-0000007494.pdf,68,In tweewekelijkse casusoverleggen besprak de officier vervolgens de voortgang van de lopende zaken en zette deze operationele opdrachten uit (zoals het verhoren van verdachten in een zaak). en medewerker van het OM werd daarnaast ingezet om de dossiers bij de politie te screenen. In die tijd was er een groot aantal sepots omdat de dossiers te mager waren. Het bevatte vaak alleen een summiere aangifte en verder weinig tot geen bewijs of opsporingsindicatie. De zaken werden bij de politie geseponeerd en niet verder doorgestuurd naar het OM.,Everyday Racism & Modern Racial Inequality,1.0
lp-v-j-0000007494.pdf,69,"Zowel het OM als de politie geven aan dat deze directe aansturing niet wenselijk was, maar dat het in die tijd wel nodig was. De politie bevond zich voor wat betreft cultuur en kwaliteit nog niet op het vereiste niveau. Betrokkenen geven bijvoorbeeld aan dat bij de politie vooral ‘de waan van de dag’ heerste. De politie ging van incident naar incident en verloor daarbij de aandacht voor lopende zaken. Het OM moest er daarom dicht opzitten om de voortgang te bewaken.",Everyday Racism & Modern Racial Inequality,1.0
omvang-en-verdeling-van-de-geestelijke-verzorging-in-de-krijgsmacht-vanaf-2016.pdf,4,"In deze Stuurgroep hebben vertegenwoordigers van de zes Zendende Instanties en van Defensie zitting, onder leiding van een onafhankelijk voorzitter. De Stuurgroep heeft de opdracht voor dit onderzoek verstrekt aan ons onderzoeksteam, bestaande uit: dr. Ton Bernts (Kaski - onderzoekscentrum religie en samenleving van de aculteit ilosofie, Theologie en Religiewetenschappen van de Radboud Universiteit Nijme- gen), prof. dr. Ruard Ganzevoort (aculteit der Godgeleerheid van de Vrije Universiteit Amsterdam) en prof. dr. Carlo Leget en dr. Joanna Wojtkowiak van de Universiteit voor Humanistiek te Utrecht. Wij danken in de eerste plaats de Stuurgroep voor het in ons gestelde vertrouwen en voor de kritische en constructieve gesprekken over onderzoeksvraagstelling en rapportage. Vanuit de Stuurgroep hebben wij veel ondersteuning gekregen van projectleider drs. Bob Lodder (ABD interim) en secretaris drs. Alexandra Nuijen (Defensie).","Remembrance, Heritage & Education",1.0
omvang-en-verdeling-van-de-geestelijke-verzorging-in-de-krijgsmacht-vanaf-2016.pdf,5,"Verder willen wij drs. Casimir Struijk, ambtelijk secretaris van de Diensten Geestelijke Verzorging, bedanken voor de snelle en accurate informatievoorziening en ondersteuning bij dit project. Drs. Jolanda Snijders (afdeling Trends, Onderzoek en Statistiek van Defensie) heeft de steekproef onder militairen verzorgd. Bij de totstandkoming van dit onderzoeksrapport hebben wij als onderzoekers waardevolle inhoudelijke en methodische adviezen gekregen van de door de Stuurgroep ingestelde Begelei- dingscommissie, bestaande uit mr. dr. rik Asscher (krijgsmachtpredikant), prof. dr. Chan Choenni (Vrije Universiteit Amsterdam/Lalla Rookh Leerstoel), dr. Monique van Dijk- Groeneboer (Universiteit van Tilburg/School of Catholic Theology), drs. Chris Kooyman (onderzoeker Joods Maatschappelijk Werk) en dr. Arjen W. Velema (krijgsmachtpredikant b.d.).","Remembrance, Heritage & Education",1.0
omvang-en-verdeling-van-de-geestelijke-verzorging-in-de-krijgsmacht-vanaf-2016.pdf,17,"Geestelijke Verzorging bij Defensie’ vastgesteld. In dit besluit is, als onderdeel van de kaderstellende rol van Defen- sie, opgenomen dat Defensie periodiek onderzoek uitvoert naar de kwantitatieve en kwalitatieve behoefte van militair personeel aan geestelijke verzorging. Als achtergrond en randvoorwaarden van beide onderzoeken fungeert het Plan van Aanpak (PvA) voor het periodiek onderzoek voor de Diensten Geestelijke Verzorging (DGV). In dit PvA wordt uitgegaan van een gereorganiseerde en verkleinde Defensieorga- nisatie in 2016.",Everyday Racism & Modern Racial Inequality,1.0
omvang-en-verdeling-van-de-geestelijke-verzorging-in-de-krijgsmacht-vanaf-2016.pdf,20,"De onderzoekers zijn gezamenlijk verant- 2 woordelijk voor het hele project en hebben in onderling overleg de nadere verdeling van de werkzaamheden bepaald. Alle onderzoekers hebben ruime ervaring op het gebied van geestelijke verzorging, religie en spiritualiteit. De projectleiding en penvoering berustte bij de Radboud Universiteit. In dit rapport staan de resultaten ten aanzien van het omvang- en verdelingsonderzoek centraal. Op voordracht van de Stuurgroep is een begeleidingscommissie samengesteld die voor de onderzoekers een klankbord vormde voor inhoudelijke en methodologische aspecten.",Everyday Racism & Modern Racial Inequality,1.0
omvang-en-verdeling-van-de-geestelijke-verzorging-in-de-krijgsmacht-vanaf-2016.pdf,51,"SMT persoonlijke gesprekken thuisfront begeleidingsgesprekken aanwezigheid thuisfrontdagen contact tijdens sport/recreatie praatje op werkvloer vieringen en bijeenkomsten overhead en deskundigheidsbevordering (on-)gevraagde advisering aan de leiding vorming en voorlicht. verzorging en begeleiding presentie dagelijks enkele keren per week enkele keren per maand incidenteel niet 11 iguur 2.2 Tijdsbesteding van eenheidgebonden geestelijk verzorgers, per cluster van activiteiten (in %; n=71)",Everyday Racism & Modern Racial Inequality,1.0
omvang-en-verdeling-van-de-geestelijke-verzorging-in-de-krijgsmacht-vanaf-2016.pdf,52,"We zullen deze clusters van activiteiten nu langslopen, en wel in de volgorde waarin er tijd aan wordt besteed. Daarbij kijken we ook of er significante verschillen zijn qua tijdsbeslag (hoeveel tijd) en tijdsinvulling (welke specifieke activiteiten), al naar gelang:  krijgsmachtdeel: hiertoe is een onderscheid gemaakt naar de vier krijgsmachtdelen plus de Interservice7;  type eenheid: hiermee wordt bedoeld operationele eenheid versus een opleidingslocatie (en niet op uitzending of langdurige oefening8);",Everyday Racism & Modern Racial Inequality,1.0
omvang-en-verdeling-van-de-geestelijke-verzorging-in-de-krijgsmacht-vanaf-2016.pdf,62,"veneens de helft geeft aan in de afgelopen 3 maanden bij 13 een vormingsconferentie op Beukbergen betrokken te zijn geweest. In de open vraag worden onder andere genoemd: gv-lessen en -voorlichting, bezinningsreizen, teambuilding en morele vorming.  r zijn geen noemenswaardige verschillen tussen de krijgsmachtdelen.  Geestelijk verzorgers op een opleidingslocatie besteden uiteraard significant meer tijd aan opleiding en vorming dan hun collega’s elders (18% van de tijd, versus 8% tijdsbe- slag). Bijna de helft van hen verzorgt wekelijks of vaker (vormings-)lessen, hetgeen bij geestelijk verzorgers bij een operationele eenheid nauwelijks voorkomt en eerder enke- le keren per maand of incidenteel gebeurt.",Everyday Racism & Modern Racial Inequality,1.0
omvang-en-verdeling-van-de-geestelijke-verzorging-in-de-krijgsmacht-vanaf-2016.pdf,65," r zijn geen noemenswaardige verschillen al naar gelang het type eenheid.  r zijn geen noemenswaardige verschillen in tijdsbesteding aan advisering tussen geestelijk verzorgers die al dan niet op uitzending of langdurige oefening zijn. Wel rapporteren degenen op uitzending of missie intensievere deelname aan stafoverleg (33% dagelijks). Overhead en deskundigheidsbevordering nemen eveneens 9% van de tijd van de geestelijk verzorgers in beslag. Dit betreft in de eerste plaats administratie/correspondentie (73% minimaal wekelijks), en zakelijke reistijden (62% minimaal wekelijks).",Everyday Racism & Modern Racial Inequality,1.0
omvang-en-verdeling-van-de-geestelijke-verzorging-in-de-krijgsmacht-vanaf-2016.pdf,67,"14  Qua tijdsbeslag is er geen verschil tussen de krijgsmachtdelen; wel rapporteren de geestelijk verzorgers bij CLSK qua invulling relatief wat minder vaak studie- activiteiten, en de geestelijk verzorgers bij CZSK juist meer. Deze laatste groep heeft daarentegen zoals te verwachten duidelijk minder reistijden.  r zijn qua tijdsbeslag geen noemenswaardige verschillen wat betreft type eenheid; de geestelijk verzorgers bij operationele eenheden reizen wat vaker (20% dagelijks, tegen geen van de collega’s bij de opleidingen).",Everyday Racism & Modern Racial Inequality,1.0
bijlagen-onderzoek-onderhoud-bes-fonds-2015.pdf,30,"- Aflossingen van renteloze leningen worden door het rijk verrekend met de vrije uitkering. Omdat het om substantiële bedragen gaat hebben wij de aflossingen bruto gemaakt; dus toegerekend aan de taak. - r wordt vanuit gegaan dat investeringen duurzaam zijn. Dus als er wordt geïnvesteerd wordt deze investering vervolgens afgeschreven en wordt het gebouw, sportveld of ander kapitaalgoed beheerd en onderhouden. Voor groot onderhoud en vervanging wordt gereserveerd zodanig dat er sprake is van “eeuwigdurend” onderhoud.",Everyday Racism & Modern Racial Inequality,1.0
bijlagen-onderzoek-onderhoud-bes-fonds-2015.pdf,35,"Het gaat dan vooral om wensen waarvan de verwachting is dat ze over vijf jaar of later spelen of wensen waarvan het in de rede ligt om eerst andere ontwikkelingen af te wachten. Zo is voor afval de haven ontvangst voorziening een toekomstige ontwikkeling. Dit is weliswaar een internationale verplichting, maar omdat afvalverwerking vanaf 2015 anders wordt aangepakt is het een optie eerst deze nieuwe werkwijze op te pakken. Hoe met het afval van schepen kan worden omgegaan kan dan een volgende stap zijn. Overige - Voor de omrekening van € naar $ gebruiken we een koers van€ 1 = $ 1,25.","Remembrance, Heritage & Education",1.0
onderzoeksrapport-onderhoud-bes-fonds-2015.pdf,11,"Discussies over de vraag hoeveel de inwoners kunnen betalen, wat de Onderzoek onderhoud BS-fonds 2015 5 gewenste tarieven zijn voor bepaalde overheidstaken of over de hoogte van de AOV en het minimumloon maken ook geen onderdeel uit van dit onderzoek. Dit zijn wel belangrijke discussies, maar dit onderzoek beperkt zich tot de vrije uitkering. In dit onderzoek is uitgegaan van de huidige situatie in de taakverdeling tussen rijk en eilanden en van de huidige situatie wat betreft inkomens. 1a. De hoogte van de vrije uitkering",Everyday Racism & Modern Racial Inequality,1.0
onderzoeksrapport-onderhoud-bes-fonds-2015.pdf,22,"Bovendien zijn de drie eilanden uniek waardoor de kosten van taken eigenlijk ook met name bepaald kunnen worden door het volgen van ontwikkelingen op de eilanden en minder door onderlinge vergelijkingen of vergelijkingen met gemeenten. Wel is voor bepaalde taken, op termijn, de toename van bijvoorbeeld het inwonersaantal van belang. Advies 1b) Dynamiek vrije uitkering • Corrigeer de vrije uitkering standaard op basis van een gewogen gemiddelde van de daadwerkelijke inflatie op de eilanden op basis van CBS cijfers. Dit ongeacht de correctie van andere rijksbegrotingen.",Everyday Racism & Modern Racial Inequality,1.0
onderzoeksrapport-onderhoud-bes-fonds-2015.pdf,31,"Het gaat dan bijvoorbeeld om de bijzondere uitkering voor rampenbestrijding en incidentenorganisatie en de middelen voor jongerenactiviteiten, die nu direct naar de instellingen gaan (de middelen aan Jong Bonaire, Rosa di Sharon, Mega D en Child focus). o Middelen die niet via het openbaar lichaam lopen en alleen maar zouden worden “doorgesluisd”, zoals subsidies voor elektriciteit en de Kamer van Koophandel, kunnen beter niet aan de vrije uitkering worden toegevoegd. • Maak incidentele bijdragen zoveel mogelijk transparant. Dat kan bijvoorbeeld door er een “decentralisatie uitkering",Everyday Racism & Modern Racial Inequality,1.0
onderzoeksrapport-onderhoud-bes-fonds-2015.pdf,36,"Op alle drie de eilanden is er behoefte aan een verdere ontwikkeling van de ambtelijke organisatie. De precieze vraag verschilt per eiland. Saba heeft vooral behoefte aan vervulling van bepaalde plekken, vanwege benodigde specialistische kennis en / of beleidsmatige vaardigheden. Bonaire en Sint ustatius willen graag dat medewerkers meer mogelijkheden hebben voor het volgen van opleidingen en het opdoen van kennis, door twinning en detachering (van Caribisch Nederland naar uropees Nederland en omgekeerd). De kleinschaligheid van de eilanden leidt ertoe dat er voor lange tijd een “wervingsvraagstuk” is op de eilanden, dat wil zeggen er zijn extra middelen nodig voor terugkeer van Caribisch Nederlanders en/of voor uropees Nederlanders die bepaalde, bijvoorbeeld specialistische, plekken vervullen.",Everyday Racism & Modern Racial Inequality,1.0
onderzoeksrapport-onderhoud-bes-fonds-2015.pdf,43,"Investeringen • Laat investeringen voor het inhalen van achterstallig onderhoud of ontwikkelen van specifieke taken via departementale begroting lopen. Laat investeringen vanuit meerdere departementen via het BS-fonds lopen, maar neem ze niet op in de vrije uitkering. • Indien er sprake is van gebundelde middelen kunnen hiervoor voorstellen door de eilanden in samenwerking met de departementen. en team van het eiland, de RV en het rijk kan vervolgens beslissen over de voorstellen. • Bij alle investeringen worden de structurele lasten in beeld gebracht, als ook een voorstel voor hoe deze te bekostigen (verhoging vrije uitkering, verhoging tarieven of een andere prioriteitstelling).",Reparations & Justice,1.0
onderzoeksrapport-onderhoud-bes-fonds-2015.pdf,53,"3 Achterstallig onderhoud en ontwikkelwensen In de tabellen 4.1, 4.2 en 4.3 is een inventarisatie opgenomen van wensen ten aanzien van het inhalen van achterstallig onderhoud en ontwikkeling van de eilanden en/of departementen. Uit deze inventarisatie kan bijvoorbeeld via het Meerjarenprogramma Caribisch Nederland worden gekozen. Bij alle investeringen worden de structurele lasten in beeld gebracht als ook een voorstel hoe deze te bekostigen (welk budget voor verhoging vrije uitkering, verhoging tarieven of een andere prioriteitstelling). Indien er gebundelde middelen voor investeringen zijn kunnen deze middelen via het BS-fonds (niet via de vrije uitkering) lopen.",Reparations & Justice,1.0
onderzoeksrapport-onderhoud-bes-fonds-2015.pdf,79,"Discussies over de vraag hoeveel de inwoners kunnen betalen, wat gewenste tarieven zijn voor bepaalde overheidstaken of over de hoogte van de AOV en het minimumloon maken ook geen onderdeel uit van dit onderzoek. Dit zijn wel belangrijke discussies, maar dit onderzoek beperkt zich tot de vrije uitkering. In dit onderzoek is uitgegaan van de huidige situatie in de taakverdeling tussen rijk en eilanden en van de huidige situatie wat betreft inkomens. Discussies over huursubsidie en kindertoeslag raken wel het onderzoek, omdat de taken volkshuisvesting en kinderopvang eilandelijke taken zijn. Voor een overzicht van de eilandelijke taken zie bijlage 1.",Everyday Racism & Modern Racial Inequality,1.0
inventarisatie-inzake-optimaliseren-taalonderwijs-bonaire.pdf,14,"Het Nederlands moet met name in de onderbouw van de basisschool, een prominentere rol krijgen om de negatieve effecten op de schoolloopbaan van leerlingen in de toekomst te voorkomen. Maar daarnaast zal ook het Papiaments binnen het onderwijs versterkt moeten worden, omdat het leren in (en van) de moedertaal van veel leerlingen een groot sociaal maatschappelijk belang dient. 1.2 Opdracht aan expertgroep Het feit dat in het Bonaireaanse onderwijs vanaf groep 5 het Nederlands als instructietaal fungeert, plaatst scholen voor een grote uitdaging en vormt een knelpunt bij de beoogde verhoging van de onderwijskwaliteit.",Everyday Racism & Modern Racial Inequality,1.0
inventarisatie-inzake-optimaliseren-taalonderwijs-bonaire.pdf,17,"Gezien de functie van het Nederlands als toegangspoort naar kennisontwikkeling en het behalen van diploma’s is het kind erbij gebaat een zo hoog mogelijk niveau in het Nederlands te behalen. Teneinde een adequaat onderwijsaanbod Nederlands te realiseren adviseert de Taalunie niet pas vanaf groep 5, maar al vanaf groep 1 (bij voorkeur nog vroeger) het Nederlands als onderwijstaal te hanteren (met mogelijke differentiatie voor specifieke groepen leerlingen) en bij andere onderwijsactiviteiten/vakken dan het vak Nederlands taalontwikkelend les te geven. Naast het Nederlands vervult het Papiaments volgens het rapport van de Taalunie een belangrijke rol en wel met betrekking tot de identiteit van het Bonairiaanse kind. r dient dan ook in en buiten de school extra aandacht te worden besteed aan behoud en versterking van het Papiaments als taal van de sociaal-maatschappelijke communicatie en uitdrukking van de eigen cultuur en identiteit. Daarnaast moeten de kinderen academische vaardigheden in het Papiaments kunnen ontwikkelen.","Remembrance, Heritage & Education",1.0
inventarisatie-inzake-optimaliseren-taalonderwijs-bonaire.pdf,18,"De Taalunie gaat er daarbij vanuit, dat Nederlands en Papiaments gelijkwaardig aan elkaar zijn als het gaat om hun belang voor een evenwichtige ontwikkeling van de kinderen, maar verschillende functies in het onderwijs en in de samenleving vervullen. Nederlands wordt door de Taalunie gezien als voornamelijk gericht op de verbetering van de onderwijskansen van kinderen en op hun kennisontwikkeling, terwijl Papiaments voornamelijk een functie heeft voor hun identiteitsontwikkeling en sociaal maatschappelijke participatie. Dit functieverschil moet volgens het advies tot verschillende doelstellingen leiden. In het advies van de Taalunie wordt aanbevolen twee expertgroepen (één voor het Nederlands en één voor het Papiaments) in te stellen. Deze moeten de consequenties van de voorgestelde aanpak in kaart brengen en de daaruit voortvloeiende actiepunten inventariseren, identificeren en vastleggen in een plan van aanpak.",Everyday Racism & Modern Racial Inequality,1.0
inventarisatie-inzake-optimaliseren-taalonderwijs-bonaire.pdf,24," onderwijsconstructie: wat is nodig, gelet op aansluiting tussen verschillende onderdelen binnen hetzelfde onderwijsniveau en tussen de verschillende onderwijsniveaus? 2 Kamerbrief (ref.693673) over de Uitvoering toezeggingen uit Algemeen Overleg Kwaliteit onderwijs in Caribisch Nederland van 15 oktober 2014. Inventarisatie inzake optimaliseren taalonderwijs Bonaire",Everyday Racism & Modern Racial Inequality,1.0
inventarisatie-inzake-optimaliseren-taalonderwijs-bonaire.pdf,30,"Bonaire 8 en deel van het onderzoek bestond uit gesprekken met betrokkenen en deskundigen op Bonaire en in uropees Nederland. Leden van de expertgroepen hebben in wisselende samenstelling gesproken met de directies van de scholen voor PO, het Openbaar Schoolbestuur en het Rooms-Katholiek Schoolbestuur, orma, het xpertisecentrum Onderwijszorg (OZ). Het doel van deze gesprekken was het achterhalen van informatie over de feitelijke situatie óp en behoeften ván de scholen. Daarnaast is ook van gedachten gewisseld over (de strekking van) het Taalunie-advies. Op verzoek van de expertgroep Papiaments is in mei 2015 door middel van videoconferencing ook gesproken met L. Verhoeven en .",Everyday Racism & Modern Racial Inequality,1.0
inventarisatie-inzake-optimaliseren-taalonderwijs-bonaire.pdf,36,"Het vertrekpunt van deze ‘quickscan’ is de vraag wat er beleidsmatig en praktisch op hoofdlijnen nodig is om het advies te implementeren. De expertgroep heeft daarbij een aantal overwegingen als uitgangspunt genomen. Op Bonaire zijn het Papiaments en het Nederlands van gelijkwaardig belang; beide talen zijn belangrijk voor een evenwichtige ontwikkeling van kinderen De consequenties van het advies van de Taalunie zijn verstrekkend en ingrijpend. Aangezien de nu uitgezette route haaks staat op het gevoerde beleid van de afgelopen decennia, is het van belang dat goed inzicht ontstaat in de achtergronden van een eventuele beleidswijziging en de mogelijke knelpunten.",Everyday Racism & Modern Racial Inequality,1.0
inventarisatie-inzake-optimaliseren-taalonderwijs-bonaire.pdf,37,"In het advies van de Taalunie wordt ingezet op een functiescheiding tussen het Papiaments en het Nederlands. Het Nederlands zou voornamelijk de functie hebben van toegangspoort naar kennisontwikkeling, terwijl het Papiaments voornamelijk de identiteitsvorming van de leerlingen dient te ondersteunen. De expertgroep is echter van mening dat een dergelijke functiescheiding in de onderwijspraktijk niet opportuun is en tegelijkertijd ook het idee van gelijkwaardigheid van de twee talen ondergraaft. De expertgroep stelt zich op het standpunt dat beide functies een rol spelen bij het onderwijs in beide talen, ook met het oog op de multiculturele samenstelling van de leerlingpopulatie. Het scheiden van deze functies neemt ons inziens ten onrechte een voorschot op het gebruik dat al deze leerlingen zullen maken van elk van de talen in hun volwassen leven.",Reparations & Justice,1.0
inventarisatie-inzake-optimaliseren-taalonderwijs-bonaire.pdf,41,"r zijn tevens vele (digitale) middelen om toegang te verkrijgen tot al deze informatie. Daarom is het van belang dat het onderwijs kinderen de mogelijkheden aanreikt zelf toegang te verkrijgen tot die enorme hoeveelheid beschikbare kennis en informatie. Op die manier zal de leerling, zowel in de schoolperiode als in de toekomst als volwassene, zelfstandig en onafhankelijk, op basis van eigen interesses zijn eigen kennis verder kunnen ontwikkelen. De in het advies van de Taalunie aangegeven koers is gebaseerd op de vaststelling dat de afzetmarkt op de ABC- eilanden ernstige beperkingen oplegt aan de aanwezigheid van schriftelijke informatiebronnen in het Papiaments. Immers met deze beperkte afzetmarkt zal geschreven informatie in het Papiaments onvoldoende beschikbaar zijn.",Reparations & Justice,1.0
inventarisatie-inzake-optimaliseren-taalonderwijs-bonaire.pdf,42,"Deze beperking kan naar verwachting ook in de toekomst niet fundamenteel opgelost worden. Het is dan ook van belang dat leerlingen in het onderwijs niet alleen het Papiaments maar ook een tweede taal leren beheersen op hoog niveau, zodat zij de mogelijkheid krijgen hun eigen kennisbehoeften te bevredigen. Het Nederlands lijkt daarvoor een goede kandidaat, omdat er voldoende schriftelijke informatiebronnen in het Nederlands aanwezig zijn. De keuze voor het Nederlands als onderwijstaal in plaats van het ngels lijkt de expertgroep een juiste. Invoering van het ngels als onderwijstaal betekent een grotere omslag met mogelijk onvoorziene gevolgen: verandering van onderwijs- en examensysteem, aanschaf van benodigde materialen voor de gehele onderwijsketen en leerkrachtcompetenties om in het ngels te kunnen onderwijzen.",Reparations & Justice,1.0
inventarisatie-inzake-optimaliseren-taalonderwijs-bonaire.pdf,44,"Ook voor leerlingen die in lagere vormen van onderwijs terecht komen en eveneens voor leerlingen die op Bonaire hun opleiding vervolgen, geldt dat hun wereld en hun mogelijkheden, als leerling en als volwassene, zeer beperkt zullen zijn, indien zij geen of Inventarisatie inzake optimaliseren taalonderwijs Bonaire 11 onvoldoende toegang krijgen tot de grotere wereld van informatie en kennis. en goede beheersing van het Nederlands in het PO betekent dus een wezenlijke verbetering van de kansen voor vervolgopleidingen in het VO, maar dient daarnaast tevens om daadwerkelijk de voornoemde toegang tot kennisontwikkeling te bewerkstelligen. Toegang tot informatie en daarmee verbonden kennisontwikkeling zal slechts gerealiseerd worden met een voldoende hoog taalvaardigheidsniveau om (complexe) teksten te begrijpen. Het PO- onderwijs zal zich daarom voor een substantieel deel moeten richten op het behalen van een voldoende hoog niveau in het Nederlands om de onderwijskansen in het VO en eventueel vervolgonderwijs te optimaliseren. Op Bonaire gaat het evenwel niet alleen om beter Nederlands leren, maar om de samenhang en balans tussen het Nederlands en het Papiaments.",Everyday Racism & Modern Racial Inequality,1.0
inventarisatie-inzake-optimaliseren-taalonderwijs-bonaire.pdf,45,"Bonaire moet een nieuw curriculum ontwikkelen, waarin samenhang en balans tussen het Nederlands en het Papiaments gerealiseerd worden. De prominentere rol van het Nederlands in de onderwijssituatie moet daarbij samengaan met versterking van de onderwijsstatus van het Papiaments. Voor het welslagen van de beleidsombuiging en voor behoud en uitbouw van het draagvlak is het cruciaal om stappen te ondernemen die de positie en rol van het Papiaments in het onderwijs verduidelijken en verbeteren. 2.3 Praktische invulling van de koerswijziging Bonaire heeft een zeer specifieke onderwijssituatie: enerzijds zijn er verschillende talen in het geding waarbij de mogelijkheden van de talen niet-identiek zijn. Anderzijds is de hieruit voortvloeiende keuze een keuze voor een vreemde taal als de onderwijstaal.",Reparations & Justice,1.0
inventarisatie-inzake-optimaliseren-taalonderwijs-bonaire.pdf,49,"De uitdaging voor Bonaire is een curriculum waarin beide talen hun eigen plek innemen in het onderwijs en elkaar zodoende kunnen versterken in plaats van verdrukken. Het streven is een zodanige balans in de totaliteit van onderwijsaanbod aan te brengen, dat kinderen een brede kennis van de wereld ontwikkelen en zich in beide talen kunnen bedienen van cognitieve taalfuncties (analyseren, redeneren, problemen oplossen e.d.) en daarover zowel mondeling als schriftelijk kunnen communiceren (discussiëren, presenteren e.d.). Het is aan de scholen te bepalen hoe de verdeling van onderwijsinhouden tussen beide talen wordt gerealiseerd. Het is raadzaam hierbij vooral te zoeken naar de verbinding tussen beide talen waarbij beide talen elkaar versterken. Bijvoorbeeld het werken aan leesbevordering met aandacht voor zowel Papiamentstalige als Nederlandstalige leesboeken zal de algehele leesattitude verstevigen.",Everyday Racism & Modern Racial Inequality,1.0
inventarisatie-inzake-optimaliseren-taalonderwijs-bonaire.pdf,58,- Aangezien het vooralsnog ontbreekt aan voldoende betrouwbare gegevens met betrekking tot leerresultaten betrekt de inspectie de leerresultaten nog niet bij de beoordeling van de kwaliteit van onderwijs op de scholen. - Het eventueel bereiken van de basiskwaliteit (streefdatum 2016) zal naar verwachting van de inspectie alleen betrekking hebben op de werkprocessen binnen de scholen en niet op de leerresultaten. Wel geeft de inspectie aan dat in het PO de leerresultaten nog aanzienlijk achter blijven bij die in uropees Nederland: - Hoewel de achterstanden in technisch lezen afnemen bedragen deze volgens de inspectie momenteel nog steeds gemiddeld zeker twee tot drie jaar. - Aangezien toetsen voor begrijpend lezen zeer slecht werden gemaakt is op veel scholen de toetsafname voorlopig opgeschort en de inspectie noemt dit illustratief voor het niveau van het Nederlands en de problematische aansluiting van het PO op het VO. Daarnaast geeft de inspectie aan dat voor lezen in het Papiaments in het geheel geen betrouwbare toetsgegevens voorhanden zijn en dat ook in het VO de resultaten op de centrale eindexamens beduidend lager liggen dan in Nederland.,Everyday Racism & Modern Racial Inequality,1.0
papiamentu-in-het-onderwijs-op-bonaire-een-quick-scan.pdf,6,"De discussie over het uitgangspunten in het NTU-rapport en over de onderwijstijd voor de afzonderlijke talen in het onderwijs op Bonaire nam meer tijd in beslag dan verwacht. Na de laatste gesprekken met de PO-schoolbesturen was het niet duidelijk in hoeverre de expertgroepen daadwerkelijk pas op de plaats moesten maken inzake het vervolgen en afronden van de werkzaamheden. Daar kwam nog bij dat de datum 5 juli te dicht op de afsluiting van het schooljaar zat. Omdat er geen ontmoetingen tussen de expertgroepen meer waren gepland heeft de expertgroep Papiamentu de werkzaamheden afzonderlijk vervolgd. De indeling en enkele tekstgedeelten die het Papiamentu en/of het Nederlands betreffen, zijn aangeleverd door de xpertgroep Nederlands.",Reparations & Justice,1.0
papiamentu-in-het-onderwijs-op-bonaire-een-quick-scan.pdf,35,6 1 Inleiding Op een adviesvraag van de staatssecretaris1 schreef de Nederlandse Taalunie (NTU) het ad- vies ‘Nederlands op z’n BSt2. De staatssecretaris heeft de conclusies van dit advies overge- nomen en stelt in overleg met het openbaar lichaam en de schoolbesturen de aanbevolen expertgroepen Nederlands en Papiamentu in.,Everyday Racism & Modern Racial Inequality,1.0
papiamentu-in-het-onderwijs-op-bonaire-een-quick-scan.pdf,39,"De adviesvraag van de staatssecretaris van 11 maart 2014 betreft de implementatie van het Nederlands refe- rentiekader Taal (& Rekenen) en het scheppen van een adequaat onderwijsaanbod in en van het Nederlands in Caribisch Nederland. r liggen voor een gezamenlijk verslag van beide expertgroepen conceptteksten van de xpertgroep Nederlands, waar nog overeenstemming over verkregen moet worden. 2 De volledige titel van het advies luidt: ‘Nederlands op z’n BSt, Advies over het ‘Nederlands in Caribisch Neder- land’ naar aanleiding van de adviesvraag d.d. 11 maart 2014 van OCW aan de Taalunie ten aanzien van het onderwijs Nederlands in Caribisch Nederland.",Everyday Racism & Modern Racial Inequality,1.0
papiamentu-in-het-onderwijs-op-bonaire-een-quick-scan.pdf,43,"Vervolgens zullen met de afzonderlijke scholen modellen uitgewerkt worden. Daar- bij hebben verschillende scholen de mogelijkheid om individuele accenten te leggen, rekening houdend met de leerlingenpopulatie en ouders en gericht op de kerndoelen en eindtermen voor de verschillende onderwijsniveaus. Dit conceptvoorstel samen met een concept-plan van aanpak komt neer op een basismodel en een zekere keuzevrijheid per school. Het be- voegd gezag zal hiermee moeten instemmen. Het NTU-rapport over Nederlands en Papiamentu op Bonaire, enige citaten Ten behoeve van een passende stellingname en werkwijze van de expertgroepen wordt ver- volgens met citaten uit het NTU-rapport, met betrekking tot de functies en rollen van de twee talen Nederlands en Papiamentu op Bonaire, de gedachtegang samengevat.",Everyday Racism & Modern Racial Inequality,1.0
papiamentu-in-het-onderwijs-op-bonaire-een-quick-scan.pdf,44,"De Taalunie adviseert om meteen vanaf groep 1 (bij voorkeur nog vroeger) in te zetten op zo veel mogelijk kwalitatief en passend taalaanbod Nederlands bij alle onderwijsactiviteiten, waardoor het meest recht wordt gedaan aan de rol van het Nederlands in/voor het onderwijs en de ontwikkeling van de kinderen. Gezien de functie van het Nederlands als toegangspoort naar kennisontwikkeling en het behalen van diploma’s, is het kind erbij gebaat uiteindelijk een zo hoog mogelijk niveau in het Nederlands te behalen. Om dit voor elkaar te kunnen krijgen, zet deze benadering in op zoveel mogelijk Nederlands taalcontact. In de praktijk komt het neer op een optimalisering van het huidige systeem waarbij het Nederlands meteen vanaf groep 1 van het PO de taal van het onderwijs is en niet pas vanaf groep 5 en waarbij in alle onderwijsactiviteiten taalontwikkelend wordt lesgegeven. Voor leerlingen die specifieke aan- dacht nodig hebben, zal een gedifferentieerde aanpak gehanteerd moeten worden.",Everyday Racism & Modern Racial Inequality,1.0
papiamentu-in-het-onderwijs-op-bonaire-een-quick-scan.pdf,50,Knelpunt 4. Papiamentstalig onderwijs kan dus niet hetzelfde bieden als Nederlandstalig on- derwijs. De consequentie hiervan is dat het Nederlands op Bonaire deze juist voor het onder- wijs zo belangrijke functie moet overnemen. Daaruit vloeit de noodzaak voort dat kinderen op Bonaire liefst op jonge leeftijd al het Nederlands goed leren beheersen. Niet in eerste in- stantie met het oog op eventuele studiemogelijkheden in Nederland maar vooral met het oog op het Nederlands als toegangspoort naar kennis.,Everyday Racism & Modern Racial Inequality,1.0
papiamentu-in-het-onderwijs-op-bonaire-een-quick-scan.pdf,57,"De wereldorganisatie geeft aan dat scholen: peuter- en kleuterschool, en zelfs opvoedings- en onderwijsprogram- ma's vaak de eerste context blijken te zijn voor kinderen uit minderheidsgroepen die kwets- baar worden op grond van het taalonderwijsbeleid dat hun thuistalen en de bijbehorende culturen minachten. Deze eisen van de kinderen dat ze onbekende leeromgevingen in een onbekende taal betreden. UNCRC (United Nations Convention on the Rights of the Child) (1989: 30 ) bepaalt het recht van inheemse volkeren om hun eigen taal te gebruiken in het onderwijs. Ook wordt aangegeven dat de diversiteit in cultuur, taal en opvoeding van de jeugd erkend en bevorderd moeten worden. De nieuwe positie op wereldniveau verwoord door UNSCO, is de voorkeur voor onderwijs in een meertalige wereldcontext (UNSCO 2003).",Everyday Racism & Modern Racial Inequality,1.0
papiamentu-in-het-onderwijs-op-bonaire-een-quick-scan.pdf,60,"leren beter in hun moedertaal Kinderen waarvan de primaire taal niet de instructietaal op school is, hebben meer kans om voortijdig school te verlaten, of om in de lagere klassen te mislukken. Studie van onderwijs- en taalkundigen heeft aangetoond dat de eerste taal van de kinderen de optimale taal is voor alfabetisering en het leren in de hele basisschool (UNSCO, 2008a; 2014). Het leren lezen is naast rekenen een belangrijke schoolse vaardigheid die relevant is voor de schoolcarrière van leerlingen en dus later ook voor de maatschappelijke carrière van de burgers. In weerwil van groeiend bewijs en de vraag van de ouders, zijn er veel onderwijssystemen over de hele wereld die blijven staan op het exclusieve gebruik van een of soms meerdere bevoorrechte talen. Dit betekent uitsluiting van andere talen en daarmee ook uitsluiting van de kinderen die die talen spreken (Arnold, Bartlett, Gowani & Merali, 2006).",Everyday Racism & Modern Racial Inequality,1.0
papiamentu-in-het-onderwijs-op-bonaire-een-quick-scan.pdf,64,"mother-tongue based, multilingual education; moedertaal- leren in meertalig onderwijs), als een succesvol model wordt beschouwd (Benson & Kosonen, 2013; Yiakoumetti, 2012). Over meertalig leren Ten aanzien van het tweetalig leren zijn wetenschappers het over enkele punten eens. Kin- deren kunnen twee of meer talen aanleren in hun vroege jaren. r is geen sprake van een wedijver tussen de talen om mentale ruimte.",Everyday Racism & Modern Racial Inequality,1.0
papiamentu-in-het-onderwijs-op-bonaire-een-quick-scan.pdf,65,"Kinderen raken niet in de war door tweetalig- heid. Indien er een adequate input is en er mogelijkheden zijn tot interactie, kunnen kinderen Papiamentu in het onderwijs op Bonaire, en concept -quick scan xpertgroep Papiamentu, juli 2015 11 meertalige competenties verwerven. r zijn cognitieve voordelen verbonden aan het ontwik- kelen van twee- of meertalige competenties. Het leren op jonge leeftijd vormt geen garantie voor verdere ontwikkeling of levenslange retentie. Talen kunnen behouden worden, er kan taalverlies optreden in de zin dat taalbeheersing kan verzwakken en verdwijnen.",Everyday Racism & Modern Racial Inequality,1.0
papiamentu-in-het-onderwijs-op-bonaire-een-quick-scan.pdf,70,"Moedertaalonderwijs leidt ook tot vergelijkbare of hogere scores in onderwijs in de tweede of vreemde taal. In landen waar de officiële onderwijstaal een vreemde taal is, zijn de resul- taten beter dan in landen waarin de dominante taal een tweede taal is. Walters (2010): ""The research data is uniform in supporting the claim that mother tongue education programs",Everyday Racism & Modern Racial Inequality,1.0
papiamentu-in-het-onderwijs-op-bonaire-een-quick-scan.pdf,71,"are capable of producing capable readers in 2-3 years rather than the 5 reported for many second language medium programs. "" Bij modellen die slecht presteren is er meestal sprake van een geringe implementatiegraad (leraren gebruiken vooral de tweede/vreemde taal in de moe- dertaallessen) of van ernstige talige tekorten bij de leraren in de tweede/vreemde taal.",Dehumanization & Scientific Racism,1.0
papiamentu-in-het-onderwijs-op-bonaire-een-quick-scan.pdf,74,"In homogene sociolinguïstische contexten waarin één der moedertalen van de leerlingen domineert, zijn de resultaten van meertalig onderwijs beter dan in heterogene taalcontexten. • Kinderen met een gemiddeld beginniveau en leerpotentieel profiteren meer van meertalig onderwijs dan kinderen met een laag of hoog beginniveau en leerpotentieel. • De invoeringskosten van tweetalig onderwijs zijn aanzienlijk. Als tweetalig onderwijs een- maal gevestigd is, bedragen de onderwijskosten 5-10% meer dan bij eentalig onderwijs.",Everyday Racism & Modern Racial Inequality,1.0
papiamentu-in-het-onderwijs-op-bonaire-een-quick-scan.pdf,87,"Severing (1997) vindt in zijn resultaten dat schoolsucces in het voortgezet onderwijs voor 38% verklaard kan worden door begrijpend lezen in het Papiamentu en voor 49% door begrijpende lezen Nederlands. Dit betekent dat, hoewel het Nederlands in het VO de instruc- tietaal is, reeds in het PO voor een vrij hoog percentage het schoolsucces van de leerlingen kan worden voorspeld vanuit hun prestaties voor begrijpend lezen Papiamentu. eitelijk is er relatief veel onderzoek gedaan naar taal en lezen in het Nederlands en Papia- mentu. De onderzoeken rapporteren over aspecten van taal- en leesonderwijs op Bonaire, Aruba en Curaçao en daarnaast zijn het studies die verschillende onderwijsniveaus betreffen: peuter-, kleuter-, PO- en VO-niveau. (Osepa, 1991; Severing, 1992; Narain, 1992; Wout, 1993; Severing-Halman, 1994; Marti, 1994;",Everyday Racism & Modern Racial Inequality,1.0
overzicht-van-internationale-aanbevelingen-op-het-gebied-van-mensenrechten.pdf,5,36 Racisme en vreemdelingenhaat ........................................................................................ 39 Algemeen ................................................................................................................... 39 In de media en in het politieke debat ............................................................................. 44 Discriminatie op de arbeidsmarkt ...................................................................................... 47 Vrouwenrechten en gendervraagstukken............................................................................,Everyday Racism & Modern Racial Inequality,1.0
overzicht-van-internationale-aanbevelingen-op-het-gebied-van-mensenrechten.pdf,8,Caribisch Nederland ..................................................................................................... 66 Rechten ouderen ............................................................................................................. 69 Rechten van personen met een handicap ........................................................................... 70 Informatiesamenleving .................................................................................................. 73 Privacy .......................................................................................................................... 74 Immigratie en asiel ........................................................................................................ 76 Asielprocedure ................................................................................................................ 77 Asielprocedure en non-refoulement ................................................................................ 77 Rechten ongedocumenteerde migranten ......................................................................... 77 Minderjarige vreemdelingen .......................................................................................... 79 Ondersteuning asielzoekers ..........................................................................................,Everyday Racism & Modern Racial Inequality,1.0
overzicht-van-internationale-aanbevelingen-op-het-gebied-van-mensenrechten.pdf,22,"II 2010/11, 26 150, nr. 100. VN-Comité inzake de uitbanning van Rassendiscriminatie (CRD) aanbevelingen op basis van het Internationaal Verdrag inzake de uitbanning van Rassendiscriminatie UN Doc. CRD/C/NLD/CO/17-18, 5 maart 2010 Kabinetsreactie: Kamerstukken II 2009/10, 30 950, nr. 18. VN-Comité over de uitbanning van discriminatie van vrouwen (CDAW)",Everyday Racism & Modern Racial Inequality,1.0
overzicht-van-internationale-aanbevelingen-op-het-gebied-van-mensenrechten.pdf,24,"UN Doc. CAT/C/NLD/5-6, 20 juni 2013 VN-Comité voor de Rechten van het Kind (CRC) aanbevelingen op basis van het Internationaal Verdrag inzake de Rechten van het Kind en het acultatief Protocol daarbij UN Doc. CRC/C/NLD/CO/3, 27 maart 2009, en UN Doc. CRC/C/OPSC/NLD/CO/1, 6 mei 2009 (CRC-OP) Kabinetsreactie: Kamerstukken II 2008/09, 31 001, nr. 66.",Dehumanization & Scientific Racism,1.0
overzicht-van-internationale-aanbevelingen-op-het-gebied-van-mensenrechten.pdf,28,"Comité voor de Preventie van oltering en Onmenselijke of Vernederende Behandeling of Bestraffing (CPT) van de Raad van uropa aanbevelingen op basis van het bezoek aan Nederland van 10-21 oktober 2011 op grond van het uropees Verdrag ter voorkoming van foltering en onmenselijke of vernederende behandeling of bestraffing CPT/Inf(2012)21, 9 augustus 2012 Kabinetsreactie: Kamerstukken II 2012/13, 24 587, nr. 563. uropese Commissie tegen Racisme en Intolerantie (CRI) aanbevelingen op het gebied van racisme en onverdraagzaamheid op basis van literatuuronderzoek, een werkbezoek en een vertrouwelijke dialoog met de nationale autoriteiten CRI(2013)39, 15 oktober 2013 Kabinetsreactie: Kamerstukken",Everyday Racism & Modern Racial Inequality,1.0
overzicht-van-internationale-aanbevelingen-op-het-gebied-van-mensenrechten.pdf,29,"II 2013/14, 30 950, nr. 62. uropees Comité voor Sociale Rechten aanbevelingen op basis van het uropees Sociaal Handvest (SH) Conclusions 2011-2014, zie www.coe.int/t/dghl/monitoring/socialcharter/Countryactsheets/Netherlands_en.pdf Group of xperts on Action against Trafficking in Human Beings (GRTA) van de Raad van uropa",Dehumanization & Scientific Racism,1.0
overzicht-van-internationale-aanbevelingen-op-het-gebied-van-mensenrechten.pdf,31,"Uitzondering hierop zijn de aanbevelingen van het uropees Comité voor Sociale Rechten: deze zijn genummerd op basis van het artikel van het uropees Sociaal Handvest (SH) op basis waarvan de aanbeveling gedaan is. Als in een aanbeveling gerefereerd wordt aan “het Verdrag” of “the Convention”, is dit een verwijzing naar het specifieke verdrag waar de desbetreffende instelling over adviseert. 6 Nationaal mensenrechtenbeleid en infrastructuur 7 Naleving, bevordering en toezicht Aanbeveling Min. Algemeen UPR",Everyday Racism & Modern Racial Inequality,1.0
overzicht-van-internationale-aanbevelingen-op-het-gebied-van-mensenrechten.pdf,34,The Commissioner also welcomes the adoption of the Netherlands’ first National Action Plan on Human Rights (NAPHR). He considers that,Dehumanization & Scientific Racism,1.0
overzicht-van-internationale-aanbevelingen-op-het-gebied-van-mensenrechten.pdf,35,"such action plans can make a real contribution to the promotion and protection of human rights, provided that",Dehumanization & Scientific Racism,1.0
overzicht-van-internationale-aanbevelingen-op-het-gebied-van-mensenrechten.pdf,36,"they rest on sound baseline studies, ensure genuine participation of a wide range of stakeholders at all stages of their development and enjoy visible political ownership. He invites the Dutch authorities to draw inspiration from his",Dehumanization & Scientific Racism,1.0
overzicht-van-internationale-aanbevelingen-op-het-gebied-van-mensenrechten.pdf,37,"predecessor’s Recommendation on systematic work for implementing human rights at the national level, which provides extensive guidance on these issues. BZK Comm 63",Dehumanization & Scientific Racism,1.0
overzicht-van-internationale-aanbevelingen-op-het-gebied-van-mensenrechten.pdf,38,"In particular, the Commissioner calls on the Dutch authorities to include more ambitious and measurable goals in its future Action Plans on Human Rights He strongly",Dehumanization & Scientific Racism,1.0
overzicht-van-internationale-aanbevelingen-op-het-gebied-van-mensenrechten.pdf,39,"encourages them to reinforce the participation of civil society in the implementation and evaluation of the NAPHR and its future development by ensuring a wider, more systematic and regular",Dehumanization & Scientific Racism,1.0
overzicht-van-internationale-aanbevelingen-op-het-gebied-van-mensenrechten.pdf,40,"consultation. An independent evaluation of the implementation of the NAPHR, based on clear benchmarks and timeframes should also be carried out. BZK Comm 64",Dehumanization & Scientific Racism,1.0
overzicht-van-internationale-aanbevelingen-op-het-gebied-van-mensenrechten.pdf,42,and recommends that such parliamentary debates take place on a regular basis in order to strengthen the Parliament’s involvement in the discussions concerning the systematic work for implementing human rights. BZK,Dehumanization & Scientific Racism,1.0
overzicht-van-internationale-aanbevelingen-op-het-gebied-van-mensenrechten.pdf,47,"the State party remove the restriction set out in section 7, paragraph 2, of the Netherlands Institute for Human Rights Act in order to ensure",Dehumanization & Scientific Racism,1.0
overzicht-van-internationale-aanbevelingen-op-het-gebied-van-mensenrechten.pdf,48,unrestricted access of the Institute to all places of detention. The Committee also recommends that the State party ensure that the national preventive mechanism enjoys,Dehumanization & Scientific Racism,1.0
overzicht-van-internationale-aanbevelingen-op-het-gebied-van-mensenrechten.pdf,49,"complete financial and operational independence from the executive, as recommended by the Committee against Torture. The Committee encourages the State",Dehumanization & Scientific Racism,1.0
overzicht-van-internationale-aanbevelingen-op-het-gebied-van-mensenrechten.pdf,50,party to ensure that those bodies are also able to discharge their functions in the Caribbean part of the Netherlands effectively.,Dehumanization & Scientific Racism,1.0
overzicht-van-internationale-aanbevelingen-op-het-gebied-van-mensenrechten.pdf,52,De commissie adviseert tevens dat er binnen het College voldoende medewerkers zijn die zich bezighouden met het behandelen van klachten. Verder adviseert de CRI dat het College breed gebruikmaakt van de bevoegdheid incidenten aan de rechter voor te leggen ingevolge artikel 13 lid 1 van de Wet College voor de rechten van de mens VenJ/ BZK Comm 61 The Commissioner wishes to emphasise that in times of economic crisis it is particularly important for member states to refrain from,Dehumanization & Scientific Racism,1.0
overzicht-van-internationale-aanbevelingen-op-het-gebied-van-mensenrechten.pdf,54,"structures, such as national human rights institutions, equality bodies or Ombudsmen. Given the crucial role that these structures play in providing accessible protection to victims of human rights violations and expert advice to governments on securing a human rights- compliant response to the economic crisis, the Commissioner",Dehumanization & Scientific Racism,1.0
overzicht-van-internationale-aanbevelingen-op-het-gebied-van-mensenrechten.pdf,55,calls instead on member states to ensure that these structures have,Dehumanization & Scientific Racism,1.0
overzicht-van-internationale-aanbevelingen-op-het-gebied-van-mensenrechten.pdf,56,"stable and sufficient funding and independence to carry out their mandates fully, as further detailed in an",Dehumanization & Scientific Racism,1.0
overzicht-van-internationale-aanbevelingen-op-het-gebied-van-mensenrechten.pdf,57,"Issue Paper he prepared on safeguarding human rights in times of economic crisis in 2013. The Commissioner therefore strongly recommends that the Dutch authorities ensure adequate funding for these structures in the Netherlands and refrain, in particular, from cutting the budget of the Netherlands Institute for Human Rights.",Dehumanization & Scientific Racism,1.0
overzicht-van-internationale-aanbevelingen-op-het-gebied-van-mensenrechten.pdf,58,Consideration should also be given to strengthening the financial independence of this institution. VenJ/ VWS,Dehumanization & Scientific Racism,1.0
overzicht-van-internationale-aanbevelingen-op-het-gebied-van-mensenrechten.pdf,63,"UPR 98.26 Verder gaan met het verlenen, wanneer hierom wordt verzocht, van bijstand aan Aruba, Curaçao en Sint-Maarten om een mensenrechteninstituut, - wetgeving en –beleid te ontwikkelen (Australië). BZK Nationale Ombudsman/Kinderombudsman CRC 17",Everyday Racism & Modern Racial Inequality,1.0
overzicht-van-internationale-aanbevelingen-op-het-gebied-van-mensenrechten.pdf,64,"Het Comité adviseert de snelle aanname van wetgeving inzake de kinderombudsman in Nederland en de oprichting van een mensenrechteninstantie of kinderombudsman op de Nederlandse Antillen en Aruba. Het Comité adviseert verder deze bureaus en hun vertegenwoordigers op nationaal en lokaal niveau voor kinderen goed toegankelijk te maken, en ervoor te zorgen dat zij voldoen aan de Paris Principles en rekening houden met algemene aanbeveling nr. 2 (2002) inzake de rol van onafhankelijke mensenrechteninstanties. Voorts adviseert het Comité om de kinderombudsman of de mensenrechteninstantie naast het onderzoeken van klachten ook verantwoordelijk te stellen voor het toezicht op de implementatie van het Verdrag en voor het promoten van het Verdrag. BZK/ VWS CRC-",Everyday Racism & Modern Racial Inequality,1.0
overzicht-van-internationale-aanbevelingen-op-het-gebied-van-mensenrechten.pdf,66,BZK/ VWS 10 Comm 61 The Commissioner wishes to emphasise that in times of economic crisis it is particularly important for member,Dehumanization & Scientific Racism,1.0
overzicht-van-internationale-aanbevelingen-op-het-gebied-van-mensenrechten.pdf,69,"Given the crucial role that these structures play in providing accessible protection to victims of human rights violations and expert advice to governments on securing a human rights- compliant response to the economic crisis, the Commissioner calls instead on member states",Dehumanization & Scientific Racism,1.0
overzicht-van-internationale-aanbevelingen-op-het-gebied-van-mensenrechten.pdf,71,"sufficient funding and independence to carry out their mandates fully, as further detailed in an Issue Paper he prepared on safeguarding human rights in times of economic crisis in 2013.",Dehumanization & Scientific Racism,1.0
overzicht-van-internationale-aanbevelingen-op-het-gebied-van-mensenrechten.pdf,72,"The Commissioner therefore strongly recommends that the Dutch authorities ensure adequate funding for these structures in the Netherlands and refrain, in particular, from cutting the budget of the Netherlands Institute for Human Rights. Consideration should also be given",Dehumanization & Scientific Racism,1.0
overzicht-van-internationale-aanbevelingen-op-het-gebied-van-mensenrechten.pdf,73,to strengthening the financial independence of this institution. VenJ/ VWS Nationaal Preventiemechanisme CAT 28a,Dehumanization & Scientific Racism,1.0
overzicht-van-internationale-aanbevelingen-op-het-gebied-van-mensenrechten.pdf,74,"Terwijl het Comité opmerkt dat het acultatief Protocol de institutionele vorm waarin het Nationaal Preventiemechanisme (NPM) opgezet wordt overlaat aan het oordeel van de Verdragsstaat, beveelt het de Verdragsstaat aan te zorgen voor volledige financiële en operationele onafhankelijkheid van het NPM en deze na te leven, zowel daadwerkelijk als waarneembaar, bij de uitvoering van zijn taken in overeenstemming met artikel 18 lid 1 van het acultatief Protocol en de “Richtlijnen inzake nationale preventiemechanismen” van het Subcomité ter preventie van foltering, in naleving van de Paris Principles. VenJ CD 25 The Committee recommends that the State party",Everyday Racism & Modern Racial Inequality,1.0
overzicht-van-internationale-aanbevelingen-op-het-gebied-van-mensenrechten.pdf,75,"remove the restriction set out in section 7, paragraph 2, of the Netherlands Institute for Human Rights Act in order to ensure unrestricted access of the Institute",Dehumanization & Scientific Racism,1.0
overzicht-van-internationale-aanbevelingen-op-het-gebied-van-mensenrechten.pdf,76,to all places of detention. The Committee also recommends that the State party ensure that the national preventive mechanism enjoys complete financial and operational,Dehumanization & Scientific Racism,1.0
overzicht-van-internationale-aanbevelingen-op-het-gebied-van-mensenrechten.pdf,77,"independence from the executive, as recommended by the Committee against Torture. The Committee encourages the State party to",Dehumanization & Scientific Racism,1.0
overzicht-van-internationale-aanbevelingen-op-het-gebied-van-mensenrechten.pdf,78,ensure that those bodies are also able to discharge their functions in the Caribbean part of the Netherlands effectively. VenJ/ BZK Betrekken maatschappelijk middenveld CRC 25,Dehumanization & Scientific Racism,1.0
overzicht-van-internationale-aanbevelingen-op-het-gebied-van-mensenrechten.pdf,79,"Het Comité adviseert de Verdragsstaat de actieve en systematische betrokkenheid van het maatschappelijk middenveld, inclusief NGO’s en kinderverenigingen aan te moedigen bij de promotie en verwezenlijking van de rechten van het kind, inclusief hun zeggenschap in de voorbereiding van beleid en samenwerkingsprojecten, evenals aan het geven van een vervolg aan het slotcommentaar van het Comité en het opstellen van de volgende periodieke rapportage. De Verdragsstaat wordt aangemoedigd het maatschappelijk middenveld op lokaal niveau te steunen, waarbij het de onafhankelijkheid ervan respecteert. VWS 11 CRC 38 Onder verwijzing naar het VN-onderzoek naar geweld tegen kinderen (A/61/299), adviseert het Comité de Verdragsstaat: (a) alle maatregelen te treffen die nodig zijn voor de implementatie van de aanbevelingen uit het rapport van de onafhankelijke deskundige voor het VN- onderzoek naar geweld tegen kinderen, rekening houdend met de uitkomsten en aanbevelingen van het regionaal overleg voor uropa en Centraal-Azië, gehouden te Ljubljana van 5 tot 7 juli 2005. Het Comité adviseert de Verdragsstaat specifiek aandacht te besteden aan de volgende aanbevelingen: (i) alle geweld tegen kinderen te verbieden; (ii) geweldloze waarden en bewustwording te bevorderen; (iii) diensten te verlenen op het gebied van herstel en sociale re-integratie; (iv) een systeem voor het verzamelen en onderzoeken van nationale gegevens te ontwikkelen en te implementeren. (b) deze aanbevelingen te gebruiken als handvat voor actie in samenwerking met het maatschappelijk middenveld, en daarbij vooral kinderen te betrekken, om te garanderen dat ieder kind beschermd wordt tegen alle vormen van lichamelijk, seksueel en psychisch geweld en om momentum te creëren voor concrete en, zo nodig, tijdgebonden acties voor de preventie van en reactie op dergelijk geweld en misbruik.",Everyday Racism & Modern Racial Inequality,1.0
overzicht-van-internationale-aanbevelingen-op-het-gebied-van-mensenrechten.pdf,80,"VWS/ VenJ CRC- OP 23 Het Comité beveelt aan dat de Verdragsstaat maatregelen neemt om kindersekstoerisme te voorkomen, in het bijzonder door voor dit doel gelden te bestemmen voor publieke campagnes, waaronder de deelname van de kinderen. De Verdragsstaat dient ook, middels relevante autoriteiten, de samenwerking te versterken met de toerismesector, NGO’s en organisaties uit het maatschappelijk middenveld om verantwoord toerisme te bevorderen door de verspreiding van een Gedragscode van de Wereldtoerisme-organisatie onder werknemers in de toerismesector en bewustwordingscampagnes voor het brede publiek. VenJ Comm 63",Everyday Racism & Modern Racial Inequality,1.0
overzicht-van-internationale-aanbevelingen-op-het-gebied-van-mensenrechten.pdf,81,"In particular, the Commissioner calls on the Dutch authorities to include more ambitious and measurable goals in its future Action Plans on Human Rights He strongly",Dehumanization & Scientific Racism,1.0
overzicht-van-internationale-aanbevelingen-op-het-gebied-van-mensenrechten.pdf,82,"encourages them to reinforce the participation of civil society in the implementation and evaluation of the NAPHR and its future development by ensuring a wider, more systematic and regular",Dehumanization & Scientific Racism,1.0
overzicht-van-internationale-aanbevelingen-op-het-gebied-van-mensenrechten.pdf,83,"consultation. An independent evaluation of the implementation of the NAPHR, based on clear benchmarks and timeframes should also be carried out. BZK Comm 177 While",Dehumanization & Scientific Racism,1.0
overzicht-van-internationale-aanbevelingen-op-het-gebied-van-mensenrechten.pdf,84,"welcoming all of the measures already taken to combat child abuse in all its forms, the Commissioner invites the Dutch authorities to ensure a proactive implementation of the existing",Dehumanization & Scientific Racism,1.0
overzicht-van-internationale-aanbevelingen-op-het-gebied-van-mensenrechten.pdf,85,"action plans, protocols and reporting codes against child abuse. Particular emphasis should be put on making parenting support",Dehumanization & Scientific Racism,1.0
overzicht-van-internationale-aanbevelingen-op-het-gebied-van-mensenrechten.pdf,86,"fully available for all parents who need it, ensuring the same quality of care in each municipality and training",Dehumanization & Scientific Racism,1.0
overzicht-van-internationale-aanbevelingen-op-het-gebied-van-mensenrechten.pdf,87,"all relevant professionals on detecting and assisting child victims of abuse. The Dutch authorities should improve access to services for recovery, counselling and other forms",Dehumanization & Scientific Racism,1.0
overzicht-van-internationale-aanbevelingen-op-het-gebied-van-mensenrechten.pdf,89,funding of these services. The Commissioner encourages the Dutch authorities to pursue their efforts in involving civil society and children in devising all of their policies against child abuse. VWS/ VenJ,Dehumanization & Scientific Racism,1.0
overzicht-van-internationale-aanbevelingen-op-het-gebied-van-mensenrechten.pdf,90,UPR 98.51 en nationaal actieplan ter bestrijding van discriminatie ontwikkelen in overleg met het maatschappelijk middenveld (Noorwegen). BZK/ SZW 12 UPR 98.116 Zorgen voor meer transparantie en controle uitgeoefend door het maatschappelijk middenveld over de omstandigheden waarin asielzoekers worden gehouden en behandeld (Russische ederatie). VenJ GRTA 8 GRTA,Everyday Racism & Modern Racial Inequality,1.0
overzicht-van-internationale-aanbevelingen-op-het-gebied-van-mensenrechten.pdf,91,"considers that the Dutch authorities should strengthen their efforts to discourage demand for the services of trafficked persons, for all forms of exploitation, in partnership",Dehumanization & Scientific Racism,1.0
publieksmonitor-bzk-1-meting.pdf,5,"Deze monitor gaat over de thema's Binnenlandse Zaken en Koninkrijksrelaties. BZK voert parallel hieraan een monitor uit over de thema's Wonen en Rijksdienst. Publieksmonitor Om inzicht te krijgen in hoe de Nederlandse bevolking aankijkt tegen voor BZK relevante onderwerpen heeft BZK in samenwerking met Motivaction een ‘publieksmonitor’ opgezet. De onderwerpen die in de monitor aan bod komen, betreffen veelal een actueel beleidsplan of recent geïmplementeerd beleid.",Everyday Racism & Modern Racial Inequality,1.0
publieksmonitor-bzk-1-meting.pdf,10,"De vragenlijst voor de 1-meting is vrijwel identiek aan de 0-meting. Hierdoor kunnen de resultaten goed worden vergeleken. Ten opzichte van de vragenlijst van de 0-meting is er één vraag geschrapt over het verwachtte effect van de normering van topinkomens en één vraag toegevoegd over de gewenste balans tussen privacybescherming en fraudebestrijding (bij onderwerp -overheid). Achtergrond, doel- en probleemstelling 3-7-2015 3-7-2015 Publieksmonitor BZK, 1-meting|",Everyday Racism & Modern Racial Inequality,1.0
publieksmonitor-bzk-1-meting.pdf,35,"overheid positief ontvangen, grootste nadelen zijn klantvriendelijkheid, privacy en toegankelijkheid • Burgers staan overwegend positief tegenover de digitalisering (44% positief, 11% negatief). Het negatieve oordeel zien we vooral terug onder ouderen (55-70 jarigen) en laagopgeleiden (respectievelijk 17% en 20%). • Men verwacht dat digitaliseren vooral ten goede komt aan het gemak (65%) en de snelheid (61%), en iets vaker dan bij de 0-meting ook aan de efficiëntie (53% vs. 48% 0-meting).",Everyday Racism & Modern Racial Inequality,1.0
publieksmonitor-bzk-1-meting.pdf,37,"Burgers zien zowel positieve als negatieve gevolgen van koppeling persoonsgegevens • Ook de koppeling van persoonsgegeven tussen overheidsinstanties draagt volgens burgers vooral bij aan hun gemak (63%), snelheid (61%) en efficiëntie (57%). Men ziet echter overwegend negatieve gevolgen voor de privacy (51%) en de veiligheid (33%). Minder vaak dan bij de 0-meting verwacht men een negatief effect op de veiligheid (33% vs. 38%) en gemiddeld genomen is men bij de 1-meting positiever over het effect op de snelheid. Samenvatting 3-7-2015",Everyday Racism & Modern Racial Inequality,1.0
publieksmonitor-bzk-1-meting.pdf,47,Ministerie van BZK| Project Z6417 15 Kwantitatief onderzoek De publieksmonitor is kwantitatief uitgevoerd door middel van een online vragenlijst. Respondenten hebben per e-mail een uitnodiging ontvangen met daarin een link naar de vragenlijst.,Everyday Racism & Modern Racial Inequality,1.0
publieksmonitor-bzk-1-meting.pdf,48,"De datacollectie liep van 21 t/m 27 mei 2015. De datacollectie van de 0-meting liep van 14 t/m 20 januari 2015. Doelgroep, steekproef en representativiteit De doelgroep van publieksmonitor is de Nederlandse bevolking tussen 18 en 70 jaar. Om uitspraken te kunnen doen over de doelgroep is een steekproef gerealiseerd van n= 842 Nederlanders tussen 18 en 70 jaar op basis van het StemPunt-panel van Motivaction.",Everyday Racism & Modern Racial Inequality,1.0
publieksmonitor-bzk-1-meting.pdf,49,"De resultaten zijn representatief voor de doelgroep doordat gebruik is gemaakt van propensity-sampling en –weging voor kenmerken waarvan verwacht mag worden dat die van invloed zijn op de resultaten: leeftijd (tussen 18 en 70 jaar), opleiding, geslacht, regio, sociaal-culturele oriëntaties (Mentality-milieus) en de interacties tussen deze variabelen. Door middel van deze steekproeftrekking en weging is de steekproef representatief. Online vragenlijst BZK heeft aangegeven welke onderwerpen en vragen aan bod moesten komen. Motivaction heeft op basis hiervan een vragenlijst opgesteld.",Everyday Racism & Modern Racial Inequality,1.0
tk-bijlage-verantwoording-aanpak-georganiseerde-criminaliteit-2014.pdf,5,"Zij zijn actief op o.a. bovengenoemde thema’s en vaak betrokken bij levensdelicten. In het vervolg van de rapportage worden deze thema’s aangeduid als ‘de prioritaire aandachtsgebieden’. Terminologie In deze rapportage komen de begrippen ondermijning, georganiseerde criminaliteit en prioritaire aandachtsgebieden voor. Dat zijn geen synonieme, maar wel overlappende begrippen.",Everyday Racism & Modern Racial Inequality,1.0
tk-bijlage-verantwoording-aanpak-georganiseerde-criminaliteit-2014.pdf,7,"Voor het georganiseerde karakter van de ondermijnende criminaliteit wordt in deze rapportage het begrip crimineel samenwerkingsverband (csv) gehanteerd. Daarbij past echter de kanttekening dat uit opsporingsonderzoeken blijkt dat het doorgaans niet gaat om vaste organisatiestructuren, maar veeleer om fluïde netwerken van individuen die al naar gelang de behoefte samenwerkingsrelaties aangaan. De term csv is hier dan ook bedoeld als containerbegrip voor al deze criminele samenwerkingsvormen. 1 Met het oog op de doelstelling (2010-2014) voor de aanpak van georganiseerde criminaliteit die de Minister van Veiligheid en Justitie heeft gesteld in het programma Nederland Veiliger, het Nationaal Dreigingsbeeld 2008 en in verband met de vergelijkbaarheid met voorgaande jaren.",Everyday Racism & Modern Racial Inequality,1.0
tk-bijlage-verantwoording-aanpak-georganiseerde-criminaliteit-2014.pdf,8,"2 Daarbij gaat het om een grote verscheidenheid aan criminaliteitsvormen, variërend van bijvoorbeeld beleggingsfraude, fraude in de zorgsector, faillissementsfraude tot georganiseerde illegale handel in bedreigde diersoorten. _________________________________________________________________________________________ Verantwoording aanpak georganiseerde criminaliteit 2014 p. 4/38 Gerapporteerde onderzoeken Omdat de doelstelling voor 2014 uitging van grote, projectmatig opgezette opsporingsonderzoeken op de prioritaire aandachtsgebieden, ligt daar in deze rapportage het accent op.",Everyday Racism & Modern Racial Inequality,1.0
tk-bijlage-verantwoording-aanpak-georganiseerde-criminaliteit-2014.pdf,14,"Indeling De rapportage bestaat uit vier hoofdstukken. In hoofdstuk 1 wordt ingegaan op de doelstelling voor 2014 en het behaalde resultaat. Hoofdstuk 2 bevat zowel een nader cijfermatig beeld van de strafrechtelijke aanpak van georganiseerde misdaad door de parketten en eenheden, als een aantal in opsporingsonderzoeken gesignaleerde ontwikkelingen in de georganiseerde criminaliteit en de aanpak ervan. Hoofdstuk 3 draagt de titel ‘Ondermijning in beeld’ en brengt de georganiseerde ondermijnende criminaliteit en de aanpak daarvan in beeld aan de hand van storytelling over een aantal, thematisch gevarieerde, onderzoeken.",Everyday Racism & Modern Racial Inequality,1.0
tk-bijlage-verantwoording-aanpak-georganiseerde-criminaliteit-2014.pdf,16,"Doelstelling en resultaten Om de georganiseerde misdaad terug te dringen is afgesproken dat in 2014 het aantal aangepakte criminele samenwerkingsverbanden (csv’s) is verdubbeld ten opzichte van 2009 (+100 procent), met name op de aandachtsgebieden mensenhandel, drugshandel en -productie, witwassen en financieel-economische criminaliteit. De doelstelling vloeit voort uit het in 2009 gesignaleerde handhavingstekort in de haalcriminaliteit. OM en politie gaven toen aan slechts 20% van de bekende csv’s te kunnen aanpakken, onder meer als gevolg van schaarse opsporingscapaciteit. Met een stijging van het aantal projectmatige strafrechtelijke onderzoeken op de genoemde thema’s van 113 procent is de verdubbelingsdoelstelling gehaald.",Everyday Racism & Modern Racial Inequality,1.0
tk-bijlage-verantwoording-aanpak-georganiseerde-criminaliteit-2014.pdf,19,"Met name in arrondissementsparketten en eenheden betekent dit dat vaker een keuze wordt gemaakt om een onderzoek primair of uitsluitend te richten op witwassen in plaats van op het gronddelict. In de cijfers sinds 2009 is die ontwikkeling zichtbaar. Hij past ook in een bredere actuele ontwikkeling, waarbij steeds wordt gezocht naar de meest effectieve onderzoeksstrategie en mix van interventies om georganiseerde ondermijnende criminaliteit aan te pakken. De richting die daarin wordt gezocht is die van een integrale aanpak waarbij langdurige en diepgaande projectmatige onderzoeken gecombineerd worden met kleinere (projectmatige) onderzoeken, korte klappen en niet-strafrechtelijke interventies. Op die zogenaamde dynamische interventies in de criminele infrastructuur wordt op dit moment het meest expliciet ingezet bij de geïntensiveerde aanpak van ondermijning in Zuid-Nederland.",Everyday Racism & Modern Racial Inequality,1.0
tk-bijlage-verantwoording-aanpak-georganiseerde-criminaliteit-2014.pdf,20,"Het betreft een werkwijze waarbij wordt gewerkt vanuit een criminaliteitskaart waarop netwerken, subjecten en facilitors in kaart worden gebracht en die vanuit onderzoeken steeds wordt geactualiseerd en aangevuld. Dat de doelstelling is gehaald, betekent geenszins dat er geen zorgen zijn over de wijze waarop ondermijnende criminaliteit zich in Nederland manifesteert. De ontwikkelingen op het terrein van liquidaties, motorbendes en hennepteelt laten zien dat georganiseerde misdaad hardnekkig is en steeds nieuwe wegen naar financieel gewin zoekt. De bestrijding van georganiseerde misdaad moet dan ook vasthoudend en meerjarig zijn. en integrale aanpak is daarbij essentieel.",Everyday Racism & Modern Racial Inequality,1.0
tk-bijlage-verantwoording-aanpak-georganiseerde-criminaliteit-2014.pdf,21,"Met partners wordt overlegd welke mix van strafrechtelijke, bestuurlijke, fiscale en andere interventies het effectiefst is om de achterliggende problematiek terug te dringen. Deze manier van werken wordt steeds vanzelfsprekender. De aanpak van OMG’s is een voorbeeld van een landelijke integrale aanpak, waarin OM, politie, Belastingdienst, IOD, KMar, burgemeesters 4 n in de eerste jaren deels ook door betere registratie. _________________________________________________________________________________________ Verantwoording aanpak georganiseerde criminaliteit 2014 p. 6/38 en gemeenten samenwerken.",Everyday Racism & Modern Racial Inequality,1.0
tk-bijlage-verantwoording-aanpak-georganiseerde-criminaliteit-2014.pdf,22,"Burgemeesters sluiten clubhuizen, verbieden evenementen van OMG’s en ondernemen actie tegen horecagelegenheden die leden van OMG’s door middel van intimidatie hebben overgenomen. Koninklijke Horeca Nederland is zich bewust van de risico’s, doet actief aan preventie en meldt signalen van afpersing bij de politie of bij Meld Misdaad Anoniem. De Belastingdienst beoordeelt of de leden van de OMG’s fiscale wet- en regelgeving naleven. De strafrechtelijke aanpak richt zich op zowel strafbare feiten gepleegd door individuele leden van OMG’s, als strafbare feiten gepleegd door leden van OMG’s in georganiseerd verband en op strafbare feiten die aan de OMG zelf kunnen worden toegeschreven.",Everyday Racism & Modern Racial Inequality,1.0
tk-bijlage-verantwoording-aanpak-georganiseerde-criminaliteit-2014.pdf,23,"De in het najaar van 2014 gestarte geïntensiveerde aanpak van ondermijning in Zuid-Nederland is een ander voorbeeld hiervan, evenals het project Integere Haven in Rotterdam. Op enkele van deze samenwerkingsvormen wordt in deze rapportage nader ingegaan. _________________________________________________________________________________________ Verantwoording aanpak georganiseerde criminaliteit 2014 p. 7/38 2. Cijfers en analyse",Everyday Racism & Modern Racial Inequality,1.0
tk-bijlage-verantwoording-aanpak-georganiseerde-criminaliteit-2014.pdf,24,"2.1 Algemeen Met een stijging van bijna 213% ten opzichte van het aantal in 2009 strafrechtelijk aangepakte csv’s is de doelstelling voor 2014, zijnde een verdubbeling ten opzichte van 2009, ruimschoots gehaald. Dat is de belangrijkste conclusie die kan worden getrokken uit de in overzicht 1 gepresenteerde cijfers over het aantal onderzoeken naar csv’s (1130 in totaal) op de speerpunten uit het programma Nederland Veiliger. Overzicht 1",Everyday Racism & Modern Racial Inequality,1.0
tk-bijlage-verantwoording-aanpak-georganiseerde-criminaliteit-2014.pdf,31,"_________________________________________________________________________________________ Verantwoording aanpak georganiseerde criminaliteit 2014 p. 8/38 Overzicht 2 toont het aantal unieke tactische onderzoeken die door het Landelijk Parket en de Landelijke enheid in 2013 en 2014 zijn uitgevoerd op de prioritaire aandachtsgebieden. Het gaat om tactische onderzoeken die in 2014 zijn gestart en/of afgerond, gecorrigeerd voor overlap (een onderzoek dat in 2014 is gestart én afgerond telt één keer mee). Overzicht 2 Aandachtsgebied 2013 2014",Everyday Racism & Modern Racial Inequality,1.0
tk-bijlage-verantwoording-aanpak-georganiseerde-criminaliteit-2014.pdf,56,Dat is inclusief 1 onderzoek door de KMAR. _________________________________________________________________________________________ Verantwoording aanpak georganiseerde criminaliteit 2014 p. 11/38 Overzicht 9 laat het aantal projectmatige onderzoeken zien op andere thema’s dan primair de prioritaire aandachtsgebieden. Het betreft onderzoeken in de tactische fase en de vervolgingsfase in eerste aanleg.,Everyday Racism & Modern Racial Inequality,1.0
tk-bijlage-verantwoording-aanpak-georganiseerde-criminaliteit-2014.pdf,79,"De daling in het opgelegde ontnemingsbedrag voor witwasdelicten (in 2013 nog € 34 miljoen) is waarschijnlijk (grotendeels) te wijten aan de beperkende jurisprudentie van de Hoge Raad met betrekking tot de witwaskwalificatie van het voorhanden hebben van uit eigen misdrijf verkregen contante gelden. _________________________________________________________________________________________ Verantwoording aanpak georganiseerde criminaliteit 2014 p. 14/38 criminaliteit bedroeg in 2014 ruim € 52 miljoen15. Dat is een stijging ten opzichte van 2013 (bijna € 35 miljoen). Op de prioritaire thema’s zijn in 2014 door de rechter in 58 zaken geldboetes opgelegd, voor een totaalbedrag van € 1.351.450.",Everyday Racism & Modern Racial Inequality,1.0
tk-bijlage-verantwoording-aanpak-georganiseerde-criminaliteit-2014.pdf,82,"Leden van outlaw motorcycle gangs (OMG’s) spelen in meerdere regio ’s een prominente rol in de ondermijnende criminaliteit. Daarbij gaat het onder meer om openlijke geweldpleging, moord/doodslag, bedreiging, afpersing, diefstal met geweld en/of onder bedreiging, productie en/of handel in verdovende middelen, handel in en het bezit van vuurwapens, munitie en explosieven en witwassen. Bij OMG’s wordt niet zozeer een piramide-achtige organisatie gezien, met aan de top de echte baas van de organisatie.",Everyday Racism & Modern Racial Inequality,1.0
tk-bijlage-verantwoording-aanpak-georganiseerde-criminaliteit-2014.pdf,83,"De OMG’s zijn eerder een vehikel voor het plegen van criminaliteit. (Bestuurs) leden noemen hun club als middel (dreiging) om hun criminele doelstellingen te bereiken. De club is ook een soort statussymbool. Binnen het “ledenbestand”, met name binnen de bestuursfuncties, is actieve betrokkenheid bij csv’s te constateren.",Everyday Racism & Modern Racial Inequality,1.0
vijf-jaar-caribisch-nederland-de-werking-van-wetgeving.pdf,20,1. Inventarisatie en typering wetgeving 2. De eilanden in het beleidsvormingsproces en consultatie 3. Legislatieve terughoudendheid 4. igenheid van de eilanden 5.,Reparations & Justice,1.0
vijf-jaar-caribisch-nederland-de-werking-van-wetgeving.pdf,29,"Differentiatie Het gelijkheidsbeginsel (artikel 1 Grondwet) brengt met zich mee dat gelijke gevallen gelijk moeten worden behandeld, onverschillig of men zich in het uropese of het Caribische deel van Nederland bevindt. Als keerzijde brengt het gelijkheidsbeginsel mee dat ongelijke geval- len ongelijk – naar de mate van het verschil – dienen te worden behandeld. Om meer duide- lijkheid te creëren ten aanzien van de gronden die aanleiding kunnen geven voor het treffen van specifieke regels of maatregelen voor de eilanden, is in het tweede lid van artikel 1 van het Statuut voor het Koninkrijk der Nederlanden (hierna: het Statuut) een specifieke diffe- rentiatiebepaling opgenomen.",Everyday Racism & Modern Racial Inequality,1.0
vijf-jaar-caribisch-nederland-de-werking-van-wetgeving.pdf,37,Aanpassing van tot Nederlandse wetgeving omgevormde Antilliaanse regelgeving  en aanzienlijk deel van de Nederlands Antilliaanse regelgeving kon niet zonder aanpassingen worden overgenomen.  In sommige gevallen was Antilliaanse regelgeving in strijd met andere (soms uro- pees Nederlandse) regelgeving.  Daarnaast was regelmatig een inhoudelijke wijziging op een aantal punten in ver- band met beleidsmatige overwegingen wenselijk.,Everyday Racism & Modern Racial Inequality,1.0
vijf-jaar-caribisch-nederland-de-werking-van-wetgeving.pdf,40,"Hiervoor is gekozen wanneer er op een be- paald terrein op de eilanden geen of inadequate Nederlands Antilliaanse regelge- ving bestond en de minister, in verband met zijn algemene verantwoordelijkheid op dat terrein, onvoldoende bevoegdheden had en het daarnaast niet wenselijk werd geacht om de bestaande uropees Nederlandse wetgeving (voor een deel) van overeenkomstige toepassing te verklaren. Bevindingen en analyse Beschrijving van de wetgeving In de algemene wetgevingsanalyse is alle wetgeving die per 10 oktober 2010 in Caribisch Nederland van kracht is geworden en de wetgeving die daarna is aangepast en/of inwerking is getreden beschreven. Voor deze beschrijving hebben we ons beperkt tot wetten in forme- le zin die voor Bonaire, Sint ustatius en Saba gelden en die zijn ingevoerd in de periode 10 oktober 2010 tot en met maart 2015. Rijkswetgeving, ministeriële regelingen en amvb’s vallen buiten het bestek van dit onderzoek.",Reparations & Justice,1.0
vijf-jaar-caribisch-nederland-de-werking-van-wetgeving.pdf,42,"Per wet is door de wetgever een afweging gemaakt of de Nederlands Antilliaanse regelge- ving als vertrekpunt wordt genomen (door het omzetten van de Antilliaanse regelgeving naar een wet in formele zin, een amvb of een ministeriële regeling), dan wel dat uropees Nederlandse regelgeving van toepassing wordt verklaard, dan wel dat specifieke nieuwe wetgeving wordt ontworpen. Iets minder dan de helft (115 van de 259) van de wetten bete- kent voor de Caribische eilanden ten opzichte van de Nederlandse Antillen een inhoudelijk wijziging, wat betekent dat met de wijziging een materiële norm en, in samenhang daar- mee, de inrichting, uitvoering of handhaving van de wet is veranderd. en voorbeeld is de invoering van een nieuwe belasting of de wijziging van het belastingtarief. en belangrijk deel van de wijzigingen in de wetgeving is technisch van aard: 92 van de 259 wetten (36%) bevatten enkel technische wijzigingen.",Everyday Racism & Modern Racial Inequality,1.0
vijf-jaar-caribisch-nederland-de-werking-van-wetgeving.pdf,48,"Consultatie Bij 50 wetten is in de parlementaire stukken vermeld of vertegenwoordigers van de eilan- den zijn geconsulteerd tijdens het wetgevingsproces. De toelichting in de parlementaire stukken over consultatie is erg wisselend en vermoedelijk incompleet omdat het vaak om summiere toelichtingen gaat. Uit de gehouden interviews blijkt bijvoorbeeld dat bij meer wetgeving consultatie heeft plaatsgevonden. Bij specifieke wetgeving is consultatie uitge- breider toegelicht dan in de toelichting van de algemene BS-wetgeving. r bestaat een discrepantie tussen de indruk die ministeries hebben over de consultatie – zij geven aan dat voorafgaand aan de transitie of gedurende de transitie onderzoek is gedaan, consultatie heeft plaatsgevonden en afwegingen zijn gemaakt voor het behouden van wet- geving of het ontwerpen van nieuwe wetgeving – en hoe de eilanden dit zelf ervaren",Reparations & Justice,1.0
vijf-jaar-caribisch-nederland-de-werking-van-wetgeving.pdf,50,"Dit volgt uit de algemene wetgevingsanalyse, waaruit een duidelijk verschil naar voren komt tussen algemene en spe- cifieke BS-regelgeving: vergeleken met de algemene BS-wetgeving is bij de specifieke BS- wetgeving sprake van uitgebreide consultatie. Voorbeelden hiervan zijn de raadplegingen rond de Wet lektriciteit en Drinkwater BS en de VROM-BS. Ook uit de verdiepende stu- die blijkt dat in het algemeen de ervaring was dat er later, na 10 oktober 2010, meer tijd voor raadpleging was. Legislatieve terughoudendheid Het streven naar continuïteit in de regelgeving en het betrachten van terughoudendheid met het invoeren van nieuwe Nederlandse wetgeving is uit kwantitatief en ‘Haags’ oogpunt in het algemeen in acht genomen, al hebben de eilanden per saldo te maken met veel nieu- we of gewijzigde regelgeving.",Reparations & Justice,1.0
vijf-jaar-caribisch-nederland-de-werking-van-wetgeving.pdf,51,Vrijwel elk ministerie heeft oog voor het uitgangspunt en landsverordeningen zijn als vertrekpunt zo veel mogelijk beleidsarm omgezet; waar sprake was van verouderde regelgeving of van specifieke problemen is gekeken of nieuwe wetge- ving moest worden ingevoerd. Waar dat is gebeurd op deelterreinen stoelt dat op een be- wuste keuze. Bij de verdiepende studie is een aantal wetten bestudeerd dat nieuw was voor de eilanden; het gaat om zes wetten waarbij beredeneerd wordt afgeweken van de afspraak van geleide- lijke invoering van Nederlandse wetgeving.,Everyday Racism & Modern Racial Inequality,1.0
vijf-jaar-caribisch-nederland-de-werking-van-wetgeving.pdf,55,"De onderzoekers hebben niet waargenomen dat genoemde aspecten steeds tevoren duidelijk met de eilanden zijn be- sproken. In elk geval constateren zij teleurstellingen op de eilanden met betrekking tot de realisatie van de afspraken over continuïteit van regelgeving en geleidelijke invoering van VALUATI CARIBISCH NDRLAND - WRKING VAN WTGVING 8 Nederlandse wetgeving. Waar voor de periode na 10 oktober 2010 het uitgangspunt van legislatieve terughoudendheid expliciet geldt, stellen de onderzoekers vast dat het overgro- te deel van de wijzigingen in de regelgeving op of rond 10 oktober 2010 heeft plaats gevon- den. De wijzigingen daarna waren in dat licht betrekkelijk gering. Differentiatie",Reparations & Justice,1.0
vijf-jaar-caribisch-nederland-de-werking-van-wetgeving.pdf,56,"r zijn twee vormen van differentiatie, namelijk tussen Caribisch Nederland en uropees Nederland enerzijds en tussen de eilanden onderling anderzijds. De laatste vorm doet zich weinig voor. Voorbeelden zijn de Wet minimumloon, ABB-tarieven en accijnzen. en voor- beeld van differentiatie tussen de eilanden is ook de Wet op het primair onderwijs; Saba heeft in deze wet in verband met eigen (niveau)kenmerken een eigen regeling gekregen.",Everyday Racism & Modern Racial Inequality,1.0
vijf-jaar-caribisch-nederland-de-werking-van-wetgeving.pdf,58,"De argumentatie voor differentiatie blijft echter aan de oppervlakte: de criteria worden doorgaans niet aan de hand van feitelij- ke omstandigheden nader ingevuld en, mede aan de via de nadere criteria van geschiktheid, proportionaliteit en subsidiariteit, toegepast. Onduidelijk is in hoeverre (het falen van) de consultatie hier een rol heeft gespeeld. Naast de rechtvaardigingsgronden genoemd in het tweede lid van artikel 1 van het Statuut, zijn er opvallend veel specifieke redenen voor differentiatie genoemd (72 keer). Zo wordt vaak genoemd dat uropees Nederlandse wetgeving te veelomvattend en complex is voor de eilanden en wordt deze daarom versimpeld.",Reparations & Justice,1.0
vijf-jaar-caribisch-nederland-de-werking-van-wetgeving.pdf,59,Het feit dat de minister sinds de transitie verantwoordelijkheid draagt is eveneens genoemd als reden voor het aanpassen van de regelgeving. Ook is de (economische of sociale) verwevenheid met Curaçao en Sint Maarten genoemd als reden voor differentiatie. Opvallend is voorts hoe op de eilanden differentiatie in het licht van het gelijkheidsbeginsel en het Statuut wordt beschouwd. Ook hier springt een verschil tussen eilandelijke en ‘Haag- se’ percepties en verwachtingen in het oog. Op de eilanden vindt men bijvoorbeeld dat te weinig onderscheid is gemaakt tussen de eilanden onderling.,Everyday Racism & Modern Racial Inequality,1.0
vijf-jaar-caribisch-nederland-de-werking-van-wetgeving.pdf,61,"De Nederlandse Antillen vormden een soort federatief verband, waarbij de bevoegdheden en taken van het land limitatief werden aangegeven (lijstenstelsel), en daarbuiten alle bevoegdheid aan het eilandbestuur toekwam. Nederland is daarentegen een gedecentraliseerde eenheidsstaat. Weliswaar wordt zijn structuur mede gekenmerkt door VALUATI CARIBISCH NDRLAND - WRKING VAN WTGVING 9 beginselen van decentralisatie en lokale autonomie. Maar het zelfstandig naamwoord ‘een- heidsstaat’ domineert het bijwoord ‘gedecentraliseerde’: het primaat ligt bij de centrale overheid, hetgeen, anders dan in de voormalige Nederlandse Antillen met zijn lijstenstelsel, betekent dat op centraal niveau de speelruimte voor de decentrale overheden, in casu de eilandsbesturen van Caribisch Nederland, wordt bepaald.",Everyday Racism & Modern Racial Inequality,1.0
lp-v-j-0000008754.pdf,8,"11 A. Dates of the visit and composition of the delegation ............................................................ 11 B. Context of the visit and constitutional structure ................................................................. 11 C. stablishments visited ............................................................................................................ 13 D. Consultations held by the delegation and co-operation encountered ................................ 13 . Immediate observations under Article 8, paragraph 5, of the Convention....................... 14 . National Preventive Mechanism............................................................................................ 15 II.",Dehumanization & Scientific Racism,1.0
lp-v-j-0000008754.pdf,10,BONAIR ......................................................................................................................................... 16 A. Police ........................................................................................................................................ 16 1. Preliminary remarks ........................................................................................................ 16 2. Safeguards against ill-treatment ...................................................................................... 17 3.,Dehumanization & Scientific Racism,1.0
lp-v-j-0000008754.pdf,11,Conditions of detention ................................................................................................... 19 B. Dutch Caribbean Correctional Institution - JICN .............................................................. 21 1. Preliminary remarks ........................................................................................................ 21 2.,Dehumanization & Scientific Racism,1.0
lp-v-j-0000008754.pdf,15,28 c. discipline ................................................................................................................ 29 d. complaints and inspection procedures ................................................................... 29 - 3 - ARUBA ............................................................................................................................................. 31 A. Police ........................................................................................................................................ 31 1. Preliminary remarks ........................................................................................................ 31 2. Ill-treatment ..................................................................................................................... 32 3. Safeguards against ill-treatment ...................................................................................... 32 a. introduction,Dehumanization & Scientific Racism,1.0
lp-v-j-0000008754.pdf,17,records ............................................................ 35 f. investigations into complaints of police ill-treatment ........................................... 35 4. Conditions of detention ................................................................................................... 36,Dehumanization & Scientific Racism,1.0
lp-v-j-0000008754.pdf,27,Preliminary remarks ........................................................................................................ 62 2. Ill-treatment ..................................................................................................................... 64 3. Safeguards against ill-treatment ...................................................................................... 65 a. introduction ............................................................................................................ 65 b. notification of custody ........................................................................................... 65 c. access to a lawyer .................................................................................................. 66 d. access to a doctor ................................................................................................... 67 e. information on rights .............................................................................................,Dehumanization & Scientific Racism,1.0
lp-v-j-0000008754.pdf,32,"Prison staff ...................................................................................................................... 78 5. Health-care services ........................................................................................................ 79 a. staffing, premises, financing and organisation ...................................................... 79 b. medical screening, recording of injuries and confidentiality.................................",Dehumanization & Scientific Racism,1.0
lp-v-j-0000008754.pdf,37,Institution ............................................................................... 97 1. Preliminary remarks ........................................................................................................ 97 2. Patients’ living conditions and treatment ........................................................................ 97 3. Staff .................................................................................................................................,Dehumanization & Scientific Racism,1.0
lp-v-j-0000008754.pdf,38,98 4. Seclusion and means of restraint ..................................................................................... 98 5. Safeguards ....................................................................................................................... 99 a. the initial placement decision and discharge .........................................................,Dehumanization & Scientific Racism,1.0
lp-v-j-0000008754.pdf,41,...................................................................................................... 103 2. Ill-treatment ................................................................................................................... 104 3. Safeguards against ill-treatment .................................................................................... 104 4. Philipsburg Police Station ............................................................................................. 106 5.,Dehumanization & Scientific Racism,1.0
lp-v-j-0000008754.pdf,42,Juveniles in detention .................................................................................................... 107 B. Point Blanche Prison ............................................................................................................ 109 1. Preliminary remarks ...................................................................................................... 109 2. Ill-treatment ................................................................................................................... 110 3.,Dehumanization & Scientific Racism,1.0
lp-v-j-0000008754.pdf,46,"held consultations ............................................................................. 120 - 6 - Copy of the letter transmitting the CPT ’s report Prof. Dr. Martin Kuijer Ministry of Justice Directorate of Legislation P.O. Box 20301 NL - 2500 H The Hague Strasbourg, 28 November",Dehumanization & Scientific Racism,1.0
lp-v-j-0000008754.pdf,47,"2014 Dear Mr Kuijer, In pursuance of Article 10, paragraph 1, of the uropean Convention for the Prevention of Torture and Inhuman or Degrading Treatment or Punishment, I have the honour to enclose herewith the report drawn up by the uropean Committee for the Prevention of Torture and Inhuman or",Dehumanization & Scientific Racism,1.0
lp-v-j-0000008754.pdf,48,Degrading Treatment or Punishment (CPT) following its visit to the Caribbean part of the Kingdom of the Netherlands from 12 to 22 May 2014.,Dehumanization & Scientific Racism,1.0
lp-v-j-0000008754.pdf,49,"The report was adopted by the CPT at its 85th meeting, held from 3 to 7 November 2014. The various recommendations, comments and requests for information formulated by the CPT are highlighted in bold in the body of the report. As regards more particularly the CPT’s recommendations, having regard to Article 10, paragraph 1, of the Convention, the Committee requests the Dutch authorities to",Dehumanization & Scientific Racism,1.0
lp-v-j-0000008754.pdf,50,provide within six months a response giving a full account of action taken to implement them. The CPT trusts that,Dehumanization & Scientific Racism,1.0
lp-v-j-0000008754.pdf,51,"it will also be possible for the Dutch authorities to provide, in the above- mentioned response, reactions to the comments and requests for information formulated in this report.",Dehumanization & Scientific Racism,1.0
lp-v-j-0000008754.pdf,52,"I am at your entire disposal if you have any questions concerning either the CPT ’s report or the future procedure. Yours sincerely, Lәtif Hüseynov President of the uropean Committee for the Prevention of Torture and Inhuman or Degrading Treatment or Punishment - 7 - XCUTIV SUMMARY",Dehumanization & Scientific Racism,1.0
lp-v-j-0000008754.pdf,53,"The Netherlands Antilles ceased to exist on 10 October 2010, when Curaçao and Sint Maarten acquired the status of countries within the Kingdom, alongside the Netherlands and Aruba.",Dehumanization & Scientific Racism,1.0
lp-v-j-0000008754.pdf,54,"The three other islands, Bonaire, Sint ustatius and Saba became part of the Netherlands with the equivalent status of a municipality. Collectively, the six islands are now known as the Caribbean part of the Kingdom of the Netherlands. The CPT ’s delegation visited Bonaire, Aruba, Curaçao and Sint Maarten. It examined the treatment of inmates and the conditions of detention in the prison establishments located on each of the four islands visited.",Dehumanization & Scientific Racism,1.0
lp-v-j-0000008754.pdf,55,"It also focussed on the situation of persons deprived of their liberty by the police. In addition, on Aruba and Curaçao, the delegation looked at the treatment of involuntary patients placed in psychiatric facilities and of irregular migrants in immigration detention centres",Dehumanization & Scientific Racism,1.0
lp-v-j-0000008754.pdf,56,". The situation of juveniles deprived of their liberty was also examined. The delegation received very good co-operation from the relevant authorities during the visit. Nevertheless, the principle of cooperation also requires that decisive action be taken",Dehumanization & Scientific Racism,1.0
lp-v-j-0000008754.pdf,57,"to improve the situation in the light of the CPT ’s key recommendations, and the findings of the 2014 visit suggest",Dehumanization & Scientific Racism,1.0
lp-v-j-0000008754.pdf,58,"that while progress could be identified on a number of issues, continued efforts are needed to ensure",Dehumanization & Scientific Racism,1.0
lp-v-j-0000008754.pdf,59,full implementation of all its recommendations. Policing No allegations of ill-treatment by police officers of arrested persons were received in Bonaire.,Dehumanization & Scientific Racism,1.0
lp-v-j-0000008754.pdf,60,"However, in Aruba, Curaçao and Sint Maarten some allegations of ill-treatment of persons, including of juveniles, were received, which usually consisted of kicks and punches to the body after the person had been handcuffed and brought under control. The authorities should regularly remind police officers to use no more force than is strictly necessary and that ill-treatment will be punished accordingly. urther, the duration of remand detention on police premises, which may last up to 10 days, should be reduced to the shortest amount of time possible. As regards more specifically Curaçao, full authority for the care of police detainees placed in Block 1 of the Centre for Detention and Correction in Curaçao (SDKK) should be transferred to the prison authorities. In relation to safeguards against ill-treatment",Dehumanization & Scientific Racism,1.0
lp-v-j-0000008754.pdf,61,"by police officers, most detained persons interviewed only met with their lawyer for the first time when appearing before a judge, which could",Dehumanization & Scientific Racism,1.0
lp-v-j-0000008754.pdf,62,"be up to three days and 16 hours after the initial arrest. Steps should be taken to guarantee the right of access to a lawyer in practice, including during any police interview, as from the very outset of deprivation of liberty.",Dehumanization & Scientific Racism,1.0
lp-v-j-0000008754.pdf,64,all detained persons are able to notify a third party of their deprivation of liberty and receive feedback from police officers when such notification has been carried out by the police.,Dehumanization & Scientific Racism,1.0
lp-v-j-0000008754.pdf,66,"San Nicolas Police Station was not used for overnight detention which turned out to be incorrect. Persons were being detained for several days in this station, including a 15-year old boy who spent ten days in conditions that could be considered as",Dehumanization & Scientific Racism,1.0
lp-v-j-0000008754.pdf,67,amounting to inhuman and degrading treatment. The CPT recommends that the detention cells at San Nicolas Police Station be taken out of use until,Dehumanization & Scientific Racism,1.0
lp-v-j-0000008754.pdf,69,"More generally, juveniles should not be held overnight in police stations. urther, in Aruba and Curaçao, the current practice of keeping detained persons, deemed to be at risk of suicide, naked in their cells should be ended; instead, such persons should be the subject of a specific care protocol. - 8 - In Sint Maarten, urgent measures should be taken to improve conditions",Dehumanization & Scientific Racism,1.0
lp-v-j-0000008754.pdf,70,"at Philipsburg Police Station , and steps taken to ensure that persons",Dehumanization & Scientific Racism,1.0
lp-v-j-0000008754.pdf,71,"are not detained in excess of three days and in any event never longer than 10 days at this station. In Curaçao, two persons had been held in police stations for some eight months in conditions akin to solitary confinement; every effort should be made to find alternative solutions to long-term detention at police stations.",Dehumanization & Scientific Racism,1.0
lp-v-j-0000008754.pdf,72,Prisons The CPT ’s delegation found that the Dutch Caribbean Correctional Institution (JICN) in Bonaire was well-managed and provided a safe environment with good staff-prisoner relations.,Dehumanization & Scientific Racism,1.0
lp-v-j-0000008754.pdf,73,"Some progress had been made at the three other prisons visited compared to previous visits. However, at the Correctional Institution in Aruba (KIA), SDKK and Point Blanche Prison in Sint Maarten, a number of allegations of ill-treatment of prisoners by staff were received and a clear message should be delivered to prison officers that all forms of ill-treatment, including verbal abuse, are not acceptable and will be punished accordingly.",Dehumanization & Scientific Racism,1.0
lp-v-j-0000008754.pdf,74,"urther, inter-prisoner violence continued to represent a serious threat to prisoners’ safety in these three prisons. The prison management in each of these establishments should develop a strategy to address the challenge of inter-prisoner violence, including adequate monitoring of the situation and identification of risks. As regards material conditions, they were generally very poor at KIA and in several blocks of SDKK, with crumbling walls, dilapidated accommodation areas, leaking pipes and serious",Dehumanization & Scientific Racism,1.0
lp-v-j-0000008754.pdf,78,"includes alternative sanctions, conditional release and reduced use of remand custody. Similar proposals are put forward in relation to Bonaire where a new much larger prison facility is being built.",Dehumanization & Scientific Racism,1.0
lp-v-j-0000008754.pdf,79,"More needs to be done in all the prisons visited to ensure prisoners, male and female, are engaged in purposeful activities of a varied nature. As regards contact with the outside world, the CPT recommends that prisoners",Dehumanization & Scientific Racism,1.0
lp-v-j-0000008754.pdf,81,"to receive visits without physical separation in the absence of specific security concerns. Prisoners who are visited infrequently, notably foreign nationals, should be allowed to accumulate visiting time and be granted increased access to the telephone.",Dehumanization & Scientific Racism,1.0
lp-v-j-0000008754.pdf,82,"With the exception of JICN Bonaire, high levels of staff absenteeism were noted which affected staffing ratios and also led to excessive overtime worked by some prison officers.",Dehumanization & Scientific Racism,1.0
lp-v-j-0000008754.pdf,83,"In order to improve relations between prisoners and staff and increase staff motivation, the reasons for the high levels of absenteeism should be tackled and the capacity and role of prison officers further developed. urther, there is a need to recruit additional staff. The CPT also recommends that in the event of a strike by staff, an agreement guaranteeing a minimum service for inmates should be in place. More generally, the delegation observed gaps in the documentation held",Dehumanization & Scientific Racism,1.0
lp-v-j-0000008754.pdf,84,"by the prison administration, particularly at SDKK. or example, personal custody records were incomplete and no registers were kept with regard to incidents, complaints, use of force and means of restraint.",Dehumanization & Scientific Racism,1.0
lp-v-j-0000008754.pdf,85,"- 9 - As regards discipline and segregation, procedural safeguards for prisoners suspected of having committed a disciplinary offence should be strengthened and solitary confinement as a disciplinary punishment",Dehumanization & Scientific Racism,1.0
lp-v-j-0000008754.pdf,86,"should not exceed 14 days. The disciplinary unit of KIA was found to be unfit for holding human beings and, while acknowledging the steps taken by the Aruban authorities",Dehumanization & Scientific Racism,1.0
lp-v-j-0000008754.pdf,88,"still required before these cells are adequate for accommodating prisoners. The situation of prisoners segregated for their own protection, notably in Curaçao, should be improved and a specific policy for",Dehumanization & Scientific Racism,1.0
lp-v-j-0000008754.pdf,90,"prisons suffered from financial insecurity, resulting in delays or no access to external specialist care and laboratory testing.",Dehumanization & Scientific Racism,1.0
lp-v-j-0000008754.pdf,91,"urther, at SDKK the situation was more critical as health-care staff and pharmacy bills had not been paid for many months. The provision of health-care services in KIA, SDKK and Pointe Blanche Prisons",Dehumanization & Scientific Racism,1.0
lp-v-j-0000008754.pdf,92,"should be reviewed: medical screening upon admission was generally inadequate, the recording of injuries poor and medical confidentiality not fully respected. The forensic psychiatric support unit (OBA) at SDKK offered good material conditions and a positive atmosphere. By contrast, a similar unit at KIA (IBA) offered poor conditions and provided minimal psychological",Dehumanization & Scientific Racism,1.0
lp-v-j-0000008754.pdf,93,and psychiatric treatment. These units cannot be considered as proper psychiatric institutions appropriate for offenders,Dehumanization & Scientific Racism,1.0
lp-v-j-0000008754.pdf,94,"who have been ordered to undergo psychiatric treatment. Indeed, in all four prisons, the delegation encountered prisoners",Dehumanization & Scientific Racism,1.0
lp-v-j-0000008754.pdf,95,who were in need of improved mental health care or even placement in a hospital. oreign nationals held under aliens legislation Targeted visits were carried out to the immigration detention facilities,Dehumanization & Scientific Racism,1.0
lp-v-j-0000008754.pdf,97,"However, the regime at Illegalen Barakken was particularly restrictive and in both facilities there was a lack of purposeful activities offered to persons held longer than a few days. urther, staff at both facilities had not received any specific training on working with irregular migrants and safeguards, such as a medical screening upon arrival and",Dehumanization & Scientific Racism,1.0
lp-v-j-0000008754.pdf,99,"Appropriate regulations for the detention of irregular migrants, including the introduction of an effective legal remedy entailing legal assistance, should",Dehumanization & Scientific Racism,1.0
lp-v-j-0000008754.pdf,100,"be developed and adopted. Juveniles The situation for young persons at JICN was largely positive; staff were trained to work with juveniles and treated them in a correct and respectful manner, and several programmes were in place to",Dehumanization & Scientific Racism,1.0
lp-v-j-0000008754.pdf,101,"provide meaningful activities for the young prisoners. Nevertheless, care should be taken not to place juveniles with young adults. By contrast, at KIA, the conditions of detention and activities in place for juveniles were not conducive to developing a supportive environment to assist their educational development and the enhancement of their social skills. Moreover, the situation of juveniles held on remand",Dehumanization & Scientific Racism,1.0
lp-v-j-0000008754.pdf,103,"the new 20-place juvenile detention unit will provide suitable alternative arrangements. - 10 - At the time of the visit, the closed department of the Judicial Youth Institute of Curaçao (JJIC) was in a very poor state of repair and offered extremely limited purposeful activities.",Dehumanization & Scientific Racism,1.0
lp-v-j-0000008754.pdf,104,"urther, the report is critical of the placement of juveniles in solitary confinement for disciplinary purposes and the lack of safeguards surrounding disciplinary sanctions. The CPT welcomes the subsequent closing down of this unit and the opening of the new Incastraat unit with eight",Dehumanization & Scientific Racism,1.0
lp-v-j-0000008754.pdf,105,single-occupancy rooms and looks forward to receiving further information on its functioning. Psychiatric establishments The CPT,Dehumanization & Scientific Racism,1.0
lp-v-j-0000008754.pdf,107,"Oduber Hospital in Aruba and Klínika Capriles in Curaçao with a focus on involuntarily placed patients. Both facilities were considered to be caring, well-run and supportive, therapeutic establishments.",Dehumanization & Scientific Racism,1.0
lp-v-j-0000008754.pdf,108,"The conditions at PAAZ were generally good whereas the building housing the closed Pico Plata unit at Klínika Capriles was in a state of disrepair and decay. The procedures regulating involuntary placement at both facilities need to be strengthened, in order to ensure independence, impartiality, and objective medical expertise.",Dehumanization & Scientific Racism,1.0
lp-v-j-0000008754.pdf,110,"such procedures as well as a right to appeal any placement decisions. urther, safeguards during placement should be improved, particularly with regard to forced treatment and the possibility to address complaints to an independent",Dehumanization & Scientific Racism,1.0
lp-v-j-0000008754.pdf,111,"external monitoring body. The provision of a patient’s rights brochure to all patients at Klínika Capriles was considered a positive practice. More generally, as neither facility was equipped to accept dangerous forensic psychiatric patients and prison is not a suitable environment for them, the authorities are requested to provide information on where such patients can be treated. - 11 - I. INTRODUCTION A. Dates of the visit and composition of the delegation 1. In pursuance of Article 7 of the uropean Convention for the Prevention of Torture and Inhuman or",Dehumanization & Scientific Racism,1.0
lp-v-j-0000008754.pdf,112,"Degrading Treatment or Punishment (hereinafter referred to as “the Convention”), a delegation of the CPT carried out a visit to the Caribbean part of the Kingdom of the Netherlands from 12 to 22 May 2014. The visit was one which appeared",Dehumanization & Scientific Racism,1.0
lp-v-j-0000008754.pdf,113,"to the Committee “to be required in the circumstances ” (cf. Article 7, paragraph 1, of the Convention). 2.",Dehumanization & Scientific Racism,1.0
lp-v-j-0000008754.pdf,114,The visit was carried out by the following members of the CPT: - Wolfgang HINZ (Head of the delegation) - James McMANUS - Olivera VULIC - Hans WOL They were supported by Hugh,Dehumanization & Scientific Racism,1.0
lp-v-j-0000008754.pdf,116,"and were assisted by: - Vivian LBLANC (interpreter) - Manuel MADURO (interpreter) - Karel THIJS (interpreter). B. Context of the visit and constitutional structure 3. During the previous CPT visit in 2007, the Kingdom of the Netherlands consisted of three",Dehumanization & Scientific Racism,1.0
lp-v-j-0000008754.pdf,117,"countries: the Netherlands, Aruba and the Netherlands Antilles. The Netherlands Antilles was formed by the islands Bonaire, Curaçao, Sint Maarten, Sint ustatius and Saba. Between 2000 and 2005, however , all the islands of the then",Dehumanization & Scientific Racism,1.0
lp-v-j-0000008754.pdf,119,and all the islands except Sint ustatius voted for dissolution of the Netherlands Antilles. The Netherlands Antilles ceased to exist when the amended Charter for the K,Dehumanization & Scientific Racism,1.0
halfjaarrapportage-college-financieel-toezicht-bonaire-sint-eustatius-en-saba.pdf,8,"Het jaar 2014 is afgesloten met een positief resultaat van USD 8,1 miljoen. De jaarrekening is door de accountant voorzien van een oordeelonthouding voor zowel de getrouwheid als de rechtmatigheid. Het tijdig indienen van de jaarrekening heeft veel capaciteit gekost, waardoor er vertraging is opgetreden bij de overige rapportageverplichtingen. De eerste uitvoeringsrapportage inclusief begrotingswijziging 2015 is niet binnen de gestelde deadline van 30 april opgeleverd, maar ruim een maand later op 3 juni. Hoewel het Cft positief heeft geadviseerd op de 1e begrotingswijzigingblijven het hoge aantal wijzigingen in de begroting alsmede de zorgwekkende liquiditeitspositie van Bonaire aandachtspunten.",Reparations & Justice,1.0
halfjaarrapportage-college-financieel-toezicht-bonaire-sint-eustatius-en-saba.pdf,12,"Saba heeft hiermee een primeur behaald. De liquiditeitspositie van Saba, hoewel momenteel nog niet zorgelijk, behoeft in de toekomst nog de benodigde aandacht en het Cft heeft Saba daarom verzocht deze nauwlettend in de gaten te houden. Algemeen: Tijdig indienen rapportages Het tijdig indienen van de rapportages behoeft de nodige aandacht bij alle openbare lichamen. De uitvoeringsrapportages dienen op basis van de Wet inBS uiterlijk 3 weken na afloop van het kwartaal ingediend te worden.",Everyday Racism & Modern Racial Inequality,1.0
halfjaarrapportage-college-financieel-toezicht-bonaire-sint-eustatius-en-saba.pdf,13,De minister van BZK heeft deze termijn verruimd naar de laatste dag van de maand volgend op het kwartaal waarop de uitvoeringsrapportage betrekking heeft. De door de eilandsraad goedgekeurde jaarrekening 2014 dient uiterlijk 15 juli 2015 aan de minister van BZK aangeboden te worden. Alleen Bonaire is dit laatste gelukt. Tegelijkertijd is daar ook geconstateerd dat het tijdig indienen van de jaarrekening 2014 geleid heeft tot vertraging in het voldoen aan andere rapportageverplichtingen. Mogelijk komt het tijdig indienen van de resterende rapportages in 2015 hierdoor ook in het geding.,Everyday Racism & Modern Racial Inequality,1.0
halfjaarrapportage-college-financieel-toezicht-bonaire-sint-eustatius-en-saba.pdf,36,"Het Cft zal vervolgens binnen twee weken na datum van indiening reageren zodat de bestuurscolleges uiterlijk 1 september de begroting aan de eilandsraad kunnen aanbieden, conform de termijn die in de Wet inBS hiervoor is gesteld. Op 28 april heeft het Cft een kaderbrief gestuurd naar de openbare lichamen met daarin de maximum bedragen waarbinnen de begrotingen van de openbare lichamen vanaf 2016 moeten blijven. Dit kader alsmede de uitkomsten van de CN-week neemt het Cft mee in de toetsing van de begroting. 8 inancieel beheer en begrotings- en verantwoordingsproces dat voldoet aan de daartoe gestelde vereisten kan niet worden gerealiseerd zonder een adequaat financieel beheer. Alleen met een adequaat financieel beheer kan worden gesteld dat de begroting en verantwoording volledig is, dat de ramingen en realisaties correct zijn en dat het bestuur de beschikking heeft over tijdige, volledige en juiste informatie.",Everyday Racism & Modern Racial Inequality,1.0
halfjaarrapportage-college-financieel-toezicht-bonaire-sint-eustatius-en-saba.pdf,40,Bij deze jaarrekening heeft de accountant een oordeelonthouding gegeven. De onderbouwing van de oordeelonthouding laat duidelijk zien dat er nog veel werk te verzetten is om het financieel beheer op orde te krijgen. Ondanks een voortvarende start heeft de herinrichting van de afdeling inanciën geresulteerd in vertraagde uitvoering van het meerjarig plan van aanpak. Hoewel is toegezegd de openstaande aandachtspunten op het gebied van financieel beheer ultimo 2015 afgewikkeld te hebben wacht een verdere uitvoering van het plan van aanpak momenteel op de herinrichting van de afdeling inanciën. Inmiddels heeft het BC aangegeven hier extra (externe) capaciteit te willen inzetten.,Reparations & Justice,1.0
halfjaarrapportage-college-financieel-toezicht-bonaire-sint-eustatius-en-saba.pdf,41,Het Cft blijft de voortgang op het gebied van deze herinrichting en de verdere uitvoering van het meerjarig plan van aanpak monitoren. Daarnaast vindt het Cft het zorgelijk dat niet tijdig aan rapportageverplichtingen wordt voldaan. De eerste uitvoeringsrapportage had uiterlijk 30 april aangeboden moeten worden door het bestuurscollege. Uiteindelijk is deze op begin juni pas in concept aangeboden aan secretariaat van het Cft. Sint ustatius,Everyday Racism & Modern Racial Inequality,1.0
halfjaarrapportage-college-financieel-toezicht-bonaire-sint-eustatius-en-saba.pdf,42,"Het Cft heeft het afgelopen jaar veelvuldig haar zorgen geuit over de stand van zaken van het financieel beheer op Sint ustatius. Onderdeel van de aanwijzing die door de minister van BZK is 9 opgelegd is het maken van een plan van aanpak voor de verbetering van het financieel beheer. De verbeterpunten die voor 2014 waren afgesproken, onder meer met betrekking tot het grondbeleid, het onderhoudsplan kapitaalgoederen, een nieuwe havenverordening, het dividendbeleid en het normen- en beheersingskader, zijn allen niet gerealiseerd. Daarnaast constateert het Cft dat uitvoeringsrapportages niet tijdig worden opgeleverd, ondanks de ruimere termijn die hiervoor is gesteld door de minister van BZK. De rapportage over het eerste kwartaal 2015 is ook niet binnen de gestelde termijn opgeleverd.",Everyday Racism & Modern Racial Inequality,1.0
halfjaarrapportage-college-financieel-toezicht-bonaire-sint-eustatius-en-saba.pdf,54,"artikel 11, Wet inBS, dient het Cft in samenwerking met het Centraal Bureau voor de Statistiek Nederland (CBS) te rapporteren over de schuld-, tekort-, inkomsten- en uitgavencijfers van de collectieve sector (zijnde het openbaar lichaam en de overige entiteiten die tot de collectieve sector behoren). Dit gebeurt tegelijkertijd met het doorgeleiden van de jaarrekening van een openbaar lichaam aan de minister van BZK. Ook beoordeelt het Cft dan de rentelastnorm van de collectieve sector. Ondanks pogingen van het Cft om aandacht te vragen bij de openbare lichamen voor het tijdig indienen van relevante jaarstukken, heeft dit er niet toe geleid dat er rondom het proces van opstellen en doorgeleiden van jaarrekeningen ook rapportages over de collectieve sector van Bonaire en Sint ustatius kunnen worden meegezonden. Het Cft betreurt dit en verzoekt de openbare lichamen wederom tijdig volledige jaarstukken van collectieve sector entiteiten aan het Cft te sturen.",Everyday Racism & Modern Racial Inequality,1.0
rapport-en-conclusies-over-de-nationale-publieke-belangen-bij-vaccinonderzoek.pdf,7,"Bij bijlage 2 zijn vergelijkbare instituten als IntraVacc opgenomen. In bijlage 3 is een citaat uit de historie van wetten over infectieziekten opgenomen tot het begin van deze eeuw. In de voetnoten zijn de verwijzingen naar de bronnen en geciteerde alinea’s aangegeven. Vanwege de leesbaarheid is het aantal afkortingen beperkt en zijn citaten in de lopende tekst opgenomen. Den Haag/Tilburg, 21 augustus 2015 ir. Hans (J.I.M.)",Everyday Racism & Modern Racial Inequality,1.0
rapport-en-conclusies-over-de-nationale-publieke-belangen-bij-vaccinonderzoek.pdf,10,"De nationale publieke belangen die in het geding kunnen zijn bij verzelfstandiging en/of privatisering van IntraVacc in 2016. Deze benoemde belangen zijn weer toetsingspunten bij de verdere juridisch organisatorische vormgeving van IntraVacc. Om die reden is er behoefte bij de huidige Rijkseigenaar (pSG VWS) en de Rijksopdrachtgever (DGV VWS) van IntraVacc aan een onafhankelijk advies over die nationale publieke belangen met betrekking tot taken en opdrachten van IntraVacc. Daartoe heeft de directeur Project Directie Anthonie van Leeuwenhoekterrein in Bilthoven, waaronder IntraVacc tijdelijk is gepositioneerd als onderdeel van het ministerie van VWS, dit adviesrapport gevraagd. I.1 volutie Rijksagentschap Nederlands",Everyday Racism & Modern Racial Inequality,1.0
rapport-en-conclusies-over-de-nationale-publieke-belangen-bij-vaccinonderzoek.pdf,11,"Vaccin Instituut De Minister van VWS heeft in die afgelopen jaren de Tweede Kamer periodiek geïnformeerd over het waarom, de stand van zaken, de voornemens, de voortgang en uitvoeringsbesluiten bij de herpositionering van de vaccintaken van en door de overheid, die aanvankelijk belegd waren in het Nederlands Vaccin Instituut (NVI). NVI was in 2003 een samenvoeging van de voormalige Sector Vaccins van het Rijksinstituut voor de Volksgezondheid en Milieuhygiëne (RIVM) de Stichting ter bevordering van de Volksgezondheid en Milieuhygiëne (SVM). Het werd ingericht als een nieuw agentschap van VWS.",Everyday Racism & Modern Racial Inequality,1.0
rapport-en-conclusies-over-de-nationale-publieke-belangen-bij-vaccinonderzoek.pdf,17,"Opdrachtgever en opdrachtnemer van het nu voorliggende adviesrapport nemen de overwegingen en stand van zaken rond de herpositionering van de vaccintaken van de overheid, zoals boven kort geschetst, als vertrekpunt voor de opdracht. Zij volstaan te verwijzen naar de daartoe geproduceerde documenten voor zover niet expliciet worden benoemd in nakomende hoofdstukken. Op één cruciaal punt is binnen VWS na eind 2014 discussie resp. nadere afweging gewenst over de nationale publieke belangen, die hierbij al dan niet in het 3 Projectgroep Toekomst Vaccintaken, bestaande uit CiB, VWS directie GMT, VAC en VWS directie PG, o.l.v. Hans van Bijsterveldt, arts, extern adviseurs, eindrapport gedateerd 21 mei 2012.",Everyday Racism & Modern Racial Inequality,1.0
rapport-en-conclusies-over-de-nationale-publieke-belangen-bij-vaccinonderzoek.pdf,20,"Voor het onafhankelijke advies heeft opdrachtgever Nico Oudendijk, directeur Pd Alt 8 begin juli 2015 opdracht verstrekt het bijgaande adviesrapport vóór september 2015 op te stellen. Opdrachtnemer Hans de Goeij, bestuursadviseur Oude Gracht Groep B.V. in den Haag, heeft vanuit zijn kennis en know how en gehoord een aantal stakeholders het adviesrapport opgesteld. De stakeholders zijn bevraagd in de periode tussen 5 juli en 18 augustus 2015, zie bijlage 1. Uitgangspunt voor het adviesrapport was het concept- beslisdocument, versie 30 april 2015 9 , zoals door de directeur PD ALt in samenwerking met de landsadvocaat is opgesteld. Daarin staan vermeld:",Everyday Racism & Modern Racial Inequality,1.0
rapport-en-conclusies-over-de-nationale-publieke-belangen-bij-vaccinonderzoek.pdf,21," de in het geding zijnde publieke belangen. In dat beslisdocument staan verder benoemd:  de voorgeschiedenis,  de beoogde wijze van verzelfstandiging  etc. Dit document geeft de context waarbinnen de opdracht plaatsvindt en wordt in dit adviesrapport niet meer herhaald. I.4",Everyday Racism & Modern Racial Inequality,1.0
rapport-en-conclusies-over-de-nationale-publieke-belangen-bij-vaccinonderzoek.pdf,25,de in de gesprekken aangereikte documentatie na het gesprek zijn doorgenomen en gebruikt bij de opstelling van het advies. Verder is bij de opdracht afgesproken dat opdrachtgever eventuele terugkoppeling zal verzorgen aan de personen in bijlage 1 genoemd over het uitgebrachte advies. Het concept-adviesrapport is na korte bespreking met de opdrachtgever afgerond en aan opdrachtgever op 21 augustus 2015 aangeboden. 21 aug. 2015,Everyday Racism & Modern Racial Inequality,1.0
rapport-en-conclusies-over-de-nationale-publieke-belangen-bij-vaccinonderzoek.pdf,46,"Dit model met van ontwikkeld door dr. Karel Styblo verbonden aan de Union (IUATLD) en KNCV Tuberculosebestrijding. Styblo, 1922-1998, was een gevluchte Tjech die onderdak vond in Nederland en daar dit baanbrekende werk minutieus uitvoerde. . Voorwaarden voor succes in de strijd tegen tuberculose ware volgens hem: (1) betrokkenheid van de overheid, (2)een systematische aanpak van de opsporing met goede laboratoriumfaciliteiten, (3) een zorgverleningsstructuur met gestandaardiseerde behandeling en patiënten ondersteuning, (4)constante beschikbaarheid van medicijnen, en (5)zorgvuldige registratie en monitoring. Naast DOTS richt de zogenoemde Stop tbc-strategie zich op: dubbele tbc/hiv-infecties, multiresistente tuberculose, beperking van infectierisico’s, versterking van gezondheidszorgsystemen, betrokkenheid van zorgverleners, mensen met tuberculose en hun omgeving, en bevordering van onderzoek. 15",Everyday Racism & Modern Racial Inequality,1.0
rapport-en-conclusies-over-de-nationale-publieke-belangen-bij-vaccinonderzoek.pdf,47,"Het BCG vaccin (Bacillus Calmette-Guerin) stamt uit 1921 en wordt ingezet als preventie van tuberculose. De bacteriën in het BCG-vaccin zijn nog levend maar verzwakt, zodat ze geen TBC kunnen veroorzaken. In de alinea over Styblo gaat het vooral over de behandeling van tuberculose, maar daarbij is kennis over de werking het vaccin zeer relevant. BCG beschermt vooral 21 aug. 2015",Everyday Racism & Modern Racial Inequality,1.0
rapport-en-conclusies-over-de-nationale-publieke-belangen-bij-vaccinonderzoek.pdf,52,"De bacteriën in het BCG-vaccin zijn nog levend maar verzwakt, zodat ze geen TBC kunnen veroorzaken. Reden genoeg om enkele jaren geleden vanuit Nederland een wereldwijde => samenwerking te realiseren in het Tuberculose Vaccine Initiative. TBVI selecteer kandidaten voor effectievere vaccins en doorloopt de stappen tot en met Phase 2. IntraVacc is een van de centrale deelnemers in dit initiative en opereert onafhankelijk van de industrie.",Everyday Racism & Modern Racial Inequality,1.0
rapport-en-conclusies-over-de-nationale-publieke-belangen-bij-vaccinonderzoek.pdf,62,"II.7 Meer dan 100 jaar privaat én publiek belang De verwoesting die infectieziekten, bewust of niet bedoeld, kunnen aanrichten was voor overheden, kerken, mecenassen, maar ook groepen van verenigde particulieren, reden genoeg om zich daarmee blijvend bezig te houden en te zoeken naar effectievere bestrijdings- en preventiemethoden. Daarvoor was nodig funding, onderzoek, testen, evalueren, een beetje geluk 22 LCI richtlijn (RIVM) over Variola (Pokken), nog steeds van kracht. en toeval, naast onder andere het feitelijk implementeren en evalueren in de bevolking.",Everyday Racism & Modern Racial Inequality,1.0
RR2015.pdf,11,totaal en per onderwijssoort 24 2.3.2 Doorstroom binnen het voortgezet onderwijs 26 2.3.3 Uitstroom uit het voortgezet onderwijs 28 2.4 Middelbaar beroepsonderwijs 2.4.1 Ontwikkelingen totaal,Everyday Racism & Modern Racial Inequality,1.0
RR2015.pdf,62,"Dit betekent dat (conform advisering van de ALS) de correctie voor niveau 4 een meer vloeiend verloop heeft, en dat er nu ook een correctie voor niveau 1 is opgenomen (zie paragraaf 3.5, punt 2). 4. De nieuwe raming ligt voor hbo en wo in de eerstkomende jaren iets hoger dan RR2014 door hogere telgegevens 2014/15. Deze verhoging komt vooral voort uit het feit dat in 2014 minder studenten zonder diploma zijn uitgestroomd. Voor latere jaren daalt de hbo-raming als gevolg van een lagere instroom in 2014 en een verminderde toestroom naar havo/vwo.",Everyday Racism & Modern Racial Inequality,1.0
RR2015.pdf,79,"2014 Samengevat : De nieuwe gegevens van 2014 leiden tot een veel lagere hbo-raming en ook tot een lagere mbo-raming. Op langere termijn wordt de raming van vo ook verlaagd door een verschuiving van havo/vwo naar vmbo. De raming van wo wordt iets verhoogd, bij po ondergaat de raming weinig verandering, alleen iets meer basisonderwijs en iets minder so/vso.","Remembrance, Heritage & Education",1.0
RR2015.pdf,81,"Het aantal leerlingen in het vso en in het voortgezet onderwijs is in 2014 gestegen ten opzichte van 2013. Binnen het voortgezet onderwijs is de groei in bijna alle onderwijssoorten en leerjaren aanwezig, behalve in het lwoo. Het aantal mbo-deelnemers is gedaald ten opzichte van 2013. De aantallen in voltijd-bol zijn wel toegenomen, maar bij bbl en deeltijd-bol is er een aanzienlijke daling, in alle vier niveaus. De stijging bij bol doet zich alleen voor in niveau 4.",Everyday Racism & Modern Racial Inequality,1.0
RR2015.pdf,82,"Deeltijd-bol wordt afgebouwd, waardoor het aantal deelnemers daalt. Het totale aantal voltijd-hbo-studenten is flink gegroeid, maar bij deeltijd is er een daling. De stijging bij voltijd zit alleen bij hogerejaars-studenten, dit komt vooral voort uit de instroomgroei van eerdere jaren. Bij wo betreft de groei vooral het aantal hogerejaars-studenten, maar ook de instroom is in 2014 nog gestegen. Het aantal deelnemers aan het groene onderwijs is gestegen bij voortgezet onderwijs, bol en hoger onderwijs, maar (evenals bij OCW) aanzienlijk gedaald bij de bbl.",Everyday Racism & Modern Racial Inequality,1.0
RR2015.pdf,96,"dit houdt mogelijk verband met de invoering van passend onderwijs in 2014. In het voortgezet onderwijs zijn iets meer leerlingen geteld dan vorig jaar was geraamd, Het verschil zit vooral in havo/vwo4+. Opnieuw is er een kleine verschuiving in het 3e leerjaar van havo/vwo naar vmbo. Het totale aantal mbo-deelnemers is beduidend lager dan vorig jaar was geraamd. Dit verschil zit vooral bij bbl, mogelijk als extra conjunctuur-effect.","Remembrance, Heritage & Education",1.0
RR2015.pdf,97,"Zowel bij bol als bbl zijn de aantallen lager dan verwacht in alle niveaus, met uitzondering van bol niveau 4. Deeltijd- bol wordt vanwege de afbouw op 0 geraamd. Het aantal hbo-studenten is hoger dan was geraamd, het verschil zit bijna volledig in voltijd en daarbinnen bij de hogerejaars (het aantal eerstejaars is juist iets lager dan verwacht). Ook in het wo zijn er meer studenten dan was geraamd, d.w.z. meer hogerejaars, maar hier zijn er ook wat meer eerstejaars dan verwacht. Binnen het groene onderwijs zijn de aantallen i.h.a. hoger dan was verwacht, maar evenals bij OCW is het aantal bbl- deelnemers beduidend lager dan verwacht.",Everyday Racism & Modern Racial Inequality,1.0
RR2015.pdf,106,"In het groene onderwijs wijken de getelde aantallen gediplomeerden in absolute zin slechts weinig af van de vorig jaar geraamde aantallen. Het effect van deze nieuwe telgegevens van leerlingen, gediplomeerden en leerlingenstromen is voor 2019/20 zichtbaar gemaakt in paragraaf 4.2, onder stap G. De op de vorige pagina weergegeven raming-realisatie verschillen werken vooral door in het hbo; de lagere hbo-instroom en de verschuiving binnen het 3e leerjaar van havo/vwo naar vmbo zorgen voor een lagere hbo-raming.","Remembrance, Heritage & Education",1.0
RR2015.pdf,112,"Terecht is ingeschat dat hier de grootste effecten zullen optreden: - in niveau 4 als gevolg van de cursusduur-verkorting + cascade-bekostiging; hiervoor is nu op advies van de ALS uitgegaan van een meer geleidelijk effect; - in niveau 1 als gevolg van cascadebekosting, beperking van de verblijfsduur en beperking in de toelating tot niveau 1. De ALS constateert dat de verkorting van de verblijfsduur in niveau 4 van het mbo ook op een adequate wijze doorwerkt in een tijdelijke verhoging van de doorstroom naar het hbo in de jaren tot en met 2018. Naar het oordeel van de ALS heeft OCW de nieuwe raming van hbo en wo terecht gecorrigeerd op de instroomtrends. Vanwege het naderend sociaal leenstelsel (studievoorschot) hebben aankomende studenten in 2013 èn in 2014 in mindere mate gekozen voor een tussenjaar. Daardoor is de directe instroom vanuit havo, vwo en bol4 in 2013 en 2014 sterk toegenomen ten opzichte van eerdere jaren, en de indirecte instroom is daardoor in 2014 gedaald.","Remembrance, Heritage & Education",1.0
RR2015.pdf,115,"Soms zijn de effecten van maatregelen en ontwikkelingen niet of nauwelijks kwantificeerbaar waardoor deze niet meegenomen zijn in de huidige raming,’ waardoor er de kans op een over- dan wel onderraming aanwezig is: - De invoering van passend onderwijs in primair en voortgezet onderwijs in 2014 gaat wellicht leiden tot verschuivingen vanuit (voortgezet) speciaal onderwijs, sbao en lwoo/pro naar basisonderwijs en regulier voortgezet onderwijs. De ALS adviseert om e.e.a. goed te monitoren en zo nodig de raming in de toekomst daarop aan te passen. - De invoering van het studievoorschot in 2015 zal wellicht effect hebben op de instroomtrends in hbo en wo. Vooral de doorstroom van mbo naar hbo zou hierdoor lager kunnen worden.",Everyday Racism & Modern Racial Inequality,1.0
RR2015.pdf,116,"Op basis van de huidige gegevens en eerdere onderzoeken (CPB, SCP, CHPS) kunnen deze effecten echter niet goed worden ingeschat, of ligt de omvang van het ingeschatte effect binnen de ramingsonzekerheid, zodat het niet zinvol is de raming aan te passen. - De invoering van het studievoorschot, maar ook o.m. de doorwerking van de prestatie- afspraken in het hoger onderwijs, veranderende studentenpopulatie (o.a. verdere internationalisering), etc. zullen wellicht effect hebben op de gemiddelde verblijfsduur in hbo en wo. - De ontwikkeling van de conjunctuur zou – naast genoemd effect op de bol/bbl-verhouding – ook de totale onderwijsdeelname kunnen beïnvloeden. Hierbij moet wel opgemerkt worden dat de ALS nog in 2011 onderzoeken heeft geïnventariseerd, en dat hieruit voor Nederland niet geconcludeerd kon worden dat de conjunctuur een substantiële invloed heeft op onderwijsdeelname. De ALS wil ook in komende jaren zo mogelijk vooraf adviseren over de beleidsmatige correcties.",Everyday Racism & Modern Racial Inequality,1.0
RR2015.pdf,117,"Voor de eerstkomende raming is afgesproken dat geadviseerd wordt over de effecten van het studievoorschot op de hbo/wo-instroom. Daarbij wordt gestreefd naar advisering op basis van voorlopige gegevens over het studiejaar 2015/16. 1.4.2. Informatiebasis en gebruikswaarde De ALS heeft vertrouwen in de onderwijsmatrices van DUO, waarop het Radon-systeem is gebaseerd.",Everyday Racism & Modern Racial Inequality,1.0
halfjaarlijks-overzicht-wetgeving-bes-eilanden.pdf,18,planning fase inwerkingtreding Wet elektriciteit en drinkwater BS Regulerend kader voor elektriciteit en drinkwater: regulering van tarieven en kwaliteit met onafhankelijk toezicht is gewenst met het oog op verbetering van de doelmatigheid en betaalbare tarieven. in behandeling bij Tweede Kamer (34089),Reparations & Justice,1.0
halfjaarlijks-overzicht-wetgeving-bes-eilanden.pdf,22,"r wordt gewerkt aan een nieuw kader voor het reguleren van de taken, de tariefstructuur, de kostendekking en de governance op het gebied van elektriciteit en drinkwater. r is ook een AmvB en een ministeriele regeling in voorbereiding. in behandeling bij Tweede Kamer (34089) Op een bij KB te bepalen tijdstip. Intrekking",Reparations & Justice,1.0
halfjaarlijks-overzicht-wetgeving-bes-eilanden.pdf,26,"financiën openbare lichamen Bonaire, Sint ustatius en Saba en de Wet volkshuisvesting, ruimtelijke ordening en milieubeheer BS Toerisme is een belangrijke bron van inkomsten voor Bonaire. Jaarlijks bezoeken duizenden toeristen het eiland om het koraal te bewonderen. Het grote aantal toeristen en de groeiende bevolking heeft geleid tot een toenemende hoeveelheid afvalwater, die jaar na jaar ongezuiverd in zee werd geloosd. Hierdoor is het koraal zowel kwantitatief als kwalitatief sterk achteruitgegaan. Om de achteruitgang te stoppen is in 2010 gestart met de bouw van een rioleringssysteem en een rioolwaterzuiveringsinstallatie.",Everyday Racism & Modern Racial Inequality,1.0
halfjaarlijks-overzicht-wetgeving-bes-eilanden.pdf,27,"Vanaf medio 2014 zijn de riolering en de zuiveringsinstallatie operationeel en is de lozing van ongezuiverd afvalwater in zee beëindigd. De bouw is gesubsidieerd door de uropese Commissie en het ministerie van IenM. De C heeft aan de subsidie de voorwaarde verbonden dat Bonaire na de oplevering van de riolering en de zuiveringsinstallatie de verantwoordelijkheid neemt voor de exploitatie en een heffing instelt ten behoeve van de dekking van de exploitatiekosten en dat gezorgd wordt voor de benodigde regelgeving. Met de wijziging van de wet in BS en de Wet vrom BS wordt beoogd de zorgplicht van het eilandbestuur voor de inzameling van huishoudelijk afvalwater uit te breiden tot de inzameling, transport en zuivering van zowel huishoudelijk afvalwater als bedrijfsafvalwater en een grondslag te creëren voor het instellen van een afvalwaterheffing voor de bekostiging van het afvalwaterbeheer. Departementale voorbereiding",Everyday Racism & Modern Racial Inequality,1.0
halfjaarlijks-overzicht-wetgeving-bes-eilanden.pdf,30,"versterking bestuurskracht onderwijs (kst-34251) Regels voor meer open en transparante benoemingsprocedure voor bestuurders, adviesrecht medezeggenschapsorgaan bij benoeming bestuurders, verplichting interne toezichthouder tot melding belangrijke onregelmatigheden aan IvhO, overlegplicht interne toezichthouder met medezeggenschapsorgaan. Tweede Kamer 01-01-2016 Wetsvoorstel introductie verplicht leerlingvolgsysteem en diagnostische tussentijdse toets eind onderbouw VO (kst-33661)",Everyday Racism & Modern Racial Inequality,1.0
halfjaarlijks-overzicht-wetgeving-bes-eilanden.pdf,31,"Dit wetsvoorstel betreft het voortgezet onderwijs en strekt tot regeling van: a) het hebben en gebruiken van een leerlingvolgsysteem, waarin de leervorderingen van leerlingen systematisch worden gevolgd met behulp van toetsen; b) een verplichte diagnostische tussentijdse toets, gebaseerd op centraal vastgestelde tussendoelen voor alle leerlingen in alle onderwijsvormen in het tweede leerjaar van het vmbo en in het derde leerjaar van het havo en vwo, en voor alle leerlingen in het voortgezet speciaal onderwijs die diplomagericht onderwijs volgen; c)","Remembrance, Heritage & Education",1.0
halfjaarlijks-overzicht-wetgeving-bes-eilanden.pdf,39,"In de huidige bekostiging wordt bijvoorbeeld onderscheid gemaakt tussen een school die alleen vwo aanbiedt en een school die zowel vwo als havo aanbiedt. In de nieuwe systematiek is dit onderscheid niet meer relevant, maar wordt de bekostiging berekend als een bedrag per leerling per schoolsoort (bijvoorbeeld een leerling in het vwo, havo of praktijkonderwijs). Intern in voorbereiding 01-08-2016 Wetsvoorstel Maatregelen voor een toekomstbestendig onderwijsaanbod in het basisonderwijs (leerlingendaling)1 Van kleur verschieten en verplaatsing PO, op overeenstemming gericht overleg over gebiedsplan (verplicht in krimpregio's) Consultatie en toetsing","Remembrance, Heritage & Education",1.0
halfjaarlijks-overzicht-wetgeving-bes-eilanden.pdf,43,"Op het vorige overzicht aangeduid als Wetsvoorstel leerlingendaling in het funderend onderwijs. Voorgenomen en aanhangige wetgeving Minister van Volksgezondheid, Welzijn en Sport (1 november 2015) Conceptregelgeving Achtergrond Planning ase Inwerkingtreding Voorstel van wet houdende wijziging van de Invoeringswet openbare lichamen Bonaire, Sint ustatius en Saba in verband met het wettelijke regelen van kwaliteitseisen voor de jeugdzorg op Bonaire, Sint ustatius en Saba en het toezicht en de handhaving door de Inspectie Jeugdzorg op de openbare lichamen.",Reparations & Justice,1.0
betrokken-wijken.pdf,13,"62 2.5 Bijlmer, K-buurt (Amsterdam Zuidoost) 66 2.6 Samenvatting 70 3 Wonen: herstructurering en verkoop 72 3.1 Herstructurering van de woningvoorraad 72 3.2 Verkoop van sociale huurwoningen en kluswoningen",Everyday Racism & Modern Racial Inequality,1.0
betrokken-wijken.pdf,25,"Daarvoor put het rijkelijk uit gesprekken in de wijken, ingebed in literatuur. We kijken in dit onderzoek naar de naoorlogse wijken Nieuwland in Schiedam, Kruiskamp in Amers- foort en Slotervaart en de Bijlmer K-buurt in Amsterdam. Zoals voormalig minister Vogelaar, die het 40-wijkenbeleid in 2007 formuleerde al aangaf, kunnen de inspannin- gen het beste begrepen en geëvalueerd worden door zowel te tellen als te vertellen. Waar het Sociaal en Cultureel Planbureau (scp) eerder al een onderzoek naar aandachtswijken van het genre ‘tellen’ uitbracht, wordt hier de vervolgstap gezet door ervaringen van bewoners, ondernemers en professionals in de wijken centraal te stellen. Ook ervaringen in de aanloopjaren naar het 40-wijkenbeleid en recente ervaringen in de aanloop naar de decentralisaties in het sociale domein zijn opgenomen.",Everyday Racism & Modern Racial Inequality,1.0
betrokken-wijken.pdf,26,"en breed spectrum van interventies komt aan bod, op het terrein van wonen, het schoon, heel en veilig houden van de wijken, de wijkeconomie, sociale stijging van bewo- ners, ontmoeten, integreren, sporten, cultuur en ondersteunen van bewoners met per- soonlijke problemen. Bijzondere aandacht is er voor de rol van bewoners in dit geheel, van ‘onbevlekte’ burger- initiatieven en bewonersbedrijven in de wijk, tot dienstbare rollen op uitnodiging van professionals. Integraliteit en de persoonlijke factor zijn ook aandachtspunten, net als de vraag hoe de vertellingen te rijmen zijn met eerder tel-onderzoek. Het scp voerde dit onderzoek uit op verzoek van het ministerie van Binnenlandse Zaken en Koninkrijksrelaties. Bij dit ministerie (directoraat-generaal Wonen en Bouwen) waren mw.","Remembrance, Heritage & Education",1.0
betrokken-wijken.pdf,31,"Door samen- hangende (integrale) inzet op verschillende fronten zou de achterstand ingelopen kunnen worden, waarbij accenten binnen de brede doelstellingen lokaal werden aangebracht, aansluitend bij bijzonderheden binnen de wijk. Bestuurders, professionals en tal van bewoners in de wijken gingen monter aan de slag of vervolgden de ingeslagen weg, al werden de beloofde rijksmiddelen al snel terug- geschroefd. In de beleving van velen hield het aanvullende beleid in 2012 op, toen de rijksinvesteringen van tot dan toe ongeveer 300 miljoen euro stopten. ormeel loopt het 40-wijkenbeleid acht tot tien jaar, de laatste jaren met andere vormen van rijksondersteu- ning (bv. kennisontwikkeling en -deling). Ondertussen zijn de woningcorporaties gemaand zich meer tot hun kerntaak, bouwen en beheren van betaalbare huurwoningen, te beperken.",Everyday Racism & Modern Racial Inequality,1.0
betrokken-wijken.pdf,42,"In de gekozen wijken is eerst het professionele netwerk zo goed mogelijk in kaart gebracht. Dit netwerk bestaat uit wijkmanagers en -coördinatoren bij de gemeente en bij woningcorporaties, verantwoor- delijken voor de publieke ruimte, en professionals bij het welzijnswerk, onderwijs, werk en inkomen, vrijwilligersorganisaties, sport en spel. Via deze professionals is een aantal bewoners en ondernemers in beeld gekomen met wie gesproken is. Om ook mensen bui- ten het netwerk van professionals te spreken, zijn daarnaast ondernemers en bewoners rechtstreeks benaderd. Daarbij is gezocht naar verscheidenheid naar leeftijd, culturele achtergrond, en de mate van actieve inzet voor de wijk.",Everyday Racism & Modern Racial Inequality,1.0
betrokken-wijken.pdf,48,"In de wijken zijn al voor 2007 de grootste stappen gemaakt om de leefbaarheid en vei- ligheid te verbeteren: fysieke vernieuwing, aanpak van criminaliteit met de nadruk op criminele jeugdgroepen en verbeterd onderhoud door gezamenlijk (integraal) optrek- ken van gemeente en corporaties, door scherper toezicht op de aanbestede schoon- maak en door ondergrondse vuilcontainers. Zoals toegelicht in paragraaf S.1 stelde het eerdere scp-rapport Werk aan de Wijk vast dat het 40-wijkenbeleid op de leefbaarheid en veiligheid nauwelijks onderscheidende effecten had op leefbaarheid en veiligheid. Wel was het optimisme over de ontwikkeling van de wijk groter in de 40 wijken dan in andere achterstandswijken (Permentier et al. 2013).",Everyday Racism & Modern Racial Inequality,1.0
betrokken-wijken.pdf,53,"Professionals hebben het betrekken van bewoners om met hen prioriteiten te stellen als een kantelpunt ervaren en vooral actieve bewoners koesteren warme herinneringen aan het bezoek van de toenmalige minister Vogelaar. Aandacht en belangstelling van profes- sionals en handelingsperspectief voor bewoners doen goed. Dit kan verklaren dat bewo- ners in de 40 wijken rond 2009 positiever over hun wijk dachten en oordeelden dan in eerdere jaren en vergeleken met andere wijken. Het is goed mogelijk dat de omslag naar een grotere inbreng van bewoners in het reilen en zijlen van hun wijk, een omslag naar eigenaarschap, niet goed van de grond was gekomen zonder een landelijke beweging in die richting, die momentum gaf aan dit proces. De verschuiving naar een grotere inbreng voor bewoners is van belang om de tevredenheid met de buurt verder uit te bouwen en om tot een goed, duurzaam en betaalbaar beheer voor de wijk te komen.",Everyday Racism & Modern Racial Inequality,1.0
betrokken-wijken.pdf,55,"De veelheid aan goedkope woningen gaf een dus- danige opstapeling van problemen, dat verdunning van die problemen nodig werd om ze te kunnen behappen. Ook bood het proces gelegenheid om een voet tussen de deur te krijgen en een aantal huurders met persoonlijke problemen naar hulpverleningsinstellin- gen te verwijzen. Herstructurering wordt dus als een onmisbare interventie gepresenteerd. De casus in Slotervaart (zonder herstructurering) doet aan die bevinding maar beperkt afbreuk, omdat de bebouwing hier al vrij gevarieerd was, met, naast de flats, meer eengezinshuizen die goed verkoopbaar zijn. Op de krappe Amsterdamse woningmarkt houdt de belofte dat er misschien alsnog woningen worden vervangen of opgeknapt, mensen ook tevreden ondanks kleine woningen.",Everyday Racism & Modern Racial Inequality,1.0
betrokken-wijken.pdf,60,"Leefbaarheid wordt voor een belangrijk deel afgemeten aan de waardering van bewoners. Cruciaal is dan ook of de kwaliteit van de leefomgeving hun verwachtingen overstijgt of teleurstelt, nog los van de werkelijke staat waarin de wijk verkeert. n juist hier zit een adder onder het gras, zo leerde onze rondgang in de wijken. en belangrijk inzicht van onze studie is dat deze verwachtingen dynamisch zijn, op twee manieren. Ten eerste treedt gewenning op aan de betere condities in de wijk.",Everyday Racism & Modern Racial Inequality,1.0
betrokken-wijken.pdf,64,"en tweede implicatie is dat het werk aan de wijk nooit af is. Herstructurering en straf- rechtelijk optreden hebben de wijken al voor 2007 naar een hoger plan getild, maar hier geldt: aan de top blijven is moeilijker dan de top bereiken. Niet alleen vanwege het risico op terugval, maar ook vanwege de gestegen verwachtingen is duidelijk dat een eenmalige inhaalslag niet volstaat en dat blijvend onderhoud gevraagd wordt. Het teruggeven van het kansgedreven ideaal van de buurt aan de gemeenschap zou dan ook niet gelijk moe- ten staan aan het laten varen van inspanningen.",Everyday Racism & Modern Racial Inequality,1.0
betrokken-wijken.pdf,66,"Weinig is zo funest voor het vertrouwen van bewoners in lokale autoriteiten als het gevoel niet serieus te worden genomen. Als de verwachting wordt gewekt dat de zorgen en behoeften van bewoners richtinggevend zijn in de wijkaanpak, maar een adequate reactie uitblijft zodra bewoners concrete suggesties of klachten aanreiken, is deceptie het resul- taat. Ook de bereidheid om zelf een bijdrage te leveren hangt af van het vertrouwen dat bewoners hebben in de steun van autoriteiten. Zelfs het eenvoudig melden van inciden- ten – geheel in eigen belang – kan dan als zinloos worden ervaren.",Everyday Racism & Modern Racial Inequality,1.0
betrokken-wijken.pdf,69,"Zichtbare interventies zijn een heel directe manier om te communiceren dat men de vinger aan de pols houdt. Aanwezigheid in de wijk zorgt bovendien voor een gunstige informatiepositie en faciliteert preventief optreden. Ten derde kan afstemming en flexibiliteit tussen partijen responsiviteit bevorderen (zie ook onderzoeksvraag 2 in §S.3). De neiging bestond in het verleden om burgers door te verwij- zen van de ene professional naar de andere, omdat taken en verantwoordelijkheden strikt gescheiden waren of omdat de hulpvraag aan het snijvlak van verschillende expertises raakte en onduidelijk was wie de meest aangewezen hulpverlener was. Voorkomen moet worden dat burgers zich van het kastje naar de muur gestuurd voelen;",Everyday Racism & Modern Racial Inequality,1.0
betrokken-wijken.pdf,70,"beter is het als professionals bereid zijn even voor elkaar in te springen en achter de schermen de balans opmaken. In onze wijken is van deze afstemming serieus werk gemaakt, soms tussen de woningcorporaties en de gemeente, soms in veiligheidsnetwerken of recenter in de sociale wijkteams, waar de uitvoering op het gebied van specialistische zorg nog enige optimalisering vraagt. Het principe van één aanspreekpunt is een van de doelen die wor- den nagestreefd met de integrale aanpak en hier ligt dan ook een toegevoegde waarde van integraal werken. Bovendien snijdt het mes aan twee kanten. Afstemming en flexibiliteit binnen een netwerk voorkomen ook dubbel werk voor de professionals.",Everyday Racism & Modern Racial Inequality,1.0
bijlage-geweldgebruik-door-functionarissen-van-het-kpcn-het-rst-de-jicn-en-de-kmar-op-de-bes-eilanden.pdf,5,b. Geoefendheid c. Melding en registratie geweldstoepassing d. Opslag en inspectie van geweldsmiddelen 4. KMar a. Wet- en regelgeving b.,Everyday Racism & Modern Racial Inequality,1.0
bijlage-geweldgebruik-door-functionarissen-van-het-kpcn-het-rst-de-jicn-en-de-kmar-op-de-bes-eilanden.pdf,13,Caribisch Nederland KMar Koninklijke Marechaussee KPCN Korps Politie Caribisch Nederland,Everyday Racism & Modern Racial Inequality,1.0
bijlage-geweldgebruik-door-functionarissen-van-het-kpcn-het-rst-de-jicn-en-de-kmar-op-de-bes-eilanden.pdf,17,"De Raad vindt dit een belangrijk onderwerp, omdat het gebruik van geweldsmiddelen het monopolie van de overheid betreft. Het is dan ook zaak dat het gebruik van geweldsmiddelen voldoet aan de daaraan gestelde eisen. Dit rapport bevat de uitkomsten van een onderzoek door de Raad naar het gebruik van geweld door het Korps Politie Caribisch Nederland (KPCN), de Koninklijke Marechaussee (KMar), het Recherche Samenwerkingsteam (RST) en de Justitiële Inrichting Caribisch Nederland (JICN) op Bonaire, Sint ustatius en Saba. Net als bij eerdere onderzoeken van de Raad het geval was, werkten de betrokken organisaties en personen op constructieve wijze mee aan het onderzoek.",Everyday Racism & Modern Racial Inequality,1.0
bijlage-geweldgebruik-door-functionarissen-van-het-kpcn-het-rst-de-jicn-en-de-kmar-op-de-bes-eilanden.pdf,19,"Bot 6 SAMNVATTING 1. OVR HT ONDRZOK De Raad voor de Rechtshandhaving De Raad voor de Rechtshandhaving (hierna: de Raad) is belast met de algemene inspectie van de organisaties van de justitiële keten op Bonaire, Sint ustatius en Saba (de BS-eilanden), Sint Maarten en Curaçao. De Raad kijkt daarbij naar de effectiviteit, de kwaliteit van de taakuitoefening en het beheer.",Everyday Racism & Modern Racial Inequality,1.0
bijlage-geweldgebruik-door-functionarissen-van-het-kpcn-het-rst-de-jicn-en-de-kmar-op-de-bes-eilanden.pdf,20,"Tevens is de Raad belast met de algemene inspectie van de kwaliteit en effectiviteit van de justitiële samenwerking. In haar jaarplan heeft de Raad de te onderzoeken thema’s voor 2014 vastgelegd. én van deze onderwerpen is de toepassing van de geweldsbevoegdheid door overheidsorganisaties. Aanleiding unctionarissen werkzaam bij het Korps Politie Caribisch Nederland (KPCN), het Recherche Samenwerkingsteam (RST), de Justitiële Inrichting Caribisch Nederland, locatie Bonaire (JICN) en de Koninklijke Marechaussee (KMar) beschikken allen over de bevoegdheid geweld te gebruiken.",Everyday Racism & Modern Racial Inequality,1.0
bijlage-geweldgebruik-door-functionarissen-van-het-kpcn-het-rst-de-jicn-en-de-kmar-op-de-bes-eilanden.pdf,25,"Deze toetsen moeten ten tijde van het onderzoek nog formeel worden vastgesteld door de ministers van de drie landen (Nederland, Curaçao en Sint Maarten). Onderlinge regelingen kunnen daarom nog niet worden geïmplementeerd. Concreet betekent dit dat de functionarissen van het KPCN wettelijk niet zijn gehouden aan de beschreven eisen en dat het KPCN formeel geen consequenties kan verbinden aan onvoldoende toets resultaten van executief personeel. Met inachtneming van de gebreken in de formele zin, heeft de Raad onderzocht of in de geest van wet- en regelgeving wordt gehandeld. Hoewel er geen concrete afspraken zijn gemaakt over het tijdstip waarop formalisering van de toetsen plaats moet hebben en de daarmee samenhangende voorbereidingen voor het korps, toont het onderzoek wel dat het KPCN de laatste jaren stappen heeft gezet om te handelen in de geest van de wet- en regelgeving.",Everyday Racism & Modern Racial Inequality,1.0
bijlage-geweldgebruik-door-functionarissen-van-het-kpcn-het-rst-de-jicn-en-de-kmar-op-de-bes-eilanden.pdf,29,"Daarvoor worden ook toetsen of examens afgelegd. Ook functionarissen die niet participeren in de MBO-4 opleiding volgen deze trainingen en leggen examens of toetsen af. Door het ontbreken van een wettelijke grondslag worden geen formele consequenties aan het niet halen 8 van toetsen of examens kunnen worden verbonden, door bijvoorbeeld geweldsmiddelen in te nemen. Wel stuurt het KPCN actief op het volgen van de trainingen tijdens functionerings- en feedbackgesprekken. Melding en registratie incidenten geweldgebruik",Everyday Racism & Modern Racial Inequality,1.0
bijlage-geweldgebruik-door-functionarissen-van-het-kpcn-het-rst-de-jicn-en-de-kmar-op-de-bes-eilanden.pdf,33,Net als bij het KPCN blijkt de wettelijke grondslag voor de geoefendheid van leden van het RST niet stevig. r bestaat bij de (vijf) leden van het RST geen eenduidig beeld over de organisatie die verantwoordelijk is voor de sturing op een gepaste toepassing van geweld door het RST. Zo blijken zij er deels vanuit te gaan dat zij onder Nederlandse wet- en regelgeving vallen en gaan zij er deels vanuit dat zij onder BS-specifieke wet- en regelgeving vallen. Geoefendheid en toetsing Het RST oefent de beroepsvaardigheden met behulp van instructeurs van de KMar.,Everyday Racism & Modern Racial Inequality,1.0
bijlage-geweldgebruik-door-functionarissen-van-het-kpcn-het-rst-de-jicn-en-de-kmar-op-de-bes-eilanden.pdf,34,"chter, dit gebeurt bij hoge werkdruk of medische klachten niet. r vindt geen centrale sturing op plaats op de geoefendheid van de leden van het RST. De leden van het RST vallen onder de verantwoordelijkheid van het korps dat hen heeft gedetacheerd. De operationeel RST-coördinator is verantwoordelijk voor de sturing op deelname aan trainingen. Uit gesprekken met betrokkenen blijkt dat ten tijde van het onderzoek bij onvoldoende toets resultaten geen formele consequenties worden verbonden en dat de geoefendheid geen onderwerp van gesprek is tijdens functionerings- of feedbackgesprekken.",Everyday Racism & Modern Racial Inequality,1.0
bijlage-geweldgebruik-door-functionarissen-van-het-kpcn-het-rst-de-jicn-en-de-kmar-op-de-bes-eilanden.pdf,38,De geoefendheid in geweldstoepassing voor functionarissen die formeel bij de KMar werken is geregeld in Nederlandse wet- en regelgeving. Dit geldt niet voor functionarissen die formeel onder het Rijksdienst Caribisch Nederland (RCN) vallen en als BAVPOL1 worden ingezet. Zij hebben een andere rechtspositie. Geoefendheid en toetsing De functionarissen leggen eens per jaar een toets schietvaardigheid af.,Everyday Racism & Modern Racial Inequality,1.0
bijlage-geweldgebruik-door-functionarissen-van-het-kpcn-het-rst-de-jicn-en-de-kmar-op-de-bes-eilanden.pdf,39,"Dit dient wettelijk gezien echter elk half jaar te gebeuren. In de praktijk eist de KMar echter dat alle functionarissen de vereiste toetsen succesvol afleggen. Jaarlijks zijn er vijf IBT trainingsmomenten voor zowel de medewerkers die onder de RCN vallen als de medewerkers van de KMar zelf. Conform artikel 31 en 32 van het besluit Bavpol doen medewerkers die onder de RCN vallen jaarlijks dezelfde toetsen als andere medewerkers (namelijk de Ambtsinstructie, Schieten politieparcours en Aanhoudings- en Zelfverdedigingsvaardigheden). Uitzondering hierop is de DCP:",Everyday Racism & Modern Racial Inequality,1.0
bijlage-geweldgebruik-door-functionarissen-van-het-kpcn-het-rst-de-jicn-en-de-kmar-op-de-bes-eilanden.pdf,40,de functionarissen die in dienst zijn van de RCN zijn niet verplicht deze met succes af te ronden. In de praktijk blijkt dat zij over het algemeen fysiek niet in staat zijn om aan de DCP te kunnen voldoen. Gezien hun werkzaamheden zou het wenselijk zijn als zij ook deze proeve van bekwaamheid zouden (kunnen) afleggen. De KMar registreert de deelname aan oefeningen en toetsen van alle functionarissen in haar digitale personeelssysteem. Deze gegevens worden centraal beheerd.,Everyday Racism & Modern Racial Inequality,1.0
bijlage-geweldgebruik-door-functionarissen-van-het-kpcn-het-rst-de-jicn-en-de-kmar-op-de-bes-eilanden.pdf,41,"Wanneer uit de overzichten blijkt dat toetsen niet worden behaald, worden de geweldsmiddelen te allen tijde ingenomen. De Raad vindt dat waar werkzaamheden gelijk zijn, de wetgever ten aanzien van de aanzienlijke verantwoordelijkheden die een verantwoorde geweldstoepassing met zich meebrengt geen onderscheid dient te maken. 1 Buitengewoon agent van politie 10 Melding en registratie incidenten geweldgebruik unctionarissen melden de toepassing van geweld conform de Ambtsinstructie politie",Everyday Racism & Modern Racial Inequality,1.0
bijlage-geweldgebruik-door-functionarissen-van-het-kpcn-het-rst-de-jicn-en-de-kmar-op-de-bes-eilanden.pdf,45,Ook is er een eigen ambtsinstructie beschikbaar. Daarmee bestaat - in tegenstelling tot de eerder genoemde organisaties - een solide en volledige wettelijke basis voor eisen omtrent het gebruik van en de geoefendheid in geweldsmiddelen voor alle executieve functionarissen van de JICN. Geoefendheid en toetsing r wordt structureel geoefend en getoetst op de vereiste beroepsvaardigheden met betrekking tot geweldgebruik. Trainingen en werk(oefen)weken zijn verplicht en worden ingeroosterd op werkdagen.,Everyday Racism & Modern Racial Inequality,1.0
bijlage-geweldgebruik-door-functionarissen-van-het-kpcn-het-rst-de-jicn-en-de-kmar-op-de-bes-eilanden.pdf,52,- Onderzoek de mogelijkheid om formeel consequenties te verbinden aan het niet voldoen aan eisen van geoefendheid (zoals het ontnemen van een vuurwapen bij het niet voldoen aan de eisen). - Maak heldere en eenduidige afspraken over het meedragen en opslaan van vuurwapens door executieve medewerkers. Tref hiervoor passende maatregelen. Aan het RST: - Zorg voor duidelijkheid over de wettelijke grondslag ten aanzien van geweldgebruik door leden van het RST. Zie erop toe dat er centrale sturing plaatsvindt op de geoefendheid en toetsing van executieve functionarissen met een geweldsbevoegdheid.,Everyday Racism & Modern Racial Inequality,1.0
bijlage-geweldgebruik-door-functionarissen-van-het-kpcn-het-rst-de-jicn-en-de-kmar-op-de-bes-eilanden.pdf,54,"Aanleiding De Raad voor de Rechtshandhaving (hierna: de Raad) is belast met de algemene inspectie van de organisaties van de justitiële keten op onder meer Bonaire, Sint ustatius en Saba (de BS-eilanden). De Raad kijkt daarbij naar de effectiviteit, de kwaliteit van de taakuitoefening en het beheer. Daarnaast is de Raad belast met de algemene inspectie van de kwaliteit en effectiviteit van de justitiële samenwerking. In haar jaarplan heeft de Raad de te onderzoeken thema’s voor 2014 vastgelegd. én van deze onderwerpen is de toepassing van de geweldsbevoegdheid door overheidsorganisaties.",Everyday Racism & Modern Racial Inequality,1.0
bijlage-geweldgebruik-door-functionarissen-van-het-kpcn-het-rst-de-jicn-en-de-kmar-op-de-bes-eilanden.pdf,55,"unctionarissen werkzaam bij het Korps Politie Caribisch Nederland (KPCN), het Recherche Samenwerkingsteam (RST), de Justitiële Inrichting Caribisch Nederland, locatie Bonaire (JICN) en de Koninklijke Marechaussee (KMar) beschikken allen over de bevoegdheid geweld te gebruiken. Hiervoor dient te worden voldaan aan bepaalde voorwaarden. Deze voorwaarden zijn vastgelegd in wet- en regelgeving. Het gebruik van geweld moet zoveel mogelijk worden voorkomen en enkel proportioneel worden ingezet.",Everyday Racism & Modern Racial Inequality,1.0
bijlage-geweldgebruik-door-functionarissen-van-het-kpcn-het-rst-de-jicn-en-de-kmar-op-de-bes-eilanden.pdf,58,"De Raad wil een beeld verkrijgen van het beleid dat door de organisaties wordt gevoerd en de kwaliteit van de uitvoering hiervan. 1.3. Centrale vraagstelling Uit de doelstelling van het onderzoek vloeit de volgende centrale onderzoeksvraag voort: Wat zijn de kaders en randvoorwaarden voor het toepassen van de geweldsbevoegdheid voor functionarissen van het KPCN, het RST, de KMar en de JICN op de BS-eilanden? n op welke wijze wordt hier uitvoering aan gegeven?",Everyday Racism & Modern Racial Inequality,1.0
bijlage-geweldgebruik-door-functionarissen-van-het-kpcn-het-rst-de-jicn-en-de-kmar-op-de-bes-eilanden.pdf,67,"Afbakening en reikwijdte Dit onderzoek richt zich nadrukkelijk op de toepassing van geweld door functionarissen werkzaam bij het KPCN, het RST, de KMar (in haar uitoefening van de politietaak) en de JICN op de BS-eilanden. In dit onderzoek bekijkt de Raad (de invulling van) de kaders en randvoorwaarden die moeten leiden tot een juiste aanwending van geweld door de organisaties. De Raad toetst niet de rechtmatigheid en/of behoorlijkheid van het geweldgebruik zelf (zoals de schietvaardigheid van individuele functionarissen). Onder geweld wordt verstaan elke dwangmatige kracht van meer dan geringe betekenis uitgeoefend op personen of zaken.",Everyday Racism & Modern Racial Inequality,1.0
bijlage-geweldgebruik-door-functionarissen-van-het-kpcn-het-rst-de-jicn-en-de-kmar-op-de-bes-eilanden.pdf,76,"BS. De eis van geoefendheid in het gebruik van geweldsmiddelen wordt beschreven in hoofdstuk 7 van de Onderlinge regeling kwaliteitscriteria en verder uitgewerkt in de Ambtsinstructie politie BS. In de Onderlinge regeling kwaliteitscriteria staan de vereisten voor het oefenen en toetsen van geweldsbeheersing, aanhoudings- en zelfverdedigingsvaardigheden en schietvaardigheden. Volgens de regeling dienen de ministers gezamenlijk een samengestelde toets op te stellen om de aanhoudings- en zelfverdedigingsvaardigheden, de geweldsbeheersing en de schietvaardigheid te beoordelen. De regeling beschrijft verder dat, indien een politieagent jaarlijks slaagt voor de eerste twee genoemde toetsen, hij handboeien, de korte wapenstok en pepperspray mag dragen.",Everyday Racism & Modern Racial Inequality,1.0
bijlage-geweldgebruik-door-functionarissen-van-het-kpcn-het-rst-de-jicn-en-de-kmar-op-de-bes-eilanden.pdf,77,"Als de agent voor de drie toetsen slaagt mag hij ook een vuurwapen dragen. De schietvaardigheid dient halfjaarlijks te worden getoetst. Indien één of meerdere toetsen niet worden behaald moet de agent volgens de genoemde regeling het (de) bijbehorende geweldsmiddel(en) inleveren bij de korpschef. chter, omdat deze samengestelde toetsen niet zijn opgesteld, kunnen ze ook niet worden afgelegd. In artikel 1 van de betreffende onderlinge regeling wordt eveneens ingegaan op de verschillende toetsen.",Everyday Racism & Modern Racial Inequality,1.0
bijlage-geweldgebruik-door-functionarissen-van-het-kpcn-het-rst-de-jicn-en-de-kmar-op-de-bes-eilanden.pdf,79,– niet over een wapen beschikken of geen geweld toe mogen passen. Het ministerie van VenJ schrijft hierover: “Zolang deze toetsen niet zijn vastgesteld als bijlagen bij het Besluit rechtspositie korps politie BS brengt het gewijzigde artikel 123 van het Besluit rechtspositie korps politie BS mee dat voor de geoefendheid in het gebruik van een geweldsmiddel niet is vereist dat de toets geweldbeheersing en de toets aanhoudings- en zelfverdedigingsvaardigheden met voldoende resultaat is afgelegd en dat voor de geoefendheid in het gebruik van een vuurwapen niet is vereist dat de toets schietvaardigheid met voldoende resultaat is afgelegd.,Everyday Racism & Modern Racial Inequality,1.0
tk-bijlage-financiele-evaluatie-college-voor-de-rechten-van-de-mens.pdf,1,"VOOR D RCHTN VAN D MNS INANCIËL VALUATI COLLG VOOR D RCHTN VAN D MNS Colofon Het onderzoek is – in opdracht van het Wetenschappelijk Onderzoek- en Documentatie- centrum van het ministerie van Veiligheid en Justitie – uitgevoerd door Pro acto, bureau voor bestuurskundig en juridisch onderzoek, advies en onderwijs.",Everyday Racism & Modern Racial Inequality,1.0
tk-bijlage-financiele-evaluatie-college-voor-de-rechten-van-de-mens.pdf,29,"De A-status wordt ver- leend wanneer een instituut volledig in overeenstemming met de Paris Principles opereert. Deze status geeft onder meer toegang tot en spreekrecht op verschillende VN-gremia. Van de meer dan honderd NHRI’s zijn er inmiddels ruim zestig volledig geaccrediteerd. De Paris Principles bevatten de voorwaarden waaraan een nationaal mensenrechteninstituut dient te voldoen om aanspraak te kunnen maken op accreditatie door het ICC. Om de A-status te verwerven dient een nationaal mensenrechteninstituut een zo breed mogelijk, wettelijk vastgelegd mandaat te hebben ten aanzien van het beschermen en bevorderen van men- senrechten.",Everyday Racism & Modern Racial Inequality,1.0
tk-bijlage-financiele-evaluatie-college-voor-de-rechten-van-de-mens.pdf,30,Ook de taken van het instituut en de voorwaarden van een pluriforme samen- stelling en van een onafhankelijke positie van het instituut zijn in de Paris Principles be- schreven. Voldoende financiën voor een eigen staf en behuizing en een financieel onafhankelijke positie ten opzichte van de nationale regering maakt hier uitdrukkelijk on- derdeel van uit. In mei 2014 verleende het ICC aan het College de A-status. Het College is een zelfstandig bestuursorgaan en bestaat uit een voorzitter en acht leden. Daarnaast zijn negen plaatsvervangend collegeleden benoemd.,Everyday Racism & Modern Racial Inequality,1.0
tk-bijlage-financiele-evaluatie-college-voor-de-rechten-van-de-mens.pdf,34,"Doelen, taken en ambities Het College heeft een breed mandaat, waarbij de wettelijke taken nauw aansluiten bij de in de Paris Principles verwoorde competenties en verantwoordelijkheden. Samenvattend zijn de taken van het College als volgt te clusteren: 1. Oordelend: onderzoek op het specifieke terrein van gelijke behandeling / oordelen 2.",Everyday Racism & Modern Racial Inequality,1.0
tk-bijlage-financiele-evaluatie-college-voor-de-rechten-van-de-mens.pdf,36,"De oordelende taak van het College is vraaggestuurd, dat wil zeggen dat de feitelijke omvang van de uitvoering van de met deze taak samenhangende activiteiten wordt bepaald door de vraag naar die activiteiten. Dit betreft met name de vragen die binnenkomen bij de frontof- fice en het afhandelen van de verzoeken om oordelen. De adviserende en normerende taken van het College zijn niet vraaggestuurd. Het College had (overeenkomstig de Paris Principles) een grote vrijheid om keuzes te maken voor wat betreft de invulling die het aan de uitvoering van deze wettelijke taken wil geven. Tijdens het oprichtingsproces van het College is anderhalf jaar intensief gewerkt om invulling te geven aan het brede mandaat dat de wetgever aan het College had verleend.",Everyday Racism & Modern Racial Inequality,1.0
tk-bijlage-financiele-evaluatie-college-voor-de-rechten-van-de-mens.pdf,44,De voorzitter van het College heeft in een aantal brieven en overleggen haar zorgen geuit over het afnemende budget. Uit interviews blijkt dat het standpunt van het departe- ment is dat de bezuinigingen voor alle onderdelen van de Rijksoverheid geldt en dat er geen reden is om het College voor de Rechten van de Mens daarvan uit te sluiten. De financiële verantwoording van het College aan het beheersdepartement verloopt vol- gens de reguliere departementsbrede P&C-cyclus.,Everyday Racism & Modern Racial Inequality,1.0
tk-bijlage-financiele-evaluatie-college-voor-de-rechten-van-de-mens.pdf,48,"De centrale vraag van dit onderzoek luidde of de financiële middelen waarover het College kan beschikken, toereikend zijn om alle taken die voortvloeien uit de wet en internationale verdragen adequaat te verrichten. en definitief antwoord op deze vraag is principieel niet te geven: er is geen maatstaf beschikbaar om vast te stellen of de taken toereikend worden uitgevoerd. Het brede mandaat en de zelfstandige positie van het College brengen met zich mee dat het College zelf de uitmaakt wat een adequate uitvoering is. Het ICC (de accredite- rende instantie) is de enige autoriteit die gezaghebbend kan beoordelen of een nationale mensenrechtenorganisatie als het College voor de Rechten van de Mens functioneert in overeenkomst met de verdragsrechtelijke verplichtingen zoals die vervat zijn in de Paris Principles.",Reparations & Justice,1.0
tk-bijlage-financiele-evaluatie-college-voor-de-rechten-van-de-mens.pdf,55,"Het stelsel van NHRI’s is nauw verbonden met de taken en verant- woordelijkheden op het gebied van mensenrechten van de Human Rights Council van de (HRC) van de Verenigde Naties. Het ICC is een belangrijke schakel tussen de NHRI’s en de HRC en andere VN instellingen, maar is zelf formeel geen onderdeel van de VN.1 De accredi- tatie door het ICC kan een NHRI een A-, B- of C-status toekennen. De A-status wordt ver- leend wanneer een NHRI volledig in overeenstemming met de Paris Principles opereert en geeft onder meer toegang en spreekrecht op verschillende VN-gremia. In 2012 werd het College voor de Rechten van de Mens opgericht (hierna het College of CRM), dat in Neder- land als NHRI fungeert.",Dehumanization & Scientific Racism,1.0
tk-bijlage-financiele-evaluatie-college-voor-de-rechten-van-de-mens.pdf,56,"In mei 2014 kreeg het College de A-status binnen het ICC. Het College is een zelfstandig bestuursorgaan (ZBO) en bestaat uit een voorzitter en acht leden. Daarnaast zijn negen plaatsvervangend collegeleden benoemd. Het College wordt geadviseerd door een Raad van Advies bestaande uit een voorzitter en negen leden. De voorzitter van de Raad voor de Rechtspraak, de Nationale ombudsman en de voorzitter van het College bescherming persoonsgegevens zijn vaste leden van de Raad van Advies.",Everyday Racism & Modern Racial Inequality,1.0
tk-bijlage-financiele-evaluatie-college-voor-de-rechten-van-de-mens.pdf,59,"Volgens deze principes dient een nationaal mensenrechteninstituut een zo breed mogelijk, wettelijk vastgelegd, mandaat te hebben ten aanzien van het beschermen en be- vorderen van mensenrechten. Ook de taken van het instituut en de voorwaarden voor een pluriforme samenstelling en de onafhankelijke positie van het instituut zijn vastgelegd in de Paris Principles. Voldoende financiering voor een eigen staf en behuizing en een financieel onafhankelijke positie ten opzichte van de nationale regering maakt hier uitdrukkelijk on- derdeel van uit. Voorts schrijven de Paris Principles een aantal zaken met betrekking tot de methoden en werkwijzen van het nationale instituut voor en geeft het enkele aanvullende principes voor nationale instituten die een quasi juridische bevoegdheid hebben in de be- oordeling van individuele zaken en klachten. 1.2",Everyday Racism & Modern Racial Inequality,1.0
beleidsdoorlichting-natuur-en-regio.pdf,23,"Het gaat dan vooral om het natuurinclusief ondernemen, dat gericht is op het vergroten van het natuurlijke kapitaal met zowel nationale effecten (bijvoorbeeld grondgebonden landbouw) als ook internationale effecten (verkleinen ecologische voetafdruk door andere kringlopen). Dat beleid versterkt de relatie tussen natuur en economie. 3 52670 Behoud biodiversiteit (18.3) Nederland heeft zich gecommitteerd aan internationale doelen voor biodiversiteit, gebruikswaarde en beleving van de natuur.",Everyday Racism & Modern Racial Inequality,1.0
beleidsdoorlichting-natuur-en-regio.pdf,31,"3. De variant Schaven houdt een generieke reductie in van vrijwel alle uitgavenposten. Bij het doorrekenen van de varianten is gebleken dat voor het natuurbeleid de gewenste reductie behaald kan worden met variant 3 of door een combinatie van variant 1, 2 en 3. Bij variant 1 worden gebiedsgerichte projecten zoals NURG en Mainport Rotterdam en het afwikkelen van de rente en aflossing van leningen overgedragen aan provincies met een korting op het budget. Bij variant 2 wordt het nog niet verplichte budget voor de natuurvisie en natuurlijk ondernemen geschrapt.",Everyday Racism & Modern Racial Inequality,1.0
beleidsdoorlichting-natuur-en-regio.pdf,32,"Bij variant 3 worden de (resterende) instrumenten evenredig gekort. r is ook een analyse gemaakt van de mogelijkheden voor intensivering van beleid, rekening houdend met de geconstateerde maatschappelijke opgaven of ‘beleidstekorten’ en kansen. Bij intensivering van ruimtelijk economisch beleid kan een instrument ontwikkeld worden voor programmadoorsnijdende RO-projecten of kunnen regionale kennis hubs versterkt worden waarin bedrijven en kennisinstellingen samenwerken. Tot slot kan met extra middelen de (huidige) innovatiebijdrage aan de ROM’s gecontinueerd worden. Intensivering van het natuurbeleid zou logischerwijs ingrijpen op beleidstekorten ten aanzien van het verbeteren van de milieucondities (versterken PAS), aanpak van beleidstekorten ten aanzien van de weidevogelstand en op kansen voor het laten meeliften van het natuurbeleid op de waterveiligheids- en zoetwateropgave, waarbij de ambities zijn vastgelegd in de Natuurambitie Grote Wateren.",Everyday Racism & Modern Racial Inequality,1.0
beleidsdoorlichting-natuur-en-regio.pdf,55,"Denk hierbij bijvoorbeeld met betrekking tot een concurrerende ruimtelijke economische structuur aan de inspanningen gericht op het versterken van randvoorwaarden voor topsectoren (artikel 12) of voor het natuurbeleid aan de inspanningen in het kader van de Kaderrichtlijn Water (Ministerie van Infrastructuur en Milieu) of beleid gericht op armoedebestrijding (Ministerie van Buitenlandse Zaken). De staatssecretaris wil de resultaten van de doorlichting kunnen gebruiken om te bepalen hoe het Ministerie de vele maatschappelijke voordelen van een robuuste en veelzijdige natuur nog beter kan benutten. Alhoewel alle onderdelen van het artikel een plek dienen te krijgen in de beleidsdoorlichting ligt de focus van de beleidsdoorlichting daarom op drie onderwerpen die betrekking hebben op het natuurbeleid: 1. De integratie van natuurbeleid met andere beleidsopgaven, zoals landbouw, waterveiligheid, economische bedrijvigheid en gezondheid, waarbij wordt aangesloten op de energieke samenleving (onderdeel van artikel 18.2).",Everyday Racism & Modern Racial Inequality,1.0
beleidsdoorlichting-natuur-en-regio.pdf,61,Voor het natuurbeleid worden de bereikte maatschappelijke effecten van beleid goed gemonitord. In een aparte factsheet zijn deze bereikte maatschappelijke effecten beschreven. De opgestelde factsheets zijn gebruikt bij de beschrijving van de doeltreffendheid en doelmatigheid van de individuele instrumenten en het beleid in zijn totaliteit in hoofdstuk 4. De factsheets zijn niet opgenomen in het rapport. en literatuurlijst is opgenomen in bijlage 1.,Everyday Racism & Modern Racial Inequality,1.0
het-lokale-referendum-in-nederland.pdf,11,"dat referenda een ongebruikelijke praktijk zijn in de lokale democratie. Op lokaal niveau is er in Nederland sprake van een gevarieerde en aanhoudende referendumpraktijk. Sinds 1906 zijn er 193 lokale referenda georganiseerd. Verreweg de meeste referenda vonden plaats na de jaren negentig van de vorige eeuw.3 Ondanks dit aanzienlijke aantal lokale referenda en de verwachting dat dit aantal alleen maar zal blijven stijgen,4 ontbreekt het op dit moment aan (systematisch verkregen) kennis over de belangrijkste kenmerken en ontwikkeling van het lokale referendum in Nederland.",Everyday Racism & Modern Racial Inequality,1.0
het-lokale-referendum-in-nederland.pdf,18,"– ieder jaar lokale referenda uitgeschreven. Verder zijn er tal van gemeenten waarin al dan niet concrete plannen zijn voor het organiseren van een lokaal referendum. 5 Zie voor individuele casebeschrijvingen en evaluaties: Saris, W.., Neijens, P., & Slot, J.J.M. (red.). (1992).",Everyday Racism & Modern Racial Inequality,1.0
het-lokale-referendum-in-nederland.pdf,27,"een rechtsvergelijkende studie (dissertatie Rijksuniversiteit Leiden, Nederland). Alphen aan den Rijn: Samsom; Butler, D., & Ranney, A. (ds.). (1994). Referendums around the World: The Growing Use of Direct Democracy. Houndmills: Macmillan Press",Dehumanization & Scientific Racism,1.0
het-lokale-referendum-in-nederland.pdf,28,"Ltd; Qvortrup, M. (d.). (2014). Referendums around the World: The Continued Growth of Direct Democracy. Houndmills: Palgrave Macmillan Ltd; Loughlin, J., Hendriks, .",Dehumanization & Scientific Racism,1.0
het-lokale-referendum-in-nederland.pdf,31,"Voor deze verkenning wordt gebruik gemaakt van een literatuurstudie en een dataset die is samengesteld door middel van uitgebreid archiefonderzoek.6 Op basis van eigen onderzoek naar lokale referenda in Nederland bleek dat de reeds bestaande en veel gehanteerde dataset van referendumplatform.nl op een aantal punten onjuist en onvolledig is. Zo worden niet alle lokale referenda in de dataset genoemd en is de hoeveelheid getoonde data beperkt. Vanwege het gebrek aan informatie zijn wij zelf een inventarisatie gestart naar de lokale referendumsituatie in Nederland. Via de zoekfunctie van LexisNexis is gezocht in krantenartikelen naar: ‘lokale referenda’, ‘referendum’, ‘volksraadpleging(en)’, ‘burgerraadpleging(en)’ en ‘volksinitiatief’.",Everyday Racism & Modern Racial Inequality,1.0
het-lokale-referendum-in-nederland.pdf,42,"De Bataafse Staatsregeling werd op 23 april 1798 in een nationaal referendum voorgelegd aan de stemgerechtigden, nadat de kieslijsten waren gezuiverd van (potentiële) tegenstanders. Onder deze omstandigheden pakte het referendum ditmaal positief uit; de Bataafse Staatsregeling werd goedgekeurd met 153.913 stemmen voor en 11.597 stemmen tegen.10 De ransen waren ontevreden over de implicaties van Bataafse Staatsregeling van 1798. Deze ontevredenheid hing onder meer samen met de trage inzet van troepen en de lage afdracht van gelden door de Bataafse Republiek.",Everyday Racism & Modern Racial Inequality,1.0
het-lokale-referendum-in-nederland.pdf,59,"Ten vierde, het referendum was in strijd met het idee van politieke partijvorming. Ten vijfde, het referendum was volgens de staatscommissie onverenigbaar met de grondgedachte van de Nederlandse staatsinrichting.16 In het uiteindelijke wijzigingsvoorstel van de Grondwet, dat in 1921 door het kabinet werd ingediend, was enkel het verplichte referendum bij een grondwetswijziging in overweging genomen. Hoewel een aantal amendementen werd ingediend aangaande de invoering van het referendum, kreeg het voorstel voor een verplicht referendum uiteindelijk onvoldoende steun. Opvallend was dat de oorspronkelijke pleitbezorger van het referendum, de SDAP’er Troelstra, zich in deze periode tegen het referendum had gekeerd.",Reparations & Justice,1.0
het-lokale-referendum-in-nederland.pdf,78,"Na afloop van de Tweede Wereldoorlog werd de discussie over het referendum weer aangezwengeld door staatsrechtgeleerden als Oud, Van den Bergh en Belinfante. Van concrete acties was op dat moment geen sprake. De prioriteit lag in die periode bij de wederopbouw van Nederland. Het referendum kwam wel ter sprake bij de discussies over de grondwetswijzigingen van 1946 en 1953, maar het werd niet gezien als een serieuze optie voor in het Nederlandse bestel.19 In deze periode kwam het referendum ook niet meer voor in de programma’s van de verschillende Nederlandse politieke partijen.20",Everyday Racism & Modern Racial Inequality,1.0
het-lokale-referendum-in-nederland.pdf,84,"ind maart 1971 bracht deze commissie, in de wandelgangen ook wel bekend als de commissie-Cals/Donner, haar eindrapport uit. De commissie was in meerderheid tegen de introductie van het referendum en volksinitiatief. Acht van de zeventien commissieleden waren wel voorstander van een grondwetsbepaling die het facultatief bindend referendum in de Nederlandse rechtsorde moest introduceren. Hoewel een meerderheid van de commissie zich tegen het referendum keerde, lukte het wel overeenstemming te bereiken over een grondwetsontwerp indien de regering toch zou besluiten tot invoering van het referendum.24 In de kern behelsde het voorstel van de staatscommissie het volgende. en door beide Kamers aanvaard wetsontwerp mocht niet worden bekrachtigd als bij een referendum een meerderheid van de kiezers zich tegen het wetsontwerp uitsprak.",Reparations & Justice,1.0
het-lokale-referendum-in-nederland.pdf,85,Deze meerderheid moest ten minste 30% van het totale aantal kiesgerechtigden omvatten.25 Het kabinet-Den Uyl volgde de conclusies van de staatscommissie op en nam zowel het referendum als het volksinitiatief niet mee in het definitieve grondwetsontwerp.26 2.4 De commissie relatie kiezers-beleidsvorming Tijdens de behandeling van het grondwetsontwerp werd in tweede lezing door verschillende partijen kritiek geuit op de voorstellen. en van de kernpunten van de kritiek was dat te weinig gedaan werd aan de aloude tekortkomingen van het politieke stelsel.27 Als bijkomende gebeurtenis diende het actiecomité Referendum:,Everyday Racism & Modern Racial Inequality,1.0
het-lokale-referendum-in-nederland.pdf,87,In het onderzoek werden nadrukkelijk buitenlandse ervaringen met beide fenomenen betrokken. In december 1985 presenteerde de commissie haar eindrapport. De commissie was unaniem voor de invoering van het facultatief bindend referendum op nationaal en decentraal niveau. Wel adviseerde de commissie om enkele 23 ‘Constitutionele commissies. Commissie-Cals/Donner’.,Everyday Racism & Modern Racial Inequality,1.0
scp-rapport-roemeense-migranten.pdf,8,"www.scp.nl info@scp.nl De auteurs van scp-publicaties zijn per e-mail te benaderen via de website. Daar kunt u zich ook kosteloos abonneren op elektronische attendering bij het verschijnen van nieuwe uitgaven. Inhoud De webversie van deze publicatie wijkt in opmaak iets af van de gedrukte, papieren versie.",Everyday Racism & Modern Racial Inequality,1.0
scp-rapport-roemeense-migranten.pdf,41,"Ook ngber- sen et al. (2011) constateerden dit in hun onderzoek onder Roemenen van enkele jaren geleden. Maar liefst 55% van de niet-schoolgaande Roemenen heeft een hoog opleidings- niveau (hbo/wo-niveau) en 26% heeft een middelbaar opleidingsniveau (havo/vwo/mbo- niveau). en op de vijf is laagopgeleid (max. vbo/mavo-niveau). Hiermee scoren ze hoger dan de toch goed opgeleide Poolse groep, die veel vaker in de middelste categorie zit. Net als bij de Poolse groep in Nederland, zien we bij Roemenen dat de vrouwen hoger zijn opgeleid dan de mannen.",Everyday Racism & Modern Racial Inequality,1.0
scp-rapport-roemeense-migranten.pdf,44,"Iets meer dan 10% van de onderzochte Roemenen woont in een hostel, pension of bungalowpark. Bijna de helft van de Roemeense migranten deelt de woning met niet-familieleden, vooral degenen die in pensions en bungalowparken wonen. Bijna een op de vijf Roemenen geeft aan alleen te wonen en ruim een kwart deelt de woning met familieleden. Het is niet verrassend dat stu- denten en arbeidsmigranten vaker de woning met niet-familieleden delen, terwijl gezins- migranten vaker de woonruimte delen met familieleden (en nauwelijks met anderen erbij). De meerderheid van de Roemeense migranten heeft een woning betrokken die eigendom is van een particuliere verhuurder.",Everyday Racism & Modern Racial Inequality,1.0
scp-rapport-roemeense-migranten.pdf,72,"wat vaker werk hebben (en vanzelfsprekend een hogere beroepsstatus en daarmee samenhangend een hogere tevredenheid met het inkomen), maar ook hier is het verschil niet groot. Wel zien we dat de laagopgeleide Roemenen min- der vaak vaste contracten hebben en vaker op onregelmatige tijden en meer uren werken. Laagopgeleide Roemenen werken frequenter als zelfstandige. De gerichtheid op Nederland (in contact, mediagebruik en politieke interesse) verschilt niet noemenswaardig naar opleidingsniveau.",Everyday Racism & Modern Racial Inequality,1.0
evaluatie-plan-veiligheid-nederlandse-antillen-en-gevangeniswezen-nederlandse-antillen.pdf,3,"Nedworc oundation and its subcontractors endeavor to provide reliable analysis and believe that the information presented in this report is accurate, neither",Dehumanization & Scientific Racism,1.0
evaluatie-plan-veiligheid-nederlandse-antillen-en-gevangeniswezen-nederlandse-antillen.pdf,30,Landelijke Politie Diensten KMar - Koninklijke Marechaussee KPB - Korps Politie,Everyday Racism & Modern Racial Inequality,1.0
evaluatie-plan-veiligheid-nederlandse-antillen-en-gevangeniswezen-nederlandse-antillen.pdf,42,"De Terms of Reference voor het onderzoek zijn opgenomen in bijlage 1. erdere evaluaties Over PVNA en over de in relatie met dat plan genomen maatregelen ter verbetering van de rechtshandhaving is al een aantal rapporten uitgebracht. r is een interim evaluatie van PVNA (inclusief Gevangeniswezen Nederlandse Antillen projecten) uit 2010. In deze tussentijdse evaluatie zijn aanbevelingen opgenomen per institutie (Hof van Justitie, Openbaar Ministerie, Politie, Gevangeniswezen, ICT en HRM-project). In bijlage 4 zijn de aanbevelingen opgenomen en een beoordeling wat er met deze aanbevelingen is gedaan.",Everyday Racism & Modern Racial Inequality,1.0
evaluatie-plan-veiligheid-nederlandse-antillen-en-gevangeniswezen-nederlandse-antillen.pdf,48,"Het Ministerie van Binnenlandse Zaken en Koninkrijksrelatie (BZK) heeft opdracht gege- ven tot een eindevaluatie van PVNA-GWNA. In totaal is NA 206 miljoen besteed aan de uitvoering van de projecten. NA 137 hiervan stond onder beheer van USONA de uitvoeringsorganisatie met vestigingen op Curaçao en Sint Maarten die projectvoorstellen toetste aan het programma, de uitvoering monitorde en zorgde voor het financiële beheer. NA 69 miljoen was de vergoeding voor de kosten van bijstand door Nederlandse politiemensen en leden van de Koninklijke Marechaussee in het atrako-team; het team dat werd gevormd ter bestrijding van de golf van gewelddadige roofovervallen op Cura- çao. Uitvoering van de evaluatie",Everyday Racism & Modern Racial Inequality,1.0
evaluatie-plan-veiligheid-nederlandse-antillen-en-gevangeniswezen-nederlandse-antillen.pdf,51,"Veiligheid Nederlandse Antillen en Gevangeniswezen Nederlandse Antillen met behulp van de Neder- landse financiering bij hebben gedragen aan: - een verbetering van de veiligheidssituatie op alle eilandgebieden van de Nederlandse Antillen, - de optimalisering van het vreemdelingenproces, - een duurzame verbetering en versterking van de bedrijfsvoering van bedoelde institu- ten, en 8 - het structureel veilig maken voor personeel en gedetineerden van het gevangeniswe- zen op de Nederlandse Antillen waarbij de inrichtingen structureel voldoen aan de in- ternationale regelgeving (CPT-normen). Daarnaast is de evaluatie bedoeld voor het Ministerie van Binnenlandse Zaken en Koninkrijks- relaties en de Ministeries van Justitie van Curaçao en van Sint Maarten om een beeld te kunnen vormen van, en lessen te kunnen trekken uit, de werkwijze van de programma’s PVNA en GWNA (zowel op effectiviteit als op efficiëntie) wat betreft: - het projectbureau en een uitvoeringsorganisatie en - de lange doorlooptijd bestaande uit drie fases. C. PVNA-GWNA",Everyday Racism & Modern Racial Inequality,1.0
evaluatie-plan-veiligheid-nederlandse-antillen-en-gevangeniswezen-nederlandse-antillen.pdf,53,"verbeteren van de veiligheidssituatie op alle eilandgebieden. 2. duurzame verbetering van de bedrijfsvoering van de rechtshandhaving. Het PVNA bundelde een aantal al genomen beleidsinitiatieven van de regering van de Neder- landse Antillen (hierna NA) en ook van Nederland. Zo vormden functionarissen van de Konin- klijke Marechaussee (KMar), het Korps Landelijke Politiediensten (KLPD) en van de Nederlands Antilliaanse politiekorpsen het zogenaamde atrako-team4 om het aantal roofovervallen te verminderen en zijn in 2005 gemeenschappelijke grenscontroleteams gestart.",Everyday Racism & Modern Racial Inequality,1.0
evaluatie-plan-veiligheid-nederlandse-antillen-en-gevangeniswezen-nederlandse-antillen.pdf,54,"Het PVNA concretiseerde daarnaast de afspraken die tussen de regeringen van Nederland en de Neder- landse Antillen al waren gemaakt op het terrein van de rechtshandhaving. PVNA1 liep van december 2005 tot en met 2007. Omdat het versterken van de duurzame bedrijfsvoering in de rechtshandhavingsketen meer tijd en geld vergde dan voorzien was werd PVNA1 in januari 2008 gevolgd door PVNA2 dat geheel gericht was op deze bedrijfsvoering. De instituties uit de veiligheidsketen waar PVNA zich op richtte waren: het Gemeenschappelijke Hof van Justitie (Hof), het Openbaar Ministerie (OM), de Politie, het Gevangeniswezen (GWNA) en de Vreemdelingenketen. PVNA2 had een oorspronkelijke looptijd van twee jaar (2008 en 2009) maar werd uiteindelijk verlengd tot en met 31 december 2011.",Everyday Racism & Modern Racial Inequality,1.0
evaluatie-plan-veiligheid-nederlandse-antillen-en-gevangeniswezen-nederlandse-antillen.pdf,62,"Bevindingen preventie, resocialisatie, zelfredzaamheid Binnen de trajecten preventie, resocialisatie en zelfredzaamheid zijn 8 projecten uitgevoerd. De kosten van de uitvoering bedroegen NA 3,1 miljoen, dat is 2,3% van PVNA uitgaven beheerd door USONA. Van de geformuleerde doelstellingen binnen deze drie trajecten zijn er geen behaald. Conclusie preventie, resocialisatie, zelfredzaamheid",Everyday Racism & Modern Racial Inequality,1.0
evaluatie-plan-veiligheid-nederlandse-antillen-en-gevangeniswezen-nederlandse-antillen.pdf,63,"Het bedrag uitgegeven aan deze trajecten is zo gering en de ambitie was zo groot dat gecon- cludeerd moet worden dat van de beoogde integrale aanpak tussen preventie, repressie, resocialisatie en zelfredzaamheid, ter verbetering van de veiligheidssituatie op alle eilandgebie- den, weinig tot niets terecht is gekomen. De effectiviteit van de handvol uitgevoerde projecten is beperkt, over duurzaamheid en impact kunnen door ontbreken van informatie geen uitspraken worden gedaan anders dan dat deze ten opzichte van de oorspronkelijke ambitie beperkt zal zijn. 2. Optimalisering van het vreemdelingenproces valuatievraag In hoeverre hebben de PVNA-projecten met behulp van Nederlandse financiering bijgedragen aan de optimalisering van het vreemdelingenproces?",Everyday Racism & Modern Racial Inequality,1.0
evaluatie-plan-veiligheid-nederlandse-antillen-en-gevangeniswezen-nederlandse-antillen.pdf,64,"Bevindingen Het budget besteed aan het optimaliseren van het vreemdelingenproces bedraagt NA 8,5 miljoen. Dat is 6,2% van de totale PVNA/GWNA-uitgaven beheerd door USONA. Doel van het optimaliseren van het vreemdelingenproces, dat gericht was op de toelatingsorga- nisaties (TO’s), was het ontwikkelen en implementeren van een nieuw, transparant en verant- woord migratiebeleid. r moest daarnaast (doelstelling PVNA2) een volledige nieuwe toela- tingsorganisatie komen met transparante procedures en registratiesystemen en mondiale aanhaking.",Everyday Racism & Modern Racial Inequality,1.0
evaluatie-plan-veiligheid-nederlandse-antillen-en-gevangeniswezen-nederlandse-antillen.pdf,65,"10 De doelstellingen zijn gedeeltelijk gerealiseerd (effectiviteit). r zijn nieuwe TO’s op alle eilan- den gerealiseerd. Ook de systematiek van beoordeling en verwerken van toelatingsaanvragen is geautomatiseerd en verbeterd. De systemen kunnen nu over toelating of uitzetting beslissen, zonder tussenkomst van personen.",Everyday Racism & Modern Racial Inequality,1.0
evaluatie-plan-veiligheid-nederlandse-antillen-en-gevangeniswezen-nederlandse-antillen.pdf,71,Ook is een financieel beheer en management systeem geïntro- duceerd en de organisatie werd opnieuw vormgegeven. De bedrijfsvoering is onder een afzon- derlijke leidinggevende geplaatst. Alle beoogde resultaten zijn behaald (effectiviteit). Implementatie vond binnen geplande looptijd en budget plaats en was daarmee efficiënt. Dit kwam vooral door de ervaren projectleiding die bekend was met rechtspraak en verandermanagement.,Everyday Racism & Modern Racial Inequality,1.0
evaluatie-plan-veiligheid-nederlandse-antillen-en-gevangeniswezen-nederlandse-antillen.pdf,72,"De behaalde resultaten lijken duurzaam maar worden wel bedreigd door niet steeds tijdige betaling van de noodzakelijke bijdragen door de Landen. Het is aannemelijk dat het bedrijfsmatig goed functioneren van het Hof een belangrijke impact heeft op het functioneren van de rechtspraak in de aangesloten Landen. 11 Conclusie De succesvolle uitvoering van projecten gericht op de verbetering en versterking van personele samenstelling, personeelsbeleid, ICT, financieel beheer, management en huisvesting hebben geresulteerd in een duurzame verbetering en versterking van de bedrijfsvoering van het Ge- meenschappelijk",Everyday Racism & Modern Racial Inequality,1.0
evaluatie-plan-veiligheid-nederlandse-antillen-en-gevangeniswezen-nederlandse-antillen.pdf,74,"NA 3,1 miljoen is uitgegeven voor de bedrijfsvoering van het OM. Dat is 2,2% van de PVNA uitgaven beheerd door USONA. Doelstelling voor het parket van het OM was het optuigen van een zodanig niveau van bedrijfs- voering dat zij haar wettelijke taken wat betreft opsporing en vervolging van strafbare feiten kan vervullen. r is een breed traject uitgevoerd gericht op alle aspecten van de bedrijfsvoering. en perso- neelsbeleid en personeelsbeheerssysteem werd opgezet.",Everyday Racism & Modern Racial Inequality,1.0
evaluatie-plan-veiligheid-nederlandse-antillen-en-gevangeniswezen-nederlandse-antillen.pdf,76,"De bedrijfsvoering is versterkt o.a. door de uitgevoegde projecten (effectiviteit). In alle PIOAH elementen (personeel, informatie, organisatie, financiën, administratieve organisatie en huisves- ting), nodig voor een goed werkend OM, is behoorlijk goed voorzien. De gemaakte inhaalslag is deels ook buiten het PVNA-budget om door Nederland bekostigd. De ontwikkelde computer applicaties werken nog niet allemaal goed (bijvoorbeeld de PRIM-applicatie) of worden niet door alle aangesloten Landen gebruikt. Het OM is efficiënt opgezet.",Everyday Racism & Modern Racial Inequality,1.0
evaluatie-plan-veiligheid-nederlandse-antillen-en-gevangeniswezen-nederlandse-antillen.pdf,77,"De parketten ressorteren onder één PG en maken grotendeels gebruik van dezelfde ICT-infrastructuur. Het traject heeft wat vertraging gekend doordat de werving van het hoofd bedrijfsvoering moeizaam verliep. Het is aannemelijk dat het bedrijfsmatig goed functioneren van het OM een belangrijke impact heeft op de opsporing van criminelen en de vervolging van strafbare feiten in de aangesloten Landen. Conclusie De succesvolle uitvoering van de projecten gericht op de verbetering en versterking van personeel, informatie, organisatie, financiën, administratieve organisatie en huisvesting en ICT hebben geresulteerd in een duurzame verbetering en versterking van de bedrijfsvoering van het OM.",Everyday Racism & Modern Racial Inequality,1.0
evaluatie-plan-veiligheid-nederlandse-antillen-en-gevangeniswezen-nederlandse-antillen.pdf,80,"De bedrijfsvoering van het KPC is ondanks alle uitgevoerde projecten nauwelijks verbeterd (geringe effectiviteit). r is op onderdelen wel vooruitgang geboekt. Gebouwen zijn verbeterd en bedrijfsvoering als onderdeel van het management is nu geaccepteerd en ingevoerd. Realisatie van redelijke niveaus voor de andere PIOAH onderdelen is niet gelukt door o.a. een gebrek aan middelen, de stilstand in de projecten tussen 2010 en 2013, de financiële problemen van het Land na 10-10-’10 tot eind 2013 en het geringe draagvlak voor verandering binnen het korps. De activiteiten zijn niet efficiënt uitgevoerd.",Everyday Racism & Modern Racial Inequality,1.0
evaluatie-plan-veiligheid-nederlandse-antillen-en-gevangeniswezen-nederlandse-antillen.pdf,82,"Duurzaamheid van de wel behaalde resultaten is een probleem, vooral wegens gebrek aan financiële middelen. De frequente wisseling van ministers en korpsleiding verkleint de geloof- waardigheid van reorganisatie-initiatieven. Het is aannemelijk dat het niet realiseren van de beoogde verbeteringen in de bedrijfsvoering van het KPC een negatieve impact heeft op de veiligheidssituatie op Curaçao. Conclusie Ondanks het grote aantal uitgevoerde projecten en het aanzienlijke bedrag dat daaraan is uitgegeven is er geen sprake van een duurzame verbetering van de bedrijfsvoering van het KPC. 6.",Everyday Racism & Modern Racial Inequality,1.0
evaluatie-plan-veiligheid-nederlandse-antillen-en-gevangeniswezen-nederlandse-antillen.pdf,89,"De politie korpsen op Sint Maarten, Saba en Sint ustatius valuatievraag In hoeverre hebben de projecten van PVNA, met behulp van bijdragen van de Nederlandse financiering, bijgedragen aan een duurzame verbetering en versterking van de bedrijfsvoering van de politiekorpsen op Sint Maarten, Saba en Sint ustatius? Bevindingen NA 11,2 miljoen is uitgegeven voor het verbeteren van de bedrijfsvoering van de politie op Sint Maarten, Saba en Sint ustatius. Dat is 8,1% van de PVNA uitgaven die door USONA werden beheerd. Algemeen doel voor het KPSSS was de verbetering van de bedrijfsvoering van het korps op alle PIOAH onderdelen (personeel, informatie, organisatie, financiën, administratieve organisatie en huisvesting).",Everyday Racism & Modern Racial Inequality,1.0
evaluatie-plan-veiligheid-nederlandse-antillen-en-gevangeniswezen-nederlandse-antillen.pdf,90,"Met deze NA 11,2 miljoen zijn verschillende projecten uitgevoerd. Projecten voor de verbete- ring en nieuwbouw van de huisvesting van korpsdivisies op Saba en Sint ustatius, trainingen voor personeel van KPSSS, een groot bedrijfsvoeringstraject voor KPSSS, de centrale meld- kamer op Sint Maarten en een integriteitstraining voor alle justitiële diensten op Sint Maarten. De beoogde resultaten in alle projecten zijn grotendeels bereikt (effectiviteit). Ook de efficiëntie van de uitvoering was toereikend voor zover dit kon worden beoordeeld door de evaluatoren vooral uit verschillende interviews. De duurzaamheid van de investeringen in politiehuisvesting op Saba en Sint ustatius is nu in Nederlandse handen.",Everyday Racism & Modern Racial Inequality,1.0
evaluatie-plan-veiligheid-nederlandse-antillen-en-gevangeniswezen-nederlandse-antillen.pdf,91,De investeringen in trainingen van medewerkers en in de meldkamer op Sint Maarten lijken ook duurzaam. Uit interviews blijkt dat Sint Maarten in staat is om de nood- zakelijke investeringen zelf te bekostigen. Daartoe bestaat ook de ambitie. 14 De investeringen vanuit PVNA in duurzame verbetering van de bedrijfsvoering stammen uit 2007.,Everyday Racism & Modern Racial Inequality,1.0
evaluatie-samenwerkingsprogramma-s-sona-sint-maarten.pdf,10,"Conclusies Op basis van de gerealiseerde activiteiten in 66 projecten, de acht projecten die verdiepend onderzocht zijn, de beschikbare mid-term evaluaties en eindrapportages per programma, geven wij de volgende conclusies ten aanzien van de effectiviteit: 1. De hoofddoelstellingen van de samenwerkingsprogramma’s zijn gericht op het bereiken van een maatschappelijk effect en in ambitieuze en abstracte termen beschreven. Zo was het samenwerkingsprogramma IVB onder andere gericht op ‘het waarborgen van een duurzaam en deugdelijk bestuur’. In combinatie met het ontbreken van een nulmeting maakt dit het effect van de samenwerkingsprogramma’s moeilijk meetbaar.",Everyday Racism & Modern Racial Inequality,1.0
evaluatie-samenwerkingsprogramma-s-sona-sint-maarten.pdf,16,"Belangrijke randvoorwaarden voor het verbeteren van het onderwijs zijn gerealiseerd, zoals curriculumontwikkeling, verbeterde huisvesting, de opbouw van de zorgstructuur, digitale leerlingvolgsystemen, competentieontwikkeling van docenten en schoolleiders en de aanschaf van leermiddelen. c. Binnen het SI hebben de infrastructurele projecten geleid tot een betere verkeersdoorstroming en tot een verbetering van hemelwater- en afvalwaterafvoer. Diverse maatregelen hebben gezorgd voor het realiseren van randvoorwaarden voor economische diversificatie, zoals het ontwikkelde economisch model, het mededingingsbeleid, beleid ten aanzien van een hub voor financiële dienstverlening en training en coaching van bedrijven in de MKB-sector. Wij merken op dat op basis van het realisatiepercentage van projectactiviteiten geen uitspraken gedaan kunnen worden over de mate waarin programmadoelstellingen zijn gerealiseerd.",Everyday Racism & Modern Racial Inequality,1.0
evaluatie-samenwerkingsprogramma-s-sona-sint-maarten.pdf,27,"Wij hebben begrepen dat de overheid het vervolg project Nieuwe Belastingdienst fase 2 financiert om de inning- en heffingscapaciteit te vergroten. De ministeries werken met begrotingen waarmee de kerntaken kunnen worden gecontinueerd, basisregistraties en informatiesystemen kunnen blijven draaien en competenties verder kunnen worden ontwikkeld. b. De twee onderwijsprojecten uit het verdiepende onderzoek en de eindrapportages van OJSP- projecten laten zien dat de schoolbesturen vanuit de lumpsum subsidie de financiële duurzaamheid van de resultaten die behaald zijn onder het OJSP kunnen borgen, met uitzondering van groot onderhoud van de scholen. c.",Everyday Racism & Modern Racial Inequality,1.0
evaluatie-samenwerkingsprogramma-s-sona-sint-maarten.pdf,28,De financiële duurzaamheid van de infrastructurele werken uit het SI lijkt in redelijke mate geborgd te zijn vanuit het wegenbeheerplan en de jaarlijkse begroting voor onderhoud. Vanuit de overheid is er een substantiële bijdrage geleverd aan het SI voor het merendeel van de beleidsvelden. Uit het verdiepende onderzoek kwam naar voren dat de financieringsbehoefte van het toeristenbureau twee keer hoger ligt dan de jaarlijks toegekende subsidie. - PwC Pagina 6 van 98 3. De institutionele en beleidsmatige inbedding van kennis en ervaring laat een wisselend beeld zien:,Everyday Racism & Modern Racial Inequality,1.0
evaluatie-samenwerkingsprogramma-s-sona-sint-maarten.pdf,30,"De institutionele en beleidsmatige duurzaamheid is voor het OJSP grotendeels geborgd door de wettelijke verankering van het beleid met betrekking tot het O, VSBO en SBO. Verschillende beleidsterreinen, zoals het taalbeleid en leerlingzorg zijn wettelijk bij de schoolbesturen neergelegd en voor zover wij hebben kunnen zien zijn deze daar beleidsmatig ingebed. Voor het programma OJSP adviseert de Monitor van het programma OJSP om een actieplan op te stellen in relatie tot het bereiken van de doelstellingen met inzet van de speerpunten. en dusdanig actieplan draagt bij aan de duurzaamheid van het OJSP.",Everyday Racism & Modern Racial Inequality,1.0
evaluatie-samenwerkingsprogramma-s-sona-sint-maarten.pdf,31,"en dergelijk actieplan is nog niet opgesteld door de overheid van Sint Maarten. c. Beleidsmatige inbedding van (de resultaten van) de projecten in het beleid van de overheid bleek door de regelmatige politieke wisselingen op Sint Maarten een uitdaging. Zo heeft het SI-project ‘Zoning Sint Maarten’ last van de politieke wisselingen/ onduidelijkheid. Op ambtelijk niveau is dit project goed geborgd in de organisatie (VROMI), maar het beleidsmatig uitvoeren/implementeren van dit plan blijft liggen omdat de plannen nog in de vaststellingsprocedure zitten. Daar waar projecten directe, tastbare resultaten lieten zien bleek het beleid of de institutie goed in stand te houden zijn dan wel verder uit te bouwen.",Everyday Racism & Modern Racial Inequality,1.0
evaluatie-samenwerkingsprogramma-s-sona-sint-maarten.pdf,33,"Dit is een belangrijk neveneffect van de samenwerkingsprogramma’s geweest en heeft bijgedragen aan de institutionele duurzaamheid. Daar waar gewerkt is met mensen met een tijdelijk dienstverband of externe inhuur, is dit beduidend minder het geval. In de helft van de acht projecten uit ons verdiepend onderzoek zijn wij niet overtuigd van de borging van de institutionele en beleidsmatige duurzaamheid. Op basis van het verdiepende onderzoek van acht geselecteerde projecten concluderen wij over de efficiëntie van de samenwerkingsprogramma’s: 1.",Everyday Racism & Modern Racial Inequality,1.0
evaluatie-samenwerkingsprogramma-s-sona-sint-maarten.pdf,45,"Sint Maarten is inmiddels vijf jaar een autonoom land en nog steeds een land in opbouw. Wij bevelen de overheid van Sint Maarten aan om bij de start van nieuwe projecten gefinancierd uit de eigen begroting de doelstellingen specifiek, meetbaar en realistisch (dit laatste vast te stellen in overleg met stakeholders van projecten) te formuleren. Daarnaast bevelen wij aan voor toekomstige projecten een nulmeting uit te voeren naar de meetbare indicatoren van deze doelstellingen, zodat de uitgangspositie duidelijk is. Hiermee kan de overheid achteraf duidelijk maken of en welke resultaten daadwerkelijk behaald zijn en beter vaststellen welke omstandigheden hebben bijgedragen aan goede of juist slechte projectresultaten. Tevens bevelen wij de overheid van Sint Maarten aan om in de toekomst streng te selecteren welke onderdelen van de overheid aandacht moeten krijgen (in de vorm van geld en menskracht).",Everyday Racism & Modern Racial Inequality,1.0
evaluatie-samenwerkingsprogramma-s-sona-sint-maarten.pdf,46,"Door meer centrale regie te voeren op welke overheidsprojecten in de toekomst zullen worden uitgevoerd en focus aan te brengen, kan de effectiviteit, duurzaamheid en impact van overheidsprojecten worden vergroot. 3. Projecten die betrekking hebben op het realiseren van fysieke infrastructuur of het aankopen en in gebruik nemen van productiemiddelen, zijn goed te realiseren. Daar waar doelstellingen gericht zijn op interventies in menselijk gedrag (cultuur, organisatieverandering) blijkt de realisatie van doelstellingen lastiger te zijn. Wij bevelen de overheid van Sint Maarten aan vooraf nauwkeurig te bepalen wat de doelen en beoogde resultaten van een project zijn en de activiteiten in projecten zodanig vorm te geven dat die doelen en resultaten gehaald en gemonitord kunnen worden tijdens de projectuitvoering.",Everyday Racism & Modern Racial Inequality,1.0
evaluatie-samenwerkingsprogramma-s-sona-sint-maarten.pdf,49,"programmes for Curaçao and the public entities of Bonaire, Sint ustatius and Saba. This evaluation was commissioned by the Ministry of the Interior and Kingdom Relations (hereinafter: BZK).",Dehumanization & Scientific Racism,1.0
evaluatie-samenwerkingsprogramma-s-sona-sint-maarten.pdf,50,"Main message Within the period 2008 – 2014, Sint Maarten used SONA funds to implement 66 projects. Activities",Dehumanization & Scientific Racism,1.0
evaluatie-samenwerkingsprogramma-s-sona-sint-maarten.pdf,51,performed during these projects had a positive impact on the development of Sint Maarten. SONA funding gave the government of Sint Maarten the opportunity to work on the construction of its country. The objectives set for the three cooperation programmes in 2008 proved to be ambitious.,Dehumanization & Scientific Racism,1.0
evaluatie-samenwerkingsprogramma-s-sona-sint-maarten.pdf,52,"During the same period, Sint Maarten had to deal with the transition to an autonomous country within the Kingdom of the Netherlands; a transition which took much time and effort. The cooperation programmes created a better framework for further developing Sint Maarten and helped Sint Maarten to maintain its current course. It is up to the government of Sint Maarten and all its inhabitants to maintain this course in the future. Background of SONA",Dehumanization & Scientific Racism,1.0
evaluatie-samenwerkingsprogramma-s-sona-sint-maarten.pdf,53,"By establishing SONA in 2004, the Netherlands and the former Netherlands Antilles (later the countries of Curaçao and Sint Maarten and the public entities Saba, Sint ustatius and Bonaire) distanced the management of cooperation funds, and the selection and monitoring of projects, from their",Dehumanization & Scientific Racism,1.0
evaluatie-samenwerkingsprogramma-s-sona-sint-maarten.pdf,54,"own governments. By doing so, they complied with the main recommendations of the Werkgroep-Wijers in 2002: this distance could further improve the effectiveness of cooperation, and bureaucracy and direct political interference could be minimised. The Netherlands funded the cooperation programmes based on a management agreement with SONA, whereby the former Netherlands Antilles (later the countries Curaçao and Sint Maarten and the public",Dehumanization & Scientific Racism,1.0
evaluatie-samenwerkingsprogramma-s-sona-sint-maarten.pdf,55,"bodies Saba, Sint ustatius and Bonaire) could submit project proposals which would be assessed and awarded (or not)",Dehumanization & Scientific Racism,1.0
evaluatie-samenwerkingsprogramma-s-sona-sint-maarten.pdf,56,"by the xecutive organisation SONA (hereinafter: USONA). The Netherlands made the last payment to SONA at the end of 2012 In total, the Netherlands paid ANG 101.8 million (approximately €51 million)",Dehumanization & Scientific Racism,1.0
evaluatie-samenwerkingsprogramma-s-sona-sint-maarten.pdf,58,"The cooperation funds are divided into three programmes: Institutional Strengthening and Reinforcement (hereinafter: IVB), ducation and Youth Cooperation (hereinafter: OJSP)",Dehumanization & Scientific Racism,1.0
evaluatie-samenwerkingsprogramma-s-sona-sint-maarten.pdf,59,and Social conomic Initiative (hereinafter: SI). The main objectives of these programmes were (in short): Programme Main objectives IVB ocus on the political transition from Sint Maarten to a country within,Dehumanization & Scientific Racism,1.0
evaluatie-samenwerkingsprogramma-s-sona-sint-maarten.pdf,60,"the Kingdom and ensure sustainable and sound public administration. OJSP 1. qual development opportunities for all children over three years, regardless of their background. 2.",Dehumanization & Scientific Racism,1.0
evaluatie-samenwerkingsprogramma-s-sona-sint-maarten.pdf,61,"Broad development of intellectual, social, emotional, developmental, artistic and spiritual needs so children will be able to fully participate in society. 3.",Dehumanization & Scientific Racism,1.0
evaluatie-samenwerkingsprogramma-s-sona-sint-maarten.pdf,62,Minimum level of knowledge and skills so all children can transfer opportunities for,Dehumanization & Scientific Racism,1.0
evaluatie-samenwerkingsprogramma-s-sona-sint-maarten.pdf,64,SI adopts a structural approach to the current socio-economic problems and is ultimately aimed at sustainably improving the socio-economic prospects of the population. 2.,Dehumanization & Scientific Racism,1.0
evaluatie-samenwerkingsprogramma-s-sona-sint-maarten.pdf,65,"urthermore, SI is aimed at healthy public finances, reformation of economic structures, availability of investment incentives and creation of a social safety net. This evaluation has two objectives:  irstly, it aims to offer the Dutch parliament a global overview about",Dehumanization & Scientific Racism,1.0
evaluatie-samenwerkingsprogramma-s-sona-sint-maarten.pdf,66,"how funding via SONA has contributed to pre-defined programme objectives for the cooperation programmes. - PwC Pagina 10 van 98  Secondly, the evaluation aims",Dehumanization & Scientific Racism,1.0
evaluatie-samenwerkingsprogramma-s-sona-sint-maarten.pdf,68,"how improvements initiated by the cooperation programmes should be preserved and sustained. Results The research questions in this evaluation involve four themes: effectiveness, sustainability, efficiency and impact of the three cooperation programmes.",Dehumanization & Scientific Racism,1.0
evaluatie-samenwerkingsprogramma-s-sona-sint-maarten.pdf,69,"The research method for the evaluation has been described in paragraph 1.4 of this report and fully elaborated in Annex C. At the beginning of chapters 3 (effectiveness), 4 (sustainability), 5 (efficiency)",Dehumanization & Scientific Racism,1.0
evaluatie-samenwerkingsprogramma-s-sona-sint-maarten.pdf,71,"each research question. Conclusions Based on activities carried out in all 66 projects, an in-depth examination of eight",Dehumanization & Scientific Racism,1.0
evaluatie-samenwerkingsprogramma-s-sona-sint-maarten.pdf,72,"projects and the available interim and final reports for each programme, we can conclude the following concerning the effectiveness of the cooperation programmes: 1.",Dehumanization & Scientific Racism,1.0
evaluatie-samenwerkingsprogramma-s-sona-curacao.pdf,9,"De onderzoeksvragen van deze evaluatie omvatten vier thema’s: effectiviteit, duurzaamheid, efficiëntie en impact van de drie samenwerkingsprogramma’s. De onderzoeksaanpak van de evaluatie is beschreven in paragraaf 1.4 van het rapport en volledig uitgewerkt in bijlage C. Aan het begin van de hoofdstukken 3 (effectiviteit), 4 (duurzaamheid), 5 (efficiëntie) en 6 (impact) wordt per onderzoeksvraag kort toegelicht hoe deze is beantwoord. Conclusies Op basis van de gerealiseerde activiteiten in 168 projecten, de tien projecten die verdiepend onderzocht zijn, de beschikbare mid-term evaluaties en eindrapportages per programma, geven wij de volgende conclusies ten aanzien van de effectiviteit: 1.",Everyday Racism & Modern Racial Inequality,1.0
evaluatie-samenwerkingsprogramma-s-sona-curacao.pdf,15,"De onderwijsprojecten hebben de beoogde activiteiten gerealiseerd, met uitzondering van de leerwerktrajecten die een relatief laag rendement laten zien. Noodzakelijke randvoorwaarden voor het verbeteren van het onderwijs zijn gerealiseerd, zoals curriculumontwikkeling, verbeterde huisvesting, de opbouw van de zorgstructuur, digitale leerlingvolgsystemen, competentieontwikkeling van docenten en schoolleiders en de aanschaf van leermiddelen. Gesteld kan worden dat met de uitvoering van de projecten weliswaar een aanzienlijke verbetering in het - PwC Pagina 4 van 112 Curaçaose onderwijs is bereikt, maar dat de ambitieniveaus van het programma voor de gekozen interventies te hoog gebleken zijn. c. In het SI zijn op twee na alle projecten uitgevoerd.",Everyday Racism & Modern Racial Inequality,1.0
evaluatie-samenwerkingsprogramma-s-sona-curacao.pdf,25,"De institutionele en beleidsmatige duurzaamheid is voor het OJSP grotendeels geborgd door de wettelijke verankering van het beleid met betrekking tot het O, VSBO, SBO en SVP. Verschillende beleidsterreinen, zoals het taalbeleid en leerlingenzorg zijn wettelijk bij de schoolbesturen neergelegd en daar beleidsmatig ingebed. Voor het SI geldt dat de overheid op tal van terreinen vervolg heeft gegeven aan de onder het SI tot uitvoering gebrachte projecten, met name op het beleidsterrein herstructurering van de economie en op het gebied van de gezondheidszorg. Twee van de vier SI-projecten uit het verdiepende onderzoek illustreren dit beeld. Het project Rumbo pa Trabou, dat gericht was op toeleiding naar de arbeidsmarkt van langdurig werklozen, vindt echter op een veel geringere schaal opvolging.",Everyday Racism & Modern Racial Inequality,1.0
evaluatie-samenwerkingsprogramma-s-sona-curacao.pdf,26,"Bij het project Scharloo Abou geldt dat het projectidee wel op andere plaatsen navolging lijkt te vinden, maar de institutionele borging van het project zelf is onvoldoende. In vijf van de tien projecten in ons verdiepend onderzoek stellen wij vast dat de institutionele en beleidsmatige duurzaamheid voldoende zijn geborgd, in de andere vijf is dat niet het geval. b. De institutionele inbedding van kennis en ervaring laat een wisselend beeld zien.",Everyday Racism & Modern Racial Inequality,1.0
evaluatie-samenwerkingsprogramma-s-sona-curacao.pdf,27,"Daar waar gewerkt is met mensen van de overheid zelf, heeft een ‘leercurve’ op gebied van projectmanagement opgetreden. Dit is een belangrijk neveneffect van de samenwerkingsprogramma’s geweest en heeft de institutionele duurzaamheid vergroot. Daar waar gewerkt is met mensen met een tijdelijk dienstverband of externe inhuur, is dit beduidend minder het geval. c. Samenwerking tussen overheidsorganisaties onderling (IVB), tussen overheid en onderwijsveld (OJSP) en tussen overheid/onderwijs en bedrijfsleven (OJSP-beroepsonderwijs en SI- arbeidsmarkt) is in bijna alle projecten in het verdiepende onderzoek een kritische succesfactor gebleken voor het bereiken van duurzame resultaten. Waar deze samenwerking niet geborgd is, ontstaan risico’s voor de houdbaarheid van de programmaresultaten op lange termijn.",Everyday Racism & Modern Racial Inequality,1.0
evaluatie-samenwerkingsprogramma-s-sona-curacao.pdf,28,d. Beleidsmatige inbedding van (de resultaten van) de projecten in het beleid van de overheid bleek door de regelmatige politieke wisselingen op Curaçao een uitdaging. Projecten met zichtbare resultaten maakten de grootste kans om beleidsmatig ingebed te worden. Op basis van het verdiepende onderzoek van tien geselecteerde projecten en de rapportages per programma concluderen wij over de efficiëntie van de samenwerkingsprogramma’s: 1. Op het niveau van de te leveren prestaties binnen een project is doorgaans sprake van een efficiënte inzet van mensen en middelen.,Everyday Racism & Modern Racial Inequality,1.0
evaluatie-samenwerkingsprogramma-s-sona-curacao.pdf,31,"Maar betrokkenen geven aan dat op vele andere wijzen door de Curaçaose overheid in cofinanciering is voorzien, zoals overname van complete projecten ten laste van de begroting, cofinanciering via bijdragen - PwC Pagina 6 van 112 door overheids-NV's, of inzet van overheidspersoneel. Daardoor zou meer dan de afgesproken cofinanciering zijn gerealiseerd. De cofinanciering in zijn totaliteit is op basis van ons onderzoek een moeilijk meetbaar en kwantificeerbaar aspect gebleken. Betrokkenen geven zelf aan dat bijvoorbeeld niet te reconstrueren is hoeveel tijd van de taskmanagers van het OJSP is besteed aan het programma en hoeveel aan reguliere werkzaamheden. 4.",Everyday Racism & Modern Racial Inequality,1.0
evaluatie-samenwerkingsprogramma-s-sona-curacao.pdf,41,"Wij verwijzen hierbij nadrukkelijk naar de mogelijkheid van samenwerking met derden (zie aanbeveling 1). 3. Curaçao is inmiddels vijf jaar een autonoom land en nog steeds een land in opbouw. Wij bevelen de overheid van Curaçao aan om bij de start van nieuwe projecten gefinancierd uit de eigen begroting de doelstellingen specifiek, meetbaar en realistisch (dit laatste vast te stellen in overleg met stakeholders van projecten) te formuleren en standaard op relevante indicatoren voor deze doelstellingen een nulmeting uit te voeren. Tevens bevelen wij aan om in de toekomst streng te selecteren welke onderdelen van de overheid aandacht moeten krijgen (in de vorm van geld en menskracht).",Everyday Racism & Modern Racial Inequality,1.0
evaluatie-samenwerkingsprogramma-s-sona-curacao.pdf,42,"Door meer centrale regie te voeren op welke overheidsprojecten in de toekomst zullen worden uitgevoerd en focus aan te brengen, kunnen de effectiviteit, duurzaamheid en impact van overheidsprojecten worden vergroot. 4. Projecten die betrekking hebben op het realiseren van fysieke infrastructuur of het aankopen en in gebruik nemen van productiemiddelen, zijn goed te realiseren. Daar waar doelstellingen gericht zijn op interventies in menselijk gedrag (cultuur, organisatieverandering) blijkt de realisatie van doelstellingen lastiger te zijn. Wij bevelen de overheid van Curaçao aan vooraf nauwkeurig te bepalen wat de doelen en beoogde resultaten van een project zijn en de activiteiten in projecten zodanig vorm te geven dat die doelen en resultaten gehaald en gemonitord kunnen worden tijdens de projectuitvoering.",Everyday Racism & Modern Racial Inequality,1.0
evaluatie-samenwerkingsprogramma-s-sona-curacao.pdf,46,"This evaluation was commissioned by the Ministry of the Interior and Kingdom Relations (hereinafter: BZK). Main message Within the period 2008 – 2014, Curaçao used SONA funds to implement 168 projects.",Dehumanization & Scientific Racism,1.0
evaluatie-samenwerkingsprogramma-s-sona-curacao.pdf,48,"The objectives set for the three cooperation programmes in 2008, proved to be ambitious. During the same period, Curaçao had to deal with the transition towards becoming an autonomous country within the Kingdom of the Netherlands; a transition which took much time and effort. The cooperation programmes created an appropriate framework for further developing Curaçao and helped Curaçao to maintain its current course.",Dehumanization & Scientific Racism,1.0
evaluatie-samenwerkingsprogramma-s-sona-curacao.pdf,49,It is up to the government of Curaçao and all its inhabitants to maintain this course in the future. Background of SONA By establishing SONA in 2004 the Netherlands and the former,Dehumanization & Scientific Racism,1.0
evaluatie-samenwerkingsprogramma-s-sona-curacao.pdf,50,"Netherlands Antilles (later the countries of Curaçao and Sint Maarten and the public entities Saba, Sint ustatius and Bonaire) distanced the management of cooperation funds, and selection and monitoring of projects, from their own governments. By doing so, they complied with the main recommendations of the Werkgroep-Wijers in 2002: this distance could further improve the effectiveness of cooperation, and bureaucracy and direct political interference could be minimised. The Netherlands funded the cooperation programmes based on a management agreement with SONA, whereby the former",Dehumanization & Scientific Racism,1.0
evaluatie-samenwerkingsprogramma-s-sona-curacao.pdf,52,which would be assessed and awarded (or not) by the xecutive organisation SONA (hereinafter: USONA). The Netherlands made the last payment to SONA at the end of 2012.,Dehumanization & Scientific Racism,1.0
evaluatie-samenwerkingsprogramma-s-sona-curacao.pdf,55,"programmes: Institutional Strengthening and Reinforcement (hereinafter: IVB), ducation and Youth Cooperation (hereinafter: OJSP) and Social conomic Initiative (hereinafter: SI). The main objectives of these programmes were (in short):",Dehumanization & Scientific Racism,1.0
evaluatie-samenwerkingsprogramma-s-sona-curacao.pdf,56,"Programme Main objectives IVB To realise an appropriate government structure for Curaçao , which is embedded in the organisation of Pais Kòrsou and visible and measurable in society. OJSP The general education of people in Curaçao ’s society, the Caribbean region and the world.",Dehumanization & Scientific Racism,1.0
evaluatie-samenwerkingsprogramma-s-sona-curacao.pdf,57,Closing gaps and increasing the general level of education. Greater focus on the region and the United States. SI Sustainable improvements in the economy and social standards in Curaçao. To improve the effectiveness of the labour market.,Dehumanization & Scientific Racism,1.0
evaluatie-samenwerkingsprogramma-s-sona-curacao.pdf,58,"This evaluation has two objectives:  irstly, it aims to offer the Dutch parliament a global overview about how funding via SONA has contributed to pre-defined",Dehumanization & Scientific Racism,1.0
evaluatie-samenwerkingsprogramma-s-sona-curacao.pdf,59,"programme objectives for the cooperation programmes.  Secondly, the evaluation aims to make recommendations to Curaçao about",Dehumanization & Scientific Racism,1.0
evaluatie-samenwerkingsprogramma-s-sona-curacao.pdf,60,"how improvements initiated by the cooperation programmes should be preserved and sustained. - PwC Pagina 9 van 112 Results The research questions in this evaluation involve four themes: effectiveness, sustainability, efficiency and impact of the three cooperation programmes.",Dehumanization & Scientific Racism,1.0
evaluatie-samenwerkingsprogramma-s-sona-curacao.pdf,61,"The research method for the evaluation has been described in paragraph 1.4 of this report and fully elaborated in Annex C. At the beginning of chapters 3 (effectiveness), 4 (sustainability), 5 (efficiency)",Dehumanization & Scientific Racism,1.0
evaluatie-samenwerkingsprogramma-s-sona-curacao.pdf,63,"each research question. Conclusions Based on activities carried out in all 168 projects, an in-depth examination of the ten projects",Dehumanization & Scientific Racism,1.0
evaluatie-samenwerkingsprogramma-s-sona-curacao.pdf,65,we can conclude the following concerning the effectiveness of the cooperation programmes: 1. The primary objectives of the cooperation programmes were aimed at realising social impact,Dehumanization & Scientific Racism,1.0
evaluatie-samenwerkingsprogramma-s-sona-curacao.pdf,66,"which was described in ambitious and abstract terms. or example, the aim of IVB was to “establish an appropriate government structure for Curaçao”. Together with the lack of a baseline measurement, this made it difficult to measure the effect of the cooperation programmes.",Dehumanization & Scientific Racism,1.0
evaluatie-samenwerkingsprogramma-s-sona-curacao.pdf,67,"Given the position of Curaçao, the available programme budget and the initially expected duration of four years, the goals were too ambitious. An example of this is the SI programme’s sub-objective “ Restructuring the economy: stimulating economic growth to 4% per year, and reducing unemployment by",Dehumanization & Scientific Racism,1.0
evaluatie-samenwerkingsprogramma-s-sona-curacao.pdf,69,It is worth mentioning that the cooperation programmes – and the political agreements between the Netherlands and Curaçao – were not tested for feasibility before they,Dehumanization & Scientific Racism,1.0
evaluatie-samenwerkingsprogramma-s-sona-curacao.pdf,70,were agreed and carried out by Curaçao. Beforehand it was unclear whether implementing all projects,Dehumanization & Scientific Racism,1.0
evaluatie-samenwerkingsprogramma-s-sona-curacao.pdf,71,within a cooperation programme would lead to programme objectives being realised.,Dehumanization & Scientific Racism,1.0
evaluatie-samenwerkingsprogramma-s-sona-curacao.pdf,72,2. Project proposals reflect the project ’s contribution to the social effects identified in the cooperation programme.,Dehumanization & Scientific Racism,1.0
evaluatie-samenwerkingsprogramma-s-sona-curacao.pdf,73,"The assessment by USONA involved assessing the feasibility of project proposals. The relationship between project objectives, results and activities in project proposals was then – partly via the intervention of USONA – strengthened and activities",Dehumanization & Scientific Racism,1.0
evaluatie-samenwerkingsprogramma-s-sona-curacao.pdf,74,"performed within the project were further specified. The intervention logic was confirmed in financing agreements between SONA and the government of Curaçao. This helped to increase the project’s potential impact on society, while also focusing attention on realising",Dehumanization & Scientific Racism,1.0
evaluatie-samenwerkingsprogramma-s-sona-curacao.pdf,75,activities defined in the financing agreement. 3. The final reports show that over half of the planned activities were realized in 92% of the projects. Over 80% of planned activities were realized in approximately 78% of the projects.,Dehumanization & Scientific Racism,1.0
evaluatie-samenwerkingsprogramma-s-sona-curacao.pdf,76,"In this sense, the projects also made a positive contribution to the programme objectives. The t",Dehumanization & Scientific Racism,1.0
evaluatie-samenwerkingsprogramma-s-sona-openbare-lichamen-bonaire-sint-eustatius-en-saba.pdf,16,"Op basis van de gerealiseerde activiteiten in 94 projecten, de tien projecten die verdiepende onderzocht zijn en beschikbare eindrapportages per programma, geven wij de volgende conclusies ten aanzien van de effectiviteit: 1. De programmadoelstellingen zijn gericht op het bereiken van een maatschappelijk effect, dat breed en veel omvattend is geformuleerd. De programmadoelstellingen zijn in ambitieuze en abstracte termen beschreven. Gezien de richting die Bonaire, Sint ustatius en Saba vanaf 10 oktober 2010 hebben gekozen, namelijk als openbaar lichaam binnen het land Nederland, zijn de doelstellingen realistisch te noemen en zichtbaar afgestemd op de voorgenomen transitie. Daarbij is rekening gehouden met de rol van en relatie met de Nederlandse overheid: de openbare lichamen konden op het bestuurlijke vlak, op gebied van onderwijs en op sociaaleconomisch terrein uitgaan van een duidelijke rol van Nederland.",Everyday Racism & Modern Racial Inequality,1.0
evaluatie-samenwerkingsprogramma-s-sona-openbare-lichamen-bonaire-sint-eustatius-en-saba.pdf,25,"De SI-projecten van Saba hebben de beoogde resultaten behaald. Het bestuurskantoor is verbouwd en uitgebreid. en strategisch plan voor de toeristische sector is ontwikkeld en het centrum van The Bottom is verfraaid met nieuwe lichtmasten. De haven is verbeterd met de aanleg van een kademuur en een keermuur en met de bouw van een vissersopslagplaats en een havenkantoor. en school voor beroepsonderwijs is gerenoveerd, drie huizenblokken in de sociale woningbouw zijn in 2012 opgeleverd en een vuilverbrander is aangeschaft. Deze resultaten hebben een positieve bijdrage geleverd aan de doelstellingen van het programma.",Everyday Racism & Modern Racial Inequality,1.0
evaluatie-samenwerkingsprogramma-s-sona-openbare-lichamen-bonaire-sint-eustatius-en-saba.pdf,28,"Zo is de downtime van de haven verminderd en is de gemiddelde verblijfduur van boten gestegen, tegelijkertijd blijven de beoogde investeringen door private partijen in de haven achter en is de haven volgens eindgebruikers niet veiliger geworden. De investering in de ontwikkeling van het marketingplan toerisme en de inzet van de investment officer waren randvoorwaardelijk voor de verdere ontwikkeling van de toeristische sector. Hetzelfde geldt voor de investeringen in het midden- en kleinbedrijf. Het ruimtelijk ontwikkelingsplan is ontwikkeld en vastgesteld, wat randvoorwaardelijk is voor verdere economische groei. r is eveneens een plan ontwikkeld voor het tegengaan van erosie op het eiland.",Reparations & Justice,1.0
evaluatie-samenwerkingsprogramma-s-sona-openbare-lichamen-bonaire-sint-eustatius-en-saba.pdf,39,Voor de beleidsmatige inbedding van (de resultaten van) de projecten in het beleid van de openbare lichamen is het sterk afhankelijk van het onderwerp in hoeverre het Nederlandse beleid van toepassing is. Op basis van het verdiepende onderzoek van tien geselecteerde projecten concluderen wij over de efficiëntie van de samenwerkingsprogramma’s: 1. Op het niveau van de te leveren prestaties binnen een project is doorgaans sprake van een efficiënte inzet van mensen en middelen. Dit geldt voor projecten in alle drie de samenwerkingsprogramma’s.,Everyday Racism & Modern Racial Inequality,1.0
evaluatie-samenwerkingsprogramma-s-sona-openbare-lichamen-bonaire-sint-eustatius-en-saba.pdf,44,"Dit heeft de efficiëntie van de samenwerkingsprogramma’s als geheel beperkt. Op basis van het brede onderzoek naar effectiviteit en het verdiepende onderzoek van tien geselecteerde projecten concluderen wij over de impact van de samenwerkingsprogramma’s: 1. Met de uitgangspositie van Bonaire, Sint ustatius en Saba in 2008 op alle themagebieden van de samenwerkingsprogramma’s in het achterhoofd, concluderen wij dat de samenwerkingsprogramma’s een positieve impact hebben gehad. chter, tegelijkertijd concluderen wij dat de doelstellingen van het IVB en het SI van Bonaire en Sint ustatius ten dele zijn gerealiseerd.",Everyday Racism & Modern Racial Inequality,1.0
evaluatie-samenwerkingsprogramma-s-sona-openbare-lichamen-bonaire-sint-eustatius-en-saba.pdf,50,"Wij bevelen Nederland aan om in overleg met de openbare lichamen Bonaire, Sint ustatius en Saba te komen tot goede afspraken over de verdeling van de onderlinge bestuurlijke en financiële verantwoordelijkheden ten aanzien van in de eerste plaats de verduurzaming van de resultaten van de samenwerkingsprogramma’s en in de tweede plaats de verantwoordelijkheidsverdeling ten aanzien van nieuw te starten projecten. Wij bevelen Nederland ook aan om in overleg met de openbare lichamen Bonaire en Sint ustatius in de toekomst veel strenger te selecteren welke onderdelen van de overheid aandacht moeten krijgen (in de vorm van geld en menskracht). 2. Wij hebben ervaren dat het in veel gevallen zeer lastig is gebleken objectief vast te stellen of een project succesvol is geweest. Wij bevelen Nederland aan om in overleg met de openbare lichamen Bonaire en Sint ustatius bij de start van nieuwe projecten of programma’s de doelstellingen specifiek, meetbaar en realistisch te formuleren, en voorts ook een nulmeting uit te voeren naar de meetbare indicatoren van deze doelstellingen, zodat de uitgangspositie duidelijk is.",Everyday Racism & Modern Racial Inequality,1.0
evaluatie-samenwerkingsprogramma-s-sona-openbare-lichamen-bonaire-sint-eustatius-en-saba.pdf,56,and Sint Maarten. This evaluation was commissioned by the Ministry of the Interior and Kingdom Relations (hereinafter: BZK). Main message During the period,Dehumanization & Scientific Racism,1.0
evaluatie-samenwerkingsprogramma-s-sona-openbare-lichamen-bonaire-sint-eustatius-en-saba.pdf,58,"performed during these projects had a positive impact on the development of the islands. Saba used the cooperation programmes in a very effective manner; this was less so on Bonaire and Sint ustatius as far as the IVB programme is concerned. The objectives of the IVB cooperation programme, which where formulated in 2008, proved to be ambitious for Bonaire and Sint ustatius.",Dehumanization & Scientific Racism,1.0
evaluatie-samenwerkingsprogramma-s-sona-openbare-lichamen-bonaire-sint-eustatius-en-saba.pdf,59,"This can partly be attributed to becoming part of the Netherlands, which took time and effort for executive councils on the islands. Nevertheless, the SONA cooperation",Dehumanization & Scientific Racism,1.0
evaluatie-samenwerkingsprogramma-s-sona-openbare-lichamen-bonaire-sint-eustatius-en-saba.pdf,60,programmes helped them to develop their island and to maintain the course they had plotted.,Dehumanization & Scientific Racism,1.0
evaluatie-samenwerkingsprogramma-s-sona-openbare-lichamen-bonaire-sint-eustatius-en-saba.pdf,61,"It is up to the Netherlands, the executive councils on these islands and all their citizens to continue following this course in the future. Background of SONA By establishing",Dehumanization & Scientific Racism,1.0
evaluatie-samenwerkingsprogramma-s-sona-openbare-lichamen-bonaire-sint-eustatius-en-saba.pdf,63,"By doing so, they complied with the main recommendations of the Werkgroep Wijers in 2002: this distance could further improve the effectiveness of cooperation, and bureaucracy and direct political interference could be minimised. The Netherlands funded the cooperation programmes based on a management agreement with SONA, whereby the former Netherlands Antilles (later the countries Curaçao and Sint Maarten and the public bodies",Dehumanization & Scientific Racism,1.0
evaluatie-samenwerkingsprogramma-s-sona-openbare-lichamen-bonaire-sint-eustatius-en-saba.pdf,64,"Saba, Sint ustatius and Bonaire) could submit project proposals which would be assessed and awarded (or not) by the xecutive organisation",Dehumanization & Scientific Racism,1.0
evaluatie-samenwerkingsprogramma-s-sona-openbare-lichamen-bonaire-sint-eustatius-en-saba.pdf,65,"SONA (hereinafter: USONA). The Netherlands made the last payment to SONA at the end of 2012. In total, the Netherlands paid ANG 60.3 million (approximately €30.1 million) to SONA, which",Dehumanization & Scientific Racism,1.0
evaluatie-samenwerkingsprogramma-s-sona-openbare-lichamen-bonaire-sint-eustatius-en-saba.pdf,66,"benefited public entities in Bonaire, Sint ustatius and Saba. The cooperation programmes were brought to an end in 2014. Three cooperation programmes The cooperation funds are divided into",Dehumanization & Scientific Racism,1.0
evaluatie-samenwerkingsprogramma-s-sona-openbare-lichamen-bonaire-sint-eustatius-en-saba.pdf,67,"three programmes: Institutional Strengthening and Reinforcement (hereinafter: IVB), ducation and Youth Cooperation (hereinafter: OJSP) and Social conomic Initiative (hereinafter: SI).",Dehumanization & Scientific Racism,1.0
evaluatie-samenwerkingsprogramma-s-sona-openbare-lichamen-bonaire-sint-eustatius-en-saba.pdf,68,The main objectives of these programmes were (in short): IVB OJSP SI Bonaire The political relationship that Bonaire wants,Dehumanization & Scientific Racism,1.0
evaluatie-samenwerkingsprogramma-s-sona-openbare-lichamen-bonaire-sint-eustatius-en-saba.pdf,69,"to maintain with the Netherlands has implications for the roles and responsibilities of the xecutive Council, and for management and good governance. The policy is consistent with development policy because it focuses on backlogs",Dehumanization & Scientific Racism,1.0
evaluatie-samenwerkingsprogramma-s-sona-openbare-lichamen-bonaire-sint-eustatius-en-saba.pdf,70,"and raises the general level of education. If more equitable access to quality education is provided, this should improve the competitive position of Bonaire and, besides focusing on the Kingdom and urope, improve focus on the region and the United States. A development goal in six policy areas: 1.",Dehumanization & Scientific Racism,1.0
evaluatie-samenwerkingsprogramma-s-sona-openbare-lichamen-bonaire-sint-eustatius-en-saba.pdf,72,Labour market and training; 6. Tourism. Sint ustatius The goal of the IVB is to strengthen the island’s government organisations and to prepare for their new tasks as a public body. To better equip the youth of Sint ustatius,Dehumanization & Scientific Racism,1.0
evaluatie-samenwerkingsprogramma-s-sona-openbare-lichamen-bonaire-sint-eustatius-en-saba.pdf,73,"so that, after completing their studies, they will be able to participate in the labour market and fully contribute to a constantly changing society, at the local level, as well as regional and global level. A development goal in six policy areas: 1.",Dehumanization & Scientific Racism,1.0
evaluatie-samenwerkingsprogramma-s-sona-openbare-lichamen-bonaire-sint-eustatius-en-saba.pdf,76,"OJSP SI Saba The development objective of the IVB Saba is to make sure Saba will be sufficiently capable, by herself or with help from other parties, of addressing policy-related challenges, thus resulting",Dehumanization & Scientific Racism,1.0
evaluatie-samenwerkingsprogramma-s-sona-openbare-lichamen-bonaire-sint-eustatius-en-saba.pdf,77,"in a strong government entity on Saba. To better equip the youth of Saba so that, after completing their studies, they will be able to participate in the labour market and fully contribute to a constantly changing society, at the local level, as well as regional and global level.",Dehumanization & Scientific Racism,1.0
evaluatie-samenwerkingsprogramma-s-sona-openbare-lichamen-bonaire-sint-eustatius-en-saba.pdf,78,A development goal in six policy areas: 1. Developing tourism; 2. Upgrading infrastructure; 3.,Dehumanization & Scientific Racism,1.0
vierde-voortgangsrapportge-2014-bonaire-sint-eustatius-en-saba.pdf,10,"r is zoveel kennis op de eilanden, die benut kan worden. Daarnaast heeft de Rijksvertegenwoordiger verzocht deel te kunnen nemen aan de nieuw ingestelde CN-tafel in Den Haag om zo rechtstreeks input te krijgen en te kunnen geven vanuit het eilandelijk perspectief. De maanden oktober en november 2014 hebben vooral in teken gestaan van de voorbereidende gesprekken voor het MeerjarenProgramma ten behoeve van de CN-week in 2015 in samenspraak met de drie eilanden, ambtelijke overleggen, afstemming met Den Haag, kennismakingsgesprekken met leden van het Kabinet en bezoeken aan Ministeries gedurende de bezoeken aan Nederland en het leren kennen van Bonaire, Saba en Sint ustatius. Tijdens de drie de belangrijkste feestdagen van de eilanden – Dia di Boneiru, Statiaday en Sabaday is de Rijksvertegenwoordiger bij de feestelijkheden aanwezig geweest.",Everyday Racism & Modern Racial Inequality,1.0
vierde-voortgangsrapportge-2014-bonaire-sint-eustatius-en-saba.pdf,17,Independent Country Optie 3 : I am in favor of Sint ustatius becoming an Autonomous Territory within the Dutch,Dehumanization & Scientific Racism,1.0
vierde-voortgangsrapportge-2014-bonaire-sint-eustatius-en-saba.pdf,23,"Sfeer was soms verhard door behoorlijke stellingname (richting bevolking, Nederlanders en toeristen) en door borden met leuzen die op het hek van het gebouw van het Bestuurscollege zijn opgehangen en deels op het gebouw van de ilandsraad. 7 Personeelstoezicht Het afgelopen jaar zijn 152 personeelsbesluiten aan de Rijksvertegenwoordiger ter goedkeuring voorgelegd mede op basis van de eerder opgestelde beleidsregel die in gemeenschappelijkheid is opgesteld. De ervaring heeft inmiddels laten zien dat er naast de aan de Rijksvertegenwoordiger voorgelegde besluiten, ook op basis van overeenkomsten en projectaanstellingen personeel wordt aangesteld. en belangrijk aandachtspunt voor de evaluatie in verband met het ontbreken van een toetsing en de mogelijke financiële consequenties van dit traject.","Remembrance, Heritage & Education",1.0
vierde-voortgangsrapportge-2014-bonaire-sint-eustatius-en-saba.pdf,24,RCN-Centraal RCN Centraal als Shared Services Organisatie (SSO) heeft in meerdere opzichten een druk en bewogen jaar achter de rug. r is extra inzet gepleegd in de ondersteuning van het Korps Politie CN (KPCN) en het Zorgverzekeringskantoor op het gebied van communicatie en er is met succes een RCN brede training interculturele communicatie uitgevoerd. De ICT infrastructuur was - om te kunnen voldoen aan de toenemende eisen en wensen van de klanten - toe aan een grote en complexe migratie. Deze migratie is zonder grote problemen uitgevoerd. Vraag blijft of de huidige infrastructuur voldoende robuust is en voldoende toegeruste infrastructuur biedt voor de komende jaren.,Everyday Racism & Modern Racial Inequality,1.0
vierde-voortgangsrapportge-2014-bonaire-sint-eustatius-en-saba.pdf,25,"De renovaties aan het Douane gebouw Bonaire en het RCN hoofdgebouw op Bonaire zijn na lang wachten, gestart. In samenwerking met de Kamer van Koophandel is de aanbesteding schoonmaak tot een goed einde gebracht. Deze aanbesteding had tot doel met name kleine, lokale schoonmaakbedrijven een kans te geven op contracten bij RCN. In juni is de ICT Helpdesk voor Rijksambtenaren in Nederland van start gegaan. 4 T’s leveren",Everyday Racism & Modern Racial Inequality,1.0
vierde-voortgangsrapportge-2014-bonaire-sint-eustatius-en-saba.pdf,27,"r zijn 4 projecten opgestart om er voor te zorgen dat systemen zoveel als mogelijk handmatig werk overbodig maken en die het mogelijk maken om op elk moment inzicht te hebben in de relevante management informatie. Ten behoeve van KPCN, Justitiële Inrichting CN, Brandweer, Belastingdienst CN en Jeugdzorg&Gezinsvoogdij is op verzoek van de diensten een nieuw roosterplanning systeem opgeleverd (RostarCas). Dit systeem biedt de diensten de mogelijkheid om gezamenlijk de roosterdiensten in te plannen. De RCN medewerkers stonden ook het afgelopen jaar weer klaar om op te treden bij calamiteiten en (stroom)storingen. Dit om er voor te zorgen dat alles zo snel als mogelijk voor de klanten wordt opgelost.",Everyday Racism & Modern Racial Inequality,1.0
vierde-voortgangsrapportge-2014-bonaire-sint-eustatius-en-saba.pdf,30,De implementatie van de CAO is gefaseerd uitgevoerd. Integriteit RCN heeft de afgelopen twee jaar hard gewerkt aan de implementatie van het Rijksbrede integriteitsbeleid in de lokale context van Caribisch Nederland. en belangrijk onderdeel daarvan is de in december 2014 vastgestelde gedragscode Goed Werk! waarin is opgenomen wat er op het gebied van integriteit van medewerkers en in het bijzonder van leidinggevenden wordt verwacht. Ondersteunend daaraan zijn diverse trainingen voor medewerkers en leidinggevenden gehouden.,Everyday Racism & Modern Racial Inequality,1.0
vierde-voortgangsrapportge-2014-bonaire-sint-eustatius-en-saba.pdf,31,"Met ingang van 1 januari 2014 is de Regeling Vertrouwenspersonen integriteit en Klachtencommissie ongewenste omgangsvormen Rijksambtenaren BS in werking getreden. Op basis van deze regeling zijn met ingang van 1 januari 2014 zes vertrouwenspersonen benoemd, is een meldprocedure voor (vermoedens van) integriteitschendingen vastgesteld en is er een meldpunt integriteit opgericht. Het meldpunt bewaakt de zorgvuldige afhandeling van mogelijke integriteitschendingen en houdt een centrale registratie bij. Hiermee is een basis gelegd voor het duurzaam verankeren van integer gedrag en gewenste omgangsvormen in de organisatie. Medezeggenschap Bij RCN is bij verschillende diensten/units gestart met een pilot van participatieraden op basis van de conceptregeling “Participatieraden",Everyday Racism & Modern Racial Inequality,1.0
vierde-voortgangsrapportge-2014-bonaire-sint-eustatius-en-saba.pdf,34,"Het bureau Ideeversa heeft daartoe een opdracht verstrekt gekregen. Tijdens de CN-week zijn tussen het Ministerie van BZK, namens het kabinet, en de drie openbaar lichamen ook afspraken gemaakt over de evaluatie van de uitwerking van de nieuwe staatkundige structuur van Bonaire, Sint ustatius en Saba. en onafhankelijke evaluatiecommissie, onder voorzitterschap van mevrouw Spies, is ingesteld en heeft in november een eerste bezoek gebracht aan de drie eilanden. De evaluatie zal betrekking hebben op de wijze waarop invulling is gegeven aan de afspraken die ter voorbereiding van 10-10-10 zijn gemaakt. en debat over een eventuele wijziging van de staatkundige verhoudingen is geen onderdeel van de evaluatie zelf.",Everyday Racism & Modern Racial Inequality,1.0
vierde-voortgangsrapportge-2014-bonaire-sint-eustatius-en-saba.pdf,36,"Het Ministerie van BZK heeft tijdens de CN-week voor economische ontwikkeling totaal 1,4 mln euro (cumulatief voor 2015 en 2016) ter beschikking gesteld voor de drie openbare lichamen. Ook neemt BZK de overheadkosten van de PUM Netherlands senior experts (Programma Uitzending Managers) voor haar rekening, zodat zij kunnen worden ingezet voor ondernemers en overheden op Bonaire, Sint ustatius en Saba. Verder is er in de CN-week een verkennende bespreking geweest over de versterking van de ambtelijke organisatie ten dienste van het bestuur van de eilanden. Het Rijk en de openbare lichamen hebben oplossingsrichtingen besproken die de bestuurskracht van de eilanden kunnen vergroten. Daarnaast heeft DG Wonen en Rijksdienst op verzoek van Bonaire een traject ingezet om de geldende regelgeving op het terrein van de woningmarkt te moderniseren.",Everyday Racism & Modern Racial Inequality,1.0
vierde-voortgangsrapportge-2014-bonaire-sint-eustatius-en-saba.pdf,37,"Hieruit komt onder andere een wijziging van de Wet huurcommissieregeling BS (wijziging in taken en verantwoordelijkheden huurcommissie) voort, evenals een wijziging van het Burgerlijk wetboek BS (onder meer het mogelijk maken van tijdelijke verhuur voor 10 bepaalde doelgroepen). Bij het opstellen van de eilandelijke verordeningen verleent het DG Wonen en Bouwen technische ondersteuning. Wanneer de conceptwetgeving gereed is, wordt deze ter consultatie voorgelegd aan de drie openbare lichamen. Het bouwbesluit BS is na consultatie met de drie eilanden op 15 december 2014 gepubliceerd in het Staatsblad. Het voornemen is tevens een vorm van de Nationale Hypotheekgarantie te introduceren in Caribisch Nederland.",Everyday Racism & Modern Racial Inequality,1.0
vierde-voortgangsrapportge-2014-bonaire-sint-eustatius-en-saba.pdf,39,"De samenwerking tussen de Own Your Own Home oundation op Saba en ‘Woonlinie’ verloopt uitstekend, net als de samenwerking tussen undashon Kas Bonairiano op Bonaire en ‘Thuis’. De Minister voor Wonen en Rijksdienst heeft wederom voor zowel 2014 als 2015 twee honderdduizend euro beschikbaar gesteld voor sociaal economische ontwikkeling van de drie eilanden. Deze middelen zijn toegevoegd aan het budget integrale middelen om zo een bijdrage te leveren aan een integrale aanpak ter verbetering van de werking van de arbeidsmarkt, het vergroten van de werkgelegenheid, kinderopvang, het tegengaan van armoede en schulden, onderwijs, integrale wijkaanpak, zorg, sport en jeugdbeleid. Het Rijksvastgoedbedrijf is medio 2014 ontstaan uit de fusie tussen de Rijksgebouwendienst (Rgd), de Dienst Vastgoed Defensie (DVD), het Rijksvastgoedontwikkelingsbedrijf (RVOB) en de directie Bouw van het Ministerie van BZK. Voor Caribisch Nederland betekent dit dat de aansturing van het team dat zich bezig houdt met de ontwikkeling en realisatie van bouwprojecten geschiedt onder verantwoordelijkheid van de directeur Vastgoedbeheer (VB) met een Hoofd Cluster Carib die gevestigd is op Curaçao.",Everyday Racism & Modern Racial Inequality,1.0
vierde-voortgangsrapportge-2014-bonaire-sint-eustatius-en-saba.pdf,45,"De KMar heeft zich het afgelopen jaar vooral gericht op het verder ontwikkelen en verbeteren van het grenstoezicht, de opsporing van grens gerelateerde criminaliteit en op de uitvoering van de KMar-politietaken op Saba en Sint ustatius. Speerpunten van het jaar 2014 waren: het doorontwikkelen van Informatie Gestuurd Optreden en het doorontwikkelen van de Maritieme grensbewaking. Voor wat betreft de maritieme grensbewaking werd vooral voor Bonaire de samenwerking versterkt met de Kustwacht Curaçao. Hetzelfde geldt voor Saba en Sint ustatius waar de samenwerking met de Kustwacht Sint Maarten is verstevigd.",Everyday Racism & Modern Racial Inequality,1.0
vierde-voortgangsrapportge-2014-bonaire-sint-eustatius-en-saba.pdf,51,"Verder is er een voortraject opgezet om de bestrijdingsmiddelenwetgeving te moderniseren. De Z-unit RCN bood ondersteuning aan potentiële agro ondernemers in CN. Op Bonaire is het Plattelands Ontwikkeling Plan van start gegaan. Dit plan, dat via een bottom-up proces is ontstaan, geeft een impuls aan landbouw, veeteelt, toerisme, recreatie en ondernemerschap op het platteland van Bonaire. Saba is door Z ondersteund met het opnieuw indienen van het landbouwplan binnen de natuurgeld-projecten en er is op Saba begonnen met de aanpak van loslopende geitenproblematiek.",Everyday Racism & Modern Racial Inequality,1.0
vierde-voortgangsrapportge-2014-bonaire-sint-eustatius-en-saba.pdf,56,"Ondersteund door experts van de Nederlandse Douane zijn de processen rond de Melding Ongebruikelijke Transacties verbeterd en aangescherpt. Medewerkers van de Douane zijn getraind in het afhandelen van de procedures en reizigers worden beter geïnformeerd over hun plichten. Conform de in 2009 en 2010 gemaakte afspraken tussen de toenmalige Staatssecretaris van inanciën en de lokale bestuurders is er in 2014 voldoende gelegenheid geweest om zowel het belastingstelsel als het functioneren van de Belastingdienst/Douane gezamenlijk te evalueren. In voorgaande jaren zijn redelijk veel aanpassingen ingevoerd in het belastingstelsel, met name in de tarifering. In 2014 zijn geen wijzigingen aangebracht.",Everyday Racism & Modern Racial Inequality,1.0
eindrapport-interdepartementale-evaluatie-convenant-financiering-nationale-inzet-krijgsmacht.pdf,9,"Het Ministerie van Binnenlandse Zaken en Koninkrijksrelaties, het Ministerie van Veiligheid en Justitie en het Ministerie van Defensie presenteren met dit rapport de resultaten van de interdepartementale evaluatie van het convenant inanciering Nationale Inzet Krijgsmacht (NIK). In het convenant staan afspraken over de verrekening van additionele kosten van incidentele militaire bijstand en steunverlening. De evaluatie is gericht op het bepalen of het convenant NIK naar behoren heeft gefunctioneerd en nog voldoende basis biedt voor de toekomst. Het eindrapport is opgesteld op basis van de resultaten uit de desk research en de interviewgesprekken met betrokken departementen. De aanvraagprocedure valt buiten de scope en wordt daarom niet geëvalueerd in het rapport.",Everyday Racism & Modern Racial Inequality,1.0
eindrapport-interdepartementale-evaluatie-convenant-financiering-nationale-inzet-krijgsmacht.pdf,11,"Hiertoe worden dagelijks tal van activiteiten uitgevoerd, waaronder incidentele militaire bijstand en steunverlening. Op 1 januari 2010 is het convenant inanciering Nationale Inzet Krijgsmacht (NIK) in werking getreden. In het convenant staan afspraken tussen het Ministerie van Defensie (Defensie), het Ministerie van Veiligheid en Justitie (VenJ) en het Ministerie van Binnenlandse Zaken en Koninkrijksrelaties (BZK) over de financiering van additionele uitgaven voor deze incidentele militaire bijstand en steunverlening. Van het oorspronkelijke NIK-budget (€ 2.250.000) was 78% afkomstig uit het Gemeentefonds, 11% van de begroting van Binnenlandse Zaken en Koninkrijksrelaties1 en 11% van de begroting van het Ministerie van Veiligheid en Justitie. Deze bedragen zijn structureel overgeheveld naar de Defensiebegroting.",Reparations & Justice,1.0
eindrapport-interdepartementale-evaluatie-convenant-financiering-nationale-inzet-krijgsmacht.pdf,12,"Het NIK-budget voor 2014 is € 2.300.000. Het convenant NIK verving de regeling verrekening additionele uitgaven militaire bijstand. In de oude regeling werd per inzet verrekend middels een factuur aan de initiële aanvrager. Deze systematiek was bureaucratisch, complex en leidde tot een hoge administratieve werklast bij Defensie en de civiele partijen. Ook bestond onduidelijkheid over de verrekening van specifieke vormen van inzet, zoals de inzet van de explosievenopruimingsdienst Defensie (ODD).",Everyday Racism & Modern Racial Inequality,1.0
eindrapport-interdepartementale-evaluatie-convenant-financiering-nationale-inzet-krijgsmacht.pdf,13,"Deze uitvoeringsproblematiek alsook de meer structurele samenwerking met civiele autoriteiten heeft toen geleid tot een herziening van de verrekensystematiek met als resultaat het convenant NIK. Het convenant bevat afspraken over de wijze van verrekenen van de additionele uitgaven, het informeren over de verrekening, de verantwoording en uitzonderingen. In artikel 8 is overeengekomen dat de partijen het convenant iedere vier jaar interdepartementaal zullen evalueren. Daarnaast heeft de minister van Defensie, naar aanleiding van de motie van het lid Knops (Kamerstuk 33 750 X, nr. 25), tijdens het debat over de Defensiebegroting 2014 aan de Tweede Kamer toegezegd om in samenwerking met VenJ en BZK te starten met de evaluatie van het convenant NIK. 1.2",Everyday Racism & Modern Racial Inequality,1.0
eindrapport-interdepartementale-evaluatie-convenant-financiering-nationale-inzet-krijgsmacht.pdf,15,In hoeverre heeft het convenant NIK naar behoren gefunctioneerd in het licht van de afspraken in het convenant en biedt dit voor de toekomst nog voldoende basis? Ter beantwoording en ondersteuning van de onderzoeksvraag zijn de volgende deelvragen per thema opgesteld: Wijze van verrekening additionele uitgaven - Welke uitgaven vallen onder het begrip additionele uitgaven? - Hoe wordt de bijstand en steunverlening verrekend binnen Defensie? 1,Everyday Racism & Modern Racial Inequality,1.0
eindrapport-interdepartementale-evaluatie-convenant-financiering-nationale-inzet-krijgsmacht.pdf,16,Bij het aantreden van kabinet Rutte (oktober 2010) is het Directoraat-generaal Veiligheid van het Ministerie van Binnenlandse Zaken en Koninkrijksrelaties overgegaan naar het Ministerie van Veiligheid en Justitie. 5 - Hoe wordt grootschalige en/of langdurige inzet verrekend? Informeren - Op welke wijze wordt de aanvrager vooraf aan de inzet geïnformeerd over de verrekening? Realisatie NIK - Wat is de feitelijke realisatie van het beschikbaar gestelde budget in de afgelopen jaren? - Hoeveel aanvragen worden ten laste van NIK gehonoreerd?,Everyday Racism & Modern Racial Inequality,1.0
eindrapport-interdepartementale-evaluatie-convenant-financiering-nationale-inzet-krijgsmacht.pdf,17,- In hoeveel gevallen heeft separate financiering plaatsgevonden in het kader van grootschalige of langdurige inzet? - In hoeverre is het huidige NIK-budget toereikend voor de dekking van de uitgaven? - Welke inzet wordt door welk bestuursorgaan aangevraagd? - In welke mate garandeert het Ministerie van Defensie de inzet van de krijgsmacht als de middelen niet toereikend zijn? Trends en ontwikkelingen - Welke trends in de nationale inzet van Defensie zijn te onderkennen sinds NIK van kracht is?,Everyday Racism & Modern Racial Inequality,1.0
eindrapport-interdepartementale-evaluatie-convenant-financiering-nationale-inzet-krijgsmacht.pdf,19,"NIK voorziet in de financiering van de additionele uitgaven ten behoeve van de inzet van militaire bijstand en steunverlening. De evaluatie is uitsluitend gericht op de afspraken over de verrekening van militaire bijstand en steunverlening die verwoord zijn in de artikelen van het convenant. Dit betreft de wijze van verrekenen, informeren over de verrekening, verantwoording en uitzonderingen. De civiel-militaire samenwerking zelf wordt niet geëvalueerd in dit rapport. De aanvraagprocedures voor bijstand en steunverlening, de kwaliteit van de inzet en de versterking van civiel-militaire samenwerking vallen ook buiten de scope van deze evaluatie.",Everyday Racism & Modern Racial Inequality,1.0
eindrapport-interdepartementale-evaluatie-convenant-financiering-nationale-inzet-krijgsmacht.pdf,28,"In de evaluatie wordt een financiële paragraaf opgenomen, ook wel de NIK-rapportage genoemd. Hierin staan de additionele kosten aan mandagen, inzet van materieel en overige additionele kosten die zijn gemaakt voor de inzet, zoals inhuur van materieel. Het Commando Landstrijdkrachten (CLAS) en de Koninklijke Marechaussee (KMar) hanteren een standaard format voor de NIK-rapportage. De overige Operationele Commando’s (OPCO´s) leveren bovengenoemde componenten in een vrije vorm (middels een e-mail) aan. 3 Bevindingen",Everyday Racism & Modern Racial Inequality,1.0
eindrapport-interdepartementale-evaluatie-convenant-financiering-nationale-inzet-krijgsmacht.pdf,32,inanciering2 speelt dan ook geen rol meer in de afweging of besluitvorming. Binnen Defensie toetsen de Directie Juridische Zaken (DJZ) van de Bestuursstaf en de Directie Operaties (DOPS) J3 (operaties) van de Defensiestaf of staf Commando Koninklijke Marechaussee (CKMar) (in geval van bijstand door de Koninklijke Marechaussee) de aanvragen.,Everyday Racism & Modern Racial Inequality,1.0
eindrapport-interdepartementale-evaluatie-convenant-financiering-nationale-inzet-krijgsmacht.pdf,33,"De DOPS (of Koninklijke Marechaussee (KMar)) beoordeelt of en welke middelen de Commandant der Strijdkrachten (CDS) of CKMar kan inzetten. DJZ beoordeelt de juridisch bestuurlijke aspecten. Uiteindelijk dienen de Operationele Commando’s (OPCO’s) de declaratie van de betreffende inzet in bij DOPS J8 (financiën), de budgethouder van NIK. DOPS J8 verrekent, na toetsing, de additionele uitgaven ten laste van NIK. Na elke inzet vindt intern Defensie een evaluatie plaats.",Everyday Racism & Modern Racial Inequality,1.0
eindrapport-interdepartementale-evaluatie-convenant-financiering-nationale-inzet-krijgsmacht.pdf,41,Marktpartijen kunnen deze dienst namelijk ook uitvoeren en op basis van de Wet Markt en Overheid dient Defensie daarom een marktconform tarief in rekening te brengen. Deze factuur wordt naar de gemeente gestuurd en wordt niet ten laste gebracht van NIK. Verrekeningen in 2010 In het eerste jaar van het convenant NIK was het tijdig en volledig verrekenen van de additionele uitgaven een groot aandachtspunt. De onderrealisatie in 2010 is deels te verklaren omdat het convenant in 2010 met terugwerkende kracht inwerking is getreden en omdat Defensie intern moest wennen aan de nieuwe verrekensystematiek.,Reparations & Justice,1.0
eindrapport-interdepartementale-evaluatie-convenant-financiering-nationale-inzet-krijgsmacht.pdf,42,Daarnaast worden inzetten in de laatste maand van het jaar en rondom de jaarwisseling veelal in het volgende jaar verrekend. Sinds 2011 zien de OPCO’s en DOPS J8 er scherper op toe dat alle inzet in het kader van het convenant NIK tijdig verrekend wordt.,Everyday Racism & Modern Racial Inequality,1.0
eindrapport-interdepartementale-evaluatie-convenant-financiering-nationale-inzet-krijgsmacht.pdf,46,"De onderbouwing van de aanvraag wordt door de aanvragende partij aangepast, nadat navraag is gedaan over deze onduidelijkheid. chter, de aanpassing neemt het ‘onderbuik gevoel’ over de rol van capaciteitsproblemen bij aanvragen van civiele organisaties niet weg. 3.2 Informeren en Verantwoording Informeren Het NIK-budget is in de Defensiebegroting opgenomen. Op deze manier worden partijen formeel geïnformeerd over het NIK-budget en het verwachte aantal inzetten.",Everyday Racism & Modern Racial Inequality,1.0
eindrapport-interdepartementale-evaluatie-convenant-financiering-nationale-inzet-krijgsmacht.pdf,49,"Operationeel Coördinatie Centrum (LOCC). Dit centrum steunt de Minister van VenJ en andere betrokken organisaties door onder andere de interregionale, nationale en ook internationale bijstand te coördineren. Ook geeft het LOCC inzicht in beschikbare capaciteiten. LOCC stuurt de aanvraag door naar Defensie. Defensie voert na ontvangst van een aanvraag een juridische en operationele analyse uit.",Everyday Racism & Modern Racial Inequality,1.0
eindrapport-interdepartementale-evaluatie-convenant-financiering-nationale-inzet-krijgsmacht.pdf,50,"Daarna wordt in de antwoordnota expliciet aangegeven of de aanvraag op basis van het convenant NIK gehonoreerd wordt en of de verrekening dus wel of niet via het NIK-budget plaatsvindt. De aanvrager weet door de antwoordnota van Defensie vooraf of de inzet verrekend wordt via het NIK-budget en komt zodoende niet meer voor verrassingen te staan over additionele kosten. Bij een crisis- of andere spoedeisende situaties ondergaat de aanvraag een inhoudelijke, maar versnelde (mondelinge) procedure. Achteraf wordt dan het verzoek en de beslissing daarop alsnog schriftelijk vastgelegd, waarbij tevens wordt bevestigd of de inzetten in deze situaties via NIK verrekend worden. De verrekening van inzetten in crisis of spoedeisende situaties leveren in de praktijk geen problemen op.",Reparations & Justice,1.0
eindrapport-interdepartementale-evaluatie-convenant-financiering-nationale-inzet-krijgsmacht.pdf,51,"Achteraf wordt de aanvrager niet geïnformeerd over hoeveel de inzet heeft gekost en ook niet of de geleverde steunverlening/bijstand tot goede resultaten heeft geleid (enkel bij uitzondering als de aanvragende partij erom vraagt). Wel wordt via het jaarverslag van Defensie gecommuniceerd over het aantal inzetten, de aard van de inzetten en de uitputting van het totale NIK-budget. 10 Verantwoording In het convenant NIK is in artikel 4 ‘Informeren en Verantwoording’ opgenomen dat Defensie, als budgethouder van NIK, verantwoording aflegt in haar jaarverslagen.",Everyday Racism & Modern Racial Inequality,1.0
eindrapport-interdepartementale-evaluatie-convenant-financiering-nationale-inzet-krijgsmacht.pdf,53,3.3 Realisatie NIK In deze paragraaf worden de resultaten getoond van het desk research (kwantitatief) en bevindingen afkomstig van de interviews (kwalitatief) over de realisatie van NIK. 3.3.1 Kwantitatieve resultaten Tabellen en indeling,Everyday Racism & Modern Racial Inequality,1.0
scorekaart-inter-american-development-bank.pdf,12,"De centrale doelstellingen van de bank zijn vermindering van armoede en ongelijkheid op basis van duurzame economische groei en ontwikkeling van de private sector, gekoppeld aan bijzondere aandacht voor kleine en kwetsbare landen. De afgelopen 10-15 jaar is veel bereikt in armoedebestrijding en het vergroten van toegang van de regio tot wereldwijde kapitaalmarkten. Belangrijke uitdagingen voor de regio blijven niettemin sociale uitsluiting en ongelijkheid, tekortschietende productiviteit en innovatie en een traag tempo van economische integratie. De IDB is in dit verband enerzijds een belangrijke partner voor de regio voor financiering van ontwikkeling op gunstige voorwaarden, en opereert anderzijds meer en meer ook als “kennisbank” en in een beleidsadviserende rol. De meerwaarde van de IDB is een hoge mate van eigenaarschap: de landen van de LAC regio beschikken over meer dan 50% van de zeggenschap in de bank.",Everyday Racism & Modern Racial Inequality,1.0
scorekaart-inter-american-development-bank.pdf,22,"Uitgaande van een operationeel programma per jaar van circa USD 100 miljoen, zal het MI naar verwachting in 2018 zijn uitgeput. Nederland heeft in 2002 het IDB – Netherlands Water Partnership Program (INWAP) met USD 10 miljoen gesteund. Dit fonds had een looptijd tot 31 december 2012. In 2014 ontving IIC een trust fund bijdrage van Nederland (DGBB) van USD 0,5 miljoen om business-to-business activiteiten te ontwikkelen tussen het MKB in Nederland en landen uit de LAC regio, te beginnen met Colombia. Scorecard | IDB Pagina 6 van 15 inanciële omvang en bijdragen (bedragen in miljoenen USD).",Everyday Racism & Modern Racial Inequality,1.0
scorekaart-inter-american-development-bank.pdf,28,"Tevens zijn twee strategische doelstellingen geformuleerd: (i) ontwikkeling via de private sector en (ii) bijzondere aandacht voor kleine en kwetsbare landen in de regio. Begin 2015 werd na een breed consultatieproces besloten deze strategische focus verder aan te scherpen en te richten op de volgende drie ontwikkelingsuitdagingen: sociale uitsluiting en ongelijkheid, lage productiviteit en innovatie, en beperkte economische integratie. Bij de uitvoering zal rekening worden gehouden met de volgende dwarsdoorsnijdende thema’s: versterking van instituties en rechtszekerheid, aanpak van klimaatverandering en duurzaamheidsaspecten en het bevorderen van gendergelijkheid en participatie van minderheidsgroepen.",Everyday Racism & Modern Racial Inequality,1.0
scorekaart-inter-american-development-bank.pdf,30,"Onderdeel van het Corporate Results ramework is onder meer een vastgestelde systematiek voor allocatie van leningen, gericht op te realiseren percentages voor de volgende beleidsprioriteiten: armoedebestrijding en bevordering gelijkheid (50%); kleine en kwetsbare landen (35%); klimaatverandering, duurzame energie en milieu (25%) en regionale samenwerking en integratie (15%). De percentages tellen niet op tot 100, want projecten kunnen voor meer dan een leningencategorie kwalificeren. Volgens de MOPAN beoordeling van IDB van 2011 was de DO een significante verbetering vergeleken met eerdere rapportagesystemen, met een focus op de resultaten zelf en niet langer op een ingeschatte realisatie van doelstellingen. en tekortkoming is wel dat de DO alleen op de IDB betrekking heeft en niet op de IIC en MI. Het besluit in maart 2015 om de vier private sector operations loketten van de IDB groep samen te voegen is in dit verband positief te waarderen.",Everyday Racism & Modern Racial Inequality,1.0
scorekaart-inter-american-development-bank.pdf,31,"en recent onderzoek, uitgevoerd door Canada, stelt dat IDB grote vooruitgang heeft geboekt in haar rapportage over development effectiveness. Tegelijkertijd wordt geconstateerd dat de DO nog een aantal tekortkomingen kent. In maart 2015 besloten de gouverneurs dat op korte termijn een actieplan dient te worden ontwikkeld om het Corporate Results ramework verder te verbeteren. Scorecard | IDB Pagina 8 van 15 IDB scoort goed voor wat betreft het transparant maken van hulpstromen (categorie good met een 9e plaats op de ranglijst van het International Aid Transparency Initiative (IATI). Beoordeling: voldoende",Everyday Racism & Modern Racial Inequality,1.0
scorekaart-inter-american-development-bank.pdf,34,"De consolidatie van de vier private sector loketten van de IDB groep, waartoe in 2015 is besloten, zal hier een extra impuls aan geven. Het tot stand brengen van public-private partnerships vormt een belangrijke ambitie van de IDB groep. Andere samenwerkingspartners zijn maatschappelijke organisaties, regionale organisaties en andere MDBs. De IDB groep co-financiert regelmatig met andere II’s zoals IC en CA. Ook met andere financiële instellingen, waaronder bijvoorbeeld het MO, wordt doorgaans goed samengewerkt. Daarnaast zoekt de IDB groep actief naar manieren om de private sector bij financieringsarrangementen van de groep te betrekken (onder andere Microsoft, Coca-Cola, Rabobank).",Everyday Racism & Modern Racial Inequality,1.0
scorekaart-inter-american-development-bank.pdf,57, 3.8 Corruptiebestrijding in de interne organisatie Binnen de IDB is het Office for Institutional Integrity (OII) verantwoordelijk voor de preventie en identificatie van corruptie en fraude. Ook bestaat er een speciale thics Officer en een actieplan voor het verhogen van transparantie en het tegengaan van corruptie binnen de Bank.,Everyday Racism & Modern Racial Inequality,1.0
scorekaart-inter-american-development-bank.pdf,58,"OII rapporteert over haar werk op een specifiek voor dat doel opgezette interne website, waar ook te vinden is hoe men vermoedens van financiële onregelmatigheden kan signaleren. Ook is er een goede regeling voor klokkenluiders. In 2014 werden 121 nieuwe klachten in behandeling genomen. Per eind 2014 waren nog 47 zaken in behandeling. Van de afgeronde onderzoeken resulteerden 24 in acties tegen betrokkenen.",Everyday Racism & Modern Racial Inequality,1.0
scorekaart-inter-american-development-bank.pdf,68,"7. Private Sector Development Relevant. Bij de negende kapitaalverhoging is afgesproken een extra impuls te geven aan private sector ontwikkeling, zowel via leningen en assistentie aan de publieke sector als de private sector. De limiet voor private sector operations in de uitstaande leningenbalans van de IDB werd daartoe verhoogd van 10 tot 20%. Sinds de jaarvergadering van 2013 in Panama wordt gewerkt aan de consolidatie van de vier bestaande private sector operations loketten4 van de IDB groep in een 4",Colonial Exploitation & Economic Inequality,1.0
scorekaart-inter-american-development-bank.pdf,70,"SC (Structured and Corporate inance - onderdeel van de IDB); OMJ (Opportunities for the Majority - onderdeel van de IDB) en MI (Multilateral Investment und - een trust fund in beheer bij de IDB, waar ook Nederland aan bijdraagt). SC is het IDB private sector loket voor grotere bedrijven en transacties. De afgelopen jaren is het aantal private sector leningen via Scorecard | IDB Pagina 13 van 15 opgeschaalde IIC, vooralsnog aangeduid als NewCo.",Dehumanization & Scientific Racism,1.0
scorekaart-united-nations-children-s-fund.pdf,8,"In de humanitaire hulpverlening is UNIC mondiaal coördinator van het cluster water- en sanitaire voorzieningen. 3. Veiligheid en rechtsorde Relevant. Door zijn wereldwijde aanwezigheid is UNIC actief in post- conflict situaties, transitie en wederopbouw. UNIC bepleit de integratie van de rechten van kinderen bij humanitaire hulp en vredesoperaties en geeft gerichte aandacht aan de bescherming van kinderen in deze moeilijke omstandigheden.",Everyday Racism & Modern Racial Inequality,1.0
scorekaart-united-nations-children-s-fund.pdf,13,"5. Gendergelijkheid Relevant. In 2010 is het genderbeleid vernieuwd door de Policy on Gender quality and the mpowerment of Girls and Women. Op basis van dit beleidsdocument heeft UNIC een actieplan ontworpen voor de periode 2014-2017 met een specifiek thematisch genderfonds. Landenkantoren hadden in een evaluatie aangegeven geïnteresseerd te zijn in een operationeel kader, financiële- en technische middelen en specifieke praktische instrumenten.",Everyday Racism & Modern Racial Inequality,1.0
scorekaart-united-nations-children-s-fund.pdf,14,"UNIC heeft dit in het hernieuwde beleid opgenomen. Ook is een gender marker opgenomen, zodat programma activiteiten en middelen op hoofdkantoor- en landenniveau op genderdoelstellingen gemonitord kunnen worden. Naast het eigen beleid heeft UNIC het thema gender ook in de samenwerking met andere multilaterale organisaties versterkt, ook in humanitaire situaties. Binnen het cluster systeem in humanitaire situaties coördineert UNIC samen met UNPA de werkgroep Gender Based Violence als onderdeel van het Protection cluster. 6.",Everyday Racism & Modern Racial Inequality,1.0
scorekaart-united-nations-children-s-fund.pdf,15,Klimaat Beperkt relevant. UNIC heeft geen algemeen beleid op klimaat. UNIC ziet duurzaamheid op het gebied van natuur en milieu als een kans om betere resultaten te boeken voor kinderen. Voor alle UNIC-programma’s en projecten moet een milieu- assessment worden ingevuld. Wel heeft UNIC alle actieplannen van internationale conferenties op dit gebied onderschreven.,Everyday Racism & Modern Racial Inequality,1.0
scorekaart-united-nations-children-s-fund.pdf,18,"UNIC is een systeemorganisatie en opereert op het vlak van humanitaire hulp, transitie en ontwikkeling. Momenteel spendeert UNIC ongeveer 28% van alle fondsen aan humanitaire hulp. UNIC ontvangt een bijdrage voor het humanitaire werk uit het Relief und alsmede voor specifieke humanitaire situaties (in 2014 voor de bola en de Syrië crisis). UNIC coördineert verschillende clusters in het clustersysteem Scorecard | UNIC Pagina 4 van 17 (onderwijs, voeding, water en sanitatie, kinderbescherming) en is een actieve partner in de andere clusters........................................................................15 4.2 xtra relevantie .........................................................................................16 5 Conclusie ................................................................................................17 5.1 Institutionele aspecten en functioneren..........................................................17 5.2 Beleidsrelevantie........................................................................................17 Scorecard | UNIC Pagina 5 van 17 1 Inleiding Scorecards worden opgesteld om het functioneren en de beleidsrelevantie van multilaterale organisaties in kaart te brengen. De Nederlandse inzet in multilaterale organisaties wordt geconcentreerd op organisaties die relevant zijn voor het Nederlandse beleid en die effectief zijn, dan wel een sleutelrol vervullen binnen de multilaterale architectuur als “systeemorganisatie”.",Everyday Racism & Modern Racial Inequality,1.0
scorekaart-united-nations-children-s-fund.pdf,25,"UNIC is naast een normerende organisatie, ook een operationele en coördinerende organisatie. Het mobiliseert steun om regeringen te assisteren bij het ontwikkelen van beleid, wet- en regelgeving en het realiseren van diensten en voorzieningen voor de verbetering van de positie van kinderen, adolescenten alsook vrouwen en hun gezinnen. 2.2 Organisatie, werkwijze en activiteiten De algemene leiding van UNIC ligt bij de Uitvoerend Directeur die verantwoording aflegt aan de Uitvoerende Raad. Op 1 mei 2010 werd de Amerikaan Anthony (Tony)",Everyday Racism & Modern Racial Inequality,1.0
scorekaart-united-nations-children-s-fund.pdf,32,"Voor de periode 2007-2021 is in de West-uropese Groep een nieuw rotatieschema afgesproken. Op grond van dit rotatieschema is Nederland lid van de Uitvoerende Raad in de periode 2014-2016, 2018-2019 en in 2021. 2.4 inanciële omvang en bijdragen UNIC wordt geheel gefinancierd door middel van vrijwillige bijdragen van lidstaten en private fondsen. Core bijdragen vormen het fundament van de organisatie en daarbij de meest flexibele vorm van financiering en zorgen ervoor dat de organisatie, naast het bekostigen van het algemene functioneren, onafhankelijk kan opereren, snel kan handelen of innoveren en de prioriteiten van het Strategisch Plan kan uitvoeren. Non-core bijdragen zijn geoormerkte fondsen en dragen bij aan specifieke thema’s en/of landen.",Everyday Racism & Modern Racial Inequality,1.0
scorekaart-united-nations-children-s-fund.pdf,54,"Daarnaast heeft het een ield Results Group opgericht onder leiding van de plaatsvervangend Uitvoerend Directeur met als doel result based management te versterken, voornamelijk in het veld. UNIC rapporteert zijn resultaten via verschillende kanalen. Los van het jaarlijkse rapport van de Uitvoerende Directeur zijn er jaarlijkse landenrapportages alsmede jaarlijkse rapportages per thema (onderwijs, kinderbescherming, voeding, gezondheid, water, sanitatie en hygiëne, HIV/aids, gender gelijkheid, sociale inclusiviteit en humanitaire hulp). Alle jaarlijkse rapportages hebben een duidelijke link naar het Strategische Plan. Sinds de goedkeuring van het resultatenraamwerk in 2014 reageert UNIC actief op feedback van de landenkantoren om de kwaliteit van het rapporteren te verbeteren.2 Landenkantoren hebben in januari-februari 2015 beter gerapporteerd 2 Paragraaf 4, Board decision 2014,8 on the Results ramework:",Everyday Racism & Modern Racial Inequality,1.0
scorekaart-united-nations-children-s-fund.pdf,55,"“Notes that the exact formulation of the indicators, milestones and targets of the final results framework will continue to evolve and should, where appropriate, be further refined in consultation with Member States, and request an update to the xecutive",Dehumanization & Scientific Racism,1.0
scorekaart-united-nations-children-s-fund.pdf,58,"Jaarlijks wordt er een Sustainability Check uitgevoerd waarbij een onafhankelijke derde partij op basis van een steekproef het functioneren van de voorzieningen inspecteert. UNIC heeft voor de follow-up hiervan afspraken gemaakt met lokale overheden waarin de verantwoordelijkheid van de overheid in het behouden van de voorzieningen wordt vastgelegd. Dit maakt UNIC een echte “game changer” op het gebied van duurzame resultaten. UNIC is in juni 2013 begonnen met het publiceren van informatie op het gebied van financiën en resultaten op basis van de International Aid Transparency Initiative (IATI) standaard. In de Aid Transparancy Index is UNIC van de 63e plaats (2012), naar de 21e plaats geklommen (2013) en in 2014 naar de 14e plaats gestegen.",Dehumanization & Scientific Racism,1.0
scorekaart-united-nations-children-s-fund.pdf,63,"for ducation (GP) en het Sanitation and Water for All initiative. De organisatie heeft in 50 van de 80 mondiale partnerschappen een bestuurlijke rol en accommodeert het secretariaat van zeven daarvan.3 De samenwerking met nationale overheden is over het algemeen goed waardoor UNIC een effectieve nationale pleitbezorger voor kinderrechten is. Los van de samenwerking met andere VN-organisaties en overheden, werkt UNIC samen met de financiële instellingen (Wereldbank, AfDB, ADB, etc.), het maatschappelijk middenveld, de private sector, filantropische organisaties en 3 A Promise Renewed, Better Care Network, Donors Working",Dehumanization & Scientific Racism,1.0
scorekaart-united-nations-children-s-fund.pdf,64,"Group on emale Genital Mutilation/Cutting, Inter- Agency Working Group on Violence against Children, Sanitation and Water for All, United Nations",Dehumanization & Scientific Racism,1.0
scorekaart-united-nations-children-s-fund.pdf,65,"Girls’ ducation Initiative (UNGI), and the Reproductive, Maternal, Newborn and Child Health Trust und/United Nations Commission on",Dehumanization & Scientific Racism,1.0
scorekaart-united-nations-children-s-fund.pdf,72,De nauwe betrokkenheid van de overheid in het planningsproces bevordert transparantie naar de overheid. UNIC werkt via lokale partners die ter plekke door de landenkantoren worden geïdentificeerd. Om op schaal te kunnen opereren zijn nationale en lokale overheden vaak de grootste samenwerkingspartner van UNIC. Programma’s in fragiele staten en humanitaire situaties worden vaker via het Rode Kruis of NGOs uitgevoerd of in het uiterste geval door UNIC zelf. Beoordeling:,Everyday Racism & Modern Racial Inequality,1.0
scorekaart-united-nations-children-s-fund.pdf,75,"De valuatie Dienst rapporteert aan de Uitvoerend Directeur die aanbevelingen overneemt en zorgdraagt voor follow up. De valuatie Dienst rapporteert jaarlijks aan de Uitvoerende Raad. De Uitvoerende Raad keurt het meerjarige werkplan en budget voor evaluatie goed. Het beleid kent duidelijke richtlijnen voor evaluaties, zoals onafhankelijkheid, onpartijdigheid en transparantie. De nadruk ligt op een gedecentraliseerd systeem.",Everyday Racism & Modern Racial Inequality,1.0
scorekaart-joint-united-nations-programme-on-hiv-aids.pdf,11,"UNAIDS monitort de aidsepidemie op wereldwijd en landenniveau en rapporteert daarover aan de Secretaris-Generaal van de VN. Veel overheidsinstanties formuleren hun nationale hiv/SRGR beleid op basis van de epidemiologische gegevens van UNAIDS, dat hiermee als kenniscentrum fungeert. UNAIDS heeft een mandaat met een duidelijke focus en een wereldwijde, leidende rol in het behalen van Millenniumdoelen 5 (Seksuele Reproductieve Gezondheid en Rechten) en 6 (tegengaan verspreiding van hiv/aids). 2.2 Organisatie, werkwijze en activiteiten UNAIDS is geen uitvoerende organisatie, maar een samenwerkingsverband van 11 multilaterale organisaties. UNAIDS coördineert hun inspanningen en werkt verder nauw samen met partners zoals het Global und to fight Aids, Tuberculosis and Malaria, de private sector en initiatieven zoals het Global plan to end new HIV infections among children by 2015",Dehumanization & Scientific Racism,1.0
scorekaart-joint-united-nations-programme-on-hiv-aids.pdf,15,"to zero heeft drie strategische doelen: geen nieuwe infecties, geen nieuwe aidsdoden en geen discriminatie gerelateerd aan hiv/aids. Met tien beleidsprioriteiten ondersteunt UNAIDS landen bij het zorgen voor universele toegang tot hiv-preventie, behandeling en zorg. Dwarsdoorsnijdende thema’s zijn het bevorderen van gendergelijkheid, mensenrechten en goed bestuur (nationaal eigenaarschap, capaciteitsopbouw). De belangrijkste activiteiten van het UNAIDS secretariaat zijn pleitbezorging/beleidsbeïnvloeding, het bijeenbrengen van technische (epidemiologische) kennis en de belangrijkste actoren in en buiten de VN en het 2 Deze vijf NGO’s vertegenwoordigen de regio’s Afrika, Latijns-Amerika en het Caribisch gebied, Noord- Amerika, Azië en uropa. Scorecard | UNAIDS Pagina 5 van 15 coördineren van een effectieve nationale en internationale aidsbestrijding en fondsenwerving.",Everyday Racism & Modern Racial Inequality,1.0
scorekaart-joint-united-nations-programme-on-hiv-aids.pdf,17,"Tegenwoordig dragen ook Rusland, Congo, Ivoorkust en Senegal ongeoormerkt bij aan UNAIDS. Het UNAIDS budget bestond in 2013 uit ongeveer 80% ongeoormerkte “core” financiering. Daarmee bevond het programma zich in een gunstiger positie dan veel andere VN organisaties. Core financiering is belangrijk omdat het neutraliteit verschaft, flexibiliteit bevordert en de organisatie in staat stelt effectiever te reageren op ontwikkelingsbehoeften.",Everyday Racism & Modern Racial Inequality,1.0
scorekaart-joint-united-nations-programme-on-hiv-aids.pdf,44,"Partnerschappen Naast de uitvoering van het mandaat is het aangaan van partnerschappen voor UNAIDS, zelf een partnerschap bij uitstek, core business en volgens de MAR 2012 een sterk punt. In de strategie 2011-2015 zijn partnerschappen een rode draad. Ze brengen VN, overheden, mensen met hiv, NGO’s, financiële instellingen, wetenschap, media en private sector samen. UNAIDS heeft vaak een coördinerende rol.",Everyday Racism & Modern Racial Inequality,1.0
scorekaart-joint-united-nations-programme-on-hiv-aids.pdf,45,"UNAIDS’ benadering heeft de kosten voor levensreddende aids medicijnen in 10 jaar gereduceerd tot bijna nihil en de tijd om medische innovaties te introduceren in situaties waar weinig geld beschikbaar is teruggebracht van 15 naar drie jaar. én van UNAIDS belangrijkste strategische partners is het Global und to fight AIDS, Tuberculosis and Malaria (GATM). UNAIDS werkt nauw samen met GATM op een veelheid van gebieden en voorziet GATM onder meer van technische assistentie in hun financieringscyclus waaronder hulp bij aanwending en monitoring van de subsidies van het GATM. GATM beschouwt het partnerschap met UNAIDS als zeer effectief. Nederland heeft met UNAIDS en NGOs een partnerschap waarin gezamenlijk wordt gewerkt in Oekraïne, Indonesië en Kenia aan betere dienstverlening en respect voor de rechten van meisjes, vrouwen, LGBT, sekswerkers en drugsgebruikers.",Everyday Racism & Modern Racial Inequality,1.0
scorekaart-joint-united-nations-programme-on-hiv-aids.pdf,46,"Scorecard | UNAIDS Pagina 9 van 15 UNAIDS neemt sinds 2007, samen met meer dan 70 andere spelers, waaronder TNT en het AIDS onds, deel in een partnerschap van North Star Alliance,3 dat mobiele bevolkingsgroepen in Afrika duurzaam voorziet van gezondheidsdiensten van hoge kwaliteit. Beoordeling: goed = 4 3.4 ffectiviteit bestuurs- en beheersorganen Sinds de tweede onafhankelijke evaluatie uit 2009 en kritiek op het functioneren op landenniveau heeft UNAIDS maatregelen genomen om effectiever en resultaatgerichter te werken.",Everyday Racism & Modern Racial Inequality,1.0
scorekaart-joint-united-nations-programme-on-hiv-aids.pdf,49,"UNAIDS werkt aan het verder ontwikkelen van monitoring- en evaluatiecapaciteit op landenniveau. De Britse Multilateral Aid Review van 2013 concludeert dat er kostenbesparingen zijn en dat het financieel management en de rapportage over resultaten verbeterd zijn. Deze vooruitgang was voldoende om de beoordeling “value for money” als “goed” te kwalificeren. In de strategie geeft UNAIDS aan dat partners in het zuiden zoals parlementariërs, religieuze organisaties, jongeren en vrouwennetwerken worden betrokken om mensenrechten te bevorderen bij de preventie, behandeling en zorg van HIV. Ook betrekt UNAIDS het maatschappelijk middenveld bij pleitbezorging, fondsenwerving en uitvoering van de programma’s.",Everyday Racism & Modern Racial Inequality,1.0
scorekaart-joint-united-nations-programme-on-hiv-aids.pdf,59,"Dit moet leiden tot een besparing van USD 40 miljoen per eind 2015. De strategie voorziet in personeelsplanning, loopbaanbeleid en mobiliteit. Met het mobiliteitsbeleid zorgt UNAIDS ervoor dat kennis en kunde worden uitgewisseld en dat de organisatie tijdig overal ter wereld goed toegerust personeel kan plaatsen. UNAIDS’ oriëntatie op het veld komt tot uitdrukking in de verdeling van de staf over hoofdkantoor en veldkantoren: per april 2013 was 70% van het personeel werkzaam in het veld en 30% op het hoofdkantoor.",Everyday Racism & Modern Racial Inequality,1.0
scorekaart-joint-united-nations-programme-on-hiv-aids.pdf,71,"Het beleid om fraude te voorkomen en de richtlijnen voor bewustwording van fraude, eveneens geactualiseerd in 2012, bevatten maatregelen om corruptie tegen te gaan en beschrijven te volgen procedures in geval de accountant financiële onregelmatigheden constateert. xterne consultants schenken aandacht aan het risico op fraude in de landenkantoren als onderdeel van de reviews die worden uitgevoerd om de verantwoording van landenkantoren te verbeteren. In 2013 zijn geen fraudegevallen geconstateerd. Beoordeling: Goed =",Everyday Racism & Modern Racial Inequality,1.0
scorekaart-joint-united-nations-programme-on-hiv-aids.pdf,77,"UNAIDS zet zich in voor seksuele voorlichting en toegang tot informatie en voorzieningen (ook voor jongeren), rechten en zorg voor seksuele minderheden en zelfbeschikking voor vrouwen en meisjes, het voorkomen van hiv-overdracht van moeder op kind en het terugdringen van hiv-gerelateerde sterfte rond zwangerschap en bevalling. Nederland werkt nauw samen met UNAIDS in Oekraïne, Indonesië en Kenia aan betere dienstverlening en respect voor de rechten van meisjes, vrouwen, LGBT, sekswerkers en drugsgebruikers. Het IOB rapport Achieving universal access to sexual and reproductive health and rights – synthesis of multilateral contribution to advancing sexual and reproductive health and rights (2006-2012) concludeert dat UNAIDS een cruciale rol speelt in het betrekken van organisaties van mensen met hiv/aids en het versterken van hun capaciteit en leiderschap. Ook is UNAIDS instrumenteel geweest in het belichten van Aids als een mensenrechtenkwestie.",Dehumanization & Scientific Racism,1.0
scorekaart-joint-united-nations-programme-on-hiv-aids.pdf,81,"8. Humanitaire hulp Beperkt relevant. UNAIDS heeft samen met het Internationale Rode Kruis richtlijnen opgesteld hoe om te gaan met hiv-preventie, zorg en behandeling in humanitaire noodsituaties. De thematische sessie van de 36ste bestuursvergadering (juni 2015) wordt gewijd aan ‘HIV in mergency Contexts’. UNHCR is cosponsor van UNAIDS.",Everyday Racism & Modern Racial Inequality,1.0
state-safety-programme-2015-2019.pdf,23,"Veiligheidsrandvoorwaarden, verplichtingen die voortvloeien uit internationale verplichtingen, zoals het verdrag van Chicago, maar nog niet volledig zijn geïmplementeerd. Van de overheid mag worden gevergd dat dergelijke verplichtingen worden nagekomen zeker als de veiligheid daarmee is gediend. Veiligheidsprioriteiten, geven aan waar versterking van het veiligheidsmanagement gewenst is, bijvoorbeeld omdat op onderdelen van de luchtvaart de regelgeving (nog) niet van toepassing is of meer voorlichting nodig is. Deze doelen, randvoorwaarden en prioriteiten worden opgenomen in het Actieplan. Het SSP wordt aan de Tweede Kamer aangeboden.",Everyday Racism & Modern Racial Inequality,1.0
state-safety-programme-2015-2019.pdf,32,"Daarnaast geldt als randvoorwaarde dat:  veiligheidsregelgeving en het toezicht zijn gebaseerd op risico analyse en prestatiemeting,  veiligheidstrends worden geïdentificeerd en geconstateerde risico’s beheerst,  veiligheidsprestatie wordt gemeten aan de hand van nationale veiligheidsindicatoren en de veiligheidsindicatoren van de Nederlandse luchtvaartbedrijven,  afspraken worden gemaakt met de luchtvaartbedrijven over veiligheid en de continue verbetering daarvan,  veiligheidsinformatie wordt verzameld, geanalyseerd en gedeeld met alle betrokkenen met als doel verbetering van de veiligheid,  voldoende middelen worden ingezet,  medewerkers zijn toegerust en getraind om taken uit te kunnen voeren en verantwoordelijkheden waar te kunnen maken. In het jaarlijks op te stellen Actieplan wordt aangegeven welke concrete stappen worden gezet om hier invulling aan te geven. Safety culture VMS gaat om een veiligheidscultuur, waarin veiligheid als een eigen verantwoordelijkheid wordt beschouwd en waar veiligheidservaringen worden gemeld om van te kunnen leren. Reporting culture",Everyday Racism & Modern Racial Inequality,1.0
state-safety-programme-2015-2019.pdf,36,Algemeen Door het internationale karakter van de luchtvaart komt bijna alle regelgeving voor luchtvaartveiligheid in internationaal verband tot stand. De Nederlandse regelgeving voor interne luchtvaartveiligheid (het veilig vliegen) vloeit voort uit ICAO-standaarden en –aanbevelingen. Nederland heeft als partij bij het Verdrag betreffende de internationale burgerluchtvaart de verplichting de in het verdrag opgestelde standaarden (5.1.2) te implementeren in de Nederlandse regelgeving4. Dit gebeurt grotendeels via uropese regelgeving.,Everyday Racism & Modern Racial Inequality,1.0
state-safety-programme-2015-2019.pdf,37,"uropese verordeningen werken rechtstreeks door in de Nederlandse rechtsorde. uropese aanbevelingen worden in Nederlandse regelgeving geïmplementeerd. De regelgeving voor de luchtvaart in Nederland is, naast de rechtstreeks werkende uropese verordeningen, neergelegd in de Wet luchtvaart, de Luchtvaartwet en daarop gebaseerde algemene maatregelen van bestuur en ministeriële regelingen. ICAO en ASA zien erop toe of Nederland zich houdt aan de internationale verplichtingen en regels. ICAO audits die slechts leidden tot een momentopname zijn opgevolgd door de Continuous Monitoring Approach (CMA), waarbij de verdragstaat digitaal verantwoording dient af te leggen over de naleving van de standaarden en aanbevelingen en het melden en oplossen van afwijkingen.",Everyday Racism & Modern Racial Inequality,1.0
state-safety-programme-2015-2019.pdf,41,"ICAO-standaarden dienen de basis te vormen voor hun nationale regelgeving, indien noodzakelijk kan gemotiveerd worden afgeweken. Het is een veiligheidsprioriteit dat de landen Curaçao, Sint Maarten en Aruba op 1 januari 2019 alle ICAO-standaarden, waarvoor niet na gedegen afweging een afwijking is gemeld, hebben geïmplementeerd in de nationale regelgeving (5.3.4). Nederland zal de regiegroep, die is belast 4 Nederland heeft als doel ook alle aanbevelingen te implementeren. 9 15 juni 2015 met de uitwerking van het Protocol betreffende de samenwerking op het gebied van de burgerluchtvaart binnen het Koninkrijk, benutten om dit te bevorderen. 1.2.3 ICAO",Everyday Racism & Modern Racial Inequality,1.0
state-safety-programme-2015-2019.pdf,44,Het ministerie hanteert daarbij een procedure7 om als Staat te reageren met inachtneming van de input van de relevante stakeholders en tevens het melden van gemotiveerde afwijkingen van de ICAO- standaarden. De processen en de rollen van de Coördinator ICAO State Letters en de National Coordinator Monitoring Compliance (NCMC) zijn beschreven in deel drie: SSP gerelateerde procedures en werkafspraken.,Everyday Racism & Modern Racial Inequality,1.0
state-safety-programme-2015-2019.pdf,45,"Daar wordt ook beschreven hoe om te gaan met U-aanbevelingen voor de beantwoording van State Letters. Het is een veiligheidsrandvoorwaarde dat alle State Letters die een relatie hebben met de implementatie van regelgeving binnen Nederland op tijd zijn beantwoord en indien er nieuwe afwijkingen ontstaan die zo snel mogelijk worden aangepakt en in ieder geval tijdig worden vermeld in het ICAO Online ramework (5.3.5). ICAO houdt toezicht op de wijze waarop verdragsstaten voldoen aan de standaarden, het zogenaamde Universal Safety Oversight Audit Programme (USOAP). Deze audits gebeuren digitaal in de zogenaamde Continuous Monitoring Approach (USOAP CMA). ICAO hanteert een ranglijst voor de mate van implementatie van de ICAO- standaarden in de verdragstaten, Nederland staat in 2015 op plaats 208.",Everyday Racism & Modern Racial Inequality,1.0
state-safety-programme-2015-2019.pdf,46,"Nederland heeft de ambitie zich met toonaangevende landen9 in de wereld 5 North Atlantic and uropean Region 6 North/Central American and Caribbean Region 7 Geautoriseerde procedure: Afhandeling State Letters in het Koninkrijk der Nederlanden 8 Ranglijst is gebaseerd op uitkomsten ICAO audit van alle verdragstaten 9 Onder andere Australië, Canada, Verenigd Koninkrijk, Verenigde Staten van Amerika en Zwitserland 10 15 juni 2015 te kunnen meten qua luchtvaartveiligheid en implementatie van ICAO- standaarden. Het is een veiligheidsrandvoorwaarde dat Nederland op 1 januari 2016 beschikt over een plan van aanpak hoe in het ICAO Online ramework naast de afwijkingen ook de wijze van naleving wordt vermeld en Nederland, inclusief het Caribische gedeelte, eind 2018, zich weer rangschikt tussen de toonaangevende landen op basis van een ICAO audit (5.3.6).",Everyday Racism & Modern Racial Inequality,1.0
state-safety-programme-2015-2019.pdf,55,"De effectiviteit van de regelgeving wordt regelmatig besproken met de luchtvaartbedrijven en binnen het ministerie van IenM geëvalueerd. Deze evaluatie is onderdeel van de werkafspraken tussen het Directoraat- generaal Bereikbaarheid (DGB), ILT en de Hoofddirectie Bestuurlijke en Juridische Zaken (HBJZ)16 van het ministerie van IenM. ILT brengt toezichtsignalen uit aan DGB. De toezichtsignalen kunnen gaan over belangrijke ontwikkelingen in de uitvoeringspraktijk of over de toereikendheid van beleid, wet- en regelgeving en het ter beschikking staande interventie-instrumentarium. De toezichtsignalen vormen een belangrijk element in het sluiten van de beleidscyclus binnen het ministerie van IenM. 13 U 1178/2011 14 Rapport : Ongevallen in de kleine luchtvaart, januari 2014.",Everyday Racism & Modern Racial Inequality,1.0
state-safety-programme-2015-2019.pdf,58,"De ICAO-standaarden en -aanbevelingen vormen het uitgangspunt, ook ten aanzien van veiligheidsmanagement. ASA ziet toe dat lidstaten de uropese regels uitvoeren en naleven. 1.3.2 Ministerie van Infrastructuur en Milieu Bij het ministerie van IenM zijn de luchtvaarttaken op het gebied van beleid, vergunningverlening, toezicht en crisisbeheersing belegd.",Everyday Racism & Modern Racial Inequality,1.0
state-safety-programme-2015-2019.pdf,63,"ILT ziet er op toe dat die eisen worden nageleefd door adequate afspraken tussen de burgerexploitant en de militaire eigenaar. 13 15 juni 2015 In een deel van het luchtruim boven Nederland worden luchtverkeersdiensten geleverd door het Ministerie van Defensie. Search & Rescue acties, conform ICAO annex 12, worden gecoördineerd door de Nederlandse Kustwacht17, dat is aangewezen als Nederlands Maritiem en Aeronautisch Reddings Coördinatie Centrum.",Everyday Racism & Modern Racial Inequality,1.0
verkenning-integriteitsbeleid-rond-wethouder-benoemingen-2014.pdf,2,"Dit is een respons van 52% van de 384 gemeenten waar op 19 maart 2014 verkiezingen zijn gehouden De provincies Noord-Holland en Limburg en het ministerie van BZK hebben een modelvragenlijst opgesteld en aan de kabinetschefs van de commissarissen van de Koning aangeleverd met het verzoek om aan de hand daarvan in de maanden juni en juli de ervaringen van de burgemeesters te inventariseren. Inherent aan een enquête is een aantal beperkingen met betrekking tot de conclusies die kunnen worden getrokken en hun reikwijdte. Niet elke provincie heeft de enquête uitgevoerd. Bovendien heeft niet elke provincie dezelfde werkwijze gevolgd. In de ene provincie zijn de vragen telefonisch aan burgemeesters voorgelegd, in de andere is de vragenlijst schriftelijk rondgezonden.",Everyday Racism & Modern Racial Inequality,1.0
verkenning-integriteitsbeleid-rond-wethouder-benoemingen-2014.pdf,5,Bestuurlijk integriteitsbeleid blijkt echter nog niet in elke gemeente vanzelfsprekend.2 De verantwoordelijkheid en invulling van het bestuurlijke integriteitsbeleid in een gemeente ligt uiteindelijk bij de afzonderlijke gemeenteraden.3 Uit onderliggende verkenning blijkt dat de brief van individuele commissarissen van de Koning en de brief van de minister van BZK over het inventariseren van integriteitsrisico’s van kandidaat wethouders door de meerderheid van de burgemeesters als steun in de rug wordt gezien. De brieven zijn gebruikt om het onderwerp integriteitscreening van kandidaat wethouders in de gemeenteraad te agenderen en de brieven zijn als handvat gebruikt om de mogelijke werkwijzen en instrumenten voor integriteitbeoordeling van kandidaat wethouders met de gemeenteraad te bespreken. Veelgehoorde kanttekening van burgemeesters daarbij is dat de brieven te laat kwamen om nog van invloed te zijn op de lijstsamenstelling en kandidaatstelling door politieke partijen. Andere gemeenten hebben de brieven ter kennisname aangenomen omdat de gemeente reeds afspraken hadden gemaakt en de brieven volgens hen geen nieuwe inzichten brachten.,Everyday Racism & Modern Racial Inequality,1.0
verkenning-integriteitsbeleid-rond-wethouder-benoemingen-2014.pdf,7,daar heb je de burgemeester weer’. Veelgehoorde redenen voor het niet uitvoeren van een risicoanalyse of screening van kandidaten waren omdat men de kandidaten al kende of omdat het door de gemeenteraad als overbodig beschouwd werd. Met name tegen het screenen van aanblijvende wethouders bestond in veel gemeenten weerstand of vond men overbodig. Voor deze kandidaten is een actuele risicobeoordeling veelal achterwege gebleven. 1,Everyday Racism & Modern Racial Inequality,1.0
verkenning-integriteitsbeleid-rond-wethouder-benoemingen-2014.pdf,12,Aanblijvende wethouders of voormalige raadsleden zijn hiervan in de meeste gemeenten ‘vrijgesteld’. Bij lokaal bekenden wordt het als overbodig beschouwd. De BKR-verklaring is bij de overgrote meerderheid onbekend of wordt door de meerderheid als overbodig beschouwd; “ Het zegt niet zoveel dat iemand een hypotheek of andere schulden heeft”.,Everyday Racism & Modern Racial Inequality,1.0
verkenning-integriteitsbeleid-rond-wethouder-benoemingen-2014.pdf,15,"Wel wordt genoemd dat de bewustwording over risico’s bij de kandidaten is toegenomen. Over de kwaliteit van de screening door de externe bureaus was men over het algemeen tevreden. én burgemeester noemde de resultaten van het bureau als te algemeen en te subjectief en bij een ander had het bureau een onverenigbare functie over het hoofd gezien. Redenen om geen extern bureau in te huren waren onder meer de hoge kosten, men zag het als overbodig omdat men bijvoorbeeld de kandidaten kende of omdat men het als eigen verantwoordelijkheid van de kandidaten zag om informatie aan te leveren. en burgemeester gaf aan de vragenlijst van het ingehuurde bureau de volgende keer zelf te gaan gebruiken voor het screenen van kandidaten.",Everyday Racism & Modern Racial Inequality,1.0
verkenning-integriteitsbeleid-rond-wethouder-benoemingen-2014.pdf,18,Veelgehoorde opmerking was dat de kandidaat-wethouders nu onder de loep liggen maar dat het mogelijk belangrijker is om raadsleden te trainen in morele oordeelsvorming. nkele burgemeesters geven aan behoefte te hebben aan handvatten en steun om integriteitsbeleid vorm te geven. en burgemeester meende dat ook bij enkele burgemeesters nog spookbeelden over integriteit bestaan en opleiding en training dus voor alle betrokken partijen zinvol is. Aan de ene zijde vragen burgemeesters om dwingende voorschriften en protocollen om integriteitsbeleid vorm te geven aan de andere zijde beschouwen anderen elke steun van buiten als een inbreuk op de gemeentelijke autonomie en zien ze bijvoorbeeld het inschakelen van externe bureaus als lapmiddelen voor een zwakke positie van een burgemeester in de gemeenteraad of in het college. Burgemeesters voelen in het algemeen een bijzondere verantwoordelijkheid voor het bewaken van de bestuurlijke integriteit in de gemeente en zijn daarmee ook actief.,Everyday Racism & Modern Racial Inequality,1.0
verkenning-integriteitsbeleid-rond-wethouder-benoemingen-2014.pdf,39,BKR te overleggen. Bij de totale afweging door de raad kan de raad betrekken of een VOG daadwerkelijk kan worden overlegd. Voor politiek ambtsdragers bestaat een specifiek screeningsprofiel. De minister van BZK heeft in zijn brief in februari 2014 kenbaar gemaakt het wenselijk te vinden dat kandidaat-wethouders wordt gevraagd een VOG te overleggen. Het is geen wettelijk benoembaarheidsvereiste.,Everyday Racism & Modern Racial Inequality,1.0
verkenning-integriteitsbeleid-rond-wethouder-benoemingen-2014.pdf,56,"Centrale vraag: zijn er nog zaken die wij moeten weten en die tot problemen kunnen leiden? Dat zo'n gesprek geen formaliteit hoeft te zijn, bewijst de gemeente Oude IJsselstreek. Zij meldde vorige week dat de SP-wethouder zich twee dagen na zijn aantreden alsnog had teruggetrokken omdat hij belangrijke informatie niet in het gesprek met de burgemeester had gedeeld. 12 Het verst in de integriteitsbewaking, blijkt uit de inventarisatie van de krant, gaan 66 gemeenten die een extern bureau hebben gevraagd hun wethouders te screenen.",Everyday Racism & Modern Racial Inequality,1.0
de-staat-van-het-onderwijs-onderwijsverslag-2013-2014.pdf,6,"en constante is echter de voortdurende discussie over onderwijs. Terecht: het is een van de belangwekkendste onderwerpen voor de Nederlandse samenleving. Bijna honderd jaar geleden, in 1917, werd de grondwet aangepast. Artikel 23, vaak samengevat als het artikel dat de vrijheid van onderwijs bepaalt, geeft ruimte aan een pluriform onderwijssysteem met een grote mate van autonomie voor schoolbesturen. Hierin is het Nederlandse onderwijs- systeem uniek.",Everyday Racism & Modern Racial Inequality,1.0
de-staat-van-het-onderwijs-onderwijsverslag-2013-2014.pdf,8,"Veel vruchtbare initiatieven gaan uit van de mogelijkheden die het onderwijs zelf in zich heeft. De aandacht voor onderwijsexperimenten groeit en vaak blijken regelgeving en toezicht meer ruimte te bieden dan vooraf gedacht. Het is juist zo belangrijk dat scholen zelf hun ambities stellen, omdat er geen centrale alomvattende definitie is van onderwijskwaliteit. Goed en excellent onderwijs kan vele gezichten hebben. Ideeën over goed onderwijs ontstaan in het gesprek tussen leraren, studenten, ouders, bestuurders, wetenschappers en de samenleving.","Remembrance, Heritage & Education",1.0
de-staat-van-het-onderwijs-onderwijsverslag-2013-2014.pdf,15,"Hiervoor zijn tijd, doorzettingsvermogen en blijvende aandacht nodig. Grote verschillen en professionalisering Tot slot valt op hoe groot de verschillen zijn tussen de scholen en opleidingen. Deze verschillen zien we op alle terreinen: in motivatie en tevredenheid van leerlingen, kwaliteit van lessen, plaatsing van leerlingen en studenten, succes in het vervolgonderwijs of op de arbeidsmarkt en werkplezier van leraren. Hoe zorgen we ervoor dat scholen en opleidingen van elkaar leren, dat zij niet zelf het wiel gaan uitvinden?",Everyday Racism & Modern Racial Inequality,1.0
de-staat-van-het-onderwijs-onderwijsverslag-2013-2014.pdf,25,"Het onderwijs in sectoren deel 1 De staat van het onderwijs 12 1 inspe ct ie van h et onderwijs | onderw i j sver sla g 2 0 1 3 / 2 0 1 4 13 de sta at va n h et o n d e rwi j s Overgangen en schoolloopbanen Sneller naar diploma, gerichtere plaatsing en minder opstroom De afgelopen jaren worden schoolloopbanen korter.",Everyday Racism & Modern Racial Inequality,1.0
de-staat-van-het-onderwijs-onderwijsverslag-2013-2014.pdf,26,Leerlingen en studenten gaan sneller door het onderwijs en halen sneller het eindniveau. In het basisonderwijs en voortgezet onderwijs blijven minder leerlingen zitten. Ook zijn de rendementen in het middelbaar beroepsonderwijs (mbo) en wetenschappelijk onderwijs (wo) toegenomen. De kortere schoolloopbanen ontstaan mede doordat scholen in het voortgezet onderwijs en het mbo leerlingen vaker op hun verwachte niveau plaatsen. Ook hanteren scholen en opleidingen steeds vaker selectie- en plaatsingscriteria.,Everyday Racism & Modern Racial Inequality,1.0
de-staat-van-het-onderwijs-onderwijsverslag-2013-2014.pdf,27,"De overgangen tussen en binnen sectoren staan hiermee onder druk. Daarmee neemt de brede spreiding in het voortgezet onderwijs af. Dit betekent minder leerlingen in de basis- beroepsgerichte leerweg in het vmbo, maar ook minder leerlingen in het vwo. De instroom in het wetenschappelijk onderwijs lijkt af te vlakken. Ook gaan er meer leerlingen direct na het halen van een diploma vanuit het vmbo naar het mbo en vanuit het havo naar het hbo.","Remembrance, Heritage & Education",1.0
de-staat-van-het-onderwijs-onderwijsverslag-2013-2014.pdf,30,In het havo daalt het percentage zittenblijvers sinds 2012. Meer selectie in onderbouw vo  In het voortgezet onderwijs gaat de daling van het zittenblijven gepaard met strengere plaatsing en meer selectie in de onder- bouw. Het percentage homogene brugklassen neemt toe en sinds drie jaar is er meer afstroom dan opstroom in de onderbouw. Zo stroomt een kwart van alle kinderen met een havo-advies af naar de gemengde/theoretische leerweg van het vmbo.,"Remembrance, Heritage & Education",1.0
de-staat-van-het-onderwijs-onderwijsverslag-2013-2014.pdf,31,"Het gevolg van de strengere plaatsing is dat het percentage leerlingen dat naar het vwo gaat, de afgelopen twee jaar daalt. 1 Vuuren, D. van, & Wiel, K. van der (2015). Zittenblijven in het primair en voortgezet onderwijs. en inventarisatie van de voor- en nadelen. CPB",Everyday Racism & Modern Racial Inequality,1.0
de-staat-van-het-onderwijs-onderwijsverslag-2013-2014.pdf,34,"Wel neemt deze directe doorstroom in het mbo af. Meer passende plaatsing in het mbo  In totaal volgt 70 procent van de gediplomeerde vmbo’ers in het mbo een opleiding die qua niveau past bij hun vooropleiding: 16 procent zit op een lager niveau en 14 procent op een hoger niveau. Het percentage studenten met een bij hun niveau passende opleiding is, vergeleken met twee jaar geleden, iets toegenomen. Vooral studenten met een diploma van de gemengde/theoretische leerweg starten in het mbo vaak op een lager niveau (een kwart).",Everyday Racism & Modern Racial Inequality,1.0
de-staat-van-het-onderwijs-onderwijsverslag-2013-2014.pdf,38,"In 2013 blijven minder leerlingen ziten in de bovenbouw van het voortgezet onderwijs. Vooral bij de havo is de daling opvallend. Ziten- blijvers 16,3% 7,9% 5,4% 17,9% vmbo-b Basisonderwijs vmbo-k vmbo-g/t havo","Remembrance, Heritage & Education",1.0
de-staat-van-het-onderwijs-onderwijsverslag-2013-2014.pdf,42,"Daling rendementen hbo  In het hbo dalen de rendementen nog steeds. In het eerste jaar vallen hier ook minder studenten uit dan voorgaande jaren, maar er zijn meer studenten die besluiten om toch een andere studie te volgen. Degenen die een diploma halen, doen dat net zo snel als voorheen; een voltijd bachelor-student heeft zo’n 4,5 jaar nodig om een diploma te halen.",Everyday Racism & Modern Racial Inequality,1.0
de-staat-van-het-onderwijs-onderwijsverslag-2013-2014.pdf,50,"Dit komt deels doordat meer leerlingen vanuit het regulier onderwijs binnenkomen en deels door een toename van het aantal leerlingen dat vanuit het speciaal onderwijs doorgaat naar het vso. Na het speciaal onderwijs gaan relatief minder leerlingen dan vorig jaar door naar het regulier voortgezet onderwijs. Veel leerlingen in het vso volgen een onderwijsprofiel en halen steeds vaker een diploma, meestal op vmbo-niveau. Twee vijfde van de leerlingen gaat daarna nog door in het mbo of ho. Overgang van mbo naar hbo ",Everyday Racism & Modern Racial Inequality,1.0
de-staat-van-het-onderwijs-onderwijsverslag-2013-2014.pdf,51,"Het percentage studenten dat met een mbo 4-diploma doorstroomt naar het hbo daalde de afgelopen jaren, maar nam in 2013 toe. De overgang verloopt niet altijd soepel, mbo- studenten zijn in eerste instantie minder succesvol in het hbo. Ze vallen bijna twee keer zo vaak uit als studenten die na de havo een hbo-opleiding volgen. De uitval van mbo’ers neemt wel iets af, maar minder sterk dan onder havisten.",Everyday Racism & Modern Racial Inequality,1.0
de-staat-van-het-onderwijs-onderwijsverslag-2013-2014.pdf,60,"4 gediplomeerde doorstroom gediplomeerde uitstroom 2009 2013 inspe ct ie van h et onderwijs | onderw i j sver sla g 2 0 1 3 / 2 0 1 4 16 hbo wo vwo havo Bron: OCW, 2015 Bron: DUO /",Everyday Racism & Modern Racial Inequality,1.0
de-staat-van-het-onderwijs-onderwijsverslag-2013-2014.pdf,61,"OCW, 2015 Bron: DUO/OCW, 2015 Bron: DUO / OCW, 2015 Het percentage studenten met een hbo-diploma (niet propedeuse) dat direct doorstroomt naar het wo (bachelor en master) daalt.",Everyday Racism & Modern Racial Inequality,1.0
de-staat-van-het-onderwijs-onderwijsverslag-2013-2014.pdf,62,"Infographic 2d Gediplomeerde doorstroom binnen het voortgezet onderwijs Infographic 2e Verdeling leerlingen in het derde leerjaar van het voortgezet onderwijs* verschuif Vmbo-g/t groeit, vwo en vmbo-basis daalt Infographic","Remembrance, Heritage & Education",1.0
de-staat-van-het-onderwijs-onderwijsverslag-2013-2014.pdf,67,havo havo > vwo Het percentage gediplomeerde vmbo-g/t leerlingen dat opstroomt naar de havo daalt sterk. vwo havo vmbo gemengd/ theoretisch vmbo kader vmbo basis Index,"Remembrance, Heritage & Education",1.0
de-staat-van-het-onderwijs-onderwijsverslag-2013-2014.pdf,71,De toegenomen doelmatigheid binnen scholen en instellingen en de druk op over- gangen tussen scholen en instellingen resulteren in verschuivingen binnen het Nederlands onderwijsstelsel. Deze zijn te zien in infographic 2a. Daling vwo-leerlingen  De verdeling van leerlingen over de schoolsoorten in het voortgezet onderwijs verandert (zie infographic 2e).,"Remembrance, Heritage & Education",1.0
de-staat-van-het-onderwijs-onderwijsverslag-2013-2014.pdf,72,"Decennialang groeide het percentage vwo-leerlingen, maar dit neemt nu af. Ook het percentage leerlingen in leerjaar 3 van de vmbo- basisberoepsgerichte leerweg daalt al een aantal jaar. Het percentage leerlingen in de gemengde/theoretische leerweg stijgt daarentegen. Wisselend beeld diploma-stapeling binnen vo  De doorstroom vanuit het vmbo-g/t naar de havo is gedaald van 18,5 procent van de gediplomeerde leerlingen in 2009 naar 13 procent in 2013 (zie infographic 2d).","Remembrance, Heritage & Education",1.0
de-staat-van-het-onderwijs-onderwijsverslag-2013-2014.pdf,73,Ook de doorstroom van havo naar vwo daalt. Vanuit vmbo-g/t en havo gaan dus minder leerlingen door in het voortgezet onderwijs. Dit geldt niet voor leerlingen met een basisberoepsgerichte opleiding binnen het vmbo. Van deze leerlingen stroomt juist een groter aandeel door naar een hogere leerweg. Meer directe doorstroom vanuit vo ,"Remembrance, Heritage & Education",1.0
de-staat-van-het-onderwijs-onderwijsverslag-2013-2014.pdf,74,Na een diploma in het voortgezet onderwijs gaan meer leerlingen naar een aansluitende vervolgopleiding. Zo gaan meer leerlingen met een vmbo-g/t diploma naar het mbo. Bij havo- gediplomeerden zien we eenzelfde ontwikkeling: een relatief groter deel van de havo-gediplomeerden stroomt door naar het hbo. n ook bij leerlingen met een vwo- diploma gaat een groter percentage direct door naar de universiteit (en iets minder naar het hbo).,"Remembrance, Heritage & Education",1.0
de-staat-van-het-onderwijs-onderwijsverslag-2013-2014.pdf,75,Doorstroom mbo-hbo en hbo-wo  De afgelopen jaren daalde de doorstroom binnen het mbo (zie infographic 2b) en van het mbo naar het hbo. In 2013 kiezen weer meer mbo 4-gediplomeerden voor een vervolg in het hbo (39 procent) (zie infographic 2a). De meeste van deze studenten hadden voor het mbo een diploma gemengde/,Everyday Racism & Modern Racial Inequality,1.0
de-staat-van-het-onderwijs-onderwijsverslag-2013-2014.pdf,76,theoretische leerweg in het vmbo behaald. De door- stroom vanuit het hbo naar het wo daalt al een aantal jaar (infographic 2c). Mogelijk hangt de daling samen met het feit dat universiteiten sinds het studiejaar 2013/2014 toelatingseisen mogen stellen aan een student met een hbo-propedeuse. Minder instroom ho ,Everyday Racism & Modern Racial Inequality,1.0
de-staat-van-het-onderwijs-onderwijsverslag-2013-2014.pdf,80,"Wanneer de werkloosheid toeneemt, is het voor scholen voor voortgezet speciaal onderwijs lastiger om werkgevers te vinden die stageplekken beschikbaar stellen en jongeren kansen geven op een al dan niet beschermde werkplek. Scholen spannen zich over het algemeen goed in om vso-leerlingen voor te bereiden op de arbeidsmarkt. Zij doen dit door middel van stage, sectorgerichte arbeidstoeleiding, een eigen arbeidstrainingscentrum en leerwerkplekken of aansluiting bij initiatieven van andere scholen of de gemeente. en goed netwerk van de school en een ‘warme overdracht’ zijn voor de leerling belang- rijke voorwaarden om een passende baan te vinden. Minder vaak baan voor mbo’ers ",Everyday Racism & Modern Racial Inequality,1.0
de-staat-van-het-onderwijs-onderwijsverslag-2013-2014.pdf,102,"Voor leerlingen en studenten in het vmbo en mbo gaat dit niet ten koste van het eindniveau, dit neemt verder toe. Voor de havo, het vwo en het ho lijkt dit wel het geval: het aandeel vwo-diploma’s in het voortgezet onderwijs neemt af en de instroom in het ho vlakt af. 7 Zie ook Wolf, Inge de (2014).","Remembrance, Heritage & Education",1.0
de-staat-van-het-onderwijs-onderwijsverslag-2013-2014.pdf,103,"Pak een hamer en doe mee! Onderzoek naar het onderwijssysteem in de Academische Werkplaats Onderwijs. Inaugurele rede op 9 oktober 2014, Universiteit Maastricht. 2011/ ’",Everyday Racism & Modern Racial Inequality,1.0
taken-en-verantwoordelijkheden-rijksvertegenwoordiger.pdf,2,"2. De Rijksvertegenwoordiger kan de departementale liaisons, de directeur RCN/centraal en de overige diensthoofden aanspreken wat betreft hun functioneren als deel van een eenduidig optredende rijksoverheid. Dit doet de Rijksvertegenwoordiger door op basis van het meerjarenprogramma zorg te dragen voor de samenwerking tussen de liaisons en diensthoofden, overzicht over de ontwikkelingen te behouden, het agenderen van departement overstijgende vraagstukken, het bewaken van de consistentie in het optreden van de liaisons en diensthoofden (eenduidig optreden als rijksoverheid), het opzetten van een integraal communicatiebeleid en het toezien op de uitvoering van het rijksbeleid, zoals is verwoord in de kabinetsreactie (kst-33750-IV-35). De inhoudelijke aansturing en personeelsverantwoordelijkheid ten opzichte van hun eigen liaisons en diensthoofden blijft een zaak van de departementen. De rijksvertegenwoordiger is bestuurder van RCN/Centraal.","Remembrance, Heritage & Education",1.0
taken-en-verantwoordelijkheden-rijksvertegenwoordiger.pdf,3,"3. Begeleiden en ontvangen van bestuurlijke en ambtelijke bezoeken uit Nederland en de andere landen binnen het Koninkrijk. Taken voortkomend Wet openbare lichamen Bonaire, Sint ustatius en Saba (WolBS) en Wet financiën openbare lichamen Bonaire, Sint ustatius en Saba (inBS) 1. Het goedkeuren van besluiten houdende benoeming, bevordering, schorsing en ontslag van eilandsambtenaren, art. 204, lid 1 sub b WolBS.",Everyday Racism & Modern Racial Inequality,1.0
taken-en-verantwoordelijkheden-rijksvertegenwoordiger.pdf,4,"2. Het goedkeuren van de in artikel 204 lid 1 onder d WolBS genoemde eilandsverordeningen, alsmede het toezicht houden op besluiten en niet-schriftelijke beslissingen gericht op enig rechtsgevolg van de eilandsbesturen; besluiten en niet-schriftelijke beslissingen die naar de mening van de Rijksvertegenwoordiger voor vernietiging in aanmerking komen, wegens strijd met het recht of strijd met het algemeen belang, worden door hem voorgelegd aan de Minister die het aangaat ter vernietiging. 3. Binnen de WolBS is een stelsel van regelingen aangaande het openbaar bestuur van de eilanden (o.a. vernietiging, taakverwaarlozing, incompatibiliteiten). Advisering en beantwoording van vragen, alsmede het toezicht op behoorlijk bestuur en de monitoring daarvan bij besluiten en vergaderingen van de eilandsraden en -besturen.",Reparations & Justice,1.0
taken-en-verantwoordelijkheden-rijksvertegenwoordiger.pdf,6,"Taken op grond van de Veiligheidswet BS 1. Het opstellen, actueel houden in overleg met de gezaghebbers van een coördinatieplan voor een boveneilandelijke ramp/crisis conform artikel 47 Veiligheidswet BS. Hoewel de gezaghebber het ‘opperbevel’ blijft houden, hoort hierbij voor de Rijksvertegenwoordiger een coördinerende en informerende functie. Posten in het huidige coördinatieplan:  Afstemming van de boveneilandelijke rampenbestrijding en crisisbeheersing met andere (ei)landen. Afstemming ziet met name op bijstand en het opvangen van vluchtelingen1.",Everyday Racism & Modern Racial Inequality,1.0
iob-vreedzame-geschillenbeslechting-en-het-tegengaan-van-straffeloosheid-definitieve-versie.pdf,6,"Instituut Luxemburg) die over vreedzame geschillenbeslechting. Marije Balt (consultant) leverde bouwstenen aan voor het hoofdstuk over het VN-hervormingsproces. Voor deze studie is dankbaar gebruikgemaakt van de adviezen en commentaren van de referentiegroep die bestond uit prof. dr. llen Hey (rasmus Universiteit Rotterdam), prof. dr. Larissa van den Herik (Universiteit Leiden) en prof. dr. Jan Rood (instituut Clingendael). Het ministerie van Buitenlandse Zaken werd in de referentiegroep vertegenwoordigd door René Lefeber (plaatsvervangend hoofd van de afdeling International Recht van de directie Juridische Zaken, Alexandra Valkenburg, hoofd van de afdeling Mensenrechten en Politieke en Juridische Zaken van de directie Multilaterale Instellingen en Mensenrechten (DMM/MP), lke Koning (senior Beleidsmedewerker DMM/MP) en Bert Vermaat (afdeling inancieel en Informatiemanagement van de directie inancieel conomische Zaken). Het ministerie van inanciën was vertegenwoordigd door Daniel Overduijn en bru",Everyday Racism & Modern Racial Inequality,1.0
iob-vreedzame-geschillenbeslechting-en-het-tegengaan-van-straffeloosheid-definitieve-versie.pdf,26,7 | AIV Adviesraad Internationale Vraagstukken APIC Agreement on Privileges and Immunities of the International Criminal Court ASP Assembly of State Parties,Dehumanization & Scientific Racism,1.0
iob-vreedzame-geschillenbeslechting-en-het-tegengaan-van-straffeloosheid-definitieve-versie.pdf,32,Optreden U uropese Unie ICC Internationaal Strafhof (International Criminal Court) ICTY Joegoslavië Tribunaal (International Criminal Tribunal for the former Yugoslavia) IGH Internationaal Gerechtshof,Dehumanization & Scientific Racism,1.0
iob-vreedzame-geschillenbeslechting-en-het-tegengaan-van-straffeloosheid-definitieve-versie.pdf,34,JRR Justice Rapid Response MINUSMA United Nations Multidimensional Integrated Stabilization Mission in Mali MP Minister-president MvT Memorie van Toelichting OM Openbaar,Dehumanization & Scientific Racism,1.0
iob-vreedzame-geschillenbeslechting-en-het-tegengaan-van-straffeloosheid-definitieve-versie.pdf,38,ICC-werkgroep m.b.t. bestuur (Study Group on Governance) STL Bijzonder Tribunaal voor Libanon (Special Tribunal for Lebanon) SvR Statuut van Rome,Dehumanization & Scientific Racism,1.0
iob-vreedzame-geschillenbeslechting-en-het-tegengaan-van-straffeloosheid-definitieve-versie.pdf,39,"TV ICC-Slachtofferfonds (Trustfund for Victims) UNCAT UN Convention against Torture and Other Cruel, Inhuman or Degrading Treatment",Dehumanization & Scientific Racism,1.0
iob-vreedzame-geschillenbeslechting-en-het-tegengaan-van-straffeloosheid-definitieve-versie.pdf,40,or Punishment Lijst van afkortingen Vreedzame geschillenbeslechting en het tegengaan van straffeloosheid | 8 | UNOCHA United Nations Office for the Coordination of Humanitarian Affairs UNODC United Nations Office on Drugs and Crime UPR Universal Periodic Review,Dehumanization & Scientific Racism,1.0
iob-vreedzame-geschillenbeslechting-en-het-tegengaan-van-straffeloosheid-definitieve-versie.pdf,47,"Voor Nederland betekent een goed functionerende internat­io­nale rechtsorde dat de in het internationaal recht verankerde waarden en verdragsverplichtingen worden gerespecteerd door de internationale gemeenschap en alle staten. Bevordering van de internationale rechtsorde vindt op allerlei manieren plaats, zoals het onderhandelen in internationale fora, het beschikbaar stellen van expertise en het financieren van internationale tribunalen en niet-gouvernementele organisaties. Deze voorliggende beleidsdoorlichting onderzoekt het Nederlandse beleid ter versterking van de internationale rechtsorde (beleidsdoelstelling 1.1), zoals omschreven in artikel 1 van de memorie van toelichting bij de begroting van het ministerie van Buitenlandse Zaken (BZ). erdere beleidsdoorlichtingen van dit artikel hadden betrekking op de bescherming van de mensenrechten (doelstelling 1.2). De beleidsdoorlichting beslaat de periode 2009-2014, betreft alleen het publiekrecht en spitst zich toe op vier onderwerpen: vreedzame geschillenbeslechting, het tegengaan van straffeloosheid, de hervorming van de Verenigde Naties (VN) en gebieden die niet tot de territorialiteit van een land behoren (internationaal gebied), zoals Antarctica, de volle zee en de ruimte.",Reparations & Justice,1.0
iob-vreedzame-geschillenbeslechting-en-het-tegengaan-van-straffeloosheid-definitieve-versie.pdf,48,"Bij geschillenbeslechting ligt de nadruk op het Internationaal Gerechtshof (IGH) en het Permanent Hof van Arbitrage (PHA). Bij het tegengaan van straffeloosheid staat de samenwerking met en het functioneren van het Internationaal Strafhof (ICC) centraal. Bij de hervorming van de VN komt vooral de inzet voor de hervorming van de VN-Veiligheidsraad aan bod. De keuze voor deze onderwerpen is hoofdzakelijk ingegeven door de onder doelstelling 1.1 van de begroting genoemde resultaatgebieden, en de daaruit voortvloeiende beleidsagenda. Responsibility to protect (R2P) blijft buiten beschouwing omdat de Inspectie Ontwikkelings­samenwerking en Beleidsevaluatie (IOB) hiervoor een aparte evaluatie heeft gepland in 2017.",Dehumanization & Scientific Racism,1.0
iob-vreedzame-geschillenbeslechting-en-het-tegengaan-van-straffeloosheid-definitieve-versie.pdf,59,"’s is wel uitgesproken (MvT 2006), maar slechts op enkele deelterreinen gerealiseerd. Dit is te verklaren doordat de internationale rechtsorde veel beleidsterreinen omvat. Diverse BZ-directies en andere ministeries zijn hierbij betrokken, maar het ontbreekt aan een ­dui­delijke regisseur. r bestaan wel verschillende mechanismen voor intra- en interdepartementale afstemming van het beleid maar deze functioneren niet optimaal. Zij gaan vooral over praktische zaken en worden weinig benut voor beleidsontwikkeling en reflectie op algemene beleidslijnen.",Everyday Racism & Modern Racial Inequality,1.0
iob-vreedzame-geschillenbeslechting-en-het-tegengaan-van-straffeloosheid-definitieve-versie.pdf,64,"Vanwege het complex aan factoren dat landen beweegt om de verplichte rechtsmacht van het IGH te erkennen of zaken voor te leggen aan het IGH of PHA, is niet vast te stellen of, en in hoeverre, deze resultaten mede het gevolg zijn van de inzet van Nederland. én van de weinige mogelijkheden om het gebruik van het IGH te stimuleren laat Nederland zelf onbenut. Dit betreft een vrijwillige bijdrage aan het IGH-fonds dat middelen ter beschikking stelt aan landen die zelf niet in staat zijn om de juridische ondersteuning van een zaak bij het IGH te bekostigen. Landen mogen zich als derde partij mengen in een zaak als zij vinden dat een uitspraak over een dispuut ook voor hen gevolgen kan hebben.3 Ook kan een land informatie aanleveren voor de opstelling van een advies (advisory opinion) van het IGH. Deze laatste mogelijkheid heeft zich tijdens de evaluatieperiode één keer voorgedaan, namelijk bij de onafhankelijkheidsverklaring van Kosovo.",Reparations & Justice,1.0
iob-vreedzame-geschillenbeslechting-en-het-tegengaan-van-straffeloosheid-definitieve-versie.pdf,65,"Nederland heeft deze mogelijkheid gebruikt. Toen de U hierover sterk verdeeld bleek, had het er als voorstander van de onafhankelijkheid van Kosovo belang bij dat deze opvatting in een advies van het IGH juridisch zou worden 2 In deze strategie wordt wel een keer een voorbeeld genoemd, namelijk dat aanvallen met drones niet in strijd mogen zijn met het internationaal recht. 3 ‘ It may occur that a State seeks to intervene in a dispute involving other States because it considers that it has an interest of a legal nature which may be affected by the decision to be taken in the dispute between those States.",Dehumanization & Scientific Racism,1.0
iob-vreedzame-geschillenbeslechting-en-het-tegengaan-van-straffeloosheid-definitieve-versie.pdf,71,Voorts draagt het bij aan het ICC-fonds voor de rehabilitatie van slacht­offers. In Haagse werkgroepen zet Nederland zich vooral in voor de aanpassing van procedures om het Hof effectiever en efficiënter te doen functioneren. In de werkgroep over samenwerking faciliteert het de discussies en de besluitvorming. Nederland heeft tijdens de herzieningsconferentie van het Statuut van Rome in Kampala (2010) het initiatief genomen en zich succesvol ingezet om de misdaad agressie onder jurisdictie van het ICC te brengen. Het heeft het Kampala-amendement inzake agressie zelf echter nog niet geratificeerd;,Everyday Racism & Modern Racial Inequality,1.0
iob-vreedzame-geschillenbeslechting-en-het-tegengaan-van-straffeloosheid-definitieve-versie.pdf,74,"Het gastlandschap heeft een positief effect op de positie van Nederland als pleitbezorger van het internationaal recht, maar er doen zich ook situaties voor die dit aanzien kunnen aantasten. Het gastlandschap voor internationale hoven geeft Nederland, en meer in het bijzonder Den Haag, een positieve uitstraling als pleitbezorger van het internationaal recht.4 Maar het gastlandschap, vooral dat van het ICC, brengt ook problemen met zich mee. Het meest prominente voorbeeld in de voor deze beleidsdoorlichting onderzochte periode is de behandeling van drie getuigen die na hun getuigenis asiel in Nederland aanvroegen, maar dit niet kregen omdat ze van misdaden tegen de menselijkheid werden verdacht. Na een lange periode in ICC-detentie zijn ze uiteindelijk uitgezet. Deze kwestie bracht aan het licht dat er spanningen kunnen ontstaan tussen de plichten uit hoofde van het zetelverdrag, een uitspraak van de hoogste nationale rechterlijke instantie en het uropees Verdrag voor de Rechten van de Mens.",Everyday Racism & Modern Racial Inequality,1.0
iob-vreedzame-geschillenbeslechting-en-het-tegengaan-van-straffeloosheid-definitieve-versie.pdf,78,"Nederland hecht sterk aan dit beginsel. Onderzoek en vervolging vereisen vaak grensoverschrijdend handelen, dat door een multilateraal verdrag voor wederzijdse rechtshulp zou worden gefaciliteerd. Het heeft samen met enkele andere landen, onder wie de U-lidstaten België en Slovenië, intensief campagne gevoerd om een onderhandelingsproces over een dergelijk verdrag te starten. Binnen de U bestaat echter geen overeenstemming over de noodzaak hiertoe en de U zet zich hier dan ook niet voor in. Wel bevordert de U het complementariteitsbeginsel via financiële hulp voor rechtsstaatontwikkeling.",Everyday Racism & Modern Racial Inequality,1.0
iob-vreedzame-geschillenbeslechting-en-het-tegengaan-van-straffeloosheid-definitieve-versie.pdf,80,"De financiële steun is bescheiden in omvang. en van de vier ngo’s waaraan Nederland financiële steun biedt, doet onderzoek naar en geeft informatie over diverse vormen van geschillenbeslechting. Twee ngo’s proberen het ICC en de noodzaak tot ratificatie van het Statuut van Rome onder de aandacht te brengen bij respectievelijk parlementariërs en het maatschappelijk middenveld. De vierde ngo faciliteert dat deskundigen uit diverse landen onderzoek voor het ICC kunnen doen. Daarnaast steunt Nederland het slachtofferfonds van het ICC voor de uitvoering van projecten voor fysieke, mentale en materiële rehabilitatie van slachtoffers.",Everyday Racism & Modern Racial Inequality,1.0
advies-wisselwerking.pdf,13,"– ook mogelijk is. Het vraagt van alle betrokkenen wel een extra inspanning. Vanzelf zal het niet gaan. Vandaar dat in dit advies niet alleen gemeenteraden, colleges van burgemeesters en wethouders en raadsgriffiers worden aangesproken, maar ook bestuur en directies van samenwerkingsverbanden, de provincie en zeker ook de minister van Binnenlandse Zaken en Koninkrijksrelaties. Nu, met brede steun, is gekozen voor vergaande decentralisatie van rijkstaken wordt het lokale openbaar bestuur belast als nooit te voren.",Everyday Racism & Modern Racial Inequality,1.0
advies-wisselwerking.pdf,18,"Advies: betrokkenheid van gemeenteraden cruciaal voor democratische legitimiteit van samenwerking Gemeentelijke samenwerking is nodig en (zonder gemeentelijke herindeling) zelfs noodzakelijk. Voor de democratische legitimiteit van die samenwerking is actieve betrokkenheid van gemeenteraden essentieel. Zonder die betrokkenheid zal het steeds moeilijker worden om in het stelsel van representatieve democratie over belangrijke thema’s besluiten te nemen. Dus: gegeven dat samenwerking blijft en steeds belangrijker wordt, zullen gemeenteraden zich zelfbewust moeten bemoeien met samenwerkingsverbanden. n de samenwerkingsverbanden zullen er tijd en energie in moeten stoppen om de gemeenteraden meer invloed te geven op hun werkzaamheden.",Everyday Racism & Modern Racial Inequality,1.0
advies-wisselwerking.pdf,20,"De grotere betrokkenheid van gemeenteraden betekent niet dat de één op de stoel van de ander gaat zitten, maar dat de houding ten opzichte van elkaar wezenlijk verandert. De Raad adviseert dat die houding van gemeenteraden ten opzichte van samenwerking verandert van statisch naar dynamisch. Van een houding waarbij gemeenteraden budgetten bepalen en doelstellingen formuleren en samenwerkingsverbanden uitvoeren en verantwoorden, naar een houding waarbij gemeenteraden samen zich zelfbewust opstellen om gezamenlijk regionale publieke problemen op te lossen. Van een relatie met een statische kwaliteit (organisatiestructuren, uitvoeren, beheersen, verantwoorden), naar een relatie met een dynamische kwaliteit (anticiperen, leren, gezamenlijk evalueren, ontwikkelen, aanpassen). De wezenlijk veranderende houding van gemeenteraden heeft gevolgen voor de bestuurlijke en ambtelijke leiding van samenwerkingsverbanden.",Everyday Racism & Modern Racial Inequality,1.0
advies-wisselwerking.pdf,24,"Ook moeten gemeenteraden hun aandacht goed verdelen, anders is het niet te behappen. De Raad beveelt aan dat de aandacht is gericht op de samenwerkingsverbanden waarvan de politiek vindt dat de maatschappelijke belangen het grootst zijn. Dat wil zeggen waar beleidsmatige verschillen van inzicht zijn, waar grote financiële belangen spelen of waar het in het verleden mis is gegaan. r kan worden afgesproken om de aandacht voor deze samenwerkingsverbanden te verdelen, bijvoorbeeld dat één van de deelnemende gemeenteraden een laaggeprofileerd samenwerkingsverband in de gaten houdt en daarover rapporteert aan de collega-gemeenteraden. Verder denkt de Raad dat gemeenteraden effectiever kunnen opereren als ze met elkaar goede spelregels afspreken over informatievoorziening en vergaderagenda’s.",Everyday Racism & Modern Racial Inequality,1.0
advies-wisselwerking.pdf,26,"Raadsgriffiers kunnen zorgen voor een klimaat van aanspreekbaarheid, verantwoording, en daarmee voor een transparante, open cultuur. Door binnen de gemeenteraad werkzaamheden te verdelen kan de werklast van bovengemeentelijke samenwerking voor de gemeenteraad worden beperkt. nkele gemeenteraadsleden zouden rapporteur kunnen zijn over een samenwerkingsverband en op deze wijze een zinvol raadsdebat op het goede moment kunnen uitlokken. Griffiers hebben bij het opzetten van zo’n werkwijze een cruciale rol. Colleges van B&W: informatie op orde én van de grootste grieven die uit onderzoek onder gemeenteraadsleden naar voren komt is dat het besluitvormingsproces en de verantwoordingsstructuur van gemeentelijke taken die op regionaal niveau worden uitgevoerd ondoorzichtig zijn.","Remembrance, Heritage & Education",1.0
advies-wisselwerking.pdf,50,In het eerste deel van het advies gaf de Raad antwoord op de vraag wat onder democratische legitimiteit van samenwerking wordt verstaan en welke factoren het vermeende gebrek aan democratische legitimiteit beïnvloeden. In het eerste deel van zijn advies constateerde de Raad dat democratische legitimiteit niet alleen tot stand komt in de gemeenteraadsvergadering of in de vergaderingen van samenwerkingsverbanden. De decentralisaties vragen om een vorm van democratische besluitvorming die ruimte geeft aan een betekenisvolle dialoog met burgers. Dit constaterende vraagt de Raad zich af of participatie en representatie (input) bij samenwerking anders kunnen.8 Uit onderzoek van de Raad is gebleken dat gemeenteraadsleden legitimiteit in belangrijke mate vertalen in transparantie en controle van het politieke besluitvormingsproces (troughput).,Everyday Racism & Modern Racial Inequality,1.0
advies-wisselwerking.pdf,55,"- Gemeenteraadsleden vertegenwoordigen het volk, stellen kaders en controleren het bestuur. De invulling van deze rollen is in de gemeentelijke praktijk al niet makkelijk, een rolzuivere invulling ten opzichte van regionale samenwerking is vaak nog lastiger. Het betekent dat gemeenteraden met verschillende bestuursculturen met elkaar moeten optrekken en een gedeelde rolinvulling op regionaal niveau moeten vinden. Het verschil in speelveld en schaalniveau vraagt van gemeenteraadsleden het vermogen om te schakelen tussen belangen (lokaal en regionaal), maar ook het schakelen tussen inhoud en proces. - De belangen tussen wat lokaal speelt en regionaal wordt besloten lopen lang niet altijd synchroon.",Everyday Racism & Modern Racial Inequality,1.0
advies-wisselwerking.pdf,58,"Door Lisanne de Blok is in de periode november 2014 – februari 2015 voor de Raad onderzoek gedaan naar de democratische legitimiteit van samenwerkingsverbanden zoals ervaren door gemeenteraadsleden. Onderzoeksresultaten in het kort9 Tekort aan kennis en expertise en groot deel van de gemeenteraadsleden is ten tijde van het onderzoek pas één jaar lid, wat waarschijnlijk consequenties heeft op de kennis van het gemiddelde gemeenteraadslid van de complexiteit van de decentralisaties en de samenwerkingsverbanden. Of, zoals één raadslid opmerkte: Als nieuw raadslid van onze gemeente ben ik ( ) niet in staat om deze [enquête] naar behoren in te vullen.","Remembrance, Heritage & Education",1.0
advies-wisselwerking.pdf,60,"Verschillen tussen opleidingsniveaus Uit de verschillende analyses kan worden vastgesteld dat over het algemeen opleidingsniveau de sterkste relatie heeft met de ervaren democratische legitimiteit: een gemeenteraadslid met een hbo en/of wo diploma is eerder geneigd om te zeggen dat de gemeenteraad minder invloed en minder ruimte heeft bij een samenwerkingsverband op aspecten zoals kaderstelling, 9 Het volledige onderzoek is als webbijlage bij dit advies raadpleegbaar via www.rob-rfv.nl. 15 besluitvorming, en/of responsiviteit. Daarnaast speelt bij de persoonlijke kenmerken van een gemeenteraadslid leeftijd ook een rol: des te ouder het gemeenteraadslid, des te hoger","Remembrance, Heritage & Education",1.0
advies-wisselwerking.pdf,61,"hij of zij de invloed van de gemeenteraad schat bij een samenwerkingsverband. Noodzakelijkheid en democratische legitimiteit Hebben de ervaren noodzakelijkheid van een samenwerkingsverband en de ervaren democratische legitimiteit iets met elkaar te maken? r blijkt een sterke (negatieve) relatie te zijn tussen deze twee variabelen: des te noodzakelijker intergemeentelijke samenwerking geacht wordt, des te positiever men is over de invloed van de gemeenteraad bij zo’n samenwerkingsverband.",Everyday Racism & Modern Racial Inequality,1.0
advies-wisselwerking.pdf,62,"Verantwoordingstructuur minder transparant Het onderzoek toont aan dat gemeenteraadsleden vinden dat democratische legitimiteit vooral draait om transparantie, controle, vertegenwoordiging en participatie. Bijna de helft van alle respondenten vindt wel dat de verantwoordingsstructuur weinig transparant is (46,9%). Verder zijn gesprekken gevoerd met vertegenwoordigers van gemeenten en met mensen uit de praktijk van regionale samenwerkingsverbanden. Ook heeft de Raad gesproken met wetenschappers, met gemeentebestuurders (burgemeesters, wethouders en raadsleden) en met (top)ambtenaren.",Everyday Racism & Modern Racial Inequality,1.0
advies-wisselwerking.pdf,65,Participatie Politiek primaat ffectiviteit en Verantwoording efficiëntie Representatie Controle en Responsiviteit Terugkoppeling kaderstelling Schema: Democratische legitimiteit,Everyday Racism & Modern Racial Inequality,1.0
advies-wisselwerking.pdf,66,"Democratische legitimiteit wordt verdiend aan de voorkant als de wil van het volk wordt weerspiegeld (input). Transparantie, kenbaarheid en voorspelbaarheid van het politieke besluitvormingsproces verlenen legitimiteit aan de gemaakte keuzes (throughput). Politieke keuzes zijn legitiem wanneer deze effectief het algemeen belang bevorderen (output). Aan democratische organen en kiezers wordt over de uitoefening van publieke bevoegdheden en de besteding van publieke middelen rekenschap afgelegd; het overheidsoptreden kan worden beoordeeld en zo nodig bijgestuurd (feedback).",Reparations & Justice,1.0
de-financiele-situatie-in-het-onderwijs-2014.pdf,13,Private activiteiten van bekostigde onderwijsinstellingen 29 4.3 De financieel kwetsbare besturen vroegtijdig herkennen 30 4.4 De ontwikkeling van het personeelsbestand in het funderend onderwijs 31 4.5 Inventaris en apparatuur in het funderend onderwijs 34 4.6 Caribisch Nederland 35 4.7 De financiële positie van vrije scholen 36 5.,Everyday Racism & Modern Racial Inequality,1.0
de-financiele-situatie-in-het-onderwijs-2014.pdf,66,"De stijging van de totale lasten in 2014 ten opzichte van 2013 (met 1 procent) komt vrijwel volledig voor rekening van de toegenomen personeelslasten. Dat is onder andere te verklaren uit de regeling omtrent het behouden en in dienst nemen van jonge leerkrachten, de invoering van de functiemix, vergroting van het flexibele deel van de personeelsformatie en de uitvoering van de cao. Het aandeel van de personeelslasten in de totale lasten laat door de jaren heen een zeer geringe terugloop zien (van 82,4 procent in 2010 naar 82 procent in 2014). 11 ins p ect ie va n h et o n derw i j s | de f i n a n c i ële si",Everyday Racism & Modern Racial Inequality,1.0
de-financiele-situatie-in-het-onderwijs-2014.pdf,73,"In 2014 konden de onderwijsinstellingen de totale baten en lasten nagenoeg tegen elkaar weg­ strepen. De eerder genoemde aanvullende bekostiging (in 2013) heeft in 2014 niet geleid tot hogere (niet-gedekte) lasten. Het terughoudend zijn in extra lasten aangaan, is ook terug te zien in de ontwikkeling van de liquiditeit; er is slechts een zeer geringe daling in het afgelopen jaar. In de loop der jaren is de mate waarin een onderwijsinstelling op korte termijn aan de betalings­ verplichtingen kan voldoen enigszins verbeterd.",Everyday Racism & Modern Racial Inequality,1.0
de-financiele-situatie-in-het-onderwijs-2014.pdf,87,"244 6.074 5.962 5.825 5.717 5.652 (Bron: DUO, 2015B) Sinds 2011 nemen de totale lasten jaarlijks gemiddeld met 1,9 procent toe. De stijging van de totale lasten in 2014 ten opzichte van 2013 is in zijn geheel toe te schrijven aan de toename van de personeelslasten. Maakten de personeelslasten in 2010 nog 77,6 procent uit van de totale lasten, het afgelopen jaar zijn ze opgelopen tot 78,5 procent. Deze absolute stijging van de personeelslasten in de laatste jaren houdt onder meer verband met de regeling omtrent het in dienst nemen van jonge leerkrachten, de toename van het aantal leerlingen (meer personeel in dienst), de invoering van de functiemix, extra investering in personeel ten behoeve van kwaliteitsverhoging en de uitvoering van de cao.",Everyday Racism & Modern Racial Inequality,1.0
de-financiele-situatie-in-het-onderwijs-2014.pdf,93,"1 0,7 0,53 0,52 0,53 0,54 0,55 0,9 0,95 0,95 1,11 1,11 0,81 0,83 0,85 0,88 0,89 0,71 0,72 0,72 0,70 0,70 (Bron: DUO, 2015B) De duidelijke verbetering van de financiële positie van de mbo-instellingen lijkt ook zichtbaar te worden in de teruggang van het aantal instellingen onder aangepast financieel toezicht. Waar dat een jaar eerder al begon te dalen, is dat afgelopen jaar gehalveerd van zes naar drie. Daar horen ook instellingen bij die ontstaan zijn uit de splitsing van Amarantis en die er dus in geslaagd zijn het pad omhoog in te slaan.",Everyday Racism & Modern Racial Inequality,1.0
de-financiele-situatie-in-het-onderwijs-2014.pdf,118,"184 174 181 197 219 224 811 760 719 686 647 34 33 38 46 41 2.772 2.658 2.559 2.525 2.432 (Bron: DUO, 2015B) De groei in het aantal studenten zien we ook in de toename van de rijksbijdragen en van de collegegelden bij de baten. Die wordt deels door die groei en deels door autonome ontwikkelingen verklaard. De baten uit werk in opdracht van derden vertonen echter al jaren een dalende tendens. Aangezien deze baten echter altijd al een betrekkelijk klein deel uitmaakten van de totale baten, is de afhankelijkheid van de rijksbijdrage in die periode slechts met een half procent gestegen naar ruim 69 procent.",Everyday Racism & Modern Racial Inequality,1.0
de-financiele-situatie-in-het-onderwijs-2014.pdf,133,"De studentenaantallen zijn in 2014 opnieuw gegroeid. Dit geldt ook weer voor het aantal diploma’s. Twee jaar geleden was er een opvallende stijging van het aantal diploma’s die werd veroorzaakt door de dreiging van de toen geplande langstudeerdersmaatregel. De studenten wilden, voordat deze in zou gaan, klaar zijn met hun studie. Nadien is het aantal diploma’s eerst gedaald, maar vervolgens is de stijgende lijn weer ingezet.",Everyday Racism & Modern Racial Inequality,1.0
publieksmonitor-bzk-2-meting.pdf,10,"Ten opzichte van de vragenlijst van de 1-meting is een aantal vragen geschrapt over het koppelen van persoonlijke gegevens tussen verschillende overheidsinstanties. r is een aantal vragen toegevoegd over het gebruik van communicatiegegevens door veiligheidsdiensten ten behoeve van de Nederlandse veiligheid (bij onderwerp digitale overheid). Achtergrond, doel- en probleemstelling 17-12-2015 17-12-2015 Publieksmonitor BZK, 2-meting|",Everyday Racism & Modern Racial Inequality,1.0
publieksmonitor-bzk-2-meting.pdf,18,"• Spontaan denkt men vooral dat BZK zich bezighoudt met nationale veiligheid & Nederlandse belangen (17%), koninkrijksrelaties (15%) en binnenlands bestuur (13%). De meest herkende onderwerpen zijn ambtenaren (71%), paspoorten (70%) en veiligheid (69%). De onderwerpen woningmarkt en digitale overheid linkt men het minst aan BZK. • BZK heeft vooral het imago van een ambtelijke organisatie (46%) die ver van burgers af staat (40%).",Everyday Racism & Modern Racial Inequality,1.0
publieksmonitor-bzk-2-meting.pdf,45,"Respondenten hebben per e-mail een uitnodiging ontvangen met daarin een link naar de vragenlijst. De datacollectie liep van 9 t/m 15 november 2015. De datacollectie van de 1-meting liep van 21 t/m 27 mei 2015 en van de 0-meting van 14 t/m 20 januari 2015. Doelgroep, steekproef en representativiteit De doelgroep van de publieksmonitor is de Nederlandse bevolking tussen 18 en 70 jaar.",Everyday Racism & Modern Racial Inequality,1.0
publieksmonitor-bzk-2-meting.pdf,46,"Om uitspraken te kunnen doen over de doelgroep is een steekproef gerealiseerd van n= 837 Nederlanders tussen 18 en 70 jaar op basis van het StemPunt-panel van Motivaction. De resultaten zijn representatief voor de doelgroep doordat gebruik is gemaakt van propensity-sampling en –weging voor kenmerken waarvan verwacht mag worden dat die van invloed zijn op de resultaten: leeftijd (tussen 18 en 70 jaar), opleiding, geslacht, regio, sociaal-culturele oriëntatie (Mentality-milieus) en de interacties tussen deze variabelen. Door middel van deze steekproeftrekking en weging is de steekproef representatief.* Online vragenlijst BZK heeft aangegeven welke onderwerpen en vragen aan bod moesten komen.",Everyday Racism & Modern Racial Inequality,1.0
publieksmonitor-bzk-2-meting.pdf,47,"Motivaction heeft op basis hiervan een vragenlijst opgesteld. In samenwerking met BZK is een definitieve vragenlijst opgesteld van circa 30 vragen en een invulduur van circa 14,5 minuut. * Zie de Bijlage voor nadere informatie over de gewogen en ongewogen data Methode en opzet 17-12-2015 Publieksmonitor BZK, 2-meting| Ministerie van BZK|",Everyday Racism & Modern Racial Inequality,1.0
publieksmonitor-bzk-2-meting.pdf,87,"21 De meest herkende onderwerpen waarvan burgers denken dat BZK zich hiermee bezighoudt, zijn ambtenaren (71%), paspoorten en identiteitskaarten (70%), nationale veiligheid (69%) en de grondwet (67%). Het onderwerp wonen blijft relatief onbekend: woningbouw (34%), woningcorporaties (32%), huur- en koopwoningmarkt (31%), en energiebesparing woningen (22%). r zijn geen grote verschuivingen ten opzichte van de vorige metingen. * Bij de 1- en 0-meting stond hier:",Everyday Racism & Modern Racial Inequality,1.0
commissie-oosting-rapport.pdf,9,Chronologie 326 3 Relevante wetsartikelen 337 4 Buitengerechtelijke voordeelsontneming 349 5 Ontneming van wederrechtelijk verkregen voordeel en toezeggingen aan getuigen 377 6 Lijst van begrippen en afkortingen 411 7 Geraadpleegde literatuur,Everyday Racism & Modern Racial Inequality,1.0
commissie-oosting-rapport.pdf,22,"Begin 2000 bestond tussen de ofﬁcier van justitie en de raadsman van H. overeenstemming over een schikking. Uiteindelijk leidde dit tot een over- eenkomst die als datum 15 juni 2000 en als plaats van ondertekening Scheve- ningen draagt. De ontnemingsschikking is op het briefpapier van het kantoor van de raads- man van H. vastgelegd : 9 10 11 12 Ruim een jaar na de ondertekening van de overeenkomst, die in artikel 2c voorzag in een overmaking ‘terstond’ na overboeking vanuit Luxemburg, vond de storting van het bedrag plaats. Dat gebeurde overigens niet op de overeengekomen bankrekening van een administratiekantoor in Haarlem.",Reparations & Justice,1.0
commissie-oosting-rapport.pdf,23,"Op vrijdag 7 september 2001 volgde namelijk de overmaking van 4.710.627,18 gulden op een bankrekeningnummer van de raadsman van H., een bedrag dat op maandag 10 september 2001 op die rekening werd bijge- schreven. Op 22 februari 2002 besteedde het televisieactualiteitenprogramma Reporter aandacht aan de tegenvallende verwachtingen over de opbrengst van de zo- geheten pluk-ze-wetgeving. De Tweede Kamerleden drs. Th. W. (Theo) Rietkerk en mr. ing. W.G.J.M. (Wim) van de Camp stelden naar aanleiding van deze uitzending tien schriftelijke vragen aan de minister van Justitie.1 en van deze vragen luidde als volgt:",Colonial Exploitation & Economic Inequality,1.0
commissie-oosting-rapport.pdf,27,"De overeenkomst is ondertekend door de plaatsvervangend hoofdofﬁ- 13 cier en door de toenmalig ofﬁcier van justitie, die de onderhandelingen met de crimineel voerde: red Teeven. Het [Openbaar Ministerie ] zegt in de deal toe twee Luxemburgse reke- ningen van crimineel H. “met grote voortvarendheid” leeg te halen en het geld via een rekening van het [Openbaar Ministerie] “terstond aan H.” over te boeken. n dat alles onder de volgende voorwaarde: “Partijen verplichten zich jegens elkaar om uiterste inspanningen te doen om volstrekte geheimhouding over deze schikking te betrachten en partijen zullen in dat verband noch direct noch indirect mededelingen doen aan derden waaronder tevens begrepen de media en (vertegenwoor- digers van)",Reparations & Justice,1.0
commissie-oosting-rapport.pdf,31,"Dat debat, waar in hoofdstuk 8 op wordt teruggekomen, liet vragen open over het bedrag dat het Openbaar Ministerie uiteindelijk aan de raadsman van H. had overgemaakt. De minis- ter van Veiligheid en Justitie noemde aan de hand van een door hemzelf ge- maakte berekening toen het bedrag van 1,25 miljoen gulden. Op 4 april 2014 verscheen een interview in de Volkskrant met de voormalige raadsman van H., mr. P.H. (Piet) Doedens, die stellig beweerde dat het om een bedrag van vijf miljoen gulden zou zijn gegaan. Dit was de opmaat voor een onderzoek naar de ﬁnanciële afhandeling dat oud-procureur-generaal mr. H.A. (Henk) van Brummen heeft uitgevoerd.",Everyday Racism & Modern Racial Inequality,1.0
commissie-oosting-rapport.pdf,56,"Gezien dit deel van haar op- dracht heeft de Onderzoekscommissie aan het begin van haar werkzaamhe- den besloten om een achtergrondstudie te laten uitvoeren naar het wettelijk kader en naar het beleidskader met betrekking tot ontnemingen, zowel tot 2000 als daarna. De opdracht daartoe is gegeven aan mr. W.S. (Wouter) de Zanger. Het resultaat van zijn werk is opgenomen in bijlage 4 Buitengerechte- lijke voordeelsontneming en bijlage 5 Ontneming van wederrechtelijk verkregen voordeel en toezeggingen aan getuigen. Het hierna volgende overzicht van enkele juridische begrippen is ontleend aan die achtergrondstudie.",Everyday Racism & Modern Racial Inequality,1.0
commissie-oosting-rapport.pdf,61,"Indien een veroordeling in het ge- heel uitblijft, komt de ontnemingsschikking van rechtswege te vervallen.16 Wordt aan de schikkingsvoorwaarden voldaan, dan kan het Openbaar Minis- terie geen ontnemingsvordering meer indienen. Was die vordering reeds in- gediend, dan vervalt de zaak van rechtswege.17 In dat geval is de ofﬁcier van justitie niet-ontvankelijk in zijn ontnemingsvordering. 22 Wijzigingen van wetgeving en beleid",Everyday Racism & Modern Racial Inequality,1.0
commissie-oosting-rapport.pdf,62,"Per 1 maart 1993 is de wetgeving omtrent de ontneming van wederrechtelijk verkregen voordeel aanzienlijk gewijzigd.18 Hierbij werden de mogelijkheden tot oplegging van de ontnemingsmaatregel sterk uitgebreid. Voor die tijd kon (buiten het economische strafrecht van de Wet op de conomische Delicten) enkel voordeel worden ontnomen dat was verkregen met het strafbare feit waarvoor de betrokkene was veroordeeld. Met de nieuwe wet werd het mo- gelijk om ook voordeel te ontnemen dat was verkregen door middel van of uit de baten van soortgelijke feiten, of feiten waarvoor een geldboete van de vijfde categorie kan worden opgelegd, waaromtrent voldoende aanwijzingen bestaan dat zij door hem zijn begaan.19 Daarnaast introduceerde deze wet de mogelijkheid om voordeel te ontnemen indien de veroordeelde was veroor- deeld voor een misdrijf waarvoor een geldboete van de vijfde categorie kan worden opgelegd, tegen hem een strafrechtelijk ﬁnancieel onderzoek was in- gesteld en het gelet op dat onderzoek aannemelijk was dat ook andere straf- bare feiten er op enigerlei wijze toe hebben geleid dat de veroordeelde we- derrechtelijk voordeel heeft verkregen.20 Op deze manier kunnen sindsdien ook allerlei feiten die niet ten laste zijn gelegd of waarvoor de betrokkene anderszins niet is veroordeeld alsnog tot de oplegging van een ontnemings- maatregel leiden. Sinds 1 maart 1993 vindt oplegging van een ontnemings- maatregel plaats in een ontnemingsprocedure, die volgt op de eigenlijke strafzaak. Ook de mogelijkheden tot buitengerechtelijke voordeelsontneming werden bij deze wetswijziging grondig uitgebreid.",Reparations & Justice,1.0
jaarrapportage-2014-van-de-wet-afbreking-zwangerschap.pdf,18,"De basis voor de jaarrapporten zijn de gegevens die abortusklinieken en zieken- huizen aanleveren over de zwangerschapsafbrekingen in hun instelling. De wette- lijke verplichting om (ieder kwartaal) deze gegevens aan de inspectie aan te leveren geldt voor alle instellingen die een vergunning in het kader van de Wafz hebben. De respons is 100 procent. In de eerste plaats gebruikt de inspectie de aangeleverde gegevens als indicatoren in haar risicogestuurde toezicht op de aanbieders van abortuszorg. Opgaven die afwijken van eerdere jaren, of van andere instellingen, zijn aanleiding tot verificatie en nadere evaluatie bij de individuele instelling of bij de professionele koepels.",Everyday Racism & Modern Racial Inequality,1.0
jaarrapportage-2014-van-de-wet-afbreking-zwangerschap.pdf,32,"In de wet zijn voorschriften opgenomen die ten doel hebben de kwaliteit van de medische behandeling en een zorgvuldige besluitvorming te waarborgen. Door middel van een vergunningenstelsel worden deze voorschriften gehandhaafd. en ziekenhuis of abortuskliniek moet over een vergunning beschikken om zwanger- schappen te mogen afbreken. De directies van de ziekenhuizen en abortusklinieken met een Wafz-vergunning rapporteren ieder kwartaal aan de Inspectie voor de Gezondheidszorg (verder de inspectie) over de behandelingen die in de instelling in het kader van abortushulpverlening zijn gedaan. Deze, in de Wafz vastgelegde, registratieverplichting biedt de inspectie een belangrijk instrument voor het toezicht op de naleving van de Wafz op instellingsniveau.",Everyday Racism & Modern Racial Inequality,1.0
jaarrapportage-2014-van-de-wet-afbreking-zwangerschap.pdf,100,"erst wordt ingegaan op de toegankelijkheid en zorgverleners. Daarna komen de gegevens over de gestelde zorgvuldigheidseisen aan de orde, daarna de medische aspecten van de behandelingen en tenslotte de nazorg. 5.1 Goede spreiding van abortushulpverlening over het land Aan het einde van 2014 waren er 15 klinieken met een Wafz-vergunningk.",Everyday Racism & Modern Racial Inequality,1.0
vijf-jaar-verbonden-bonaire-sint-eustatius-saba-en-europees-nederland.pdf,27,"^ De commissie bestaat uit mevrouvy mr. drs. J.W.. Spies, tevens voorzitter, de heer prof. mr. A.H.A. Soons, de heer mr. dr. G.A.. Thodé, de heer prof. mr L.. M. Verhey en de heer mr drs. .H.H. Weekers.",Dehumanization & Scientific Racism,1.0
vijf-jaar-verbonden-bonaire-sint-eustatius-saba-en-europees-nederland.pdf,31,"Caribisch Nederiand. besluitvorming die na afronding van de evaluatie over de invulling van de afspraken en de eventuele aanpassing daarvan moet plaatsvinden. Gelijktijdig met de evaluatie voor Caribisch Nederland zijn de justitiële Rijkswetten Gemeenschappelijk Hof van Justitie, openbare ministeries, politie en Raad voorde rechtshandhaving, geëvalueerd.",Everyday Racism & Modern Racial Inequality,1.0
vijf-jaar-verbonden-bonaire-sint-eustatius-saba-en-europees-nederland.pdf,41,"Met College voor de Rechten van de Mens heeft In maart 2014 een 'advies ten behoeve van de evaluatie van de staatkundige structuur van Bonaire, Sint ustatius en Saba' uitgebracht. Tijdens een opdrachtgeversoverleg op 12 juni 2015 informeerde de commissie de opdrachtgevers over de stand van zaken van de evaluatie en lichtten de onderzoekteams hun eerste bevindingen toe. In de periode augustus tot oktober stelde de commissie haar rapport op waarin de resultaten van de drie onderzoeken in onderlinge samenhang zijn geanalyseerd en voorzien van conclusies. De commissie heeft in september de opdrachtgevers geïnformeerd over de voortgang van het rapport en de richting van de voorlopige conclusies van de evaluatie.",Everyday Racism & Modern Racial Inequality,1.0
vijf-jaar-verbonden-bonaire-sint-eustatius-saba-en-europees-nederland.pdf,43,"Voor een eindoordeel of de uitwerking is geslaagd of niet is een evaluatieperiode van vijfjaar te kort. De evaluatieopdracht vormt voor de commissie de basis van de evaluatie. In de opdracht ligt besloten dat vanwege de omvang van de evaluatie en de beperkt beschikbare periode de commissie keuzes heeft moeten maken met betrekking tot de onderwerpen en als het gaat om de diepgang van het evaluatieonderzoek, prioriteiten moest stellen. Zo vraagt de opdracht niet om alle wet- en regelgeving die sinds 10 oktober 2010 in werking is getreden volledig te evalueren, maar naast een algemene inventarisatie slechts een beperkt aantal wetten te onderzoeken. De commissie heeft conform de opdracht een nadere selectie gemaakt van wetten en regelingen verspreid over de belangrijkste beleidsterreinen.",Everyday Racism & Modern Racial Inequality,1.0
vijf-jaar-verbonden-bonaire-sint-eustatius-saba-en-europees-nederland.pdf,46,"Zo heeft de wereldwijde economische eh financiële crisis veel gevolgen voor ondernemers en inwoners. Dit zijn externe en nauwelijks te beïnvloeden 10 omstandigheden die niet aan de nieuwe staatkundige structuur kunnen worden toegeschreven. De commissie heeft rekening houdend met alle hiervoor genoemde beperkingen, getracht een zo objectief en getrouw mogelijk beeld te geven. 1.4 Leeswijzer Bij het schrijven van haar rapport heeft de commissie zich gebaseerd pp de drie onafhankelijke onderzoeksrapporten en haar eigen bevindingen op basis van gesprekken en aangeleverde documentatie.",Everyday Racism & Modern Racial Inequality,1.0
vijf-jaar-verbonden-bonaire-sint-eustatius-saba-en-europees-nederland.pdf,58,"11 Hoofdlijrieriakkoord tussen de Nederiandse /\ntillen, Nederiand, Curasao, Sint Maarten, Bonaire, Sint ustatius en Saba d.d. 22 oktober 2005, opgenomen als bijlage bij de brief van de minister van Bestuuriijke Vemleuwlrig eri Koninkrijksrelaties d.d. 7 november 2005, Kamerstukken II 2005/06, 30300IV, nr 18. Afspraken mede ter uitvoering van het bestuuriijk overieg van 17 september 2005. 14 Op 11 november 2005 wordt als uitvloeisel van de slotverklaring van het bestuuriijk overieg staatkundige structuur tussen Nederiand, de Nederlandse Antillen en de eilandgebieden Bonaire, Curasao, Saba, Sint ustatius en Sint Maarten een voorbereidingscommissie Ronde Tafel Conferenties ingesteld. De commissie stelt drie werkgroepen in, waaronder de werkgroep directe/nieuwe banden met Nederland die tot taak heeft het doen van voorstellen aan de commissie voor een nieuwe staatkundige structuur van de eilanden Bonaire, Sint ustatius en Saba en voor nieuwe staatkundige, bestuuriijke en financiële verhoudingen van deze eilanden met de overige entiteiten binnen het Koninkrijk en met Nederland in het bijzonder Nederland, Bonaire, Sint ustatius en Saba nemen elk met twee leden deel aan deze werkgroep en Aruba.en de Nederlandse Antillen wijzen elk een waarnemer aan.",Everyday Racism & Modern Racial Inequality,1.0
vijf-jaar-verbonden-bonaire-sint-eustatius-saba-en-europees-nederland.pdf,59,"In de start-Ronde Tafel Conferentie van 26 november 2005 wordt afgesproken dat voor 1 juli 2006 elk eilandgebied uitgewerkte voorstellen ontwikkelt voor de gewenste interne staatkundige structuur van het eiland en dat Bonaire, Sint ustatius en Saba hun voorstellen opstellen in samenwerking met de werkgroep directe/nieuwe banden met Nederiand. Niettegenstaande het (ambtelijk) verder werken aan de nadere uitwerking van de beoogde nieuwe status van bijzondere aard binnen het Koninkrijk voor Bonaire, Sint ustatius en Saba had de regering nog behoefte aan nadere gedachtevorming. In juni 2006 verzocht de toenmalige minister voor Bestuuriijke Vernieuwing en Koninkrijksrelaties, mede namens de minister-president van de Nederlandse Antillen, de Raad van State van het Koninkrijk om vooriichting inzake de hervorming van de staatkundige verhoudingen binnen het Koninkrijk, 'in het bijzonder ten aanzien van de nieuwe constitutionele positie van de eilanden Bonaire, Sint ustatius en Saba'. De voortgang van de onderhandelingen verkeerde toen al enige tijd in een impasse. De voorbereidingscommissie Ronde Tafel Conferenties had al op 24 februari 2006 vastgesteld dat er te grote verschillen van inzicht waren, die ook de maanden daarna om diverse (bilaterale) besprekingen en politiek overieg vroegen.",Everyday Racism & Modern Racial Inequality,1.0
vijf-jaar-caribisch-nederland-gevolgen-voor-de-bevolking.pdf,8,"Daar kunt u zich ook kosteloos abonneren op elektronische attendering bij het verschijnen van nieuwe uitgaven. Inhoud De webversie van deze publicatie wijkt in opmaak iets af van de gedrukte, papieren versie. Bij verwijzingen naar pagina’s van deze editie daarom vermelden dat naar de webversie is verwezen. Voorwoord 7 Samenvatting en slotbeschouwing 9 Rob Bijl en vert Pommer 1 Vijf jaar Caribisch Nederland","Remembrance, Heritage & Education",1.0
vijf-jaar-caribisch-nederland-gevolgen-voor-de-bevolking.pdf,32,"Dagelijks leven en dagelijks bestuur 260 8.9 Conclusies 264 Noten 265 Literatuur 266 9 Gesprekken op de eilanden: het verhaal achter de cijfers 267 Rob Bijl, vert Pommer, Monique Turkenburg en Michel Briene 9.1 conomische ontwikkelingen 269 9.2 Directe ervaren sociale gevolgen van de armoede 274 9.3 Jeugd en gezin 277 9.4 Veiligheid 280 9.5 Sociale zekerheid 283 9.6 Gezondheid en gezondheidszorg 287 9.7","Remembrance, Heritage & Education",1.0
vijf-jaar-caribisch-nederland-gevolgen-voor-de-bevolking.pdf,41,"Het scp beoogt als onafhankelijke onderzoeksinstelling hiermee bij te dra- gen aan een beter inzicht in de effectiviteit van de 10-10-10 maatregelen en daarmee aan de onderbouwing van toekomstig beleid. De tijd om de gevolgen voor de bevolking in beeld te brengen was beperkt. Het onderzoek is uitgevoerd in de eerste helft van 2015. Om de gevolgen voor de bevolking in beeld te brengen heeft het scp een nieuw belevingsonderzoek onder de bevolking van Caribisch Nederland uitgevoerd, hebben er groepsgesprekken met burgers op de eilanden plaats- gevonden en is er gesproken met bestuurders, ambtenaren, professionals, ondernemers en burgers over de situatie aldaar en de ontwikkelingen die zich sedert de transitie hebben voorgedaan. en deel van het onderzoek is voor het scp verricht door onderzoeksbureau corys.",Everyday Racism & Modern Racial Inequality,1.0
vijf-jaar-caribisch-nederland-gevolgen-voor-de-bevolking.pdf,53,"Causaliteit is niet eenvoudig te bepalen. Zo zijn de gezondheidstoestand en het veiligheidsniveau mede afhankelijk van factoren die buiten de invloedssfeer van het beleid liggen. Met name in de gevoerde gesprekken op de eilanden en het survey- onderzoek onder de burgers geven een beeld van de rol van de diverse actoren. Hiervan is verslag gedaan in de hoofdstukken 8 en 9 van dit rapport, die gaan over de beleving en de waardering van de leefsituatie op de eilanden door de bevolking en door bestuurders, beleidsmakers en professionals, vertegenwoordigers van maatschappelijke organisaties en zakenmensen werkzaam in de prioritaire voorzieningen. Het bepalen van de bijdrage van de openbare lichamen, de rijksoverheid en andere relevante actoren aan de ontwikkeling van het voorzieningenniveau, is echter geen zelfstandig onderdeel geweest van het hier uitgevoerde onderzoek, evenmin als de taakverdeling en onderlinge samenwerking tussen openbare lichamen en het rijk.",Everyday Racism & Modern Racial Inequality,1.0
vijf-jaar-caribisch-nederland-gevolgen-voor-de-bevolking.pdf,77,"– versterken van de kwaliteit van leraren, schoolleiding en schoolbesturen; – onderwijszorg op maat; – aantrekkelijk beroepsonderwijs; – randvoorwaarden op orde. Ook bij de gezondheidszorg is het uropees-Nederlandse niveau als uitgangspunt gekozen.",Everyday Racism & Modern Racial Inequality,1.0
vijf-jaar-caribisch-nederland-gevolgen-voor-de-bevolking.pdf,81,Voor het zorgaanbod (gebouwen en inventaris) wordt een prioriteitenoverzicht van investeringen opgesteld. – De mogelijkheden voor de noodzakelijk elders in te kopen zorg in de omringende lan- den (de medische uitzendingen) worden verkend. – Het ministerie van vws zal de formulering van een langetermijnhuisvestingsplan (lthp) voor de bes financieren. – In het kader van de infectieziektebestrijding zal Nederland zich inzetten om Caribisch Nederland te laten voldoen aan de eisen die de International Health Regulations hier- aan stellen.,Everyday Racism & Modern Racial Inequality,1.0
bevindingen-quick-scan-expertgroepen-papiamentu-en-nederlands.pdf,23,"Met betrekking tot Bonaire luidt de kern van dat Taalunie-advies dat, met het oog op betere onderwijsresultaten, het noodzakelijk is het onderwijs in het Nederlands uit te breiden, al vanaf groep 1 (bij voorkeur nog vroeger) het Nederlands als onderwijstaal te hanteren en bij andere onderwijsactiviteiten/vakken dan het vak Nederlands taalontwikkelend les te geven. Daarnaast dient in en buiten de school extra aandacht te worden besteed aan behoud en versterking van het Papiamentu als taal van de sociaal-maatschappelijke communicatie en als uitdrukking van eigen cultuur en identiteit. De adviezen in Nederlands op zijn BSt zijn door de Staatsecretaris van OCW overgenomen en in maart 2015 zijn expertgroepen voor Nederlands en voor Papiamentu ingesteld. Deze kregen de opdracht de consequenties van de voorgestelde aanpak in kaart te brengen en de daaruit voortvloeiende actiepunten te inventariseren, identificeren en vast te leggen in een plan van aanpak. Het opstellen van een concreet plan van aanpak is binnen het gestelde tijdsbestek niet haalbaar gebleken.",Everyday Racism & Modern Racial Inequality,1.0
bevindingen-quick-scan-expertgroepen-papiamentu-en-nederlands.pdf,26,"Aspecten waarover overeenstemming bestaat Belang van goede taalvaardigheid Papiamentu en Nederlands Taalvaardigheid is een basisvoorwaarde om actief in het onderwijs te kunnen participeren. Binnen het onderwijs op Bonaire speelt zowel het Papiamentu, voor de meeste kinderen moedertaal, als het Nederlands, voor de meeste kinderen een vreemde taal, een rol. Gezien het feit dat het Papiamentu maatschappelijk gezien de belangrijkste taal is, dienen kinderen op Bonaire een voldoende hoog niveau in het Papiamentu te bereiken om actief te kunnen participeren in de sociaal-maatschappelijke communicatie, waaronder die op de arbeidsmarkt. Het feit dat het VO op Bonaire voornamelijk Nederlandstalig is, alsmede het feit dat er een correlatie is tussen de mate van schoolsucces en taalvaardigheid Nederlands, maakt het voor kinderen op Bonaire van belang ook een adequaat taalvaardigheidsniveau in het Nederlands te bereiken om actief te kunnen participeren in het onderwijs en de Nederlandstalige examens te kunnen afleggen. Op dit moment is de overgrote meerderheid van de leerlingen in het onderwijs op Bonaire echter onvoldoende taalvaardig in het Nederlands.",Everyday Racism & Modern Racial Inequality,1.0
bevindingen-quick-scan-expertgroepen-papiamentu-en-nederlands.pdf,27,"Zij worden daardoor belemmerd in het doorlopen van een succesvolle schoolloopbaan, met alle gevolgen van dien voor hun kansen in de maatschappij en op de arbeidsmarkt. Papiamentu in de voorschoolse educatie Beide expertgroepen zijn het erover eens dat stimulering van de taalontwikkeling van peuters binnen de voorschoolse opvang belangrijk is én dat deze stimulering primair de moedertaal (Papiamentu) dient te betreffen. Geen functiescheiding De expertgroepen zijn het erover eens dat de in het Taalunierapport voorgestelde functie- scheiding (Papiamentu als ondersteuning voor identiteitsvorming in sociaal-cultureel en maatschappelijk opzicht en Nederlands als toegangspoort naar kennisontwikkeling) en daaruit voortvloeiend verschil in doelstellingen in de onderwijspraktijk niet opportuun is en tegelijkertijd ook het idee van gelijkwaardigheid van de twee talen ondergraaft.",Everyday Racism & Modern Racial Inequality,1.0
bevindingen-quick-scan-expertgroepen-papiamentu-en-nederlands.pdf,29,"Binnen een dergelijke verdeling is alfabetisering in het Papiamentu vrijwel onmogelijk en wordt Papiamentu gereduceerd tot een taal die niet echt volwaardig is. Daarnaast zou aanvaarding van het advies in dit opzicht de acceptatie van een beleid betekenen dat met name voor het PO tegenóver de huidige situatie staat, waarbij ook acceptatie door het onderwijsveld en de Bonairiaanse gemeenschap in het geding is. Bovendien is volgens de P de eerste taal van kinderen de optimale taal voor alfabetisering en leren in de basisschool en verwerft een kind een vreemde taal beter bij een voldoende ontwikkelde moedertaal. Hoewel beide expertgroepen het erover eens zijn dat de kwantiteit en kwaliteit van het taalaanbod Nederlands in de beginjaren van het PO verbeterd dienen te worden, verschillen de voorstellen op het punt van kwantiteit van elkaar. Noodzaak tot vreemdetaalmethode Nederlands Beide expertgroepen achten de ontwikkeling van een methode Nederlands als vreemde taal noodzakelijk en wijken daarmee af van het standpunt van de Taalunie in deze.",Everyday Racism & Modern Racial Inequality,1.0
bevindingen-quick-scan-expertgroepen-papiamentu-en-nederlands.pdf,32,"Het model kent een maximum aan Papiamentu in een meertalig schoolmodel. Aan de andere pool van het continuüm bevindt zich het omgekeerde model, met een maximum aan 7 Nederlands. Het is aan het bevoegd gezag om, in samenspraak met de betrokkenen, op het continuüm tussen deze twee modellen een keuze te maken ten aanzien van de twee instructietalen en op basis van de gemaakte keuze te bepalen welk schoolvak in welke taal geïnstrueerd wordt. De N is van mening dat herziening van het taalbeleid in het onderwijs met name plaats moet vinden in de onderbouw van het PO en dat daar aanzienlijke uitbreiding van het taalaanbod Nederlands dient plaats te vinden. Reden daarvoor is het nulniveau Nederlands waarmee het merendeel van de leerlingen zijn intrede in het PO doet, en het aan het einde van het PO wenselijk geachte niveau Nederlands.",Everyday Racism & Modern Racial Inequality,1.0
bevindingen-quick-scan-expertgroepen-papiamentu-en-nederlands.pdf,33,"Om recht te doen aan het uitgangspunt dat de kansen van leerlingen op Bonaire op een passend vervolgtraject, in het VO en daarna, gelijk dienen te zijn aan die van leerlingen in Nederland, moet het niveau Nederlands einde PO zodanig zijn, dat het als basis kan dienen voor verdere ontwikkeling van vakkennis, conceptuele ontwikkeling en taalvaardigheid. De N komt uiteindelijk tot onderstaande inschatting van de benodigde verhouding in taalaanbod, waarbij het gaat om tijd voor taal als doeltaal (vak), voertaal (regulering van de alledaagse omgang in de klas) en instructie- taal (middel om vakinhouden aan te leren en examen te doen). De N acht het aan de scholen te bepalen welk vak in welke taal plaatsvindt. Groep 1 en 2 van minimaal 50% in de eerste opvang in groep 1, oplopend tot minimaal 80% in de tweede helft van groep 2. Het betreft taalaanbod van de leerkracht;",Everyday Racism & Modern Racial Inequality,1.0
bevindingen-quick-scan-expertgroepen-papiamentu-en-nederlands.pdf,40,"9  Ontwikkeling van visie en attitude, aansluitend bij de voorgestelde koerswijziging (N).  Voldoende ruimte voor individuele leerkrachten en schoolteams om begrip te creëren voor de ingezette koerswijziging en om in de uitvoering op schoolniveau te groeien in het proces en stapsgewijs de uitgestippelde balans te bereiken (N).  Uitbreiding van de doelstellingen van de initiële opleidingen die leerkrachten voor Bonaire afleveren, met genoemde competenties met betrekking tot meertaligheid (N).",Everyday Racism & Modern Racial Inequality,1.0
bevindingen-quick-scan-expertgroepen-papiamentu-en-nederlands.pdf,41,"Lesmateriaal en ondersteunend materiaal Papiamentu  Voldoen aan internationale criteria van kwaliteit: inhoudelijke inbedding in de lokale context (thematisch, didactisch en qua presentatie), aan het leeftijdsniveau aangepast taalgebruik en stimulerend voor het leren (P).  Ontwikkelen van gestructureerd materiaal Papiamentu dat kan worden ingezet bij successieve tweetalige geletterdheid, verbonden aan alfabetisering in het Papiamentu, met overschakeling op het Nederlands in groep 4 (P).",Everyday Racism & Modern Racial Inequality,1.0
bevindingen-quick-scan-expertgroepen-papiamentu-en-nederlands.pdf,52," ondersteunende interventies met betrekking tot de thuissituatie (N). Interventies VO en MBO De N heeft het VO en MBO niet meegenomen in de quick scan; de P wijdt wel enige aandacht daaraan. De volgende interventies worden noodzakelijk geacht.  Kritische analyse van de huidige (wettelijke) positionering van het vak Papiamentu in het VO, onder meer rekening houdend met het gegeven dat in het praktijkonderwijs (PRO)",Everyday Racism & Modern Racial Inequality,1.0
bevindingen-quick-scan-expertgroepen-papiamentu-en-nederlands.pdf,54," Kritische analyse van de huidige (wettelijke) positionering van het Papiamentu en Nederlands in het MBO, met aandacht voor: - wenselijkheid van een maatschappelijk minimuniveau Papiamentu op 2; - vak Papiamentu als verplicht onderdeel van het generieke onderwijsdeel voor álle MBO-opleidingen; - de vraag of generieke eisen Nederlands voor alle opleidingen noodzakelijk zijn of dat in bepaalde opleidingen (op een bepaald kwalificatieniveau) kan worden volstaan met beroepstaaleisen; - het voorstel om in MBO1-2 Papiamentu als instructietaal te hanteren en Nederlands uitsluitend als vak aan te bieden en de consequenties daarvan. Randvoorwaarden De door de P aangegeven randvoorwaarden hebben betrekking op taalplanning (bevorderen taalplanning voor Papiamentu), wetgeving (vertaling van de voorgestelde veranderingen in rijkswetten of lokale verordeningen) en financiën (extra investeringen voor de interventies",Reparations & Justice,1.0
bevindingen-quick-scan-expertgroepen-papiamentu-en-nederlands.pdf,55,"mb.t. professionalisering, lesmateriaal en toetsing). De door de N geschetste randvoorwaarden voor de implementatie van de voorstellen hebben betrekking op samenwerking tussen onderwijspartners (opzetten van samenwerkingsstructuren t.b.v. communicatie tussen de onderwijspartners, meer ruimte binnen de jaarplanning van scholen), evaluatie van de onderwijsagenda van 2011 (o.a. haalbaarheid van destijds gemaakte afspraken, juistheid van de prioritering, knelpunten bij de uitvoering) en prioriteitstelling (overeenstemming ten aanzien van de prioritering binnen de onderwijsvernieuwingen en planning voor de korte, middellange en lange termijn, met een realistische inschatting van de totaliteit van de belasting van schoolteams). 12 1. Inleiding 1.1",Everyday Racism & Modern Racial Inequality,1.0
bevindingen-quick-scan-expertgroepen-papiamentu-en-nederlands.pdf,56,"Aanleiding tot de quick scan Het feit dat in het Bonairiaanse onderwijs een vreemde taal als instructietaal fungeert plaatst scholen voor grote uitdagingen en vormt een knelpunt bij de door OCW beoogde verhoging van de onderwijskwaliteit. Dat was voor de Staatssecretaris van OCW aanleiding om in maart 2014 de Taalunie te vragen te adviseren over (1) hoe om te gaan met het Nederlands Referentiekader Taal (RKT) en over (2) wat er nodig is om te komen tot een adequaat onderwijsaanbod in en van het Nederlands in Caribisch Nederland, rekening houdend met het feit dat het Nederlands er een vreemde taal is. Deze adviesvraag mondde in december 2014 uit in het rapport Nederlands op zijn BSt. 1 Ten aanzien van de vraag naar de inzetbaarheid van het RKT wordt in dit rapport gesteld, dat het RKT kan worden ingezet, mits bij de implementatie er rekening mee wordt gehouden, dat het Nederlands een vreemde taal is.",Everyday Racism & Modern Racial Inequality,1.0
bevindingen-quick-scan-expertgroepen-papiamentu-en-nederlands.pdf,57,"Dat betekent dat de Nederlandse referentieniveaus moeten worden toegesneden op de specifieke onderwijscontext en - praktijk van i.c. Bonaire, met gebruikmaking van de niveaus van het uropees Referentiekader voor moderne vreemde talen (RK). Binnen het RKT moet een specifiek Caribisch-Nederlands traject ontwikkeld worden, zonder daarbij afbreuk te doen aan het uiteindelijk gewenste en vereiste niveau. Naar aanleiding van de tweede vraag, hoe te komen tot een passend aanbod Nederlands als vreemde taal, wordt in het Taalunierapport geadviseerd op Bonaire het Nederlands als onderwijstaal te handhaven. Gezien de functie van het Nederlands als toegangspoort naar kennisontwikkeling en het behalen van diploma’s is het kind erbij gebaat een zo hoog mogelijk niveau in het Nederlands te behalen.","Remembrance, Heritage & Education",1.0
bevindingen-quick-scan-expertgroepen-papiamentu-en-nederlands.pdf,58,"De kern van het advies geeft aan dat met het oog op betere onderwijsresultaten het voor Bonaire noodzakelijk is om het onderwijs in het Nederlands uit te breiden. Teneinde een adequaat onderwijsaanbod Nederlands te realiseren adviseert de Taalunie niet pas vanaf groep 5, maar al vanaf groep 1 (bij voorkeur nog vroeger) het Nederlands als onderwijstaal te hanteren (met mogelijke differentiatie voor specifieke groepen leerlingen) en bij andere onderwijsactiviteiten/vakken dan het vak Nederlands taalontwikkelend les te geven. 1 Taalunie (2104). Nederlands op zijn BSt. Advies over het ‘Nederlands in Caribisch Nederland’ naar aanleiding van de adviesvraag d.d. 11 maart 2014 van OCW aan de Taalunie ten aanzien van het onderwijs Nederlands in Caribisch Nederland, Den Haag/Brussel.",Everyday Racism & Modern Racial Inequality,1.0
bevindingen-quick-scan-expertgroepen-papiamentu-en-nederlands.pdf,60,"Dit functieverschil moet volgens het advies tot verschillende doelstellingen leiden. Het advies van de Taalunie is door de Staatsecretaris van OCW overgenomen.2 In het advies werd aanbevolen twee expertgroepen (één voor het Nederlands en één voor het Papiamentu) in te stellen ten behoeve van de uitvoering van een quick scan. Deze expertgroepen moesten de consequenties van de voorgestelde aanpak in kaart brengen en de daaruit voortvloeiende actiepunten inventariseren, identificeren en vastleggen in een plan van aanpak. 1.2",Everyday Racism & Modern Racial Inequality,1.0
bevindingen-quick-scan-expertgroepen-papiamentu-en-nederlands.pdf,61,"Onderzoeksopdracht Voor de uitvoering van de quick scan zijn, in overleg met het Openbaar Lichaam Bonaire (OLB) en de Schoolbesturen, op 18 maart 2015 twee expertgroepen ingesteld, met als onderzoeksopdracht een inventarisatie te maken en daarin (voor zover in dit stadium mogelijk): 3 1. de gevolgen van het advies op hoofdlijnen in kaart te brengen; 2. mogelijke c.q. wenselijke interventies te beschrijven die nodig zijn om de ‘ideale situatie’, waarbij recht wordt gedaan aan het afzonderlijk belang van beide talen, in het taalonderwijs te bereiken;",Everyday Racism & Modern Racial Inequality,1.0
bevindingen-quick-scan-expertgroepen-papiamentu-en-nederlands.pdf,67,"wat is nodig om het onderwijs zó in te richten, dat dit de taalontwikkeling van de leerlingen ondersteunt?  onderwijsconstructie: wat is nodig, gelet op aansluiting tussen verschillende onderdelen binnen hetzelfde onderwijsniveau en tussen de verschillende onderwijsniveaus?  de school als geheel: wat is nodig c.q. wenselijk op schoolniveau om het bereiken van de doelstellingen te ondersteunen?  de wereld buiten de school/de maatschappij:",Everyday Racism & Modern Racial Inequality,1.0
bevindingen-quick-scan-expertgroepen-papiamentu-en-nederlands.pdf,70,"onderwijs in het algemeen en/of op Bonaire in het bijzonder. 15 Verschillende disciplines waren vertegenwoordigd waaronder: taalonderwijs Papiamentu en Nederlands, meertaligheid, alternatieve didactiek, lesgeven, curriculumontwikkeling, deskundigheidsbevordering van lesgevers, kennis en ervaring over de rol en invloed van de thuistaal bij schoolsucces, identiteitsontwikkeling en persoonlijkheidsvorming van jonge leerlingen. De expertgroepen hebben het onderzoek uitgevoerd in de periode maart tot en met juni 2015.4 In maart heeft via videoconferencing een oriënterend gesprek plaatsgevonden met de hoofdauteur van het Taalunie-advies (drs. H. van Berlo) en één van de leden van de expertgroep Nederlands (dr. A. van Gelderen).",Everyday Racism & Modern Racial Inequality,1.0
tk-bijlage-infrastructuur-corruptiebestrijding-op-bonaire-sint-eustatius-en-saba.pdf,0,"Infrastructuur corruptiebestrijding op Bonaire, Sint ustatius en Saba Inspectieonderzoek van de Raad voor de rechtshandhaving 2 Colofon Uitgever: Raad voor de rechtshandhaving Jaar: 2015 Maand: juni Plaats: Kralendijk, Bonaire Vindplaats Internet: www.raadrechtshandhaving.com 3",Everyday Racism & Modern Racial Inequality,1.0
tk-bijlage-infrastructuur-corruptiebestrijding-op-bonaire-sint-eustatius-en-saba.pdf,7,19 3.5. De Nationale Ombudsman...................................................................................... 20 3.6. Geconstateerde knelpunten ten aanzien van de ontwikkeling van integriteitsbeleid op de BS-eilanden........................................................................................................ 21 4. Op welke wijze is de opsporing en vervolging van corruptie op de BS-eilanden georganiseerd? ........................................................................................................ 22 4.1.,Everyday Racism & Modern Racial Inequality,1.0
tk-bijlage-infrastructuur-corruptiebestrijding-op-bonaire-sint-eustatius-en-saba.pdf,15,enheid HOvJ Hoofdofficier van Justitie KMar Koninklijke Marechaussee KPCN Korps Politie,Everyday Racism & Modern Racial Inequality,1.0
tk-bijlage-infrastructuur-corruptiebestrijding-op-bonaire-sint-eustatius-en-saba.pdf,21,"Richards Mr. T.L.P. Bot 6 Samenvatting De infrastructuur ter bestrijding van corruptie op Bonaire, Sint ustatius en Saba (BS-eilanden) kent twee kanten. Ten eerste het integriteitsbeleid van het Openbaar Bestuur dat gericht is op het voorkomen van corruptie en ten tweede een repressieve kant, die gericht is op de opsporing en vervolging van corruptie. ‘Corruptie’ heeft vele gezichten. Afhankelijk van de gekozen invalshoek en definitie kan het variëren van (relatief) onschuldige vriendendiensten tot en met ernstige vormen van (ambtelijke) fraude en omkoping.",Everyday Racism & Modern Racial Inequality,1.0
tk-bijlage-infrastructuur-corruptiebestrijding-op-bonaire-sint-eustatius-en-saba.pdf,28,"Conclusie: De Raad concludeert dat betrokken organisaties maar zeer ten dele inzicht hebben in de aard en omvang van corruptie op de BS-eilanden. Omdat het aan ‘harde’ cijfers ontbreekt, is het moeilijk om steekhoudende uitspraken te doen over de aard en omvang. Wel zijn er aanwijzingen dat sprake is van groeiend risico van corruptie (actieve- respectievelijk passieve omkoping) die verder gaat dan een ‘vriendendienst of ‘niet integer handelen’ waarbij meer sprake is van ‘onzorgvuldigheid’ dan van bewust misbruik.  Ten aanzien van de tweede deelvraag: ‘op welke wijze wordt in de praktijk invulling gegeven aan het integriteitsbeleid en welke leer- en verbeterpunten zijn daarbij te signaleren?",Everyday Racism & Modern Racial Inequality,1.0
tk-bijlage-infrastructuur-corruptiebestrijding-op-bonaire-sint-eustatius-en-saba.pdf,30, Ten aanzien van de derde deelvraag: ‘op welke wijze wordt op de BS-eilanden in de praktijk invulling gegeven aan de opsporing en vervolging van corruptie en welke leer- en verbeterpunten zijn daarbij te signaleren’? Conclusie: De Raad concludeert dat het OM-BS als aanjager van de strafrechtelijke corruptiebestrijding samen 8 met de Rijksrecherche flinke stappen maakt om van de opsporing en vervolging van corruptie daadwerkelijk werk te maken. De Raad vindt de ontwikkeling om meer informatie gestuurd te werken positief. Het Korps Politie,Everyday Racism & Modern Racial Inequality,1.0
tk-bijlage-infrastructuur-corruptiebestrijding-op-bonaire-sint-eustatius-en-saba.pdf,31,Caribisch Nederland (KPCN) zal zich nu ook daadwerkelijk moeten door ontwikkelen (o.a. op het terrein van financieel rechercheren en de informatiehuishouding van het korps) wil het in de toekomst een rol van betekenis spelen met betrekking tot de corruptiebestrijding. Aanbevelingen Aan de Minister van Veiligheid en Justitie Breng de aard en omvang van mogelijke ondermijning en corruptie op de BS- eilanden in kaart opdat concrete acties geformuleerd kunnen worden over nut en noodzaak van (eventuele) versterking van de opsporing en vervolging van corruptie. Overweeg de invoering van de Wet BIBOB op de BS-eilanden.,Everyday Racism & Modern Racial Inequality,1.0
tk-bijlage-infrastructuur-corruptiebestrijding-op-bonaire-sint-eustatius-en-saba.pdf,33,"9 1. Inleiding 1.1. Aanleiding De Raad voor de Rechtshandhaving is een interlandelijk orgaan van Curaçao, Sint Maarten en Nederland (voor wat betreft Bonaire, Sint ustatius en Saba). De Raad is belast met de algemene inspectie op de effectiviteit en kwaliteit van de in artikel 3 van de Rijkswet Raad voor de Rechtshandhaving vermelde diensten en instellingen die deel uitmaken van de justitiële keten in de landen. Jaarlijks stelt de Raad een jaarplan op waarin is beschreven waarnaar een inspectieonderzoek wordt verricht.",Everyday Racism & Modern Racial Inequality,1.0
tk-bijlage-infrastructuur-corruptiebestrijding-op-bonaire-sint-eustatius-en-saba.pdf,35,"Het United Nations Development Programme (UNDP) noemt – naast andere negatieve aspecten – onder andere de volgende gevolgen4 van corruptie: ‘het versterken van de georganiseerde misdaad en het bevorderen van een antidemocratische omgeving, omdat corruptie de legitimiteit van de overheid sterk kan aantasten’. “Good government is bound by rules aimed to create a transparent and accountable government; corruption plays discreetly and sometimes directly on these rules",Dehumanization & Scientific Racism,1.0
tk-bijlage-infrastructuur-corruptiebestrijding-op-bonaire-sint-eustatius-en-saba.pdf,51,"Criminaliteit, regelovertreding en overlast op Bonaire, Sint ustatius en Saba’, juli 2013.  Inspectie, Signalering, Begeleiding (ISB), Ministerie van Buitenlandse Zaken ‘ Doorlichting naar het functioneren van de coördinatie van het Rijksbestuur in Caribisch Nederland’, november 2013. 9 De publieke sector is de verzamelnaam voor alle overheidsorganisaties en semioverheidsorganisaties.",Everyday Racism & Modern Racial Inequality,1.0
tk-bijlage-infrastructuur-corruptiebestrijding-op-bonaire-sint-eustatius-en-saba.pdf,53,Onderzoeksdoelstelling Met dit onderzoek wil de Raad inzichtelijk maken op welke wijze de infrastructuur van corruptiebestrijding op de BS-eilanden is georganiseerd. De Raad doet dit door te beschrijven op welke wijze enerzijds het (bevorderen van het) integriteitsbeleid in de praktijk werkt en anderzijds hoe de opsporing en vervolging van corruptie in de praktijk verloopt. Aan de hand van de bevindingen doet de Raad aanbevelingen teneinde een bijdrage te leveren aan de verbetering van de kwaliteit van infrastructuur van de corruptiebestrijding. 1.3.,Everyday Racism & Modern Racial Inequality,1.0
tk-bijlage-infrastructuur-corruptiebestrijding-op-bonaire-sint-eustatius-en-saba.pdf,63,"“integriteit is een gezindheid van onkreukbaarheid, rechtschapenheid, betrouwbaarheid, onpartijdigheid, objectiviteit en rechtvaardigheid. De invulling van het begrip integriteit is direct verbonden met maatschappelijk geaccepteerde normen en waarden en met de democratische en rechtsstatelijke beginselen”.21 Hoe integriteit wordt opgevat en ingevuld is afhankelijk van de context en mede afhankelijk van de specifieke eisen die de betrokken organisaties binnen deze context daar aan stellen. In berichtgeving over integriteitsschendingen wordt veelal gerefereerd aan fraude en/of corruptie, maar schendingen van integriteit kennen veel meer verschijningsvormen. Zoals: • wangedrag in de vrije tijd, • verspilling en wanprestatie;",Reparations & Justice,1.0
tk-bijlage-infrastructuur-corruptiebestrijding-op-bonaire-sint-eustatius-en-saba.pdf,69,"In dit onderzoek is zowel gekeken naar de ‘repressieve’ aspecten van corruptiebestrijding (opsporing en vervolging) als ook naar ‘preventieve’ aspecten die samenhangen met integriteitsbeleid. Van het integriteitsbeleid moet een preventieve werking uitgaan door bijvoorbeeld het instellen van gedragscodes, het verbinden van consequenties aan normoverschrijding, door transparantie en voorbeeldwerking, en door gebruik te maken van ‘checks en balances’, controlemechanismen en procedures. In dit onderzoek wordt onder ‘infrastructuur’ corruptiebestrijding verstaan ‘het geheel van voorzieningen om corruptie te bestrijden en integriteit te bevorderen. ’ 1.4. Afbakening van het onderzoek Afbakening naar reikwijdte",Everyday Racism & Modern Racial Inequality,1.0
tk-bijlage-infrastructuur-corruptiebestrijding-op-bonaire-sint-eustatius-en-saba.pdf,73,Op welke wijze wordt in de praktijk invulling gegeven aan het integriteitsbeleid en welke leer- en verbeterpunten zijn daarbij te signaleren? Wat betreft de repressieve kant van de infrastructuur van de corruptiebestrijding:  Op welke wijze wordt op de BS-eilanden in de praktijk invulling gegeven aan de opsporing en vervolging van corruptie en welke leer- en verbeterpunten zijn daarbij te signaleren? 14 1.6. Onderzoeksmethode,Everyday Racism & Modern Racial Inequality,1.0
tk-bijlage-infrastructuur-corruptiebestrijding-op-bonaire-sint-eustatius-en-saba.pdf,77,"Zicht op de aard en omvang van de corruptie op de BS-eilanden De vraag wat de aard en omvang is van de corruptie op de BS-eilanden levert een caleidoscopisch beeld op. Deze diversiteit van beelden hangt vooral samen met de keuze voor een bepaalde ‘definitie’ van corruptie (bijv. omkoping, fraude, witwassen, integriteitsschending) en de keuze voor een bepaalde invalshoek van de beschrijving (bijvoorbeeld ten aanzien van openbaar bestuur of ten aanzien van publiek – private samenwerking). In de verschillende studies23 die in de afgelopen jaren zijn verschenen waarbij ‘corruptie’ op de BS- eilanden aan de orde komt, is aangegeven dat een onderzoek naar exacte cijfers over corruptie moeilijk is. Ten eerste vanwege het feit dat corruptie zich dikwijls in het verborgene afspeelt en ten tweede vanwege het feit dat dit fenomeen dikwijls samenhangt met andere normoverschrijdingen waardoor het onmogelijk is tot een precieze schatting van de omvang van corruptie ‘sec’ te komen.",Everyday Racism & Modern Racial Inequality,1.0
tk-bijlage-infrastructuur-corruptiebestrijding-op-bonaire-sint-eustatius-en-saba.pdf,79,"Wat voorheen nog ‘in het verborgene’ plaatsvond – omdat het niet betamelijk is – wordt nu ‘en plein public’ gedaan. ” Zowel uit de literatuurstudie als ook uit de interviews komt naar voren dat het bevoordelen van de eigen groep, familie (nepotisme) of partij of eigen bedrijf (vriendjespolitiek) onderdeel uitmaakt van de cultuur van Bonaire, Sint ustatius en Saba. Overigens wordt er op gewezen dat een dergelijke cultuur niet per definitie ‘corrupt’ is, maar wel dat de grens tussen ongeoorloofde ruilrelaties (onder het motto: ‘voor wat hoort wat’) en geoorloofde zakenrelaties daardoor soms vaag is. en betrokkene verwoordt dit probleem als volgt:",Reparations & Justice,1.0
beleidsdoorlichting-en-evaluatie-artikel-4-1-positie-van-de-client.pdf,21,"Het ministerie van Volksgezondheid, Welzijn en Sport (VWS) voert beleid om de positie van de cliënt in de zorg te versterken. In de begroting van het ministerie van VWS ligt de nadruk op de rol van patiënten- en gehandicaptenorganisaties (pg-organisaties) om de positie van cliënten te ondersteunen. r zijn momenteel ca. 200 individuele en drie koepelorganisaties, die vanuit de begroting van Volksgezondheid, Welzijn en Sport (VWS) middelen ontvangen. Pg-organisaties onderhouden contact met cliënten, zorgverzekeraars en de koepels (Ieder(in), NPC en LPGGz). Pg-organisaties houden zich voornamelijk bezig met informatievoorziening over specifieke ziekten en zorg/behandeling, lotgenotencontact, belangenbehartiging, contact tussen en met mantelzorgers, en zaken als eigen regie, zelfmanagement (via websites en contactdagen en dergelijke).",Everyday Racism & Modern Racial Inequality,1.0
beleidsdoorlichting-en-evaluatie-artikel-4-1-positie-van-de-client.pdf,22,"Pg-organisaties worden ondersteund door PGOsupport onder andere met organisatieontwikkeling, bedrijfsvoering en deskundigheidsbevordering. Uit deze beleidsdoorlichting blijkt dat het werk van de pg-organisaties onder meer leidt tot:  Betere kwaliteit van zorg, door de inbreng van cliëntenervaringen;  Gerichte informatie aan cliënten. Dat levert een betere keuze op van de zorg en leidt regelmatig tot preventie.",Everyday Racism & Modern Racial Inequality,1.0
beleidsdoorlichting-en-evaluatie-artikel-4-1-positie-van-de-client.pdf,24,Het veld van de cliënten en hun pg-organisaties/koepels is zeer divers. De cliënten bestaan uit allerlei verschillende soorten patiënten en gehandicapten met een vraag naar zorg en hun familie. De individuele pg-organisaties zijn veelal georganiseerd rond een bepaalde aandoening. De omvang van de pg-organisaties varieert van honderd leden tot enkele tienduizenden. De hele kleine organisaties werken vrijwel uitsluitend met vrijwilligers en de grote organisaties kennen een mix van beroepskrachten en vrijwilligers.,Everyday Racism & Modern Racial Inequality,1.0
beleidsdoorlichting-en-evaluatie-artikel-4-1-positie-van-de-client.pdf,25,"De drie koepels brengen de belangen van de cliënt in bij zorgverleners, verzekeraars en het ministerie van VWS. De koepels proberen ook belangen van niet-georganiseerde cliënten en lokale/regionale platforms van cliënten te vertegenwoordigen. Beleidsdoorlichting en evaluatie Met het oog op de doelmatigheid en de doeltreffendheid van het beleid worden alle beleidsartikelen van de rijksbegroting periodiek geëvalueerd in een beleidsdoorlichting. In deze beleidsdoorlichting wordt artikel 4.1.",Everyday Racism & Modern Racial Inequality,1.0
beleidsdoorlichting-en-evaluatie-artikel-4-1-positie-van-de-client.pdf,26,"positie van de cliënt van het ministerie van VWS geëvalueerd. Het budget was € 43,0 mln. in 2011 en is verlaagd naar € 25,8 mln. in 2015 (40% minder budget). Het beleid is in 2011 aangepast en heeft gevolgen voor het veld van pg-organisaties gehad. In deze beleidsdoorlichting is gekeken naar de effecten op het veld en zijn interviews en focusgroepen gehouden om de beleving van het veld te vernemen. Doelen en instrumenten van het beleid",Everyday Racism & Modern Racial Inequality,1.0
beleidsdoorlichting-en-evaluatie-artikel-4-1-positie-van-de-client.pdf,54," Het korten van het ondersteunen van pg-organisaties (bijdrage aan PGOsupport) met 25%, opbrengst € 0,7 mln. Het effect van deze bezuiniging zal naar verwachting zijn dat het veld van pg-organisaties zich niet gewaardeerd en erkend voelt om hun rol voor de positie van de cliënt adequaat te kunnen vervullen. en verzwakking van de cliëntenbeweging ligt daarmee op de loer.",Colonial Exploitation & Economic Inequality,1.0
beleidsdoorlichting-en-evaluatie-artikel-4-1-positie-van-de-client.pdf,56,"Met de komst van de sociale media is het mogelijk om op ad hoc basis met anderen in contact te komen. n dat kan bij een virtueel contact blijven, zonder dat mensen elkaar fysiek ontmoeten. De pg-organisaties staan voor de uitdaging om in die nieuwe omstandigheden hun cliënten te vinden en hun ervaringen te kunnen vergaren. Het beleidskader gaat uit van minimaal honderd betalende leden en dat wringt met de kenmerken van de veranderende samenleving. n de vraag is in welke mate individuele cliënten meer in staat zullen zijn om zelf hun belangen in te brengen en wat de aanvullende rol voor pg-organisaties daarbij is;",Everyday Racism & Modern Racial Inequality,1.0
beleidsdoorlichting-en-evaluatie-artikel-4-1-positie-van-de-client.pdf,57," Positieve gezondheid. Het begrip van de gezondheid is in het licht van de individualisering van de samenleving breder getrokken. Het is niet een beperkte negatieve invulling van het bestrijden van ziekten, maar krijgt een positieve basis door uit te gaan van wat cliënten zelf kunnen doen en hoe zij hun leven willen inrichten. Die verbreding van het gezondheidsbegrip kan gaan schuren met de op aandoeningsgerichte invalshoek van pg-organisaties en de toetsing aan erkende aandoeningen en ziektes. Om cliënten te ondersteunen bij een bredere 12 Beleidsdoorlichting en evaluatie invulling van gezondheid komen ook andere thema’s in beeld, die bijvoorbeeld meer op het vlak van preventie, verzorging en welbevinden liggen, dan dat ze met de medische zorg te maken hebben;",Everyday Racism & Modern Racial Inequality,1.0
beleidsdoorlichting-en-evaluatie-artikel-4-1-positie-van-de-client.pdf,64,"Loslaten van het ledenaantal De huidige netwerksamenleving is meer fluïde en organisaties zijn vaak tijdelijk en virtueel van karakter. Bij een intensivering van het beleid zou een aanpassing van dit ledencriterium passen, door op een andere manier te meten of een pg-organisatie een achterban van cliënten goed bedient. 6. Stimuleren van inbreng van individuele cliënten in de ‘spreekkamer’.",Everyday Racism & Modern Racial Inequality,1.0
beleidsdoorlichting-en-evaluatie-artikel-4-1-positie-van-de-client.pdf,69,Beleidsdoorlichting en evaluatie indoordeel onafhankelijk deskundige indoordeel onafhankelijk deskundige Beleidsdoorlichting Positie van de cliënt Dr. M.T. Slager / Opleidingsmanager Verpleegkunde Haagse Hogeschool en Senior Onderzoeker.,Everyday Racism & Modern Racial Inequality,1.0
beleidsdoorlichting-en-evaluatie-artikel-4-1-positie-van-de-client.pdf,70,Opdracht De mij verleende opdracht luidt het eindrapport van de beleidsdoorlichting van artikel 4.1 van de begroting van het Ministerie van VWS te beoordelen op zijn methodologische aanpak (opzet) en de volledigheid en consistentie. Procedure Tijdens het evaluatieproces zijn er drie plenaire bijeenkomsten geweest waarbij een concept versie van het rapport werd besproken. Hierbij ben ik in de gelegenheid gesteld om commentaar te geven. Oordeel Het onderzoek van corys en het Verwey-Jonker instituut naar Art. 4.1.,Everyday Racism & Modern Racial Inequality,1.0
beleidsdoorlichting-en-evaluatie-artikel-4-1-positie-van-de-client.pdf,71,"Positie van de cliënt is zorgvuldig uitgevoerd. Vanaf het moment dat corys startte met de beleidsdoorlichting en evaluatie waren verschillende partijen betrokken bij het onderzoeksproces, zoals VWS maar ook de vier vertegenwoordigers van de koepelorganisaties van de PG-organisaties. Daarnaast was ook de Unit PGO betrokken. Dit was belangrijk en relevant voor het evaluatieproces omdat bij het bespreken van de tussentijdse rapporten getoetst kon worden of de informatie in het rapport accuraat was. Tegelijkertijd was dit ook spannend omdat de beleidsdoorlichting zaken betrof zoals het takenpakket van PG-organisaties, de financiën en het budget voor de komende jaren.",Everyday Racism & Modern Racial Inequality,1.0
beleidsdoorlichting-en-evaluatie-artikel-4-1-positie-van-de-client.pdf,75,"Positie van de cliënt en beleid voor hun organisaties Het ministerie van Volksgezondheid, Welzijn en Sport (VWS) voert beleid om de positie van de cliënt in de zorg te versterken. In de begroting van het ministerie van VWS ligt de nadruk op de rol van patiënten- en gehandicaptenorganisaties (pg-organisaties) om de positie van cliënten te ondersteunen. Het beleid voor pg-organisaties kent een wettelijk spoor en een financiële spoor en gaat ver terug. Al in 1980 schetste de toenmalige staatssecretaris van Volksgezondheid ls Veder- Smit de eerste contouren in de Nota Patiëntenbeleid.",Everyday Racism & Modern Racial Inequality,1.0
beleidsdoorlichting-en-evaluatie-artikel-4-1-positie-van-de-client.pdf,76,"Het financiële spoor in de vorm van subsidieregelingen gaat bijna 20 jaar terug. In 1997, 2001, 2005 en 2009 zijn er regelingen opgesteld, die zorgen voor een subsidie van het ministerie van VWS voor pg-organisaties. Deze regelingen zijn tussentijds geëvalueerd, aangepast, vervallen en inmiddels in een nieuwe vorm vanaf 2011 (en met lichte wijzigingen in 2012 en 2013) van kracht. De financiering van deze regelingen (Beleidskader voor subsidiëring van patiënten en gehandicaptenorganisaties) vindt sinds 2013 plaats vanuit de begroting van het ministerie en wel vanuit artikel 4.1 positie van de cliënt. Context beleid",Everyday Racism & Modern Racial Inequality,1.0
beleidsdoorlichting-en-evaluatie-artikel-4-1-positie-van-de-client.pdf,78,"Sinds de invoering van de Wet maatschappelijke ondersteuning (Wmo) in 2007 zijn gemeenten verantwoordelijk voor de ondersteuning van mantelzorgers en vrijwilligers. De AWBZ-Wmo, de jeugdhulp (nieuw Jeugdwet) en het domein van werk en inkomen (van Wet werk en bijstand naar Participatiewet) zijn taken van de gemeenten geworden. De decentralisaties gaan gepaard met bezuinigingen. Dat wil zeggen dat het Rijk taken overhevelt naar de gemeenten en daar afhankelijk van het domein 15% tot 20% minder budget voor beschikbaar stelt. In dat kader kijken lokale overheden steeds meer naar wat burgers/cliënten zelf kunnen (eigen kracht) en naar wat anderen in de lokale samenleving kunnen betekenen voor de kwetsbaren.",Everyday Racism & Modern Racial Inequality,1.0
beleidsdoorlichting-en-evaluatie-artikel-4-1-positie-van-de-client.pdf,79,"Het is de bedoeling van de overheid om buren, familie, en vrijwilligers steeds vaker en intensiever te betrekken bij zorg (informele zorg). Het kabinet sprak in de troonrede van 2013 over de ‘participatiesamenleving’ die meer en meer vorm zal moeten krijgen. Om de rol van de patiënten/cliënten te ondersteunen zijn er momenteel ca. 200 pg-organisaties, die en drie koepels die subsidie ontvangen. Zij geven informatie aan patiënten over hoe ze het beste met hun ziekte of beperking kunnen omgaan en welke behandelingen er mogelijk zijn. De organisaties organiseren contactdagen, zodat patiënten andere lotgenoten treffen en ervaringen kunnen delen.",Everyday Racism & Modern Racial Inequality,1.0
personeelsrapportage-midden-2015.pdf,26,"In deze tabel wordt de totale uitstroom (regulier en irregulier) van militair personeel en burgerpersoneel over de eerste helft van 2015 weergegeven met een prognose voor heel 2015. Militaire uitstroom wordt toegerekend aan het operationeel commando waaruit de militair afkomstig is, ook als zij op het moment van uitstroom bij een ander defensieonderdeel geplaatst zijn. De uitstroom van militair personeel is lager dan in de eerste helft van 2014. Toen stroomden er nog 1.948 militairen Defensie uit. Bij burgers is er nog steeds sprake van een stijging (2013: 553 vte’n, 2014: 670 vte’n).",Everyday Racism & Modern Racial Inequality,1.0
personeelsrapportage-midden-2015.pdf,149,"Om dit te bewerkstelligen, zijn op dit moment in totaal 368 militairen en 305 medewerkers van ManpowerGroup voltijd bezig met recruitment. Deze aantallen zijn inclusief het keuringstraject. Hierbij zorgt ManpowerGroup vooral voor de juiste aantallen en kwaliteit van de kandidaten op het juiste moment. Dit onder andere door gericht onderzoek naar doelgroepen en door gebruik te maken van arbeidsmarktcommunicatie, waaronder de inzet van social media. De militairen van de AD staan met name garant voor de juiste voorlichting en de definitieve besluitvorming om kandidaten toe te laten tot de AD.",Everyday Racism & Modern Racial Inequality,1.0
vws-verzekerdenmonitor-2015.pdf,34,Aantal in het buitenland wonende verdragsgerechtigden ………….. ……………. 35 7.5 Opbrengsten en kosten van in het buitenland wonende verzekerden en Verdragsgerechtigden …,Colonial Exploitation & Economic Inequality,1.0
vws-verzekerdenmonitor-2015.pdf,60,"De voornaamste daarvan is de zorgtoeslag. Die biedt een financiële tegemoetkoming voor de nominale premie van de zorgverzekering wanneer mensen onder een bepaalde inkomensgrens zitten. Daarnaast worden de bijstandsnormen zo vastgesteld dat verzekerden er, rekening houdend met de zorgtoeslag, de nominale premie van een zorgverzekering en de premie voor een aanvullende verzekering uit kunnen voldoen. Vanaf de invoering van de Zvw zijn maatregelen genomen om het aantal mensen met premieachterstand terug te dringen. Om te voorkomen dat wanbetalers door zorgverzekeraars geroyeerd zouden worden (en onverzekerd zouden raken), zijn vrij snel na de invoering van de Zvw afspraken gemaakt met zorgverzekeraars over de volledige uitvoering van de zorgverzekering bij verzekerden met een premieachterstand langer dan zes maanden.",Everyday Racism & Modern Racial Inequality,1.0
vws-verzekerdenmonitor-2015.pdf,63,"in 2009 Afdeling 3.3.2 (artikelen 18a tot en met 18g) aan de Zvw toegevoegd. Deze wanbetalersregeling kent twee fases. De voorfase in het private traject wanneer er sprake is van betalingsachterstand van de nominale zorgpremie van ten hoogste zes maandpremies, en de (publieke) bestuursrechtelijke fase die start wanneer een verzekerde door de zorgverzekeraar is aangemeld als wanbetaler bij het Zorginstituut. Zodra de zorgverzekeraar een betalingsachterstand van een maand aan zorgpremie heeft geconstateerd en de verzekerde is aangemaand te betalen, vervalt voor de verzekerde de mogelijkheid om de verzekering op te zeggen. Deze bepaling is in de wet opgenomen om te voorkomen dat verzekerden bij meerdere zorgverzekeraars schuld opbouwen.",Everyday Racism & Modern Racial Inequality,1.0
vws-verzekerdenmonitor-2015.pdf,66,"De zorgverzekeraar dient de wanbetaler te informeren dat bij zes maanden premieachterstand melding aan het Zorginstituut zal volgen. De verzekerde kan bij de zorgverzekeraar het bestaan van de achterstand betwisten. Zolang over deze betwisting geen definitieve (al dan niet rechterlijke) beslissing is genomen, mag de verzekerde niet bij het Zorginstituut worden aangemeld. Bij een premieachterstand ter grootte van zes maanden nominale premie wordt de verzekerde aangemeld bij het Zorginstituut. Na aanmelding als wanbetaler betaalt de verzekerde in plaats van de nominale premie een (hogere) bestuursrechtelijke premie aan het Zorginstituut.",Everyday Racism & Modern Racial Inequality,1.0
vws-verzekerdenmonitor-2015.pdf,68,"Na de aanmelding als wanbetaler betaalt de verzekerde in plaats van de nominale premie een (hogere) bestuursrechtelijke premie aan het Zorginstituut. Het Zorginstituut heft en int de bestuursrechtelijke premie. Indien mogelijk wordt de inning gedaan door bronheffing, waarbij het Zorginstituut aan gemeenten, uitkerings- en pensioeninstanties en werkgevers (de zogenaamde broninhouders) meedeelt welk bedrag op uitkering, pensioen of salaris dient te worden ingehouden. Indien er geen inkomen is, dan wel niet het gehele bedrag aan bestuursrechtelijke premie kan worden ingehouden, draagt het Zorginstituut zorg voor de overdracht van de inning aan het CJIB. Het Zorginstituut heft en int de bestuursrechtelijke premie totdat de wanbetaler al zijn schulden bij de zorgverzekeraar heeft voldaan, er door tussenkomst van een schuldhulpverlener een afbetalingsregeling is getroffen, een stabilisatieovereenkomst is overeengekomen of indien er een wettelijk of minnelijk schuldtraject loopt en de nominale premie aan de zorgverzekeraar wordt betaald.",Everyday Racism & Modern Racial Inequality,1.0
vws-verzekerdenmonitor-2015.pdf,69,"Sinds 2013 draagt de Belastingdienst de zorgtoeslag voor wanbetalers in het bestuursrechtelijk premieregime rechtstreeks over aan het CJIB. Voor het gedeelte van de bestuursrechtelijke premie dat niet kan worden voldaan met de eventueel aanwezige zorgtoeslag, verstuurt het CJIB een acceptgiro. Het Zorginstituut controleert twee keer per jaar bij het Uitvoeringsinstituut Werknemersverzekeringen (UWV) of een wanbetaler wederom een bron van inkomen heeft, zodat bronheffing in plaats van incasso kan plaatsvinden. Ook wordt jaarlijks door deurwaarders gecontroleerd of er weer een inkomensbron aanwezig is. De aan de uitvoering door het Zorginstituut, het CJIB en de deurwaarders verbonden kosten worden betaald uit de begroting van het ministerie van VWS.",Everyday Racism & Modern Racial Inequality,1.0
vws-verzekerdenmonitor-2015.pdf,74,2.1 is het totaal aantal verstuurde tweede- en vierdemaandsbrieven opgenomen dat zorgverzekeraars in 2014 hebben verstuurd. De tweede- en vierdemaandsbrieven geven een beeld van het aantal verzekerden met een betalingsachterstand en de mate waarin zij er in slagen verder oplopen van de premieschuld te voorkomen. Deze tabel laat zien dat het aantal vierdemaandsbrieven flink lager is dan het aantal tweedemaandsbrieven. Hieruit kan worden geconcludeerd dat de grootste reductie in betalingsachterstanden gerealiseerd wordt tussen de tweede en de vierde maand. Het verschil tussen het aantal verstuurde vierdemaandsbrieven (164.484) en het aantal aangemelde wanbetalers (127.778) is kleiner.,Everyday Racism & Modern Racial Inequality,1.0
vws-verzekerdenmonitor-2015.pdf,81,"Betalings- regelingen bij de externe incassopartner hebben zowel betrekking op de buitengerechtelijke- als de gerechtelijke fase. en stabilisatieovereenkomst is een schuldhulpinstrument dat ten doel heeft om evenwicht te brengen én te houden in de inkomsten en uitgaven van de schuldenaar en zo de mogelijkheid te creëren om de schuldsituatie op te lossen. en stabilisatieovereenkomst is reden tot opschorting van de betalingsverplichting van de bestuursrechtelijke premie, zodat de wanbetaler meer financiële ruimte krijgt voor afbetaling van de schulden. Indien dit leidt tot een succesvolle schuldsanering, wordt de resterende openstaande schuld kwijtgescholden. Uit gegevens van het Zorginstituut blijkt dat circa de helft van de stabilisatieovereenkomsten echter niet definitief tot stand komt dan wel mislukt.",Everyday Racism & Modern Racial Inequality,1.0
vws-verzekerdenmonitor-2015.pdf,87,De minnelijke schuldhulpverlening lijkt na een sterke stijging in de jaren tot en met 2013 te stabiliseren (ruim 9.000). De reden ‘goede betaler' betreft de (opgeschorte) inning van de bestuursrechtelijke premie voor bijstandsgerechtigden in Amsterdam die meedoen met de regeling die is afgesproken tussen de gemeente Amsterdam en Zorgverzekeraar Agis (thans Zilveren Kruis). 2010 2011 2012 2013,Everyday Racism & Modern Racial Inequality,1.0
vws-verzekerdenmonitor-2015.pdf,96,"Overige 154 329 48 25 23 Aanmelding ingetrokken 21.765 6.894 10.352 9.883 10.245 Verblijfsduur in het bestuursrechtelijk premieregime Tabel 2.6 geeft het aantal wanbetalers weer (het CBS heeft over een beperkte groep gegevens, zie 2.3.4) dat gedurende een bepaalde periode in het bestuursrechtelijk regime verblijft. Het aantal maanden dat iemand verblijft in het bestuursrechtelijk premieregime geeft een indicatie van de mate waarin mensen er in slagen uit te stromen. Hoe langer de verblijfsduur, hoe kleiner de kans dat uitstroom op eigen kracht tot de mogelijkheden behoort.",Everyday Racism & Modern Racial Inequality,1.0
vws-verzekerdenmonitor-2015.pdf,113,"Nog nooit geïnde premie In tabel 2.11 is het aantal wanbetalers opgenomen waarvan het nog niet is gelukt bestuurs- rechtelijke premie te innen, noch via bronheffing, noch via incassoactiviteiten. Dit betekent dat deze wanbetalers geen kenbare bron van inkomen hebben (loon of uitkering), onvoldoende middelen hebben om te betalen of niet vindbaar zijn voor deurwaarders. Het betreft uitsluitend de betaling van de bestuursrechtelijke premie; als er recht bestaat op zorgtoeslag wordt deze omgeleid.",Everyday Racism & Modern Racial Inequality,1.0
tk-bijlage-eindverslag-evaluatiecommisie-justitiele-rijkswetten.pdf,30,en door dit Justitieel Vierpartijenoverleg (JVO) ingestelde werkgroep – de Werkgroep evaluatie justitiële consensusrijkswetten – heeft de in dit kader relevante thema's en criteria ten behoeve van de evaluatie geïdentificeerd in haar verslag van 11 juni 2014.1 Via deze werkgroep hebben de landen (die allen in deze werkgroep vertegenwoordigd waren) de voor hen relevante thema’s en criteria kunnen aandragen. Voorts zijn hierin thema’s en criteria verwerkt die voorvloeien uit door de Afdeling advisering van de Raad van State van het Koninkrijk op 2 mei 2014 uitgebrachte voorlichting.2 De in het verslag van de Werkgroep evaluatie justitiële consensusrijkswetten opgenomen thema’s en criteria zijn vastgesteld,Everyday Racism & Modern Racial Inequality,1.0
tk-bijlage-eindverslag-evaluatiecommisie-justitiele-rijkswetten.pdf,42,"IV nr. 9, p. 1-2. 4 measure of self-government’9, ligt het in de rede dat ook hierop vervolgstappen zullen volgen. Sprake is van een perspectief van permanente staatkundige ontwikkeling waarin ook de justitiële Rijkswetten net zomin “eeuwig edict” zijn als het Statuut zelf. Op termijn mag dan ook worden verwacht dat de landen een ontwikkeling zullen doormaken, die zal resulteren in aanpassingen in de structuur van de rechtshandhaving (waaronder die van het OM) op een wijze die passend is bij de ontplooiing van de landen op dat moment. Bij dit perspectief moet echter worden opgemerkt dat deze evaluatie slechts vier jaar na de vorige momentopname is aangevangen.",Everyday Racism & Modern Racial Inequality,1.0
tk-bijlage-eindverslag-evaluatiecommisie-justitiele-rijkswetten.pdf,43,"De werkzaamheden van de valuatiecommissie startten immers gedurende de tweede helft van 2014. Binnen de context van het hierboven geschetste perspectief van verdere ontplooiing van de landen en openbare lichamen, is dit een korte termijn. Zoals uit dit eindverslag zal blijken, geldt ten aanzien van de Rijkswetten bovendien dat deze in 2010 nog niet volledig waren geïmplementeerd en een enkele dat ook thans nog niet is (de Rijkswet Politie). In dat licht bezien, is de valuatiecommissie van opvatting dat moet worden gewaakt tegen te spoedige opeenvolging van vervolgstappen. Zij acht het dan ook niet verstandig op dit moment al in te zetten op nieuwe herstructureringen.",Reparations & Justice,1.0
tk-bijlage-eindverslag-evaluatiecommisie-justitiele-rijkswetten.pdf,46,"De wetenschappelijke eindverantwoordelijkheid voor de inhoud van deze bijlage berust bij de betrokken onderzoekers. valuatiecommissie en onderzoekers hebben echter in voortdurende verbinding gestaan. Gedurende de onderzoeksfase hebben valuatiecommissie en onderzoekers gezamenlijk de parameters bepaald voor het te verrichten onderzoek. Met 9 Als bedoeld in artikel 73 VN Handvest. 5 inachtneming van de valuatieopdracht heeft de valuatiecommissie, op een voorstel daartoe van de onderzoekers, de vragen vastgesteld die in de eerste fase van het onderzoek zijn gesteld door middel van de schriftelijke vragenlijsten.",Everyday Racism & Modern Racial Inequality,1.0
tk-bijlage-eindverslag-evaluatiecommisie-justitiele-rijkswetten.pdf,50,"11 Inzicht verkrijgen in de werking in de praktijk van de genoemde (consensus)rijkswetten ten aanzien van: - de toepassing van de wetten door de relevante uitvoerders daarvan en/of toezichthouders daarop; - de doelmatigheid en doeltreffendheid van deze toepassing; - effecten van deze toepassing en mogelijke (onvoorziene) knelpunten; 6 Tegelijkertijd is dit onderzoeksdoel nogmaals onderverdeeld in een zevental onderzoeksvragen. Tot slot zijn in dit Plan van Aanpak de ‘evaluatievragen’ herhaald die per Rijkswet waren opgenomen in de valuatieopdracht (in totaal waren dat er 64, verdeeld over de vier Rijkswetten). Dit betekende dat het Plan van Aanpak uiteindelijk voorzag in minstens vier verschillende manieren waarop het onderzoek zou kunnen worden ingericht. Op voordracht van de onderzoeksgroep heeft de valuatiecommissie gemeend dit enigszins te moeten vereenvoudigen.",Reparations & Justice,1.0
tk-bijlage-eindverslag-evaluatiecommisie-justitiele-rijkswetten.pdf,53,"Uit het onderzoek blijkt dat drie van de vier Rijkswetten thans nagenoeg volledig zijn geïmplementeerd en ook welke inspanningen geleverd zijn om tot nadere implementatie te komen van de vierde Rijkswet (de Rijkswet Politie). Ook overigens valt het de valuatiecommissie op welke toewijding en energie vanuit alle ministeries, justitiële instellingen en andere ambten aan de dag wordt gelegd om de rechtshandhaving in het Caribische deel van het Koninkrijk der Nederlanden naar een hoger niveau te tillen. Uit het verrichte onderzoek blijkt bovendien dat onder grote groepen betrokkenen optimisme bestaat over de ontwikkeling van de rechtshandhaving in de Caribische delen van het Koninkrijk.13 Het is de stellige overtuiging van de valuatiecommissie dat juist dit optimisme zou moeten dienen als fundament voor verdere ontwikkeling. 2.1 Bestuurlijke context Uiteraard zijn in deze evaluatie punten van zorg aan de oppervlakte gekomen.",Reparations & Justice,1.0
tk-bijlage-eindverslag-evaluatiecommisie-justitiele-rijkswetten.pdf,55,"- het openbaar bestuur in met name Curaçao over de gehele linie grote inspanningen heeft moeten leveren om twee ‘oude’ bestuurslagen (het land Nederlandse Antillen en het eilandgebied Curaçao) te vervlechten in één nieuwe; - in Sint Maarten op tal van terreinen overheidsinstellingen en -processen opgezet moesten worden waar die daarvoor niet – of slechts in beperkte mate – bestonden; en 13 Zie paragraaf 3.1 van de onderzoeksbijlage. 8 - voor Caribisch Nederland een volstrekt nieuwe, binnen Nederland niet eerder beproefde, structuur moest worden opgericht waarin een evenwicht moe(s) t worden gezocht tussen uropees Nederlandse en Caribisch Nederlandse inbreng.14 Ook aan Aruba is de herstructurering van het Koninkrijk der Nederlanden niet zonder meer voorbijgegaan.",Everyday Racism & Modern Racial Inequality,1.0
tk-bijlage-eindverslag-evaluatiecommisie-justitiele-rijkswetten.pdf,58,"Binnen de samenlevingen waarin de justitiële consensusrijkswetten functioneren, is het Nederlands over het algemeen niet de dominante taal. Voor zowel rechtzoekenden als functionarissen die werkzaam zijn binnen de rechtshandhaving vormt dit vaak een barrière. Deze barrière is bovendien van fundamenteler aard dan een incidentele belemmering in de feitelijke uitvoering van werkzaamheden (zoals het opstellen van een proces-verbaal of een conceptvonnis) of in het verkeer tussen burgers en de betrokken instellingen. Het betreft vooral ook een probleem voor de mate waarin grote delen van de bevolking van het Caribische deel van het Koninkrijk der Nederlanden zich herkennen in hun eigen stelsel van rechtshandhaving. Taal is niet voor niets één van de belangrijkste uitingen van iemands culturele identiteit.",Everyday Racism & Modern Racial Inequality,1.0
tk-bijlage-eindverslag-evaluatiecommisie-justitiele-rijkswetten.pdf,66,"Bestond dit inzicht inderdaad niet en zijn reeds daarom financiële problemen ontstaan, dan zullen de thans opgelegde bezuinigingen (bijvoorbeeld bij het KPSM of bij het hof), grote gevolgen hebben. 2.5 Perspectief van de burger Het valt de valuatiecommissie op dat de opgave van het verbeteren van rechtshandhaving in het Caribische deel van het Koninkrijk vanuit politiek-bestuurlijke hoek sterk wordt benaderd vanuit institutionele gezichtspunten (bijvoorbeeld ten aanzien van de wens van een eenzijdig opzegrecht en de wens om te komen tot een ‘eigen’ PG) die nauwelijks lijken te zijn veranderd sinds de onderhandelingen die over de Rijkswetten zijn gevoerd vanaf het begin van deze eeuw. Ook aan de uropese zijde van de Atlantische Oceaan viel gedurende het onderzoek op dat op sommige vlakken wordt teruggegrepen op eerder ingenomen standpunten (bijvoorbeeld waar het gaat om de aanwijzingsbevoegdheid van de minister van Justitie van het Koninkrijk).17 Achter deze discussies gaan fundamentele noties schuil als autonomie en democratie, maar ook ‘checks and balances’ en onafhankelijke rechtspleging.",Everyday Racism & Modern Racial Inequality,1.0
tk-bijlage-eindverslag-evaluatiecommisie-justitiele-rijkswetten.pdf,67,"Hoewel deze gezichtspunten valide zijn, moet worden gewaakt tegen voortdurende teleurstelling over wat in de Rijkswetten wel of niet voorzien is. Gelet op hetgeen de valuatiecommissie hierover in paragraaf 1.2 (Ontwikkelingsperspectief) heeft opgemerkt, is zij van mening dat de tijd voor herziening van de in 2010 overeengekomen institutionele inbedding van de rechtshandhaving nog niet is aangebroken. Het is – in de woorden van de Commissie Voorevaluatie Rijkswetten van het land Curaçao – de vraag of op dit moment iemand gebaat is bij een “nieuwe ronde staatkundige structuur”.18 De energie zou in dit stadium in het bijzonder moeten worden 16",Reparations & Justice,1.0
tk-bijlage-eindverslag-evaluatiecommisie-justitiele-rijkswetten.pdf,69,"11 gericht op het creëren van randvoorwaarden voor een succesvolle benutting van de mogelijkheden die de Rijkswetten bieden. De overheid is er niet voor zichzelf. Dit moge een open deur zijn, het is ook in het kader van rechtshandhaving niet minder waar. Rechtzoekenden (burgers, bedrijven en instellingen) zijn gebaat bij een efficiënt en slagvaardig politiekorps, bij een Openbaar Ministerie dat volgens rechtsstatelijke normen oordeelt over de vraag welke zaken het voor de rechter brengt (en welke niet) en bij een rechter die daarover in volstrekte onafhankelijkheid en onpartijdigheid kan oordelen. Burgers zijn gebaat bij landen die bereid zijn gezamenlijk te bouwen aan verbetering van rechtshandhaving.",Everyday Racism & Modern Racial Inequality,1.0
ibo-effectieve-leerroutes-in-het-funderend-onderwijs.pdf,17,"Daarnaast kan in het VO afstroom en stapelen van diploma’s een rol spelen bij vertraging in de leerroute. Versnellen komt in Nederland niet vaak voor, versneld kleuteren uitgezonderd. Het Interdepartementaal Beleidsonderzoek (IBO) ffectieve Leerroutes analyseert de doeltreffendheid en doelmatigheid van het beleid ten aanzien van leerroutes in het funderend onderwijs. Het gaat daarbij om het vinden van een optimale balans tussen wat een leerling leert en de tijd die daarvoor beschikbaar is. nerzijds impliceert dit het intensiever benutten van onderwijstijd, bijvoorbeeld door alle leerlingen meer uit te dagen.",Reparations & Justice,1.0
ibo-effectieve-leerroutes-in-het-funderend-onderwijs.pdf,19,"Bij toegankelijkheid gaat het om voldoende aanbod van kwalitatief hoogwaardig onderwijs, om kansengelijkheid en pluriformiteit. In hoofdstuk 2 is specifiek aandacht gegeven aan versnellen en verrijken als factor binnen effectieve leerwegen. In de beleidsvarianten worden hiervoor geen afzonderlijke maatregelen vermeld. Hierbij wordt verondersteld dat maatregelen zoals flexibiliteit, maatwerk en verhoging van de kwaliteit van leraren ook ten goede kunnen komen aan versnellen en verrijken. Leerroutes zijn ingebed in stelsel- en cultuurkenmerken",Everyday Racism & Modern Racial Inequality,1.0
ibo-effectieve-leerroutes-in-het-funderend-onderwijs.pdf,20,"Vertraging is een fenomeen dat samenhangt met het Nederlandse onderwijssysteem. en aantal stelsel- en cultuurkenmerken werkt zittenblijven in de hand. De meeste scholen werken met het leerstofjaarklassensysteem: homogene leeftijdsgroepen per schooljaar. Dit zorgt voor scherpe scheidingen tussen de schooljaren en beperkte differentiatie in het onderwijsaanbod. Daarnaast kent Nederland een relatief vroege selectie van leerlingen in verschillende niveaus op het VO, met een algemene tweedeling in beroepsonderwijs (vmbo) en algemeen vormend onderwijs (havo en vwo).","Remembrance, Heritage & Education",1.0
ibo-effectieve-leerroutes-in-het-funderend-onderwijs.pdf,29,"Mogelijk spelen selectie-effecten een rol, waarbij leerlingen met relatief weinig opgelopen onderwijsachterstand eerder blijven zitten dan dat ze afstromen. Daarbij doorlopen afstromers die via het vervolgonderwijs weer opklimmen, een langere route: zo is de route naar het hbo via vmbo en mbo langer en duurder dan via de havo. Ongeveer 5% van de leerlingen volgt een langere leerroute door te stapelen. In principe is dit een effectieve methode om leerlingen op een hoger niveau te laten uitstromen.",Everyday Racism & Modern Racial Inequality,1.0
ibo-effectieve-leerroutes-in-het-funderend-onderwijs.pdf,35,"3: fficiëntere leerroutes zijn mogelijk zonder vermindering van de kwaliteit en toegankelijkheid van het onderwijs. Individuele afwegingen en keuzes door scholen blijven daarbij het uitgangspunt. Zittenblijven geeft geen langdurige positieve effecten op de leerprestaties van leerlingen, wel brengt het hoge kosten met zich mee. Onderwijsachterstanden eerder en gericht aanpakken via preventie en vroege interventie lijken daarom kansrijke en zinvollere alternatieven. Achterstanden kunnen zo vroegtijdig worden opgemerkt en gericht worden weggewerkt zonder dat een leerling een volledig jaar hoeft over te doen.",Everyday Racism & Modern Racial Inequality,1.0
ibo-effectieve-leerroutes-in-het-funderend-onderwijs.pdf,42,"Hiervoor is het wenselijk om via experimenten en evaluaties meer inzicht te verkrijgen in kwalitatieve en kwantitatieve effecten. Conclusie 7: Vergroten van differentiatie, maatwerk en flexibeler overgangen kunnen bijdragen aan efficiëntere leerroutes Gepersonaliseerde instructie kan prestaties van leerlingen verbeteren en de leerroute efficiënter maken.",Everyday Racism & Modern Racial Inequality,1.0
ibo-effectieve-leerroutes-in-het-funderend-onderwijs.pdf,44,"Het behoud van voldoende brede brugklassen in het VO is een manier om overgangen flexibeler te houden en de plaatsing van leerlingen over de verschillende niveaus te verbeteren. Dit kan de noodzaak tot stapelen reduceren, omdat meer leerlingen direct op het juiste niveau terecht komen. Ook het aanbieden van aangepaste lesstof aan leerlingen die zijn blijven zitten, past bij maatwerk. Conclusie 8: Voor- en vroegschoolse educatie (VV) en ondersteuning bij achterstanden kan leiden tot efficiëntere leerroutes, mits tijd en middelen gerichter worden ingezet",Everyday Racism & Modern Racial Inequality,1.0
ibo-effectieve-leerroutes-in-het-funderend-onderwijs.pdf,45,Vertraging in de leerroutes komt vaker voor bij leerlingen met onderwijsachterstanden door een sociaal zwakkere thuissituatie. Vroegtijdige aanpak van onderwijsachterstanden via VV kan helpen om zittenblijven in het PO te verminderen. De kwaliteit en de uitvoering van het VV-programma is daarbij bepalend. In Nederland verschilt de uitvoering door gemeenten sterk en worden niet altijd de goede professionals aangetrokken. Ook zijn er grote verschillen in de doelgroepen die met VV worden bereikt.,Everyday Racism & Modern Racial Inequality,1.0
ibo-effectieve-leerroutes-in-het-funderend-onderwijs.pdf,47,"Dit is een belangrijke succesfactor. Het algemene beleid gericht op goede docenten met de juiste competenties draagt daarom bij aan het terugdringen van zittenblijven. Mogelijkheden zijn hierbij het versterken van differentiatievaardigheden in de initiële opleiding en het beter ondersteunen van (nieuwe) docenten om deze vaardigheden ook daadwerkelijk toe te kunnen passen in het onderwijs. Daarnaast kan het investeren in docenten met een specialisatie en het meer in teamverband werken, bijdragen aan efficiëntere leerroutes. Het in teamverband werken kan positief zijn voor de motivatie van professionals en leerlingen, stimuleert kennisdeling en geeft ruimte voor het inzetten van specifieke vaardigheden.",Everyday Racism & Modern Racial Inequality,1.0
ibo-effectieve-leerroutes-in-het-funderend-onderwijs.pdf,50,"Scholen hebben daardoor meer middelen beschikbaar voor preventie en maatwerk. Bijvoorbeeld gerichte ondersteuning bij achterstanden om zittenblijven te voorkomen en gerichte aandacht voor het verrijken van de leerlingen die dit aankunnen. Aanscherping van het toezicht is voor scholen een prikkel om zittenblijven te verminderen naast het voeren van een dialoog door de inspectie met de scholen over de leerroute. Aandachtspunt bij deze maatregelen is dat negatieve gedragseffecten kunnen ontstaan om zittenblijven te voorkomen, zoals het voorzichtiger zijn met het plaatsen van leerlingen op een hoger niveau of het sneller laten afstromen van een leerling. IBO ffectieve leerroutes in het funderend onderwijs",Everyday Racism & Modern Racial Inequality,1.0
ibo-effectieve-leerroutes-in-het-funderend-onderwijs.pdf,54,"Via experimenten, pilots en evaluaties binnen het huidige stelsel kunnen onderwijsinnovaties worden aangejaagd. Het verbeteren van allocatie en (differentiatie- )vaardigheden van leraren en andere onderwijsprofessionals wordt via het bestaande lerarenbeleid vormgegeven. Variant 2: Schep meer mogelijkheden voor preventie en maatwerk xtra acties bevorderen door scholen te stimuleren en voorwaarden te scheppen waarbinnen scholen meer aan preventie en alternatieve maatregelen werken. Via een aantal gerichte maatregelen kan de bewustwording bij scholen worden vergroot en kan het zittenblijven worden verminderd. De volgende maatregelen zijn aanvullingen op variant 1: 1.",Everyday Racism & Modern Racial Inequality,1.0
ibo-effectieve-leerroutes-in-het-funderend-onderwijs.pdf,56,"2. In het toezicht door de inspectie worden vertraging en afstroom als negatieve scores zwaarder gewogen in het oordeel terwijl preventieve maatregelen en versnelling/verrijking positief worden gewaardeerd. Verscherping van het inspectietoezicht op de leerroute en op maatwerk brengt scholen in beweging alternatieven voor zittenblijven te ontwikkelen, of om minder voorzichtig te zijn met versnelling en verrijking voor leerlingen met een voorsprong.2 3. Regelgeving wordt geharmoniseerd. Harmonisering van regelgeving met betrekking tot huisvesting en arbeidsverhoudingen voor scholen en buitenschoolse opvang moet scholen de mogelijkheid bieden om meer maatwerk te leveren.",Everyday Racism & Modern Racial Inequality,1.0
ibo-effectieve-leerroutes-in-het-funderend-onderwijs.pdf,57,"Deze aanvullende maatregelen leiden ertoe dat er naar verwachting sneller resultaten kunnen worden geboekt in het effectiever maken van de leerweg. Hierdoor worden ook besparingen sneller bereikt. BScholen met relatief efficiënte leerroutes krijgen per saldo meer middelen voor preventie dan dat ze in de bekostiging van zittenblijvers worden beperkt en vice versa. r kunnen ongewenste neveneffecten optreden, zoals het eerder beslissen tot afstroom van een leerling. Door experimenten te stimuleren en belemmeringen in de regelgeving weg te nemen kan ervaring en 2",Everyday Racism & Modern Racial Inequality,1.0
ibo-effectieve-leerroutes-in-het-funderend-onderwijs.pdf,62,"lexibilisering van de examens, waarbij leerlingen één of meerdere vakken kunnen afsluiten op een hoger of lager niveau vergroot de opties. De mogelijkheid één of twee vakken op een lager niveau af te sluiten kan bijdragen aan het voorkomen van zittenblijven. Ook stimuleert het om leerlingen met een dubbel basisschooladvies te laten starten op het hogere niveau, omdat de kans om dit hogere niveau succesvol af te ronden wordt vergroot. Daarnaast kunnen leerlingen die op een lager niveau starten de waarde van hun diploma vergroten door een aantal vakken op een hoger niveau af te sluiten.",Everyday Racism & Modern Racial Inequality,1.0
ibo-effectieve-leerroutes-in-het-funderend-onderwijs.pdf,64,"Het loslaten van het leerstofjaarklassensysteem en het doorvoeren van meer maatwerk en flexibiliteit is voor een groot deel ook binnen het huidige stelsel mogelijk. Voor verdergaande aanpassing van het leerstofjaarklassensysteem kan de cyclus van schooljaren met vaste vakanties en een vast in- en doorstroommoment in september worden losgelaten. Via wetgeving kan hierbij de verplichte zomervakantie worden afgeschaft, zodat scholen hier zelf invulling aan kunnen geven. Groepsgewijs leren blijft ook in een situatie zonder leerstofjaarklassensysteem van belang, vanwege de doelmatigheid en om te borgen dat leerlingen ook van elkaar kunnen leren, zowel cognitief als wat betreft de sociaal emotionele ontwikkeling. en verdergaande aanpassing van het leerstofjaarklassensysteem vergt dan ook vooraf onderzoek naar kansen, risico’s en gedragseffecten en naar de vormgeving van de nieuwe inrichting.",Reparations & Justice,1.0
generieke-selectielijst-mivd.pdf,22,"De MIVD heeft behoefte aan een selectielijst om tot vernietiging van archiefbescheiden over te kunnen gaan en om vast te stellen welke archiefbescheiden op termijn moeten worden overgebracht naar een archiefbewaarplaats. Bovenstaande punten worden opgelost door de vaststelling van deze Generieke Selectielijst MIVD, hierna GS MIVD. Deze lijst sluit aan bij de ordeningsstructuur die sinds 2012 wordt toegepast bij Defensie en in verschillende informatiesystemen is geïmplementeerd. Hiervoor wordt verwezen naar hoofdstuk 2.1 van deze selectielijst. Zo voorziet de GS MIVD vooral in een efficiënte en zorgvuldige manier van waarderen en selecteren en in het voorkomen van nieuwe achterstanden hierbij.",Everyday Racism & Modern Racial Inequality,1.0
generieke-selectielijst-mivd.pdf,63,"Samen met de CVD ressorteerde de BID onder de minister-president, een politieke en ambtelijke inbedding die - anders dan voor de Tweede Wereldoorlog - geheel was losgemaakt uit de militaire sfeer en die gekozen was naar het voorbeeld dat men in Londen had gezien. De vorming van de naoorlogse militaire inlichtingen- en veiligheidsdiensten geschiedde langs een ander traject. Ten dele werden daarbij de vanouds bekende paden van GS IIIA en GS IIIB gevolgd, ten dele werden op basis van de Londense ervaringen nieuwe wegen ingeslagen. en belangrijk verschil met de situatie van voor 1940 was daarbij, dat de militaire diensten niet langer tevens werkzaam waren ten behoeve van andere departementen (Buitenlandse Zaken, Binnenlandse Zaken), maar alleen met het eigen departement en de eigen militaire organisatie te maken hadden. Zowel het ministerie van Oorlog als dat van Marine en uiteraard de daaronder ressorterende landmacht en marine waren direct na de bevrijding praktisch volledig in beslag genomen door de voorbereiding en daadwerkelijke uitvoering van militair optreden in wat toen nog Nederlands-Indië was.",Everyday Racism & Modern Racial Inequality,1.0
generieke-selectielijst-mivd.pdf,72,"Uit de al genoemde lijst van requirements van de generale staf van begin 1946 blijkt dat overduidelijk. Natuurlijk was er zo vlak na het einde van de Tweede Wereldoorlog grote belangstelling voor de plannen die de geallieerden hadden met het verslagen buurland Duitsland. Typerend echter voor de fase van opbouw waarin de krijgsmacht zich bevond zijn de vragen naar de opbouw van de legers en de luchtstrijdkrachten, inclusief de bewapening, van landen als Noorwegen, Denemarken, Zweden en België - kennelijk landen die door de Nederlandse defensie-autoriteiten als vergelijkbaar werden beschouwd. Bovendien blijkt hieruit dat Nederland nu meer dan voorheen de rol van de luchtstrijdkrachten ging benadrukken - ongetwijfeld met daarbij in gedachten de uiterst belangrijke rol van de geallieerde luchtstrijdkrachten in de Tweede Wereldoorlog. De marine, zo lijkt het, kende minder onzekerheden op het Versie 0.16 ter inzagelegging |",Everyday Racism & Modern Racial Inequality,1.0
generieke-selectielijst-mivd.pdf,74,"Hoe het zij, de eerste naoorlogse rapportages van de Marine Intelligentie Dienst, de Informatiebladen, laten zien dat de marinestaf in de eerste plaats geïnteresseerd was in gegevens over de eigen oorlogsbodems en die van de bondgenoten. Dat was overigens volstrekt in lijn met de “Regeling van den Marine Intelligentie Dienst” die minister van Marine J.M. de Booy medio februari 1946 aan de maritieme commandanten toezond. Het feit dat de generale staf, in grotere mate dan de marinestaf, in de naoorlogse jaren tot 1950 naarstig op zoek was naar de meest gewenste organisatievorm weerspiegelde zich in de manier waarop de inlichtingen- en veiligheidsdiensten van leger en marine in die periode waren georganiseerd. Minister van Marine De Booy had, zoals gezegd, in november 1945 een Bureau Inlichtingen ingesteld bij de Marinestaf waarbij voorshands alleen de taken (personele en materiële beveiliging) van de Sectie III van dat bureau waren vastgesteld. Op 15 februari van 1946 vaardigde hij een “Regeling van den Marine Intelligentie Dienst” uit waarin de gehele organisatie, bestaande uit 5 secties werd vastgesteld.",Colonial Exploitation & Economic Inequality,1.0
rapportage-referentieniveaus-taal-en-rekenen-2014-2015.pdf,28,"Invoering centrale toetsing en examinering referentieniveaus Nederlandse taal en rekenen mbo, vo en po, en ngels voor mbo-4 September 2015 pagina 5 van 48 Inleiding In deze jaarlijkse rapportage doet het College voor Toetsen en xamens (CvT) verslag van de definitieve resultaten van 2014-2015 op de centrale examens Nederlandse taal, rekenen en ngels in het middelbaar beroepsonderwijs (mbo), de rekentoets voortgezet onderwijs (vo) en de Centrale indtoets primair onderwijs (po).",Everyday Racism & Modern Racial Inequality,1.0
rapportage-referentieniveaus-taal-en-rekenen-2014-2015.pdf,29,"Daarnaast worden de voorlopige bevindingen weergegeven van de eerste pilot met een aangepaste rekentoets voor kandidaten met ernstige rekenproblemen zoals dyscalculie (rekenexamen/rekentoets R). In deze rapportage rapporteert het CvT over de toetsen en examens die gebaseerd zijn op de wet op de referentieniveaus. Om die reden is er in deze rapportage een deel gewijd aan de Centrale indtoets po 2015, waarvan de uitvoeringsverantwoordelijkheid bij het CvT berust. Over de andere toegelaten eindtoetsen en de resultaten daarop rapporteert het CvT niet. Afnameresultaten en afronding",Everyday Racism & Modern Racial Inequality,1.0
rapportage-referentieniveaus-taal-en-rekenen-2014-2015.pdf,39," De vastgestelde referentiecesuren zijn in 2014-2015 voor alle examens gehanteerd, behalve voor het centraal examen Nederlandse taal 3.  In 2014-2015 is een stijging waar te nemen in het aantal kandidaten dat het referentieniveau behaalt bij Nederlandse taal 3. Voor de overige niveaus is dit jaar geen stijging waar te nemen in het gemiddeld aantal voldoendes op het examen Nederlandse taal.",Everyday Racism & Modern Racial Inequality,1.0
rapportage-referentieniveaus-taal-en-rekenen-2014-2015.pdf,41,Studenten in de sector zorg & welzijn behalen de laagste resultaten. De studenten uit de sector techniek behalen de beste resultaten.  Zowel voor Nederlandse taal als voor rekenen geldt dat een substantieel aantal studenten aangeeft geen lessen gehad te hebben ter voorbereiding op de centrale examens.  Studenten scoren gemiddeld genomen beter op hun herkansing ten opzichte van de eerste keer dat ze hun examen maakten.,Everyday Racism & Modern Racial Inequality,1.0
rapportage-referentieniveaus-taal-en-rekenen-2014-2015.pdf,76,Mogelijk is dat een verklaring voor de geconstateerde stijging. Voor de overige niveaus is dit jaar geen stijging waar te nemen in het gemiddeld aantal voldoendes op het examen Nederlandse taal. Wel valt op dat met name de mbo-3- studenten gemiddeld genomen op het examen Nederlandse taal goed scoren. 0 10 20 30 40 50 60 70 80 90 100 Ned2-2 Ned2-3,Everyday Racism & Modern Racial Inequality,1.0
concept-selectielijst-aivd.pdf,28,"Conform de eisen in het gewijzigde Archiefbesluit 1995 (Staatsblad 444 invoering NSR), is de AIVD gestart met het opstellen van een nieuwe selectielijst die aansluit bij de ordeningsstructuur die sinds 2013 wordt toegepast in het documentair structuurplan (DSP) en als leidraad wordt gebruikt voor de inrichting en het gebruik van het documentmanagement- en recordmanagementsysteem. De selectielijst voorziet in een efficiënte en zorgvuldige manier van waarderen en selecteren van de huidige en oude archiefbestanden van de AIVD. 1.2. Reikwijdte De AIVD is een dienst van het ministerie van Binnenlandse Zaken en Koninkrijksrelaties (BZK).",Everyday Racism & Modern Racial Inequality,1.0
concept-selectielijst-aivd.pdf,51,"Het uitgangspunt voor de organisatie van de dienst is dan nog steeds de onderkende dreiging;  pas in de periode na 1989/90 - toevallig samenvallend met de 'val van de Berlijnse muur' - stapt de BVD, na een ingrijpende reorganisatie, af van zijn oude organisatieprincipe. Uitgangspunt voor de 'nieuwe dienst' worden de te beschermen belangen. Deze reorganisatie en de daarop volgende reorganisatie, die ertoe leidde dat de wettelijke taken - zoals genoemd in de Wet op de Inlichtingen- en Veiligheidsdiensten van 1987 - richtinggevend werden voor de organisatie van de BVD.  en de AIVD vanaf 2002 tot heden.",Everyday Racism & Modern Racial Inequality,1.0
concept-selectielijst-aivd.pdf,65,"De minister van Binnenlandse Zaken P.J. Witteman kreeg het verzoek, Prinsen ter beschikking te stellen om de commissie te leiden. Ook het formuleren van de taak van de commissie hield Beel in eigen hand. De commissie -Prinsen zou het werk van de commissie-Wijnveldt moeten afronden - een term waarmee Beel eigenlijk bedoelde 'overdoen'. Zij zou de wenselijkheid van reorganisatie van de CVD moeten bekijken, evenals de afbakening van taken tussen de CVD en de politie. Tenslotte moest de commissie bindende richtlijnen vaststellen voor de samenwerking tussen de CVD enerzijds en politie en Justitie anderzijds.",Everyday Racism & Modern Racial Inequality,1.0
plan-van-aanpak-sint-eustatius.pdf,9,"BS. Het Bestuurscollege van St. ustatius heeft op 17 juni 2015 tegen deze beslissing bezwaar aangetekend bij de Minister. De afhandeling van dit bezwaarschrift wordt via de vereiste procedure door het ministerie afgehandeld. De minister heeft de Rijksvertegenwoordiger (RV) bij brief van 11 juni 2015 de opdracht gegeven om op korte termijn onder zijn voorzitterschap een Stuurgroep op te richten, waarin ten minste de gezaghebber, de gedeputeerden en de eilandsecretaris zitting nemen om een Plan van Aanpak (PvA) op te stellen om zo de bestuurlijke en financiële problematiek onder controle te krijgen. Dit PvA dient uiterlijk 1 september 2015 gereed te zijn.",Everyday Racism & Modern Racial Inequality,1.0
plan-van-aanpak-sint-eustatius.pdf,11,De RV wordt hierbij ondersteund door twee ambtenaren van het ministerie BZK en adviseur RCN;  Op 18 juni 2015 heeft de RV de inwoners van St. ustatius geïnformeerd over de recente ontwikkelingen op het eiland. In dit schrijven licht hij zijn opdracht toe en stelt hij met nadruk dat zijn intentie is om de uitvoering van deze opdracht in samenwerking met het eilandsbestuur en met de inwoners op te pakken; ,Everyday Racism & Modern Racial Inequality,1.0
plan-van-aanpak-sint-eustatius.pdf,14,"artikel 204 lid 1 onder i van de Wet WolBS zal ik de Rijksvertegenwoordiger opdracht geven om op korte termijn een stuurgroep op te richten, waarin ten minste de Gezaghebber, de gedeputeerden en de eilandsecretaris zitting nemen. Onder voorzitterschap van de Rijksvertegenwoordiger zal deze stuurgroep een plan van aanpak opstellen voor het op orde en onder controle krijgen van de bestuurlijke problematiek. Dit plan dient uiterlijk 1 september a.s. gereed te zijn. In het plan wordt inzichtelijk gemaakt op welke wijze er concrete verbeteringen in het bestuurlijk en ambtelijk functioneren worden gerealiseerd, welke kosten hiermee gemoeid gaan, wie hieraan zullen bijdragen en het tijdspad waarbinnen dit gerealiseerd zal worden. De realisatie van de in dit plan genoemde doelstellingen dienen uiterlijk voor 1-1-2018 (of zoveel eerder als mogelijk is) te zijn afgerond.",Everyday Racism & Modern Racial Inequality,1.0
plan-van-aanpak-sint-eustatius.pdf,18,"Versterking behoorlijk bestuur, zoals dat in de code voor good governance is vastgelegd (bouwstenen bestuurlijke processen, collegiaal bestuur, dualisme); 2) Verbeteren van de bedrijfsvoering van St. ustatius (bouwstenen ambtelijke processen, invulling sleutelposities, technische randvoorwaarden, ambtelijke advisering); 3) Duurzaam onder controle krijgen van de financiële situatie en de financiële beheerssystemen (bouwstenen financieel beheer, expertgroep financiën, kosten).",Everyday Racism & Modern Racial Inequality,1.0
plan-van-aanpak-sint-eustatius.pdf,19,"In de nadere uitwerking van het PvA en de actiepunten zal deze driedeling worden aangehouden. Voor het opstellen van dit PvA is gebruik gemaakt van documenten van verschillende bronnen (o.a. BZK, het Openbaar Lichaam, Cft, etc.), van rapportages en wetenschappelijk analyses. In de bijlage is een overzicht gegeven van de gebruikte bronnen. Het niveau van de te nemen maatregelen moet leiden tot een efficiënte en doelmatige overheid. en overheid die betrouwbaar en transparant is en die haar dienstverlening op orde heeft.",Everyday Racism & Modern Racial Inequality,1.0
plan-van-aanpak-sint-eustatius.pdf,25,De opdrachtformulering aan deze expertgroep luidt: Per 1 september 2015 dient er een plan van aanpak gereed te zijn ter verbetering van het financieel beheer en gericht op het verkrijgen van een goedkeurende verklaring van de accountant op korte termijn. Het plan dient zich om die reden ook te richten op het verbeteren van het begrotings- en verantwoordingsproces zodat het bestuur tijdig over volledige en juiste informatie kan beschikken ten behoeve van het besturen (waaronder ook het afleggen van verantwoording over het gevoerde beheer) van het Openbaar Lichaam. Het BBV-BS dient bij het opstellen van dit plan dus in acht te worden genomen. In het plan van aanpak dienen de volgende aspecten aan bod te komen:,Reparations & Justice,1.0
plan-van-aanpak-sint-eustatius.pdf,29,"Zoals in 1.1. aangegeven, is de Stuurgroep geformeerd. De Stuurgroep kan, al dan niet ad hoc, aangevuld worden met deskundigen en ambtelijke adviseurs. De RV heeft op 29 juni 2015 de eerste vergadering van de Stuurgroep uitgeschreven. Hierbij waren aanwezig de RV, de gezaghebber, de eilandsecretaris en ambtelijke adviseurs.",Everyday Racism & Modern Racial Inequality,1.0
plan-van-aanpak-sint-eustatius.pdf,32,"Positie Rijk De minister van BZK is bestuurlijk verantwoordelijk voor de openbare lichamen in het Caribisch gebied. De opdracht aan de RV om een Stuurgroep in te stellen en een PvA op te stellen, is afgerond op het moment dat het PvA wordt aangeboden aan de minister. In zijn aanbiedingsbrief heeft de RV de minister o.a. geadviseerd het PvA vast te stellen en met het BC in overleg te treden over de wijze waarop de implementatie plaats kan vinden. Het advies van de Stuurgroep is om die opdracht te verstrekken aan het BC en een monitoringsgroep voor de uitvoering van het PvA in te stellen.",Everyday Racism & Modern Racial Inequality,1.0
plan-van-aanpak-sint-eustatius.pdf,33,"In overeenstemming met de afspraken die gemaakt zijn bij de bestuurlijke overgang van de eilanden als onderdeel van Caribisch Nederland op 10-10-10, is vorig jaar de Commissie Spies ingesteld met de opdracht om de stand van zaken op de eilanden te beoordelen op de bestuurlijke consequenties, de juridische gevolgen en de effecten voor de bevolking. Wellicht raken een aantal geformuleerde aandachtspunten in dit PvA onderwerpen (bestuurlijke consequenties) die ook naar voren zullen komen vanuit de rapportage van de evaluatiecommissie. Los van dit PvA dient de komende maanden ook opnieuw te worden gekeken naar het Meerjarenprogramma Caribisch Nederland 2015 – 2018, zoals dat tijdens de recente CN-week was geagendeerd. Dat programma is het resultaat van intensief overleg tussen het eilandsbestuur en het kabinet waarmee een meerjarenperspectief is aangegeven voor het eiland. De minister schrijft hierover in zijn brief van 10 juni 2015 dat de feitelijke investeringen voor St. ustatius vanuit de Rijksbegroting zijn aangehouden tot het moment dat het bestuur van het Openbaar Lichaam St. ustatius blijk geeft van het onderkennen van de problematiek en bestuurlijk en financieel orde op zaken stelt.",Reparations & Justice,1.0
plan-van-aanpak-sint-eustatius.pdf,34,"Het ter hand nemen van het PvA is hier een goed voorbeeld van. De minister heeft overigens laten weten dat de bevolking van St. ustatius geen nadeel zal ondervinden en dat de middelen die in het Meerjarenprogramma zijn opgenomen, in principe gereserveerd blijven voor projecten op het eiland op basis van wederzijdse samenwerking. Zo mogelijk kunnen in samenwerking met het Bestuurscollege de projecten die ten goede komen aan de gemeenschap met goedkeuring van de minister doorgaan, zoals gepland. De plannen rond de implementatie van de kinderbijslag en het minimumloon zullen worden doorgezet, ook voor St. ustatius. Ook projecten die de veiligheid, het toezicht en dergelijke betreffen (zoals renovatie vliegveld, uitbreiding van het cellencomplex), zullen geen hinder ondervinden.",Everyday Racism & Modern Racial Inequality,1.0
plan-van-aanpak-sint-eustatius.pdf,57,"Zeker als het om politiek gevoelige en relevante onderwerpen gaat, is een transparante voorbereiding van de besluitvorming noodzakelijk. Actiepunten: 4. Actualiseren bestuurlijke gedragscode voor ilandsraad, Bestuurscollege en Gezaghebber. 5. Invoeren transparante voorbereidings- en besluitvormingsprocedures (zie hiervoor ook actiepunt 9).",Everyday Racism & Modern Racial Inequality,1.0
plan-van-aanpak-sint-eustatius.pdf,63,"17 St. ustatius - Plan van Aanpak Om de mate van integriteit in een organisatie te toetsen, zijn verschillende goede en objectiveerbare toetsingsinstrumenten beschikbaar. Op basis van onderzoeken onder bijvoorbeeld medewerkers, klanten en overige stakeholders kan een beeld worden verkregen van de beleving van integriteit. Van belang is dat medewerkers in een veilige omgeving zaken onder de aandacht kunnen brengen. Actiepunten: 6.",Everyday Racism & Modern Racial Inequality,1.0
rapport-˝onderzoek-huidig-beleid-bij-de-rijksoverheid-voor-buitenlandse-dienstreizen˝.pdf,0,Onderzoek huidig beleid bij de Rijksoverheid voor buitenlandse dienstreizen Colofon Titel Onderzoek huidig beleid bij de Rijksoverheid voor buitenlandse dienstreizen Uitgebracht aan Directeur Bedrijfsvoering ministerie van BZ Datum september 2015,Everyday Racism & Modern Racial Inequality,1.0
rapport-˝onderzoek-huidig-beleid-bij-de-rijksoverheid-voor-buitenlandse-dienstreizen˝.pdf,5,Verschillende overwegingen voor reisbeleid 11 4.4 Beleid voor vliegreizen verschilt per ministerie 12 4.4.1 Reisklasse voor vliegreizen verschillend geregeld 12 4.4.2 Meereizen met bewindslieden niet eenduidig geregeld 14 4.4.3 Overstappen in vliegreizen: beleid veelal rechtstreekse vluchten 15 4.4.4 Keuze luchtvaartmaatschappij niet geëxpliciteerd 15 4.5 72-uurs privéverlenging van dienstreizen veelal toegestaan 17 4.6 Geen specifiek beleid voor gebruik van flexibele tickets 17 4.7 Geen specifiek beleid voor vroeg boeken van vliegtickets 18 4.8 Vergoeding bij vertragingen niet expliciet in reisbeleid 19 4.9 Ministeries hebben verschillend beleid voor verzekeren 19 4.10 Loyaliteitsprogramma’s bij 8 ministeries onder voorwaarden toegestaan 20 4.11 Motie Duyvendak voor treinreizen breed ingevoerd 20 4.12 Grote variëteit in het boeken van hotelovernachtingen 22 4.13 Wettelijke regelingen hebben instemming van de vakbonden 23 4.14 Bij alle geïnterviewden bestaat draagvlak voor harmonisatie 23 4.15 Verschillen in governance en informatievoorziening 23 5 Ondertekening 25 Bijlage,"Remembrance, Heritage & Education",1.0
rapport-˝onderzoek-huidig-beleid-bij-de-rijksoverheid-voor-buitenlandse-dienstreizen˝.pdf,24,"Basis voor de opdracht is de Terms of Reference (ToR) voor ADR die in opdracht van de reeds genoemde directeur DBV van BZ en de voorzitter van het OGO 3W, (Directeur Bedrijfsvoering Z) is opgesteld. Het doel van dit onderzoek is: Het in kaart brengen van het huidige beleid rond de buitenlandse reizen bij de verschillende ministeries om met deze informatie de richting en de kans op succes van harmonisatie van het internationale reisbeleid beter te kunnen bepalen. Hiertoe hebben wij een inventariserend onderzoek uitgevoerd. Reisbeleid kan vervat zijn in een veelheid van bronnen: regelingen, aangevuld met een schakering van departementale nota’s en werkinstructies, gebruiken en interpretaties.",Reparations & Justice,1.0
rapport-˝onderzoek-huidig-beleid-bij-de-rijksoverheid-voor-buitenlandse-dienstreizen˝.pdf,31,"en opsomming van de hiermee verband houdende aspecten is opgenomen in bijlage 1 van dit rapport. 8 | In overeenstemming met de ToR heeft ons onderzoek zich gericht op de sector Rijk, de ministeries inclusief uitvoerende organisaties en de Sector Defensie met inachtneming van het derde punt hieronder. Op verzoek van de opdrachtgever is het reisbeleid van de onderstaande onderdelen van het Rijk buiten de scope van ons onderzoek gebleven:  het ministerie van Algemene Zaken;",Everyday Racism & Modern Racial Inequality,1.0
rapport-˝onderzoek-huidig-beleid-bij-de-rijksoverheid-voor-buitenlandse-dienstreizen˝.pdf,37,"Het begrip dienstreizen De bevindingen die wij in dit hoofdstuk behandelen hebben betrekking op dienstreizen van ambtenaren en militairen die voor een bepaalde duur in het buitenland hun werkzaamheden moeten verrichten. Daartoe moeten zij reizen, in een accommodatie verblijven, eventueel reisvoorschotten aanvragen en vervolgens hun reisdeclaratie indienen. Ten aanzien van het begrip dienstreizen laten wij de jaarlijkse verlofreizen, gezinsherenigingsreizen, opleidingsreizen en operationele missies buiten beschouwing, omdat deze op grond van het Reisbesluit Buitenland en de Regeling Buitenlandse Dienstreizen BZ niet als dienstreizen worden getypeerd. Disclaimer voor tabellen en grafische weergaven",Everyday Racism & Modern Racial Inequality,1.0
rapport-˝onderzoek-huidig-beleid-bij-de-rijksoverheid-voor-buitenlandse-dienstreizen˝.pdf,70,"Uit het overzicht blijkt dat de meest voorkomende criteria voor een bepaalde vliegklasse de bestemming van de reis (binnen of buiten uropa, continentaal of intercontinentaal) of de duur van de vliegreis (5 uur of minder of meer dan 5 uur) betreffen. Zeven ministeries hanteren de bestemming van de reis als uitgangspunt en vijf ministeries hanteren de vliegduur als criterium. 4 BZK staat reizen naar het Caribisch gebied onder voorwaarden ook toe met conomy comfort. 5 uropa+ is uropa, inclusief de landen van het continent Afrika die liggen aan de Middellandse Zee met daarbij Groenland en de eilanden groepen Azoren, Canarische eilanden en Madeira. Als uropees – Aziatische grens",Reparations & Justice,1.0
rapport-˝onderzoek-huidig-beleid-bij-de-rijksoverheid-voor-buitenlandse-dienstreizen˝.pdf,109,SZW en weloverwogen keuze moet afhankelijk zijn van het belang om op tijd te arriveren of het risico dat het evenement wordt verzet/uitloopt. Keuze voor een reis met een prijsvechter kan ook zodat eventueel een tweede ticket gekocht kan worden. V&J8 Over het algemeen geen flexibele tickets. Alleen voor DT&V bestaat een uitzondering. VWS Worden in de praktijk wel veel gebruikt omdat geplande reizen afgezegd of gewijzigd moeten worden doordat de bewindslieden naar de Kamer moeten.,Everyday Racism & Modern Racial Inequality,1.0
vijf-jaar-caribisch-nederland-werking-van-de-nieuwe-bestuurlijke-structuur.pdf,18,"Algemene wet bestuursrecht BBV BS Besluit Begroting en Verantwoording CBS Centraal Bureau voor de Statistiek Cft College financieel toezicht Bonaire, Sint ustatius en Saba COP Continuonderzoek burgerperspectieven",Everyday Racism & Modern Racial Inequality,1.0
vijf-jaar-caribisch-nederland-werking-van-de-nieuwe-bestuurlijke-structuur.pdf,21,Nationale ombudsman RCN Rijksdienst Caribisch Nederland SCP Sociaal Cultureel Planbureau VN,Everyday Racism & Modern Racial Inequality,1.0
vijf-jaar-caribisch-nederland-werking-van-de-nieuwe-bestuurlijke-structuur.pdf,25,"De eilanden hebben de status van openbare lichamen in de zin van artikel 134 van de Nederlandse Grondwet. Daarmee is voorzien in een bijzondere vorm van decentraal bestuur binnen Nederland die vergelijkbaar is met gemeenten. In het slotakkoord van de miniconferentie over de toekomstige staatkundige positie van Bonaire, Sint ustatius en Saba van oktober 2006 te Den Haag is opgenomen dat vijf jaar na het moment waarop de drie eilanden een staatsrechtelijke positie binnen het Nederlands staatsbestel verkrijgen, de uitwerking van de nieuwe staatkundige structuur door Nederland en de drie eilanden gezamenlijk wordt geëvalueerd.1 Op 19 juni 2014 is overeenstemming bereikt met de gedeputeerden Constitutionele Zaken van Bonaire, Sint ustatius en Saba over de opdracht voor deze evaluatie en zijn afspraken gemaakt over hoe om te gaan met de uitkomsten van het onderzoek. De eerder uitgebrachte voorlichting door de Raad van State inzake de evaluatie van de staatkundige structuur van Bonaire, Sint ustatius en Saba heeft zijn neerslag gekregen in de evaluatieopdracht.2",Everyday Racism & Modern Racial Inequality,1.0
vijf-jaar-caribisch-nederland-werking-van-de-nieuwe-bestuurlijke-structuur.pdf,45,"Hierop heeft ook de uitvoering van de specifieke wettelijke evaluatieverplichtingen in de Wet openbare lichamen Bonaire, Sint ustatius en Saba (WolBS) en de Wet financiën Bonaire, Sint ustatius en Saba (inBS) betrekking. Deze drievoudige doelstelling is door de evaluatiecommissie uiteengelegd in een aantal hoofdvragen met toelichtende deelvragen. Onderstaand worden deze integraal opgenomen. Hoofdvraag 1: Welke kwalitatieve en kwantitatieve criteria voor goed/deugdelijk bestuur kunnen toegepast worden? Hoofdvraag 2:",Reparations & Justice,1.0
vijf-jaar-caribisch-nederland-werking-van-de-nieuwe-bestuurlijke-structuur.pdf,58,"fair legal frameworks that are enforced impartially. It also requires full protection of human rights, particularly those of minorities.",Dehumanization & Scientific Racism,1.0
vijf-jaar-caribisch-nederland-werking-van-de-nieuwe-bestuurlijke-structuur.pdf,59,Impartial enforcement of laws requires an independent judiciary and an impartial and incorruptible police force.  Transparency means,Dehumanization & Scientific Racism,1.0
vijf-jaar-caribisch-nederland-werking-van-de-nieuwe-bestuurlijke-structuur.pdf,60,that decisions taken and their enforcement are done in a manner that follows rules and regulations.,Dehumanization & Scientific Racism,1.0
vijf-jaar-caribisch-nederland-werking-van-de-nieuwe-bestuurlijke-structuur.pdf,61,It also means that information is freely available and directly accessible to those who will be affected by such decisions and their enforcement. It also means that enough information is provided and that it is provided in easily,Dehumanization & Scientific Racism,1.0
vijf-jaar-caribisch-nederland-werking-van-de-nieuwe-bestuurlijke-structuur.pdf,62,understandable forms and media.  Accountability is a key requirement of good governance. Not only governmental institutions,Dehumanization & Scientific Racism,1.0
vijf-jaar-caribisch-nederland-werking-van-de-nieuwe-bestuurlijke-structuur.pdf,63,"but also the private sector and civil society organizations must be accountable to the public and to Noot 5 Working Paper No. 2012/30 Good Governance as a Concept, and Why",Dehumanization & Scientific Racism,1.0
vijf-jaar-caribisch-nederland-werking-van-de-nieuwe-bestuurlijke-structuur.pdf,67,depending on whether decisions or actions taken are internal or external to an organization or institution. In general an organization or an institution is accountable,Dehumanization & Scientific Racism,1.0
vijf-jaar-caribisch-nederland-werking-van-de-nieuwe-bestuurlijke-structuur.pdf,68,to those who will be affected by its decisions or actions. Accountability cannot be enforced without transparency and the rule of law.,Dehumanization & Scientific Racism,1.0
vijf-jaar-caribisch-nederland-werking-van-de-nieuwe-bestuurlijke-structuur.pdf,69, ffectiveness and efficiency. Good governance means that processes and institutions produce results,Dehumanization & Scientific Racism,1.0
vijf-jaar-caribisch-nederland-werking-van-de-nieuwe-bestuurlijke-structuur.pdf,70,that meet the needs of society while making the best use of resources at their disposal. The concept of efficiency in the context of good governance also covers the sustainable use of natural resources and the protection of the environment.  Participation by both men and women is a key cornerstone of good governance.,Dehumanization & Scientific Racism,1.0
vijf-jaar-caribisch-nederland-werking-van-de-nieuwe-bestuurlijke-structuur.pdf,71,Participation could be either direct or through legitimate intermediate institutions or representatives. It is important to point out that representative democracy does not necessarily mean,Dehumanization & Scientific Racism,1.0
vijf-jaar-caribisch-nederland-werking-van-de-nieuwe-bestuurlijke-structuur.pdf,72,that the concerns of the most vulnerable in society would be taken into consideration in decision making. Participation needs to be informed and organized. This means freedom of association and expression on the one hand and an organized civil society on the other hand.,Dehumanization & Scientific Racism,1.0
vijf-jaar-caribisch-nederland-werking-van-de-nieuwe-bestuurlijke-structuur.pdf,73, Consensus oriented. There are several actors and as many view points in a given society. Good governance requires mediation of the different interests in society to reach a broad consensus in society on what is in the best interest of the whole community and how this can be achieved. It also requires a broad and long-term perspective on what is needed for sustainable human development and how to achieve the goals of such development. This can only result,Dehumanization & Scientific Racism,1.0
vijf-jaar-caribisch-nederland-werking-van-de-nieuwe-bestuurlijke-structuur.pdf,74,"from an understanding of the historical, cultural and social contexts of a given society or community.  Responsiveness. Good governance requires that institutions and processes try to serve all stakeholders within a reasonable timeframe.",Dehumanization & Scientific Racism,1.0
vijf-jaar-caribisch-nederland-werking-van-de-nieuwe-bestuurlijke-structuur.pdf,77,"from the mainstream of society. This requires all groups, but particularly the most vulnerable, have opportunities to improve or maintain their well being. Binnen het onderzoek worden bovenstaande beginselen gebruikt als toetsingskader voor de uitvoeringspraktijk (zie hoofdstuk 8).",Dehumanization & Scientific Racism,1.0
vijf-jaar-caribisch-nederland-werking-van-de-nieuwe-bestuurlijke-structuur.pdf,78,De enige uitzondering hierop vormt ffectiveness and efficiency. In afwijking op de interpretatie van de VN wordt door de onderzoekers aangesloten bij wat in Nederland onder effectiviteit en doelmatigheid wordt verstaan. Met effectiviteit wordt binnen het onderzoek bedoeld 'de mate waarin de voorgenomen doelen gerealiseerd zijn'. Onder doelmatigheid wordt hier verstaan 'de mate waarin de middelen waarmee de doelrealisatie wordt nagestreefd in verhouding staan tot de opbrengst'. Bestuurskracht ‘,Everyday Racism & Modern Racial Inequality,1.0
vijf-jaar-caribisch-nederland-werking-van-de-nieuwe-bestuurlijke-structuur.pdf,81,"DSP-groep passen in de praktijk. Toch is het kwaliteitsdenken onder de vlag van bestuurskracht snel opgenomen in het jargon van bestuurders. De VNG vermoedt dat de populariteit van het begrip veroorzaakt wordt door zowel de aantrekkelijkheid van het begrip (niemand kan tégen bestuurskracht zijn) als de complexiteit.8 De veelzijdigheid van het begrip maakt een eigen invulling, die op dat moment ‘handig’ is, mogelijk. De Groningse bestuurskundige Herweijer constateerde dat colleges van B&W, gemeenteraden en gemeentesecretarissen elk een andere visie hebben op actuele problemen in het lokale bestuur.",Everyday Racism & Modern Racial Inequality,1.0
rcn-rapport-kwalitatief-onderzoek.pdf,16,"Omdat de ilandsraad om de vier jaar wordt verkozen, ging de bevolking op 18 maart 2015 weer stemmen. Om de bevolking te stimuleren om te gaan stemmen, en om hen goed te informeren over het belang van de verkiezingen, de functie van de ilandsraad en de regels rondom het stemproces, heeft Rijksdienst Caribisch Nederland (RCN) in opdracht van het Ministerie van Binnenlandse Zaken en Koninkrijksrelaties (BZK) een voorlichtingscampagne opgezet voor de inwoners van Caribisch Nederland met het thema “Plant uw stem, laat het groeien! ”. De voorlichtingscampagne richtte zich op de regels rondom het stemmen, zoals welke locaties als stembureau fungeren, openingstijden van de stembureaus, de noodzaak van een ID en stempas, de mogelijkheid tot geven van volmacht, en de mogelijkheid om een nieuwe stempas te halen indien deze is kwijtgeraakt. Daarnaast werden de belangrijkste taken van de ilandsraad genoemd.",Everyday Racism & Modern Racial Inequality,1.0
rcn-rapport-kwalitatief-onderzoek.pdf,18,"Middels de campagne, verwachtten RCN en BZK dat de inwoners zich zouden realiseren dat hun stem belangrijk is, met als gevolg dat zij ook eerder bereid zouden 5 zijn om hun stem uit te brengen voor de verkiezingen voor de vertegenwoordigers van de ilandsraden. Om de effectiviteit van de informatiecampagne voor deze verkiezingen te kunnen bepalen, hebben BZK en de communicatieafdeling van RCN besloten om de effectiviteit van de voorlichtingscampagne te laten onderzoeken.",Everyday Racism & Modern Racial Inequality,1.0
rcn-rapport-kwalitatief-onderzoek.pdf,20,"In 2012 en 2014 hebben wij een vergelijkbaar kwalitatief onderzoek uitgevoerd. In 2012 betrof het een effectiviteitsmeting van de voorlichtingscampagne over de Tweede Kamer verkiezingen; in 2014 ging het om het uropees Parlement. Indien BZK en RCN deze 3 onderzoeksrapporten graag met elkaar willen vergelijken, dan is een opmerking hierover wel op zijn plaats. De onderzoekers hebben het onderzoek in 2015 uitgevoerd met deels dezelfde vragen als in 2012 en 2014, maar de verschillen tussen de drie onderzoeken zijn te groot, waardoor een vergelijking eigenlijk niet effectief is. Behalve dat het in 2012 en in 2014 verkiezingen betrof waar de kiesgerechtigden in Nederland ook voor meestemden, ging het tevens om een nieuw soort verkiezingen voor de eilandbewoners.",Everyday Racism & Modern Racial Inequality,1.0
rcn-rapport-kwalitatief-onderzoek.pdf,30,"Kortom, achterliggende motivaties, meningen, wensen en behoeften. De resultaten die uit dit kwalitatieve onderzoek komen, zijn een goede aanvulling op het andere onderzoek (het kwantitatieve onderdeel) omdat meningen, percepties, motivaties en behoeften moeilijk te verkrijgen zijn middels een kwantitatief onderzoek. Anderzijds wilden wij de doelgroep laten meedenken over de invulling van de informatiecampagne voor de volgende verkiezingen; daar is een kwalitatief onderzoek uitermate geschikt voor. en nadeel van een kwalitatief onderzoek is dat de resultaten niet statistisch representatief zijn. Daarentegen geven de resultaten wel een goede indicatie van wat er onder de doelgroep leeft.",Everyday Racism & Modern Racial Inequality,1.0
rcn-rapport-kwalitatief-onderzoek.pdf,55,"Niemand had de Q&A folder eerder opgemerkt. De respondenten menen dat de verkiezingen voornamelijk bekend werden gemaakt door de politieke partijen, niet zozeer door RCN. “r waren veel gekleurde vlaggen en optochten. ” Daardoor spraken familieleden, vrienden, collega’s onderling veel over de eilandraadsverkiezingen, zeggen zij.",Everyday Racism & Modern Racial Inequality,1.0
rcn-rapport-kwalitatief-onderzoek.pdf,64,"veel respondenten denken dat de meeste bewoners ook niet veel van de advertenties van RCN hebben gemerkt. De deelnemers aan de focusgroepen die het wel eerder hadden gezien, snapten niet meteen dat het over stemmen gaat. Het valt op dat de hoger opgeleiden (HBO/Universitair), het concept van de campagne begrijpen, in tegenstelling tot de lager opgeleiden. Deze groep begrijpt de achterliggende gedachte van de campagne. Zij vonden het beeldmateriaal en de slogan goed en gepast.",Everyday Racism & Modern Racial Inequality,1.0
rcn-rapport-kwalitatief-onderzoek.pdf,65,"De respondenten menen dat de effectiviteit hoger zou zijn als de campagne “quick en dirty” is. Korte tekst, in bulletpoints, met weinig woorden. “Waar gaat het om, maak dat meteen duidelijk. ” Beeldmateriaal moet kloppen met de tekst, liefst met een herkenbaar, steeds terugkerend logo, speciaal voor de verkiezingen, zeggen zij. nkele deelnemers merkten op dat de campagne duidelijker zou zijn als stembiljetten en/of stemlokalen waren gebruikt voor het beeldmateriaal.",Everyday Racism & Modern Racial Inequality,1.0
rcn-rapport-kwalitatief-onderzoek.pdf,72,"De effectiviteit van de informatiefolders is laag, vinden de deelnemers. “ Het niet goed verspreiden van de folders huis-aan-huis (terwijl RCN dat wèl toezegt) gaat ten koste van de algehele campagne. Zonde van het geld,” was een veelgehoorde opmerking. Quotes over de informatie folders",Everyday Racism & Modern Racial Inequality,1.0
rcn-rapport-kwalitatief-onderzoek.pdf,90,"” Alle deelnemers op Bonaire waren op de hoogte van de aankomende verkiezingen, ook al had bijna de helft niets meegekregen van de informatie van RCN. Deze bekendheid is vooral te danken, meent men, aan de politieke partijen die duidelijk zichtbaar waren in de samenleving, middels vlaggen, billboards, gesprekken op de radio, artikelen in de kranten en ‘optochten’, hetzij lopend of rijdend. Ook legden partijen huis aan huis bezoeken af en werd er onderling met vrienden, familie, collega’s over gesproken. De onbekendheid met de filosofie van de politieke partijen heeft sommige respondenten ervan weerhouden om te gaan stemmen. De best gewaardeerde media (TV, informatiefolder, Q&A-folder), waren door de meeste participanten niet eerder opgemerkt.","Remembrance, Heritage & Education",1.0
rcn-rapport-kwalitatief-onderzoek.pdf,91,"Op de vraag of de voorlichtingscampagne van RCN de kiesgerechtigden heeft overgehaald om te gaan stemmen, reageerden de deelnemers unaniem: “Nee”. 20 Suggesties Uit de waardering die de deelnemers hadden voor de informatiefolder en de Q&A folder, blijkt dat een directe aanpak en beknopte informatie goed aanslaat. Ondersteuning met beeldmateriaal blijkt hierbij niet altijd noodzakelijk. Indien de inhoud toch samen moet gaan met beeldmateriaal, dan kiezen de respondenten liever voor beelden die aansluiten bij de inhoud, bijvoorbeeld afbeeldingen van stemlokalen of van de stempas.",Everyday Racism & Modern Racial Inequality,1.0
rcn-rapport-kwalitatief-onderzoek.pdf,95,"Ik weet dat dit geen taak is van RCN, maar primair van de politieke partijen. chter, hun hierop attenderen en eventueel ondersteunen, kan wellicht geen kwaad? ” vroeg een deelnemer zich af. De participanten hebben de indruk dat het een dure campagne is geweest, met een niet al te hoge effectiviteit. Ze denken dat het concept “Plant uw stem, laat het groeien",Everyday Racism & Modern Racial Inequality,1.0
rcn-rapport-kwalitatief-onderzoek.pdf,103,"Vrouw (34), gestemd, onderwijzeres 8. Vrouw (N/A), gestemd, kunstenares 22 5.2. RCN Informatiecampagne In de aanloop naar de verkiezingen is de bevolking op Saba onder meer door middel van advertenties, radiospots, acebook, een TV spot, een TV-Informercial met de Gezaghebber, billboards en folders geïnformeerd over de verkiezingen. De onderzoekers legden de media-uitingen aan de focusgroepen voor, om ze te bespreken en te evalueren.",Everyday Racism & Modern Racial Inequality,1.0
jaarrapportage-bedrijfsvoering-rijk-2014.pdf,49,"• het zo nodig plegen van interventies door het aanspreken van betrokkenen op de naleving van normen en standaarden of het aanpassen van de kaders aan geconstateerde tekortkomingen. De focus van de bedrijfsvoering moet zich de komende jaren niet alleen richten op kaderstelling, maar ook op monitoring en interventies. Kerndepartementen Uitvoeringsorganisaties Defensie Rechtspraak Zelfstandige bestuursorganen",Everyday Racism & Modern Racial Inequality,1.0
jaarrapportage-bedrijfsvoering-rijk-2014.pdf,67,"Het xpertisecentrum Organisatie & Personeel (UBR/C O&P) bedient de kernministeries. Rijkswaterstaat, de Belastingdienst en de Dienst Justitiële Inrichtingen bieden diensten aan in de regio’s (project 2: bundeling P&O-dienstverlening) ; • het aantal rijkskantorenplaatsen krimpt de komende jaren van ongeveer 130 naar ongeveer 70 in 2020. Dat levert een uiteindelijke reductie op van 30% op het benodigd kantooropper- vlak (project",Everyday Racism & Modern Racial Inequality,1.0
jaarrapportage-bedrijfsvoering-rijk-2014.pdf,76,Het SSO-landschap ziet er voor de bedrijfsvoering als volgt uit1: • P-Direkt bundelt alle personeels- en salarisadministraties van de ministeries. Alle beoogde ministeries en Hoge Colleges van Staat (met uitzondering van de erste en Tweede Kamer) zijn aangesloten (behalve Defensie en de Rechtelijke Macht vanwege een andere cao); • SSC-ICT,Everyday Racism & Modern Racial Inequality,1.0
jaarrapportage-bedrijfsvoering-rijk-2014.pdf,81,"De aansluiting van AZ volgt na de renovatie van het Binnenhof. Naast MH zijn ook de Dienst Justitiële Inrichtingen, de Belastingdienst en Rijkswaterstaat aangewezen als concern dienstverleners; • Bij de Uitvoeringsorganisatie Bedrijfsvoering Rijk (UBR) zijn twee SSO’s ondergebracht, waar het Uitvoeringsprogramma Compacte Rijksdienst betrekking op heeft: -- Het xpertisecentrum Organisatie en Personeel (C O&P) bundelt de tweedelijns P&O-dienstverlening van de ministeries en is ontstaan uit de bundeling van acht afzonderlijke expertisecentra. Alle beoogde ministeries zijn aangesloten.",Everyday Racism & Modern Racial Inequality,1.0
jaarrapportage-bedrijfsvoering-rijk-2014.pdf,82,"Daarnaast kennen de Belastingdienst, Dienst Justitiële Inrichtingen, Rijkswaterstaat en Defensie hun eigen SSO voor tweedelijns P&O-dienstverlening. -- Alle rijksinkoop is ondergebracht in twintig Inkoop Uitvoerings Centra (IUC’s). Alle ministeries zijn aangesloten op één van de twintig IUC’s. De Haagse Inkoop Samen­ werking (UBR/HIS) bedient ruim de helft van de ministeries.",Everyday Racism & Modern Racial Inequality,1.0
jaarrapportage-bedrijfsvoering-rijk-2014.pdf,83,"De andere ministeries zijn aangesloten bij een ander IUC. • Naast C O&P en HIS, die deel uitmaken van Compacte Rijksdienst, wordt binnen UBR ook expertise gebundeld op het gebied van digitale overheidspublicaties, IT projectmanage- ment, interim management, coaching, gateway reviews, financiën, beveiliging en post- en koeriersdiensten. In het kader hieronder staan enkele voorbeelden van door UBR in 2014 behaalde resultaten. Voorbeelden behaalde resultaten Uitvoeringsorganisatie Bedrijfsvoering Rijk (UBR) en P-direkt",Everyday Racism & Modern Racial Inequality,1.0
jaarrapportage-bedrijfsvoering-rijk-2014.pdf,111,-- Harmonisatie subsidieverlening aan instellingen (verwacht 2016). • Vastgoed (project 13): -- Ontwikkeling van een Rijksvastgoedportefeuillestrategie (2013). • Incasso (project 10): -- Clustering van deurwaarderszaken van een aantal uitvoeringsorganisaties bij het Centraal Justitieel Incassobureau (start 2014). Project 16 (Uitvoering minder arbeidsintensief) is eind 2012 beëindigd als gevolg van politieke ontwikkelingen.,Everyday Racism & Modern Racial Inequality,1.0
jaarrapportage-bedrijfsvoering-rijk-2014.pdf,114,"Het besparingspotentieel binnen deze programmalijn is de eerste twee jaar constant gebleven, maar laat een afname zien vanaf 2013. Deze afname is verwerkt in het bijgestelde totale besparingspotentieel voor het programma Compacte Rijksdienst. Die afname had diverse oorzaken. Bij het project Rijksincasso (project 10) is besloten omwille van de beheersbaarheid de clustering te vervangen door een geleidelijke en stapsgewijze aanpak. Bij het project Inkomensondersteuning burgers (project 12) heeft het regeerakkoord consequenties gehad voor de wijze van vereenvoudiging van de inkomensondersteuning.",Everyday Racism & Modern Racial Inequality,1.0
jaarrapportage-bedrijfsvoering-rijk-2014.pdf,136,"De uitbreiding van de Rijksbeveiligingsorganisatie en de oprichting van de Rijksschoonmaakorganisatie; • Tal van digitaliseringsprojecten. Zo wordt voortgang geboekt met de digitalisering van de dienstverlening bij grote organisaties als de Belastingdienst (vooringevulde aangifte) en het Uitvoeringsinstituut Werknemersverzekeringen (UWV, geautomatiseerde vaststelling van recht, hoogte en duur van de uitkering); • De opheffing van de product- en bedrijfschappen per 1 januari 2015; •",Everyday Racism & Modern Racial Inequality,1.0
rapportage-burgerbrieven-vws-2014.pdf,0,"1 Rapportage burgerbrieven VWS 2014 Algemeen Het Ministerie van Volksgezondheid, Welzijn en Sport (VWS) rapporteert hierbij over de periode 1 januari 2014 tot en met 31 december 2014 betreffende het kerndepartement en de onder VWS ressorterende uitvoeringsorganisaties en inspecties. Ook dit jaar is getracht zoveel als mogelijk aan te sluiten bij de rapportage van de Nationale Ombudsman uit 2008 getiteld: ‘",Everyday Racism & Modern Racial Inequality,1.0
rapportage-burgerbrieven-vws-2014.pdf,2,"Zo wordt de stukkenstroom verder verbeterd en zijn burgerbrieven beter digitaal binnen het departement te volgen en termijnen beter te monitoren. Deze rapportage gaat achtereenvolgens in op het aantal en tijdigheid van beantwoording van subsidieaanvragen, bezwaarschriften, klaagschriften, overige brieven en Wob-verzoeken ontvangen door het kerndepartement, de uitvoerende diensten en raden (CBG, CIBG, RIVM, GR, RV &S en SCP) en de inspecties (IJZ en IGZ) in 2014. Daarnaast wordt ook nog kort ingegaan op de behandeling van binnengekomen e-mails van burgers. Aanvragen Subsidieaanvragen VWS",Everyday Racism & Modern Racial Inequality,1.0
rapportage-burgerbrieven-vws-2014.pdf,8,BIG-registraties CIBG Het BIG-register is een instrument van de Wet BIG (Wet op de beroepen in de individuele gezondheidszorg). Het doel van de Wet BIG is het bevorderen en bewaken van de kwaliteit in de 2 gezondheidszorg. Ook beschermt deze wet de patiënt tegen ondeskundig en onzorgvuldig handelen van een zorgverlener.,Everyday Racism & Modern Racial Inequality,1.0
rapportage-burgerbrieven-vws-2014.pdf,14,Bevoegden mogen de ongeregistreerde geneesmiddelen afleveren op basis van de voorwaarden uit artikel 3.17 RGnw. Tot 1 januari 2012 was de inspectie slechts bevoegd om te handhaven als achteraf niet de voorwaarden bleken ingevuld. Bevoegden waren evenwel wel verplicht om het afleveren van een geregistreerd geneesmiddel te melden aan de inspectie. De inspectie geeft sinds 1 januari 2012 al dan niet toestemming voor het afleveren van niet- geregistreerde geneesmiddelen. In totaal zijn er in 2014 344 (t.i waarvan er 177 in 2015 zijn afgehandeld) verzoeken hiertoe bij de inspectie binnengekomen.,Reparations & Justice,1.0
rapportage-burgerbrieven-vws-2014.pdf,15,"In 308 (t.i. 151 nieuwe aanvragen en 157 verlengingen) van de gevallen voldeed het verzoek aan de voorwaarden en werd toestemming gegeven. r werden 5 verzoeken afgewezen. In 31 gevallen was de aangeleverde informatie van de kant van de verzoeker niet afdoende, hetgeen gecommuniceerd werd met de verzoeker, of kon de verzoeker de gevraagde informatie niet leveren, waarna een intrekking van het verzoek volgde of verdere behandeling door de inspectie uitbleef. De inspectie hanteert een (wettelijke) termijn van acht weken voor het beoordelen/afhandelen van verzoeken om toestemming voor het afleveren van ongeregistreerde geneesmiddelen op artsenverklaring. Bevoegden voor het afleveren van een ongeregistreerd geneesmiddel op artsenverklaring Aantal aanmeldingen 2013",Reparations & Justice,1.0
rapportage-burgerbrieven-vws-2014.pdf,17,"3 Bezwaarschriften De behandeling van bezwaarschriften, inclusief bezwaarschriften gericht aan de uitvoeringsdiensten (CIBG en RIVM) en de inspecties (IGZ en NVWA), wordt centraal gecoördineerd door de directie Wetgeving en Juridische Zaken. In 2014 ontving VWS 890 bezwaarschriften. In 2013 werden 1178 bezwaarschriften ontvangen. Het kleinere aantal bezwaarschriften is mogelijk een gevolg van de voorlichting die VWS op internet heeft gezet over wanneer het wel en niet zinvol is om bezwaar te maken.",Everyday Racism & Modern Racial Inequality,1.0
rapportage-burgerbrieven-vws-2014.pdf,28,"veel communicatie verloopt via email (zie de passage ‘mail’ aan einde van deze rapportage). Het College ter Beoordeling van Geneesmiddelen (CBG), het Rijksinstituut voor Volksgezondheid en Milieu (RIVM) en de Gezondheidsraad (GR) hebben in 2014 respectievelijk twee, vijf en negen burgerbrieven ontvangen. Het CIBG heeft geen brieven ontvangen en het Sociaal Cultureel Planbureau (SCP) ontving 58 brieven in 2013. Inspecties In 2014 ontving de IGZ twee brieven die als (overige) burgerbrief werden geregistreerd.",Everyday Racism & Modern Racial Inequality,1.0
rapportage-burgerbrieven-vws-2014.pdf,36,"Voor 2015 wordt er naar gestreefd om meer verzoeken tijdig af te handelen. Overigens ligt het totaal aantal verzoeken dat binnen de termijn is afgedaan feitelijk hoger door afhandeling zonder een besluit te nemen in het kader van het programma “Prettig contact met de overheid”. In 2014 zijn er 37 verzoeken op een andere wijze afgehandeld dan door middel van een besluit. Over het jaar 2014 zijn er 18 ingebrekestellingen ingediend waarvan er in totaal 9 uitliepen op het betalen van een dwangsom. Het totale bedrag dat is uitbetaald in de vorm van dwangsommen is € 9110,-.",Everyday Racism & Modern Racial Inequality,1.0
rapportage-burgerbrieven-vws-2014.pdf,40,Dat betekent een stijging van zowel het aantal e-mails als telefoontjes. r zijn eveneens veel meer reacties (5.114 (2013: 3539)) doorgestuurd naar de back office bij VWS. Ook enkele uitvoeringsdiensten van VWS zijn per e-mail benaderd door burgers. In het verslagjaar 2014 ontving het RIVM rechtstreeks 4.626 e-mails. De tekenapp was mede oorzaak van de vele ontvangen emails.,Everyday Racism & Modern Racial Inequality,1.0
rapportage-burgerbrieven-vws-2014.pdf,41,Het CIBG ontving maar liefst 31.002 e-mails en het CBG ontving 1162 emails. Het SCP ontving naar schatting 1.034 e-mails. De IGZ heeft in 2014 32.339 e-mailberichten ontvangen. Hier is geen onderscheid gemaakt tussen de ontvangen berichten van burgers of Informatie Rijksoverheid. De Gezondheidsraad (221) en de IJZ (113) ontvingen minder grote aantallen e-mails in 2014.,Everyday Racism & Modern Racial Inequality,1.0
evaluatie-inzet-nederlandse-militairen-2014.pdf,43,"- Gesprekken (met ingezette Nederlandse sleutelfunctionarissen en met uitvoerings- en beleidsverantwoordelijken van de betrokken ministeries). Analyseren van informatie De informatie wordt gecontroleerd op actualiteit, juistheid en consistentie. De inzet van Nederlandse militairen vindt vrijwel altijd in breder internationaal verband plaats zodat de voortgang of het resultaat niet direct aan de Nederlandse bijdrage is te 3 De Stuurgroep Missies en Operaties (SMO) verzorgt de interdepartementale afstemming van militaire operaties en civiele missies.",Everyday Racism & Modern Racial Inequality,1.0
evaluatie-inzet-nederlandse-militairen-2014.pdf,52,"Medio 2014 heeft het de controle over Homs teruggekregen. VN-gezant De Mistura heeft diplomatieke inspanningen ondernomen om de verschillende partijen in Syrië en in de regio ertoe te bewegen tot overeenstemming te komen over lokale wapenstilstanden (zogenoemde ‘freeze zones’), waarbij is gefocust op de stad Aleppo. In 2014 zijn op dit vlak nog geen resultaten geboekt. De humanitaire situatie voor Syrische burgers is verder verslechterd. Naar schatting hebben 12,1 miljoen mensen in Syrië en de buurlanden dringend hulp nodig.",Colonial Exploitation & Economic Inequality,1.0
evaluatie-inzet-nederlandse-militairen-2014.pdf,53,"Hiervan verblijven vijf miljoen mensen in de belegerde en moeilijk bereikbare gebieden, zoals in en rondom de steden Kobani en Aleppo. De conferentie in Berlijn van eind oktober 2014 zette de opvang van vluchtelingen in de omringende landen opnieuw op de agenda. en van de doelstellingen van het nieuwe Relief und is om de zelfredzaamheid van vluchtelingen in gastlanden te vergroten, alsmede een bijdrage te leveren aan een betere balans tussen ondersteuning van vluchtelingen en gastgemeenschappen. 8 KST 32623, nr. 136. 9",Everyday Racism & Modern Racial Inequality,1.0
evaluatie-inzet-nederlandse-militairen-2014.pdf,57,"Hoewel Turkije zich steeds gastvrij heeft opgesteld, ondervindt het land steeds meer hinder van de groeiende druk op voorzieningen en van de aanwezigheid van jihadisten. Samenhang De inzet van Patriots in Turkije had, in samenhang met Nederlandse politieke, diplomatieke en humanitaire inspanningen, als doel de bevolking en het grondgebied van NAVO-bondgenoot Turkije te beschermen door het onderscheppen van eventueel inkomende ballistische raketten en zo bij te dragen aan de de-escalatie van de crisis langs de zuidoostelijke grenzen van het bondgenootschap. Nederland heeft de diplomatieke inspanningen van VN-gezant De Mistura en de door hem voorgestelde bottom-up aanpak van lokale ’freeze zones’ gesteund. Nederland steunde de Syrische gematigde oppositie omdat zij een belangrijke gesprekspartner is: zowel op het terrein van een politieke oplossing (tegengaan van straffeloosheid, uiteindelijk Assad dwingen om naar de onderhandelingstafel te gaan) als in de strijd tegen ISIS en andere jihadistische organisaties.",Colonial Exploitation & Economic Inequality,1.0
evaluatie-inzet-nederlandse-militairen-2014.pdf,63,"Turkije gaf als gastland steun bij onder meer de legering, bewaking en beveiliging van de PATRIOT eenheid. Risico’s r waren geen aanwijzingen dat Nederlandse militairen doelwit waren van een van de strijdende partijen maar gezien de algemene veiligheidssituatie was er wel voortdurend aandacht voor force protection. De PATRIOT eenheid beschikte ook over toereikende bescherming tegen aanvallen met bijvoorbeeld chemische strijdmiddelen. Geschiktheid De Nederlandse PATRIOT eenheid bestond uit twee organieke fire units en een reserve fire unit.",Everyday Racism & Modern Racial Inequality,1.0
evaluatie-inzet-nederlandse-militairen-2014.pdf,68,"De uitzendperiode is tot stand gekomen in goed overleg met het personeel. Ook zijn de uitzendperiodes korter geweest dan standaard. r is maatwerk geleverd, vooral voor de militairen die in 2013 en 2014 zijn ingezet. Dat heeft geresulteerd in een uitzendduur van één, twee of vier maanden. In de tijd dat men in Nederland was, werd het personeel bewust minder belast.",Everyday Racism & Modern Racial Inequality,1.0
evaluatie-inzet-nederlandse-militairen-2014.pdf,72,"Pagina 12 van 46 3 Strijd tegen ISIS (Irak) Op 24 september 2014 is de Kamer geïnformeerd over de Nederlandse bijdrage aan de internationale strijd tegen ISIS. Deze bijdrage richt zich op Irak en bestaat initieel uit zes operationele -16’s (AT-Middle ast) beschikbaar voor de duur van maximaal een jaar en ondersteuning van de Iraakse en Koerdische strijdkrachten met training en advies. Sinds oktober 2014 neemt een Nederlandse -16 eenheid deel aan de strijd tegen ISIS in Irak gericht op het breken van de militaire kracht van ISIS op de korte of middellange termijn. De snelle opmars van ISIS en daaraan gelieerde organisaties vormt een directe dreiging voor de regio en veroorzaakt instabiliteit aan de grenzen van uropa, met potentieel vergaande gevolgen ook voor de Nederlandse veiligheid.",Everyday Racism & Modern Racial Inequality,1.0
evaluatie-inzet-nederlandse-militairen-2014.pdf,77,"Pagina 13 van 46 ontevredenheid onder de Iraakse bevolking te verminderen en de voedingsbodem voor extremisme en steun aan ISIS weg te nemen. Het Nederlandse kabinet speelt een actieve rol in het bevorderen van coördinatie en voortgang op deze gebieden (politiek, militair, humanitair), door bij de U, de VN en de coalitie aan te dringen op inbedding van de coalitie inspanningen in een bredere, overkoepelende, politieke strategie en mede leiding te nemen over een, aan de coalitie gelieerde, werkgroep over oreign Terrorist ighters. Daarnaast zet Nederland zich bilateraal in voor ondersteuning van VN programma’s die in Irak de voorwaarden scheppen voor goed uitgevoerd beleid, zoals bijvoorbeeld UNDP’s inspanningen op veiligheidsterrein. De VN zet experts in, in U-, VN- en coalitiekader, en in de eigen bilaterale contacten met de regering in Bagdad. Voor de U ziet het kabinet een belangrijke diplomatieke rol weggelegd, omdat deze meer gewicht in de schaal legt dan individuele lidstaten.",Everyday Racism & Modern Racial Inequality,1.0
evaluatie-inzet-nederlandse-militairen-2014.pdf,78,"Nederland steunt de VN (UN Assistance Mission for Iraq) bij het geven van politiek en technisch advies en assistentie aan de Iraakse regering voor wettelijke hervormingen die ten grondslag (kunnen) liggen aan politieke oplossingen en reconciliatie. De VN doet dit door middel van experts, die juridische en politieke ondersteuning bieden aan verschillende politieke, religieuze en maatschappelijke leiders bij het aannemen en hervormen van essentiële wetgeving. Hierdoor wordt de rechtspositie van de verschillende groeperingen binnen Irak beter gewaarborgd. Nederland heeft sinds juni 2014 een humanitaire bijdrage van UR 17,3 miljoen geleverd om de noden van Internally Displaced Persons (IDP’s) in Irak te verlichten. Op korte tot middellange termijn is een harde aanpak noodzakelijk om de opmars van ISIS een halt toe te roepen.",Reparations & Justice,1.0
strategisch-vastgoedbeleid-defensie.pdf,21,"Defensie Pagina 6 van 26 zend- en ontvangstsinstallaties, radarstations en munitieopslagplaatsen evenals het daarbij behorende indirecte ruimtebeslag, zoals munitieveiligheidszones, geluidzones, bouwbeperkingen rondom vliegvelden en toetsingsgebieden rond radarinstallaties. In het defensievastgoed wordt onderscheid gemaakt tussen operationeel en ondersteunend vastgoed. Het operationele vastgoed bestaat uit de vloot- en vliegbases, kazernes en oefen- en schietterreinen voor zover daaraan unieke militaire gebruikseisen worden gesteld. Daarnaast beschikt Defensie ook over vastgoed met een ondersteunende functie, zoals kantoren, opslag, legering en medische zorg. In het defensievastgoed wordt er voorts onderscheid gemaakt tussen de strategische kernvoorraad en het overige vastgoed.",Everyday Racism & Modern Racial Inequality,1.0
strategisch-vastgoedbeleid-defensie.pdf,23,"De besluitvorming over vastgoed dat niet tot de strategische kernvoorraad wordt gerekend, berust meer op doelmatigheidsoverwegingen. Strategisch vastgoedbeleid Defensie Pagina 7 van 26 3 Organisatie en besturing 3.1 Organisatie vastgoedmanagement De grootschalige reorganisatie van Defensie na de beleidsbrief 2011 en de beslissing van Defensie om deel te nemen aan het Rijksvastgoedbedrijf (RVB), hebben geleid tot een aantal wijzigingen in de organisatie en besturing van vastgoed bij Defensie. Defensie hanteert onderstaand model dat uitgaat van drie niveaus: strategisch, tactisch en operationeel.",Everyday Racism & Modern Racial Inequality,1.0
strategisch-vastgoedbeleid-defensie.pdf,25,"Tactische niveau Het Commando DienstenCentra (CDC) is samen met de defensieonderdelen verantwoordelijk voor het tactische niveau van het vastgoedmanagement. Op dit niveau vindt het objectmanagement plaats, waarbij de vastgoedbehoefte van de gebruikers wordt gekoppeld aan het aanbod en het gebruik en de instandhouding van het vastgoed worden geoptimaliseerd. Het CDC is namens Defensie de enige opdrachtgever van het RVB, dat op operationeel niveau opdrachtnemer is. Het CDC heeft daarmee een loketfunctie voor de rest van de organisatie.",Everyday Racism & Modern Racial Inequality,1.0
strategisch-vastgoedbeleid-defensie.pdf,27,"Het RVB voert de verwerving en afstoting van objecten uit in opdracht van CDC. Het tactische niveau van het vastgoedmanagement richt zich op vier doelstellingen: (1) Het verhogen van de productiviteit, onder meer door locatieselectie, toepassing van vastgoedinnovatie, vergroting van de flexibiliteit (organisatorisch, technisch, financieel), en het bevorderen van de gebruikerstevredenheid (vasthouden van menselijk kapitaal). (2) Het reduceren van kosten, onder meer door het terugdringen van werkplek- en facilitaire kosten en huisvestingslasten, het bevorderen van medegebruik en het intensiveren van het gebruik.",Everyday Racism & Modern Racial Inequality,1.0
strategisch-vastgoedbeleid-defensie.pdf,31,"Operationele niveau Het RVB van het ministerie van Binnenlandse Zaken en Koninkrijksrelaties (BZK) is als baten- lastendienst verantwoordelijk voor het operationele niveau van het vastgoedmanagement met uitzondering van het facilitair beheer. Het RVB levert diensten op het gebied van aankoop, bouw, verkoop, verhuur, technisch en administratief beheer en expertise en advies. Op dit niveau staat het beheer van de afzonderlijke objecten centraal. Defensie en het RVB hebben afspraken gemaakt over de producten, de diensten, de manier van werken, de taakverdeling en de verantwoordelijkheden en bevoegdheden.",Everyday Racism & Modern Racial Inequality,1.0
strategisch-vastgoedbeleid-defensie.pdf,36,"Voor kantoren die onder het Rijkshuisvestingstelsel vallen, stelt Defensie wel een behoefte (hoeveel werkplekken in welke regio), maar gaat het RVB vervolgens op zoek naar de precieze vervulling daarvan. Defensie bepaalt bij alle gehuurde gebouwen zelf hoe de bewaking en facilitaire dienstverlening worden ingericht.  Beheer, expertise, advies en projectontwikkeling Het RVB voert in opdracht van Defensie zowel de verwerving (gebieds- en projectontwikkeling) als instandhouding van vastgoed uit. Defensie blijft verantwoordelijk voor het bepalen van de kwantiteit en de kwaliteit van de objecten in haar eigendom, terwijl het RVB verantwoordelijk is voor de realisatie en instandhouding daarvan met het daarvoor door Defensie beschikbaar gestelde budget.",Everyday Racism & Modern Racial Inequality,1.0
strategisch-vastgoedbeleid-defensie.pdf,53,"Defensie moet verplichtingen naleven die voortvloeien uit internationale verdragen en uropese wet- en regelgeving. Bij het gebruik van het vastgoed heeft Defensie te maken met deze regels op het gebied van bouwen, ruimtelijke ordening, milieu, energie, natuur en arbeidsomstandigheden. Daarnaast is Nederland gastland van een aantal internationale militaire organisaties. Bij besluiten over de inrichting en bestemming van deze locaties moet Defensie rekening houden met de wensen van de desbetreffende internationale organisaties. 4.2",Everyday Racism & Modern Racial Inequality,1.0
strategisch-vastgoedbeleid-defensie.pdf,59,"Op grond van een risicobeoordeling is onderzocht of cellen, zorggebouwen, kinderdagverblijven en legeringsgebouwen voldoen aan brandveiligheidseisen. Hieruit bleek dat de brandveiligheidsvoorzieningen in veel van deze gebouwen niet meer aan de eisen voldoen. De Inspectie Leefomgeving & Transport (IL&T) en Defensie hebben in januari 2013 afgesproken dat alle tekortkomingen voor eind 2016 zullen zijn verholpen. Dit is in een convenant vastgelegd. Daarnaast worden ook kantoren en andere gebouwen waarin veel mensen bijeenkomen, onderzocht en waar nodig op niveau gebracht.",Everyday Racism & Modern Racial Inequality,1.0
jaarbericht-2014.pdf,15,"Vragen en onzekerheden over bijvoorbeeld de continuïteit van de hulp, de toereikendheid van het gemeentelijk budget voor de jeugdhulp en hoe het werk er vanaf 2015 zou gaan uitzien. Nu we in 2015 zijn aanbeland, wordt de weg verder ingezet naar de transformatie en lijken de vragen iets te zijn afgenomen en is de onzekerheid kleiner geworden, maar nog altijd aanwezig. Met de Jeugdwet als basis zal de beoogde transformatie zeker nog voor verdere veranderingen en aanpassingen zorgen. De inspectie lette het afgelopen jaar speciaal op signalen dat de kwaliteit van de zorg niet achteruit ging of dat de veiligheid van jeugdigen onder druk stond. Die oplettendheid blijft onverkort nodig en mag ook in 2015 van de inspectie worden verwacht.",Everyday Racism & Modern Racial Inequality,1.0
jaarbericht-2014.pdf,24,In dat jaar gingen 121 van de 309 signalen (deels) over bejegening. Van deze 121 signalen gingen er 63 expliciet over tekortschietende bejegening door de jeugdbeschermer. Het werk van de jeugdbescherming grijpt vaak sterk in op het gezinsleven. Deze situatie maakt het waarschijnlijk dat mensen hier bij voorbaat kritisch tegenover staan en daarom ook extra kritisch zijn over het handelen van de professional en de wijze waarop de ouder door de professional wordt bejegend. De sector werkt aan het verbeteren van de bejegening.,Everyday Racism & Modern Racial Inequality,1.0
jaarbericht-2014.pdf,26,"2014 zijn publicaties in het kader van de professionalisering van de werkers in de jeugdzorg, zoals ‘ Tips om uw cliënten(raad) te betrekken’ of trainingen voor professionals om ook door de ogen van cliënten naar hun werk te kijken. Naast deze verbeterstappen zijn er volgens de inspectie nog mogelijkheden voor de sector om de bejegening naar een hoger niveau te tillen. Denk bijvoorbeeld aan de inspanning die de sector nu doet om de professionaliteit van medewerkers te versterken en de ontwikkeling van richtlijnen in de komende jaren. Richt die inspanning ook op het wegwerken van de meest genoemde tekortkomingen in de bejegening, zoals de inspectie die terug ziet in de signalen van burgers: ",Everyday Racism & Modern Racial Inequality,1.0
jaarbericht-2014.pdf,29,De instelling of professional moet de cliënt een toereikend antwoord kunnen geven op de volgende vragen: Wat heeft de cliënt aan de hulp of zorg die hem of haar wordt geboden? Wat merkt en ziet de cliënt van die hulp en zorg? Op welke wijze is de cliënt bij het bepalen en uitvoeren van die hulp en de evaluatie daarvan betrokken? Kan de cliënt er ook daadwerkelijk over meepraten?,Everyday Racism & Modern Racial Inequality,1.0
jaarbericht-2014.pdf,53,"De ernst van de gedragsproblemen blijkt ook gerelateerd aan de kans op voortijdig vertrek. Dat geldt ook voor de leeftijd: hoe ouder bij opname, hoe ernstiger gemiddeld genomen de problemen zijn en hoe hoger de kans is op voortijdige beëindiging van de plaatsing en dus van de zorg. In figuur 2.2 staat een overzicht van de door de instellingen zelf gerapporteerde voortijdige uitstroom over het jaar 2013. 12 | Inspectie Jeugdzorg Jaarbericht 2014 iguur 2.2:",Everyday Racism & Modern Racial Inequality,1.0
jaarbericht-2014.pdf,57,"Deze jeugdigen moeten net als andere jeugdigen op weg naar zelfstandigheid en volwassenheid kunnen terugvallen op ondersteuning. Belangrijk voor deze groep jeugdigen is dat zij het gevoel krijgen er niet alleen voor te staan. Bij onderzoek van de inspectie, bijvoorbeeld naar de jeugdzorgplus, ziet zij dat knelpunten in het organiseren van nazorg voor jeugdigen vooral te maken hebben met praktische zaken; zoals het ontbreken van zelfstandige woonvoorzieningen, tijdige financiële hulp en begeleiding en de goede samenwerking van de instelling met gemeenten en scholen. Gemeenten hebben op grond van de Wet maatschappelijke ondersteuning een taak om jeugdigen na hun verblijf in een instelling te ondersteunen met goede nazorg.",Everyday Racism & Modern Racial Inequality,1.0
2b-hoge-colleges-van-staat.pdf,32,"De Minister van Binnenlandse Zaken en Koninkrijksrelaties is verantwoor- delijk voor de beschikbaarheid van een voldoende begroting en het beheer van de begroting van de Overige Hoge Colleges van Staat en Kabinetten van de Gouverneurs. De Colleges voeren zelf het beheer over hun begroting of hun begrotingsdeel. Over de inhoud van dit beheer bestaan afspraken (de zogenaamde beheersafspraken) tussen de Minister en de colleges, waarin recht gedaan wordt aan hun staatsrechtelijke positie.1 C. Beleidsconclusies De Afdeling advisering Taak van de Afdeling advisering is het op de meest doelmatige en kwalitatief goede wijze afdoen van binnengekomen adviesaanvragen. Tijdigheid, kenbaarheid en voorspelbaarheid zijn daarbij belangrijke kernbegrippen.",Reparations & Justice,1.0
2b-hoge-colleges-van-staat.pdf,36,"Toelichting De aantallen instroom en afhandeling voor het jaar 2014 zijn in lijn met de trend uit de voorgaande jaren. De Afdeling bestuursrechtspraak Taak van de Afdeling bestuursrechtspraak is het op de meest doelmatige en kwalitatief goede wijze afdoen van binnengekomen zaken. Tijdigheid, kenbaarheid en voorspelbaarheid en bruikbare rechtsvorming zijn daarbij 1 Comptabiliteitswet 2001, artikel 19.",Everyday Racism & Modern Racial Inequality,1.0
2b-hoge-colleges-van-staat.pdf,60,"Daarbij toetst zij ook de nakoming van verplichtingen die Nederland in internationaal verband is aangegaan. De Algemene Rekenkamer voorziet de regering, de Staten-Generaal en degenen die verantwoordelijk zijn voor de aan het Rijk verbonden organen van bruikbare en relevante informatie, aan de hand waarvan zij kunnen bepalen of het beleid van een Minister rechtmatig, doelmatig en doeltreffend is uitgevoerd. De Algemene Rekenkamer keurt de rekening van uitgaven en ontvangsten van het Rijk goed. Jaarlijks stelt de Algemene Rekenkamer haar onder- zoeksprogramma vast en bepaalt zij zelf wat zij openbaar maakt. Zij voorziet de regering, de Staten-Generaal en degenen die verantwoordelijk zijn voor de gecontroleerde organen van informatie.",Everyday Racism & Modern Racial Inequality,1.0
2b-hoge-colleges-van-staat.pdf,83,"Over de inhoud van dit beheer bestaan afspraken (de zogenoemde beheerafspraken) tussen de Minister en de colleges, waarin recht gedaan wordt aan hun staatsrechtelijke positie3. In artikel 78a van de Grondwet is vastgelegd dat er een Nationale ombudsman is. In deze wet zijn de institutionele regels opgenomen. De Algemene wet bestuursrecht (AWB) ten slotte geeft de procedurele kaders voor het handelen door de Nationale ombudsman. In de hoofdstukken IIA en IIB van de Wet Nationale ombudsman is vastgelegd dat er een Kinderombudsman en een Veteranenombudsman is.",Everyday Racism & Modern Racial Inequality,1.0
2b-hoge-colleges-van-staat.pdf,87,"De Nationale ombudsman kan zijn functie alleen vervullen als hij bekend is bij mensen die hem nodig hebben en bij de overheid. De financiële middelen voor zijn voorlichtingsbeleid worden vooral ingezet voor zijn vindbaarheid en toegankelijkheid voor kwetsbare groepen. 2. De mate waarin de ambtsdrager invloed heeft op het beleidsterrein: Bij de uitvoering van de wettelijke taken is de invloed van de Nationale ombudsman, de Kinderombudsman en Veteranenombuds- man groot.",Everyday Racism & Modern Racial Inequality,1.0
2b-hoge-colleges-van-staat.pdf,90,"Daarnaast wordt voor de klachtbehandeling van de decentrale overheden budget ontvangen vanuit deze decentrale overheden. Daarnaast legt de Nationale ombudsman verantwoording af aan de Kamer onder andere door middel van een jaarverslag. Klachtbehandeling Het aantal ontvangen schriftelijke en mondelinge verzoeken is gedaald in 2014, maar het aantal verzoeken dat in onderzoek is genomen is toege- nomen. Vanaf 2010 daalt het aantal schriftelijke verzoeken.",Everyday Racism & Modern Racial Inequality,1.0
2b-hoge-colleges-van-staat.pdf,92,"200 IIB, nr. 1 18 Beleidsverslag en andere mogelijke oorzaak voor de daling van het aantal schriftelijke, maar ook de telefonische verzoeken is dat de ombudsman er steeds beter in slaagt duidelijk te maken waar hij voor is. Het aantal en percentage verzoeken dat niet gaat over de overheid neemt af. Ten opzichte van 2013 zijn in 2014 ruim 1.200 minder verzoeken afgehandeld die niet gaan over de overheid. De veranderde werkwijze heeft er daarnaast toe geleid dat telefonische contacten meteen zodanig zijn afgehandeld op het Ombudsplein dat de verzoeker meteen en naar tevredenheid is geholpen, waardoor het aansluitend indienen van een schriftelijke klacht achterwege kon blijven.",Everyday Racism & Modern Racial Inequality,1.0
4-koninkrijksrelaties.pdf,28,"1. BLIDSPRIORITITN Het Statuut voor het Koninkrijk der Nederlanden regelt de staatkundige relatie van de landen Nederland, Aruba, Curaçao en Sint Maarten in het Koninkrijk. De landen behartigen zelfstandig hun eigen aangelegenheden, behoudens de Koninkrijksaangelegenheden, en onverminderd de waarborgfunctie van het Koninkrijk. Het Statuut geeft tevens regels voor onderlinge samenwerking, bijstand, overleg en de staatsinrichting van de landen.",Everyday Racism & Modern Racial Inequality,1.0
4-koninkrijksrelaties.pdf,29,"Sinds 10 oktober 2010 zijn Curaçao en Sint Maarten zelfstandige landen binnen het Koninkrijk en zijn Bonaire, Sint ustatius en Saba openbare lichamen binnen het land Nederland. Caribisch Nederland Met het afronden van de staatkundige hervormingen van 2010 is de relatie tussen Nederland en de openbare lichamen nog niet af. Belangrijke thema’s zijn en blijven de verdere ontwikkeling van de eilanden, de evaluatie van de zogenoemde BS-wetgeving van de openbare lichamen, de evaluatie van de justitiële rijkswetten van toepassing op Caribisch Nederland, de legislatieve terughoudendheid en de overheidsfinanciën van de openbare lichamen. In 2014 is veel aandacht besteed aan de organisatie van de Rijkscoördi- natie, vooruitlopend op de evaluatie van de uitwerking van de nieuwe staatkundige structuur van Bonaire, Sint ustatius en Saba. en commissie onder voorzitterschap van de heer Van Gastel heeft op 21 maart 2014 aanbevelingen gedaan over het verbeteren van de Rijkscoördinatie (Kamerstukken II, 2013–2014, 33 750 IV, nr. 35).",Reparations & Justice,1.0
4-koninkrijksrelaties.pdf,77,"Bij Voorjaarsnota 2014 is de regeling Kustwacht en grensbewaking gesplitst in twee aparte regelingen te weten Grensbewaking en Kustwacht. Toelichting op de financiële instrumenten 1.1. Rechterlijke macht/samenwerkingsmiddelen Kustwacht Bijdragen aan andere begrotingshoofdstukken Grensbewaking Sinds 2008 levert een flexibele pool van 43 fte van de Koninklijke Marechaussee (KMar) een bijdrage aan de bestrijding van de geweldscri- minaliteit, het grens- en vreemdelingentoezicht, de bestrijding van mensensmokkel en -handel, en de bestrijding van drugssmokkel via de luchthavens.",Everyday Racism & Modern Racial Inequality,1.0
4-koninkrijksrelaties.pdf,78,De medewerkers van de KMar functioneren daarbij onder aansturing van de lokale diensthoofden en vallen onder het lokale gezag (Ministers van Justitie). De kosten van de flexibele pool komen ten laste van deze begroting. In 2014 is een nieuw protocol over de inzet van de flexpool met de KMar getekend met een looptijd tot eind 2019. Met de ondertekening van dit protocol wordt de inzet per 1 juli 2015 uitgebreid naar Aruba. Hiermee wordt de inzet van de flexibel inzetbare pool KMar ten behoeve van ondersteuning in de rechtshandhaving mogelijk in het gehele Caribische deel van het Koninkrijk.,Everyday Racism & Modern Racial Inequality,1.0
j-deltafonds.pdf,31,"Dit houdt in dat die hoofdproducten, waarbij het verschil tussen het begrotingsbedrag en de realisatie kleiner is dan de aangegeven norm niet worden toegelicht. en uitzondering hierop wordt gemaakt voor beleids- matige relevante mutaties, deze worden ongeacht bovenstaande normering wel toegelicht. Verder worden in afwijking van bovenvermelde norm die artikelen, waarop in de begroting 2014 geen of zeer geringe ontvangsten zijn geraamd maar waar in 2013 wel relatief kleine bedragen op zijn gerealiseerd, niet apart toegelicht. Voor wat betreft de indicatoren moet worden vermeld dat IenM bij het verkrijgen van deze indicatoren voor een deel afhankelijk is van verza- meling door externe partijen zoals het Centraal Bureau voor de Statistiek (CBS). De praktijk is zodanig dat deze gegevens in een aantal gevallen later beschikbaar komen. Dit leidt ertoe dat niet in alle gevallen de gegevens over het verslagjaar ten tijde van het opstellen van het jaarverslag beschikbaar waren.",Reparations & Justice,1.0
j-deltafonds.pdf,34,Mijlpalen en resultaten 2014 Aanleg Hieronder volgen de mijlpalen die het Ministerie van Infrastructuur en Milieu in 2014 heeft behaald binnen het hoofdwatersysteem. In 2014 is voortvarend gewerkt aan het verbeteren van de waterveiligheid.,Everyday Racism & Modern Racial Inequality,1.0
j-deltafonds.pdf,49,"Op 10 oktober 2014 publiceerde het Kabinet de ontwerp- Rijksstructuurvisie Grevelingen en Volkerak-Zoommeer, waarin een ontwikkelvisie voor het gebied is opgenomen en ter inzage is gelegd. De ontwikkelvisie omvat het terugbrengen van beperkt getij op de Greve- lingen en het zout maken van het Volkerak-Zoommeer (inclusief beperkt getij). De ontwerp-structuurvisie is het vertrekpunt voor een gezamenlijk programma van Rijk en regio om te komen tot bekostiging van de benodigde maatregelen om de ontwikkelvisie te realiseren. Daarbij wordt aangesloten bij de uitvoering van de Deltabeslissing Zoetwater. Beheer, onderhoud en vervanging",Everyday Racism & Modern Racial Inequality,1.0
j-deltafonds.pdf,72,"De lagere realisatie wordt grotendeels (– € 18 miljoen) veroorzaakt door de overheveling van het HWBP-budget IJsselsprong naar het Provinciefonds en door de overheveling van budgetten in de fase verkenning- en planuitwerkingen (onderdeel 1.02.01) naar de realisa- tiefase (onderdeel 1.02.02) als gevolg van het overgaan van de budgetver- antwoordelijkheid per 1 januari 2014 naar RWS. Ad 6) De hogere ontvangsten betreffen een terugbetaling van de gemeente Arnhem van teveel betaald voorschot van het project Sanering Malburgerhaven (€ 1 miljoen), hogere ontvangstenverkregen bij het programma Ruimte voor de Rivier doordat de verkopen van vastgoed ten opzichte van de begroting voortvarend zijn verlopen (€ 7 miljoen) en de meerontvangsten van Hoogheemraadschap (HHRS) Delfland (€ 1 miljoen) inzake de doorbelastingen aan het HHRS Delfland voor de eenmalige afkoop van Rijkswaterstaat (RWS) met Dunea van het Beheer, Onderhoud en Monitoring van de drainage/bronneringsmaatregel waarmee de drinkwaterproductie van Dunea zeker wordt gesteld in de duinen. 1.01 Grote projecten waterveiligheid",Reparations & Justice,1.0
h-bes-fonds.pdf,11,"200 H, nr. 1 3 Algemeen Dechargeverlening door de Tweede Kamer Onder verwijzing naar artikel 64 van de Comptabiliteitswet 2001 verklaart de voorzitter van de Tweede Kamer der Staten-Generaal dat de Tweede Kamer aan het hiervoor gedane verzoek tot dechargever- lening tegemoet is gekomen door een daartoe strekkend besluit, genomen in de vergadering van De voorzitter van de Tweede Kamer, Handtekening: Datum: Op grond van artikel 64, tweede lid, van de Comptabiliteitswet 2001 wordt dit originele exemplaar van het onderhavige jaarverslag, na onderte- kening van de hierboven opgenomen verklaring, ter behandeling doorgezonden aan de voorzitter van de erste Kamer. Dechargeverlening door de erste Kamer",Reparations & Justice,1.0
h-bes-fonds.pdf,19,"Deze evaluatie zal in 2015 worden uitgevoerd. Uit de kleine evaluatie in het eerste kwartaal van 2014 (Kamerstukken II, 2013–2014, 33 750 IV, nr. 35) kwamen al punten naar voren waarvan de regering een aantal aanbevelingen al in 2014 heeft geïmplementeerd. Het gaat hier om de aanbevelingen van de onderzoekers over het verbeteren van de coördinatie binnen het Rijk en praktische voorstellen om het wetgevingsproces voor Caribisch Nederland te verbeteren. In 2014 zijn door de eilanden meerjarenplannen opgesteld voor het wegwerken van achterstanden en wenselijke investeringen op korte- en middellange termijn. Deze meerjarenplannen worden door de eilanden met steun van de ministeries nader uitgewerkt.",Everyday Racism & Modern Racial Inequality,1.0
h-bes-fonds.pdf,24,De Minister van Binnenlandse Zaken en Koninkrijksrelaties is verantwoor- delijk voor het BS-fonds. Als fondsbeheerder draagt hij zorg voor een adequate omvang van het fonds in relatie tot de overeengekomen taakverdeling tussen Nederland en de openbare lichamen. De openbare lichamen zijn autonoom in de besteding van de vrije uitkering. De Minister van Binnenlandse Zaken en Koninkrijksrelaties is systeemver- antwoordelijk voor de bestuurlijke en financiële verhouding met de eilanden. Dit uitgangspunt laat onverlet dat de openbare lichamen bepaalde wettelijke taken en activiteiten dienen uit te voeren waarvan zij op de algemene middelen zijn aangewezen.,Everyday Racism & Modern Racial Inequality,1.0
h-bes-fonds.pdf,34,"De overschrijding van de vrije uitkering van € 6,5 mln. van het BS-fonds is toe te schrijven aan het negatieve wisselkoers- resultaat (€ 1,6 mln.) en een eenmalige bijdrage van € 3,9 mln. van het Ministerie van Infrastructuur en Milieu voor goede kwantitatieve en kwalitatieve levering van drinkwater en onderhoud aan de rioolwaterzui- vering voor de eilanden van Caribisch Nederland. Ook hebben de Ministeries van Onderwijs, Cultuur en Wetenschap (OCW), Veiligheid en Justitie (VenJ), Infrastructuur en Milieu (IenM) en Binnenlandse Zaken en Koninkrijksrelaties (BZK) extra gelden (totaal € 1,1 mln.) aan de eilandge- bieden via de vrije uitkering beschikbaar gesteld. Het betrof gelden voor een campagne tegen vrouwengeweld, eenmalige gratis paspoortver- Tweede Kamer, vergaderjaar 2014–2015, 34 200 H, nr. 1 8 Beleidsverslag strekking minderjarige kinderen (tot 12 jaar) in Caribisch Nederland, de gelden voor reis- en verblijfskosten gepaard met de organisatie van de CN-week en is er een voorschot op de vrije uitkering van 2015 aan Saba verstrekt voor het verkeersknelpunt in Windwardside.",Reparations & Justice,1.0
h-bes-fonds.pdf,58,"In het jaarverslag BS-fonds 2013 is vermeld dat het merendeel van de voorschotten in de loop van 2014 zou worden afgewikkeld. Op 13 november 2014 is de regeling bijzondere uitkering integrale projecten 2013 verlengd in verband met doelmatige aanwending van deze middelen door de openbare lichamen van Caribisch Nederland (Staatscourant nr. 32050, 21 november 2014). Hierdoor zullen uiterlijk in 2016 de voorschotten worden afgewikkeld. Het over 2014 openstaande voorschotbedrag (circa € 1,0 mln.) betreft een infrastructureel project Windwardside op Saba waarvoor BZK een voorschot op de vrije uitkering 2015 heeft verleend om het project te financieren. Dit voorschot zal ultimo 2024 zijn afgewikkeld.",Reparations & Justice,1.0
9-financien.pdf,30,"Het besluit tot dechargeverlening kan niet worden genomen, voordat de betrokken slotwet is aangenomen en voordat de verklaring van goedkeuring van de Algemene Rekenkamer is ontvangen. De Minister van inanciën, J.R.V.A. Dijsselbloem Tweede Kamer, vergaderjaar 2014–2015, 34 200 IX, nr. 1 6 Algemeen Dechargeverlening door de Tweede Kamer Onder verwijzing naar artikel 64 van de Comptabiliteitswet 2001 verklaart de voorzitter van de Tweede Kamer der Staten-Generaal dat de Tweede Kamer aan het hiervoor gedane verzoek tot dechargever- lening tegemoet is gekomen door een daartoe strekkend besluit, genomen in de vergadering van De voorzitter van de Tweede Kamer, Handtekening: Datum: Op grond van artikel 64, tweede lid van de Comptabiliteitswet 2001 wordt dit originele exemplaar van het onderhavige jaarverslag, na onderte- kening van de hierboven opgenomen verklaring, ter behandeling doorgezonden aan de voorzitter van de erste Kamer.",Reparations & Justice,1.0
9-financien.pdf,38,"Paragraaf 4 bevat de beleidsartikelen, bestaande uit 2 paragrafen: – De beleidsdoelstelling. In de beleidsmatige (niet-financiële) toelichting wordt, waar relevant, nader ingegaan op de belangrijkste beleidsresul- taten en op opmerkelijke verschillen ten opzichte van de ontwerpbe- groting; – Budgettaire gevolgen van beleid en een financiële toelichting, waarin opmerkelijke verschillen tussen ontwerpbegroting en realisatie worden toegelicht. Dit betreft de toelichting op de verantwoordingsstaat uit de jaarrekening;",Everyday Racism & Modern Racial Inequality,1.0
9-financien.pdf,129,"Crisisgerelateerde winst is gebaseerd op een opgave van DNB, rekening houdend met een uitkeringspercentage van 95%. 5 Door de integrale benadering van schuldmanagement – dat wil zeggen: de financieringsbehoefte van de Staat wordt in haar totaliteit gedekt, ongeacht herkomst van financiering – is het lastig om het totaal aan gerealiseerde rentelasten exact uit te splitsen naar «reguliere» rentelasten als gevolg van de kredietcrisis.",Everyday Racism & Modern Racial Inequality,1.0
9-financien.pdf,137,"Reaal N.V., 1 februari 2013. Over deze depositiegrondslag is op 3 momenten (31 maart, 31 mei, 31 juli) in 2014 0,075% geheven. r is in 2014 een opbrengst van in totaal € 1,005 miljard gerealiseerd. C. Kapitaalverstrekkingsfaciliteit (20 mld.)",Colonial Exploitation & Economic Inequality,1.0
9-financien.pdf,139,"r is sprake van een bruto rendement, omdat er geen rekening is gehouden met de rentelasten die de staat heeft gemaakt om de kapitaalinjectie aan ING te kunnen doen. In het wetgevingsoverleg over het jaarverslag 2013 heeft de Minister van inanciën toegezegd om zo precies mogelijk te laten zien wat de kosten zijn geweest op alle onderdelen op het moment dat er een gerealiseerde opbrengst is. Nu ING de laatste tranche heeft terugbetaald, is het moment daar om ook de kosten van de kapitaalinjectie aan ING, meer specifiek de gemiddeld toerekenbare rentelasten, in kaart te brengen. De toerekenbare rentelasten voor de staat komen voor de aan ING verstrekte securities over de gehele looptijd (2008 t/m 2014) uit op € 525 miljoen. Hierdoor komt het netto resultaat per 31/12 2014 uit op € 3.006 miljoen positief.",Colonial Exploitation & Economic Inequality,1.0
9-financien.pdf,155,"1 Zie voor de actuele stand over de uitgekeerde tranches ook de website van de uropese Commissie http://ec.europa.eu/economy_finance/eu_borrower/efsm/index_en.htm, de website van het IM http://www.imf.org/external/country/index.htm, de website van het S: www.efsf.europa.eu en de website van het SM: www.esm.europa.eu. In deze tabel is gerekend met de wisselkoers ultimo 2014 voor de IM-leningen. G. Garantie DNB-winstafdracht",Dehumanization & Scientific Racism,1.0
9-financien.pdf,157,"In 2008/2009 heeft De Nederlandsche Bank na het faillissement van Landsbanki een bedrag uitgekeerd van € 1,6 miljard aan de deposito- houders. Hiervan namen de Nederlandse banken € 208 miljoen voor hun rekening en de Nederlandse Staat € 1,4 miljard. De resterende vordering is verkocht en voorziet in een opbrengst voor de Nederlandse Staat van circa € 623 miljoen in 2014. Door de verkoop van de hoofdsom bestaat het bedrag op de balans alleen uit de opgebouwde rente van € 158,8 miljoen. Tweede Kamer, vergaderjaar",Colonial Exploitation & Economic Inequality,1.0
9-financien.pdf,159,"In 2010 en 2011 hebben lidstaten van de eurozone bilaterale leningen verstrekt aan Griekenland (Greek Loan acility). Nederland heeft in totaal 3,2 miljard euro aan leningen verstrekt. De looptijd van de leningen is 30 jaar en er is een aflossingsvrije periode van 10 jaar ingesteld. Griekenland zal daarom in 2020 beginnen met aflossen. Op deze leningen ontvangt Nederland ieder kwartaal rente.",Everyday Racism & Modern Racial Inequality,1.0
9-financien.pdf,160,"Griekenland betaalt momenteel de 3-maands euribor rente plus een renteopslag van 50 basispunten over de bilaterale leningen. Door een lagere rente dan de geraamde CPB rekenrente en de retroactieve correctie van de renteverlaging (zoals door de urogroep in december 2012 overeengekomen) zijn de ontvangsten op de Griekse lening lager uitgevallen dan eerder geraamd. Tweede Kamer, vergaderjaar 2014–2015, 34 200 IX, nr. 1 17",Everyday Racism & Modern Racial Inequality,1.0
13-economische-zaken.pdf,26,"Het besluit tot dechargeverlening kan niet worden genomen, voordat de betrokken slotwet is aangenomen en voordat de verklaring van goedkeuring van de Algemene Rekenkamer is ontvangen. De Minister van conomische Zaken, H.G.J. Kamp Tweede Kamer, vergaderjaar 2014–2015, 34 200 XIII, nr. 1 6 Dechargeverlening door de Tweede Kamer Onder verwijzing naar artikel 64 van de Comptabiliteitswet 2001 verklaart de voorzitter van de Tweede Kamer der Staten-Generaal dat de Tweede Kamer aan het hiervoor gedane verzoek tot dechargever- lening tegemoet is gekomen door een daartoe strekkend besluit, genomen in de vergadering van De Voorzitter van de Tweede Kamer, Handtekening: Datum: Op grond van artikel 64, tweede lid van de Comptabiliteitswet 2001 wordt dit originele exemplaar van het onderhavige jaarverslag, na onderte- kening van de hierboven opgenomen verklaring, ter behandeling doorgezonden aan de voorzitter van de erste Kamer.",Reparations & Justice,1.0
13-economische-zaken.pdf,52,"Dat het bedrijfsleven profiteert van internationale samenwerking blijkt onder andere uit de toenemende orderportefeuille die volgt uit de Nederlandse deelname aan de verdere ontwikkeling van de -35. In 2014 is de orderportefeuille met een waarde van ongeveer $ 100 mln uitgebreid, waarmee de totale portefeuille ruim $ 1 mld bedraagt. Ook de participatie binnen de SA (uropean Space Agency) draagt bij aan het innovatief vermogen van het Nederlandse en uropese bedrijfsleven, zoals werd geïllustreerd door de lancering van de eerste satellieten voor het aardobservatieprogramma Copernicus en het navigatieprogramma Galileo. Sinds het jaar 2000 hebben 552 Nederlandse bedrijven en kennisinstellingen door de ontwikkeling van kennisintensieve instrumenten, componenten en/of diensten actief geparticipeerd in SA-programma’s. Dat Nederland een aantrekkelijke vestigingsplaats voor buitenlandse bedrijven is, blijkt uit het groot aantal ondernemingen dat zich hier, vaak met assistentie van de NIA heeft gevestigd.",Everyday Racism & Modern Racial Inequality,1.0
13-economische-zaken.pdf,64,"ind 2014 zijn in de voortgangsrapportage van de «Visie op telecommunicatie, media en internet»7 de eerste contouren geschetst van de modernisering van beleid en regelgeving om een eerlijk speelveld voor traditionele en nieuwe (internet)spelers te behouden. Op verzoek van het kabinet is de Actieagenda Smart Industry opgesteld waarin 14 actiepunten zijn uitgewerkt om de industrie en daaraan gekoppelde dienstensector te laten profiteren van ICT-technologieën. Centraal in het actieplan staat de ontwikkeling van 10 ieldlabs van hoge kwaliteit en met een stevig privaat commitment. Bij de ontwikkeling van de agenda zijn ruim duizend bedrijven betrokken. Ook zijn concrete resultaten geboekt met de 9 ICT-doorbraakprojecten in onder andere de zorg, het onderwijs en het MKB.",Everyday Racism & Modern Racial Inequality,1.0
13-economische-zaken.pdf,69,"2014–2015, 34 200 XIII, nr. 1 14 Beleidsprioriteiten oprichting van een Alliance Climate Smart Agriculture, dit thema wereldwijd op de politieke agenda geplaatst. De kabinetsplannen om de voedselproductie fors te verhogen en tegelijk het verbruik van grond- stoffen te verminderen, zijn door 75 landen omarmd.",Everyday Racism & Modern Racial Inequality,1.0
13-economische-zaken.pdf,70,"Uit de Monitor Duurzame Agrogrondstoffen van het CBS blijkt dat de verduurzaming van agrogrondstofketens op koers ligt. Dichter bij huis is samen met de topsectoren en de Alliantie Verduurzaming Voedsel gewerkt aan de verdere verduurzaming van de voedselproductie en het verminderen van voedselverspilling (2014 was het jaar tegen de «voedselverspilling»). Het initiatief voor de transitie wordt steeds meer genomen door de sector zelf zoals wordt geïllustreerd door de uitgebrachte visie op de duurzame varkenshouderij «recept voor duurzaam varkensvlees». Om de transitie naar een duurzame economie te versnellen, werd de Green-Deals-aanpak in 2014 voortgezet, wat sinds de start in 2011 heeft geresulteerd in 176 projecten.",Everyday Racism & Modern Racial Inequality,1.0
13-economische-zaken.pdf,71,"Zo zijn er afspraken gemaakt ter bevor- dering van circulair inkopen, groene gewasbescherming, natuur, de chemieketen en duurzaam toerisme. Ook is in 2014 de Programmatische Aanpak Stikstof (PAS) opgesteld om het overschot aan stikstof in Natura 2000-gebieden aan te pakken. De PAS borgt het evenwicht tussen een veerkrachtige natuur enerzijds en ruimte voor gezonde economische ontwikkeling anderzijds. Vooruitlopend op het vervallen van de uropese melkquota, is in 2014 gewerkt aan een raamwerk om te borgen dat economische groei van de melkveehouderij plaatsvindt binnen de milieurandvoorwaarden van de Nitraatrichtlijn. Op 1 januari 2015 is de wet «Verantwoorde groei melkveehouderij» van kracht geworden.",Everyday Racism & Modern Racial Inequality,1.0
0-1-financieel-jaarverslag-van-het-rijk-2014.pdf,94,"Trage voortgang van investeringen in infrastructuur, door bureaucratie en andere structurele problemen zoals een zwak ondernemingsklimaat, beperkten de groei. Ook bouwden diverse opkomende economieën, geconfronteerd met de komende normalisatie in het Amerikaanse monetaire beleid, te ruim monetair en begrotingsbeleid af om de inflatie in te dammen en begrotings- en betalingsbalanstekorten te verminderen. Opkomende economieën bleken zich niettemin beter te hebben voorbereid op mogelijke financiële crises dan in de vorige eeuw, bijvoorbeeld via lagere iguur 1.3.2 Kerninflatie grote ontwikkelde economieën neemt af −2 −1 0 1",Everyday Racism & Modern Racial Inequality,1.0
0-1-financieel-jaarverslag-van-het-rijk-2014.pdf,99,"De kapitaal- stroom naar opkomende economieën groeide in 2014 zelfs weer nadat deze in 2013 was gedaald door onverwachte uitspraken van voormalig ed-president Bernanke over de afbouw van het ruime monetaire beleid in de VS. Structurele factoren drukten ook hun stempel op de ontwikkeling van de Chinese economie, waar de groei daalde van 7,8% in 2013 naar 7,4% in 2014, het laagste niveau in 25 jaar. De sterke groei na de crisis in 2008 lijkt vooral door extra privaat krediet te zijn gerealiseerd (tussen 2007 en 2014 een stijging met 83% naar 217% bbp), wat zorgde voor een grote schaduwbanksector. In 2014 streefden de Chinese autoriteiten naar een geleidelijke overstap op een ander groeimodel – meer gericht op binnenlandse consumptie in plaats van investeringen en export – onder andere via een mix van begrotingsstimulus en hervormingen van de financiële sector.",Everyday Racism & Modern Racial Inequality,1.0
0-1-financieel-jaarverslag-van-het-rijk-2014.pdf,106,"55 60 Bron: Thomson Reuters Datastream Tweede Kamer, vergaderjaar 2014–2015, 34 200, nr. 1 18 2.1 Inleiding Terugblikkend op het eerste jaar waarvoor het kabinet Rutte-Asscher de begroting heeft opgesteld, springt – naast de aantrekkende economie als beschreven in het vorige hoofdstuk – het verlaten van de buitensporigte- kortprocedure van het Stabiliteits- en Groeipact (SGP) in het oog. De opeenvolgende beleidspakketten en de aantrekkende economie drukten het feitelijke tekort in 2013 al onder de 3 procent van het bruto binnen- lands product (bbp)1.",Dehumanization & Scientific Racism,1.0
0-1-financieel-jaarverslag-van-het-rijk-2014.pdf,108,Het geld voor asielzoekers is nodig om de opvang van personen te bekostigen die vorig jaar Nederland binnenkwamen. Box 2.1.1 Verschillende begrotingsmomenten Het inancieel Jaarverslag van het Rijk vormt de afsluiting van een begrotingsjaar. Het begrotingsjaar start op Prinsjesdag met de presentatie van de Miljoenennota.,Everyday Racism & Modern Racial Inequality,1.0
0-1-financieel-jaarverslag-van-het-rijk-2014.pdf,123,"6 Kamerstukken II, 2013–2014, 33 529 nr. 28 7 Het kabinet besloot eind 2014 de gaswinning terug te schroeven tot 39,4 miljard kuub in 2015 en in 2016. Dat betekent voor 2015 een extra afname ruim 7% (Kamerstukken II, 2014–2015, 33 529, nr. 91). Daarna is voor het eerste halfjaar van 2015 een maximale winning van 16,5 miljard kuub afgesproken (Kamerstukken II, 2014–2015, 33 529, nr. 96). Na 1 juli 2015 wordt besloten of het maximum van 39,4 miljard kuub gehandhaafd blijft, of dat de winning verder zakt tot maximaal 35 miljard kuub Tweede Kamer, vergaderjaar 2014–2015, 34 200, nr. 1 20",Dehumanization & Scientific Racism,1.0
0-1-financieel-jaarverslag-van-het-rijk-2014.pdf,131,"Ook daardoor zijn de statistieken gewijzigd. Ten slotte is de definitie van het MU-saldo gewijzigd, waardoor het resultaat uit renteswaps8 niet langer meetelt voor het MU-saldo. De herziening heeft het bruto binnenlands product van Nederland flink opwaarts bijgesteld. In de periode tussen 2010 en 2013 is sprake van een gemiddelde stijging van 7 procent, ruim 40 miljard euro. Statistisch is de Nederlandse welvaart dus gestegen, maar op de koopkracht van burgers of de inkomsten van de overheid heeft dat geen effect.",Reparations & Justice,1.0
5-buitenlandse-zaken.pdf,23,"Algemeen LSWIJZR Inleiding In deze leeswijzer wordt de indeling van het jaarverslag voor Buitenlandse Zaken toegelicht, waarbij een beperkt aantal afwijkingen van de Rijksbe- grotingsvoorschriften wordt beschreven. De begroting van Buitenlandse Zaken is in februari 2013 met een incidentele Suppletoire Begroting gesplitst in een departementale begrotingsstaat voor Buitenlandse Zaken (V) en een begrotingsstaat voor Buitenlandse Handel en Ontwikkelingssamenwerking (XVII).",Dehumanization & Scientific Racism,1.0
5-buitenlandse-zaken.pdf,26,"Het beleidsverslag begint met de beleidsprioriteiten waarin wordt ingegaan op de prioriteiten van Buitenlandse Zaken en de belangrijkste resultaten die bereikt zijn in 2014. Daarnaast is een tabel opgenomen met daarin de realisatie van de beleidsdoorlichtingen. Vervolgens is artikelsgewijs op hoofdlijnen gerapporteerd over de resultaten van 2014, waarbij ingegaan wordt op de algemene doelstelling, de rol en verantwoordelijkheid en de beleidsconclusies. In de beleidscon- clusies is per artikel aangegeven welke beleidswijzigingen hebben plaatsgevonden in de uitvoering van het beleid en welke beleidswijzi- gingen hebben plaatsgevonden als gevolg van in 2014 afgerond evaluatie- onderzoek waarbij met name wordt ingegaan op beleidsdoorlichtingen. Kwantitatieve en kwalitatieve indicatoren zijn – daar waar zinvol en haalbaar – naast en in de teksten bij de beleidsartikelen opgenomen om de voortgang op de doelstellingen van het beleidsprogramma te laten zien.",Everyday Racism & Modern Racial Inequality,1.0
5-buitenlandse-zaken.pdf,29,"Voor de artikelen zijn verschillen in de realisatie ten opzichte van de vastgestelde Ontwerpbegroting vanaf 10% op sub-artikel toegelicht, met een ondergrens van UR 2 miljoen. Voor het niet-beleidsartikel 7 worden verschillen vanaf 1% toegelicht. Bij de verplichtingen en ontvangsten is een afwijking groter dan 10% op artikelniveau toegelicht. Om de leesbaarheid te waarborgen worden alleen de financiële instru- menten die meer dan 3 procent van het artikelonderdeel uitmaken opgenomen in de financiële tabel. Dat betekent dat er in sommige gevallen geen uitputtende opsomming is van de financiële instrumenten per artikelonderdeel.",Everyday Racism & Modern Racial Inequality,1.0
5-buitenlandse-zaken.pdf,32,"Daarnaast wordt hierin ook aandacht besteed aan het onderwerp fraude. Groeiparagraaf Op 20 april 2011 is de aanpassing van de presentatie van de Rijksbe- groting onder de naam Verantwoord Begroten in de Tweede Kamer behandeld. De nieuwe presentatie geeft meer inzicht in de financiële informatie, de rol en verantwoordelijkheid van de Minister en laat een duidelijke splitsing tussen apparaat en programma zien. In de twee voorliggende jaarverslagen zijn alle begrotingsartikelen ingevuld volgens de nieuwe voorschriften.",Everyday Racism & Modern Racial Inequality,1.0
5-buitenlandse-zaken.pdf,43,"Dit geldt ook voor het consulaat-generaal in Osaka. De Adviescommissie Modernisering Diplomatie heeft haar eindrapport gepresenteerd. De Tweede Kamer is geïnformeerd over de kabinetsre- actie. De aanbevelingen die gaan over de interne organisatie van het Ministerie van Buitenlandse Zaken zijn meegenomen in de modernise- ringsagenda die nu wordt uitgevoerd en de voorgestelde mijlpalen worden gebruikt om toe te zien op de voortgang. Op 12 november 2014 vond een Algemeen Overleg plaats met de Vaste Kamercommissie Buitenlandse Zaken, onder meer naar aanleiding van het slotrapport Adviescommissie Modernisering Diplomatie.",Everyday Racism & Modern Racial Inequality,1.0
5-buitenlandse-zaken.pdf,45,"In 2014 is de Nederlandse agenda van «focus, balans & legitimiteit», zoals in het regeerakkoord opgenomen, met succes uitgevoerd. De uropese Raad nam een «Strategische Agenda» aan waarin principes en prioriteiten zijn vastgelegd. Subsidiariteit en proportionaliteit zijn in het DNA van de uropese Commissie gebracht en kwamen in de organisatie van de Commissie zelf tot uiting. Mede als gevolg van deze agenda is rans Timmermans de erste Vice-President van de uropese Commissie geworden. De uropese financiën stonden in 2014 onverminderd onder druk;",Everyday Racism & Modern Racial Inequality,1.0
5-buitenlandse-zaken.pdf,50,"Tijdens het KOBB werd afgesproken dat de Landen zo vroeg mogelijk bij het proces van totstand- koming van U-sancties worden betrokken daar waar die sancties de Landen raken. Ook zijn in 2014 de betrekkingen met Cuba aanzienlijk geïntensiveerd, hetgeen wordt geïllustreerd door het bezoek van de Minister van Buitenlandse Zaken, het openstellen van het NUIC-programma en de ontvangst van een Cubaanse landbouwmissie. De toenadering tussen de VS en Cuba kan kansen voor het bedrijfsleven bieden. Op het gebied van rechten voor lesbiennes, homo’s, biseksuelen en transgenders (LHBR) werd ingezet op trilaterale samenwerking met Cuba en Brazilië. In 2014 is trilaterale samenwerking op gebied van non-discriminatie met Argentinië in l Salvador van start gegaan.",Everyday Racism & Modern Racial Inequality,1.0
5-buitenlandse-zaken.pdf,52,"In 2014 stonden de bescherming van mensenrechtenverdedigers, gelijke rechten voor lesbiennes, homo’s, biseksuelen en transgenders (LHBT), vrouwenrechten, de vrijheid van godsdienst en levensovertuiging, vrijheid van meningsuiting (online en offline), het tegengaan van massale wreedheden en bescherming van burgers in conflictgebieden centraal. Inzet op deze onderwerpen zal ook in het komende jaar onverminderd worden voortgezet. Samen met gelijkgezinden heeft Nederland in 2014 actief ingezet op bevordering van gelijke rechten voor LHBT’s wereldwijd. Dat gebeurde bijvoorbeeld tijdens de AVVN-top in september 2014 waar de Minister van Buitenlandse Zaken een bijeenkomst over dit onderwerp voorzat in aanwezigheid van onder andere de Hoge Commissaris voor de Mensen- Tweede Kamer, vergaderjaar 2014–2015, 34 200 V, nr. 1 13 Beleidsverslag rechten Zeid, Secretary of State Kerry en de Argentijnse Minister van Buitenlandse Zaken. Vanuit het Mensenrechtenfonds zijn diverse projecten gesteund in onder andere Pakistan en Zuid-Afrika.",Everyday Racism & Modern Racial Inequality,1.0
5-buitenlandse-zaken.pdf,55,In dat kader organiseerde Nederland in samenwerking met de NGO Justitia et Pax (inmiddels Justice and Peace) de internationale conferentie Speak Truth to Power in Den Haag. Uit deze conferentie is een aantal beleidsaan- bevelingen gekomen dat is gedeeld in de Raadswerkgroep Mensen- rechten van de U. De uropese Dienst voor xtern Optreden (DO) heeft de aanbevelingen gebruikt bij het opstellen van de guidance note bij de U-richtsnoeren voor U-missies en ambassades bij het ondersteunen van mensenrechtenverdedigers. De Mensenrechtentulp is in 2014 uitgereikt aan Mideast Youth.,Everyday Racism & Modern Racial Inequality,1.0
5-buitenlandse-zaken.pdf,56,"Deze organisatie bouwt online platforms om een stem te geven aan mensen die zich inzetten voor de mensenrechten. De platforms creëren een omgeving waar door (jonge) mensen kan worden gesproken over onderwerpen die taboe zijn in delen van het Midden-Oosten, zoals gelijke rechten voor LHBT, gelijke rechten voor religieuze en etnische minderheden zoals Baha’i en Koerden en de bescherming van arbeidsmigranten die onder moeilijke omstandigheden leven in grote delen van het Midden-Oosten. De websites zijn toegankelijk en interactief, zodat de boodschap breed wordt uitgedragen. Op het gebied van de vrijheid van godsdienst en levensovertuiging heeft Nederland verschillende projecten opgezet in 2014. Zo heeft Nederland voor de tweede keer de South Caucasus Regional Conference on reedom of Religion and Belief in Tbilisi georganiseerd.",Everyday Racism & Modern Racial Inequality,1.0
5-buitenlandse-zaken.pdf,57,"De conferentie bood een podium voor overleg tussen verschillende belangengroepen (orthodoxe/ nationale kerken, minderheden, NGO’s en overheid) uit Georgië, Armenië en Azerbeidzjan. Ook in het kader van de pilot godsdienstvrijheid zijn verschillende activiteiten ontplooid. Zo is onder andere in Nigeria een vervolgtraining gegeven voor journalisten en woordvoerders van de overheid en veiligheidsdiensten over verantwoordelijke journalistiek in Tweede Kamer, vergaderjaar 2014–2015, 34 200 V, nr. 1 14 Beleidsverslag het kader van etnisch en religieus conflict.","Remembrance, Heritage & Education",1.0
5-buitenlandse-zaken.pdf,59,"Nederland is initiatiefnemer van de reedom Online Coalitie (OC). In 2014 traden ook Japan en Moldavië toe. Verder ontplooide Nederland als voorzitter van de OC werkgroep «An Internet ree and Secure» activi- teiten die zich richten op het vergroten van civil society participatie in het wereldwijde cybersecurity debat, mede met het oog op de Global Conference on Cyber Space (GCCS) in Den Haag in april 2015 en de jaarlijkse reedom Online conferentie in Ulaanbatar in mei 2015. Nederland ontwikkelde het concept Diplohack waarbij beleidsmakers en techneuten op een creatieve en interactieve manier samenwerken om tot innovatieve oplossingen te komen van actuele vraagstukken.","Remembrance, Heritage & Education",1.0
5-buitenlandse-zaken.pdf,64,"Om kritiek uit een aantal Afrikaanse landen te adresseren, organiseerde Nederland (in samenwerking met het Internati- onaal Strafhof en Noorwegen) twee seminars in Afrika over samen- werking met het Internationaal Strafhof. Ook werd een bezoekerspro- gramma georganiseerd voor ranstalige Afrikaanse journalisten en bloggers. Het Libanontribunaal is in 2014 gestart met de eerste rechtszaak. De VN-tribunalen en het Special Court Sierra Leone zijn in goed overleg met Nederland overgegaan in Restmechanismes, waarvoor zetelverdragen zijn uitgewerkt. Ter bevordering van de internationale rechtsorde, en dan met name de capaciteit van landen om op nationaal niveau aan opsporing en vervolging te doen voor genocide, misdrijven tegen de menselijkheid en oorlogsmisdrijven, heeft Nederland zich samen met Argentinië, België en Slovenië ook in 2014 ingespannen voor een multilateraal verdrag betreffende Rechtshulp en Uitlevering bij Internationale Misdaden (MVRUIM).","Remembrance, Heritage & Education",1.0
10-defensie.pdf,37,"Niet-beleidsartikelen Dit betreft een toelichting op de artikelen «Algemeen», «Centraal apparaat», «Geheime uitgaven» en «Nominaal en onvoorzien». Bedrijfsvoeringparagraaf De bedrijfsvoeringparagraaf bestaat uit vier onderdelen: rechtmatigheid, de totstandkoming van beleidsinformatie, financieel en materieelbeheer en overige aspecten van de bedrijfsvoering. De bedrijfsvoeringparagraaf heeft betrekking op alle defensieonderdelen, inclusief de agentschappen. Daarnaast zijn de toezeggingen aan de Algemene Rekenkamer in deze paragraaf opgenomen.",Everyday Racism & Modern Racial Inequality,1.0
10-defensie.pdf,39,"Als bijlagen zijn opgenomen een overzicht met toezichtrelaties en ZBO’s en RWT’s (bijlage 1), een overzicht van externe inhuur (bijlage 2), een overzicht met afgerond evaluatie- en overig onderzoek (bijlage 3), een Tweede Kamer, vergaderjaar 2014–2015, 34 200 X, nr. 1 7 Leeswijzer overzicht van integriteitsmeldingen (bijlage 4), een bijlage milieu (bijlage 5), de rapportage burgerbrieven (bijlage 6), de rapportage over de voortgang van de maatregelen beleidsbrief 2011 en de nota In het belang van Nederland (bijlage 7), de rapportage over inzetbaarheidsdoelstel- lingen in 2014 (bijlage 8) en een lijst met afkortingen (bijlage 9). Groeiparagraaf – Op 20 april 2011 is de Tweede Kamer akkoord gegaan met een aanpassing van de presentatie van de Rijksbegroting onder de naam «Verantwoord Begroten» (Kamerstuk 31 865, nr. 26). De nieuwe presentatie geeft meer inzicht in de financiële informatie, de rol en verantwoordelijkheid van de Minister en laat een duidelijke splitsing tussen apparaat en programma zien.",Everyday Racism & Modern Racial Inequality,1.0
10-defensie.pdf,43,"– Vanaf de begroting voor 2014 zijn de operationele toelagen, conform de rijksbrede definities, gepresenteerd als apparaatsuitgaven. Dit betreft de volgende wijzigingen: • Bij de operationele commando’s zijn uit de post «gereedstelling» de operationele toelages overgeheveld van het programma naar het apparaat; • Bij het Commando Zeestrijdkrachten is de post «inzet» die betrekking heeft op de Kustwacht in Nederland en het Caribisch gebied samengevoegd bij de post gereedstelling van het pro- gramma. – In het jaarverslag wordt informatie verstrekt over de mate waarin Defensie voldoet aan de inzetbaarheidsdoelstellingen en over de stand van zaken van de maatregelen als gevolg van de beleidsbrief 2011 en de nota",Everyday Racism & Modern Racial Inequality,1.0
10-defensie.pdf,45,"Leeswijzer groting, worden Rijksbreed de betalingen aan de baten- lastenagentschappen zichtbaar gemaakt in de uitgavenbegroting, onder de noemer «waarvan bijdragen aan SSO’s» (Shared Service Organisations). – Beleidsartikelen: • In beleidsartikel 1 Inzet wordt de inzet van de krijgsmacht verant- woord. Dit betreft de bijdragen van Defensie aan crisisbeheersings- operaties, contributies aan common funded Navo- en U-operaties, inzet voor nationale en koninkrijkstaken en overige inzet. Het artikel bevat ook een overzicht van de structurele inzet die in andere beleidsartikelen is verantwoord, bijvoorbeeld door de Koninklijke Marechaussee, de xplosieven Opruimingsdienst Defensie en de Kustwachten.",Dehumanization & Scientific Racism,1.0
10-defensie.pdf,59,"De Van Ghentkazerne in Rotterdam blijft behouden op grond van de uitkomsten van de business case waarin de gemeente Rotterdam en het Ministerie van Veiligheid en Justitie medegebruik gaan maken van de Van Ghentkazerne (Kamerstuk 33 763, nr. 37). • Bij de Koninklijke Marechaussee wordt de regionale indeling van capaciteiten vervangen door een benadering die berust op informatie- gestuurd optreden. In dit kader is in het najaar het Landelijk Tactisch Commando (LTC) van de Koninklijke Marechaussee opgericht. De militaire politietaken nemen minder af dan verwacht. De financiële taakstelling die hiermee samenhangt zal met doelmatigheidswinst van informatiegestuurd optreden worden bereikt.",Everyday Racism & Modern Racial Inequality,1.0
10-defensie.pdf,62,"In het Actieplan Werving en Behoud (Kamerstuk 33 763, nr. 29) en de Agenda voor de toekomst van het personeelsbeleid bij Defensie (Kamerstuk 33 750 X, nr. 45) is de Kamer geïnformeerd over het plan van aanpak om tot een goede personele vulling te komen. Voor de verbetering van de instroom van personeel is geïnvesteerd in de lastig te werven categorieën Tweede Kamer, vergaderjaar 2014–2015, 34 200 X, nr. 1 11 Beleidsprioriteiten zoals vliegers, officieren techniek, luchtvaart- en elektrotechnici en verkeers- en gevechtsleiders. Manschappen en onderofficieren werden in 2014 bij voorkeur geworven vanuit de ROC-opleidingen Veiligheid en Vakmanschap. Het vertrouwen van het personeel in de organisatie begint weer toe te nemen en ook de werving van nieuw personeel trekt aan.",Everyday Racism & Modern Racial Inequality,1.0
10-defensie.pdf,63,"In 2014 bedroeg de instroom van militair en burgerpersoneel respectievelijk 86 procent en 73 procent van de planning. Voor burgerpersoneel is dit een positiever beeld dan voorgaande jaren. Bij de defensieopleidingen is de certificering van de initiële opleidingen vrijwel voltooid. nkele honderden militairen hebben hierdoor hun MBO-diploma behaald. Met de inwerkingtreding van het Veteranenbesluit is op de tiende Veteranendag, 28 juni 2014, een belangrijk wetgevingstraject voltooid.",Everyday Racism & Modern Racial Inequality,1.0
10-defensie.pdf,70,"Begin oktober 2014 is het -16 detachement volledig ontplooid. Vanaf 7 oktober 2014 zijn er dagelijks meerdere missies gevlogen. De voorbereiding voor de Nederlandse bijdrage aan de trainingsmissie is in 2014 begonnen. Over de voortgang van de Nederlandse bijdrage aan de strijd tegen ISIS is de Kamer op 19 december 2014 en 5 februari 2015 geïnformeerd (Kamerstuk 27 925, nr. en Kamerstuk 27 925, nr. 528). Navo",Everyday Racism & Modern Racial Inequality,1.0
10-defensie.pdf,79,"De bijdrage bestaat uit de All Source Intelligence usion Unit (ASIU) met een Intelligence, Surveillance and Reconnaissance (ISR)-eenheid, het helikopterdetachement (Chinook en Apache) en speciale eenheden. In totaal zijn ongeveer 450 Nederlandse militairen werkzaam in MINUSMA, aangevuld met nationale eenheden die vooral betrokken zijn bij de opbouw van het Nederlandse kamp in Gao. Nederland levert ook een bijdrage aan de civiele component van MINUSMA met maximaal twintig marechaussees, tien politiefunctionarissen en enkele functionarissen van de Ministeries van Buitenlandse Zaken en van Veiligheid en Justitie. Patriots Turkije ind 2013 werd de plaatsing van twee Nederlandse Patriot-systemen in Turkije met twaalf maanden verlengd tot eind januari 2015 (Kamerstuk 32 623, nr. 117).",Dehumanization & Scientific Racism,1.0
10-defensie.pdf,81,"De Nederlandse bijdrage bestond onder meer uit twee infanteriecompagnieën met CV-90’s en Bushmasters, twee Chinook- transporthelikopters, een Role 1 medische faciliteit en een chirurgisch team. NATO Response orce In 2014 heeft Nederland wederom eenheden gereed gesteld voor de snelle reactiemacht van de Navo, de NATO Response orce (NR). Nederland leverde een amfibisch transportschip als varend commando- platform en acht -16’s aan de Immediate Response orce (IR), de initiële reactiemacht van de NR. Hiervan zijn, in samenspraak met de Navo, vier -16’s teruggetrokken en ingezet voor Baltic Air Policing. Daarnaast werd vanaf maart en vanaf augustus twee keer voor een periode van drie tot vier maanden een mijnenjager beschikbaar gesteld aan de IR. Ook leverde Nederland de eerste helft van 2014 een fregat voor een Navo-oefening in de Baltische regio.",Everyday Racism & Modern Racial Inequality,1.0
17-buitenlandse-handel.pdf,24,"Leeswijzer Inleiding In deze leeswijzer wordt de indeling van het jaarverslag voor Buitenlandse Handel en Ontwikkelingssamenwerking toegelicht, waarbij een beperkt aantal afwijkingen van de Rijksbegrotingsvoorschriften wordt beschreven. De begroting van Buitenlandse Zaken is in februari 2013 met een incidentele Suppletoire Begroting gesplitst in een departementale begrotingsstaat voor Buitenlandse Zaken (V) en een begrotingsstaat voor Buitenlandse Handel en Ontwikkelingssamenwerking (XVII). Met ingang van het begrotingsjaar 2014 is sprake van separate begrotingswetten voor beide hoofdstukken. Dit is het eerste jaarverslag voor Buitenlandse Handel en Ontwikkelingssa- menwerking conform de nieuwe programmabegroting.",Dehumanization & Scientific Racism,1.0
17-buitenlandse-handel.pdf,27,"Daarnaast is een tabel opgenomen met daarin de realisatie van de beleidsdoorlichtingen en een overzicht van risicoregelingen. Vervolgens is artikelsgewijs op hoofdlijnen gerapporteerd over de resultaten van 2014, waarbij ingegaan wordt op de algemene doelstelling, de rol en verantwoordelijkheid en de beleidsconclusies. In de beleidscon- clusies is per artikel aangegeven welke beleidswijzigingen hebben plaatsgevonden in de uitvoering van het beleid en welke beleidswijzi- gingen hebben plaatsgevonden als gevolg van het in 2014 afgerond evaluatieonderzoek waarbij met name wordt ingegaan op de beleidsdoor- lichtingen. Kwantitatieve en kwalitatieve indicatoren zijn – daar waar zinvol en haalbaar – naast en in de teksten bij de beleidsartikelen opgenomen om de voortgang op de doelstellingen van het beleidsprogramma te laten zien. Tweede Kamer, vergaderjaar",Everyday Racism & Modern Racial Inequality,1.0
17-buitenlandse-handel.pdf,30,"Bij de verplichtingen en ontvangsten is een afwijking groter dan 10% op artikelniveau toegelicht. Verschillen van politiek relevante mutaties, onder meer op de speerpunten van het BH&OS-beleid (water, voedselzekerheid, SRGR en vrouwen- rechten, en veiligheid en rechtsorde), kunnen ook worden toegelicht wanneer zij niet aan het kwantitatieve criterium voldoen. Om de leesbaarheid te waarborgen worden alleen de financiële instru- menten die meer dan 3 procent van het artikelonderdeel uitmaken opgenomen in de financiële tabel. Dat betekent dat er in sommige gevallen geen uitputtende opsomming is van de financiële instrumenten per artikelonderdeel. Conform de toezegging van de Minister voor Buitenlandse Handel en Ontwikkelingssamenwerking, gedaan tijdens het wetgevingsoverleg over het jaarverslag en de Slotwet 2012 d.d. 26 juni 2013, worden opmerkelijke verschillen tussen bedragen die begroot zijn (zoals gemeld in de HGIS nota 2014, bijlage 5A) en de realisaties in het kader van de Meerjarige Strategische Plannen in partnerlanden toegelicht.",Reparations & Justice,1.0
17-buitenlandse-handel.pdf,34,"Groeiparagraaf Op 20 april 2011 is de aanpassing van de presentatie van de Rijksbe- groting onder de naam Verantwoord Begroten in de Tweede Kamer behandeld. De nieuwe presentatie geeft meer inzicht in de financiële informatie, de rol en verantwoordelijkheid van de Minister en laat een duidelijke splitsing tussen apparaat en programma zien. In het voorlig- gende jaarverslag zijn alle begrotingsartikelen ingevuld volgens de nieuwe voorschriften. HGIS jaarverslag",Everyday Racism & Modern Racial Inequality,1.0
17-buitenlandse-handel.pdf,41,"Groei moet duurzaam en inclusief zijn, in Nederland en in de rest van de wereld. Daar speelt Nederland met de combinatie van Buitenlandse Handel en Ontwikkelings- samenwerking (BH&OS) in één portefeuille op in. Het belang van inclusiviteit vertaalde zich onder meer in speciale aandacht voor de armste landen en kwetsbare groepen, vooral door stevig in te zetten op gelijke rechten en kansen voor vrouwen. en belangrijk moment in 2014 was het van start gaan van het Dutch Good Growth und (DGG) op 1 juli. Dit revolverende fonds verkleint de risico’s voor investeringen van het bedrijfsleven in lage- en middeninko- menslanden en vormt zo een stimulans voor werkgelegenheid, productie- capaciteit en kennisoverdracht.",Everyday Racism & Modern Racial Inequality,1.0
17-buitenlandse-handel.pdf,44,"Uiteraard blijft de bilaterale relatie een breed spectrum van onderwerpen beslaan, ook wanneer sprake is van een handelsrelatie. en goed voorbeeld is de inzet van Nederland om de arbeidsomstandigheden in de textielsector in Bangladesh te verbeteren: daar komen hulp en handel immers samen. en jaar na de instorting van Rana Plaza is belangrijke voortgang gemaakt in het doordringen van de lokale overheid en de betrokken bedrijven van hun wederzijdse belang bij een goede, transparante manier van werken. Ketenverduurzaming, zoals van de textielsector in Bangladesh, de steenkoolketen in Colombia of de projecten waar het Initiatief Duurzame Handel (IDH) vorderingen mee maakt zijn essentiële stappen op weg naar duurzame en inclusieve groei waar handel en investeringen een positieve rol in spelen.",Everyday Racism & Modern Racial Inequality,1.0
17-buitenlandse-handel.pdf,46,"De inspanningen om antimisbruikbepalingen op te nemen in de bilaterale belastingverdragen met 23 ontwikkelingslanden, zijn voortgezet. Tevens is technische assistentie aan belastingdiensten in ontwikkelingslanden geïntensiveerd. Op handelspolitiek terrein heeft de WTO in 2014 een doorbraak behaald op het gebied van handelsfacilitatie. Dit geeft een belangrijke impuls aan de toegang tot de wereldhandel voor lage- en middeninkomenslanden. Ook het afsluiten van de conomische Partnerschapsakkoorden is in 2014 in een nieuwe fase gekomen.",Colonial Exploitation & Economic Inequality,1.0
17-buitenlandse-handel.pdf,48,"Dat betekent onder meer het verstrekken van directe hulp, maar ook het aangrijpen van verschillende oorzaken van armoede. De inzet op de speerpunten water, voedselzekerheid, veiligheid en rechtsorde, en seksuele en reproductieve gezondheid en rechten (SRGR) heeft tot goede resultaten geleid. Door de Nederlandse inzet is de toegang tot water en sanitatie verbeterd en is een bijdrage geleverd aan verhoogde waterproductiviteit in de landbouw, verbeterde stroomgebied- beheer en veilige delta’s. r is samen met de private sector gewerkt aan verbetering van landbouw en voedselproductie in de minst ontwikkelde landen. Tegelijkertijd zijn initiatieven ontplooid die de positie en organi- satie van kleinschalige boeren, met name vrouwen, versterken en de strijd tegen ondervoeding adresseren.",Colonial Exploitation & Economic Inequality,1.0
17-buitenlandse-handel.pdf,51,"De extra middelen werden ingezet voor noodhulp aan Syrië, Zuid-Sudan, de Centraal Afrikaanse Republiek, Irak en de bestrijding van ebola. Het nieuwe marineschip Karel Doorman werd ingezet bij de bestrijding van ebola. Ter bestrijding van chronische crises in de Hoorn van Afrika en Grote Meren werden partnerschappen aangegaan met NGO’s. Vrouwenrechten en gendergelijkheid zijn prioritaire thema’s en verdienden een betere inbedding in het ministerie. Om die reden werd de Taskforce Vrouwenrechten en Gendergelijkheid opgericht.",Everyday Racism & Modern Racial Inequality,1.0
17-buitenlandse-handel.pdf,66,en «groene goederen akkoord» kan een stimulans voor groene groei vormen. De Nederlandse inzet op versterking van het internationaal handels- systeem ging gepaard met aandacht voor internationaal verantwoord ondernemen. In 2014 kwam de Sector Risico Analyse gereed van de maatschappelijke risico’s in de productieketens van Nederlandse economische sectoren. De SRA werd geïnitieerd naar aanleiding van de Rana Plaza ramp in Bangladesh. Met alle relevante sectoren en maatschappelijke organisaties zijn gesprekken gevoerd over de stappen die nu nodig zijn om tot een MVO-convenant te komen.,Colonial Exploitation & Economic Inequality,1.0
7-binnenlandse-zaken-en-koninkrijksrelaties.pdf,33,"– het toewerken naar een informatievoorziening met weinig administra- tieve lasten; – het uitwerken van een visie op het gebruik van persoonsgegevens in relatie tot privacy van burgers; – het bieden van ondersteuning aan gemeenten op het gebied van bedrijfsvoering; – het faciliteren van regionale afspraken over samenwerking en risicoverevening; – het informeren van gemeenten, onder andere via de organisatie van congressen.",Everyday Racism & Modern Racial Inequality,1.0
7-binnenlandse-zaken-en-koninkrijksrelaties.pdf,34,"De Transitiecommissie Sociaal Domein (TSD), die in 2014 is opgericht, volgt ontwikkelingen in het sociaal domein en maakt onzekerheden en kansen bespreekbaar. De TSD rapporteert aan de regietafel waar de desbetreffende bewindspersonen, de Vereninging Nederlandse Gemeenten (VNG) en een aantal gemeenten onder voorzitterschap van de Minister van Binnenlandse Zaken en Koninkrijksrelaties samen de voortgang bespreken. Samenwerkingsverbanden Alle gemeenten hebben zich aangesloten bij samenwerkingsverbanden voor de organisatie van de gedecentraliseerde taken in het sociaal domein. Het Ministerie van Binnenlandse Zaken en Koninkrijksrelaties heeft in 2014 op verschillende manieren gemeenten ondersteund bij de vorming van deze gemeentelijke samenwerkingsverbanden.",Everyday Racism & Modern Racial Inequality,1.0
7-binnenlandse-zaken-en-koninkrijksrelaties.pdf,39,"Samen met de Vereniging van Nederlandse Gemeenten (VNG) heeft het Ministerie van Binnenlandse Zaken en Koninkrijksrelaties het afgelopen jaar onder andere een zogenaamde Krachttoer verzorgd. In tientallen gemeenten zijn bestuurders, raadsleden, ambtenaren en initiatiefnemers met elkaar in contact gebracht om samen de doe-democratie nadere invulling te geven. Daarnaast zijn in ongeveer 150 gemeenten leerkringen georganiseerd. Tijdens deze leerkringen zijn ervaringen uitgewisseld en is besproken hoe beter aangesloten kan worden op initiatieven uit de samenleving. Tot slot is het Ministerie van Binnenlandse Zaken en Koninkrijksrelaties in 2014 partner geworden van het G1000-platform, dat tot doel heeft de komende twee jaar op zo veel mogelijk plaatsen in Nederland een G1000 burgerplatform te organiseren, kennis hierover te delen en dit experiment wetenschappelijk te onder- zoeken.",Everyday Racism & Modern Racial Inequality,1.0
7-binnenlandse-zaken-en-koninkrijksrelaties.pdf,44,"De Wet financiering politieke partijen (Wfpp) is op 1 mei 2013 in werking getreden. Vóór 1 juli 2014 hebben de politieke partijen voor het eerst overzichten van giften en schulden en een financieel verslag met bijbehorende controleverklaring over het kalenderjaar 2013 ingeleverd. De overzichten en de financiële verslagen zijn te vinden op www.rijksoverheid.nl/partijfinanciering, en worden binnenkort gepubli- ceerd in de Staatscourant. Verdieping van het constitutioneel bestel In 2014 is een verkennende notitie opgesteld over de inrichting en het functioneren van parlementaire tweekamerstelsels in andere landen.",Reparations & Justice,1.0
7-binnenlandse-zaken-en-koninkrijksrelaties.pdf,48,"200 VII, nr. 1 9 Kwaliteit van de overheid Verbeteren van de dienstverlening van de overheid en het verminderen van de regeldruk In het regeerakkoord is opgenomen dat de regeldruk per 2017 met € 2,5 mrd. wordt verlaagd (ten opzichte van 2012) voor bedrijven, professionals en burgers. Dit wil het kabinet bereiken door onnodige regels te schrappen, wettelijke verplichtingen te versoepelen en de dienstverlening te verbeteren.",Everyday Racism & Modern Racial Inequality,1.0
7-binnenlandse-zaken-en-koninkrijksrelaties.pdf,49,"Verminderen regeldruk burgers en professionals Met de Voorjaarsrapportage van juni 4 en de Najaarsrapportage Regeldruk van 5 december 2014 is de Tweede Kamer, in vervolg op de programma- brief «Goed Geregeld»5, over de voortgang van de kwantitatieve doelstelling bij vermindering van regeldruk geïnformeerd. Het afgelopen jaar is het deel voor burgers en professionals verder ingevuld tot ruim € 800 mln. Met het programma «beter en concreter» worden gemeenten rechtstreeks ondersteund bij het terugdringen van regeldruk door het verbeteren van dienstverlening en de kwaliteit van regels. Het aantal gemeenten met een digitale aanvraagmogelijkheid voor een parkeervergunning is in 2014 met ruim 30% toegenomen.",Everyday Racism & Modern Racial Inequality,1.0
7-binnenlandse-zaken-en-koninkrijksrelaties.pdf,56,Personen (GBA). Hiermee is ondermeer gestart met het registreren van niet-ingezetenen en is de bestuurlijke boete ingevoerd voor burgers bij overtreding van hun aangifteverplichtingen. De norm van 99% betrouw- baarheid van alle gegevens is in 2014 behaald. De Kamer is over de voortgang bij de verhoging van de kwaliteit van de gegevens in de BRP gerapporteerd7. Met de inwerkingtreding van de Wet BRP is tevens de modernisering van de GBA gewijzigd in de Operatie BRP.,Everyday Racism & Modern Racial Inequality,1.0
7-binnenlandse-zaken-en-koninkrijksrelaties.pdf,57,"De Operatie BRP realiseert een basisregistratie personen die 24 uur per dag, 7 dagen per week online beschikbaar is, met een hoge verwerkingscapaciteit, een directe verwerking van wijzigingen en met de mogelijkheden voor het leggen van verbanden tussen geregistreerde personen. Persoonsgegevens kunnen er snel en in grote aantallen uit worden opgevraagd op gebeurtenisniveau, zodat ze op het stelsel van basisregistraties aansluiten en direct beschikbaar zijn. De gemoderniseerde basisregistratie schept daarmee voorwaarden voor een doorbraak in e-dienstverlening bij uitvoeringsorga- nisaties en gemeenten en voor verdergaande ketensamenwerking. In april en september is over de voortgang van het programma gerapporteerd8. raudebestrijding",Everyday Racism & Modern Racial Inequality,1.0
7-binnenlandse-zaken-en-koninkrijksrelaties.pdf,59,"Daarnaast hebben de teams zich onder meer gericht op het tegengaan van compromittering van DigiD accounts, het opgeven van incorrecte adressen en het geven van gerichte voorlichting en hulpmiddelen aan gemeenten. In de herfst van 2014 is de KopieID app beschikbaar gekomen. Hiermee kunnen mensen op een veilige, snelle en gemakkelijke manier een kopie van hun identiteitsbewijs ter beschikking stellen aan derden. De app is inmiddels ongeveer 150.000 keer gedownload. Identiteitsfraude is in kaart gebracht als deel van de monitor «Identiteit in Cijfers», die in december 2014 voor de tweede keer is gepubliceerd9.",Everyday Racism & Modern Racial Inequality,1.0
7-binnenlandse-zaken-en-koninkrijksrelaties.pdf,65,Moderniseren van werkgeverschap publieke sector In 2014 zijn verdere inspanningen geleverd met betrekking tot de professionalisering en mobiliteit van mensen die werkzaam zijn in het openbaar bestuur. Dit is gebeurd in het kader van het programma Beter Werken in het Openbaar Bestuur. Zo zijn er gerichte professionaliserings- trajecten opgestart voor de decentralisering van taken naar de gemeenten. Verder is voortgang geboekt met de aansluiting van overheidsorganisaties op regionale werkgeversnetwerken.,Everyday Racism & Modern Racial Inequality,1.0
7-binnenlandse-zaken-en-koninkrijksrelaties.pdf,66,"Dit bevordert de mobiliteit van personeel tussen sectoren, maar ook daarbinnen. Ook bevorderen deze netwerken de begeleiding van medewerkers van werk naar werk. Naast West-Brabant zijn nu ook in de regio’s Rijnmond, de Metropoolregio Amsterdam, de regio Arnhem-Nijmegen en de regio Oost-Brabant dergelijke netwerken opgestart. Arbeidsgehandicapten In het sociaal akkoord is afgesproken dat de overheid 25.000 extra banen zal openstellen voor tot de doelgroep behorende arbeidsbeperkten.",Colonial Exploitation & Economic Inequality,1.0
7-binnenlandse-zaken-en-koninkrijksrelaties.pdf,67,"In december 2014 heeft het Uitvoeringsinstituut Werknemersverzekeringen (UWV) een nulmeting uitgevoerd in opdracht van de Minister van Sociale Zaken en Werkgelegenheid. Hieruit bleek dat 17,4% van de totale doelgroep arbeidsbeperkten werkt (of is gedetacheerd) bij de overheid of in het onderwijs. Binnen de overheidsectoren lopen diverse initiatieven om extra banen voor arbeidsbeperkten te realiseren. en eerste tussen- stand van het aantal extra gerealiseerde banen bij de overheid is begin 2016 bekend. Normaliseren van de rechtspositie van ambtenaren.",Everyday Racism & Modern Racial Inequality,1.0
12-infrastructuur-en-milieu.pdf,44,"Norm bij te verklaren verschillen Begrotingsbedrag Verschil < € 4,5 miljoen > 50% € 4,5 – 22,5 miljoen > 2,5 miljoen € 22,5 – 50 miljoen > 10% > € 50 miljoen > € 5 miljoen Dit houdt in dat die hoofdproducten, waarbij het verschil tussen het begrotingsbedrag en de realisatie kleiner is dan de aangegeven norm niet worden toegelicht. en uitzondering hierop wordt gemaakt voor beleids- matige relevante mutaties. Deze worden ongeacht bovenstaande normering wel toegelicht. Verder worden in afwijking van bovenvermelde norm die artikelen, waarop in de begroting 2014 geen of zeer geringe ontvangsten, uitgaven of verplichtingen zijn geraamd maar waar in 2013 wel relatief kleine bedragen op zijn gerealiseerd, niet apart toegelicht.",Everyday Racism & Modern Racial Inequality,1.0
12-infrastructuur-en-milieu.pdf,47,De benaming van de artikelonderdelen van artikel 21 Duurzaamheid is gewijzigd teneinde het artikel te doen aansluiten op ontwikkelingen in het werkveld. Afronding conversie Als gevolg van de vorming van het Ministerie van Infrastructuur en Milieu is de structuur van de begroting 2013 ingrijpend veranderd. In deze begroting zijn in het verlengde hiervan de artikelen 1 tot en met 10 verwijderd.,Reparations & Justice,1.0
12-infrastructuur-en-milieu.pdf,60,de (beleids) op- gaven voor de ondergrond in beeld gebracht. Dit heeft in juni 2014 geresulteerd in het document «Probleemstelling STRONG – opgaven voor de ondergrond». De hierin beschreven opgaven vormen het vertrekpunt voor verdere uitwerkingen door Rijk en decentrale overheden. Het opstellen van de Notitie Reikwijdte en Detailniveau voor de uit te voeren planMR via een uropese aanbesteding en het meer ruimte geven voor publieke participatie middels een formele zienswijze procedure betekenen dat de ontwerp Structuurvisie Ondergrond naar verwachting najaar 2015 naar de Tweede Kamer kan worden gezonden.,Everyday Racism & Modern Racial Inequality,1.0
12-infrastructuur-en-milieu.pdf,82,"200 XII, nr. 1 14 29 januari 2015 aan de Tweede Kamer gezonden11. In 2015 zal het kabinet een reactie op dit advies formuleren, waarbij ook zal worden ingegaan op de gevolgen die dit advies heeft voor het traject en de precieze invulling van het reeds bij de Tweede Kamer ingediende wetsvoorstel inzake het nieuwe normen- en handhavingstelsel, het onderliggende Luchthavenver- keerbesluit Schiphol (LVB) en de m.e.r.-procedure. Internationaal zet Nederland in op mondiale maatregelen om de uitstoot van CO2 terug te dringen en om het level playing field voor de luchtvaart te borgen. In U-verband heeft in 2014 aanpassing van het TS voor de luchtvaart plaatsgevonden.",Dehumanization & Scientific Racism,1.0
12-infrastructuur-en-milieu.pdf,84,Dit werkprogramma is sindsdien in uitvoering. In het kader van het Project Mainportontwikkeling Rotterdam zijn de eerste terminals op de Tweede Maasvlakte in 2014 getest. De binnenvaart is goed aangesloten op het Beter Benutten proces. Met diverse partijen uit de sector is in 2014 gewerkt aan de voorbereiding van plannen voor het benutten van de binnenvaart aan het verminderen van de meest vertraagde ritten op de weg. Voor de zomer van 2015 wordt besluitvorming over deze plannen verwacht.,Everyday Racism & Modern Racial Inequality,1.0
12-infrastructuur-en-milieu.pdf,86,"In 2014 is de U-richtlijn «Clean power for transport» aangenomen, die de lidstaten verplicht een netwerk van LNG-bunkerstations in havens te realiseren. In de IMO (International Maritime Organization) is een principe-overeenkomst bereikt over de zogenoemde IG Code, die uniforme veiligheidseisen stelt voor LNG als brandstof voor zeeschepen. Deze regels zullen op termijn dienen als uitgangspunt voor regulering van het gebruik van LNG in de binnenvaart. Topsector Logistiek",Everyday Racism & Modern Racial Inequality,1.0
0-2-internetbijlagen-bij-het-fjr-2014.pdf,154,"= (investeringsbedrag -/- correctiepercentage) * aftrekpercentage faciliteit * gemiddeld belastingtarief. De waarschijnlijke oorzaak voor de forse overschrijding van de IA in 2014 is het aantrekken van de investeringen in energiezuinige en milieuvriende- lijke technieken. Specificaties daaromtrent worden gepubliceerd in het jaarverslag IA 2014. Deze overschrijding dient gedekt te worden uit vroegere onderuitputtingen, zodanig dat er meerjarig gemiddeld op budget wordt uitgekomen.",Everyday Racism & Modern Racial Inequality,1.0
0-2-internetbijlagen-bij-het-fjr-2014.pdf,156,"De laatste categorie omvat alle overboekingen, desalderingen, statistische correcties en mutaties die niet onder een ijklijn vallen. Mutaties worden toegelicht indien ze een bepaalde ondergrens overschrijden. De onder- grens is afhankelijk van de omvang van de begroting en verschilt voor de verschillende categorieën mutaties. De post diversen bevat de mutaties die onder de ondergrens vallen en wordt in principe alleen toegelicht indien zich bijzonderheden voordoen. De totalen per begroting worden in eerste instantie gepresenteerd exclusief de bedragen die onder de Homogene Groep Internationale Samenwerking (HGIS) vallen.",Reparations & Justice,1.0
15-sociale-zaken-en-werkgelegenheid.pdf,45,"2.2 Specifieke aandachtspunten Begrotingsgefinancierde en premiegefinancierde regelingen In de begrotingen en de jaarverslagen van het Ministerie van SZW wordt gerapporteerd over zowel begrotingsgefinancierde als premiegefinan- cierde regelingen. In de beleidsartikelen waar premiegefinancierde uitgaven en ontvangsten voorkomen zijn deze opgenomen in een afzonderlijke budgettaire tabel. In de paragraaf beleidsprioriteiten en in de bijlage over het SZA-kader wordt ingegaan op de ontwikkeling van het totaal van deze uitgaven. De begrotingsgefinancierde uitgaven en ontvangsten komen één op één voort uit de administratie van SZW, de premiegefinancierde uitgaven en ontvangsten zijn afgeleid van de jaarverslagen van de ZBO’s.","Remembrance, Heritage & Education",1.0
15-sociale-zaken-en-werkgelegenheid.pdf,48,"De verhouding tussen Minister en Staatssecretaris is in de grondwet (artikel 46) geregeld. De Staatssecretaris wordt belast met een deel van de taken van de Minister. Minister en Staatssecretaris verdelen de taken onderling op aanwijzing van de Minister. Voor SZW betekent dit dat de Staatssecre- taris verantwoordelijk is voor een groot aantal beleidsinstrumenten die in het jaarverslag zijn opgenomen, zoals in de beleidsartikelen 2 (o.a. BUIG, Participatiewet, Wsw), 4 (Wajong), 8 (AOW, pensioenbeleid), 9 (Anw) en 11 (uitvoeringskosten SVB). Dit ondanks dat de verantwoordelijkheid van de Staatssecretaris in de beleidsartikelen niet expliciet bij «Rol en verantwoordelijkheid» wordt vermeld.",Everyday Racism & Modern Racial Inequality,1.0
15-sociale-zaken-en-werkgelegenheid.pdf,52,"In eerdere jaarverslagen was deze tabel opgenomen in het toenmalige beleidsartikel 41 «Inkomensbeleid». Handhaving Met ingang van de begroting 2013 is op het terrein van de handhaving gekozen voor een thematische verantwoording. r worden kerncijfers vastgesteld voor preventie, opsporing en (vanaf begroting 2015) terugvor- dering.",Everyday Racism & Modern Racial Inequality,1.0
15-sociale-zaken-en-werkgelegenheid.pdf,62,De noodzakelijke bijstellingen in de overheidsuitgaven zijn overigens gehandhaafd door een alternatieve invulling. In paragraaf 3.2 wordt eerst ingegaan op de belangrijkste wetstrajecten in de sociale zekerheid en arbeidsmarkt voortkomend uit het regeerakkoord van het kabinet Rutte/Asscher en het begrotingsakkoord 2014. Ook wordt ingegaan op het beleid voor de arbeidsmarkt en de pensioenen en de wijze waarop in Nederland de aanbevelingen van de uropese Commissie zijn opgevolgd. Vervolgens wordt in paragraaf 3.3 de economische ontwikkeling aan de hand van enkele kerncijfers aangegeven. Hierbij wordt een vergelijking gemaakt tussen de raming bij de opstelling van de begroting en de realisaties.,Everyday Racism & Modern Racial Inequality,1.0
15-sociale-zaken-en-werkgelegenheid.pdf,66,"Daarvoor hebben gemeenten de beschikking gekregen over een nieuw instrument, de loonkostensubsidie. Daarnaast heeft het kabinet afspraken gemaakt met de sociale partners. De komende jaren komen er voor deze doelgroep bij bedrijven 100.000 extra banen bij en 25.000 bij de overheid. Deze banen zijn bestemd voor mensen in de Participatiewet die vanwege een beperking niet in staat zijn het wettelijk minimumloon te verdienen, mensen in de Wajong waarvan vastgesteld is dat zij arbeidsvermogen hebben en mensen met een Wsw-indicatie. Gemeenten krijgen een belangrijke rol bij de uitvoering van deze wet.",Everyday Racism & Modern Racial Inequality,1.0
15-sociale-zaken-en-werkgelegenheid.pdf,67,"Hiermee wordt beoogd dat meer maatwerk kan worden geleverd. Dit sluit aan bij de decentralisaties, waarmee de dienstverlening van het gebun- delde participatiebudget alsmede de middelen voor de Jeugdwet en WMO dichter bij de burger zijn gebracht. De afspraken uit het sociaal akkoord zijn niet vrijblijvend. Als de afgesproken extra banen er niet komen, kan na overleg met de sociale partners en het parlement de in de Wet banenafspraak en quotum arbeidsbeperkten vastgelegde quotumplicht in werking treden. In 2014 is de Wet maatregelen wet werk en bijstand (WWB) door het parlement aangenomen.",Everyday Racism & Modern Racial Inequality,1.0
15-sociale-zaken-en-werkgelegenheid.pdf,69,De tussentijd wordt benut voor een onderzoek naar het effect van de kostendelersnorm in de AOW op de mantelzorg. en andere belangrijke hervorming op de arbeidsmarkt betreft de invoering van de Wet werk en zekerheid. In deze wet is opgenomen dat het ontslagrecht eerlijker en eenvoudiger wordt. Alle werknemers krijgen na een dienstverband van minimaal twee jaar recht op een transitiever- goeding die bijvoorbeeld kan worden gebruikt voor omscholing naar ander werk. De positie van werknemers met tijdelijke contracten wordt verbeterd.,Everyday Racism & Modern Racial Inequality,1.0
15-sociale-zaken-en-werkgelegenheid.pdf,71,"In cao’s kunnen werkgevers en werknemers afspraken maken over aanvullingen. Nog een belangrijke hervorming uit het regeerakkoord is de vereenvou- diging van de kindregelingen. Per 2015 is het aantal kindregelingen teruggebracht van 10 naar 4, namelijk de kinderbijslag, het kindgebonden budget, de combinatiekorting en de kinderopvangtoeslag. Met het consolideren van deze kindregelingen wordt structureel circa € 0,5 miljard bespaard. Door deze nieuwe wet gaan alleenstaande ouders die tegen het minimumloon (gaan) werken er in inkomen op vooruit.",Everyday Racism & Modern Racial Inequality,1.0
15-sociale-zaken-en-werkgelegenheid.pdf,73,"In 2014 is deze regeling aangepast zodanig dat werkgevers meer gebruik kunnen gaan maken van deze regeling. Het is vanaf 1 juli 2015 toegestaan deze korting toe te passen op dienstverbanden van 24 uur per week in plaats van 32 uur of meer. Met het «Actieplan 55+ werkt» is al € 67 miljoen beschikbaar gesteld voor oudere werkzoekenden met een WW-uitkering. Zij kunnen een scholings- bijdrage ontvangen, deelnemen aan sollicitatietrainingen of inspiratie- dagen bijwonen waar werkgevers en werkzoekenden elkaar ontmoeten. Ook krijgen uitzendbureaus een bonus als ze 55-plussers succesvol bemiddelen.",Everyday Racism & Modern Racial Inequality,1.0
15-sociale-zaken-en-werkgelegenheid.pdf,80,"Het meer preventieve deel van deze aanpak wordt geïnitieerd vanuit SZW. Zo zullen onder meer gezinnen waar radicalisering dreigt ondersteuning kunnen krijgen van het adviespunt voor familieondersteuning. De verspreiding op de sociale media van radicaliserende, haatzaaiende, gewelddadige jihadistische content wordt bestreden en er wordt geïnvesteerd in meer samenwerking met betrokken organisaties, zodat deze organisaties effectiever kunnen optreden in de aanpak van jihadisme. Het wetsvoorstel aanpak schijnconstructies is op 3 maart 2015 aanvaard in de Tweede Kamer en betreft verschillende maatregelen om onderbetaling aan te pakken. en onderdeel van de wet is een ketenaansprakelijkheid waarbij naast de werkgever ook de opdrachtgever aansprakelijk gesteld kan worden wanneer het loon niet conform de collectieve arbeidsvoor- waarden wordt uitbetaald.",Everyday Racism & Modern Racial Inequality,1.0
15-sociale-zaken-en-werkgelegenheid.pdf,86,"Dit vormt met het op 4 maart 2015 door de SR uitgebrachte advies de basis voor een hoofdlijnennotitie, die het kabinet in mei 2015 uit wil brengen. Hierin zullen varianten worden geschetst voor een mogelijke andere inrichting van het pensioenstelsel die meer aansluiten bij de veranderde eisen en wensen. De relatie tussen SZW en de ZBO’s heeft onverminderd in het teken gestaan van de implementatie van de hervormingen in de sociale zekerheid en het realiseren van de taakstelling op de apparaatsuitgaven. De implementatietrajecten zijn volgens planning verlopen, met uitzon- dering van de digitalisering van de ontslagprocedure bij het UWV. De reguliere uitvoering is grotendeels volgens verwachting verlopen, nagenoeg alle in de jaarplannen 2014 afgesproken doelen zijn behaald.",Everyday Racism & Modern Racial Inequality,1.0
6-veiligheid-en-justitie.pdf,23,"Het besluit tot dechargeverlening kan niet worden genomen, voordat de betrokken Slotwet is aangenomen en voordat de verklaring van goedkeuring van de Algemene Rekenkamer is ontvangen. De Minister van Veiligheid en Justitie, G.A. van der Steur Tweede Kamer, vergaderjaar 2014–2015, 34 200 VI, nr. 1 5 Dechargeverlening door de Tweede Kamer Onder verwijzing naar artikel 64 van de Comptabiliteitswet 2001 verklaart de voorzitter van de Tweede Kamer der Staten-Generaal dat de Tweede Kamer aan het hiervoor gedane verzoek tot dechargever- lening tegemoet is gekomen door een daartoe strekkend besluit, genomen in de vergadering van De Voorzitter van de Tweede Kamer, Handtekening: Datum: Op grond van artikel 64, tweede lid van de Comptabiliteitswet 2001 wordt dit originele exemplaar van het onderhavige jaarverslag, na onderte- kening van de hierboven opgenomen verklaring, ter behandeling doorgezonden aan de voorzitter van de erste Kamer.",Reparations & Justice,1.0
6-veiligheid-en-justitie.pdf,28,"Tevens is hier de financiële toelichting te vinden op opmerkelijke verschillen tussen realisatie en begroting. Als uitgangspunt geldt dat verschillen van minstens € 5 mln., dan wel politiek of anderszins relevant, worden toegelicht. De toelichting op mutaties die in eerdere begrotingsstukken (waaronder suppletoire begrotingen) aan de Tweede Kamer zijn gemeld, zijn in de financiële toelichting op hoofdlijnen opgenomen. In de beleidsartikelen wordt bij ieder artikel een algemene doelstelling en de rol en verantwoordelijkheid van de Minister beschreven. Voor de begroting 2015 is aan deze beschrijving aandacht besteed, resulterend in een verbeterde en nauwkeuriger formulering.",Reparations & Justice,1.0
6-veiligheid-en-justitie.pdf,30,"Jaarrekening De jaarrekening is opgebouwd uit de departementale verantwoordings- staat en de samenvattende verantwoordingsstaat agentschappen, de saldibalans met de bij dit onderdeel behorende financiële toelichting, de jaarverantwoording van de agentschappen en de rapportage over de topinkomens. Bijlagen Het jaarverslag bevat vier bijlagen, ten weten «Toezichtrelaties ZBO’s en RWT’s», «Afgerond evaluatie- en overig onderzoek», «xterne inhuur» en het «Overzicht van in 2014 tot stand gekomen wetten». Tweede Kamer, vergaderjaar",Dehumanization & Scientific Racism,1.0
6-veiligheid-en-justitie.pdf,42,"Vanaf 1 januari 2014 worden aangevers van High Impact Crimes (woningin- braken, overvallen, straatroof, geweld) binnen twee weken persoonlijk geïnformeerd over het verloop van de aangifte. Inzicht ketenstromen en doorlooptijden In 2014 zijn verschillende trajecten gestart of verder ontwikkeld die de kwaliteit in de strafrechtketen verhogen en als onderdeel daarvan doorlooptijden helpen te verkorten. en voorbeeld hiervan is de start van het project Mobiel ffectief op Straat (MOS) waarmee een mobiele werkomgeving voor de politie wordt gerealiseerd. Hierdoor hoeven papieren bonnen niet meer te worden overhandigd.",Everyday Racism & Modern Racial Inequality,1.0
6-veiligheid-en-justitie.pdf,44,"Verder is het Digitaal Loket Verkeer gestart, waarbij burgers via het internet in beroep kunnen gaan tegen een verkeersboete (Mulderbeschikkingen) en 1 De afkorting ZSM staat voor Zo Selectief, Snel, Samen, Slim, Simpel en Samenlevingsgericht Mogelijk. Tweede Kamer, vergaderjaar 2014–2015, 34 200 VI, nr. 1 10 Beleidsprioriteiten",Everyday Racism & Modern Racial Inequality,1.0
6-veiligheid-en-justitie.pdf,45,"het Advocatenportaal, waarmee strafdossiers voor advocaten digitaal beschikbaar zijn. Modernisering wetboek van Strafvordering De modernisering van het Wetboek van Strafvordering heeft onder meer tot doel om regels en lasten daar waar mogelijk te verminderen, doorlooptijden te verkorten, prestaties te verbeteren, procedures te vereenvoudigen en te stroomlijnen en de digitalisering van de keten mogelijk te maken. In 2014 zijn diverse wetsvoorstellen voorbereid, aan de Tweede Kamer gezonden en in werking getreden. Zo is het wetsvoorstel digitale handhaving veelvoorkomende overtredingen in werking getreden en is het wetsvoorstel dadelijke tenuitvoerlegging van rechterlijke beslissingen in consultatie geweest.",Reparations & Justice,1.0
6-veiligheid-en-justitie.pdf,52,"er werden in totaal 71.100 woninginbraken geregistreerd door de politie. Dit laat zien dat de probleemgerichte ketenaanpak van High Impact Crimes zijn vruchten afwerpt. Aanpak ondermijnende en georganiseerde criminaliteit Politie, OM, Belastingdienst, lokaal bestuur en bijzondere opsporings- diensten bestrijden de georganiseerde misdaad als ware zij één overheid. Deze partners werken samen via de infrastructuur van de Regionale Informatie en xpertise Centra (RICs). De gezamenlijke informatiepositie bij de tien RICs is versterkt.",Everyday Racism & Modern Racial Inequality,1.0
6-veiligheid-en-justitie.pdf,63,"De doelstelling is een stijging van het aantal strafzaken horizontale fraude van 1.500 in 2014 naar 2.300 in 2018 te realiseren. In 2014 ging het platform horizontale fraude en faillissementsfraude van start, die de programmatische aanpak op beide thema’s coördineert. Onderdelen van deze programmatische aanpak zijn het analyseren van verschillende fraudefenomenen en de aanpak daarvan door een interventiestrategie per domein die nadrukkelijk gericht is op ten eerste preventie, ten tweede de implementatie van barrières op verschillende fraudedomeinen, zoals acquisitiefraude en faillissementsfraude, en ten derde afspraken over de inzet van het Tweede Kamer, vergaderjaar 2014–2015, 34 200 VI, nr. 1 13 Beleidsprioriteiten strafrecht. Daarbij is de samenwerking met private partijen van belang. Deze samenwerking is in ontwikkeling en wordt vormgegeven via de structuur van het Nationaal Platform Criminaliteitsbeheersing (NPC).",Everyday Racism & Modern Racial Inequality,1.0
6-veiligheid-en-justitie.pdf,64,Ten aanzien van de aanpak van Criminaliteit tegen Bedrijven zijn in NPC-verband de nodige successen geboekt. Zo is voor heling een Digitaal Opkopersregister ontwikkeld. Tot en met 2014 zijn 1.413 opkopers en 167 gemeenten aangesloten en zijn 973.557 goederen opgenomen in de database van Stopheling. Ook is de succesvolle pilot Versneld Signaleren Voertuigdiefstal,Everyday Racism & Modern Racial Inequality,1.0
6-veiligheid-en-justitie.pdf,68,"Daarnaast zijn er twee wijzigingen van de Rijkswet op het Nederlanderschap in procedure gebracht waarmee de mogelijkheden worden uitgebreid om personen het Nederlanderschap te ontnemen, onder andere als die persoon zich heeft aangesloten bij een terroristische organisatie die een gevaar vormt voor de nationale veiligheid. Ter ondersteuning van de lokale bestuurlijke aanpak worden doorlopend praktische ervaringen in kaart gebracht en gedeeld met de partners, zowel op nationaal als op internationaal niveau. Het Ministerie van Veiligheid en Justitie heeft voorlichting en trainingen georganiseerd voor onder andere gemeenten en politie, ter versterking van de signalering en aanpak van (potentiële) jihadgangers en terugkeerders. Tweede Kamer, vergaderjaar 2014–2015, 34",Everyday Racism & Modern Racial Inequality,1.0
16-volksgezondheid-welzijn-en-sport.pdf,35,"De apparaatsuitgaven van de inspecties, SCP en raden zijn gepresenteerd in personele en materiële uitgaven. – De focusonderwerpen fraude en decentralisaties worden besproken in het beleidsverslag. 3. Afwijkingen van de Rijksbegrotingsvoorschiften –",Everyday Racism & Modern Racial Inequality,1.0
16-volksgezondheid-welzijn-en-sport.pdf,43,De zorg moet deze ontwikkelingen opvangen en tegelijkertijd op de kosten letten. Het kabinet heeft ook het afgelopen jaar hard gewerkt aan zijn ambitie: toegankelijke en betaalbare zorg van hoge kwaliteit voor iedereen. Ook voor toekomstige generaties. Van systemen naar mensen. Technologie en innovatie spelen in het toekomstbestendiger maken van de zorg en het leveren van maatwerk waar het draait om wat een individuele patiënt nodigt heeft.,Everyday Racism & Modern Racial Inequality,1.0
16-volksgezondheid-welzijn-en-sport.pdf,49,"In de medisch-specialistische zorg heeft het kabinet in 2014 opnieuw een aantal maatregelen doorgevoerd, gericht op de verbetering van zorg voor patiënten (kwaliteit en veiligheid) en uitgavenbeheersing. Zo is door de bij het hoofdlijnenakkoord betrokken partijen de kwaliteits- en doelmatig- heidsagenda «Verbinden, verbeteren, borgen» opgesteld. Deze agenda bevat drie pijlers: gepast gebruik, zorg op juiste plaats en transparantie. Patiënten krijgen onder andere meer inzicht in hun zorgkosten door de vernieuwde zorgnota.",Everyday Racism & Modern Racial Inequality,1.0
16-volksgezondheid-welzijn-en-sport.pdf,50,"Met de brief «Kwaliteit loont» is een programma ingezet waarmee, door het verbeteren van de kwaliteit, de omslag naar duurzaam betaalbare zorg wordt gemaakt. Voor het goed functioneren van ons zorgsysteem moet de kwaliteit van alle zorgaanbieders transparant zijn. In lijn met die ambitie hebben we in 2014 het Kwaliteitsinstituut opgericht. We hebben de app «zorgcijfers.nl – Nederland gezond en wel» uitgebracht. Daar zijn de actuele cijfers over de gezondheidszorg te vinden.",Everyday Racism & Modern Racial Inequality,1.0
16-volksgezondheid-welzijn-en-sport.pdf,52,"Het kabinet heeft in de ontwerpbegroting 2015 gemeld dat de zorguitgaven van 2014 op 2015 naar verwachting ongeveer gelijk blijven. In dit beleidsverslag wordt teruggeblikt op het afgelopen jaar aan de hand van de opzet en inhoud van de beleidsagenda 2014. Sommige onder- werpen (zoals e-health) overstijgen de grenzen van curatieve en langdurige zorg, maar behouden de plek die ze in de beleidsagenda hadden. Het beleidsverslag biedt geen compleet overzicht van de behaalde doelen, maar geeft een overzicht van de meest relevante ontwikkelingen en in gang gezette en gerealiseerde beleidsmaatregelen op het terrein van het Ministerie van Volksgezondheid, Welzijn en Sport. De Tweede Kamer heeft daarnaast voor de Jaarverantwoording 2014 gevraagd specifiek aandacht te besteden aan fraude en de decentrali- saties.",Everyday Racism & Modern Racial Inequality,1.0
16-volksgezondheid-welzijn-en-sport.pdf,55,"raude is strafbaar, het ondermijnt het vertrouwen in de integriteit van zorgaanbieders en tast het draagvlak in de samenleving aan om bij te dragen aan de zorgkosten. ind 2014 is de Tweede Kamer door middel van de derde voortgangsrap- portage geïnformeerd over de aanpak van fouten en fraude in de zorg (TK 28 828, nr. 75). r zijn stappen gezet in verbetering van het declaratie- proces, het fraudebestendiger maken van wet- en regelgeving onder andere door het doen van een fraudetoets bij nieuwe wet- en regelgeving en ontwikkelingen in de controles door zorgverzekeraars. In het najaar van 2014 heeft de Nederlandse Zorgautoriteit (NZa) ook het onderzoek naar kwetsbaarheden en financiële onregelmatigheden in de zorg afgerond. De NZa doet in haar rapport acht aanbevelingen.",Everyday Racism & Modern Racial Inequality,1.0
16-volksgezondheid-welzijn-en-sport.pdf,56,"Het kabinet heeft hiervan een aantal inmiddels overgenomen. De overige aanbevelingen worden nader onderzocht of meegenomen in het programmaplan «Rechtmatige zorg» dat in het voorjaar van 2015 aan de Kamer wordt aangeboden. De capaciteit voor toezicht en opsporing is geïntensiveerd en samen met de Inspectie Sociale Zaken en Werkgelegenheid (I-SZW) en IOD, ieder vanuit zijn eigen verantwoordelijkheid en taakgebieden, werken we aan het verstevigen van de inrichting en positie van opsporing in de zorg, zodat doeltreffend kan worden opgetreden als normen doelbewust worden overschreden. Ook bij het persoonsgebonden budget (pgb) in de AWBZ (per 2015: Wlz en Wmo) is de uitvoeringspraktijk flink aange- scherpt, onder andere met de invoering van trekkingsrechten en het afleggen van meer huisbezoeken. Uit omzetonderzoek naar declaraties van ziekenhuizen is gebleken dat in de jaren 2012 en 2013 in totaal 1,2% van de omzet niet op de juiste manier is gedeclareerd.",Everyday Racism & Modern Racial Inequality,1.0
16-volksgezondheid-welzijn-en-sport.pdf,58,"Van verspilling is sprake als er zorgkosten worden gemaakt zonder dat het voor de patiënt iets oplevert. In mei 2014 (TK 33 654, nr. 7) heeft het programma op drie terreinen acties aangekondigd: genees- en Tweede Kamer, vergaderjaar 2014–2015, 34 200 XVI, nr. 1 12 hulpmiddelen, langdurige zorg en curatieve zorg. nkele acties zijn inmiddels afgerond zoals een vermindering van onnodige omruil van hulpmiddelen en een aanpassing van de zogeheten prescriptieregeling, zodat dure geneesmiddelen niet voor een te lange periode worden mee gegeven (met kans op het overblijven ervan bijvoorbeeld vanwege bijwerkingen).",Everyday Racism & Modern Racial Inequality,1.0
16-volksgezondheid-welzijn-en-sport.pdf,60,"Vermindering regeldruk In 2014 is op verzoek van de partijen verenigd in de «Agenda voor de Zorg» en VWS een verkenning gedaan voor een niet-vrijblijvende aanpak van de regeldruk in de zorg. Aan de hand hiervan is een gezamenlijke aanpak ontwikkeld die zich in beginsel richt op de medisch-specialistische zorg. De focus ligt hierbij op de regeldruk door richtlijnen, kwaliteitsindica- toren en zorgstandaarden, de bekostigingsregels als gevolg van de Wet marktordening gezondheidszorg (Wmg) en de registratielast door verschillende vragen om informatie. Ook zijn uitgangspunten geformu- leerd in de ggz om de regeldruk te verminderen (TK 29 515, nr. 352).",Everyday Racism & Modern Racial Inequality,1.0
16-volksgezondheid-welzijn-en-sport.pdf,63,Het meldpunt voert haar taken uit in nauwe samenwerking met de IGZ. Dat betekent dat calamiteiten direct worden doorgeleid en klachten kunnen worden voorgelegd aan de inspectie met de vraag of deze een onderzoek noodzakelijk acht. Daarnaast kan het Landelijk Meldpunt Zorg in de gaten houden of een zorgverlener een klacht tijdig afhandelt. Ook monitort het meldpunt de afhandeling van burgerklachten waar de IGZ onderzoek naar doet. Dagelijks informeert het Landelijk Meldpunt,Everyday Racism & Modern Racial Inequality,1.0
16-volksgezondheid-welzijn-en-sport.pdf,66,"Deregulering en versterking toezichtfunctie De Wet marktordening gezondheidszorg (Wmg) en de Nederlandse Zorgautoriteit (NZa) zijn geëvalueerd (TK 25 268, nr. 87). Daarnaast heeft ook de onderzoekscommissie «intern functioneren NZa» (commissie- Borstlap) een rapport uitgebracht naar aanleiding van het bezwaarschrift van de heer Gotlieb. De aanbevelingen van Andersson lffers elix (A) en de commissie-Borstlap bieden goede aanknopingspunten om de NZa te verbeteren en de relatie met het kerndepartement te verzakelijken. Voor een goed functionerend gezondheidszorgsysteem, waarin het belang van patiënten en premiebetaler centraal staat, is immers een gezaghebbende, onafhankelijke zorgspecifieke toezichthouder met een glasheldere verdeling van taken en verantwoordelijkheden met het departement onontbeerlijk.",Everyday Racism & Modern Racial Inequality,1.0
16-volksgezondheid-welzijn-en-sport.pdf,68,"Iedere vier jaar brengt het Rijksinstituut voor Volksgezondheid en Milieu (RIVM) de Volksgezondheid Toekomst Verkenning (VTV) uit. In 2014 met de titel «en gezonder Nederland» (TK 32 793, nr. 150). De kernboodschap van de VTV is dat de levensverwachting in Nederland nog steeds stijgt, maar dat dit wel gepaard gaat met een toename van het aantal mensen met een chronische ziekte.",Everyday Racism & Modern Racial Inequality,1.0
16-volksgezondheid-welzijn-en-sport.pdf,69,"De impact van een chronische ziekte is wel aan het veranderen. Mensen met een chronische ziekte zijn steeds beter in staat om mee te doen in de samenleving. Ruimte voor verbetering is er nog vooral bij mensen met grotere gezondheidsrisico’s, zoals laagopge- leiden. Onderzoek laat zien dat laagopgeleiden gemiddeld zes jaar korter leven en bovendien meer levensjaren doorbrengen in minder goede gezondheid. Via het stimuleringsprogramma «Gezond in de stad» krijgen gemeenten de komende vier jaar advies op maat en ondersteuning bij de lokale aanpak van gezondheidsachterstanden.",Everyday Racism & Modern Racial Inequality,1.0
16-volksgezondheid-welzijn-en-sport.pdf,73,"Daarmee zijn zo’n 590 organisaties aan het programma verbonden, waarvan 274 als ondertekenaar van een pledge (TK 32 793, nr. 164). Thema’s die in verschillende pledges terugkomen, zijn: verbinding van preventie en zorg, duurzame inzetbaarheid, positieve gezondheid en sociaal-economische gezondheidsverschillen. Met ingang van 1 januari 2014 is de minimumleeftijd waarop aan jongeren alcohol en tabak mag worden verkocht, verhoogd van 16 jaar naar 18 jaar. Ook is het vanaf die datum strafbaar als jongeren onder de 18 jaar in het openbaar alcohol bij zich hebben.",Everyday Racism & Modern Racial Inequality,1.0
16-volksgezondheid-welzijn-en-sport.pdf,74,"ind 2013 en begin 2014 is het publiek uitvoerig over deze wetswijzigingen geïnformeerd. In 2014 heeft daarnaast de campagne «NIX18 niet roken – niet drinken» gelopen. Doel van de campagne was om de sociale norm te versterken dat het normaal is als je voor je 18e niet rookt of drinkt. en door de Rijksvoorlich- tingsdienst uitgevoerde tussentijdse effectevaluatie van deze norm laat zien dat er sprake is van een positieve trend (bijlage bij TK 33 750-III, nr. 7). Uit in 2014 gehouden onderzoek blijkt dat de gemeentelijke handhaving van de alcoholwetgeving beter kan (TK 27 565, nr. 128).",Everyday Racism & Modern Racial Inequality,1.0
8-onderwijs-cultuur-en-wetenschap.pdf,46,In verband met een herziening van de afspraken tussen de Ministeries van inanciën en OCW staat OCW vanaf 2012 tevens garant voor de rekening courantlimieten die instellingen aanhouden bij het Ministerie van inanciën. Bij kredietgaranties/ verzekeringen moet gedacht worden aan een indemniteitsregeling voor kunstvoorwerpen die op uitleenbasis in een Nederlands museum zijn tentoongesteld. Toelichting financiële instrumenten In de toelichting op de financiële instrumenten zoals opgenomen in de tabel budgettaire gevolgen van beleid worden de voornaamste verschillen verklaard tussen de oorspronkelijke begroting en de realisatie. De kasuitgaven zijn voor deze toelichting leidend.,Reparations & Justice,1.0
8-onderwijs-cultuur-en-wetenschap.pdf,47,"In het algemeen is er in de begroting sprake van een vaste verhouding tussen de verplichtingen en uitgaven die gerelateerd is aan het bekostigingsmoment voor scholen/ instellingen. r geldt daarom alleen een aanvullende, aparte toelichting voor de verplichtingmutaties als er sprake is van een opmerkelijk verschil met de uitgavenmutaties. Hiervoor wordt het procentuele realisatiever- schil bij de verplichtingen vergeleken met het procentuele realisatiever- schil bij de uitgaven. n als het verschil tussen deze percentages meer dan 10 bedraagt, dan worden de verplichtingenmutaties apart toegelicht. In de toelichting op de financiële instrumenten wordt daarnaast toegelicht waarvoor de instrumenten bedoeld waren.",Reparations & Justice,1.0
8-onderwijs-cultuur-en-wetenschap.pdf,55,"een sociaal-culturele tegenstelling tussen lager- en hogeropge- leiden, ondanks de ingezette daling is de jeugdwerkloosheid nog steeds hoog in vergelijking met de jaren voor de economische crisis. Maar technologische ontwikkeling biedt ook kansen, er ontstaan nieuwe initiatieven om bevolkingsgroepen bij elkaar te brengen, scholen zetten zich in voor een veilige plek waar verschillende groepen samenkomen en de economie trok vorig jaar voorzichtig aan. In al deze onderwerpen komt het belang naar voren van onderwijs, cultuur en wetenschap. Het helpt mensen zich te ontwikkelen, zichzelf te laten zijn, hun kennis te vergroten, innovatie te stimuleren en creatief te zijn. Met dit doel voor ogen was 2014 het jaar om het Regeerakkoord uit te werken en een agenda voor de toekomst neer te zetten.",Everyday Racism & Modern Racial Inequality,1.0
8-onderwijs-cultuur-en-wetenschap.pdf,62,"het verrijkt de mens, stimuleert innovatie en draagt bij aan tolerantie. Cultuur in Beeld kwam in december uit en richtte zich deze keer op veranderingen in de voorkeuren en de beleving van het publiek, die voortkomen uit bredere ontwikkelingen in de maatschappij. Tot slot hebben wij een visie op de toekomst van de publieke omroep opgesteld. Media (televisie, radio, kranten en internet) spelen een grote maatschappelijke rol. Onder invloed van digitalisering wordt het media- landschap voller en gevarieerder.",Everyday Racism & Modern Racial Inequality,1.0
8-onderwijs-cultuur-en-wetenschap.pdf,64,"Het Jaarbericht 2014 geeft een overzicht van de werkzaamheden en gebeurtenissen die in 2014 hebben plaatsgevonden bij de Dienst Uitvoering Onderwijs (DUO). Daarnaast zullen de Kerncijfers van OCW niet meer in boekvorm, maar op de nieuwe website www.ocwincijfers.nl verschijnen. en kwantitatieve monitor van de indicatoren in de beleids- agenda en het beleidsverslag, en de voortgang van de lerarenagenda zijn te vinden op de vernieuwde website van Trends in Beeld. 1.",Everyday Racism & Modern Racial Inequality,1.0
8-onderwijs-cultuur-en-wetenschap.pdf,69,"Talent is in breder perspectief gezet. Dit is de reden dat de kwantitatieve ambitie op de cito-score en vo-eindexamencijfers in de begroting 2015 is losgelaten, en vervangen is door de ambitie dat alle leerlingen en studenten moeten worden uitgedaagd. Het gaat niet alleen om cognitief toptalent, ook om bijvoorbeeld creatief, praktisch of sportief talent. In maart afgelopen jaar is een plan van aanpak naar de Tweede Kamer gestuurd. Hierin zijn maatregelen opgenomen om uitdagend onderwijs voor toptalenten op alle scholen te stimuleren.",Everyday Racism & Modern Racial Inequality,1.0
8-onderwijs-cultuur-en-wetenschap.pdf,73,"Daarnaast zijn twintig basisscholen gestart met de pilot tweetaligheid waarbij tot en met 2019 30% tot 50% van de onderwijstijd in het ngels wordt gegeven. Het Tweede Kamer, vergaderjaar 2014–2015, 34 200 VIII, nr. 1 13 Beleidsverslag wetsvoorstel modernisering onderwijstijd biedt scholen in het vo meer ruimte voor effectief onderwijs. Met de brief over toekomstgericht funderend onderwijs hebben wij vorig jaar het startschot gegeven om voor het hele curriculum po en vo te komen tot een relevante en toekomstgerichte inhoud.",Dehumanization & Scientific Racism,1.0
8-onderwijs-cultuur-en-wetenschap.pdf,75,"Het beleid voor de invoering van de referentieniveaus taal en rekenen hebben we verder doorgezet. De centrale examens Nederlands in het vo zijn afgestemd op de referentieniveaus taal en met ingang van het lopende studiejaar (2014–2015) tellen de resultaten voor Nederlandse taal voor studenten in mbo-4 voor het eerst mee voor het behalen van het diploma, de jaren erna volgen de andere niveaus. Omdat is gebleken dat het rekenonderwijs nog niet overal op orde is en studenten hier niet de dupe van mogen worden, is met betrekking tot de rekentoets vo en het centraal examen rekenen mbo besloten tot een overgangsperiode. Hierin komt het niveau dat moet worden behaald elk jaar een stap hoger te liggen.",Everyday Racism & Modern Racial Inequality,1.0
8-onderwijs-cultuur-en-wetenschap.pdf,77,"de ruimte gebruiken die de wet- en regelgeving biedt, en daarbinnen nieuwe en sneller inzetbare ondersteuningsvormen ontwik- kelen. Dat betekent meer ondersteuning op maat. In de eerder genoemde brief over «kwetsbare jongeren» is aangekondigd dat het regionale overleg rondom passend onderwijs nog effectiever wordt gemaakt door de positie van mbo-instellingen in dit overleg te versterken. Om schoolbesturen in een adequate positie te brengen een passend antwoord te formuleren op de leerlingendaling, is het noodzakelijk belemmeringen weg te nemen, juiste bekostigingsprikkels in te bouwen en ondersteuning aan te bieden. Daarom is in het afgelopen jaar de fusietoets aangepast en een start gemaakt met de ondersteunings- structuur.",Everyday Racism & Modern Racial Inequality,1.0
8-onderwijs-cultuur-en-wetenschap.pdf,79,"200 VIII, nr. 1 14 Beleidsverslag schoolverzuim en de wijze waarop zij daaraan met hun ketenpartners invulling geven. Ter voorbereiding op de pilot diagnostische tussentijdse toets heeft het College voor Toetsen en xamens 150 scholen geworven. Het Cito heeft try-out afnames uitgevoerd voor leesvaardigheid en schrijfvaardigheid Nederlands en ngels en een aanvullende try-out voor wiskunde. DUO heeft het programma verder ontwikkeld waarin de eerste afname van de diagnostische tussentijdse toets gaat plaatsvinden.",Everyday Racism & Modern Racial Inequality,1.0
8-onderwijs-cultuur-en-wetenschap.pdf,80,"Tot slot hebben de universiteiten van Maastricht, Utrecht en Twente verkend wat er nodig is om de toets te benutten voor opbrengstgericht werken. Universiteiten zijn eveneens bij de pilot betrokken om verder in kaart te brengen hoe de effectiviteit van het gebruik van de toets op scholen kan worden geopti- maliseerd. In juni 2014 hebben we de Tweede Kamer een brief gestuurd met daarin de strategische agenda voor het mbo als sluitstuk van de mbo-tour. Mbo-instellingen gaan innovatiever, kleinschaliger en meer op de regio georganiseerd onderwijs aanbieden, zodat meer jongeren met overtuiging kiezen voor een beroepsopleiding. Kortere en intensievere leerroutes zoals nieuwe vakmanschaps-, technologie- en beroepsroutes, moeten studenten meer gaan uitdagen en hen beter voorbereiden op wat de regionale arbeidsmarkt vraagt.",Everyday Racism & Modern Racial Inequality,1.0
8-onderwijs-cultuur-en-wetenschap.pdf,82,Uit de midtermreview van de prestatieafspraken die in het najaar heeft plaatsgevonden blijkt dat hogescholen en universiteiten hard werken aan het realiseren van hun ambities in de prestatieafspraken. Alle instellingen hebben voortgang geboekt bij de uitvoering van hun voornemens om profilering en zwaartepuntvorming te versterken. Ook de ontwikkeling van de Centres of xpertise ligt goed op koers. De reviewcommissie heeft de voortgang van (op één na) alle Centres of xpertise als voldoende beoordeeld. Op 29 september 2014 startte de ho-tour.,Reparations & Justice,1.0
jaarverslag-2014-kustwacht-voor-het-koninkrijk-der-nederlanden-in-het-caribisch-gebied.pdf,2,Deze onderrealisatie is onder andere veroorzaakt door het onvoorzien uitlopen van gepland onderhoud van de Panter en de Jaguar. In 2014 zijn ca. 1100 kilogram verdovende middelen en vier vuurwapens onderschept en vijf illegalen gearresteerd. Dit jaar is de Kustwacht geconfronteerd met een verminderde beschikbaarheid van het walradarsysteem op Aruba en Curaçao. Reden hiervoor waren onvoorziene storingen (onder meer als gevolg van een blikseminslag) in combinatie met achterstallig onderhoud aan de masten door de civiele onderhoudscontractant. r zijn maatregelen getroffen die herhaling van deze situatie moeten voorkomen.,Reparations & Justice,1.0
jaarverslag-2014-kustwacht-voor-het-koninkrijk-der-nederlanden-in-het-caribisch-gebied.pdf,3,"Internationale samenwerking vormde een belangrijke component in de activiteiten van de Kustwacht. De Kustwacht heeft in 2014 in samenwerking met de Ministeries van Buitenlandse Zaken en Defensie verder gewerkt aan MOU’s met Colombia en Jamaica op het gebied van onder meer SAR en maritieme rechtshandhaving. Met onder anderen de Dominicaanse Republiek heeft de Kustwacht deelgenomen aan de grote regionale oefening “Tradewinds” nabij de Dominicaanse Republiek. In de tweede helft van 2014 is de pilot, waarbij verschillende bedrijfsvoerings- en operationele taken zijn overgedragen aan de afzonderlijke steunpunten, geëvalueerd. Het resultaat is positief.",Everyday Racism & Modern Racial Inequality,1.0
jaarverslag-2014-kustwacht-voor-het-koninkrijk-der-nederlanden-in-het-caribisch-gebied.pdf,18,"Taken De Kustwacht voert deze missie uit door middel van algemene (preventieve) patrouilles en gerichte (repressieve) acties. Preventieve patrouilles zijn gericht op het stelselmatig observeren en controleren van vaargedrag en dragen bij aan de zichtbaarheid van de Kustwacht. Repressieve acties kenmerken zich door informatie gestuurd optreden, in samenspraak of in nauwe samenwerking met andere (internationale) diensten, gericht op daadwerkelijke overtredingen en/of misdrijven. In beide vormen is sprake van de elementen presentie, waarnemen, voorkomen, vaststellen en optreden bij noodsituaties en ongewenst gedrag. De inzet van de kustwachtmiddelen (de organieke varende en vliegende eenheden, alsmede de door Defensie ter beschikking gestelde eenheden) is gericht op opsporing, toezicht en dienstverlening.",Everyday Racism & Modern Racial Inequality,1.0
jaarverslag-2014-kustwacht-voor-het-koninkrijk-der-nederlanden-in-het-caribisch-gebied.pdf,19,"De capaciteit van de Kustwacht wordt over de verschillende taakgebieden verdeeld, met inachtneming van: a. de justitiële prioriteiten in de uitvoering van de kustwachttaken, zoals vastgesteld door de Ministers van (Veiligheid en) Justitie van de landen in het Justitieel Beleidsplan; b. de verantwoordelijkheid voor een 24-uurs dekking van het Search and Rescue (SAR) verantwoordelijkheidsgebied van de Kustwacht, dat een groot deel van de Caribische Zee beslaat; c. de beleidsaccenten van de bij de Kustwacht betrokken departementen van de vier landen.",Everyday Racism & Modern Racial Inequality,1.0
jaarverslag-2014-kustwacht-voor-het-koninkrijk-der-nederlanden-in-het-caribisch-gebied.pdf,20,"1.2.3. Prioriteitstelling Op grond van het Jaarplan 2014 en het Justitieel Beleidsplan 2014-2017 lagen de (justitiële) prioriteiten in 2014 bij: a. de bestrijding van grensoverschrijdende drugstransporten van, naar of in de nabijheid van de (ei)landen van het Koninkrijk in het Caribisch gebied; b. de opsporing van vuurwapens en illegale immigratie;",Everyday Racism & Modern Racial Inequality,1.0
jaarverslag-2014-kustwacht-voor-het-koninkrijk-der-nederlanden-in-het-caribisch-gebied.pdf,28,"Dit overleg is in 2014 totaal zes maal bijeengekomen. Aan dit overleg nemen de hoofden van politie, douane en Kustwacht deel onder voorzitterschap van de procureur-generaal van het betreffende Land. Het overleg omvat de uitwisseling van informatie, afstemming van operationele zaken en nadere uitwerking van de prioriteitstelling bij de opsporing van het betreffende land. Daarnaast heeft op operationeel niveau regulier overleg plaatsgevonden tussen de verschillende lokale Openbaar Ministeries, de maritieme steunpunten en de Kustwachtstaf. Ook op het niveau van de verschillende steunpunten is zowel regulier als ad hoc overleg gevoerd met de ketenpartners en zijn diverse gezamenlijke acties uitgevoerd.",Everyday Racism & Modern Racial Inequality,1.0
jaarverslag-homogene-groep-internationale-samenwerking-hgis-2014.pdf,42,"Militair: de luchtcampagne tegen ISIS en het trainen van Iraakse strijdkrachten en Koerdische Peshmerga; Nederland levert met zes -16’s en 130 militaire trainers hieraan een bijdrage. 2) oreign Terrorist ighters; Nederland levert op internationaal en nationaal niveau een bijdrage aan dit spoor, met aandacht voor preventie, opsporing, vervolging en re-integratie.",Everyday Racism & Modern Racial Inequality,1.0
jaarverslag-homogene-groep-internationale-samenwerking-hgis-2014.pdf,46,"De illegale Russische annexatie van de Krim en vervolgens het destabiliserende optreden in Oost-Oekraïne had gevolgen voor de veiligheidsanalyse en -beleid van Nederland. Ook de NAVO heeft een belangrijke rol als het gaat om Rusland te tonen dat het Westen sterk en verenigd is, en Rusland te ontmoedigen om nog meer destabiliserend op te treden in zijn nabije buitenland. De eerste aanzet daartoe werd gegeven met het pakket onmiddellijke militaire maatregelen van maart 2014 om oostelijke bondgenoten gerust te stellen. Nederland leverde hieraan een bijdrage, onder andere met de inzet van Nederlandse -16s voor de versterking van Baltic Air Policing, maar ook bijdragen aan de staande NAVO-vlootverbanden en aan oefeningen in Oost- uropa. Tevens is besloten tot een structurele aanpassing om zo de inzetbaarheid en gereedstelling van NAVO- strijdkrachten te verhogen.",Reparations & Justice,1.0
jaarverslag-homogene-groep-internationale-samenwerking-hgis-2014.pdf,47,"Deze strijdkrachten moeten sneller en adequater kunnen reageren op snel veranderende ontwikkelingen in en rond het bondgenootschappelijk grondgebied. Onder andere de oprichting van de Very High Readiness Joint Taskforce (VJT) waartoe tijdens de top in Wales werd besloten, geeft hieraan invulling. Met deze maatregelen toont de NAVO aan dat niemand hoeft te twijfelen aan de geloofwaardigheid van de Artikel 5 garantie en dat het bondgenootschap flexibel in kan spelen op nieuwe dreigingen. De inzet is Rusland eensgezind tegemoet te treden in U- en NAVO-kader en een antwoord te formuleren op het Russische optreden, zonder dat dit tot een gevaarlijke vorm van escalatie zou leiden. Ook leverde Nederland via onder andere de OVS een actieve bijdrage aan de pogingen het conflict in Oekraïne te beteugelen.",Reparations & Justice,1.0
jaarverslag-homogene-groep-internationale-samenwerking-hgis-2014.pdf,48,"In het licht van de toenemende instabiliteit aan de zuidflanken van uropa in het bijzonder als gevolg van de snelle opmars van ISIS, heeft Nederland ook internationaal aangedrongen op een gemeenschappelijke lange-termijnagenda voor de strijd tegen ISIS en het herwinnen van stabiliteit in Syrië, Irak en de bredere regio. 10 De U heeft in augustus 2014 een wapenembargo tegen Rusland ingesteld, dat in Nederland geïmplementeerd is met de Sanctieregeling territoriale integriteit Oekraïne 2014. Het betreft een regulier, volledig wapenembargo dat export en import van alle wapens van en naar Rusland verbiedt, inclusief de daarbij behorende technische en financiële assistentie. Daarnaast zal de import van bepaalde onderdelen en diensten, die van essentieel belang zijn voor de veiligheid van uropese defensiesystemen, toegestaan blijven.",Colonial Exploitation & Economic Inequality,1.0
jaarverslag-homogene-groep-internationale-samenwerking-hgis-2014.pdf,51,"In het World orum in Den Haag kwamen 58 hooggeplaatste gasten en hun delegaties bijeen om met elkaar te spreken over het voorkomen van nucleair terrorisme door het verminderen van gevaarlijk nucleair materiaal in de wereld, het verbeteren van de veiligheid van alle nucleaire materialen en radioactieve bronnen en de verbetering van de internationale samenwerking. Met de samenkomst van staatshoofden (waaronder van de Verenigde Staten, China, rankrijk, Nigeria, Vietnam), regeringsleiders (onder meer van het Verenigd Koninkrijk, Duitsland, Canada, Nieuw-Zeeland, Japan), ministers en leiders van Internationale organisaties (VN, IAA, uropese Raad, uropese Commissie, Interpol) en de realisatie van de overeengekomen slotverklaring, het zogenaamde ”The Hague Nuclear Security Summit Communiqué”, is een nieuwe stap gezet op weg naar een veiliger wereld. Het Ministerie van Buitenlandse Zaken was als organiserend ministerie verantwoordelijk voor de inhoudelijke en organisatorische voorbereidingen van de NSS. In samenwerking met andere departementen (Algemene Zaken, Veiligheid en Justitie, Defensie, Binnenlandse Zaken en Koninkrijksrelaties, conomische Zaken en Infrastructuur en Milieu) is de grootste Top georganiseerd die ooit in Nederland is gehouden, zowel op diplomatiek terrein als qua veiligheidsoperatie en verkeersmanagementorganisatie. n marge van de Top werden tevens een staatsbezoek, drie informele bezoeken, twee werkbezoeken als ook een G7 bijeenkomst georganiseerd.",Everyday Racism & Modern Racial Inequality,1.0
jaarverslag-homogene-groep-internationale-samenwerking-hgis-2014.pdf,55,"De crisis in Irak en de bola-uitbraak kwamen daar nog bij. Nog niet eerder sinds de Tweede Wereldoorlog was het aantal vluchtelingen en ontheemden zo hoog. De sterk toegenomen behoefte aan humanitaire hulp maar ook de complexiteit van gewapende conflicten zette het bestaande humanitaire systeem onder druk. Mede daarom heeft het kabinet besloten een apart noodhulpfonds van UR 570 miljoen in het leven te roepen. Met dit fonds kan Nederland adequaat bijdragen aan de huidige en toekomstige grote rampen, inclusief opvang van vluchtelingen in de regio.",Everyday Racism & Modern Racial Inequality,1.0
jaarverslag-homogene-groep-internationale-samenwerking-hgis-2014.pdf,56,Dit fonds is flexibel inzetbaar gedurende de kabinetsperiode. Strijd tegen bola De bola-uitbraak mondde uit in een gezondheidscrisis van ongekende omvang. Via Artsen zonder Grenzen werd een bijdrage gedaan aan de directe bola-bestrijding. Ook is extra geld beschikbaar gekomen voor het Rode Kruis.,Everyday Racism & Modern Racial Inequality,1.0
jaarverslag-homogene-groep-internationale-samenwerking-hgis-2014.pdf,58,"Met deze financiering kon een breed pakket aan maatregelen worden ingezet: Zo concentreerde UNIC zich vooral op sociale mobilisatie en de verspreiding van hygiënische pakketten. De WHO zette zich in op het traceren van bola-gevallen, het faciliteren van veilige begrafenissen en de zorg voor bola-patiënten en preventie. Artsen zonder Grenzen richtte zich op het oprichten en managen van bola-klinieken en de behandeling van patiënten. Ook de inzet van het Joint Support Ship ‘Karel Doorman’ is gedeeltelijk vanuit HGIS gefinancierd.",Everyday Racism & Modern Racial Inequality,1.0
jaarverslag-homogene-groep-internationale-samenwerking-hgis-2014.pdf,70,Mutatie Realisaties 2014 inanciële toelichting BZ:  De uitgaven voor goede internationale samenwerking ter bevordering van de eigen- en bondgenootschappelijke veiligheid stegen door een verhoging van de uitgaven voor het Veiligheidsfonds. Het betrof hier een extra inzet voor het conflict in Syrië en Irak. Daarnaast zijn de uitgaven voor de NAVO gestegen als gevolg van een additionele bijdrage aan de NAVO nieuwbouw vanwege hoger uitgevallen bouwkosten en als gevolg van een aanpassing van het betaalritme van de jaarlijkse bijdrage.,Reparations & Justice,1.0
jaarverslag-homogene-groep-internationale-samenwerking-hgis-2014.pdf,78,"Nederland heeft hierbij gepleit voor het nakomen van afspraken uit het huidige programma, voordat met een vervolg kon worden begonnen. Het kabinet is op basis van een inventarisatie uit 2013 in Brussel en met andere lidstaten de discussie aangegaan over de vraag of U-wetgeving wel altijd even adequaat is in relatie tot het doel dat moet worden bereikt, alsook over de effectiviteit en de kosten die daarmee gepaard gaan. Ook heeft het kabinet zich actief opgesteld in uropa en in het centrum van de uropese besluitvorming om effectief invloed uit te kunnen oefenen op de vormgeving van de nieuwe instituties. De uropese Commissie bracht een nieuwe mededeling uit over de U-positie ten aanzien van de post-2015 ontwikkelingsagenda. Hierover werden Raadsconclusies aangenomen.",Everyday Racism & Modern Racial Inequality,1.0
jaarverslag-2014-inspectie-van-het-onderwijs.pdf,31,Geïntegreerd risicomodel De Onderwijsinspectie houdt toezicht op bestuursniveau. In 2014 hebben we hiervoor het geïntegreerd bestuurstoezicht (GBT) ingevoerd als de standaard werkwijze in ons huidige risicogerichte toezicht. Daarbij kijken we zowel naar de kwaliteit van het bestuur als naar de financiële situatie. We betrekken bij ons toezicht ook mogelijke (toekomstige) risico’s op een groter aantal domeinen.,Everyday Racism & Modern Racial Inequality,1.0
jaarverslag-2014-inspectie-van-het-onderwijs.pdf,39,In 2014 leverden wij opbrengstgegevens van scholen aan deze jury. Naast opbrengsten spelen in de jurybeoordeling ook andere dingen een rol. Voorheen voerde het ministerie van OCW het secretariaat van de jury. Sinds september 2013 hebben wij de secretarisrol van OCW overgenomen. Vanaf 2015 valt het predicaat xcellente School onder verant- woordelijkheid van de Onderwijsinspectie.,Colonial Exploitation & Economic Inequality,1.0
jaarverslag-2014-inspectie-van-het-onderwijs.pdf,50,"Het ging vooral over de vraag wat deze ontwikkeling betekent voor het civiel effect van opleidingen en diploma’s, en over nieuwe vormen van concurrentie die zullen ontstaan. 10 3 Het toezicht van de inspectie 3.1 Werkwijze 3.1.1 Instellingstoezicht We oefenen toezicht uit op de onderwijskwaliteit bij de Nederlandse onderwijsinstellingen, met uitzon- dering van het hoger onderwijs.",Everyday Racism & Modern Racial Inequality,1.0
jaarverslag-2014-inspectie-van-het-onderwijs.pdf,54,"daar voeren we driejaarlijks bij elke instelling een instellingsanalyse uit. Daaruit maken we de ‘Staat van de instelling’ op, op het gebied van (examen) kwaliteit, financiën en naleving van regelgevingen (zie paragraaf 3.1.1.4). Intensivering toezicht bij tekortkomingen Als we tekortkomingen signaleren (bijvoorbeeld in de onderwijskwaliteit, de financiële continuïteit en de naleving van regelgeving, al dan niet in combinatie), dan intensiveren we ons toezicht. Als de kwaliteit van het onderwijs op een school op meerdere onderdelen ernstig tekortschiet, dan noemen we de school (of opleiding)",Everyday Racism & Modern Racial Inequality,1.0
jaarverslag-2014-inspectie-van-het-onderwijs.pdf,61,"Aantal arrangementen Van de 7.327 basisscholen hebben er 7.248 een toezichtarrangement. Het overgrote deel van de huidige toezichtarrangementen is toegekend in 2014. Bij de (79) scholen zonder toezichtarrangement gaat het om nieuwe scholen en recent aangemaakte clusters (onder andere vanwege fusie of afsplitsing). In tabel 3.1A zijn deze arrangementen verdeeld naar ‘basis’, ‘zwak’ en ‘zeer zwak’.",Everyday Racism & Modern Racial Inequality,1.0
jaarverslag-2014-inspectie-van-het-onderwijs.pdf,67,"In de sector voortgezet onderwijs houden we toezicht op circa 1.230 scholen. Deze scholen hebben 2.950 afdelingen (basisberoepsgerichte, kaderberoepsgerichte en gemengde/theoretische leerweg van het vmbo, havo en vwo). Ons toezicht in deze sector is ook risicogericht. Op afdelingsniveau sporen wij risico’s op voor de kwaliteit van het onderwijs.","Remembrance, Heritage & Education",1.0
jaarverslag-2014-inspectie-van-het-onderwijs.pdf,81,het zijn de laatste zaken in een reeks. In een van de eerdere zaken zijn we in 2014 door de Raad van State in hoogste instantie in het gelijk gesteld. De andere zaak waar bekostiging is teruggevorderd betrof een school die voor haar leerlingen substantieel onvol- doende onderwijstijd plande en verzorgde. 14 In 2014 hebben leerplichtambtenaren van een aantal gemeenten diverse onderzoeken uitgevoerd naar de naleving van de Leerplichtwet door scholen.,Everyday Racism & Modern Racial Inequality,1.0
jaarverslag-2014-inspectie-van-het-onderwijs.pdf,82,"In één geval hebben we vervolgens bij het bestuur een bestuurlijke boete opgelegd. Ten slotte hebben we bij twee besturen in het voortgezet onderwijs een deel van de bekostiging opgeschort, omdat zij zich niet willen aansluiten bij het regionale samenwerkings- verband passend onderwijs. Scholen zijn alleen bevoegd om speciaal onderwijs te verzorgen als ze voldoen aan bepaalde wettelijke vereisten. In 2014 gaven we prioriteit aan het toezicht op de naleving hiervan. In de eerste helft van het jaar hebben we de naleving gecontroleerd bij alle scholen waar we een onderzoek naar kwaliteitsverbete- ring uitvoerden.",Everyday Racism & Modern Racial Inequality,1.0
jaarverslag-2014-inspectie-van-het-onderwijs.pdf,83,Vanaf de start van het schooljaar 2014/2015 deden we dit bij alle kwaliteitsonderzoeken. Over het algemeen herstellen scholen de onrechtmatige situatie wanneer zij hierop worden aangesproken vrij snel. We hoefden in 2014 geen bekostigingssancties op te leggen om de naleving af te dwingen. 3.1.1.4 Middelbaar beroepsonderwijs (mbo),Everyday Racism & Modern Racial Inequality,1.0
jaarverslag-2014-inspectie-van-het-onderwijs.pdf,87,"In totaal hebben we daarbij de kwaliteit van 141 opleidingen uit het Centraal register beroepsopleidingen (Crebo) onderzocht. Bij instellingen waarbij we in een bepaald jaar niet de Staat van de instelling opmaken, voeren we een jaarlijkse risicomonitoring uit. Constateren we ernstige, nieuwe risico’s, dan gaan we daarover in gesprek met het college van bestuur of met de directie van de instelling. Dat kan vervolgens leiden tot een kwaliteitsonderzoek. Bij niet-bekostigde instellingen adviseren wij de Dienst Uitvoering Onderwijs (DUO) over het verlenen of intrekken van erkenningen van licenties voor Crebo-opleidingen.",Everyday Racism & Modern Racial Inequality,1.0
sociaal-jaarverslag-bz-2014.pdf,9,Hervormingen personeelsbeleid 2014-2016 12 • Het Nieuwe Werken (HNW) 13 • Strategische personeelsplanning (SPP) en personeelsschouw 13 • Gesprekscyclus 14 • Medewerkerstevredenheidsonderzoek (MTO),Everyday Racism & Modern Racial Inequality,1.0
sociaal-jaarverslag-bz-2014.pdf,33,posten en Den Haag werken samen als één flexibel netwerk; 2) I-diplomatie (de nieuwe digitale werkomgeving); 3) vernieuwing van het huidige personeelsbeleid; 4) economische en consulaire dienstverlening,Everyday Racism & Modern Racial Inequality,1.0
sociaal-jaarverslag-bz-2014.pdf,35,"Gaande dit proces staken we over en weer veel tijd in de dialoog. We vroegen medewerkers en leiding- gevenden om met ons mee te denken over de vorm van het nieuwe beleid, zodat ieder zijn (nieuwe) verantwoordelijkheden kent en straks in staat is zijn nieuwe rol goed te vervullen. De Ondernemingsraad en de vakbonden vroegen we formeel met de nieuwe koers in te stemmen, wat zij in juli 2015 deden. In 2014 startten we ook met het aanpas­sen van de meeste HR-processen, zodat deze straks bijdragen aan een kwalitatief optimale bezetting, een flexibele inzet van medewerkers en transparante besluitvorming. Al deze veranderingen zijn nodig om onze ambities waar te kunnen maken.",Everyday Racism & Modern Racial Inequality,1.0
sociaal-jaarverslag-bz-2014.pdf,36,"Tegelijkertijd werd ook duidelijk dat niet iedereen zich hier prettig bij voelt en dat voor sommige (groepen) van onze medewerkers het perspectief binnen BZ onzeker is geworden. Deze groepen ondersteunen we zo goed mogelijk in het vergroten van hun inzetbaarheid binnen BZ, het Rijk of op de bredere arbeidsmarkt. Terwijl we in het kader van Rutte II formatieruimte moesten inleveren, zijn er voor de uitvoering van de modernisering extra middelen ingezet. Dit verklaart voor een klein deel ook de stijging van 4% van het aantal mensen in dienst. en andere verklaring is de opname van de collega’s van directoraat-generaal",Everyday Racism & Modern Racial Inequality,1.0
sociaal-jaarverslag-bz-2014.pdf,37,"Buitenlandse conomische Betrekkingen (DGBB) die overkwamen van het ministerie van conomische Zaken. Door deze stijging is voor het eerst sinds 2008 de trend doorbroken dat uitstroom groter is dan de instroom, ondanks een fors grotere uitstroom in 2014 dan in 2013. | 7 | Voorwoord Overige noemenswaardigheden rondom ons personeelsbestand zijn onze inspanningen om meer vrouwen in hogere functies te benoemen. In 2014 bekleedden vrouwen 50 topfuncties (25%).",Everyday Racism & Modern Racial Inequality,1.0
sociaal-jaarverslag-bz-2014.pdf,54,"Het SG/DG-beraad besloot in 2014 een Coördinator Postennet aan te stellen met een rijksbrede scope, onder meer om de prioriteitstelling van de posten te bepalen. Zo krijgt de One Team- gedachte nog meer nadruk. 1 De Commissie Personeelsbeleid I (Cpb-I) adviseert over plaatsingen in de functies van hoofd van een diplomatieke of permanente vertegenwoordiging, directeur of hoger en door de secretaris-generaal aangewezen functies van hoofden van consulaire posten en andere hogere functies. |",Everyday Racism & Modern Racial Inequality,1.0
sociaal-jaarverslag-bz-2014.pdf,62,"2014 | 12 | Stroomlijning beleid en uitvoering In 2014 presenteerde ABDTOPConsult het advies over beleid en uitvoering bij BZ. Op basis van dit advies besloot het SG/DG-beraad als onderdeel van de moderniseringsagenda een traject te starten voor de verbetering van de hele beleidscyclus bij ons ministerie, inclusief de relatie tussen beleid en uitvoering. Het project Stroomlijning beleid en uitvoering startte in december 2014 met de opdracht om tot voorstellen te komen voor een excellente beleidscyclus. Hiermee beogen we uiteindelijk te beschikken over:",Reparations & Justice,1.0
sociaal-jaarverslag-bz-2014.pdf,63,"• een beleidsproces gericht op heldere resultaten; • aansturing van de uitvoerder op basis van die resultaten; • waar mogelijk geconcentreerde uitvoering op basis van dezelfde algemene uitgangspunten (comply or explain); • heldere rollen in de keten, eenduidige relatie naar uitvoerders en klanten; • goede, waar nodig continue, terugkoppeling vanuit de uitvoering naar beleid gebaseerd op evaluaties en monitoring van de praktijk.",Everyday Racism & Modern Racial Inequality,1.0
jaarverslag-2014-college-voor-toetsen-en-examens.pdf,3,"−− de Centrale indtoets primair onderwijs −− de ontwikkeling van de diagnostische tussentijdse toets in het voortgezet onderwijs Het is de taak van het CvT om, namens de overheid, de kwaliteit van de centrale toetsen en examens die onder zijn verantwoordelijkheid vallen, te waarborgen en om scholen en instellingen in staat te stellen de afname van examens en toetsen vlekkeloos te laten verlopen. Het College voor Toetsen en xamens",Everyday Racism & Modern Racial Inequality,1.0
jaarverslag-2014-college-voor-toetsen-en-examens.pdf,11,"Onder de nieuwe naam is het CvT een nieuwe periode ingegaan met als voortgezet motto: participatie, het vergroten van draagvlak in het veld, en meer transparantie. Zo hebben we aan de vaste Kamercommissie van Onderwijs uitleg gegeven over het werk en de werkwijzen van het CvT en werken we gestaag door aan goede centrale examens en toetsen. In de Kaderwet zelfstandige bestuursorganen was afgesproken dat het Cv na vijf jaar geëvalueerd zou worden als ZBO. Dat is gebeurd. In opdracht van het ministerie van OCW heeft corys onderzoek gedaan en geconcludeerd dat het College zijn onafhankelijke positie waarmaakt.",Everyday Racism & Modern Racial Inequality,1.0
jaarverslag-2014-college-voor-toetsen-en-examens.pdf,40,"de centrale examens in het VO, de staatsexamens VO, de staatsexamens NT2 en het adviseren rondom kandidaten met een beperking (VO/mbo). Behalve dat de nieuwe naam nieuwe taken en nieuwe werkzaamheden in gang zette, vroeg ook de naamswijziging zelf om actie: alle communicatie waarin sprake was van ‘Cv’ werd omgezet naar ‘het CvT’, de website kreeg een nieuwe URL (hetcvte.nl), alle medewerkers ontvingen een nieuw e-mailadres en alle relaties werden op de hoogte gebracht van de nieuwe situatie zodat zij hun communicatie daarop konden aanpassen. Centrale indtoets PO Het CvT dankt zijn nieuwe naam, College voor Toetsen en xamens, in de eerste plaats aan de Wet op het primair onderwijs. In deze wet is de verplichting vastgelegd dat alle leerlingen van groep 8 een eindtoets afleggen.",Everyday Racism & Modern Racial Inequality,1.0
jaarverslag-2014-college-voor-toetsen-en-examens.pdf,51,"Zie ook paragraaf 2.6, Computerexamens Nieuwe initiatieven Naast de nieuwe werkzaamheden en de al bestaande wettelijke taken (zie hoofdstuk 2) zijn er ook nieuwe initiatieven ontwikkeld: het xamenloket is in het leven geroepen voor vragen over de examens VO, er is een platform voor examensecretarissen opgezet, er is een mail­systeem ontwikkeld bij xamenbladmbo.nl, er is een voorlichtingsfilm gemaakt over de centrale examens en de ‘mobiele site’ voor leerlingen, www.mijneindexamen.nl, is gelanceerd. Bij de staatsexamens VO is er een scholingsprogramma ontwikkeld voor de nieuwe examinatoren die elk jaar starten. De staatsexamens NT2 hebben zich vooral bezig gehouden met nieuwe ontwikkelingen als gevolg van de nieuwe Wet educatie en beroeps­ onderwijs.",Everyday Racism & Modern Racial Inequality,1.0
jaarverslag-2014-college-voor-toetsen-en-examens.pdf,57,"De brochure was voor het veld een eerste kennismaking met het CvT. In augustus is de website www.centraleeindtoetspo.nl gelanceerd, die gericht is op drie doelgroepen: directies & besturen, leerkrachten & intern begeleiders en leerlingen & ouders. In 2014 zijn ook de toetsboekjes vormgegeven en is het twitteraccount @cvteeindtoetspo gelanceerd. Voor al deze middelen is een nieuwe, herkenbare CvT-stijl ontwikkeld. Vaststellingscommissies",Everyday Racism & Modern Racial Inequality,1.0
jaarverslag-2014-college-voor-toetsen-en-examens.pdf,65,"In september 2014 is daarom een meerjarige pilot gestart, waaraan scholen vrijwillig kunnen deelnemen. Samen met 150 VO-scholen (vmbo, havo en vwo) uit heel Nederland zal intensief college voor toetsen en examens - jaarverslag 2014 15 Inhoudsopgave ↑ 2.3 en constructief worden samengewerkt aan de ontwikkeling van een voor scholen waardevolle en aantrekkelijke DTT. Wat is de DTT? De DTT is een toets voor leerlingen aan het eind van de onderbouw in het VO. Voor havo-vwo gaat het om een afname in leerjaar 3, voor het vmbo in leerjaar 2. Tijdens de pilot wordt de DTT voor de vakken Nederlands, ngels en wiskunde verder doorontwikkeld.","Remembrance, Heritage & Education",1.0
jaarverslag-2014-college-voor-toetsen-en-examens.pdf,82,Op die manier heeft de mbo- sector de tijd om passende maatregelen te nemen zodat zoveel mogelijk studenten gaan voldoen aan de referentiecesuur. en substantieel deel van de deelnemende studenten geeft in de enquêtes bij de examens aan geen of onvoldoende les gehad te hebben ter voorbereiding op het examen (ongeveer 40% bij rekenen) dan wel dat de lessen niet goed op het examen aansloten (ongeveer 50% bij Nederlands). In het voorjaar is er onderzoek gedaan naar het effect van het niet kunnen terugbladeren binnen het rekenexamen. Hieruit bleek dat er geen verschil is tussen de gemiddelde prestaties van studenten die wel of juist niet kunnen terugbladeren. Desondanks is het vanaf studiejaar 2014-2015 mogelijk gemaakt om binnen de twee afzonderlijke secties van elk rekenexamen (opgaven met en zonder rekenmachine),Everyday Racism & Modern Racial Inequality,1.0
jaarverslag-ilt-2014.pdf,43,toelichting bij de tabellen In de volgende hoofdstukken zijn in de tabellen met realisatiecijfers daar waar zinvol en mogelijk ook de vergelijkbare realisatiecijfers van 2013 opgenomen. De vanaf 2012 ingezette uniformering en standaardi- satie maakt het op sommige punten echter onmogelijk om activiteiten uit 2013 te vergelijken met die uit 2014. Op die plaatsen zijn de realisatiecijfers van 2013 niet vermeld. De ingezette centralisatie voor de afhandeling van vragen via het Meld- en Informatiecentrum (MIC) is in 2013 gerealiseerd.,Everyday Racism & Modern Racial Inequality,1.0
jaarverslag-ilt-2014.pdf,55,"10 | Inspectie Leefomgeving en Transport interventies nucleair en straling aantal collectieve voorlichting 1 waarschuwing 29 last onder dwangsom 3 verscherpt toezicht 2 stilleggen van de activiteit/werk 2 proces-verbaal 1 incidentafhandeling incidentafhandeling nucleair en straling realisatie 2013 planning 2014 realisatie 2014 voorbereiden NPK 9 8 8 afhandeling van meldingen van het aantreffen van, of incidenten met, radioactieve bronnen/stoffen 335 350 258 afhandeling van meldingen van storingen in de Nederlandse installaties 20 33 Het lagere aantal afgehandelde meldingen is veroorzaakt door de prioriteit die de inspectie heeft gegeven aan de uitvoering van de proactieve inspecties. In 2014 zijn meer storingen in de Nederlandse nucleaire installaties opgetreden dan aan het begin van het jaar was voorzien.",Everyday Racism & Modern Racial Inequality,1.0
jaarverslag-ilt-2014.pdf,57,"De inspectie ontwikkelde een managementsysteem conform de internationale eisen van de IAA. Daarnaast is een traject gestart, om in samenwerking met de IAA, de veiligheidscultuur verder te ontwikkelen, overeenkomstig de internationale eisen. In 2014 zijn in totaal drie IAA missies in Nederland uitgevoerd. In februari is een Safety Assessment Long Term Operation (SALTO)",Dehumanization & Scientific Racism,1.0
jaarverslag-ilt-2014.pdf,60,"In november is de IRRS missie uitgevoerd. Dit betrof een audit en peer review op het functioneren van de nationale overheid en de bevoegde autoriteiten in relatie tot de IAA-standaarden en de internationale praktijk van onder meer het toezicht. Het IRRS-team heeft enige 10-tallen aanbevelingen en suggesties gegeven, die in een actieplan door de ANVS worden opgepakt. De inspectie leverde een bijdrage aan de verplichte nationale rapporten in het kader van de U-richtlijn Nucleaire Veiligheid. Daarnaast is deelgenomen aan de drie-jaarlijkse peer review in het kader van de Conventie van Nucleaire Veiligheid.",Everyday Racism & Modern Racial Inequality,1.0
jaarverslag-ilt-2014.pdf,62,"afhandeling meldingen 88 50 153 12 | Inspectie Leefomgeving en Transport toezicht toezicht veiligheid, mens en omgeving realisatie 2013 planning 2014 realisatie 2014 advisering vergunningverlening Wabo, Defensie en bijzondere inrichtingen 23 20 12 convenanten* 1 3 2 objectinspecties • Defensie: bouw en milieu** 428 450 441 • bijzondere inrichtingen**",Everyday Racism & Modern Racial Inequality,1.0
jaarverslag-ilt-2014.pdf,70,"Aan enkele olie-exploitanten die niet tijdig een of meer van hun knelpunten hadden opgelost is een last onder dwangsom in het vooruitzicht gesteld. Bij de exploitanten van overige chemische stoffen, waarvoor op 1 juli 2014 het Besluit xterne Veiligheid Buisleidingen (Bevb) in werking is getreden, zijn eerste inspecties uitgevoerd op aanwezigheid van de verplichte veiligheidsbeheerssystemen. Bij de tot eind 2014 uitgevoerde inspecties ontbreekt dit beheerssysteem nog vaak. Daarmee is de borging van een goed buisleidingenbeheer door de exploitant nog onvoldoende transparant. Deze inspecties worden in 2015 voortgezet.",Everyday Racism & Modern Racial Inequality,1.0
jaarverslag-ilt-2014.pdf,72,Daarbij zijn geen tekortkomingen geconstateerd. Ook in 2014 waren er weer enkele incidenten en bijna ongelukken bij werkzaamheden met genetisch gemodificeerde organismen (ggo’s). Het ging daarbij steeds om ingeperkt gebruik van micro-orga- nismen. Opvallend vaak waren er problemen met het inactief maken van de gebruikte organismen. De incidenten hebben niet geleid tot milieuschade of gezondheidsproblemen.,Everyday Racism & Modern Racial Inequality,1.0
jaarverslag-ilt-2014.pdf,74,"De inspectie legde in twee gevallen het werk stil. In één geval zijn grondwerkzaamheden voor de bouw tijdelijk stilgelegd door de vondst van asbest en in een ander geval is de bouw tijdelijk stilgelegd omdat er niet werd voldaan aan een essentiële eis. interventies veiligheid, mens en omgeving aantal voorlichting geven 9 waarschuwing 148 last onder dwangsom 33 stilleggen van de activiteit 2 14 | Inspectie Leefomgeving en Transport onderzoek onderzoek realisatie 2013 planning",Everyday Racism & Modern Racial Inequality,1.0
jaarverslag-ilt-2014.pdf,76,De inspectie voert geen zelfstandige onderzoeken van buisleidingincidenten uit. Wel zijn drie rapportages van incidenten en ongewone voorvallen beoordeeld. nationale en uropese verplichtingen handhaving dienstverlening dienstverlening nationale en uropese verplichtingen realisatie 2013 planning,Everyday Racism & Modern Racial Inequality,1.0
jaarverslag-ilt-2014.pdf,83,"De inspectie heeft de opdracht om intensiever uitvoering te geven aan het bestuurlijk toezicht op de provincie zoals voorgestaan wordt vanuit de Wet Revitalisering generiek toezicht (WRgt van 1 oktober 2012). De inspectie heeft niet onmiddellijk uitvoering gegeven aan de gewijzigde toezichtsfunctie vanuit de WRgt. Daarbij speelde niet alleen de WRgt een rol, maar ook de start van de Regionale Uitvoerings Diensten (RUD) en de verdere decentralisering van taken van de provincie naar de gemeenten op 1 januari 2014. Op basis van de WRgt ziet de inspectie toe op de uitvoering door de provincies van taken in medebewind. Het accent van de inspectie ligt op de taakverwaarlozing bij de vergunningverlening, toezicht en handhaving (VTH) op Brzo- en Richtlijn Industriële missies (RI) cat-4 bedrijven.",Dehumanization & Scientific Racism,1.0
jaarverslag-ilt-2014.pdf,86,"Provincies en gemeenten moeten op grond van de Wet milieubeheer ongewone voorvallen die zich hebben voorgedaan bij risicovolle bedrijven melden aan de inspectie. In 2014 zijn er van slechts zeven gemeenten meldingen van ongewone voorvallen door de inspectie ontvangen. Van de provincies is er in 2014 door de provincies riesland, Drenthe, Utrecht en Gelderland geen enkele melding van een onge- woon voorval door de inspectie ontvangen. Van de provincies levoland, Groningen, Noord-Holland, Overijssel en Zeeland is slechts één melding ontvangen. 16 | Inspectie Leefomgeving en Transport samenwerking",Everyday Racism & Modern Racial Inequality,1.0
jaarverslag-ilt-2014.pdf,101,r werd twee maal een bestuurlijke boete opgelegd en vier maal een waarschuwing gegeven. interventies afval aantal voorlichting geven 2 waarschuwing 103 last onder dwangsom 4 verscherpt toezicht 1 pv of preweeg (opsporing) 27 20 | Inspectie Leefomgeving en Transport risicovolle stoffen,Everyday Racism & Modern Racial Inequality,1.0
cbs-jaarverslag-2014.pdf,4,Programmareductie ..................................................................................................... 14 3 Innovatie en onderzoek ............................................................................................ 15 3.1 Innovatie en procesvernieuwing ...................................................................................... 15 3.2 Onderzoeksprogramma ............................................................................................... 16 4 Bedrijfsvoering .......................................................................................................... 17 4.1 Personeel ...................................................................................................................... 17 4.2 Risicobeheer en kwaliteitszorg..................................................................................... 19 4.3 Prestatie-indicatoren....................................................................................................,Everyday Racism & Modern Racial Inequality,1.0
cbs-jaarverslag-2014.pdf,11,"Verder wordt een toelichting gegeven op de veranderingen die in het programma zijn doorgevoerd. CBS heeft in 2014 gerelateerde en onderliggende data gebruikt om maatschappelijke fenomenen beter in kaart te brengen. Waar mogelijk worden niet alleen losse cijfers gepubliceerd, maar worden de fenomenen beschreven door de cijfers in samenhang te presenteren. en voorbeeld hiervan is het maandelijkse werkloosheidsnieuwsbericht waarin vanaf medio 2014 aanvullende indicatoren zijn verwerkt, zoals informatie over het aantal banen om de ontwikkelingen van de verschillende dimensies van de arbeidsmarkt adequaat te beschrijven. Daarnaast is in 2014 voor het eerst het Kwartaalbericht Arbeidsmarkt verschenen met daarin een samenhangend beeld over onbenut arbeidsaanbod, banen, vacatures en dynamiek op de arbeidsmarkt.",Everyday Racism & Modern Racial Inequality,1.0
cbs-jaarverslag-2014.pdf,12,"De vernieuwde branchekwartaalmonitoren laten op uniforme en samenhangende wijze een totaalbeeld van een achttal bedrijfstakken zien. Op deze wijze wordt de impact van CBS-informatie vergroot. Niet alleen de inhoud is van belang, maar ook de wijze waarop die inhoud wordt gebracht. Technologische ontwikkelingen en de eerder genoemde fenomeengerichte aanpak bieden nieuwe kansen. In 2014 heeft CBS gewerkt aan een aantrekkelijke presentatie van de gegevens voor verschillende soorten gebruikers.",Everyday Racism & Modern Racial Inequality,1.0
cbs-jaarverslag-2014.pdf,18,"CBS heeft het afgelopen decennium zijn processen en IT-systemen veelvuldig aangepast aan nieuwe informatiebronnen en technische mogelijkheden. Inmiddels staat, mede door al deze aanpassingen, de stabiliteit van het IT-landschap onder druk en is het minder wendbaar dan noodzakelijk om in de toekomst gebruik te kunnen maken van de nieuwe mogelijkheden. Daarnaast vormt kennisborging van de systemen binnen de organisatie een uitdaging, mede als gevolg van de aanstaande uitstroom van pensioengerechtigde medewerkers. Om die reden is het noodzakelijk om te investeren in een meer modulair IT-landschap en kennisdeling en - borging binnen de organisatie. Door deze investeringen kunnen eventuele continuïteitsrisico’s worden voorkomen.",Everyday Racism & Modern Racial Inequality,1.0
cbs-jaarverslag-2014.pdf,24,"Ook internationaal zijn vele stakeholders en partijen met wie CBS in 2014 heeft samengewerkt. Het uropees Statistisch Systeem en de uitvoering van het statistisch werkprogramma 2014 van de uropese Commissie nemen hier een prominente positie in. Buiten uropa was CBS onder meer actief door de deelname in diverse multilaterale kaders, zoals de Organisatie voor conomische Samenwerking en Ontwikkeling (OSO), de Verenigde Naties (VN) en hun regionale en functionele commissies. venals in voorafgaande jaren heeft CBS in 2014 zijn kennis en ervaring ingezet door een bijdrage te blijven leveren aan doelgerichte kennisuitwisseling door middel van bilaterale en multilaterale samenwerkingsverbanden en het verlenen van technische assistentie. CBS",Everyday Racism & Modern Racial Inequality,1.0
cbs-jaarverslag-2014.pdf,29,Grootverbruikers van CBS-data kunnen door directe koppelingen tijd en geld besparen. De nieuwe manier van aanbieden stelt app-bouwers in de gelegenheid makkelijker CBS-data te gebruiken om nieuwe toepassingen te maken. De open data webapplicatie is sinds januari 2015 beschikbaar. In 2014 is het verbeteren van de manier waarop statistische informatie wordt aangeboden op de CBS website gecontinueerd. De ontwikkeling van de nieuwe website bleek complexer en meer tijd te vragen dan initieel was voorzien.,Everyday Racism & Modern Racial Inequality,1.0
cbs-jaarverslag-2014.pdf,32,"Ongeveer tweehonderd betrokkenen uit bijna dertig landen uit de statistiek, politiek en wetenschap kwamen hiervoor bijeen. CBS is erin geslaagd om veel uropese landen in dezelfde taal over duurzaamheid te laten praten en er is overeenstemming over een internationaal, geharmoniseerd meetsysteem. Het door CBS ontwikkelde systeem wordt geleidelijk door andere uropese landen en organisaties als urostat, VN en OCD gebruikt. In maart organiseerde CBS in Heerlen een expert-meeting Wonen en werken in een grensoverschrijdend perspectief in samenwerking met de regionale krimpkenniscentra uit Groningen (KKNN), Zeeland (Scoop, het Zeeuws Instituut voor Sociale en Culturele Ontwikkeling) en Limburg (Neimed, het Nederlands xpertise en Innovatiecentrum Maatschappelijke ffecten Demografische Krimp). Workshops met als thema",Everyday Racism & Modern Racial Inequality,1.0
cbs-jaarverslag-2014.pdf,35,"Het congres werd bezocht door ruim tweehonderdvijftig deelnemers uit zo’n dertig landen. Onder hen waren statistici, wetenschappers en vertegenwoordigers van internationale organisaties. CBS was ook online actief en in samenwerking met externe partijen zijn producten ontwikkeld ter verbetering van actuele statistische informatie. en voorbeeld hiervan is dat CBS samen met andere overheidsorganisaties participeert in Ondernemersplein.nl dat in 2014 is online is gegaan. Ondernemersplein.nl beoogt hét digitale loket van de overheid voor ondernemers te worden.",Everyday Racism & Modern Racial Inequality,1.0
cbs-jaarverslag-2014.pdf,37,"Gecombineerd met het programma Standard BusinessReporting (SBR) wordt het voor ondernemers in de toekomst eenvoudiger rapportages te leveren aan de overheid. Met accountants en softwareleveranciers zijn verschillende grootboekschema’s ontleed in een beperkter aantal standaard gegevenselementen waardoor het voor bedrijven eenvoudig wordt financiële gegevens te verstrekken aan organisaties als Belastingdienst, Kamer van Koophandel, banken en CBS. In 2014 is het Nieuwe Handelsregister (NHR) in gebruik genomen als basis voor het Algemeen Bedrijvenregister (ABR) van CBS, waarin alle bedrijven van Nederland zijn opgenomen, met daarbij belangrijke informatie als wie de eigenaar is, hoeveel vestigingen er zijn en wat de bedrijfsstructuur is. CBS heeft hierbij samengewerkt met de Kamer van Koophandel en het ministerie van conomische Zaken om een aansluiting te realiseren die in de behoeften van meerdere afnemers voorziet zoals de Belastingdienst en Dienst Justis. De belangrijkste verbeteringen voor het ABR zijn de grotere dekkingsgraad van Nederlandse bedrijven, de kwaliteit van de data en de actualiteit van de informatie.",Everyday Racism & Modern Racial Inequality,1.0
cbs-jaarverslag-2014.pdf,39,In bijlage A is een tabel opgenomen met de in 2014 gerealiseerde reguliere output per thema. nkele ontwikkelingen in 2014 worden hieronder toegelicht. Vanaf 2014 is verandering aangebracht in de frequentie en timing van de landelijke prognoses van CBS van het aantal huishoudens en van de bevolking naar herkomstgroep en de frequentie CBS Jaarverslag 2014 – 27 maart 2015 8 van de regionale bevolkings- en huishoudensprognose van CBS en het Planbureau voor de Leefomgeving (PBL).,Everyday Racism & Modern Racial Inequality,1.0
cbs-jaarverslag-2014.pdf,41,"Hierin kwamen vijf thema’s aan bod: wonen en leven, werk en inkomen, sociale voorzieningen, gemeentefinanciën en zorg, onderwijs en veiligheid. In maart heeft CBS de eerste uitkomsten van verslagjaar 2010 van de revisie van de nationale rekeningen gepubliceerd. Directe aanleiding was het toepassen van nieuwe verplichte internationale methodologische richtlijnen. Als gevolg van de revisie kwamen er nieuwe ramingen beschikbaar van veel macro-economische kernindicatoren. In juni kwamen gereviseerde cijfers voor eerdere jaren beschikbaar.",Everyday Racism & Modern Racial Inequality,1.0
cbs-jaarverslag-2014.pdf,42,"Alle lidstaten van de uropese Unie waren verplicht om hun nationale rekeningen in 2014 te publiceren conform de nieuwe internationale methodologische richtlijnen. Tijdens een seminar in juni dat CBS samen met het Nederlands Interdisciplinair Demografisch Instituut (NIDI) organiseerde, zijn de eerste resultaten uit het Onderzoek Gezinsvorming 2013 gepresenteerd. Specifiek is in dit onderzoek ingegaan op families anno nu: de relatie- en gezinsvorming in Nederland en de achtergronden daarvan.",Everyday Racism & Modern Racial Inequality,1.0
cbs-jaarverslag-2014.pdf,43,"In augustus werd de nieuwe stemmingsindicator Ondernemersvertrouwen voor het eerst gepubliceerd. Deze kwartaalindicator geeft een indicatie van de richting waarin het Nederlandse bedrijfsleven (exclusief banken en verzekeringsmaatschappijen) zich volgens ondernemers gaat ontwikkelen. Naast een indicator voor het totale bedrijfsleven komen elk kwartaal vertrouwensgegevens voor specifieke bedrijfstakken als industrie, bouw, detailhandel, groothandel, horeca, transport, zakelijke dienstverlening en delfstoffenwinning beschikbaar. Aan de conjunctuurberichten is sinds september een extra publicatie toegevoegd in de vorm van het economische maandbericht. Hierin wordt een samenvatting van de conjunctuurindicatoren gegeven die CBS in die maand heeft gepubliceerd en wordt aangegeven hoe deze met elkaar samenhangen.",Everyday Racism & Modern Racial Inequality,1.0
cbs-jaarverslag-2014.pdf,44,"In september verscheen voor het laatst De Nederlandse economie als integrale publicatie. Daarvoor in de plaats verschijnen voortaan verdiepende thema-artikelen gedurende het jaar om zo sneller achtergronden te kunnen geven bij de actualiteit, aangevuld met de publicatie Nederland in 20XX, die jaarlijks in maart de economische ontwikkeling in het voorbije jaar in vogelvlucht presenteert. De ontwikkelingen per bedrijfstak en sector worden nog maar eens in de zoveel tijd gepubliceerd in een uitgebreid overzicht van de ontwikkelingen in de voorbije jaren binnen één bedrijfstak. De derde editie van de Monitor Duurzaam Nederland werd in november overhandigd aan de secretaris-generaal van het ministerie van Infrastructuur & Milieu (I&M). Anders dan in eerdere jaren telt deze editie twee delen:","Remembrance, Heritage & Education",1.0
cbs-jaarverslag-2014.pdf,47,"De publicatie Toerisme 2014, verschenen in november, is een samenvoeging van de tot en met 2013 verschenen publicaties “Vakanties van Nederlanders”, “Toerisme in Nederland: Het gebruik van logiesaccommodaties” en “Toerisme en recreatie in cijfers”. Door de samenvoeging tot één publicatie is een beter en meer samenhangend overzicht ontstaan van het toerisme in Nederland en het vakantiegedrag van Nederlanders. Nieuw is de grotere aandacht voor de financiële kant van het toerisme in Nederland. In november publiceerde CBS een boek over de volkstelling van 2011 onder de titel Dutch Census 2011.",Everyday Racism & Modern Racial Inequality,1.0
cbs-jaarverslag-2014.pdf,48,"De traditionele tellingen eindigden voor Nederland in 1971, toen voor de laatste keer geteld werd op basis van vragenlijsten ingevuld door alle huishoudens. Sindsdien baseert CBS zich op bestaande registers voor de volkstelling. Dit is vele miljoenen euro’s goedkoper en administratief vriendelijker dan een traditionele volkstelling. Alle tabellen voor Nederland en andere uropese landen kwamen in 2014 via de uropese Census hub beschikbaar, een nieuwe tool voor de verspreiding van uropese statistieken. Met het doel de doodsoorzakenstatistiek van CBS te vernieuwen is een nieuwe leerstoel ingesteld bij de afdeling Sociale Geneeskunde van het Academisch Medisch Centrum Amsterdam (AMC).",Everyday Racism & Modern Racial Inequality,1.0
cbs-jaarverslag-2014.pdf,49,"Sinds 1 november 2014 vervult Jan Kardaun (CBS) het bijzonder hoogleraarschap Registratie en Statistiek van doodsoorzaken aan de Universiteit van Amsterdam. Aanpassing van de doodsoorzakenstatistiek is noodzakelijk, omdat steeds meer mensen pas op hoge leeftijd overlijden, terwijl zij aan meerdere chronische ziekten lijden. De leerstoel richt zich daarom op het herdefiniëren van het begrip “doodsoorzaak”. Het moet daardoor mogelijk worden om één oorzaak aan te wijzen wanneer dat duidelijk het geval is, en een combinatie van oorzaken aan te wijzen indien er geen doorslaggevende doodsoorzaak is. Sinds dit jaar wordt automatische codering toegepast om, naast efficiencywinst, een betere internationale vergelijkbaarheid en een betere reproduceerbaarheid van de gegevens te bewerkstelligen.",Everyday Racism & Modern Racial Inequality,1.0
cbs-jaarverslag-2014.pdf,51,"Het komt onder meer tegemoet aan de wens van respondenten om zelf te bepalen wanneer ze de vragenlijst invullen in plaats van het plannen van een afspraak met een interviewer. Daarnaast is enquêtering via internet goedkoper. Met ingang van december is CBS gestart met een nieuwe reeks voor de statistiek cao-lonen, een belangrijke conjunctuurindicator. Het basisjaar voor de cao-indexcijfers is verlegd van 2000 naar 2010 en er wordt voortaan over meer bedrijfstakken gepubliceerd. Voor de vernieuwing heeft CBS alle cao’s die in de statistiek zijn opgenomen opnieuw bekeken en vergeleken met informatie van de Belastingdienst en het UWV over werknemers.",Everyday Racism & Modern Racial Inequality,1.0
cbs-jaarverslag-2014.pdf,53,"Het aantal bedrijfstakken waarover cao-gegevens beschikbaar komen, is bij deze overgang vergroot van 38 naar 52. In december verscheen het Armoedesignalement 2014 van CBS en het Sociaal en Cultureel Planbureau (SCP). In dit gezamenlijke jaarlijkse rapport verschaffen onderzoekers van CBS en SCP een zo actueel mogelijk beeld van de omvang, ontwikkeling en karakteristieken van armoede in Nederland. Na voorbereidingen in 2013 is in 2014 de waarneming van brondata voor de staatsbalans (het overzicht van de bezittingen en schulden van de staat) van het ministerie van inanciën overgenomen. Op StatLine is een nieuwe tabel verschenen met de overheidsbalans, cijfers voor de gehele overheid, waar de staat een onderdeel van is.",Everyday Racism & Modern Racial Inequality,1.0
cbs-jaarverslag-2014.pdf,54,Voorheen waren de daarin voorkomende cijfers over financiële activa en materiële vaste activa alleen versnipperd op StatLine te vinden. In december kwamen diverse artikelen uit over de financiën van decentrale overheden. Onderwerpen waren de begrote opbrengsten van heffingen van gemeenten (ca. een maand versneld ten opzichte van voorgaande jaren) en van provincies (wegenbelasting) en de inkomsten van decentrale overheden in uropees perspectief. In 2014 kwamen voor het eerst ramingen beschikbaar over de omvang van de economie (in termen van het bruto binnenlands product) van de drie afzonderlijke eilanden van Caribisch Nederland. Daarnaast kwamen resultaten beschikbaar van de Omnibusenquête die CBS in 2013 in Caribisch Nederland heeft uitgevoerd.,Colonial Exploitation & Economic Inequality,1.0
cbs-jaarverslag-2014.pdf,55,"Deze enquête verschaft informatie over de leefsituatie van inwoners van Bonaire, Saba en Sint-ustatius, in het bijzonder over gezondheid, veiligheid, communicatie, wonen, transport, vakantie en vrije tijd. Tevens werd uitgebreid gerapporteerd over het toerisme in Caribisch Nederland. 2.3 Statistisch onderzoek in opdracht CBS werkt veel samen met andere organisaties en voert een aantal grote onderzoeksprojecten in opdracht van diverse overheidsorganisaties uit. In deze paragraaf volgt een selectie van een aantal projecten.",Everyday Racism & Modern Racial Inequality,1.0
cbs-jaarverslag-2014.pdf,56,"CBS publiceerde dit jaar voor het eerst jaarlijks, en met meer detail, de “Rode Lijst Indicator” (RLI), een indicator over de toestand van de biodiversiteit. Dit was mede mogelijk door gegevens uit het Netwerk cologische Monitoring te combineren met niet-gestructureerde informatie op internet. De nieuwe RLI wees uit dat de ontwikkeling van de biodiversiteit aanmerkelijk positiever verloopt dan tot dan toe werd uitgedragen en trok veel belangstelling. CBS en het PBL gaan de nieuwe indicator voor het natuurbeleid ook in de toekomst gebruiken.",Everyday Racism & Modern Racial Inequality,1.0
cbs-jaarverslag-2014.pdf,60,"De mancipatiemonitor is een gezamenlijke publicatie van CBS en het SCP in opdracht van het ministerie van Onderwijs, Cultuur en Wetenschap (OCW). In een pilotonderzoek in opdracht van branchevereniging DA, de branchevereniging op het gebied van aandrijf- en automatiseringstechniek, is onderzocht hoe informatie van brancheleden gekoppeld kan worden aan CBS-gegevens, zoals omzet en gegevens uit het Sociaal Statistisch Bestand (SSB), en verwerkt kan worden tot publicabele gegevens. Voor enkele andere brancheorganisaties is dit maatwerkonderzoek inmiddels ook uitgevoerd en gepubliceerd. In opdracht van het ministerie van Infrastructuur & Milieu (I&M) is een aantal bedrijfseconomische aspecten van de logistieke dienstverlening binnen de transportsec",Everyday Racism & Modern Racial Inequality,1.0
staat-van-de-ether-2014.pdf,7,Uitval van telecommunicatie kan nooit uitgesloten worden. Om te investeren in dat bewustzijn heb ik vorig jaar een pleidooi gehouden voor een maatschappelijke discussie over dit thema. Tot mijn genoegen signaleer ik dat de potentiele kwetsbaarheid van telecommunicatie sindsdien een prominentere positie op de publieke agenda heeft ingenomen. Ik bespeur daarbij ook een kentering. en verandering in het denken waarbij het publieke belang en de vitale functie van de sector terrein lijken te winnen ten opzichte van eveneens belangrijke uitgangspunten als innovatie en marktwerking.,Everyday Racism & Modern Racial Inequality,1.0
staat-van-de-ether-2014.pdf,73,"zonder de aanwezigheid van veilig en betrouwbaar internet zou onze samenleving direct ontwricht raken. In Nederland bevindt zich het grootste internetknooppunt van uropa: AMS-IX. Vergelijk het met een ‘digitale kroonsteen’, waar verbindingen samenkomen en weer verdeeld worden. en groot deel van het internetverkeer binnen Nederland en naar het buitenland verloopt via dit netwerk. Dat maakt Nederland een unieke vestigingsplaats voor grote bedrijven die – op wat voor manier ook- verbonden zijn aan de digitale infrastructuur.",Everyday Racism & Modern Racial Inequality,1.0
staat-van-de-ether-2014.pdf,83,"Mocht er -ondanks alle voorzorgsmaatregelen- toch een grote verstoring optreden, dan zijn operators verplicht dit te melden. Agentschap Telecom heeft hiervoor het loket Meldplicht Telecomwet ingericht. Op basis van de gegevens van Loket Meldplicht blijkt dat hardware en software fouten de meest voorkomende oorzaken van incidenten zijn. Dit uiteraard wel met de kanttekening dat een incident zelden een enkele oorzaak heeft maar veelal een samenloop van meerdere fouten is. Uit de informatie die over continuïteitsverstoringen beschikbaar is, valt nog geen heldere ‘rode draad’ te herkennen.",Everyday Racism & Modern Racial Inequality,1.0
staat-van-de-ether-2014.pdf,84,"Wel ontstond al snel na aanvang van het meldloket een beeld dat incidenten complex zijn; eenvoudige uitval van componenten/netwerkelementen leidt zelden tot ‘meldplichtige’ incidenten, omdat aanbieders hun netwerken veelal redundant hebben uitgevoerd1. Wel bleek de afgelopen jaren dat onder­ houdswerkzaamheden aan de netwerken regelmatig leiden tot incidenten en dat software-en firmwarepro­ blemen vaak een rol spelen. Om meer te kunnen leren van incidenten met uitval van telecomnetwerken en –diensten, gaat Agentschap Telecom de komende jaren samenwerken met de Universiteit Twente en het Nationaal Cyber Security Centrum in het onderzoeks¬project LINC (“Learning from Incidents”). Mede op basis van de geanonimiseerde gegevens van het meldloket zal worden onderzocht wat deze incidenten gemeenschappelijk hebben en of ze voorkomen hadden kunnen worden.",Everyday Racism & Modern Racial Inequality,1.0
staat-van-de-ether-2014.pdf,85,"Uiteindelijk zal een instrument worden ontwikkeld en gebouwd waarmee telecomaanbieders zelf een risicoanalyse kunnen doen, om incidenten in hun infrastructuur te voorkomen. Het project start begin 2015 en eindigt in 2018. De incidenten die bij Loket Meldplicht worden gemeld zijn beperkt tot de grotere incidenten. Kleine storingen hoeven niet te worden gemeld. Om een beter inzicht in de aard en omvang van continuïteitsverstoringen te verkrijgen, is het wenselijk om ook incidenten uit het verleden (van voor 2012) te ontsluiten.",Everyday Racism & Modern Racial Inequality,1.0
jaarverslag-beheer-staatsdeelnemingen-2014.pdf,34,"In hoofdstuk 7 worden alle afzonderlijke deelnemingen op identieke wijze beschreven en wordt specifieke informatie over het beheer gepresenteerd. In hoofdstuk 8 vindt u een overzicht van alle deel­ nemingen, een begrippenlijst en colofon. In dit jaarverslag wordt net als in voorgaande jaren niet gerapporteerd over de invulling van de aandeelhoudersrol bij financiële instellingen die als gevolg van de financiële crisis in handen van de staat zijn gekomen (zoals ABN AMRO, SNS Reaal en ASR). Het beheer van deze financiële instellingen is op afstand van het ministerie van inanciën geplaatst. Dit verslag verschijnt eerder dan de voorgaande edities, maar nog steeds ruim na het aflopen van het verslagjaar 2014.",Everyday Racism & Modern Racial Inequality,1.0
jaarverslag-beheer-staatsdeelnemingen-2014.pdf,50,"portefeuille staatsdeelnemingen Bedrijven met een monopolie­ positie op het gebied van energie, infrastructuur en transport Bedrijven met een monopolie­ positie op het gebied van kansspelen Bedrijven die dienstverlening voor de overheid of overheids­ gerelateerde organisaties verzorgen Doordat de investeringskosten hoog zijn, ligt het niet voor de hand dat er concurrenten op de markt komen. Bij deze bedrijven staat voorkoming van kansspelverslaving en het aanbieden van een veilig en legaal alternatief voor de consument centraal.",Colonial Exploitation & Economic Inequality,1.0
jaarverslag-beheer-staatsdeelnemingen-2014.pdf,68,"r worden twee criteria gebruikt om de duur van het staatsaandeelhouderschap te bepalen. Dit zijn de marktordening en het strategisch belang. De marktordening kan, bijvoorbeeld in het geval van een natuurlijk monopolie, een reden zijn om te kiezen voor een staatsdeelneming. Hoewel een natuurlijk monopolie niet per sé resulteert in staatsaandeelhouderschap. Daarnaast dienen met de deelneming grote, nationale, strategische belangen gemoeid te zijn (bijvoorbeeld voor de economie of maatschappelijk vitale infrastruc­ tuur).",Colonial Exploitation & Economic Inequality,1.0
jaarverslag-beheer-staatsdeelnemingen-2014.pdf,81,"Op 11 juli 2014 hebben de staatssecretarissen van Veiligheid en Justitie en inanciën de beleids­ visie herinrichting speelcasinoregime aan de Kamer aangeboden. Hierin kondigt het kabinet aan dat het onverkort hecht aan borging van de betrokken publieke belangen (zijnde het voorkomen van kansspelverslaving, het beschermen van de consument en het tegengaan van fraude en criminaliteit), maar dat het de tijd rijp acht dit op een andere wijze te doen. Het kabinet wil het stelsel daarom moderniseren. Het staatsaandeelhouderschap en een vergaande beperking (per kansspelcategorie) zijn niet (langer) noodzakelijk om de publieke belangen te borgen. De ervaringen bij onder andere de speelautomatensector – die een relatief open vergunningstelsel kent – tonen aan dat de publieke belangen net zo goed kunnen worden geborgd via een vergunningstelsel waarin meer (private) aanbieders naast elkaar opereren.",Everyday Racism & Modern Racial Inequality,1.0
jaarverslag-beheer-staatsdeelnemingen-2014.pdf,82,"Daarbij leidt een opener stelsel in beginsel tot meer markt­ werking, wat de innovatiemogelijkheden voor aanbieders vergroot, zodat beter op de wensen van het publiek kan worden ingespeeld. De overtuiging is dat consumenten bij een passend en attractief spelaanbod minder snel geneigd zijn hun toevlucht tot illegaal kansspelaanbod te zoeken. Hiermee wordt vooral de kanalisatie­ doelstelling gediend, die ten grondslag ligt aan het kansspelbeleid. Vanwege bovenstaande redenen is het kabinet voornemens het staatsmonopolie op speelcasino’s op te heffen en te vervangen door een stelsel waarin meer private aanbieders naast elkaar opereren. Voordat Holland Casino geprivatiseerd kan worden dient er een concurrerende marktomgeving te worden gecreëerd en moet de Wet op de kansspelen (Wok) gewijzigd worden.",Reparations & Justice,1.0
jaarverslag-beheer-staatsdeelnemingen-2014.pdf,91,"r wordt op verschillende criteria geëvalueerd, waarbij zowel het verleden als verwachte toekomstige ontwikkelingen worden meegewogen. Deze evaluaties worden uitgevoerd conform een uniform evaluatiemodel dat in samenwerking met de Auditdienst Rijk is opgesteld. In eerste instantie komen de twaalf in de Nota Deelnemin­ genbeleid als ‘permanent’ genoemde staatsdeelnemingen in aanmerking voor evaluatie. In figuur 3.3 is aangegeven welke staatsdeelnemingen het betreft. In 2015 wordt het aandeel­ houderschap in De Munt en Thales geëvalueerd.",Everyday Racism & Modern Racial Inequality,1.0
jaarverslag-mivd-2014.pdf,3,"Zonder inlichtingen, geen operatie. "" De ramp met de MH-17, de opkomst van ISIS en meerdere mili- taire missies. Dit waren gebeurtenissen en ontwikkelingen die grote invloed hadden op Nederland en de krijgsmacht in 2014. Gebeurtenissen en ontwikkelingen die qua aard en ach- tergrond ver uit elkaar liggen.",Colonial Exploitation & Economic Inequality,1.0
jaarverslag-mivd-2014.pdf,6,"De MIVD moet zoveel mogelijk onzeker- heden wegnemen. Zonder inlichtingen, geen operatie. De MIVD richt zich ook op het vroegtijdig signaleren van ont- wikkelingen die ons in de toekomst kunnen raken of om een koerswijziging vragen. Voor een optimale inzet van de krijgs- macht is deze strategic warning essentieel om tijdig handelings- perspectief te krijgen en de krijgsmacht ﬂexibel in te kunnen zetten. Dreiging of instabiliteit die in het buitenland ontstaat en de nationale veiligheid kan bedreigen, wil je bij de bron bestrij- den.",Everyday Racism & Modern Racial Inequality,1.0
jaarverslag-mivd-2014.pdf,10,Dat geeft beperkingen aan wat we met de buitenwe- reld kunnen delen. Defensie kan het zich niet veroorloven om de eigen bronnen en informatiepositie kwijt raken. Daarmee zouden mensenlevens in gevaar worden gebracht. In de komende jaren zie ik de behoefte aan tijdige en op be- trouwbaarheid getoetste militaire inlichtingen- en veiligheids- producten verder toenemen. Recente ontwikkelingen laten zien dat crises zich snel ontwikkelen en over landsgrenzen,Everyday Racism & Modern Racial Inequality,1.0
jaarverslag-mivd-2014.pdf,15,"militair/operationele analy- ses over capaciteiten, activiteiten en intenties van opposing military forces op voor militaire operaties, waar Nederlandse militairen bij betrokken zijn. Deze analyses worden gemaakt voor uitgezonden eenheden en geven speciﬁeke en gevalideer- de informatie over het inzetgebied. Tactische analyses onder- steunen de patrouilles en operaties in het uitzendgebied met inlichtingen. De MIVD werkt met teams bestaande uit analisten en specialis- ten voor het verzamelen van informatie.",Everyday Racism & Modern Racial Inequality,1.0
jaarverslag-mivd-2014.pdf,24,"Bovendien toonde dit de ontwikkeling van het Russische militair vermogen. De op 16 april 2014 door de Noord-Atlantische Raad goedge- keurde immediate reassurance measures betroﬀen een militai- re versterking van de oostgrens van de NAVO als reactie op de toegenomen Russische militaire activiteiten langs de Oe- kraïense grens en NAVO-grondgebied. Onderdeel hiervan is onder andere de stationering van Nederlandse 16 gevechts- vliegtuigen in Polen, de aanwezigheid van Nederlandse mari- neschepen in de Baltische Zee en deelname in 2015 door Ne- derlandse eenheden aan de NATO Very High Readiness Joint Task orce (‘ﬂitsmacht’).",Dehumanization & Scientific Racism,1.0
jaarverslag-mivd-2014.pdf,25,"De vraag naar inlichtingenproducten over de Russische ederatie is hierdoor fors toegenomen. Ook buiten Oekraïne is sprake van een toename van Russisch militair machtsvertoon en strategic messaging (het afgeven van een politieke boodschap) met militaire middelen, het- geen blijkt uit een toename en een toenemende complexiteit van inzet van de Russische strategische bommenwerpervloot en de Russische marine in de directe omgeving van NAVO- grondgebied. De MIVD rapporteert over deze activiteit en blijft dit ook de komende jaren doen. 13 Het volgen van militairtechnologische ontwikkelingen is voor de MIVD van belang om een inschatting te kunnen maken van de dreiging van bestaande en toekomstige conventionele wapen- systemen in (potentiële) risicolanden en inzetgebieden.",Everyday Racism & Modern Racial Inequality,1.0
jaarverslag-mivd-2014.pdf,29,"Nederlandse militairen vervullen met bondgenoten een adviserende rol voor het hogere kader van le- ger en politie. en goed functionerend veiligheidsapparaat is er voor de bescherming van de Afghaanse bevolking en de handha- ving van de (vooralsnog wankele) rechtsorde in het land. De Ne- derlandse militairen en hun bondgenoten zijn niet verantwoor- delijk voor de veiligheid in Afghanistan, dat ligt geheel bij de Af- ghanen. De MIVD voorziet het Nederlands contingent van analy- ses. Capaciteiten zijn de mensen en mid- delen waarover de opstandelingen be- schikken.",Everyday Racism & Modern Racial Inequality,1.0
jaarverslag-mivd-2014.pdf,33,"De terugtrekking werd opge- 15 Doel van de missie is stabiliteit en veiligheid voor de bevolking van Mali. De Nederlandse militairen verzamelen, verwerken en analyseren inlichtingen voor de Verenigde Naties, die hierdoor eﬀectiever kunnen optreden. volgd door kleinschalige gevechten tussen rivaliserende mili- ties die wedijveren om de winstgevende smokkelroutes die Ma- li met Noord-Afrikaanse smokkelnetwerken verbindt. De start van nieuwe vredesbesprekingen in Algiers in juli tussen o.a. Bamako en een aantal groeperingen uit het noorden van Mali waaronder de MNLA die nog altijd een onafhankelijke Azawad nastreeft, kreeg door het verlies bij Kidal een noodzakelijke impuls aangezien een militaire oplossing van conﬂict niet lan- ger haalbaar was. Dit bood in het verdere verloop van 2014 echter nog geen zicht op een duurzaam vredesakkoord waar alle in Algiers vertegen- woordigde partijen zich in kunnen vinden.",Colonial Exploitation & Economic Inequality,1.0
jaarverslag-mivd-2014.pdf,34,"Inmiddels is begin maart door een aantal partijen een pre-akkoord geparafeerd, maar de Coördinatie voert nog overleg met de achterban. De internationale aanwezigheid in Mali heeft afgelopen jaar helaas geen einde gebracht aan de jihadistische dreiging in Noord-Mali en de regio, ondanks het succesvolle militaire of- fensief in 2013, de VN-inspanningen en de ranse operaties Ser- val en Barkhane. Jihadistische strijders, verbonden door net- werken, hebben door middel van diverse aanslagen in Noord- Mali een destabiliserend eﬀect gehad op het gebied. Zo is de veiligheidssituatie in de regio Kidal in 2014 verder onder druk komen te staan door de verminderde aanwezigheid van ranse troepen, de afwezigheid van Malinese autoriteiten, de toegeno- men criminaliteit en de onverminderde bewegingsvrijheid van jihadisten.",Everyday Racism & Modern Racial Inequality,1.0
jaarverslag-mivd-2014.pdf,35,"Aanslagen met raketten, improvised explosive devi- ces (IDs) en mijnen waren gericht tegen zowel het Malinese leger als tegen eenheden van MINUSMA en de ranse operatie Barkhane. Vooral in het gebergte Adrar des Ifoghas kunnen de jihadisten zich makkelijk bewegen, zowel vanwege de kennis van het terrein alsook door diepgewortelde lokale contacten. De aanloop naar een vredesakkoord kan leiden tot een evenre- dig opvoeren van activiteiten door de gewapende groeperin- gen. 16 Wateren rond de Hoorn van Afrika Nederland heeft in 2014 in het kader van pirate- rijbestrijding, en ten behoeve van ongestoorde en vrije scheepvaart, bijgedragen aan de antipi- raterijoperaties missie van de U, UNAVOR ATALANTA, en aan de NAVO-missie, OCAN SHILD, in de Golf van Aden, het Somalisch Bassin en in de Indische Oceaan. veneens droeg Nederland in 2014 bij aan de regionale mari- tieme capaciteitsopbouwmissie van de U, UCAP NSTOR, en de uropese Trainingsmissie in Somalië.",Everyday Racism & Modern Racial Inequality,1.0
jaarverslag-mivd-2014.pdf,39,Aan boord van de koopvaardijschepen kunnen VPD’s worden inge- zet en andere preventieve beveiligingsmaatregelen worden ge- nomen die er onder andere voor zorgen dat piraten moeilijker aan boord kunnen komen. Naast de preventieve maatregelen aan boord van koopvaardijschepen draagt het monitoren en uitschakelen van zogenaamde Pirate Action Groups (PAGs) door de patrouillerende marineschepen positief bij aan pirate- rijbestrijding. Piraten breken de aanval ook af wanneer ge- richt vuur wordt uitgebracht. Op land De internationale gemeenschap tracht al jaren duurzame ver- anderingen in Somalië te bewerkstelligen en stimuleert en ﬁ- nanciert de wederopbouw van het land.,Everyday Racism & Modern Racial Inequality,1.0
jaarverslag-mivd-2014.pdf,45,"In juni 2014 heeft ISIS een islamitisch kalifaat uitgeroepen in delen van Syrië en Irak. Hierbij had het gewelddadig optreden van ISIS ontwrichtende gevolgen ter plaatse en in omringen- de landen. ISIS en daaraan gelieerde netwerken vormen een 19 Strategic warning of strategische waarschuwing: onderzoek naar een land of gebied, waarbinnen ontwikkelingen gevolgen kun- nen hebben voor Nederlandse belangen directe dreiging voor de veiligheidssituatie en stabiliteit van Irak, zijn burgers en de omliggende regio, en potentieel een dreiging voor de Nederlandse veiligheid, vanwege de groei van geradicaliseerde strijders richting Syrië en Irak en de mo- gelijke dreiging die uit gaat van individuen die terugkeren naar ons land en die zich aangesproken voelen door het ge- dachtegoed van ISIS. Mede daarom heeft het kabinet besloten ook een militaire bijdrage te leveren aan de internationale coalitie die strijdt tegen ISIS in Irak. ISIS heeft in meerdere boodschappen oproepen gedaan aan jihadisten om aansla- gen te plegen tegen belangen van landen die deelnemen aan de internationale coalitie.",Everyday Racism & Modern Racial Inequality,1.0
jaarverslag-mivd-2014.pdf,46,"Aanslagen in rankrijk, Canada en Australië hebben aangetoond dat onder meer militaire belan- gen voor dit soort aanslagen een potentieel interessant doel- wit vormen. De MIVD heeft in 2014 onderzoek verricht naar de dreiging die uitgaat van ISIS richting Defensie in Nederland en richting eenheden van Defensie die deelnemen aan de in- ternationale coalitie in de regio. 20 Het autoritaire optreden van premier al-Maliki had de cohesie van het Iraakse bestuur de laatste jaren zodanig ondermijnd, dat zijn positie in september 2014 onhoudbaar werd. Zijn opvolger al-Abadi heeft een hoopvolle start gemaakt door succesvol een meer inclusieve ministersploeg te vormen, waarbinnen soenniti- sche belangen ook vertegenwoordigd zijn, te werken aan een ak- koord over de Koerdische autonome regio over olie en achter- stallige betalingen en hervormingen door te voeren in de militai- re topstructuur.",Everyday Racism & Modern Racial Inequality,1.0
jaarverslag-mivd-2014.pdf,49,"Het on- derzoek behelst bijkans alle aspecten die ver- band houden met de politiek-militaire situatie in deze lan- den. De strijd in Syrië die sinds het najaar van 2011 een almaar groeiend militair karakter heeft gekregen, woedt met verschil- lende intensiteit in vrijwel geheel in het land. Zowel het be- wind als de enorme schakering aan strijdgroepen maken ge- bruik van alle hun ter beschikking staande militaire midde- len. Beide kampen kunnen hierbij rekenen op met name ma- teriële steun van landen in de regio. De opmars van Islamiti- sche Staat in Irak en al-Sham (ISIS) in Syrië en Irak heeft nog meer urgentie gegeven aan het onderzoek.",Reparations & Justice,1.0
jaarverslag-2014-inspectie-militaire-gezondheidszorg.pdf,22,Koninklijke Marechaussee STA KMAR/Directeur Personeel en Bedrijfsvoering STA KMAR/DPB/Hoofd Sectie Gezondheidszorg & Casecoördinatie KMAR/DLB/KMOO/Commandant,Everyday Racism & Modern Racial Inequality,1.0
jaarverslag-2014-inspectie-militaire-gezondheidszorg.pdf,59,"In zijn algemeenheid kan worden gesteld dat de waargenomen inzet van het gezondheidszorgpersoneel van alle krijgsmachtdelen, zowel in Nederland als tijdens operationele tewerkstelling, een positieve indruk heeft achtergelaten. De verdere constateringen, deels universeel van aard, zullen in dit jaarverslag nader worden besproken. Wat de zorg in Nederland betreft worden, met name in de 1e lijn, de effecten van de uitgestelde grootschalige reorganisatie van de militaire gezondheidszorg steeds duidelijker merkbaar. De reorganisatie is vertraagd, met name omdat de militaire belangenverenigingen het niet eens waren met het voorzieningenniveau dat als uitgangspunt wordt gehanteerd om te komen tot een erstelijns Gezondheidszorg Bedrijf (GB) en een Defensie Tandheelkundige Dienst (DTD) bij het Commando DienstenCentra (CDC). chter reeds in 2013 zijn de aansturende Staven van alle Operationele Commando’s (OpCo’s) gereorganiseerd en aanzienlijk verkleind;",Everyday Racism & Modern Racial Inequality,1.0
jaarverslag-2014-inspectie-militaire-gezondheidszorg.pdf,62,"Verder is in 2014 gebleken dat, mede door de vertraging van de reorganisatie, de infrastructuur van de gezondheidscentra onvoldoende (financiële) aandacht krijgt, hetgeen leidt tot achterstallig onderhoud en uitstel van verbouw- en nieuwbouwprojecten. Dit vormde aanleiding voor de IMG om een gedoogsituatie in rmelo op te heffen en tot een aanwijzing tot sluiting over te gaan. Als resultante kan gemeld worden dat het zoeken naar een interim oplossing nu wel met voortvarendheid is opgepakt, zodat naar verwachting begin 2015 weer een functionerend gezondheidscentrum in rmelo voorhanden is. Bovendien zijn op een aantal andere locaties nu ook verbouwprojecten versneld aangepakt om sluiting te voorkomen. Overige gedoogsituaties zullen begin 2015 opnieuw bezien worden.",Everyday Racism & Modern Racial Inequality,1.0
jaarverslag-2014-inspectie-militaire-gezondheidszorg.pdf,63,"De IMG heeft voor genoemde problematiek aandacht gevraagd op diverse niveaus, te weten stafartsen en staftandartsen van de OpCo’s, commandant DGO, plaatsvervangend Secretaris-Generaal (pSG) en SG. De IMG heeft aangegeven ook komend jaar bij inspecties nauwlettend te zullen toezien op het continuüm en de kwaliteit van geboden zorg en de patiëntveiligheid. Ook in de gehouden gesprekken met de militaire belangenverenigingen, de diverse geneeskundige projectleiders en de IGK is nadrukkelijk gesproken over de lopende reorganisatie en de consequenties daarvan voor de zorgverlening. In het verslagjaar is ook aan de 2~ lijns instellingen zoals het Centraal Militair Hospitaal (CMH), de Militaire Geestelijke Gezondheidszorg (MGGZ) en het Militair Revalidatiecentrum (MRC) de nodige aandacht besteed. Zo is eind 2014 gestart met inspecties van poliklinieken in het CMH, hetgeen in 2015 zal worden voortgezet.",Everyday Racism & Modern Racial Inequality,1.0
jaarverslag-2014-inspectie-militaire-gezondheidszorg.pdf,64,"Ook de radiologie afdeling is geïnspecteerd. In samenwerking met de Inspectie voor de Gezondheidszorg (IGZ) heeft verder onderzoek plaatsgevonden naar de voorbereiding op de opvang van bola-patiënten in het Calamiteitenhospitaal. Met alle directies van 2~ luns instellingen hebben periodieke gesprekken plaatsgevonden. Ook in 2014 is uitvoering gegeven aan het samenwerkingsconvenant van de IMG met de IGZ, middels periodiek overleg, gezamenlijk toezicht en kennisdeling. en van de toezichtzaken betreft de wijze waarop Defensie omgaat met (ex)werknemers die in het verleden zijn blootgesteld aan Chromaten.",Everyday Racism & Modern Racial Inequality,1.0
jaarverslag-2014-inspectie-militaire-gezondheidszorg.pdf,65,"In 2014 heeft de IMG evenals voorgaande jaren meldingen van zorggebruikers en zorgverleners in behandeling genomen, gericht op een mogelijk ernstig of structureel tekortschieten van de kwaliteit van de geneeskundige (keten)zorg, analoog aan de werkwijze van de IGZ. Behandeling van klachten geschiedt uitsluitend nog door de Centrale Klachtencommissie (CKC) van Defensie. De IMG houdt hier toezicht op, hetgeen ook in dit verslagjaar de reden vormde voor meerdere gesprekken. De doorlooptijd van klachten is dankzij secretariële ondersteuning vanuit het Centrum Arbeidsverhoudingen Overheidspersoneel (CAOP) aanzienlijk gereduceerd en valt nu binnen de termijnen als opgelegd.",Everyday Racism & Modern Racial Inequality,1.0
jaarverslag-2014-inspectie-militaire-gezondheidszorg.pdf,66,"De Organisatie en werkwijze van de klachtencommissie is in 2014 onder regie van de Hoofddirecteur Personeel (HDP) nader bezien, mede gelet op een aankomende wetswijziging in 2015. De focus van het stralingstoezicht, behoudens het reguliere toezicht op de röntgentoepassingen in de tandheelkunde en in de 2e lijns zorginstellingen, heeft ook in 2014 gelegen op de opslag en afstoting van niet-geneeskundig materiaal (onder andere bij de oprichting van het Nationaal Militair Museum (NMM)) en op de röntgenscreenings apparatuur op Schiphol ten behoeve van opsporing, waarvoor de verantwoordelijkheid inmiddels is overgenomen door de KMar. In 2015 zal aldaar een CT-scanner met minimale stralingsbelasting in gebruik worden genomen. Los van de benoemde kritische constateringen in dit jaarverslag die door zowel zorgverleners als zorgaanbieders dienen te worden opgepakt, wil de IMG ook dit verslagjaar zijn waardering uitspreken voor alle zorgverleners binnen de militaire gezondheidszorg, zowel in Nederland als tijdens operationele inzet. Het is te hopen dat in 2015 de reorganisatie kan worden afgerond, hetgeen een hoop onzekerheid zal wegnemen en gelijktijdig de mogelijkheid biedt om te komen tot een uniform kwaliteitssysteem en efficiëntere inzet van mens en middelen in de zorg.",Everyday Racism & Modern Racial Inequality,1.0
jaarverslag-2014-inspectie-militaire-gezondheidszorg.pdf,70,"het openhouden van alle, met name kleinere, vestigingen door uitstel van de reorganisatie versterkt dit effect. Ontvangen signalen hebben de IMG doen besluiten om eind 2014 een Quick Scan middels vragenlijst uit te voeren op alle gezondheidscentra, waar nodig geacht of gewenst gevolgd door aanvullende gesprekken. De opleidings- en bekwaamheidseisen zijn conform civiel geïmplementeerd en geborgd; echter de tevens vereiste kennis en kunde in de 1e lijn van geïntegreerde zorg en kennis van militaire functies (onder andere fysieke belastbaarheid, blootstellingen, re-integratiemogelijkheden) en van de Defensieorganisatie als geheel, is door de veelvuldige inhuur niet geborgd. Dit wordt versterkt door het ontbreken van een eenduidig kwaliteitssysteem en/of protocollen, of het niet-actueel zijn daarvan; bovendien verlangt inhuur supervisie door het zittende artsenbestand, hetgeen ten koste gaat van de eigen zorgverlening.",Everyday Racism & Modern Racial Inequality,1.0
jaarverslag-2014-inspectie-militaire-gezondheidszorg.pdf,74,"Bovendien zou Staf CLAS ook het GC Assen aanpassen op enkele punten, waarmee door de IMG geconstateerde tekortkomingen zouden worden opgeheven. Dit laatstgenoemde is op keurige wijze gerealiseerd, evenals het doorvoeren van verbeteringen in Stroe in afwachting van de helaas tot 2015/2016 vertraagde nieuwbouw. Dit echter in tegenstelling tot de voorgenomen realisatie van een interim-oplossing voor rmelo. De Dienst Vastgoed Defensie (DVD), verantwoordelijk voor de verbouw van en plaatsing van Portacabins aan het GC, hield zich niet aan de gemaakte termijnafspraken. Voor de IMG vormde dit aanleiding om de gedoogsituatie op te heffen en over te gaan tot een aanwijzing tot sluiting van het centrum voor de geïntegreerde zorg, die ook geleid heeft tot Kamervragen. en maatregel met directe reistijdgevolgen voor de aldaar geplaatste militairen naar de arts; nog hinderlijker met de verwachte overkomst van de KMS uit Weert naar rmelo.",Everyday Racism & Modern Racial Inequality,1.0
jaarverslag-2014-inspectie-militaire-gezondheidszorg.pdf,78,"Zeker het gebrek aan gebruiksvriendelijkheid vormt voor de inhuurartsen een extra complicatie. Inmiddels vindt verkennend onderzoek plaats naar een opvolgend systeem waarbij de uitkomst van de enquête nadrukkelijk zal worden betrokken. Operationele zorg In het jaarverslag 2013 heeft de IMG, op grond van eigen inspectiebevindingen bij de politiemissie in noord Afghanistan en de support van antipiraterijmissies en de Patriotmissie in Turkije, kunnen melden dat de operationele medische zorgverlening voldoet aan de gestelde eisen. In 2014 zijn al deze missies gecontinueerd en zijn geen signalen ontvangen van tekortschietende zorg.",Everyday Racism & Modern Racial Inequality,1.0
jaarverslag-2014-inspectie-militaire-gezondheidszorg.pdf,79,"Inmiddels zijn in 2013 en 2014 de nodige nieuwe missies (onder andere in Mali) hier nog aan toegevoegd; van deze missies zijn evenmin signalen ontvangen van dat de gezondheidszorg een probleem vormt, in tegenstelling tot bijvoorbeeld voedselveiligheid (zie hiervoor het desbetreffende hoofdstuk in dit jaarverslag). De in 2013 genoemde aandachtspunten ketenzorg (centrale regie van voldoende omvang, kennis en sturingsmogelijkheden) bij oefening en uitzending en de niet eenduidige voorbereiding op uitzending zijn helaas nog niet opgelost. De van oudsher bekende Speciale Staf Officier Geneeskundige Dienst (SSOGD) taak bij CLAS is komen te vervallen en centrale regie is belegd bij Directie Operaties (DOPS)/JMed; echter de vereiste 24/7 formatieve capaciteit daarvoor is niet gerealiseerd. enduidige toetsingscriteria in de voorbereiding op uitzending, mede door de vertraagde reorganisatie van het IDGO, evenmin.",Everyday Racism & Modern Racial Inequality,1.0
jaarverslag-2014-inspectie-militaire-gezondheidszorg.pdf,80,"Tot slot dient wederom gemeld te worden dat een zogeheten blauwdruk voor werkwijze en inzet van Advanced Resuscitation Teams (ART) in concept gereed is, maar nog steeds wacht op overeenstemming met de Belgische collegae alvorens fiat te krijgen van de CDS. Logistiek In 2013 is gemeld dat de logistieke problemen bij de bevoorrading van (operationele) zorginstellingen structureel is aangepakt. Inderdaad is dit voortvarend gebeurd, echter de problemen met de introductie van het voorraadbeheersysteem SAP op het Militair Geneeskundig Logistiek Centrum (MGLC) hebben ook in 2014 nog wel effect gehad. en voorbeeld hiervan vormt de mogelijkheid in SAP tot afroep van middelen bij het MGLC (niet zijnde geneesmiddelen) door derden, hetgeen forse financiële consequenties tot gevolg kan hebben, zoals bleek medio 2014, waarmee de reguliere bevoorrading in gevaar kan komen.",Everyday Racism & Modern Racial Inequality,1.0
jaarverslag-2014-inspectie-militaire-gezondheidszorg.pdf,85,"Zowel het CMH, de MGGZ en het MRC bieden zorg die zich tenminste kan meten met civiel, hetgeen ook blijkt uit tevredenheidsonderzoeken onder patiënten, waardering van vergelijkbare civiele instellingen en veelal in nauwe samenwerking met de IGZ gehouden inspecties de afgelopen jaren. Dit geldt tevens voor de MBB, die bovendien binnen NATO een goede naam heeft opgebouwd met bevroren bloedproducten. Ook de vormgeving van de operationele 2e lijnszorg, met specialisten in de zogeheten Instituut Defensie en Relatieziekenhuizen (IDR)-constructie, wordt internationaal hoog gewaardeerd. Uiteraard zijn er altijd verbeteringen mogelijk en moet men permanent alert blijven op de kwaliteit van zorg. Kwaliteitssystemen met een PDCA-cyclus dragen hier zeker aan bij, en alle 2e lijnsinstellingen van Defensie beschikken daarover.",Everyday Racism & Modern Racial Inequality,1.0
jaarverslag-2014-inspectie-militaire-gezondheidszorg.pdf,86,"Voor de le lijn (medisch, farmaceutisch en tandheelkundig), niet zijnde tijdens operationeel optreden, is met de huidig lopende reorganisatie eveneens gekozen om deze centraal onder te brengen bij de DGO in het CDC. Wederom met als doel een betere kwaliteitsbeheersing, meer efficiency en eenduidiger zorgverlening aan de patiënt. De opgelopen vertraging van deze reorganisatie, waarvan de oorzaak reeds elders is aangegeven, leidt over meerdere jaren gezien tot achteruitgang, zeker als het gaat om de 6 kwaliteitsborging. Daar waar de OpCo’s enige jaren terug nog beschikten over eigen kwaliteitssystemen, deels civiel gecertificeerd, is dat ultimo 2014 bij geen enkel OpCo meer het geval. Interne (en soms externe) auditering en visitaties zoals in het verleden gebruikelijk, vinden nu niet of zelden meer plaats.",Everyday Racism & Modern Racial Inequality,1.0
jaarverslag-2014-inspectie-militaire-gezondheidszorg.pdf,87,"De personele bezetting, zeker met betrekking tot militaire huis- en bedrijfsartsen, staat onder druk als gevolg van (ir)regulier verloop van Algemeen Militair Arts (AMA) en Algemeen Militair Verpleegkundige (AMV) en bewuste wervingsdemping de afgelopen jaren om verwachte overtolligheid te voorkomen. Aangezien alle, ook kleinere, gezondheidscentra en ziekenboegen lopende de reorganisatie open moeten blijven, leidt dit tot onderbezetting. Inhuur, veelal met parttimers, kan dit manco maar deels oplossen, gelet op de specifiek vereiste deskundigheid van de militair arts (geïntegreerde zorg) en tandarts (kennis van dental fitness) en kennis van de militaire organisatie (werkwijze, fysieke en psychische blootstellingen etc.). Intercollegiaal overleg/intervisie is hiermee ook moeilijk realiseerbaar en door tijdsproblemen schiet ook team- en werkoverleg er veelal bij in, evenals een goed inwerkprogramma, protocolonderhoud en dergelijke. Voor alle duidelijkheid: de zorg wordt geleverd door of onder verantwoordelijkheid van BIG- geregistreerde professionals die individueel bekwaam zijn voor hun taak en optimale zorg willen en zullen trachten te leveren;",Everyday Racism & Modern Racial Inequality,1.0
jaarverslag-2014-inspectie-militaire-gezondheidszorg.pdf,88,"echter de samenhang, eenduidige werkwijze en eenduidige aansturing ontbreekt vaak. Het is vanuit toezichtoogpunt dus zaak dat implementatie van het GB en de DTD zo snel als mogelijk geschiedt. ventuele tekortkomingen kunnen in de evaluatiefase wel worden rechtgetrokken. Op het gebied van de infrastructurele voorzieningen voor de V lijnszorg is al jaren sprake van een verslechterend beeld, dat in belangrijke mate samenhangt met het gebrek aan structureel en periodiek onderhoud ten gevolge van uitgeputte budgetten en onduidelijkheid ten aanzien van de datum van overdracht van de verantwoordelijkheid ervoor. Dit heeft reeds geleid tot sluiting van voorzieningen en dreigt in de toekomst opnieuw vergaande maatregelen noodzakelijk te maken.",Everyday Racism & Modern Racial Inequality,1.0
jaarverslag-2014-inspectie-militaire-gezondheidszorg.pdf,89,"Operationeel gezien ziet de kwaliteit van zorg er goed uit, zowel op basis van eigen bevindingen als kijkend naar het aantal meldingen. Maar ook hiervoor geldt, dat alertheid geboden is en blijft als het gaat om samenhang van ketenelementen (Role 0, Role 1, Role 2/3, MDVAC, Role 4 en re-integratie) en een goed belegd en uitgevoerd intern toezicht (door de HMA) van essentieel belang is. Ook de ontwikkeling van toekomstige Role 2 voorzieningen lijkt te stagneren; ook hier is er een samenhang met de stagnerende reorganisatie. Voor de voedselveiligheid in Nederland geldt, dat deze met de centrale belegging bij Paresto goed geborgd was.",Everyday Racism & Modern Racial Inequality,1.0
aivd-jaarverslag-2014-220415.pdf,5,"Ook in 2014 bleef de dreiging aanhouden van personen die vanuit Nederland naar Syrië of Irak vertrokken, terugkeerden of, naar aanleiding van de gebeurtenissen daar, zich hier steeds meer van onze samenleving afwenden. De AIVD heeft met zijn rapport Transformatie van het jihadisme in Nederland, zwermdynamiek en nieuwe slagkracht de problematiek duidelijk op de kaart gezet. Naar aanleiding van onder andere deze publicatie heeft het kabinet een actieplan opgesteld om radicalisering en jihadisme tegen te gaan. Zoals het rapport bewijst, vormt de AIVD binnen de keten van overheidsorganisaties een unieke bron van informatie over de ontwikkelingen op dit terrein. Neem daarbij ook nog de niet-aflatende cyberdreiging richting ons land.",Everyday Racism & Modern Racial Inequality,1.0
aivd-jaarverslag-2014-220415.pdf,38,"Het geweld in en de desintegratie van zowel de Syrische als de Iraakse staat vormen niet alleen een bedreiging voor de veiligheid van de eigen bevolking, maar ook voor de veiligheid in de regio en daarbuiten. Van de strijd in Syrië en Irak, en vooral van het uitroepen van het kalifaat door ISIS, gaat internationaal een wervende werking uit. Buitenlandse jihadgangers zijn de tegenstanders van de regering- Assad te hulp geschoten. Zij sluiten zich dikwijls aan bij extremistische soennitische strijdorganisaties, zoals ISIS en het rivaliserende Jabhat al-Nusra. Jihadisten uit westerse landen kunnen getraind en met een opdracht terugkeren naar hun land van herkomst, of vanuit hun operatiegebied thuisblijvers inspireren tot geweld.",Everyday Racism & Modern Racial Inequality,1.0
aivd-jaarverslag-2014-220415.pdf,51,"Niettemin is er aanhang van ISIS onder terroristische groeperingen in gypte, waaronder Wilayat Sinaï, dat in 2014 officieel affiliate van ISIS werd. Deze groeperingen richten zich primair op gyptische overheidsdoelen, maar ook westerse objecten en personen kunnen doelwit zijn. Libië is na de val van het bewind van Moammar Kadhaffi tot bestuurlijke wanorde vervallen. De grenzen staan wijd open voor mensensmokkelaars en wapenhandelaars. Ook Al Qaida in de Islamitische Maghreb (AQIM), dat voornamelijk actief is in Zuid- Algerije en Mali, profiteert hiervan.",Everyday Racism & Modern Racial Inequality,1.0
aivd-jaarverslag-2014-220415.pdf,56,"Die positie is kwetsbaar door een eenzijdige economische oriëntatie op de verkoop van ruwe grondstoffen. en ongelijk speelveld Het Russische staatsbestel kenmerkt zich door grote bureaucratie. Bovendien ligt de werkelijke macht in Rusland niet bij de instituties die hier formeel voor verantwoordelijk zijn, maar is deze ingebed in parallelle machtsstructuren en rivaliserende informele netwerken. Dit stelt Poetin in staat om, achter de schermen en buiten formele instituties, als ultieme scheidsrechter op te treden.",Everyday Racism & Modern Racial Inequality,1.0
aivd-jaarverslag-2014-220415.pdf,58,"Op het energiedossier is dat al jaren de praktijk. Ook zal Rusland blijven proberen een wig te drijven tussen de NAVO-staten. Om de eensgezindheid van de uropese Unie inzake Rusland te verstoren voert het Kremlin voortdurend een verdeel-en-heersstrategie. Het ‘energiewapen’ vormt een centraal middel om verdeeldheid te zaaien in uropa. Rusland beoogt individuele uropese lidstaten politiek aan zich te binden door hen eenzijdig afhankelijk te houden van Russisch aardgas, of juist door hen gunstige voorwaarden te bieden.",Everyday Racism & Modern Racial Inequality,1.0
aivd-jaarverslag-2014-220415.pdf,59,"Moskou hoopt dat deze landen zich tegen de uropese consensus over een stevig Ruslandbeleid keren en zich zullen verzetten tegen het uropese energiebeleid. Dit energiebeleid wil de vrije markt stimuleren door zich bij de keuze van energievoorziening niet te richten op één bepaald land, één bepaalde leverancier of een eenzijdige energiebron. Rusland, dat alles graag in één hand houdt, ziet dit beleid als een directe bedreiging voor zijn machtspositie. De capaciteit van Rusland om politieke invloed uit te oefenen op basis van zijn positie als energiegrootmacht is echter verzwakt. Rusland heeft internationale samenwerking en investeringen nodig om de efficiëntie van de Russische energiesector te verhogen en de grote voorraden in de Arctische regio te kunnen ontginnen.",Colonial Exploitation & Economic Inequality,1.0
bijlagen-bij-besluit-wob-verzoek-windmolenparken-op-zee.pdf,285,In bijlage 1 wordt op hoofdlijnen aangegeven op welke wijze met uw advies rekening is gehouden bij het opstellen van het ontwerp-plan en de milieueffectrapporten. Adviesaanvraag milieueffectrapporteri Conform artikel 7.12 Wet milieubeheer wil ik de Commissie verzoeken advies uit te brengen over de milieueffectrapporten behorende bij de ontwerp-Structuurvisie. Het ontwerp wordt openbaar aangekondigd. De openbare kennisgeving wordt gepubliceerd in de Staatscourant en diverse kranten.,Reparations & Justice,1.0
schriftelijke-beantwoording-van-vragen-over-de-begrotingsbehandeling-economische-zaken-2016.pdf,4,"Het Toekomstfonds wordt gevuld met meevallers bij aardgasbaten, maar zullen die er zijn? Antwoord r is sprake van meevallers ten behoeve van het Toekomstfonds indien de gerealiseerde gasbaten in een bepaald jaar hoger zijn dan de actuele ijklijn van de aardgasbaten voor dat betreffende jaar, die gecorrigeerd is voor beleidsmatige aanpassingen van de gasproductie. De meest actuele ijklijn is opgenomen in de Z-begroting 2016 (pagina 133): Bedragen x € 1 mln. 2014",Everyday Racism & Modern Racial Inequality,1.0
schriftelijke-beantwoording-van-vragen-over-de-begrotingsbehandeling-economische-zaken-2016.pdf,8,"Dhr. Kremers pleit voor een bank naar Duits model. Hoe ziet de minister dit? 3 Antwoord De heer Kremers geeft in zijn advies aan het verstandig te achten dat met het NIA is begonnen om als coördinatie- en ondersteuningspunt snel en efficiënt gebruik te maken van de al aanwezige functionaliteiten in Nederland. Het NIA gaat zich nu naast SI ook richten op bundeling van expertise en afstemming van middelen van Rijk en decentrale overheden om te zorgen dat nog meer investeringsprojecten gerealiseerd worden rond thema’s als innovatie, mkb-financiering en duurzaamheid.",Everyday Racism & Modern Racial Inequality,1.0
schriftelijke-beantwoording-van-vragen-over-de-begrotingsbehandeling-economische-zaken-2016.pdf,9,"We richten ons dus op meerdere maatschappelijke thema’s, zoals in het Duitse model dat dhr. Kremers bepleit. Ondertussen zal ik, zoals ik in mijn brief van 9 oktober jl. heb aangekondigd, onderzoeken of het NIA verder moet worden ontwikkeld tot een investeringsagentschap met een eigen juridische entiteit, met een mogelijke koppeling met het Z instrumentarium, om het benodigde maatwerk te kunnen leveren voor cofinanciering door (de-)centrale overheden en gebruik van uropese financieringsmogelijkheden zoals het SI. 4. Gesthuizen (SP): Zijn samenwerkende huisartsen een kartel waar patiënten de dupe van zijn? Graag een reactie van de minister.",Everyday Racism & Modern Racial Inequality,1.0
schriftelijke-beantwoording-van-vragen-over-de-begrotingsbehandeling-economische-zaken-2016.pdf,12,"Hierom heeft de ACM recentelijk een toezichtsvisie op de eerstelijnszorg uitgebracht waarin zij meldt dat samenwerking in de regel geoorloofd is, en dat zij bij ongeoorloofde samenwerking niet meteen naar het boete-instrument zal grijpen. Ook is er deze maand een gezamenlijk plan gepresenteerd van zorgaanbieders, zorgverzekeraars, toezichthouder en het ministerie van VWS onder andere met het doel de mededingingsregels geen obstakel te laten zijn voor de nodige samenwerking in de zorg. 5. Gesthuizen (SP): De ACM krijgt lang niet altijd budget voor de uitvoering van nieuwe taken.",Everyday Racism & Modern Racial Inequality,1.0
schriftelijke-beantwoording-van-vragen-over-de-begrotingsbehandeling-economische-zaken-2016.pdf,33,"Met dit initiatief beoogt het kabinet vanuit technologische en digitale innovatie ontwikkeling wet- en regelgeving aan te passen om economische groei mogelijk te maken. In dit kader zal ik de casus inzake de filtering van ammoniak bij stallen onder de aandacht brengen van de staatssecretaris van Infrastructuur en Milieu, die verantwoordelijk is voor de Regeling Ammoniak en Veehouderij. 11. Gesthuizen (SP): uropese Octrooi Organisatie in Rijswijk.",Everyday Racism & Modern Racial Inequality,1.0
schriftelijke-beantwoording-van-vragen-over-de-begrotingsbehandeling-economische-zaken-2016.pdf,34,"Het stakingsrecht is ingeperkt, arbeidsomstandigheden zijn slecht, privacy van medewerkers wordt geschonden en de Arbeidsinspectie mag niet binnenkomen: de organisatie schendt mensenrechten. Dit is bevestigd door het Haagse gerechtshof, dat vindt dat immuniteit niet zover mag gaan dat de OO algemeen in uropa erkende grondrechten mag schenden. Maar wat doet Nederland hieraan? Hoe zit dit nu precies?",Everyday Racism & Modern Racial Inequality,1.0
schriftelijke-beantwoording-van-vragen-over-de-begrotingsbehandeling-economische-zaken-2016.pdf,41,De resultaten laten zien dat de convenanten goed functioneren. Ter illustratie: de besparing in 2014 van het MJA3-convenant en het M-convenant gezamenlijk komt overeen met het jaarverbruik van circa 300.000 huishoudens. De convenanten zijn vorig jaar aangescherpt. Ik heb uw Kamer hierover op 13 november 2014 geïnformeerd. Ik heb onder andere met de industrie afgesproken om de naleving van de afspraken voor beide convenanten beter te borgen en de kwaliteit van de energie-efficiëntie plannen te verbeteren.,Everyday Racism & Modern Racial Inequality,1.0
schriftelijke-beantwoording-van-vragen-over-de-begrotingsbehandeling-economische-zaken-2016.pdf,52,De nergiedialoog start in 2016 en de uitkomsten hiervan zijn een essentiële inbreng voor de Beleidsagenda die ik in het najaar van 2016 zal uitbrengen. Ik vind het niet zinvol om vooruit te lopen op de eventuele subsidie die in 2030 nodig zou zijn voor de vervanging van windmolens. Daarbij zouden ook toekomstige verdere kostendalingen door technologische ontwikkeling en de geraamde stijging van de elektriciteitsprijzen moeten worden meegenomen. Dit is nu niet te voorspellen. 17.,Everyday Racism & Modern Racial Inequality,1.0
evaluatie-fol-verdrag-over-de-periode-oktober-2013-tot-en-met-september-2014.pdf,4,"In de rapportageperiode zijn geen problemen of incidenten aan de autoriteiten in Willemstad en/of Oranjestad gemeld die te maken hebben met de interpretatie en/of implementatie van het OL-verdrag. De contacten van het OL-personeel met de lokale en militaire instanties zijn, waar het gaat om zaken van gezamenlijk belang, evenals in de voorgaande evaluatieperiodes uitstekend. Transparantie De VS houdt de Commandant der Zeemacht in het Caribisch gebied (CZMCARIB) conform de verdragsafspraken op de hoogte van vluchten die vanaf de OL’s worden uitgevoerd. Dit betreft aantallen, type vluchten, operationele vluchtgegevens zoals de duur van de vlucht, het patrouillegebied en type vliegtuig.",Everyday Racism & Modern Racial Inequality,1.0
geannoteerde-agenda-raad-buitenlandse-zaken-van-12-oktober-2015.pdf,2,"Op verzoek van de Nederlandse regering presenteerde de Adviesraad Internationale Vraagstukken (AIV) in maart 2015 zijn advies No. 93 over de herziening van het Verdrag van Cotonou: “ACS–U-samenwerking na 2020: Op weg naar een nieuw partnerschap?”.1 Op 24 september jl. ontving uw Kamer de kabinetsreactie.2 Het kabinet stelt hierin het einde van het Cotonou verdrag te willen aangrijpen om alle mogelijke opties grondig te onderzoeken om te komen tot een modern, gelijkwaardig en effectief partnerschap met de ACS- landen dat de donor-ontvanger relatie ontstijgt en gebaseerd is op een coherent en geïntegreerd extern beleid van de U. De Commissie zal binnenkort een ‘Joint Consultation Paper’ uitbrengen dat het startpunt vormt voor de publieke consultaties, die op hun beurt de basis vormen voor een Mededeling in 2016. De discussie in de Raad biedt de mogelijkheid om de betrekkingen in brede zin tegen het licht te houden. Nederland zal in Raadskader pleiten voor een gedegen interne evaluatie van het ‘acquis van Cotonou’ en voor tijdige betrokkenheid van de ACS-landen in de discussie.",Reparations & Justice,1.0
geannoteerde-agenda-raad-buitenlandse-zaken-van-12-oktober-2015.pdf,15,"In het kader van de U-inspanningen op het gebied van migratie zal op 7 oktober 2015 de actieve fase (eerste stap van de tweede fase) van de maritieme GVDB-operatie in de Middellandse Zee van start gaan. De operatie mag daarmee op volle zee en in lijn met het internationale recht (bij) schepen aanhouden, aan boord gaan, doorzoeken en opbrengen bij vermoeden van mensensmokkel en – handel. De operatie, tot nu toe bekend onder de naam UNAVOR Med, is omgedoopt naar ‘ Operatie Sophia’ en is daarmee vernoemd naar de baby die geboren is op een schip van de operatie die haar moeder redde op 22 augustus jl. in de buurt van de Libische kust.",Colonial Exploitation & Economic Inequality,1.0
resultaten-rijksbegroting-2013-per-thema.pdf,1," Buitenlandse zaken  Defensie  nergie en Telecom  inanciën  Gezondheidszorg  Landbouw, natuur en milieu  Leefbaarheid  Ondernemen en innovatie  Onderwijs, cultuur en wetenschap",Everyday Racism & Modern Racial Inequality,1.0
resultaten-rijksbegroting-2013-per-thema.pdf,12,Ook zijn er onder meer kades verbeterd bij het Julianakanaal Maastricht en is de kade verlengd bij Markelo. Verder is eind 2013 besloten om de Twentekanalen te verruimen en zijn er met ongeveer 30 bedrijven aanvullende afspraken gemaakt om meer te vervoeren over water. Hierdoor rijden vanaf 2015 350 en vanaf 2020 900 vrachtwagens per dag minder. Met deze maatregelen werkt het ministerie van IenM aan een vaarwegennet dat is berekend op toekomstige groei. Door ruimere vaarwegen en sluizen en betere kades voor overslag kunnen schippers met grotere schepen en efficiënter beladen varen.,Everyday Racism & Modern Racial Inequality,1.0
resultaten-rijksbegroting-2013-per-thema.pdf,27,"De Grondwet beschermt de grondrechten van burgers en regelt de staatsinrichting van Nederland. In 2013 is een aantal voorstellen uitgewerkt:  het recht op een eerlijk proces en toegang tot de rechter opnemen in de Grondwet;  het brief-, telefoon- en telegraafgeheim aanpassen aan moderne communicatie- instrumenten. Daarnaast heeft het kabinet voortgang gemaakt met 2 parlementaire initiatiefwetsvoorstellen:",Everyday Racism & Modern Racial Inequality,1.0
resultaten-rijksbegroting-2013-per-thema.pdf,32,De kwaliteit van de Gemeentelijke Basisadministratie (GBA) is verder verbeterd. Dit moet fraude voorkomen en bestrijden. Gegevens uit de GBA worden gekoppeld aan actief DigiD-gebruik. Gemeenten zijn alert op fraude en doen meer adresonderzoek. Ook hebben gemeenten inzage gekregen in adresgegevens van werknemers bij het UWV.,Everyday Racism & Modern Racial Inequality,1.0
resultaten-rijksbegroting-2013-per-thema.pdf,40,"Mensenrechten Op 14 juni 2013 publiceerde het kabinet de beleidsbrief ‘Respect en recht voor ieder mens’. Nederland wil vooral verschil maken door:  inzet op mensenrechtenverdedigers;  gelijke rechten voor lesbiennes, homo’s, biseksuelen en transgenders (LHBT) en voor vrouwen;",Everyday Racism & Modern Racial Inequality,1.0
resultaten-rijksbegroting-2013-per-thema.pdf,44,Ook de bankenunie domineerde de uropese agenda. In 2013 zijn belangrijke stappen gezet met het akkoord tussen de Raad en het uropees Parlement over de richtlijn voor herstel en afwikkeling van banken. n over de richtlijn voor depositogarantiestelsels. De onderhandelingen over het Meerjarig inancieel Kader (2014-2020) van de uropese Unie waren in 2013 voor Nederland succesvol. Nederland behoudt de korting op de Nederlandse U- afdrachten van ruim € 1 miljard per jaar.,Everyday Racism & Modern Racial Inequality,1.0
resultaten-rijksbegroting-2013-per-thema.pdf,51,"Zo investeerde Nederland in Rwanda, Benin en Mozambique in betere landrechten van boeren en boerinnen. In Rwanda zijn inmiddels 4,5 miljoen landtitels uitgegeven. Waarvan 24% aan vrouwen. Zie ook: onderwerp ontwikkelingssamenwerking Buitenlandse Handel en economische diplomatie",Colonial Exploitation & Economic Inequality,1.0
resultaten-rijksbegroting-2013-per-thema.pdf,54,Hier zijn volgens de eerste cijfers 191 contracten en overeenkomsten uit voortgekomen. Met een verwachte opbrengst van € 167 miljoen. Succesverhalen zijn onder andere een grote order voor Dutch lower Growers in China en voor Schouten ood products in India. conomische diplomatie is ook ingezet om buitenlandse bedrijven naar Nederland te halen. en voorbeeld is de Netherlands oreign,Colonial Exploitation & Economic Inequality,1.0
resultaten-rijksbegroting-2013-per-thema.pdf,58,"Dit droeg veel bij aan een efficiënte, effectieve en flexibele hulp waar deze het hardst nodig was. Daarnaast droeg Nederland bij aan rampenrisicovermindering (‘DRR’) en aan chronische en acute crises. Zoals de burgeroorlog in Syrië en de tyfoon Haiyan in de ilippijnen. Accenten buitenlands en veiligheidsbeleid De financiële krapte dwingt de beperkte middelen slimmer in te zetten.",Everyday Racism & Modern Racial Inequality,1.0
resultaten-rijksbegroting-2013-per-thema.pdf,88,"Accijnzen op brandstoffen Het verlaagde accijnstarief voor rode diesel is sinds 1 januari 2013 afgeschaft. Rode diesel mag u alleen nog gebruiken voor scheepvaart die geen pleziervaart is, met vrijstelling van accijns. Het accijnstarief van LPG is sinds 1 januari 2013 verhoogd met € 0,0125 per kg. De accijnstarieven van andere minerale oliën is sinds 1 januari 2013 verhoogd door jaarlijkse indexering.",Everyday Racism & Modern Racial Inequality,1.0
resultaten-rijksbegroting-2013-per-thema.pdf,98,"igen bijdrage Patiënten die in een instelling voor medisch-specialistische zorg verblijven (zoals ziekenhuizen en zelfstandige behandelcentra), zouden een eigen bijdrage per verblijfdag gaan betalen. Dat stond in het Begrotingsakkoord 2013. Maar in het regeerakkoord van het kabinet Rutte-Asscher (najaar 2012) is deze maatregel teruggedraaid. Zie ook: Wat zit er in het basispakket van de zorgverzekering?",Everyday Racism & Modern Racial Inequality,1.0
resultaten-rijksbegroting-2013-per-thema.pdf,100,Zie ook: Zijn medische hulpmiddelen opgenomen in het basispakket? ' Stoppen met roken' programma Sinds 1 januari 2013 zit hulp bij het stoppen met roken in het basispakket.,Everyday Racism & Modern Racial Inequality,1.0
rappelabele-toezeggingen-aan-de-eerste-kamer-waarvan-de-termijn-op-1-juli-2015-verlopen-is.pdf,0,"Rappelabele toezeggingen aan de erste Kamer waarvan de termijn op 01-07-2015 verlopen is Toezegging Toezegging Jaarlijkse toezending door regering van informatie over staat van het onderwijs en de zorg op de BS-eilanden (31.957) (T01156) De staatssecretaris van Binnenlandse Zaken en Koninkrijksrelaties zegt de Kamer, naar aanleiding van een vraag/opmerking van de leden van de SP-fractie (i.c. Ten Horn), toe dat zij de staat van het onderwijs en van de zorg op de BS-eilanden, waarover jaarlijks tot aan de eerste evaluatie aan de Tweede Kamer wordt gerapporteerd, in antwoord op de motie-Leerdam c.s., ook aan de erste Kamer zal toezenden. Stand van zaken Voldaan met: Uitgaande brief K [18-06-2013",Everyday Racism & Modern Racial Inequality,1.0
rappelabele-toezeggingen-aan-de-eerste-kamer-waarvan-de-termijn-op-1-juli-2015-verlopen-is.pdf,10,"De staatssecretaris van VWS zegt de Kamer, naar aanleiding van een opmerking van het lid Kuiper, toe de mogelijkheid van een onafhankelijke lokale adviescommissie uitdrukkelijk onder de aandacht van gemeenten te brengen. Stand van zaken De handreiking/toolkit handreiking effectieve geschilbeslechting, die de minister van BZK aan de Tweede Kamer zal toesturen waarin o.a. de mogelijkheid van een onafhankelijke lokale adviescommissie onder de aandacht zal worden gebracht, bevindt zich op dit moment in afrondende fase. Afstemming over dit onderwerp heeft meer tijd gevergd dan beoogd. Naar verwachting wordt de handreiking in oktober gepubliceerd.",Everyday Racism & Modern Racial Inequality,1.0
rappelabele-toezeggingen-aan-de-eerste-kamer-waarvan-de-termijn-op-1-juli-2015-verlopen-is.pdf,11,"Dan wordt ook uw Kamer hierover geïnformeerd. Toezegging Toezegging Zorgvernieuwingsagenda (33.891) (T02035) De staatssecretaris van VWS zal de Kamer, naar aanleiding van een opmerking van het lid lierman, voor de zomer van 2015 de zorgvernieuwingsagenda toesturen. Stand van zaken De staatssecretaris is nog met het veld in gesprek over de zorgvernieuwingsagenda.",Everyday Racism & Modern Racial Inequality,1.0
rappelabele-toezeggingen-aan-de-eerste-kamer-waarvan-de-termijn-op-1-juli-2015-verlopen-is.pdf,13,"Toezegging Toezegging Logeeropvang en WTZi-toelating (33.891) (T02037) De staatssecretaris van VWS zegt de Kamer, naar aanleiding van een opmerking van het lid Scholten, toe na te gaan of de eisen voor WTZi-toelating te zwaar zijn voor instellingen met logeeropvang en dit eventueel op te lossen bij AMvB. Stand van zaken Voldaan met: Uitgaande brief K [15-07-2015 ] inzake Voornemen vervallen WTZi-eis voor logeeropvang in Wlz.",Everyday Racism & Modern Racial Inequality,1.0
rappelabele-toezeggingen-aan-de-eerste-kamer-waarvan-de-termijn-op-1-juli-2015-verlopen-is.pdf,14,"Toezegging Toezegging Wonen en zorg (33.891) (T02038) De staatssecretaris van VWS zegt de Kamer, naar aanleiding van een opmerking van het lid lierman, toe na te gaan in hoeverre de verhuurdersheffing een knelpunt is om nieuwe vormen van zorg en wonen gecombineerd te realiseren. Stand van zaken Tijdens onder meer de parlementaire behandeling heeft de staatssecretaris toegezegd een zorgvernieuwingsagenda te presenteren. Zoals verzocht in de motie van de leden Otwin van Dijk en Van ’t Wout (Tweede Kamer, vergaderjaar 2013–2014, 33 891, nr. 106) zal hij in deze vernieuwingsagenda ook ingaan op het thema scheiden van wonen en zorg.",Everyday Racism & Modern Racial Inequality,1.0
rappelabele-toezeggingen-aan-de-eerste-kamer-waarvan-de-termijn-op-1-juli-2015-verlopen-is.pdf,18,"Toezegging Toezegging Stelselverantwoordelijkheid jeugdzorg, Wmo en Wlz (33.891) (T02041) De staatssecretaris van VWS zegt de Kamer, naar aanleiding van een opmerking van het lid Slagter-Roukema, een brief toe over de stelselverantwoordelijkheid op het gebied van de jeugdzorg, de wet maatschappelijke ondersteuning en de Wet langdurige zorg. Stand van zaken Voldaan met: Uitgaande brief",Everyday Racism & Modern Racial Inequality,1.0
rappelabele-toezeggingen-aan-de-eerste-kamer-waarvan-de-termijn-op-1-juli-2015-verlopen-is.pdf,21,Voldaan met: Uitgaande brief K [18-08-2015 ] inzake Toezegging plenair debat Wlz d.d. 25 november 2014. Toezegging Toezegging Solvabiliteit zorginstellingen (33.891) (T02044),Everyday Racism & Modern Racial Inequality,1.0
rappelabele-toezeggingen-aan-de-eerste-kamer-waarvan-de-termijn-op-1-juli-2015-verlopen-is.pdf,26,"Toezegging Toezegging Tegengaan risicoselectie (33.362) (T02089) De Minister van VWS benadrukt, naar aanleiding van opmerkingen van de leden Beuving, Ganzevoort, De Lange en Slagter-Roukema, dat de NZa toeziet op verkapte risicoselectie en zegt toe indien nodig extra maatregelen te zullen nemen. Stand van zaken Voldaan met: Uitgaande brief",Everyday Racism & Modern Racial Inequality,1.0
besluit-wobverzoek-declaraties-medewerkers-bzk-bijlagen.pdf,103,"tijde in 9 arrg van hel premiurn cfrerk-in gled, uw boardtngps ol freguenl flyer kaart om wacritrijen te voorKomerr 4.KLM Business Classpassas en tying Blue lite, en SkyTearn lite Plus-deelnemers hebben voorrang tij het inchecken net afgeven van hun bagage. Daarrasl mogen zij Bij de paspoort en veilighedscantîole grwik maken van de pdolity iane. Sec. nr.: KL0735 070 ll5 ‘ II£iW V4ifJibIIIII MR",Everyday Racism & Modern Racial Inequality,1.0
16-de-duurzame-relatie-tussen-gerechtsdeurwaardersmarkt-en-rijksoverheid.pdf,19,"• Methode om gunningscriteria ontwikkelen • Starten met het opbouwen van de relatie met de markt Categoriemanagement Gerechtsdeurwaarders, 18-11-2015 Planning t/m Q1 2016 • Klantbehoefte inventariseren bij klantorganisaties • erste bijeenkomst met deurwaarders waarin we de klantbehoefte bespreken • erste terugkoppeling aan deurwaarders tijdens de Rijksleveranciersdag op 27 november 2015 • Schriftelijke marktverkenning • Terugkoppeling van de bevindingen aan de markt • Terugkoppeling van de bevindingen aan de klantorganisaties Categoriemanagement Gerechtsdeurwaarders, 18-11-2015 venwicht zoeken tussen transparantie en vertrouwelijkheid • Concullega’s • Verslag met de highlights van de bijeenkomst • Geanonimiseerd • Review door de deelnemers",Everyday Racism & Modern Racial Inequality,1.0
organigramnieuwbzk.pdf,5,"departementaal crisiscentrum De beheersmatige aansturing van de directies binnen het SG- cluster en de CIO is belegd bij de directeur Concernondersteuning. (2) - Tvs CDI (Coördinerend Directeur Inkoop) - incl unit ondersteuning eigenaarsrol SG met gedelegeerd eigenaar als hoofd (beheersmatig bij Z) (3) De CIO is een aparte functie, de ondersteuning van de CIO is beheersmatig ondergebracht bij Concernondersteuning (4) Incl Vertegenwoordigingen, kabinetten",Everyday Racism & Modern Racial Inequality,1.0
bijlage-3-documenten-inzake-wob2-deel1.pdf,56,"In de afgelopen maanden is deze aanpak getoetst op juridische en scheepvaartveiligheidsaspecten en op andere belangen zoals mijnbouw, visserij, natuurbelangen. Het resultaat is een breed gedragen ruimtelijke oplossing en bestaat uit het behouden van de vergunningen, het verplaatsen van de vergunning “Scheveningen-Buiten” naar een andere vergunning van neco en het verleggen van de scheepvaartroutes. Mocht in de periode tot 2020 duidelijk worden dat de vergunde parken om bedrijfseconomische redenen door de windsector toch niet worden gebouwd, heeft u de mogelijkheid de betreffende vergunningen in te trekken. Hiermee wordt voorkomen dat de ruimteclaims, wanneer deze niet benut worden, ander gebruik van de Noordzee of nieuw beleid in de weg staan. U heeft de Tweede Kamer hierover op 31 januari geïnformeerd.",Reparations & Justice,1.0
bijlage-3-documenten-inzake-wob2-deel1.pdf,63,"Deze maatregelen worden genomen als gevolg van verdergaande beperking in bewegingsvrijheid van schepen tgv verkleining van het zeegebied en de toegenomen obstructies voor de navigatie vanwege o.a. de aanleg van windturbine parken. en SA studie en risico analyse ter onderbouwing van de voorgestelde maatregelen is eveneens ingediend onder NAV 58/IN.2. Het geheel ROUTING O SHIPS, SHIP RPORTING AND 28 March 2012 RLATD MATTRS Netherlands General introduction to the proposals for new and amended routeing measures off the Coast of the Netherlands between Texel and North Hinder",Dehumanization & Scientific Racism,1.0
bijlage-3-documenten-inzake-wob2-deel1.pdf,78,2012 RLATD MATTRS Netherlands stablishment of new routeing measures other than traffic separation schemes in the area,Dehumanization & Scientific Racism,1.0
bijlage-3-documenten-inzake-wob2-deel1.pdf,82,"2012 RLATD MATTRS bestaande TSS’s in de aanloop naar Hoek van Holland Belgium and the Amendments to the traffic separation schemes “ In the en bij Noord Hinder, teneinde de verkeersstromen te Netherlands Approaches to verbeteren (tevens irt de aanpassingen bij IJmuiden), Hook of Holland and at North Hinder” en de aanleg van windmolenparken in de toekomst te faciliteren. NAV 58/3/9 ROUTING O SHIPS, SHIP",Dehumanization & Scientific Racism,1.0
bijlage-3-documenten-inzake-wob2-deel1.pdf,84,March 2012 RLATD MATTRS anders dan TSS’s in de aanloop naar Hoek van Belgium and the Amendments to routeing measures,Dehumanization & Scientific Racism,1.0
bijlage-3-documenten-inzake-wob2-deel1.pdf,85,"other than traffic Holland en bij North Hinder, te lezen in samenhang Netherlands separation schemes met 5 8/3/8. Het gaat om aanpassing van Precautionary “In the Approaches to Hook of Holland and at North Areas, alsmede uitbreiding van de zone voor Hinder” kustverkeer bij de Oosterschelde (ten behoeve van de mosselkotters?), de instelling van een ATBA in de scheidingszone van TSS “Maas North” boven munitie stortpiaatsen, de opheffing van een bestaande ATBA bij Noord Hinder, omdat het bemande lichtschip daar is vervangen door een boei, en tenslotte de opheffing van een bestaande ATBA vanwege het verplaatsen van het Maas Centre Pilot Station, waardoor ter plekke . veel minder kruisend verkeer voorkomt. Overzicht docs",Dehumanization & Scientific Racism,1.0
bijlage-3-documenten-inzake-wob2-deel1.pdf,123,RSOLUTION MSC.[... 1(91) — ADOPTION O A NW MANDATORY SHIP,Dehumanization & Scientific Racism,1.0
bijlage-3-documenten-inzake-wob2-deel1.pdf,144,"under the Chairmanship of Mr. J.M. Sollosi (United States). The Vice-Chairman, Mr. K. Billiar (Ukraine), was also present. 1.2 The session was attended by delegations",Dehumanization & Scientific Racism,1.0
bijlage-3-documenten-inzake-wob2-deel1.pdf,145,"and observers from Member Governments, international organizations and non-governmental organizations in consultative status as listed in document NAV 58/IN,1. Secretary-General’s opening address 1.3 The Secretary-General welcomed participants",Dehumanization & Scientific Racism,1.0
bijlage-3-documenten-inzake-wob2-deel1.pdf,146,"and delivered his opening address, the full text of which can be downloaded from the IMO website at the following link: http:/iwww.imo.org/MediaCentre/SecretaryGeneral/Secretary-GeneralsSpeechesToMeetings.",Dehumanization & Scientific Racism,1.0
bijlage-3-documenten-inzake-wob2-deel1.pdf,148,"his advice and requests would be given every consideration in the cleliberations of the Sub-Cammittee and its working groups. Adoption of the agenda and related maffers 1.5 The Sub-Committee adopted the agenda (NAV 58/1), and agreed, in general, that the work of the Sub-Committee should",Dehumanization & Scientific Racism,1.0
bijlage-3-documenten-inzake-wob2-deel1.pdf,149,"be guided by the annotations to the provisional agenda and timetable (NAV 58/1/1, as amended). 2 DCISIONS O OTHR IMO BODIS 2.1 The Sub-Committee noted the decisions and comments",Dehumanization & Scientific Racism,1.0
bijlage-3-documenten-inzake-wob2-deel1.pdf,151,"and took them into account in its deliberations under the relevant agenda items. The Sub-Committee also noted that C 108 had noted and endorsed, for inclusion in the current High-level Action plan, the unplanned outputs relevant to the Sub-Committee as agreed by MSC 90. 3 ROUTING O SHIPS, SHIP",Dehumanization & Scientific Racism,1.0
bijlage-3-documenten-inzake-wob2-deel1.pdf,153,The Chairman recalled that NAV 51 had agreed that a preliminary assessment of ships’ routeing proposals would be made by the Chairman in consultation with the Secretariat and the Chairman of the Ships’,Dehumanization & Scientific Racism,1.0
bijlage-3-documenten-inzake-wob2-deel1.pdf,154,"Routeing Working Group and disserninated as a working paper. Such a preliminary assessment would follow the general criteria in MSCICirc,1060 and MSC.1/Circ,1060/Add.1 and would not address the technical aspects of the proposals.",Dehumanization & Scientific Racism,1.0
bijlage-3-documenten-inzake-wob2-deel1.pdf,155,"Accordingly, he had, in cooperation with the Secretariat and the Chairman of the working group, prepared document NAV 581WP.2 outlining a preliminary assessment of the ships’ routeing and ship reporting proposals.",Dehumanization & Scientific Racism,1.0
bijlage-3-documenten-inzake-wob2-deel1.pdf,156,"In general, the proposals were in conformity with the criteria outlined in MSC/Circ.1060 and MSC.1/Circ.1060/Add.1. I:\NAV’58\14.doc NAV 58/14 Page 4 General",Dehumanization & Scientific Racism,1.0
bijlage-3-documenten-inzake-wob2-deel1.pdf,157,3.2 The Sub-Committee noted that the Netherlands (NAV 58/3/2) had outHned the overall intent of the eiht separate proposals to amend,Dehumanization & Scientific Racism,1.0
bijlage-3-documenten-inzake-wob2-deel1.pdf,158,existing traffic measures and to establîsh new measures at different locations within the sea area between the North Hinder,Dehumanization & Scientific Racism,1.0
bijlage-3-documenten-inzake-wob2-deel1.pdf,160,scheme “0ff Texel ” off the coast of the Netherlands. The Sub-Committee also noted the information provided by the Netherlands (NAV 58/IN.2) relatirig to the report on the safety assessments for the proposed route structure on the,Dehumanization & Scientific Racism,1.0
bijlage-3-documenten-inzake-wob2-deel1.pdf,162,"the Netherlands, which provided background information to amend existing and establish new routeing measures off the coast of the Netherlands (NAV 58/3/2 to NAV 58/3/10)",Dehumanization & Scientific Racism,1.0
bijlage-3-documenten-inzake-wob2-deel1.pdf,166,3.3 The Sub-Committee briefly considered a proposal by the Netherlands (NAV 58/3/3 and NAV 58/3/2 (paragraphs 22.2 and 22.16)),Dehumanization & Scientific Racism,1.0
bijlage-3-documenten-inzake-wob2-deel1.pdf,168,schemes (TSSs) Amendment to the existing traffic separation scheme “0ff Texel ” 3.4 The Sub-Committee briefly considered a proposal by the Netherlands (NAV 58/3/4,Dehumanization & Scientific Racism,1.0
bijlage-3-documenten-inzake-wob2-deel1.pdf,169,"and Corr.1 including NAV 58/3/2 (paragraphs 22.5, 22.6 and 22.7)) to amend the existing traffic separation scheme “0ff Texel”. Amendments to the existing traffic separation schemes “ In the Approaches to Hook of Holland and at North Hinder",Dehumanization & Scientific Racism,1.0
bijlage-3-documenten-inzake-wob2-deel1.pdf,170,” 3.5 The Sub-Committee briefly considered a proposal by Belgium and the Netherlands (NAV 58/3/8 and NAV,Dehumanization & Scientific Racism,1.0
bijlage-3-documenten-inzake-wob2-deel1.pdf,171,"58/3)2 (paragraphs 22.1, 22.9 and 22.10)) to amend the existing traffic separation schemes “ Maas North”, “ Maas Northwest”, “",Dehumanization & Scientific Racism,1.0
bijlage-3-documenten-inzake-wob2-deel1.pdf,175,considered a proposal by the Russian ederation (NAV58/3/13) to amend the existing traffic separation scheme “0ff Rodsher Island ” in the,Dehumanization & Scientific Racism,1.0
bijlage-3-documenten-inzake-wob2-deel1.pdf,176,Gulf of inland. Amendment to the existing traffic separatlon scheme “0ff Ushant” 3.7 The Sub-Committee briefly considered a proposal by rance (NAV 58/3/14) to amend the existing traffic separation scheme “0ff Ushant’ relating to a change in the use of the two-way traffic route Including a consequential amendment to article 3 of SN/Circ.232.,Dehumanization & Scientific Racism,1.0
bijlage-3-documenten-inzake-wob2-deel1.pdf,177,"3.8 The delegation of the Bahamas, supported by CLIA, expressed the view that the proposed two-way route would increase the risk of collision due to the placement and narrowing of the route and the increased volume",Dehumanization & Scientific Racism,1.0
bijlage-3-documenten-inzake-wob2-deel1.pdf,178,and the incompatible mix of traffic it would create. They also expressed concern regarding the ability of vessels using the route,Dehumanization & Scientific Racism,1.0
bijlage-3-documenten-inzake-wob2-deel1.pdf,180,expressed the view that the proposed measures were necessary. l:\NAV\5B14.doc NAV 58/14 Page,Dehumanization & Scientific Racism,1.0
bijlage-3-documenten-inzake-wob2-deel1.pdf,182,Channel 3.9 The Sub-Committee briefly considered a proposal by the United States (NAV 58/3116) to amend the existing traffic separation scheme (TSS) “ In the Santa Barbara,Dehumanization & Scientific Racism,1.0
bijlage-3-documenten-inzake-wob2-deel1.pdf,183,"Channel ” , which should result in a significant reduction in the likelihood of ship strike deaths and serious injuries",Dehumanization & Scientific Racism,1.0
bijlage-3-documenten-inzake-wob2-deel1.pdf,184,"to blue whales and other whales, while maintaining and improving maritime safety. Amendment to the existlng traffic separation scheme “0ff San rancisco” 3.10 The Sub-Comniittee briefly",Dehumanization & Scientific Racism,1.0
bijlage-3-documenten-inzake-wob2-deel1.pdf,185,"considered a proposal by the United States (NAV 58/3/1 7) to amend the existing TSS “ 0ff San rancisco”, with a view to maintaining",Dehumanization & Scientific Racism,1.0
bijlage-3-documenten-inzake-wob2-deel1.pdf,186,"and improving maritime safety, as well as also pratecting the marine environment. The proposed changes will",Dehumanization & Scientific Racism,1.0
bijlage-3-documenten-inzake-wob2-deel1.pdf,188,"vessels and endangered blue, fin and humpback whales. Amenciment to the existing traffic separation scheme “ In the Approaches to Los Angeles — Long Beach ” 3.11 The Sub-Committee briefly considered a proposal by the United States (NAV 58/3/18)",Dehumanization & Scientific Racism,1.0
bijlage-3-documenten-inzake-wob2-deel1.pdf,189,"to amend the existing TSS “ In the Approaches to Los Angeles — Long Beach”, with a view to significantly reducing the likelihood of ship strike deaths",Dehumanization & Scientific Racism,1.0
bijlage-3-documenten-inzake-wob2-deel1.pdf,191,as maintaining and improving maritime safety. Routeing measures other than TSSs stabllshment of a new mandatory No Anchoring Area for,Dehumanization & Scientific Racism,1.0
bijlage-3-documenten-inzake-wob2-deel1.pdf,193,"The Sub-Committee recalled that MPC 62 had approved, in principle, designation of the Saba Bank as a Particularly Sensitive Sea Area as proposed by the Netherlands (MPC 82/9).",Dehumanization & Scientific Racism,1.0
bijlage-3-documenten-inzake-wob2-deel1.pdf,194,"Consequently, MPC 62 had invited the Netherlands to submit detailed proposats for Associated Protective Measures to NAV 58 for consideration. 3.13 In this context, the Sub-Committee brief]y considered a proposal by the Netherlands (NAV 58/3) for the estabhshment of a new mandatory No Anchoring Area",Dehumanization & Scientific Racism,1.0
bijlage-3-documenten-inzake-wob2-deel1.pdf,197,IJmuiden ” 3.14 The Sub-Conimittee briefly considered a proposal by the Netherlands (NAV 58/3/5 and NAV 58/3/2 (paragraph 22.2)),Dehumanization & Scientific Racism,1.0
bijlage-3-documenten-inzake-wob2-deel1.pdf,198,for establishing two new precautionary areas and an area to be avoided as part of establishirig a new routeing system “ In the approaches to Ijmuiden”.,Dehumanization & Scientific Racism,1.0
bijlage-3-documenten-inzake-wob2-deel1.pdf,200,other than traffic separation schemes in the area “West of RijnveId ” 3.15 The Sub-Committee briefly considered a proposal by the Netherlands (NAV 581316 and Corr.1,Dehumanization & Scientific Racism,1.0
bijlage-3-documenten-inzake-wob2-deel1.pdf,201,"and NAV 58/3/2 (paragraphs 22.8, 22.15 and 22.17)) for establishing a new precautionar-y area, a new recommended route and a new area to be avoided, as part of establishing a new routeing",Dehumanization & Scientific Racism,1.0
bijlage-3-documenten-inzake-wob2-deel1.pdf,202,"system in the area “West af Rijnveld”, Amendment to the existing deep-water route leadirig to IJmuiden 3.16 The Sub-Committee briefly considered a proposal by the Netherlands (NAV 58/3/6 and Corr.1",Dehumanization & Scientific Racism,1.0
bijlage-3-documenten-inzake-wob2-deel1.pdf,204,leading to IJmuiden”. Amendments to the existing routeing measures other than traffic separation schemes,Dehumanization & Scientific Racism,1.0
bijlage-3-documenten-inzake-wob2-deel2.pdf,11,speed CPA destination situation location visibility nm (IJ-geul buoys) form 1 22/06-2010 17:45,Dehumanization & Scientific Racism,1.0
bijlage-3-documenten-inzake-wob2-deel2.pdf,37,"Dit is een overschatting van de operationele diepgang, dus ook een overschatting van de raakkans. Deze gemiddelde maximale diepgang staat ook in Tabel 1. In iguur 5 is vervolgens Tabel 1 als functie van de waterdiepte weergegeven. Hieruit kan dan de kans worden afgelezen dat een schip de Vinca Gorthon raakt. De figuur moet als volgt gelezen worden.",Everyday Racism & Modern Racial Inequality,1.0
bijlage-3-documenten-inzake-wob2-deel2.pdf,59,Bij de bovenstaande beschouwing is voorbijgegaan aan de gegarandeerde diepte in het aanloopgebied van de IJgeul van 21.3 m LAT (ofwel -22.1 m t.o.v. N.A.P.). Indien het wrak in de toekomst in het ankergebied zou komen te liggen is volgens de huidige richtlijn een waterdiepte van -23.0 m t.o.v. N.A.P vereist. Page 8 of 8 Ministerie var lnfraslnjctuur en Milieu TNO,Everyday Racism & Modern Racial Inequality,1.0
bijlage-3-documenten-inzake-wob2-deel2.pdf,92,"Assessment AfCAUiS ormal Safety Assessment, a qualitative risk assessment for the proposed route structure in the North Sea (SA) Arcadis UK Limited",Dehumanization & Scientific Racism,1.0
bijlage-3-documenten-inzake-wob2-deel2.pdf,93,"5th loor, Porliand Tower. Prepared by: Portiand Street Manchester MI 3AH. ______________ United Kingdom. - Port of Rotterdam Presented to• World Port",Dehumanization & Scientific Racism,1.0
bijlage-3-documenten-inzake-wob2-deel2.pdf,98,Assessment ARCADIS This study has been carried out by Arcadis (UK) Ltd. The assessment represents Arcadis (UK) s bestjudgment based on the information available,Dehumanization & Scientific Racism,1.0
bijlage-3-documenten-inzake-wob2-deel2.pdf,102,Client : Port of Rotterdam Title: Netherlands ormal Safety Assessment,Dehumanization & Scientific Racism,1.0
bijlage-3-documenten-inzake-wob2-deel2.pdf,106,Safety Assessment Client Capt Ben Scherpenzee!. Port of Rotterdam Wor!,Dehumanization & Scientific Racism,1.0
bijlage-3-documenten-inzake-wob2-deel2.pdf,131,Title: Netherlands ormal Safety Assessment ARCADIS TABL O CONTNTS,Dehumanization & Scientific Racism,1.0
bijlage-3-documenten-inzake-wob2-deel2.pdf,174,Safety Assessment ARCADIS XCUTIV SUMMARY ARCADIS(UK) has been commissioned to assess the (relative),Dehumanization & Scientific Racism,1.0
bijlage-3-documenten-inzake-wob2-deel2.pdf,175,"safety level of routeing measures developed in the Netherlands using the SA process, expert judgement and qualitative methods, to recommend risk control options for this routeing proposal and to provide support data for evidence based decision making on cost-benefit of the proposals. The report has its basis in a previous study made by Arcadis, commissioned by the Ministry of Transport and the nvironment, entitled ‘ Navigational",Dehumanization & Scientific Racism,1.0
bijlage-3-documenten-inzake-wob2-deel2.pdf,181,th September 2011. The HAZID assessment used expert judgement and qualitative methods to arrive at this comparison of risk levels. After several iterations of the routing design this resulted in the final IMO,Dehumanization & Scientific Racism,1.0
bijlage-3-documenten-inzake-wob2-deel2.pdf,183,Analysis with notable improvement in comparison to the intermediate draft IMO variants. Hazids were also applied to the Present situation and Variant 1-2010 of the initial study.,Dehumanization & Scientific Racism,1.0
bijlage-3-documenten-inzake-wob2-deel2.pdf,190,"parks developed and with the present traffic separation schemes, associated precautionary areas and inshore traffic zones remaining",Dehumanization & Scientific Racism,1.0
bijlage-3-documenten-inzake-wob2-deel2.pdf,194,and complement the workshop results. This fact finding missing yielded the following observations: 1. A significant amount of near misses in the approaches,Dehumanization & Scientific Racism,1.0
bijlage-3-documenten-inzake-wob2-deel2.pdf,196,platforms have been observed. These stress the importance of a review of routeing measures and the limited anchoring space around IJmuiden. Greater control and influence of VTS could be a mitigating factor. 2. The trend is up with dear optimism from Amsterdam,Dehumanization & Scientific Racism,1.0
bijlage-3-documenten-inzake-wob2-deel2.pdf,197,Port which has maintained its position in the fourth place of uropean ports. Tanker traffic is clearly on the increase and measures must be in place to address this trend. 3. Concern is registered at the apparent indifference to the safety zones around wind park and oil/gas assets.,Dehumanization & Scientific Racism,1.0
bijlage-3-documenten-inzake-wob2-deel2.pdf,198,2010 over 2009 saw a 72% increase in violations of Safety Zones. Date: Created on 27/03/2012 14:12:00 Page: 6 of 192 Doc: P60151/1 — Netherlands Wind park,Dehumanization & Scientific Racism,1.0
bijlage-3-documenten-inzake-wob2-deel2.pdf,200,"Assessment ARCADIS Arcadis (UK) compiled Hazard and Risk tables showing the results of the HAZID assessment in great detail, including the following locations",Dehumanization & Scientific Racism,1.0
bijlage-3-documenten-inzake-wob2-deel2.pdf,202,"1 scenarios (both assuming the unchanged, present route structure in place): - Approaches to IJmuiden: various potentially hazardous situations can be created by the small clearances between traffic streams, close quarter situations at large aspect angles leading to ambigLlous situations in terms of colregs and deep draft vessels that are restricted in their ability to move and therefore may not be able to comply with their duty to give way (see area A in figure i). - ntrance to 0ff Texel TSS: potentially",Dehumanization & Scientific Racism,1.0
bijlage-3-documenten-inzake-wob2-deel2.pdf,204,"Vinca Gorthon wreck), leading to a close quarters situation at a large aspect angle",Dehumanization & Scientific Racism,1.0
bijlage-3-documenten-inzake-wob2-deel2.pdf,206,in figure i). - Horizon oil platform: potentially hazardous situations cao arise when give way ships respond,Dehumanization & Scientific Racism,1.0
bijlage-3-documenten-inzake-wob2-deel2.pdf,209,precautionary area : Ships from Maas North TSS must alter course to starboard to approach the pilot station whilst at the same time being stand on vessels for outbound traffic in a close quarters crossing encounter. Traffic from Maas North TSS and Maas Northwest TSS,Dehumanization & Scientific Racism,1.0
bijlage-3-documenten-inzake-wob2-deel2.pdf,210,have to cross the deep water channel to approach the pilot station and inbound ships from Maas West,Dehumanization & Scientific Racism,1.0
bijlage-3-documenten-inzake-wob2-deel2.pdf,211,TSS cross the area to approach Scheveningen pilot station. This results in multiple crossing in the precautionary area (see area D in figure i). - Approaches to and from Hook of Holland:,Dehumanization & Scientific Racism,1.0
bijlage-3-documenten-inzake-wob2-deel2.pdf,214,De Ruyter close quarter situations between ships moving at very different,Dehumanization & Scientific Racism,1.0
bijlage-3-documenten-inzake-wob2-deel2.pdf,216,angles and can cause doubt as to whether it is a crossing or an overtaking situation and which is the stand on vessel (see area in lïgure i). - Breeveertien and West Rijn wind,Dehumanization & Scientific Racism,1.0
bijlage-3-documenten-inzake-wob2-deel2.pdf,217,"parks: if wind parks are developed, the poor visibility at both locations can obscure timely onboard visual, AlS and radar detection of close quarter encounters",Dehumanization & Scientific Racism,1.0
bijlage-3-documenten-inzake-wob2-deel2.pdf,218,between crossing vessels. (Radar detection may also be obscured by false echoes of a target due to radar signals reflecting off,Dehumanization & Scientific Racism,1.0
bijlage-3-documenten-inzake-wob2-deel2.pdf,221,"Title: Netherlands ormal Safety Assessment ARCADIS Overall, IMO variant 12.12.11 has a significantly lower level of risk than either of the other two systems, leading",Dehumanization & Scientific Racism,1.0
bijlage-3-documenten-inzake-wob2-deel2.pdf,222,to the conciusion that the benefits derived from implementation of the IMO Variant in terms of safety of life at sea and improving navigation in the area is dear from the Hazid process,Dehumanization & Scientific Racism,1.0
bijlage-3-documenten-inzake-wob2-deel2.pdf,223,"and is certainly an improvement on the present situation. This can, amongst others, be ascribed to the following features of the proposed IMO variant routeing design",Dehumanization & Scientific Racism,1.0
bijlage-3-documenten-inzake-wob2-deel2.pdf,224,that mitigate the above hazards: 1. The approaches to IJmuiden: Traffic between the Maas North and the Texel traffic separation schemes is directed to cross the deep-water route leading to IJmuiden in a precautionary area west of the,Dehumanization & Scientific Racism,1.0
bijlage-3-documenten-inzake-wob2-deel2.pdf,228,", whilst north and south going ships cross the scheme in just the two precautionary areas. This allows for more anchorage areas on the south side of the separation scheme",Dehumanization & Scientific Racism,1.0
bijlage-3-documenten-inzake-wob2-deel2.pdf,233,are directed to join northeast going traffic about 10 miles southwest of where they currently do and so the congestion of merging traffic that currently occurs at the south end of the 0ff Texel northeast bound lane is reduced.,Dehumanization & Scientific Racism,1.0
bijlage-3-documenten-inzake-wob2-deel2.pdf,234,"The adjusted boundaries of the 0ff Texel traffic separation scherne ’s northeast bound traffic lane also puts the Vinca Gorthon wreck outside of the lane, so effectively increasing the lane’s width. 3.",Dehumanization & Scientific Racism,1.0
bijlage-3-documenten-inzake-wob2-deel2.pdf,238,"as soon as they exit the current traffic lane. This reduces the traffic passing through the current ‘hot spot’ at the Horizon rnanned oil platform. urthermore, re-aligning the northeast bound lane of North Hinder North traffic separation scheme directs vessels to pass the Horizon",Dehumanization & Scientific Racism,1.0
bijlage-3-documenten-inzake-wob2-deel2.pdf,239,platform at a greater distance than it currently does. 4. Maas Centre precautionary area : Vessels from,Dehumanization & Scientific Racism,1.0
bijlage-3-documenten-inzake-wob2-deel2.pdf,241,Maas Centre do not need to turn to starboard to approach the pilot station whilst being stand on traffic for outgoing ships. The enlarged Maas,Dehumanization & Scientific Racism,1.0
bijlage-3-documenten-inzake-wob2-deel2.pdf,244,Approaches to and from Hook of Holland: The crossing angle of N/S going ships with east/west going traffic in the amended Maas Junction precautionary,Dehumanization & Scientific Racism,1.0
verdiepende-studie-werelden-van-verschil.pdf,26,"Aanvullend is uitgebreid kwali- tatief onderzoek onder Turks-Nederlandse en Marokkaans-Nederlandse jongeren uit- gevoerd. Door deze jongeren zelf aan het woord te laten, is meer inzicht verkregen in de achtergronden van hun sociaal-culturele positie. Directe aanleiding voor dit onderzoek waren de uitkomsten van een peiling waaruit bij jongeren van Turkse afkomst een brede steun voor IS en religieus geïnspireerd geweld zou blijken. Dergelijke opvattingen zijn in het onderhavige rapport geanalyseerd in samenhang met vraagstukken over interetnisch contact, identificatieprocessen en discriminatie en uitsluiting. Islamitische radicalisering",Everyday Racism & Modern Racial Inequality,1.0
verdiepende-studie-werelden-van-verschil.pdf,32,"Ook is uitgebreid kwalitatief onderzoek onder Turks-Nederlandse en Marokkaans-Nederlandse jongeren uitgevoerd. Directe aanleiding voor dit onderzoek naar de jongeren waren de uitkomsten van een pei- ling door Motivaction (in opdracht van forum) waaruit bij jongeren van Turkse afkomst een brede steun zou blijken voor de Islamitische Staat (IS) en religieus geïnspireerd geweld (forum 2014). Dergelijke opvattingen, die als uiting van culturele afstand zijn opgevat, zijn geanalyseerd in samenhang met vraagstukken over interetnisch contact, identificatie- processen en discriminatie en uitsluiting. Perspectief op migrantengroepen Deze studie richt zich zoals gezegd op migranten en hoe ze zich emotioneel, cultureel en sociaal tot autochtone Nederlanders en Nederland verhouden.",Everyday Racism & Modern Racial Inequality,1.0
verdiepende-studie-werelden-van-verschil.pdf,41,In vergelijking met de andere sociaal-culturele categorieën is er weinig steun voor de gelijkheid van lhbt’s en voor zaken als abortus en euthanasie. De emotionele band met de herkomstgroep is sterk en er is veel sociale interactie met de leden daarvan. Dit is de categorie die in het profiel van een ‘groep op afstand’ past. tnisch geïsoleerd De categorie ‘etnisch geïsoleerd’ kenmerkt zich net als de categorie ‘segregatie’ door een grote afstand tot de Nederlandse samenleving.,Everyday Racism & Modern Racial Inequality,1.0
verdiepende-studie-werelden-van-verschil.pdf,52,"Divers sociaal-cultureel landschap r zijn dus twee categorieën te identificeren die vrij goed in het profiel van een ‘groep op afstand’ passen: de groepen die we hier hebben gelabeld als ‘segregatie’ en ‘etnisch geïso- leerd’. Daarnaast zijn er drie ‘hybride’ categorieën te onderscheiden, die zich kenmerken door mengvormen van posities op de sociale, culturele en emotionele dimensie. Over het geheel genomen is de gerichtheid op de herkomstgroep groot, zowel wat betreft contacten als identificatie, maar het is zeker niet zo dat er geen relaties met autochtone Nederlanders bestaan of dat de Nederlandse samenleving wordt afgewezen.","Remembrance, Heritage & Education",1.0
verdiepende-studie-werelden-van-verschil.pdf,55,"Wanneer de culturele afstand groot is, is er over het algemeen ook een grote emotionele afstand. Dit is in lijn met eerder onderzoek waaruit naar voren kwam dat de ontvankelijkheid voor culturele beïnvloeding groter is bij een sterkere identificatie (Turner et al. 1987) en dat culturele afstand een belemmering kan vormen voor de band die migranten met de ontvangende samenleving ervaren (bv. Zagefka en Brown 2002). De sociale dimensie staat daar wat meer los van: mensen kunnen zich verbonden voelen met de herkomstgroep, maar er toch niet veel contacten mee onderhouden (categorie ‘etnisch geïsoleerd’), of juist veel sociale contacten met autochtone Nederlanders hebben zonder een sterke emotionele band en/of een grote culturele afstand (‘gematigde segregatie’). Het beeld per herkomstgroep Van de Turkse Nederlanders behoort een vijfde tot de categorie ‘segregatie’ (zie tabel S1).","Remembrance, Heritage & Education",1.0
verdiepende-studie-werelden-van-verschil.pdf,69,"kwantitatief onderzoek1 Uit het kwantitatieve deel van dit onderzoek blijkt dat de factoren verblijfsduur, Nederlandse taalbeheersing en het aantal autochtonen in de wijk de kans verkleinen om tot de categorie ‘segregatie’ te behoren. Dit geldt ook voor het hebben van betaald werk en een hoger inkomen. Werk biedt de gelegenheid om in contact te komen met autochto- nen, de taal en gewoonten te leren en creëert voorwaarden om een band met de ontvan- gende samenleving op te bouwen. en sterkere religieuze oriëntatie vergroot juist de kans om tot de categorie ‘segregatie’ te behoren. Religieuze verschillen werken door in opvat- tingen, wederzijdse contacten en processen van identificatie.",Everyday Racism & Modern Racial Inequality,1.0
verdiepende-studie-werelden-van-verschil.pdf,70,"In Nederland vormt vooral de islam een belangrijke scheidslijn: praktiserende moslims gaan minder vaak om met autochtonen en hebben vaker traditionele opvattingen over onder meer de positie van vrouwen en homoseksuelen. Aan de andere kant zijn veel autochtonen negatief over de aanwezigheid van moslims in Nederland, wat ook de kans dat interetnisch contact ontstaat verkleint (zie Huijnk en Dagevos 2012). Turkse Nederlanders zijn, ook wanneer rekening met achterliggende factoren wordt gehouden, het sterkst vertegenwoordigd in de cate- gorie ‘segregatie’, de Antilliaanse groep het minst vaak. Gevolgen van afstand Tussen de sociaal-culturele categorieën zijn er grote verschillen in posities en houdingen op andere domeinen. We hebben ons gericht op de samenhang met gezondheid, ervaren geluk, de inschatting van de eigen positie ten opzichte van die van anderen (relatieve deprivatie), ervaren discriminatie en acceptatie (opvattingen van autochtone bevolking over aanwezigheid van migrantengroepen), sociaal en institutioneel vertrouwen en poli- tieke interesse.",Everyday Racism & Modern Racial Inequality,1.0
verdiepende-studie-werelden-van-verschil.pdf,71,"Bijna op alle genoemde terreinen nemen personen in de categorieën ‘etnisch geïsoleerd’ en ‘segregatie’ de minst gunstige positie in, ook wanneer rekening wordt gehouden met andere factoren zoals leeftijd, taalbeheersing, religiositeit en opleiding. Migranten uit deze categorieën geven het vaakst aan dat hun gezondheid slecht is, dat ze ongelukkig zijn en dat ze vinden dat hun leefsituatie in vergelijking met andere mensen slechter is. Onder deze groepen is de beeldvorming over autochtone Nederlanders ook het minst positief; zij hebben het minst vaak sympathieke gevoelens ten aanzien van autochtone Nederlanders en scoren laag wat betreft sociaal vertrouwen en politieke interesse.",Everyday Racism & Modern Racial Inequality,1.0
bijlagen-bij-wobbesluiten-17-december-2015-en-22-februari-2016.pdf,4,"Onderwerp Bijstand aan het KPCN door KPC wiit u slechts één zaak in uw brief behandelen. Geachte heer- Navarro, Hierbij verzoek ik u met verwijzing naar artikel 38, tweede lid van de Rijkswet politie, namens de minister van Veiligheid en Justitie mr. 1W. Opstelten, om te voorzien in bijstand door het Korps Politie Curaçao In verband met een recent door het Korps Politie Caribisch Nederland (KPCN) opgestart opsporingsonderzoek op Bonaire. Op vrijdagochtend 24 januari 2014 werd de afdeling Incident Gerichte Opsporing (IGO) geconfronteerd met twee gevallen van lijkvinding. en eerste persoon werd in de vroege ochtend aangetroffen in een uitgebrande personenauto.",Everyday Racism & Modern Racial Inequality,1.0
bijlagen-bij-wobbesluiten-17-december-2015-en-22-februari-2016.pdf,7,"Met name de lokale kennis van de rechercheurs vanuit Curaçao zou een grote meerwaarde voor het onderzoek en de BPZ betekenen. Pagina 1 van 2 Informeel heeft reeds overleg plaatsgevonden tussen de korpschef van het Korps Politie Curaçao en de korpschef van het Korps Politie Caribisch Nederland, waarbij is aangegeven dat de korpschef KPC gaarne uitvoering zal geven aan het bijstand verzoek. Hoogachtend, De Minister van Veiligheid en Justitie Directoraat-Generaal",Everyday Racism & Modern Racial Inequality,1.0
bijlagen-bij-wobbesluiten-17-december-2015-en-22-februari-2016.pdf,11,"Politie Caribisch Nederland Geachte heer Navarro, Hierbij verzoek Ik u onder verwijzing naar artikel 38, tweede lid van de Rijkswet politie, namens de minister van Veiligheid en Justitie mr, I.W. Opstelten, om te voorzien in verlenging van de bijstand geleverd door het Korps Politie Curaçao in verband met het lopende TGO-onderzoek Country Garden van het Korps Politie Caribisch Nederland (KPCN) op Bonaire. Op vrijdagochtend 24 januari 2014 werd de afdeling Incident Gerichte Opsporing (IGO) geconfronteerd met twee gevallen van lijkvinding.",Everyday Racism & Modern Racial Inequality,1.0
bijlagen-bij-wobbesluiten-17-december-2015-en-22-februari-2016.pdf,12,"en eerste persoon werd in de vroege ochtend aangetroffen in een uitgebrande personenauto. Korte tijd daarna werd een tweede stoffelijk overschot aangetroffen in het water van een dam. Uit de eerste onderzoeksresultaten van de ingestelde opsporingsonderzoeken kon al spoedig worden opgemaakt dat in beide gevallen zeer waarschijnlijk sprake is geweest van een misdrijf en dat beide zaken mogelijk direct verband met elkaar houden. Om dle reden werd besloten een opsporingsteam te formeren conform de Nederlandse TGO-structuur, waarbij bijstand werd gevraagd aan het Recherche Samenwerkings Team (RST), de Koninklijke Marechaussee, het Korps Politie Curaçao en de Nationale Politie In Nederland.",Everyday Racism & Modern Racial Inequality,1.0
bijlagen-bij-wobbesluiten-17-december-2015-en-22-februari-2016.pdf,13,"Dit omdat het KPCN over onvoldoende capaciteit, ervaring en expertise beschikt om een dergelijk onderzoek zelfstandig uit te voeren en te coördineren. Het Korps Politie Curaçao heeft op basis van eerder bljstandsverzoek, dd 4 februari 2014, twee rechercheurs beschikbaar gesteld voor het TGO voor de periode van twee weken dat is verlengd voor een periode van nogmaals twee weken. De twee betreffende rechercheurs hebben enerzijds een specifieke rol in de tactiek, anderzijds is hun beheersing van het Papiamento van cruciaal belang in het onderzoek. In verband met de voortgang van het TGO wordt verzocht om verlenging van de periode van beschikbaarheid van de twee (2 rechercheurs voor de periode van (wederom) twee (2’i weken. Informeel heeft reeds overleg plaatsgevonden tussen de plaatsvervangend korpschef van het Korps Politie Curaçao, dhr R. Martina, en de korpschef van het Directoreat-Genaraal PoiltIe ICA Turfmarkt 147 2511 OP Den Haag Postbus 20301 2500 H Den Haag www.rljksoverheid.nl/venj",Everyday Racism & Modern Racial Inequality,1.0
bijlagen-bij-wobbesluiten-17-december-2015-en-22-februari-2016.pdf,22,"Om die reden werd besloten een opsporingsteam te formeren conform de Nederlandse TGO-structuur, waarbij bijstand werd gevraagd aan het Recherche Samenwerkings Team (RST), de Koninklijke Marechaussee, het Korps Politie Curaçao en de Nationale Politie in Nederland. Dit omdat het KPCN over onvoldoende capaciteit, ervaring en expertise beschikt om een dergelijk onderzoek zelfstandig uit te voeren en te coördineren. Het Korps Politie Curaçao heeft ondersteund middels de inzet van rechercheurs en medewerkers ten behoeve van de basispolitiezorg. Het TGO Country Garden bevindt zich momenteel in een fase waarin dringend behoefte is aan één of meerdere secties van een arrestatieteam (AT) In verband met de aanhouding van (een) vuurwapengevaarlijke verclachte(n), verdacht van twee (2) moorden. Het Korps Politie",Everyday Racism & Modern Racial Inequality,1.0
bijlagen-bij-wobbesluiten-17-december-2015-en-22-februari-2016.pdf,23,"Caribisch Nederland beschikt niet over een AT. In verband met de voortgang van het TGO is behoefte aan de beschikbaarstellino van het [ van het Korps Politie Curaçao voor de aanhouding van de verdachte(n). Wanneer deze aanhouding(en) precies plaats gaat/gaan vinden is thans nog onbekend, De officier van justitie zal hiertoe bevelen, zodra dit strafvorderlijk verantwoord is. Directoraat-Generaal Politie ICA Turfmarkt",Everyday Racism & Modern Racial Inequality,1.0
bijlagen-bij-wobbesluiten-17-december-2015-en-22-februari-2016.pdf,31,"Onderwerp Aanvulling op eerder bijstandsverzoek inzake zedenrechercheur tbv Korps Politie CN Geachte heer Richardson, Hierbij verzoek ik u met verwijzing naar artikel 38, tweede lid van de Rijkswet Politie, namens de minister van Veiligheid en Justitie, te voorzien in bijstand door het Korps Politie Sint Maarten (KP5) In verband met recent opgestarte zedenonderzoeken door het Korps Politie",Everyday Racism & Modern Racial Inequality,1.0
bijlagen-bij-wobbesluiten-17-december-2015-en-22-februari-2016.pdf,33,"Gelet op de huidige capaciteit en werklast van de afdeling JZZ van het KPCN kan deze expertise momenteel niet meer vanuit het eigen korps geleverd worden. Derhalve Is voor de onderzoeken op Sint ustatius behoefte aan bijstand van een gecertiflceerd zedenrechercheur. In verband met het geschetste capaciteitsgebrek binnen de afdeling JZZ van het KPCN, is er zo woedig rnoçeliik voor een neripde van in ieder oeval één week, behoefte aan één gecertif9ceerd zedenrechercheur op Sint ustatius. Met het eerdere verzoek, d.d. 6 februari, stemde u in maar vanwege ziekte van de gecertificeerde zedenrechercheur kon het KPS niet In dit verzoek voorzien. Directoraat-Generael Politie",Everyday Racism & Modern Racial Inequality,1.0
bijlagen-bij-wobbesluiten-17-december-2015-en-22-februari-2016.pdf,41,"arrestatieteam op Bonaire Geachte heer Dowers, Hierbij verzoek Ik u onder verwijzing naar artikel 36 van het Statuut voor het Koninkrijk, namens de minister van Veiligheid en Justitie mr. I.W. Opstelten, om te voorzien in bijstand geleverd door het Korps Politie Aruba in verband met het lopende TGOonderzoek Country Garden van het Korps Politie Caribisch Nederland (KPCN) op Bonaire. Op vrijdagochtend 24 januari 2014 werd de afdeling Incident Gerichte Opsporing (IGO) geconfronteerd met twee gevallen van lijkvinding.",Everyday Racism & Modern Racial Inequality,1.0
bijlagen-bij-wobbesluiten-17-december-2015-en-22-februari-2016.pdf,42,"en eerste persoon werd in de vroege ochtend aangetroffen in een uitgebrande personenauto. Korte tijd daarna werd eén tweede stoffelijk overschot aangetroffen in het water van een dam. Uit de eerste onderzoeksresultaten van de Ingestelde opsporingsonderzoeken kon al spoedig worden opgemaakt dat in beide gevallen zeer waarschijnlijk sprake is geweest van een misdrijf en dat beide zaken mogelijk direct verband met elkaar houden. Om die reden werd besloten een opsporingsteam te formeren conform de Nederlandse TGO-structuur, waarbij bijstand werd gevraagd aan het Recherche Samenwerkings Team (RST), de Koninklijke Marechaussee, het Korps Politie Curaçao en de Nationale Politie in Nederland. Dit omdat het KPCN over onvoldoende capaciteit, ervaring en expertise beschikt om een dergelijk onderzoek zelfstandig uit te voeren en te coördineren.",Everyday Racism & Modern Racial Inequality,1.0
bijlagen-bij-wobbesluiten-17-december-2015-en-22-februari-2016.pdf,55,Caribisch Nederland (KPCN) op Bonaire opgestart Team Grootschalig Onderzoek (TGO) met onderzoeksnaam Country Garden. Op vrijdagochtend 24 januari 2014 werd de afdeling Incident Gerichte Opsporing (IGO) geconfronteerd met twee gevallen van lijkbevlnding. en eerste persoon werd in de vroege ochtend aangetroffen in een uitgebrande auto. Korte tijd daarna werd een tweede stoffelijk overschot aangetroffen in het water van een dam. Uit de eerste onderzoeksresultaten van de ingestelde opsporingsonderzoeken kon al spoedig worden opgemaakt dat In beide gevallen zeer waarschijnlijk sprake is geweest van een misdrijf en dat beide zaken mogelijk direct verband met elkaar houden.,Reparations & Justice,1.0
bijlagen-bij-wobbesluiten-17-december-2015-en-22-februari-2016.pdf,56,"Om die reden werd besloten een opsporingsteam te formeren conform de Nederlandse TGO-structuur, waarbIj bijstand werd gevraagd aan het Recherche Samenwerklngs Team (RST), de Koninklijke Marechaussee, het Korps Politie Curaçao en de Nationale Politie in Nederland. Dit omdat het KPCN over onvoldoende capaciteit, ervaring en expertise beschikt om een dergelijk onderzoek zelfstandig uit te voeren en te coördineren. Het TGO is In een fase beland, waarbij onder andere in relatief korte tijd een groot aantal getuigen- en verdachtenverhoren plaats dienen te hebben. De reeds door de verdachten afgelegde getuigenverklaringen dienen aan de hand van deze getuigenverklaringen en andere onderzoeksmethoden te worden getoetst en verdachten dienen te worden geconfronteerd met de diverse onderzoeksresultaten. De huidige capaciteit van het TGO is echter niet toereikend om alle verhoren tijdig te kunnen uitvoeren en zo de voortgang van het TGO te garanderen.",Everyday Racism & Modern Racial Inequality,1.0
bijlagen-bij-wobbesluiten-17-december-2015-en-22-februari-2016.pdf,57,Derhalve bestaat bij het TGO de dringende behoefte aan bijstand van rechercheurs van het KPA. Projectnaam bljstandsverzoek tbv KPCN aan mln Jus Aruba Ons kenmerk 501160 Bij beantwoording de datum en ons kenmerk vermelden. Wilt u slechts één iaak in uw brief behandelen. In verband met de voortgang van het TGO Is er 31 maaftaithans zo spoedig mogelijk behoefte aan twee (2) rechercheurs van het Korps Politie Aruba voor een periode van zes (6) weken.,Everyday Racism & Modern Racial Inequality,1.0
bijlagen-bij-wobbesluiten-17-december-2015-en-22-februari-2016.pdf,62,Caribisch Nederland (KPCN) op Bonaire. Het Korps Politie Curaçao heeft vanaf de start van het onderzoek bijstand geleverd door middel van levering van twee rechercheurs aan het TGO. Conform eerdere bijstandsverzoeken Is deze bijstand per 21 maart komen te vervallen. De bijstand van de rechercheurs is echter nog steeds noodzakelijk om de voortgang van het onderzoek te kunnen waarborgen. nerzijds vanwege hun specifieke rol,Everyday Racism & Modern Racial Inequality,1.0
bijlagen-bij-wobbesluiten-17-december-2015-en-22-februari-2016.pdf,63,"In het onderzoek en anderzijds vanwege hun beheersing van het Paplamento, hetgeen mede gelet op de samenstelling van het TGO van cruciaal belang is in het onderzoek. In verband met de voortgang van het TGO wordt verzocht om verlenging van de periode van beschikbaarheid van de twee (2) rechercheurs voor de periode van (wederom) twee (2) weken. Informeel heeft reeds overleg plaatsgevonden tussen de plaatsvervangend korpschef van het Korps Politie Curaçao, dhr R Martina, en de korpschef van het Korps Politie Caribisch Nederland, mevr. H. Buitink. De heer Martina heeft aangegeven vanuit operationeel oogpunt geen bezwaar te hebben tegen de verlenging. Directoraat-Generaal Politie",Everyday Racism & Modern Racial Inequality,1.0
bijlagen-bij-wobbesluiten-17-december-2015-en-22-februari-2016.pdf,78,"bijstand Inzake zedenrechercheur tbv Korps Politie CN Geachte heer Richardson, Hierbij verzoek Ik u met verwijzing naar artikel 38, tweede lid van de Rijkswet Politie, namens de minister van Veiligheid en Justitie, te voorzien in verlenging van de bijstand geleverd door het Korps Politie Sint Maarten (KPS)",Everyday Racism & Modern Racial Inequality,1.0
bijlagen-bij-wobbesluiten-17-december-2015-en-22-februari-2016.pdf,80,"In de tweede zaak. Gelet op de huidige capaciteit en werklast van de afdeling JZZ van het KPCN kan deze expertise momenteel niet meer vanuit het eigen korps geleverd worden. Derhalve is voor de onderzoeken op Sint ustatius behoefte aan verlenging van de bijstand van de gecertificeerde zedenrechercheur van het Korps Politie Sint Maarten. In verband met het geschetste capaciteitsgebrek binnen de afdeling JZZ van het KPCN, is er behoefte aan verlenginci van de ondersteuning door één gecertificeerd zedenrechercheur op Sint ustatius voor een periode van in ieder oeval één week. Directoraat-Generaal Politie",Everyday Racism & Modern Racial Inequality,1.0
bijlagen-bij-wobbesluiten-17-december-2015-en-22-februari-2016.pdf,82,2500 CH Den Haag www.rljksoverheidnh/venj Projectnaam Bijstand tbv KPCN door korps politie Sint Maarten Inzake zedenonderzoek Ons kenmerk 500375,Everyday Racism & Modern Racial Inequality,1.0
bijlagen-bij-wobbesluiten-17-december-2015-en-22-februari-2016.pdf,88,"Geachte heer Richardson, Hierbij verzoek ik u met verwijzing naar artikel 38, tweede lid van de Rijkswet Politie, namens de minister van Veiligheid en Justitie mr. I.W. Opsteiten, om te voorzien in bijstand door het Korps Politie Sint Maarten (KPS) aan het Korps Politie Caribisch Nederland (KPCN) ten behoeve van de carnavaisfeesten op Saba. In de periode van 23 juli tot en met 3 augustus 2014 vinden er carnavalsfeesten plaats op Saba. De ervaring heeft geleerd dat naast de lokale bevolking ook toeristen uit de regio deze carnavalsfeesten bezoeken. Gedurende die periode is extra politie inzet noodzakelijk i.v.m. het handhaven van de openbare orde.",Everyday Racism & Modern Racial Inequality,1.0
bijlagen-bij-wobbesluiten-17-december-2015-en-22-februari-2016.pdf,99,"De ervaring leert dat naast de lokale bevolking ook veel toeristen uit de regio dit feest bezoeken. Om de openbare orde en veiligheid tijdens de diverse evenementen die gedurende de carnavalsperiode worden georganiseerd te kunnen waarborgen is extra politie-inzet noodzakelijk. De huidige capaciteit van het KPCN is niet toereikend om geheel zelfstandig in deze extra politie-Inzet te kunnen voorzien. De Koninklijke Marechaussee, die het KPCN structureel ondersteunt bij de politietaak op Sint ustatius, heeft in de genoemde periode eveneens onvoldoende capaciteit beschikbaar om de noodzakelijk geachte inzet te kunnen leveren. Het KPS beschikt over gekwalificeerde politiefunctionarissen dle deze versterking kunnen bieden.",Everyday Racism & Modern Racial Inequality,1.0
bijlagen-bij-wobbesluiten-17-december-2015-en-22-februari-2016.pdf,107,"In januari 2014 startte het Korps Politie Caribisch Nederland (KPCN) een opsporingsonderzoek op Bonaire nadat de afdeling Incident Gerichte Opsporing werd geconfronteerd met twee gevallen van lijkvinding. r is een opsporingsteam samengesteld conform de Nederlandse TGO-structuur, TGO Country Garden, waaraan meerdere diensten bijstand verlenen zoals het KPC. Op basis van eerder geleverde bijstand maakte tactisch rechercheur, werkzaam bij het KPC deel uit van het onderzoeksteam, TGO Country Garden. Om tactische en capacitaire redenen verzoekt het onderzoeksteam de inzet van",Everyday Racism & Modern Racial Inequality,1.0
bijlagen-bij-wobbesluiten-17-december-2015-en-22-februari-2016.pdf,108,"In het finale verhoor van één van de hoofdverdachten in het onderzoek. Het verhoor is gepland op 24 en 25 juli 2014. Ter voorbereiding op dit verhoor Is het zeer wenselijk dat per 22 juli 2014 inzetbaar is op Bonaire. In verband met de voortgang van het TGO wordt verzocht ian het KPC oer 22 juli 2014. althans zo spoedig mogelijk, beschikbaar te stellen",Everyday Racism & Modern Racial Inequality,1.0
stand-van-zaken-over-zorg-in-het-caribisch-gebied.pdf,1,"Het ziekenhuis beschikt over een spoedeisende hulp, verloskamer, een polikliniek, verpleegruimten inclusief een special care en een eigen dialysecentrum. r zijn permanent Nederlandse artsen aanwezig, die dragen de kennis over. Niet alleen aan de artsen, maar ook aan de verpleegkundigen. Alle basisspecialismen zijn er. r is een eerstelijnskliniek (Koningin Beatrix Medisch Centrum), met beperkte capaciteit.",Everyday Racism & Modern Racial Inequality,1.0
stand-van-zaken-over-zorg-in-het-caribisch-gebied.pdf,3,"In de verbetering van de medisch specialistische zorg is de samenwerking tussen het ziekenhuis van Bonaire en de academische ziekenhuizen van Amsterdam, die in 2011 van start is gegaan cruciaal. Nederlandse medisch specialisten gaan voor minimaal drie maanden aan het werk op Bonaire. Daarnaast worden er vanuit Amsterdam bijscholingscursussen verzorgd, onder meer voor de radiologisch laboranten. Doel is om, naast de kwaliteitsverbetering, de efficiëntie van de zorg te verbeteren en het aantal uitzendingen van patiënten naar elders terug te brengen en 80% van de zorg op Bonaire te kunnen uitvoeren. r zijn meer dan vijftien fte medisch specialisten werkzaam en zijn negen basisspecialismen vertegenwoordigd.",Everyday Racism & Modern Racial Inequality,1.0
stand-van-zaken-over-zorg-in-het-caribisch-gebied.pdf,4,"nkele medisch specialisten, afkomstig uit Sint Maarten, Bonaire en Aruba visiteren. De verpleging wordt regelmatig bijgeschoold vanuit Nederland op enkele onderdelen zoals acute hulp. Medisch specialistische zorg op St ustatius vestigen is, vanwege de schaalgrootte, onrendabel en onverstandig. nkele medisch specialisten, afkomstig uit Sint Maarten, Bonaire en Aruba visiteren. De verpleging wordt regelmatig bijgeschoold vanuit Nederland op enkele onderdelen zoals acute hulp.",Everyday Racism & Modern Racial Inequality,1.0
stand-van-zaken-over-zorg-in-het-caribisch-gebied.pdf,5,"Met betrekking tot het bezoek van medisch specialisten aan Saba zijn er twijfels over de meerwaarde daarvan. Medisch specialistische zorg op Saba vestigen is, vanwege de schaalgrootte, onrendabel en onverstandig. 2 Huisartsen Vanaf 1 oktober 2011 is er voor de spoedeisende hulp een huisartsenpost (hap), die hulp biedt in de avond en het weekend. Daar wordt (erg) veel gebruik van gemaakt.",Everyday Racism & Modern Racial Inequality,1.0
stand-van-zaken-over-zorg-in-het-caribisch-gebied.pdf,6,’s Nachts is de hap gesloten. Dan wordt verwezen naar de spoedeisende hulp van het ziekenhuis. r zijn acht huisartsen werkzaam op Bonaire. De merendeels Zuid-Amerikaanse artsen hebben heel andere opvattingen over eerstelijnsgeneeskunde dan in Nederland en de communicatie met de artsen is door taalproblemen soms lastig is. De IGZ heeft hierover haar zorgen uitgesproken.,Everyday Racism & Modern Racial Inequality,1.0
stand-van-zaken-over-zorg-in-het-caribisch-gebied.pdf,16,"Op dit complex wordt een crisisopvang/ nachtopvang van een aantal bedden gerealiseerd. Auxiliary Home is het verpleeghuis op Statia waar momenteel 17 cliënten verzorgd worden. Het Chapel Piece Center is de dagopvang en heeft 25 plaatsen. Het Center verzorgt ook maaltijdvoorziening voor mensen binnen de dagopvang, maar ook voor enkelen daarbuiten. Ook beschikt het Center over een eigen bus met chauffeur en kan er gebruik worden gemaakt van een fysiotherapeut (tweemaal per week aanwezig).",Dehumanization & Scientific Racism,1.0
stand-van-zaken-over-zorg-in-het-caribisch-gebied.pdf,17,"Het verpleeghuis Benevolente The Home heeft een capaciteit van 16 clienten op dit moment. Sinds 2014 staat het verpleeghuis onder verscherpt toezicht van de IGZ en is er een bewindvoerder aangesteld. Inmiddels zijn er diverse verbeteringen doorgevoerd op het gebied van operationeel management en de dagelijkse leefomgeving van de clienten. r is dagelijks beweegtherapie, gegeven door een vaste fysiotherapeute. Verder is er sprake van dagactiviteiten en is er recent een pilot gestart om de dagactiviteiten ook beschikbaar te stellen voor mensen die buiten The Home verblijven.",Everyday Racism & Modern Racial Inequality,1.0
stand-van-zaken-over-zorg-in-het-caribisch-gebied.pdf,18,"Thuiszorg r is wijkverpleging/medische thuiszorg met in totaal tachtig cliënten in zorg, verdeeld over drie wijkteams. r is wijkverpleging, waarbij de leiding in handen is van het hoofd verpleging van het ziekenhuis. De home health care op Saba is medische thuiszorg in de vorm van verpleegkundige hulp aan huis (medicijngebruik, wondverzorging enz.). en verzorgt circa 60 cliënten met een team van 5 verpleegkundigen. GGD Betreft een systeemverantwoordelijkheid voor VWS.",Dehumanization & Scientific Racism,1.0
