filename,chunk_num,chunk_text,topic,confidence,chunk_5w_len,cosine_similarity
mariene-strategie-voor-het-nederlandse-deel-van-de-noordzee-2012-2020-deel-3.pdf,22,De uropese kaderrichtlijn Mariene Strategie (KRM) verplicht de U-lidstaten een strategie te ontwikkelen om in 2020 in het eigen zeegebied – voor Nederland het Nederlandse deel van de Noordzee - een goede milieutoestand te bereiken en/of te behouden en maatregelen te nemen die ervoor zorgen dat de daarvoor gestelde doelen worden bereikt. Bouwstenen voor die strategie zijn de al bestaande beleidskaders en de daaruit voortkomende maatregelen. Waar deze tekort schieten moeten de lidstaten aanvullende maatregelen formuleren. Verder verplicht de richtlijn tot internationale samenhang en samenwerking in de noordoost Atlantische regio en meer specifiek met de Noordzeelanden.,Everyday Racism & Modern Racial Inequality,1.0,114,0.03324797651230731
mariene-strategie-voor-het-nederlandse-deel-van-de-noordzee-2012-2020-deel-3.pdf,33,"Binnen de kaders van IMO en GVB zet het kabinet in op verduurzaming van scheepvaart en visserij. Bij de terugdringing van vervuiling vanuit bronnen op het land sluit het kabinet aan op het bestaande milieubeleid en de uitvoering van de Kaderrichtlijn Water. 2 Gebieds- en soortenaanpak Het kabinet wil met een gebiedsgerichte aanpak de bescherming van kwetsbare ecologische soorten en gebieden waarborgen, zoals Natura 2000-gebieden en de aanvullende bescherming op het riese ront en de Centrale Oestergronden. Deze maatregelen vloeien voort uit de VHR en KRM verplichting om met de bescherming van bepaalde ecologische / habitat gebieden van het Nederlandse deel van de Noordzee de goede milieutoestand van het mariene ecosysteem dichterbij te brengen en bij te dragen aan een samenhangend en representatief netwerk van beschermde mariene gebieden.",Everyday Racism & Modern Racial Inequality,1.0,156,0.03163807604230908
mariene-strategie-voor-het-nederlandse-deel-van-de-noordzee-2012-2020-deel-3.pdf,61,"De U-Richtlijn voor duurzaam gebruik van pesticiden is in Nederland uitgewerkt in het Actieplan duurzame gewasbescherming. Het nationale beleid dat uit de richtlijn voortvloeit is vastgelegd in de 2e Nota duurzame gewasbescherming. • De belangrijkste afspraken voor de voorbereiding, samenwerking en coördinatie bij rampenbestrijding en incidentenaanpak op zee zijn vastgelegd in het Rampenplan voor de Noordzee (als onderdeel van het Incident Bestrijdings Plan), de Samenwerkings- regeling Bestrijding Kustverontreiniging en het Samenwerkingsplan Besmeurde Vogels. Ook vindt er internationale samenwerking plaats via de Overeenkomst van Bonn over samenwerking bij bestrijding van verontreiniging van de Noordzee.",Everyday Racism & Modern Racial Inequality,1.0,126,0.03206127424169822
lp-v-j-0000007648.pdf,8,"Het strafrecht is, waar het gaat om de aanpak van huwelijksdwang, een belangrijk en noodzakelijk sluitstuk, maar wordt als ultimum remedium toegepast. Bij de aanpak van huwelijksdwang wordt eerst en vooral ingezet op maatregelen om huwelijksdwang te voorkomen, zoals maatregelen op het terrein van voorlichting, bewustwording, mentaliteitsverandering, deskundigheidsbevordering en vroegsignalering. Bij brief van 5 januari 2015 (Kamerstukken II 2014/15, 32 175, nr. 54) heeft de Minister van Sociale Zaken en Werkgelegenheid een Actieplan zelfbeschikking 2015-2017 aan uw Kamer gestuurd. Dit actieplan moet ertoe leiden dat mensen zich bewust zijn dat ze het recht hebben om zelf keuzes te maken over hun eigen leven. De opsporing en vervolging van zaken van geweld in huiselijke kring, waaronder huwelijksdwang, kunnen desalniettemin rekenen op de continue aandacht van politie en OM.",Everyday Racism & Modern Racial Inequality,1.0,160,0.03189116091711785
lp-v-j-0000007648.pdf,12,"In het kader van de totstandkoming van de wijziging van het Wetboek van Strafrecht, het Wetboek van Strafvordering en het Wetboek van Strafrecht BS met het oog op de verruiming van de mogelijkheden tot strafrechtelijke aanpak van huwelijksdwang, polygamie en vrouwelijke genitale verminking, is uitgebreid toegelicht waarom de algemene strafbaarstelling van dwang in het Wetboek van Strafrecht volstaat bij de strafrechtelijke aanpak van huwelijksdwang. Graag verwijs ik naar de memorie van toelichting bij dit wetsvoorstel (Kamerstukken II 32 840, 2010/11, nr. 3, p. 5 e.v.). Ingevolge artikel 284, tweede lid, Sr vindt uitsluitend in het geval dwang wordt uitgeoefend door bedreiging met smaad of een smaadschrift vervolging plaats op klacht. Bij huwelijksdwang zal doorgaans sprake zijn van de omstandigheden in artikel 284, eerste lid, onder 1, Sr te weten: dwang die wordt uitgeoefend door geweld of enige andere feitelijkheid of bedreiging hiermee.",Reparations & Justice,1.0,176,0.04854984425717232
bijlage-1-nota-naar-aanleiding-van-het-verslag-omgevingswet.pdf,58,"De reactie van de regering op de thema’s sturing op kwaliteit van de fysieke leefomgeving, de balans tussen flexibiliteit en rechtszekerheid en de verhouding tussen wet en AMvB’s wordt hieronder samengevat en verder toegelicht in de hoofdstukken 2, 3, 4 en 5. Daarna worden in hoofdstuk 6 en 7 per doelgroep (burgers, bedrijven en bestuursorganen) een aantal thema’s toegelicht en worden in hoofdstuk 8 de vragen over de instrumenten beantwoord. Vanaf hoofdstuk 9 worden vragen over overige thema’s beantwoord, waarbij de hoofdstukindeling van het verslag zoveel mogelijk is gevolgd. 12 In paragraaf 2.4 van deze nota zijn de hoofdlijnen van het stelsel en de verschillende sturingsmogelijkheden kort toegelicht.",Reparations & Justice,1.0,130,0.04911623185736344
bijlage-1-nota-naar-aanleiding-van-het-verslag-omgevingswet.pdf,59,"De regering wil hiermee, voordat de vragen over specifieke onderdelen beantwoord worden, op hoofdlijnen inzicht bieden in de werking van de verschillende instrumenten en bepalingen elk een bijdrage leveren aan de doelstellingen van het wetsvoorstel. Met deze opzet is niet de volgorde van het verslag aangehouden. Om te voorkomen dat onduidelijk is waar een vraag is beantwoord, is in bijlage 4 een tabel opgenomen waarin voor alle vragen is aangegeven in welke paragraaf van het verslag het antwoord is te vinden en zijn in het verslag tussen haakjes de nummers van de vragen vermeld. r is gevraagd naar een overzicht van de bestaande wetten die opgaan in de Omgevingswet. In bijlage 1 wordt per wet wordt inzichtelijk gemaakt welke onderdelen zullen opgaan in het voorliggende voorstel voor de Omgevingswet.",Reparations & Justice,1.0,147,0.06245702012211998
bijlage-1-nota-naar-aanleiding-van-het-verslag-omgevingswet.pdf,65,"Het biedt de instrumenten, taakopdrachten, bevoegdheden en verplichtingen om te zorgen dat de doelen van de wet voor de kwaliteit van de fysieke leefomgeving worden gerealiseerd. Het bevat bijvoorbeeld verplichtingen tot het stellen van omgevingswaarden of algemene regels over concrete onderdelen van de fysieke leefomgeving of activiteiten. Daarbij gaat het wetsvoorstel uit van een samenhangende aanpak die ervoor zorgt dat alle relevante belangen (ruimte, water, infrastructuur, milieu, natuur en wonen) van begin af aan worden meegenomen in het beleids- en 13 besluitvormingsproces. Dit biedt kansen voor kwaliteit, slimme combinaties en duurzame oplossingen. Het biedt ook meer waarborgen voor veiligheid, gezondheid en omgevingskwaliteit.",Everyday Racism & Modern Racial Inequality,1.0,132,0.03998556785721836
tk-nota-naar-aanleiding-van-het-verslag-invoeringswet-vereenvoudiging-en-digitalisering-procesrecht.pdf,3,"1. Inleiding De leden van de CDA-fractie zijn benieuwd hoe binnen de implementatie van het KI- programma momenteel rekening wordt gehouden met de uitvoering van de motie-Oskam (Kamerstuk 34059, nr. 12). Op grond van deze motie gaat de gefaseerde inwerkingtreding van de twee wetsvoorstellen KI en de Invoeringswet ten aanzien van de nationale wetgeving in beginsel van start een half jaar na plaatsing van deze drie wetsvoorstellen in het Staatsblad. Wanneer de inwerkingtreding precies plaatsvindt, is afhankelijk van de parlementaire behandeling, maar mijn streven is dat medio 2016 de eerste fase van inwerkingtreding van start kan gaan.",Reparations & Justice,1.0,119,0.05011412058878975
tk-nota-naar-aanleiding-van-het-verslag-invoeringswet-vereenvoudiging-en-digitalisering-procesrecht.pdf,5,"Het gaat om belemmeringen in de formulering van de wet die handelingen op papier voorschrijft. In het onderhavige wetsvoorstel gaat het bijvoorbeeld om artikel 25 van de Rijkswet Noodvoorzieningen Scheepvaart. Het eerste lid bepaalt dat een verzoekschrift in drievoud moet worden ingediend en in het derde lid staat dat de griffier de verzoeker en andere belanghebbenden bij aangetekende brief in kennis stelt van de dag waarop de zaak ter rolle wordt uitgeroepen. In een digitale omgeving is het in drievoud indienen van een procesinleiding niet nodig, omdat processtukken in het digitale dossier van de partijen ter beschikking worden gesteld. De kennisgeving van de griffier bij aangetekende brief kan voorts worden vervangen door een schriftelijke kennisgeving via het digitale systeem, waarbij met behulp van notificaties langs elektronische weg een vergelijkbare waarborg wordt geboden dat berichten van het gerecht de belanghebbende partijen bereiken.",Reparations & Justice,1.0,168,0.06981201815942967
tk-nota-naar-aanleiding-van-het-verslag-invoeringswet-vereenvoudiging-en-digitalisering-procesrecht.pdf,10,"Zoals ik hiervoor bij de beantwoording van de vragen in paragraaf 3 heb aangegeven, wordt digitaal procederen via dit programma niet ingevoerd bij de gerechten in het Caribische deel van het Koninkrijk. Aan dit wetsvoorstel zijn daarom geen kosten verbonden voor de overzeese gebieden. De aan het woord zijnde leden vragen voorts om een reactie op het bericht op de website van de rechtspraak dat de digitalisering in Nederland vertraging heeft opgelopen. Zij vragen of al bekend is hoe groot de vertraging is en wat hiervan de consequenties zijn. Teneinde de praktijk voldoende gelegenheid te geven zich voor te bereiden op digitaal procederen, heb ik toegezegd dat er tussen de publicatie van de wetgeving KI in het Staatsblad en de inwerkingtreding ervan in beginsel een half jaar zal zitten.",Reparations & Justice,1.0,147,0.056841224406312146
tk-nota-naar-aanleiding-van-het-verslag-invoeringswet-vereenvoudiging-en-digitalisering-procesrecht.pdf,17,"Vragen van de Staten van Aruba De in de Staten van Aruba aanwezige fracties merken op dat schriftelijke opmerkingen in het kader van een prejudiciële procedure door een advocaat bij de Hoge Raad dienen te worden getekend en dat schriftelijke opmerkingen die niet door een advocaat bij de Hoge Raad zijn ondertekend ter zijde worden gelegd. De aan het woord zijnde fracties wijzen op de sinds 1 juli 2012 bestaande mogelijkheid dat iedere in Nederland op het tableau ingeschreven advocaat met stage-verklaring, alsmede de U-advocaat bedoeld in artikel 16h Advocatenwet, zich kan kwalificeren als advocaat bij de Hoge Raad. Zij vragen of in de Rijkswet cassatierechtspraak voor Aruba, Curaçao, Sint Maarten en voor Bonaire, Sint ustatius en Saba (hierna: de Rijkswet cassatierechtspraak) de mogelijkheid dient te worden geschapen, dat ook advocaten met stage-verklaring, ingeschreven bij het Gemeenschappelijk Hof van Justitie, zich desgewenst kunnen kwalificeren als advocaat bij de Hoge Raad. Zij vragen ook of de bevoegdheid tot het zelfstandig indienen van schriftelijke opmerkingen in het kader van een prejudiciële procedure wellicht valt onder het bereik van het pleitrecht als vervat in artikel 8 van de Rijkswet cassatierechtspraak.",Reparations & Justice,1.0,223,0.044901117513219596
meerjarenplan-ilt-2015-2019.pdf,2,"Intern zet de inspectie de volgende stap in het uniformeren van haar processen. Deze zijn nu beschreven, waarmee het mogelijk wordt door middel van de zogeheten wasstraten de bestaande procesinrichting te toetsen aan de wenselijke, zodat de domeinen weten op welke aspecten zij hun procesinrichting moeten aanpassen. Daarmee wordt uiteindelijk de efficiency vergroot. Zoals vele andere organisaties in Nederland kent de inspectie een ‘scheve’ personeelsopbouw, waarbij er meer oudere dan jongere medewerkers zijn. Daar is een voordeel aan verbonden, omdat wij op veel ervaring kunnen steunen.",Everyday Racism & Modern Racial Inequality,1.0,103,0.06389355633718201
meerjarenplan-ilt-2015-2019.pdf,4,"waar staan we voor 4 | Inspectie Leefomgeving en Transport de inspectie: autoriteit voor leefomgeving en transport de taak en de missie van de inspectie De taak van de Inspectie Leefomgeving en Transport is ervoor te zorgen dat bedrijven, organisaties en overheidsinstanties (de ondertoezichtstaanden) de wet- en regelgeving op het terrein van de (duurzame) leefomgeving en de fysieke veiligheid naleven. Het werkveld van de inspectie omvat: • afval, industrie & bedrijven;",Everyday Racism & Modern Racial Inequality,1.0,88,0.031092224224490397
meerjarenplan-ilt-2015-2019.pdf,7,"Zij moet haar gezag met onbesproken optreden verdienen. Pas dan erkennen bedrijven, instellingen, andere overheden, burgers en passagiers de inspectie als gezaghebbende autoriteit, in het besef dat zij staat voor haar aandeel in de gewenste duurzaamheid, veiligheid en kwaliteit en dat de ondertoezichtstaanden staan voor hun bijdrage. De Inspectie Leefomgeving en Transport bewaakt en stimuleert de naleving van wet- en regelgeving op de haar toegewezen domeinen. - de missie - Meerjarenplan 2015-2019 | 5 de opdracht Bij de totstandkoming van wet- en regelgeving streeft de wetgever naar een door haar gewenst niveau van veiligheid en kwaliteit.",Everyday Racism & Modern Racial Inequality,1.0,118,0.030544388966667807
meerjarenplan-ilt-2015-2019.pdf,9,"Het rechtmatigheidvereiste houdt in dat de inspectie handelt in overeenstemming met het geschreven en ongeschreven recht. Zij moet wet- en regelgeving, jurisprudentie en beleidsregels eenduidig en juist toepassen, conform de bedoeling en de strekking ervan. Doet zich nieuwe wet- en regelgeving voor, dan voert de inspectie vooraf uitvoerings- en handhaafbaar- heidtoetsen uit. De belangrijkste toetsingscriteria die zij daarbij hanteert zijn begrijpelijkheid van de wet- en regelgeving, de uitvoerbaarheid, fraudebestendigheid, controleerbaarheid, de beschikbaarheid van bevoegdheden om te interveniëren, de administratieve lasten voor de bedrijven en organisaties, de kosten van de uitvoering en de snelheid waarmee de nieuwe wet- en regelgeving kan worden geïmplementeerd. Respect voor burgers, bedrijven, organisaties en overheidsinstanties is voor iedere overheidsorganisatie het leidende beginsel in haar optreden.",Reparations & Justice,1.0,165,0.037387610569643626
meerjarenplan-ilt-2015-2019.pdf,10,"Het rechtsgevoel in de samenleving vereist een adequate rechtsbescherming. De wetgever draagt zorg voor adequate bezwaar- en beroepsmogelijkheden. De inspectie waarborgt de rechten en plichten van ondertoezichtstaanden door transparante voorlichting en informatie te geven. Ook houdt zij zich aan termijnen (voor het afgeven van vergunningen, de afhandeling van klachten en bezwaarschriften) en motiveert zij haar beslissingen. De inspectie heeft daarbij de plicht om onafhankelijk en deskundig te oordelen, belangenverstrengeling te vermijden, voorbeeldgedrag te tonen en zich publiekelijk te verantwoorden.",Everyday Racism & Modern Racial Inequality,1.0,106,0.038595077346783
meerjarenplan-ilt-2015-2019.pdf,35,"Hetzelfde geldt voor de aanpak van grote, vaak multinationale industriële bedrijven met aanzienlijke milieu- en veiligheidsrisico’s. r is een duidelijke toename van uropese initiatieven die het milieutoezicht moeten versterken en professionaliseren. r zijn verschillende van die initiatieven, zoals vrijwillige samenwerking in internatio- nale netwerken, regelgeving die dwingende eisen aan het toezicht stelt en de instelling van uropese toezichthouders. De tendens om steeds meer gedetailleerde, onderwerpspecifieke toezichtverplichtingen vast te stellen en een gebrek aan één samenhangende visie op de rol van de nationale toezichthouders belemmeren een consistente aanpak en beperken de ruimte voor eigen oplossingen in de lidstaten. Dat kan consequenties hebben voor de beoogde intensivering en kwaliteitsverbetering van het milieutoe- zicht, waardoor regelgeving haar doel mogelijk minder goed bereikt en het speelveld voor internationaal opererende bedrijven mogelijk minder gelijk wordt.",Everyday Racism & Modern Racial Inequality,1.0,175,0.03358853738244289
meerjarenplan-ilt-2015-2019.pdf,48,"Op die manier geeft de inspectie invulling aan de ontwikkeling van digitale dienstverlening. De komende jaren moet de website ingrijpend worden aangepast aan het zoekgedrag van de bezoekers. Via haar Meld- en Informatiecentrum (MIC) behandelt de inspectie vragen en meldingen van zowel burgers en bedrijven als collega-handhavers. Het MIC beantwoordt telefonische en via e-mail en brief gestelde vragen van burgers en bedrijven. Het MIC ontvangt en registreert de meldingen die bij de inspectie binnenkomen, beoordeelt de urgentie en bepaalt de routering van afhandeling.",Everyday Racism & Modern Racial Inequality,1.0,100,0.04620785564051275
rapport-maatwerk-voor-risicojongeren.pdf,26,Samenwerking en samenspraak met (vertegenwoor­ digers van) gemeenschappen was belangrijk in de aanpak voor beide groeperingen. Zie een voorbeeld van een advies uit de Antilliaanse gemeenschap aan beleidsmakers. Het advies benadrukt dat ook bij de overgang naar regulier beleid blijvende aan­ dacht voor maatwerk en culturele sensitiviteit nodig is. Introductie Leeswijzer Introductie,Everyday Racism & Modern Racial Inequality,1.0,65,0.05282494725787597
rapport-maatwerk-voor-risicojongeren.pdf,30,"Inzichten uit deze handreiking kunnen dan ook breder wor­ den toegepast bij de aanpak van problemen met risicojeugd. Risicojongeren zijn – volgens een defi­ nitie van het Nicis uit 2009: ‘ Kinderen of jonge­ ren die meerdere, vaak samenhangende en elkaar versterkende problemen ervaren, waardoor ze het risico lopen op maatschappelijke uitval en/ of verval in criminaliteit. Risicofactoren kunnen voortkomen uit kenmerken van het kind zelf (bij­ voorbeeld een verstandelijke, psychische of licha­ melijke problematiek), uit omgevingskenmerken zoals een problematische thuissituatie, lage soci­ aaleconomische status of slechte woonomgeving, en/of uit culturele achtergrond voortkomende knelpunten, zoals het hebben van verschillende waarden en normen of het om moeten gaan met negatieve beeldvorming’. Deze definitie sluit goed aan bij het beleid van de afgelopen jaren.",Everyday Racism & Modern Racial Inequality,1.0,147,0.0658181646612099
rapport-maatwerk-voor-risicojongeren.pdf,56,"Voorbeelden op elk van die niveaus zijn dan ach­ tereenvolgens de neiging tot agressief gedrag, een autoritaire en weinig steunende opvoedstijl, deel­ nemen aan een criminele jeugdgroep en het wonen in een achterstandbuurt. Interventies zijn onder andere: • cognitieve gedragstherapie, waarmee jongeren leren om te gaan met cognitieve denkfouten (‘deze maatschappij moet mij niet’) • oudertraining • multisysteemtherapie, met aandacht voor (interacties in) gezin, school, leeftijdgenoten en buurt MORL ONTWIKKLING",Everyday Racism & Modern Racial Inequality,1.0,92,0.03421555091725573
rapport-maatwerk-voor-risicojongeren.pdf,75,"Om een goede aanpak of goed beleid te kunnen formuleren, is een helder beeld van de omvang van de problematiek noodzakelijk, maar ook inzicht in de oorzaken en achtergronden ervan. Daarna kan naar echt werkende oplossingen worden gezocht. Naast probleemanalyses op individueel niveau is het voor bestuurders en beleidsmakers dan ook van belang om een analyse te maken van het probleem op het institutionele niveau: op het niveau van de wijk, de stad of samenleving als geheel. Wetenschappelijk onderzoek kan meer informa­ tie verschaffen over oorzaken, risicofactoren en oplossingsrichtingen.",Everyday Racism & Modern Racial Inequality,1.0,108,0.047824913028358555
rapport-maatwerk-voor-risicojongeren.pdf,80,"beschrijft de belang­ rijkste elementen en voorzieningen binnen een gemeente, buurt of wijk, zowel voor de hele bevolking, als voor de risicojongeren of -groe­ pen. De gemeente kan zo vaststellen waar moge­ lijk overlap zit of waar zich juist hiaten bevinden. Wat ook wel gebeurt bij een contextanalyse is een nadere analyse van jongeren op etniciteit, sociaal­ economische status, schooluitval en arbeidsparti­ cipatie, en een onderzoek naar verschillen in bij­ voorbeeld schooluitval of arbeidsdeelname tussen subgroepen. Ideeën voor bronnen zijn te vinden in deze tekst. Het programma ‘Communities that Care’ (CtC) biedt een goed voorbeeld van een uitgebreide con­ textanalyse.",Everyday Racism & Modern Racial Inequality,1.0,118,0.03644378001129707
rapport-maatwerk-voor-risicojongeren.pdf,81,"CtC is een wijkgerichte methode om probleemgedrag van jongeren vroeg te signale­ ren en aan te pakken. Hierbij worden de onderlig­ gende oorzaken van probleemgedrag systematisch in ogenschouw genomen. Het gaat bijvoorbeeld om geweld, delinquentie, problematisch midde­ lengebruik, schooluitval, tienerzwangerschap­ pen en depressie. Uit een landelijke evaluatie blijkt dat CtC vooral geschikt is als strategisch stu­ ringsinstrument. Het programma draagt ertoe bij dat instellingen op het terrein van preventie goed samenwerken.",Everyday Racism & Modern Racial Inequality,1.0,90,0.03546565796262314
publieksmonitor-bzk-rapport.pdf,29,"Burgers zien zowel positieve als negatieve gevolgen van koppeling persoonsgegevens • Ook de koppeling van persoonsgegeven tussen overheidsinstanties dient volgens burgers vooral hun gemak (61%), de snelheid (58%) en de efficiëntie (55%). Men ziet echter overwegend negatieve gevolgen voor de privacy (51%), veiligheid (38%) en betrouwbaarheid (27%). Vertrouwen in AIVD redelijk tot sterk; bestrijding jihadisme en radicalisme gezien als topprioriteit •",Everyday Racism & Modern Racial Inequality,1.0,76,0.034003749218119626
publieksmonitor-bzk-rapport.pdf,34,"Doelgroep, steekproef en representativiteit De doelgroep van publieksmonitor is de Nederlandse bevolking tussen 18 en 70 jaar. Om uitspraken te kunnen doen over de doelgroep is een steekproef gerealiseerd van n= 814 Nederlanders tussen 18 en 70 jaar op basis van het StemPunt-panel van Motivaction. De resultaten zijn representatief voor de doelgroep doordat gebruik is gemaakt van propensity-sampling en –weging voor kenmerken waarvan verwacht mag worden dat die van invloed zijn op de resultaten: leeftijd (tussen 18 en 70 jaar), opleiding, geslacht, regio, sociaal-culturele oriëntaties (Mentality-milieus) en de interacties tussen deze variabelen. Door middel van deze steekproeftrekking en weging is de steekproef representatief.",Everyday Racism & Modern Racial Inequality,1.0,134,0.03388118434509024
programmaplan-rechtmatige-zorg-aanpak-van-fouten-en-fraude-2015-2018.pdf,13,"raudeurs overtreden niet alleen de regels, zij ondermijnen ook het vertrouwen in de integriteit van de andere zorgaanbieders en zorgverzekeraars en tasten daarmee het draagvlak in de samenleving aan om bij te dragen aan de zorgkosten. Met dit programma investeren we daarom in een verdere versterking van de rechtmatigheid van de zorg, met een zorgbrede, samenhangende aanpak van fouten en fraude, ten aanzien van de Zorgverzekeringswet (Zvw), de Wet langdurige zorg (Wlz), de Wet maatschappelijke ondersteuning 2015 (Wmo 2015) en de Jeugdwet. en gezamenlijke aanpak door de gehele keten staat daarbij centraal, van het zoveel mogelijk voorkomen dat onrechtmatigheden zich voordoen, tot het tijdig signaleren en corrigeren van onrechtmatigheden bij controles en een effectieve en passende handhaving bij overtredingen. 1 Kamerstukken II, 2012/2013, 28 828, nr. 50",Everyday Racism & Modern Racial Inequality,1.0,159,0.05087614374094969
programmaplan-rechtmatige-zorg-aanpak-van-fouten-en-fraude-2015-2018.pdf,22,"Onrechtmatigheden kunnen in de diverse domeinen en sectoren verschillen in aard, omvang en achtergrond. De domeinen en sectoren kennen immers een verschillende verantwoordelijkheidsverdeling en bekostiging. 6 Het aanpakken van onvolkomenheden in de kwaliteit van zorg, bijvoorbeeld als gevolg van fraude met diploma’s of onder- of overbehandeling, is eveneens belangrijk voor het werken aan de kwaliteit, toegankelijkheid en betaalbaarheid van de zorg, maar valt buiten de reikwijdte van dit programma. Datzelfde geldt voor inspanningen gericht op deregulering en het tegengaan van oneigenlijk gebruik en ondoelmatige zorg.",Everyday Racism & Modern Racial Inequality,1.0,112,0.05924748428113701
programmaplan-rechtmatige-zorg-aanpak-van-fouten-en-fraude-2015-2018.pdf,28,"In deze gevallen is minder duidelijk of er een fout is gemaakt of dat regels bewust zijn overtreden. - In een aantal gevallen is duidelijk dat regels bewust zijn overschreden. Door de NZa bestrafte overtredingen betreffen bijvoorbeeld het in rekening brengen van behandelingen die niet hebben plaatsgevonden; het declareren van hogere bedragen dan de door de NZa vastgestelde tarieven en het ten onrechte rekenen van duurdere tarieven voor complexe behandelingen, terwijl er sprake was van standaard behandelingen. 7 belangrijkste risico’s in acht deelsectoren in kaart",Everyday Racism & Modern Racial Inequality,1.0,98,0.03222287799204866
onderwijsbekostiging-ocw-en-ez.pdf,2,"Quoting numbers or text in papers, essays and books is permitted only when the source is clearly mentioned. No part of this publication may be copied and/or published in any form or by any means, or stored in a retrieval system, without the prior written permission of Panteia. Panteia does not accept responsibility for printing errors and/or other imperfections. 3",Dehumanization & Scientific Racism,1.0,65,0.07870928869750253
onderwijsbekostiging-ocw-en-ez.pdf,19,"De hoogte van het precieze bedrag per instelling is afhankelijk van leerling-/studentenaantallen, in sommige sectoren diploma’s, en andere facto- ren (zoals specifieke prestatie-afspraken in het kader van prestatiebekostiging, die we vinden in mbo, hbo en wo). Het aandeel van de lumpsum dat vast is (dus niet afhankelijk van leerlingaantallen of andere variabelen), verschilt per sector: in vo en mbo is dit relatief laag, in hbo en wo hoger.  De bekostiging van huisvesting verschilt per sector: juridisch eigenaar van de huis- vesting van vo-scholen is de gemeente (bestuur is wel verantwoordelijk voor on- derhoud), maar vanaf mbo is er een component huisvesting die hetzij apart, hetzij via de lumpsum vanuit het Rijk wordt bekostigd.  Naast deze ‘vaste’ lumpsum zijn er specifiekere regelingen:",Everyday Racism & Modern Racial Inequality,1.0,149,0.031627304023723504
onderwijsbekostiging-ocw-en-ez.pdf,61,"Niet alle studenten en promoties tellen gelijk mee. In het hbo zijn er laag- en hoogbe- kostigde studenten (die resp. als 1 en 1,28 tellen), en in het wo laag-, hoog- en top- bekostigde (resp. 1, 1,5 en 3). Promoties kennen sinds 2009 één prijs en waren daar- voor ook laag- of hoogbekostigd. Z volgt OCW in de variabele bekostiging van het hbo en wo; de prijzen per (hoogbe- kostigde) student, diploma en promotie worden overgenomen.",Everyday Racism & Modern Racial Inequality,1.0,80,0.03355348113010639
onderwijsbekostiging-ocw-en-ez.pdf,89,"Vakdepartementale subsidies en deel van de rijksuitgaven van Z aan onderwijsinstellingen (in vo, mbo, hbo en wo), de zogenaamde groene-plus, heeft de vorm van subsidies of een aanvulling op de bekostiging die ‘vakdepartement’-specifiek zijn. Voor een deel van deze middelen le- veren de onderwijsinstellingen op basis van meerjarenafspraken aanvullende presta- ties ten dienste van de groene sector. Voor het grootste deel worden met deze midde- len (reguliere) onderwijstaken bekostigd, die bij OCW onder de hoofdbekostiging val- len. Deze middelen vallen na 2015 weg. Door de aard van deze middelen kun je ze niet op voorhand volledig beschouwen als basisbekostiging noch volledig als zuivere aanvullende subsidie.",Everyday Racism & Modern Racial Inequality,1.0,134,0.05562254562283098
beleidsdoorlichting-ziektepreventie.pdf,2,"Quoting numbers or text in papers, essays and books is permitted only when the source is clearly mentioned. No part of this publication may be copied and/or published in any form or by any means, or stored in a retrieval system, without the prior written permission of Panteia. Panteia does not accept responsibility for printing errors and/or other imperfections. C10949",Dehumanization & Scientific Racism,1.0,65,0.07764111602910728
beleidsdoorlichting-ziektepreventie.pdf,3,"3 Voorwoord De Beleidsdoorlichting Ziektepreventie betreft drie belangrijke terreinen van preventie die onder directe verantwoordelijkheid van het Ministerie van Volksgezondheid, Welzijn en Sport worden uitgevoerd, namelijk bevolkingsonderzoeken, infectieziektebestrijding, en jeugdgezondheidszorg. Deze Beleidsdoorlichting is in opdracht van het Ministerie uitgevoerd door een onderzoeksteam van Panteia, onder begeleiding van een stuurgroep onder mijn voorzitterschap.",Everyday Racism & Modern Racial Inequality,1.0,83,0.03271051252130418
beleidsdoorlichting-ziektepreventie.pdf,6,"Ik pik de drie belangrijkste eruit. Uit de enkele jaren geleden uitgevoerde evaluatie van de bestrijding van de Q-koorts is gebleken dat het Ministerie van VWS hierbij is tekort geschoten in de bewaking van de publieke belangen, o.a. door onvoldoende tegenwicht te bieden aan de belangen van de agrarische sector. Als reactie op deze evaluatie is weliswaar de samenwerking op het terrein van risicoanalyse tussen het humane en veterinaire domein versterkt, maar onduidelijk blijft in hoeverre het fundamentele probleem daarmee is opgelost. De Minister van VWS zou zich, op alle terreinen van preventie, sterker kunnen en moeten profileren als de hoeder van het volksgezondheidsbelang, ook als dit botst met economische en andere belangen.",Everyday Racism & Modern Racial Inequality,1.0,132,0.040661035129324515
beleidsdoorlichting-ziektepreventie.pdf,8,"Het derde knelpunt betreft lacunes in de informatievoorziening, in het bijzonder over de doeltreffendheid en doelmatigheid van sommige preventieprogramma’s. Dit punt komt in de beleidsdoorlichting meerdere malen naar voren, bijvoorbeeld als het gaat om de kosteneffectiviteit van de hielprikscreening en de doeltreffendheid van delen van de jeugdgezondheidszorg. Nederland heeft, mede dankzij de inzet van het Ministerie van VWS, een doorlopend nationaal onderzoeksprogramma op het gebied van preventie, dat door ZonMw wordt uitgevoerd. Dit onderzoeksprogramma vormt de basis voor veel van de preventie-activiteiten die in deze beleidsdoorlichting aan de orde komen. Dat nog veel relevante informatie ontbreekt zou voor de Minister van VWS een aansporing moeten zijn om de benodigde middelen voor dit programma tenminste op peil te houden, en niet te reduceren zoals helaas op dit moment het geval is.",Everyday Racism & Modern Racial Inequality,1.0,166,0.04315844061542122
beleidsdoorlichting-ziektepreventie.pdf,32,"r zijn daarnaast ook kwalitatieve en subjectieve gegevens verzameld, door middel van interviews met betrokkenen bij beleid en uitvoering en onafhankelijke deskundigen. Deze dienden om feitelijke gegevens beter te kunnen duiden of in samenhang te bezien, om ‘gaten’ in de beschikbare objectieve informatie te dichten en om de effectiviteit van het beleid (ook) te toetsen aan de beleving van de betrokken partijen. De beleidsdoorlichting ziektepreventie is uitgevoerd conform de richtlijnen die de overheid hiervoor heeft vastgelegd in de Regeling periodiek evaluatieonderzoek (Rpe). Afbakening De beleidsdoorlichting heeft betrekking op de jaren 2009 – 2013. Verder is de beleidsdoorlichting beperkt tot de drie beleidsterreinen die conform artikel 1 van de Rijksbegroting 2014 vallen onder ziektepreventie, te weten:","Remembrance, Heritage & Education",1.0,148,0.032941419857419614
beleidsdoorlichting-ziektepreventie.pdf,40,"Hierdoor kunnen de ziektelasten voor individuen en de kosten van de behandeling voor de samenleving beperkt worden. Daarbij is een belangrijk doel dat individuen uit de doelgroepen een goed geïnformeerde keuze kunnen maken of zij wel of niet willen deelnemen. Infectieziektebestrijding Voor de verschillende deelterreinen gelden de volgende beleidsdoelstellingen: • Kennisinfrastructuur en regierol: zorgen voor een goede landelijke structuur om bekende en onbekende infectieziektedreigingen snel te kunnen signaleren en bestrijden; zorgen voor een goede voorbereiding op grote uitbraken van ziekten, waaronder een grieppandemie;",Everyday Racism & Modern Racial Inequality,1.0,112,0.04268787164798409
beleidsdoorlichting-ziektepreventie.pdf,42,"• ASG: Het vroegtijdig opsporen en behandelen van seksueel overdraagbare aandoeningen, zodat behandeling kan plaatsvinden en verdere verspreiding wordt voorkomen. Het bieden van laagdrempelige seksualiteitshulpverlening aan jongeren die door gedrag en/of sociale kwetsbaarheid meer risico lopen op problemen rond seksualiteit. Jeugdgezondheidszorg De centrale doelstelling van de JGZ is het gezond en veilig (laten) opgroeien van alle kinderen.",Everyday Racism & Modern Racial Inequality,1.0,76,0.061434271616767254
beleidsdoorlichting-ziektepreventie.pdf,50,"Het Centrum Infectieziektebestrijding(CIb) van het RIVM heeft een centrale rol in de ondersteuning van de minister van VWS, de kennisinfrastructuur en de regie op het Rijksvaccinatieprogramma en de Aanvullende seksuele gezondheidszorg. Het CIb verstrekt subsidie aan organisaties die zich inzetten voor de preventie en bestrijding van infectieziekten en/of de bevordering van seksuele gezondheid. • De regie van het NPG ligt bij het Centrum voor bevolkingsonderzoek van het RIVM.",Everyday Racism & Modern Racial Inequality,1.0,91,0.04850838523183406
beleidsdoorlichting-ziektepreventie.pdf,71,"De zorgvuldigheid van de besluitvorming is een positief punt, maar bij innovaties die snel komen duren de procedures te lang, zo is de mening van verschillende geraadpleegde deskundigen. Daardoor zijn de screeningen uitvoeringstechnisch moeilijk up-to-date te houden. Prioriteren en implementeren van nieuwe wetenschappelijke ontwikkelingen kan beter en sneller volgens deskundigen. Het verdient daarom aanbeveling om te bezien of snellere besluitvorming mogelijk is 14 C10949 met behoud van voldoende kwaliteit van de besluitvorming. Het ministerie van VWS zou hierbij meer een rol als aanjager kunnen vervullen.",Everyday Racism & Modern Racial Inequality,1.0,109,0.05911419983183113
beleidsdoorlichting-ziektepreventie.pdf,86,"In de besluitvorming over beleid op het terrein van ziektepreventie worden resultaten uit wetenschappelijk onderzoek naar doelmatigheid en kosteneffectiviteit meegewogen. Voor de besluitvorming over de bevolkingsonderzoeken en vaccinatieprogramma’s vormen de adviezen van de Gezondheidsraad een belangrijke basis. De ziektelast die voorkomen kan worden, de doeltreffendheid en de doelmatigheid van de maatregel zijn belangrijke aspecten in deze adviezen. Op sommige aspecten ontbreken data om goed onderbouwde uitspraken over doeltreffendheid en/of doelmatigheid te doen. Zo is de kosteneffectiviteit van de Aanvullende Seksuele Gezondheidszorg niet bekend, hoewel er in evaluatie en beleid wel aandacht is voor beheersing van de kosten voor deze maatregel.",Everyday Racism & Modern Racial Inequality,1.0,137,0.034817777529604174
beleidsdoorlichting-ziektepreventie.pdf,88,"Bevolkingsonderzoeken: onderzoek naar de mate waarin de doelgroepen een geïnformeerde keuze (kunnen) maken voor deelname. • Infectieziektebestrijding: valuatie van het Centrum Infectieziektebestrijding (ontwikkelingen sinds de laatste evaluatie in 2009), evaluatie van de zoönose- aanpak (ontwikkelingen sinds de evaluatie van de Q-koorts in 2010) en de kosteneffectiviteit van de Aanvullende Seksuele Gezondheidszorg. • Jeugdgezond",Everyday Racism & Modern Racial Inequality,1.0,76,0.03936890403679351
bitter-en-zoet.pdf,24,"De Rijksdienst voor het Cultureel rfgoed heeft om die reden de acht werelderfgoedkandidaten in 2013 gevraagd om een rapportage op te stellen waarin de kansrijkheid van de nominatie zou worden aangetoond.3 Ten behoeve van deze tussentijdse rapportage is de kandidaten een format technische beoordeling beschikbaar gesteld, waarmee de kandidaten op uniforme wijze de infor- matie konden aanleveren. De oorspronkelijke inleverdatum was op 31 augustus 2014. Op verzoek van de kandidaten is deze datum verschoven naar 1 november 2014. Voor de beoordeling van de rapportages werd een internationaal samengestelde xpertgroep ingesteld. 3",Reparations & Justice,1.0,117,0.057895455811020485
bitter-en-zoet.pdf,49,XPRTGROP BOORDLING WRLDRGODNOMINATIS 15 Gedurende het beoordelingsproces is de xpertgroep een aantal zaken opgevallen van meer algemene aard. Dit hoofdstuk begint met deze opmerkingen. Vervolgens doet de xpertgroep generieke aanbevelingen die alle kandidaten betreffen en die kunnen dienen als hulpmiddel gedurende het nominatieproces.,Reparations & Justice,1.0,57,0.04013752136080071
bitter-en-zoet.pdf,69,"Dan volgt de evaluatie door de xpertgroep. Die vindt plaats onder de kopjes ‘ Outstanding Universal Value, Comparative Analysis en begrenzing’ en ‘ Draagkracht en draagvlak’. De beoordeling sluit af met een kernachtig geformuleerd advies.",Dehumanization & Scientific Racism,1.0,44,0.042440729727558725
acs-eu-samenwerking-na-2020-op-weg-naar-een-nieuw-partnerschap.pdf,30,"Door haar reikwijdte herbergt de ACS-landen die tevens lid zijn van een groot aantal verschillende regionale organisaties waaronder de African Union (AU), de Common Market for astern and Southern Africa (COMSA), de conomic Community of West African States (COWAS), de Southern African Development Community (SADC), de Caribbean Community (CARICOM), het Caribbean orum of ACP States, het Paciﬁc Islands orum, en het Paciﬁc Island Countries Trade Agreement (PICTA). Het secretariaat van de ACS-groep zetelt in Brussel. De organisatie houdt ook kantoor in Genève met het oog op het onderhouden van relaties met de WTO. De uropese Unie is na 2000 sterk uitgebreid.",Dehumanization & Scientific Racism,1.0,111,0.08394929683912124
acs-eu-samenwerking-na-2020-op-weg-naar-een-nieuw-partnerschap.pdf,31,"r vond zelfs bijna een verdubbeling plaats: van 15 lidstaten in 2000 naar 28 in 2015. De nieuwe lidstaten hebben zich na hun toetreding vrijwillig aan het Verdrag van Cotonou verbonden. Het Verdrag van Cotonou is gesloten voor de duur van twintig jaar en loopt tot februari 2020. Anderhalf jaar voor de einddatum, dus niet later dan 1 september 2018, dienen partijen in onderhandeling te treden ‘in order to examine what provisions shall subsequently govern their relations’.6",Dehumanization & Scientific Racism,1.0,86,0.03632994863434742
acs-eu-samenwerking-na-2020-op-weg-naar-een-nieuw-partnerschap.pdf,40,"Tijdens zijn presentatie aan het uropees Parlement eind 2014 wees hij erop dat: ‘the question is not whether ACP countries are still important to the U or not, but about how to best design our cooperation in the future’. Maastricht, December 2014, p. 2. Zie voor alle informatie hierover, inclusief de ‘mission letter’ en informatie over de uitwisselingen met het uropees Parlement:",Dehumanization & Scientific Racism,1.0,69,0.05794719232039977
acs-eu-samenwerking-na-2020-op-weg-naar-een-nieuw-partnerschap.pdf,42,Zoals al aangegeven is het met name voor Nederland belangrijk dat gedurende 2015 de voorbereidingen zullen worden getroffen voor het voorzitterschap van de U in de periode januari-juni 2016. Dit advies beoogt een aanzet te geven tot standpuntbepaling van de Nederlandse regering. Gezien de voorziene consultaties in 2015 is het goed mogelijk dat gevolgtrekkingen later in het jaar zullen moeten worden bijgesteld en dat andere aspecten nog analyse behoeven. De AIV zal in dat geval overwegen om aanvullend te adviseren. Het advies is als volgt opgebouwd.,Reparations & Justice,1.0,103,0.06818905933513375
acs-eu-samenwerking-na-2020-op-weg-naar-een-nieuw-partnerschap.pdf,43,"Na deze inleiding staat de AIV stil bij de verande- rende context waarbinnen de ACS–U-samenwerking zich voltrekt. Achtereenvolgens komen geopolitieke factoren, regionalisering, de internationale agenda voor duurzame ontwikkeling en de ﬁnanciering hiervan aan bod. Hoofdstuk III geeft een beeld van de interne institutionele ontwikkelingen aan de zijde van de ACS en de U, waarna hoofd- stuk IV ingaat op de uitvoering van het Verdrag tot nu toe en de behaalde resultaten onder elk van de drie hoofdpijlers (politieke dialoog, ontwikkelingshulp en economische samenwerking en handel). Ook wordt een inschatting gegeven van het functioneren van de bijbehorende instituties. Hoofdstuk V tenslotte, vat de bevindingen samen en geeft conclusies en aanbevelingen voor een eventueel vervolg na 2020.","Remembrance, Heritage & Education",1.0,144,0.039925218456087874
acs-eu-samenwerking-na-2020-op-weg-naar-een-nieuw-partnerschap.pdf,45,"1-2. 11 II Veranderende context en duiding van de toekomstige betrekkingen tussen de ACS en de U vereist een beschouwing van de bredere context waarin die zich zullen gaan afspelen. Zonder de pretentie te hebben een in breedte en diepte volledig dekkend beeld te verschaffen wordt hieronder aandacht geschonken aan de veranderende geopolitieke verhoudingen, mondialisering en regionalisering, de opkomende nieuwe internationale agenda voor duurzame ontwikkeling en de bijbehorende bronnen van ﬁnanciering. In meer of mindere mate zijn dit externe factoren. De veranderingen die zich binnen de twee groepen verdragspartijen hebben voltrokken worden in het hiernavolgende hoofdstuk belicht.","Remembrance, Heritage & Education",1.0,118,0.05022472763549131
acs-eu-samenwerking-na-2020-op-weg-naar-een-nieuw-partnerschap.pdf,47,"Die vloeien niet alleen voort uit uiteenlopende geograﬁsche ligging (de Verenigde Staten is wel een Paciﬁc-macht, uropa niet) en ongelijke militaire capaciteit, maar ook uit verschil van opvatting over de gewenste aanpak van spanningen en conﬂicten. uropa was van oudsher de belangrijkste, zo niet enige, samenwerkingspartner voor veel ACS-landen, in het bijzonder in Afrika. Maar sinds ruim een decennium hebben belangrijke opkomende economieën als Brazilië, Rusland, India, China en Zuid-Afrika (BRICS) een herkenbare presentie gekregen, zowel in ACS- en andere (ontwikkelings-) landen als in de VN. Zeker wat betreft het Afrikaanse continent bestaat de indruk dat de interesse van de BRICS vooral wordt ingegeven door de wens om te putten uit de grondstoffenrijkdom en om toegang te verkrijgen – en te behouden – tot afzetmarkten.",Everyday Racism & Modern Racial Inequality,1.0,147,0.06791242165361648
acs-eu-samenwerking-na-2020-op-weg-naar-een-nieuw-partnerschap.pdf,52,"’s, het verlenen van importcertiﬁcaten, kwaliteitseisen, pakkingsvoorschriften en certiﬁcatie om aandacht.13 De toenemende vervlechting van markten en productieketens wereldwijd leidt tot nieuwe problemen en prioriteiten die in de eerste plaats in mondiaal verband dienen te worden aangepakt. Of het Verdrag van Cotonou hiertoe een geschikte bijdrage kan leveren valt nog te bezien. Vast staat dat de armste landen gebaat zullen zijn bij een zo sterk mogelijke vertegenwoordiging om ervoor te zorgen dat mondiale handel bijdraagt aan grotere internationale gelijkheid en rechtvaardigheid. Samenhangend met mondialisering heeft zich in de afgelopen decennia in vele regio’s een proces van intensivering en verdieping van regionale samenwerking voorgedaan, vooral op politiek belangrijke terreinen als economische samenwerking, handel en 11 Zie bijvoorbeeld","Remembrance, Heritage & Education",1.0,148,0.03707068795548817
acs-eu-samenwerking-na-2020-op-weg-naar-een-nieuw-partnerschap.pdf,54,"<http://www.theguardian.com/world/2011/nov/18/angola-boom-debt-riddled-portugal > ; ‘Portuguese escape austerity and ﬁnd a new l Dorado in Angola’, The Guardian, 16 September 2012, 2011. Zie: <http://www.theguardian.com/world/2012/sep/16/portuguese-exodus-angola-el-dorado",Dehumanization & Scientific Racism,1.0,52,0.053943963441258624
acs-eu-samenwerking-na-2020-op-weg-naar-een-nieuw-partnerschap.pdf,55,">; Lucy Ash, ‘ Portugal’s jobless graduates ﬂee to Africa and Brazil’, BBC News, Lisbon. Zie:",Dehumanization & Scientific Racism,1.0,17,0.06688883103513461
acs-eu-samenwerking-na-2020-op-weg-naar-een-nieuw-partnerschap.pdf,59,"De uropese Commissie en individuele lidstaten van de U hebben zich hiervoor ingezet en de afgelopen jaren de institutionele opbouw en uitbouw van de AU actief ondersteunt, inclusief instituties als de Afrikaanse Commissie en het Pan-Afrikaans Parlement. Binnen de ACS-groep wekte deze steun aan de AU in eerste instantie enige wrevel omdat het erop leek dat een concurrent ten tonele was verschenen. Het relatieve overwicht van Afrika binnen de ACS was immers al vaker onderwerp van gesprek geweest. Daarbij kwam dat mondiale spelers eerder geneigd bleken om samen te werken met de AU dan met de ACS-groep vanuit de gedachte dat de ACS-groep een institutie is die voortsproot uit een geprivilegieerde relatie met de U. De verhouding tussen de ACS-groep en de AU is nog altijd niet gemakkelijk, al wordt steeds minder gedacht in termen van uitsluiting en steeds meer langs lijnen van complementariteit en wederzijdse versterking.",Everyday Racism & Modern Racial Inequality,1.0,167,0.04773271164903084
acs-eu-samenwerking-na-2020-op-weg-naar-een-nieuw-partnerschap.pdf,63,"<http://ec.europa.eu/europeaid/news/joint-statement-european- commissioner-development-andris-piebalgs-and-environment-commissione-0_en>, geraadpleegd op 15 januari 2015. 14 zestig jaar richt de internationale gemeenschap zich op het thema ontwikkeling. Zoals bekend zijn in de afgelopen vijftien jaar vooral de Millennium Development Goals (MDGs) leidend geweest, met aandacht voor armoedebestrijding, voedsel- en waterzekerheid en gezondheid. Daarnaast richtten de MDGs zich ook op enkele duurzaamheidsaspecten als biodiversiteit en klimaat. Het Verdrag van Cotonou gaat hier speciﬁek op in, vooral sinds de herziening van het Verdrag in 2005 toen werd gesteld dat de MDGs als leidraad dienen te fungeren voor de op landenniveau te ontplooien ontwikkelingsstrategieën.16",Dehumanization & Scientific Racism,1.0,139,0.0676131290997717
acs-eu-samenwerking-na-2020-op-weg-naar-een-nieuw-partnerschap.pdf,64,"De MDGs zullen in 2015 slechts gedeeltelijk zijn gerealiseerd. Gebaseerd op het resterende deel van de agenda en de uitkomsten van de VN-Conferentie over Duurzame Ontwikkeling (Rio+20, 2012) staat de internationale gemeenschap thans een nieuwe en meer omvattende set van doelstellingen voor ogen in de vorm van bovengenoemde SDGs. Deze zijn nu volop in onderhandeling en de verwachting is dat hierover in september 2015 in VN-verband een besluit wordt genomen. Vooralsnog omvat het SDG- pakket 17 doelstellingen en daaraan gekoppeld 169 speciﬁeke doelen die tezamen een agenda voor duurzame ontwikkeling vormen. Uitgangspunt blijft armoedebestrijding met als bijbehorende elementen duurzame ontwikkeling, inclusieve groei, werkgelegenheid, verminderde ongelijkheid, duurzaam gebruik van natuurlijke hulpbronnen, het tegengaan van geweld en misbruik en exploitatie van kinderen en jongeren, en gerevitaliseerd mondiaal partnerschap met betrokkenheid van relevante actoren en maatschappelijke organisaties.",Everyday Racism & Modern Racial Inequality,1.0,171,0.04641841764646038
acs-eu-samenwerking-na-2020-op-weg-naar-een-nieuw-partnerschap.pdf,70,"Het zal daarbij nodig zijn om kritisch te kijken naar mogelijkheden om tot verbeterde taakverdeling en onderlinge afstemming van hulp te komen (bijvoorbeeld via joint programming die al wel plaatsvindt, maar nog niet altijd even succesvol is) en ook naar innovatieve vormen van ﬁnanciering. en bredere ﬁnancieringsstroom is nodig, gevoed door zowel ofﬁciële geldstromen als particuliere initiatieven, al dan niet in de vorm van blending.22 Deze behoren allen gekoppeld te zijn aan resultaatverplichtingen op het gebied van armoedebestrijding en aan andere overeengekomen doelstellingen van internationale samenwerking. 19 Zie de overeenstemming die in 2011 in Busan bereikt werd, waarin de internationale gemeenschap concrete voorstellen doet om de effectiviteit van hulp te verhogen, met aandacht voor grotere zeggenschap vanuit ontwikkelingslanden zelf, focus op resultaten, verbeterde samenwerking en gedeelde verantwoordelijkheid.",Everyday Racism & Modern Racial Inequality,1.0,167,0.040168460294943496
actieplan-kinderrechten-st-eustatius.pdf,11,"Daarnaast het feit dat er het Kinderrechten nog een relatief onbekend fenomeen is binnen de Statiaanse cultuur/gemeenschap, extra voorlichting hierover is noodzakelijk. r zijn grote zorgen over het achterblijven van kinderrechten in Caribisch Nederland. Ondanks de zorgen die verschillende organisaties en ook wij als eiland hebben zie je dit nog onvoldoende terug komen in concrete acties vanuit de Rijksoverheid. Als eiland pakken we op dit punt onze verantwoordelijkheid, wetende dat de middelen, expertise en capaciteit beperkt zijn. Het is belangrijk dat er vanuit het eiland gebied iemand wordt aangesteld om de prioriteiten zoals ze in dit actieplan zijn opgenomen uit te werken, hier is een strategisch beleidsadviseur voor nodig.",Everyday Racism & Modern Racial Inequality,1.0,133,0.046863314474033434
actieplan-kinderrechten-st-eustatius.pdf,21,"De overheid respecteert de eerste verantwoordelijkheid van ouders en voogden, geeft hen ondersteuning en creëert voorzieningen voor de zorg van kinderen, ook voor kinderopvang als de ouders werken. Artikel 19: Bescherming tegen kindermishandeling Het kind heeft recht op bescherming tegen alle vormen van lichamelijke en geestelijke mishandeling en verwaarlozing zowel in het gezin als daarbuiten. De overheid neemt maatregelen ter preventie en signalering hiervan en zorgt voor opvang en behandeling.",Everyday Racism & Modern Racial Inequality,1.0,89,0.07231925329608714
actieplan-kinderrechten-st-eustatius.pdf,30,"hier aan te koppelen. Onder aanpak zien we graag een koppeling van de volgende thema’s: werk en inkomen, kinderrechten, huiselijk geweld, registratie/kindvolgsysteem, woningbouw en leefbaarheid. De focus dient te liggen op een meerjarige en integrale aanpak om de achterstanden en complexe problemen op het eiland aan te pakken. Al bestaande plannen die zijn opgesteld voor de ontwikkeling van het eiland zullen in de aanpak worden meegenomen. Het Openbaar Lichaam Sint ustatius heeft Binnenlandse Zaken om ondersteuning gevraagd bij het opzetten van de een integrale (wijk)aanpak.",Everyday Racism & Modern Racial Inequality,1.0,99,0.0453505099168942
actieplan-kinderrechten-st-eustatius.pdf,40,"Aanpak huiselijk geweld en kindermishandeling: voor de aanpak van huiselijk geweld en kindermishandeling is er een plan van aanpak voor Caribisch Nederland gemaakt door het bureau Regioplan in opdracht van V&J, VWS en OCW. De uitvoering berust op drie pijlers; voorlichting en educatie, aanpak casuïstiek en de aanpak van achterliggende problematiek zoals armoede en gebrek aan duurzaamheid. Deze uitvoering ligt bij de verschillende ketenpartners maar het Openbaar Lichaam zal als beleidsregisseur en coördinator van de uitvoering moeten optreden. Om beleid vorm te geven op dit gebied heeft het Openbaar Lichaam St. ustatius een projectgroep opgericht, met als opdracht dat er 1 juli 2015 een conceptbeleidsplan gereed is.",Everyday Racism & Modern Racial Inequality,1.0,128,0.05528206666062206
actieplan-kinderrechten-st-eustatius.pdf,41,"Het grootste knelpunt voor de aanpak is het ontbreken van een Safe House, bij het thema safety net gaan we hier verder op in. Ter overbrugging heeft het Openbaar Lichaam 1 studio beschikbaar gesteld voor noodopvang. Vanuit het ministerie V&J en VWS is geruime tijd geleden ondersteuning in de vorm van een kwartiermaker toegezegd, bekeken dient te worden hoe dit wordt ingevuld omdat door de vertraging de werkgroep al van start is gegaan. W",Everyday Racism & Modern Racial Inequality,1.0,82,0.05155771047408826
actieplan-kinderrechten-st-eustatius.pdf,42,"CAN Young: begin 2015 is het team van W CAN Young getraind voor de uitvoering van de campagne. Deze campagne gaat onder andere in op het vergroten van de seksuele en relationele weerbaarheid van jongeren, maar ook op andere onderwerpen die jongeren aanspreken en waar zij zelf wat aan willen veranderen. Het CJG heeft aangegeven te willen participeren in dit ST. USTATIUS CARIBISCH NDRLAND Actieplan Kinderrechten",Everyday Racism & Modern Racial Inequality,1.0,75,0.056526885288741065
actieplan-kinderrechten-st-eustatius.pdf,46,"Gelijktijdig dient er gekeken te worden naar oplossingen die kunnen worden ingezet. Denk hier aan een kindertelefoon, protocol huiselijk geweld en kindermishandeling, centraal meldpunt, opvang, ondersteuning ouders, preventiecampagne rondom dit thema en training van professionals. Preventieprogramma’s: De thema’s waarvoor preventiecampagnes moeten worden ontwikkeld en uitgevoerd en waar voorlichting over wordt gegeven zijn huiselijk geweld en kindermishandeling, gezonde voeding en beweging, alcohol- en drugsgebruik, opvoedondersteuning, voorlichting voor nieuwe ouders, en seksuele voorlichting. Voor al deze campagnes geldt dat er van te voren een plan van aanpak moet worden opgesteld, met evaluatie momenten en meetbare resultaten.",Everyday Racism & Modern Racial Inequality,1.0,122,0.04774106877871343
actieplan-kinderrechten-st-eustatius.pdf,59,"- Vaccinatie programma - Seksuele voorlichting Centrum voor Jeugd en Gezin: Het Centrum voor Jeugd en Gezin (CJG) heeft mede als doelstelling de rol van ouders in de opvoeding te expliciteren en te versterken. Dit gebeurt middels een aantal modaliteiten waarbij gedacht kan worden aan: - Samenwerking met GGD t.a.v. voorlichting omtrent ontwikkelingstaken - Ambulante hulpverlening - Laagdrempelige opvoedingsvraagstukken - Preventie - Hulpverlening in het gedwongen kader middels een onder toezicht stelling (OTS) Het doel van de hulpverlening is het vergroten van inzicht van de ouders in de ontwikkelingsbehoeften van kinderen en jeugdigen, het versterken van aanwezige pedagogische vaardigheden, het aanleren van nieuwe pedagogische vaardigheden, het blootleggen van het systeemmilieu en het versterken van de ouderlijke betrokkenheid zodat de kinderen en jeugdigen die het betreft zoveel mogelijk kunnen toekomen aan de voor hun leeftijdscategorie geldende ontwikkelingstaken. Maatschappelijk werk:","Remembrance, Heritage & Education",1.0,175,0.03340455107254653
bijlage-jaarplan-2015.pdf,79,"Horizontale clusters en klantclusters ontwikkelen samen uniforme aanpakken voor ADR-brede thema’s uitgaande van bestaande best practises in de ADR. In 2015 gaan we verder met de intensivering van de samenwerking tussen financial, IT- en opera­tional auditors. Verder wordt onderzocht op welke vlakken nog meer een horizontale aanpak mogelijk is. Daar- bij wordt uiteraard gekeken naar de diverse uitgavencategorieen maar ook naar de ontwikkeling van de rijksbrede thema's. De tendens om steeds meer bedrijfsvoeringstaken te bundelen in shared service organisaties biedt bijvoorbeeld goede aanknopingspunten voor een verdere horizontalisering van de controleaanpak.",Everyday Racism & Modern Racial Inequality,1.0,114,0.039749918188372646
bijlage-jaarplan-2014.pdf,10,"Dit gaat natuurlijk niet altijd vanzelf, maar met de goede richting, de juiste focus en de grote inzet van professionele medewerkers behalen wij de gestelde doelen. Wij doen dat in een omgeving die continu in beweging is en nog steeds de gevolgen van de financiële crisis met zich meedraagt. Ministeries staan voor de uitdaging om meer samen te werken, om de beperkte(re) middelen optimaal in te zetten en om tegelijkertijd met de techno- logische ontwikkelingen mee te groeien. Daarbij zien wij ook dat de verbinding tussen organisa- ties steeds nauwer wordt, waarbij ketens nog bestaan, maar wij inmiddels beter kunnen spre- ken van netwerken om de complexiteit van de bestuurlijke verankering te duiden. De overdracht van gelden naar de medeoverheden zorgt er daarbij voor dat een aanzienlijk deel van de rijksbegroting via overdrachtsuitgaven besteed wordt.","Remembrance, Heritage & Education",1.0,154,0.06358263896544143
bijlage-jaarplan-2014.pdf,16,In dit jaarplan presenteren wij per ministerie de belangrijkste aandachtsgebieden en onder­ werpen die naar voren kwamen bij onze analyse van de auditbehoeften voor 2014. De bijlage bevat voor elk ministerie de gemaakte afspraken die het uitgangspunt zijn voor de uitvoering van de onderzoeken 2014. Het auditcommittee van elk ministerie stelt deze afspraken vast. De wijze waarop wij onze activiteiten plannen en presenteren is gewijzigd ten opzichte van vorig jaar om de kwaliteit van onze processen en producten verder te verbeteren. Onderstaand gaan wij allereerst in op de aanleiding en doelstellingen van de nieuwe systematiek.,Reparations & Justice,1.0,115,0.04830044852673074
bijlage-jaarplan-2014.pdf,48,"Om efficiencywinst binnen de ‘box vaste vraag’ te boeken, stroomlijnen wij onze werkprocessen en zetten wij zo slim mogelijk IT-middelen in. Daarnaast gaan wij met de ministeries het gesprek aan over de manier waarop de interne governance is geregeld. Uitgangspunt daarbij is dat de ‘three lines of defence’ (operationeel lijnmanagement, controller en interne audit­functie) optimaal functioneren. Wij maken met de ministeries heldere afspraken over het uitvoeren van interne controles binnen het ministerie en over het aanleveren van informatie door ­gecontroleerde diensten (‘prepared by client’). Voorwoord unctioneren van de ADR Inhoud",Dehumanization & Scientific Racism,1.0,112,0.030588924769829516
bijlage-jaarplan-2014.pdf,81,"Verder brengen wij in kaart op welke manier wij het best kunnen inspelen op ontwikkelingen in het auditberoep en op de mogelijkheden die de voortschrijdende technologische ontwikkeling ons biedt. Dit alles vertalen wij in kansen voor onze eigen organisatie (in termen van omvang, deskundigheidsgebied, vaardigheden, etc.) en voor de ministeries. Bedrijfsvoering, ICT en invoering TeamMate In de zomer van 2013 heeft de SG van inanciën in lijn met de wens van de ADR besloten de regie op de bedrijfsvoering van de ADR over te dragen van de directie Bedrijfsvoering van ­inanciën naar de Belastingdienst. De Belastingsdienst kent net als de ADR een grote landelijke spreiding en dat biedt een beter vertrekpunt voor het versterken van de bedrijfsvoering van de ADR.",Everyday Racism & Modern Racial Inequality,1.0,148,0.03354703485200866
14e-uitvoeringsrapportage-sdkk.pdf,77,Randvoorwaarden Voor de randvoorwaarden wordt verwezen naar Punt 6: ‘Knelpunten/Risico’s’. 7.2 Voortgang projecten In Bijlage,Everyday Racism & Modern Racial Inequality,1.0,22,0.030434813270090014
lp-v-j-0000007301.pdf,45,"De Inspectie VenJ is door de staatssecretaris van Veiligheid en Justitie aangewezen als coördinator van het Nederlandse nationaal preventie- mechanisme. Andere deelnemers zijn de Inspectie voor de Gezondheidszorg, de Inspectie Jeugdzorg en de Raad voor Strafrechtstoepassing en Jeugdbescherming. Daarnaast zijn bij het NPM-overleg de volgende toehoorders aangewezen: de Commissies van Toezicht voor justitiële inrichtingen, de Commissies van Toezicht Arrestantenzorg en de Commissie van Toezicht Detentieplaatsen Koninklijke Marechaussee.",Everyday Racism & Modern Racial Inequality,1.0,96,0.0361492665143122
lp-v-j-0000007301.pdf,50,"Hierbij kan zich het risico voordoen dat organisaties in zichzelf keren, wat ten koste kan gaan van hun presterend vermogen en van de effectiviteit van de samenwerking binnen ketens en netwerken. De Inspectie heeft daarom speciale aandacht voor het presteren van deze organisaties: blijft de taakuitvoering voldoen aan de kwaliteitsnormen? In het verlengde hiervan ziet de Inspectie VenJ dat er bij deze reorganisaties steeds meer aandacht is voor de professionele autonomie van de medewerker. Deze moet minder last hebben van interne administratieve lasten en bureaucratie, en binnen de gestelde kaders meer vanuit de eigen verantwoordelijkheid kunnen handelen. Hierbij is het van groot belang dat de medewer- kers in voldoende mate worden gefaciliteerd, bijvoorbeeld door eenduidige richtlijnen, goede opleidingen, functionerende ICT-voorzieningen en een passende vorm van leiderschap.",Everyday Racism & Modern Racial Inequality,1.0,153,0.05154559447929094
lp-v-j-0000007301.pdf,55,"Als dergelijke vragen niet bevestigend worden beantwoord, kan dit ten koste gaan van burgers en bedrijven. Dit is onwenselijk. Daarnaast kan het een negatief effect hebben op de effectiviteit van de inspannin- gen van de organisaties. en complicerende factor hierbij is dat het voor organisaties niet altijd voldoende duidelijk is welke informatie ze wel of niet mogen delen. lexibiliteit binnen kaders",Everyday Racism & Modern Racial Inequality,1.0,73,0.033800092428845956
150604-maritieme-strategie-lr-2.pdf,14,"De totale export van de cluster bedroeg in 2013 ruim € 21 miljard. De Nederlandse maritieme cluster is actief op alle continenten en omvat binnenvaart, havens, maritieme dienstverlening (inclusief maritieme onderwijs- en kennisinstituten), maritieme toeleveranciers, offshore, scheepsbouw, visserij, waterbouw, watersportindustrie en zeescheepvaart. Ook de Koninklijke Marine hoort hierbij. Deze zorgt voor adequate behartiging van vitale Nederlandse maritieme belangen door zorg te dragen voor een wereldwijd ongehinderd vervoer van grondstoffen en goederen en verzekerde toegang tot maritieme infrastructuren. De maritieme cluster biedt in 2013, met zo’n 12.000 bedrijven, werkgelegenheid aan circa 224.000 mensen en realiseerde een totale toegevoegde waarde van € 21 miljard.",Colonial Exploitation & Economic Inequality,1.0,133,0.08827302075040536
150604-maritieme-strategie-lr-2.pdf,26,"op maritieme kernthema’s zoals werkgelegenheid, innovatie, handel, logistiek, veiligheid en milieu, worden steeds complexer. Ook zijn er bij deze thema’s vaak zowel publieke als private belangen in het geding. Dit betekent dat Rijksoverheid en partijen uit de maritieme cluster elkaar nodig hebben om ambities op deze thema’s te realiseren. Samenwerking is een voorwaarde voor succes. Het gaat daarbij niet alleen om samenwerking tussen de Rijksoverheid, werkgevers en werknemers, maar ook om samenwerking met decentrale overheden en regio’s, kennis- en onderwijsinstellingen en NGO’s op het gebied van bijvoorbeeld natuur, milieu en gezondheid.",Everyday Racism & Modern Racial Inequality,1.0,113,0.030023044973749226
150604-maritieme-strategie-lr-2.pdf,27,"en voorbeeld van samenwerking tussen overheid en partijen uit de maritieme cluster is de uitvoering van de gezamenlijk (door bedrijfsleven, kennisinstellingen en overheid) bepaalde integrale actieagenda’s van de topsectoren Water en Logistiek, die met deze rijksbrede maritieme strategie extra energie en focus krijgen voor de Nederlandse maritieme cluster. Bij zo’n gezamenlijke aanpak rekent de Rijksoverheid het tot haar rol en verantwoordelijkheid om optimaal ruimte te bieden voor ondernemerschap en het borgen van de publieke belangen op het gebied van economie, bereikbaarheid, veiligheid 3 en milieu. De Rijksoverheid wil haar bijdrage daaraan leveren door te bevorderen dat er sprake is van: • en gunstig vestigingsklimaat en een uropees en mondiaal gelijk speelveld; • Adequate (internationale) regelgeving 4, inclusief tijdige implementatie, met een goed werkende keten van beleid, uitvoering en handhaving. Maar ook inspelen op internationale ontwikkelingen voor nieuwe regelgeving en waar mogelijk regeldruk verminderen; • Gezamenlijke kennisontwikkeling en innovatie alsmede innovatiegericht en maatschappelijk verantwoord inkopen;",Everyday Racism & Modern Racial Inequality,1.0,198,0.046589206084947196
150604-maritieme-strategie-lr-2.pdf,48,"De cluster zal zich naar verwachting nog meer dan in het verleden met kennis en kwaliteit moeten onderscheiden. Belangrijke innovatiethema ’s die de maritieme cluster onderkent voor de komende jaren zijn verbetering van de milieuprestaties van de vloot (schone schepen), ondersteuning aan grondstof- en energiewinning op zee, slim en veilig varen, aandacht voor sociale innovaties 5 en een verbetering van de integratie van de maritieme cluster in de logistieke keten. Om innovatie in de zeehavens verder te stimuleren wordt waar mogelijk kennis uitgewisseld en worden innovatietrajecten van havenbeheerders en- bedrijfsleven gekoppeld.",Everyday Racism & Modern Racial Inequality,1.0,113,0.04056333005525036
150604-maritieme-strategie-lr-2.pdf,49,"Om innovatieve oplossingen mogelijk te maken en zo bij te dragen aan de concurrentiepositie van de maritieme cluster en de publieke belangen op het gebied van werkgelegenheid, veiligheid, duurzaamheid en bereikbaarheid, voeren de topsectoren Water en Logistiek hun Innovatiecontract uit, waarin op innovatiethema’s wordt samengewerkt tussen bedrijfsleven (groot en MKB), kennisinstellingen (fundamenteel en toegepast) en overheden. Techniek Pact, werpen hun vruchten af. In de meeste, voor de maritieme cluster relevante opleidingen op MBO-, HBO- en WO-niveau, is sprake van een stijging van de instroom. De verwachting is dat in de komende jaren meer gediplomeerde schoolverlaters voor de maritieme en technische arbeidsmarkt beschikbaar komen. De stijging legt wel een druk bij werkgevers om ook in deze tijd voldoende stageplaatsen ter beschikking te stellen.",Everyday Racism & Modern Racial Inequality,1.0,156,0.035049332294683
specifiek-onderzoek-naar-het-bestuurlijk-handelen-op-de-scholengemeenschap-bonaire.pdf,81,"De onduidelijkheid over de middelen waarop de SGB recht heeft hangt samen met het volgende. Al snel na 2010 waren OCW en de besturen het erover eens dat de structurele bekostiging voor de scholen voor voortgezet en beroepsonderwijs in Caribisch Nederland niet voldoende was. OCW keerde daarom jaarlijks meer uit dan de structurele bekostiging. Afgesproken werd dat er een nieuwe structurele bekostiging vastgesteld zou worden na enkele jaren. In 2013 stelde de inspectie, aan de hand van de op dat moment beschikbare managementinformatie en liquiditeitsoverzichten niettemin vast dat de instelling in acute liquiditeitsproblemen verkeerde en dat het bestuur geen passende maatregelen nam.",Everyday Racism & Modern Racial Inequality,1.0,128,0.0408621574422757
halfjaarlijks-overzicht-wetgeving-bes-eilanden.pdf,28,"b) een verplichte diagnostische tussentijdse toets, gebaseerd op centraal vastgestelde tussendoelen voor alle leerlingen in alle onderwijsvormen in het tweede leerjaar van het vmbo en in het derde leerjaar van het havo en vwo, en voor alle leerlingen in het voortgezet speciaal onderwijs die diplomagericht onderwijs volgen; c) de verplichte deelname aan internationaal vergelijkend onderzoek (zoals PISA). Tweede Kamer","Remembrance, Heritage & Education",1.0,73,0.035133159221318266
lp-v-j-0000007478.pdf,70,"De Inspectie constateert dat het risicoprofiel en het rampen- en crisisplan nog niet volledig zijn. Onder andere deelplannen en afspraken over bijstand ontbreken. Hulpverleningspotentieel hulpdiensten Op basis van de genoemde risico’s in het risicoprofiel, het geformuleerde beleid in het beleidsplan en de beschrijving van de organisatie in het rampen- en crisisplan heeft Saba een hulpverleningspotentieel nodig om de in het risicoprofiel genoemde incidenten te kunnen bestrijden. In deze subparagraaf is weergegeven wat de omvang van het hulpverleningspotentieel op Saba is. Aan artikel 65 van de Veiligheidswet BS is nog geen invulling gegeven.",Everyday Racism & Modern Racial Inequality,1.0,119,0.041598377786554314
lp-v-j-0000007477.pdf,54,"Voor die tijd maakte Bonaire deel uit van de Nederlandse Antillen. Het eiland is 40 kilometer lang en 5 tot 10 kilometer breed. Bonaire bestaat uit een kern van oud stollings- en afzettingsgesteente dat zich meer dan honderd miljoen jaar geleden door onder andere onderzeese uitbarstingen heeft gevormd. Door deze geologische processen is een eiland ontstaan met in het noordwesten een heuvellandschap, in het midden een terrassenlandschap en in het zuiden een vrij laag en vlak landschap. Bonaire wordt omgeven door koraalriffen met een grote biodiversiteit.",Colonial Exploitation & Economic Inequality,1.0,102,0.046407725440649666
lp-v-j-0000007477.pdf,66,"Als tweede groot risico worden de opslagen van olieproducten bij ‘Bopec’ en ‘Curoil’ genoemd, waarbij vooral ‘Curoil’ (opslag brandstoffen en gas) voor gevoelens van onveiligheid zorgt, omdat daar de brandpreventieve voorzieningen volgens het bevoegd gezag niet op orde zijn. In het risicoprofiel is het risico met betrekking tot deze opslag niet opgenomen, dit terwijl een incident bij dit bedrijf niet alleen tot een grote, moeilijk beheersbare, brand kan leiden, maar in dat geval ook naar verwachting vergaande economische en maatschappelijke gevolgen kan hebben. In november 2013 zijn als noodvoorziening twee dompelpompunits tijdelijk bij dit bedrijf gestationeerd om snel in de bluswatervoorziening te kunnen voorzien. Het bestuur identificeert in het beleidsplan dat op het eiland een beperkte capaciteit aan hulpverleners is, daarom is in het plan een hoofdstuk opgenomen met als titel zelfredzaamheid en burgerparticipatie. Hierin spreekt het bestuur de ambitie uit om zowel de zelfredzaamheid als de burgerparticipatie te vergroten.",Everyday Racism & Modern Racial Inequality,1.0,185,0.03676171742307202
lp-v-j-0000007477.pdf,72,"De Inspectie constateert dat in het risicoprofiel het scenario brand bij tankopslag niet is opgenomen. Hulpverleningspotentieel hulpdiensten Op basis van de genoemde risico’s in het risicoprofiel, het geformuleerde beleid in het beleidsplan en de beschrijving van de organisatie in het rampen- en crisisplan heeft Bonaire een hulpverleningspotentieel nodig om de in het risicoprofiel genoemde incidenten te kunnen bestrijden. In deze subparagraaf is weergegeven wat de omvang van het hulpverleningspotentieel op Bonaire is. Aan artikel 65 van de Veiligheidswet BS is nog geen invulling gegeven. Dit artikel stelt dat door de bestuurscolleges, de korpsbeheerder politie en de korpsbeheerder brandweer een convenant moet worden opgesteld met het oog op samenwerking bij",Everyday Racism & Modern Racial Inequality,1.0,140,0.03942405217468486
lp-v-j-0000007476.pdf,56,"Verder is toerisme belangrijk voor het eiland, met name duiktoerisme. Ten behoeve van de rampenbestrijding en crisisbeheersing heeft Sint ustatius een rampenbestrijdingsorganisatie met een hoofdstructuur die bestaat uit een Commando Plaats Incident (CoPI) en een ilandelijke Rampenstaf die de functie van eilandelijk beleidsteam Nulmeting organisatie rampenbestrijding Sint ustatius 2014 Pagina 13 van 31 vervult. De ilandelijke Rampenstaf werkt vanuit het mergency Operations Center (OC) dat gevestigd is in het kabinet van de gezaghebber. Ter uitvoering van de taken die, naast de taken die een eventueel CoPI uitvoert, uitgevoerd moeten worden tijdens een ramp of crisis zijn kleine gespecialiseerde teams, mergency Support unctions groepen (S-groepen) benoemd.",Colonial Exploitation & Economic Inequality,1.0,132,0.032624903703422706
lp-v-j-0000007476.pdf,70,"Hulpverleningspotentieel hulpdiensten Op basis van de genoemde risico’s in het risicoprofiel, het geformuleerde beleid in het beleidsplan en de beschrijving van de organisatie in het rampen- en crisisplan heeft Sint ustatius een hulpverleningspotentieel nodig om de in het risicoprofiel genoemde incidenten te kunnen bestrijden. In deze subparagraaf is weergegeven wat de omvang van het hulpverleningspotentieel op Sint ustatius is. Aan artikel 65 van de Veiligheidswet BS is nog geen invulling gegeven. Dit artikel stelt dat door de bestuurscolleges, de korpsbeheerder politie en de korpsbeheerder brandweer een convenant moet worden opgesteld met het oog op samenwerking bij onder andere rampen en crises. Volgens lid 2 van dit artikel moeten in het convenant in ieder geval de operationele prestaties van het brandweerkorps en de politie worden opgenomen.",Everyday Racism & Modern Racial Inequality,1.0,156,0.030283005632034274
lp-v-j-0000007495.pdf,16,"Deze aanbevelingen zijn opgenomen in het rapport ‘ Het aangifteproces op Bonaire, Sint ustatius en Saba’, dat op 30 november 2012 door de minister van Veiligheid en Justitie is aangeboden aan de Tweede Kamer.1In zijn beleidsreactie heeft de minister aangegeven de conclusies te onderschrijven. Als bijlage bij deze reactie werd een lijst met verbeterpunten opgenomen, die door het KPCN in de reeds ingezette verdere ontwikkeling ter hand waren genomen. Doel Door middel van dit onderzoek wil de Raad in beeld brengen of en zo ja, op welke wijze opvolging is gegeven aan zijn aanbevelingen over het aangifteproces op de BS-eilanden. Hiermee beoogt de Raad een bijdrage te leveren aan het verhogen van de kwaliteit van het aangifteproces.",Reparations & Justice,1.0,134,0.05190278396316618
lp-v-j-0000007495.pdf,38,"In het verlengde hiervan deed de Raad aan het KPCN en het OM de volgende aanbeveling: Zorg ervoor dat overleg plaatsvindt ten aanzien van richtlijnen voor de inhoud en kwaliteit van processen verbaal van aangifte. 2.2.2 Situatie 2014 De Raad heeft in zijn onderzoek geen richtlijnen voor het opnemen van een adequate en volledige aangifte aangetroffen. Deze schijnen via een presentatie wel beschikbaar te zijn gesteld4, maar zijn als zodanig niet breed bekend binnen het KPCN.",Everyday Racism & Modern Racial Inequality,1.0,83,0.05957111011603364
lp-v-j-0000007495.pdf,67,"Het betreft een zeer intensief traject, waarbij de deelnemende medewerkers van de drie eilanden twee weken per maand niet beschikbaar zijn voor operationele inzet voor het KPCN. Dit is voor de laatste groep aangepast. De opleiding is gericht op bredere vorming en ontwikkeling, waarbij ook aandacht is voor het aangifteproces (inclusief doorvragen en het opstellen van een kwalitatief goede aangifte). De respondenten geven aan hier baat bij te hebben. Medewerkers merken dat hun kennis is opgefrist en aangevuld, en leidinggevende functionarissen zien dat de kwaliteit stijgt en de medewerkers meer initiatief nemen.",Everyday Racism & Modern Racial Inequality,1.0,111,0.05009737066384799
lp-v-j-0000007495.pdf,71,"In dit kader waren functioneringsgesprekken ingesteld, waarbij mensen werden aangesproken op de kwaliteit van hun prestaties. Hiermee wilde het KPCN het geven van feedback aan medewerkers structureel inbedden. De Raad onderkende de ontwikkeling die het korps doormaakte en de stappen die het KPCN reeds had gezet om zijn organisatie te professionaliseren, maar benadrukte het belang van concrete acties die zich richten op feedback en controle ‘on the job’ (zoals het paraferen van nagekeken aangiftes). Dit leidde tot de volgende aanbevelingen: Voer de functie van corrector in.",Everyday Racism & Modern Racial Inequality,1.0,103,0.0315127719116601
lp-v-j-0000007494.pdf,5,"Dat gebeurt steeds door of onder verantwoordelijkheid van het OM. De centrale vraag bij dit onderzoek is: Op welke wijze geeft het OM sturing aan de opsporing bij de politie met betrekking tot de selectie van zaken, de voortgangsbewaking van de geselecteerde zaken en de kwaliteit van opsporingsonderzoeken? Het tweede aspect is de wijze waarop het OM invulling geeft aan zijn taak om vonnissen in strafzaken uit te voeren (‘xecutie strafrechtelijke vonnissen’).Als een zaak voor een rechter komt, dan volgt hier, afgezien van vrijspraak, niet ontvankelijk- of onbevoegd verklaring, een veroordelend vonnis uit. Conform het Wetboek van Strafrecht kan dit een hoofdstraf zijn in de vorm van een gevangenisstraf, hechtenis, taakstraf of geldboete (of een combinatie hiervan).",Reparations & Justice,1.0,142,0.06082808498235214
lp-v-j-0000007494.pdf,12,"In dit deel van het onderzoek is gekeken naar de wijze waarop het OM invulling geeft aan de taak om vonnissen in strafzaken uit te voeren. De Raad constateert dat het OM een flinke inhaalslag heeft gemaakt om de voorraad openstaande gevangenisstraffen – die door gebrek aan celcapaciteit was ontstaan – weg te werken. Door de gebrekkige administratie en registratie was er geen helder zicht op openstaande en uitgevoerde vonnissen. Het OM heeft handmatig in verschillende bronnen tot 2008 teruggekeken om hier inzicht in te krijgen. De Raad constateert niet zonder zorg dat het, naar betrokkenen zelf aangeven, niet is uit te sluiten dat hierdoor nog openstaande vonnissen tussen wal en schip zijn gevallen.","Remembrance, Heritage & Education",1.0,132,0.034408534721868875
lp-v-j-0000007494.pdf,13,"Thans zijn of worden nagenoeg alle gevangenisstraffen voor Bonairianen uitgevoerd. Het knelpunt zit met name bij straffen voor niet-ingezetenen. De Raad constateert dat het OM en de ketenpartners SRCN, JICN en de Voogdrijraad elkaar goed kunnen vinden bij de uitvoering van de vonnissen. Daar waar men tegen knelpunten aanloopt, weet 5 men gezamenlijk een creatieve oplossing te vinden. Het project ‘Verantwoord heenzenden’ en de ‘drie modellen van interventie jeugdcriminaliteit’ zijn hier voorbeelden van.",Everyday Racism & Modern Racial Inequality,1.0,92,0.038729587137167794
lp-v-j-0000007494.pdf,69,"Zowel het OM als de politie geven aan dat deze directe aansturing niet wenselijk was, maar dat het in die tijd wel nodig was. De politie bevond zich voor wat betreft cultuur en kwaliteit nog niet op het vereiste niveau. Betrokkenen geven bijvoorbeeld aan dat bij de politie vooral ‘de waan van de dag’ heerste. De politie ging van incident naar incident en verloor daarbij de aandacht voor lopende zaken. Het OM moest er daarom dicht opzitten om de voortgang te bewaken.",Everyday Racism & Modern Racial Inequality,1.0,85,0.03588779111630894
omvang-en-verdeling-van-de-geestelijke-verzorging-in-de-krijgsmacht-vanaf-2016.pdf,4,"In deze Stuurgroep hebben vertegenwoordigers van de zes Zendende Instanties en van Defensie zitting, onder leiding van een onafhankelijk voorzitter. De Stuurgroep heeft de opdracht voor dit onderzoek verstrekt aan ons onderzoeksteam, bestaande uit: dr. Ton Bernts (Kaski - onderzoekscentrum religie en samenleving van de aculteit ilosofie, Theologie en Religiewetenschappen van de Radboud Universiteit Nijme- gen), prof. dr. Ruard Ganzevoort (aculteit der Godgeleerheid van de Vrije Universiteit Amsterdam) en prof. dr. Carlo Leget en dr. Joanna Wojtkowiak van de Universiteit voor Humanistiek te Utrecht. Wij danken in de eerste plaats de Stuurgroep voor het in ons gestelde vertrouwen en voor de kritische en constructieve gesprekken over onderzoeksvraagstelling en rapportage. Vanuit de Stuurgroep hebben wij veel ondersteuning gekregen van projectleider drs. Bob Lodder (ABD interim) en secretaris drs. Alexandra Nuijen (Defensie).","Remembrance, Heritage & Education",1.0,166,0.057552513880269315
omvang-en-verdeling-van-de-geestelijke-verzorging-in-de-krijgsmacht-vanaf-2016.pdf,5,"Verder willen wij drs. Casimir Struijk, ambtelijk secretaris van de Diensten Geestelijke Verzorging, bedanken voor de snelle en accurate informatievoorziening en ondersteuning bij dit project. Drs. Jolanda Snijders (afdeling Trends, Onderzoek en Statistiek van Defensie) heeft de steekproef onder militairen verzorgd. Bij de totstandkoming van dit onderzoeksrapport hebben wij als onderzoekers waardevolle inhoudelijke en methodische adviezen gekregen van de door de Stuurgroep ingestelde Begelei- dingscommissie, bestaande uit mr. dr. rik Asscher (krijgsmachtpredikant), prof. dr. Chan Choenni (Vrije Universiteit Amsterdam/Lalla Rookh Leerstoel), dr. Monique van Dijk- Groeneboer (Universiteit van Tilburg/School of Catholic Theology), drs. Chris Kooyman (onderzoeker Joods Maatschappelijk Werk) en dr. Arjen W. Velema (krijgsmachtpredikant b.d.).","Remembrance, Heritage & Education",1.0,144,0.04279244840998014
bijlagen-onderzoek-onderhoud-bes-fonds-2015.pdf,35,"Het gaat dan vooral om wensen waarvan de verwachting is dat ze over vijf jaar of later spelen of wensen waarvan het in de rede ligt om eerst andere ontwikkelingen af te wachten. Zo is voor afval de haven ontvangst voorziening een toekomstige ontwikkeling. Dit is weliswaar een internationale verplichting, maar omdat afvalverwerking vanaf 2015 anders wordt aangepakt is het een optie eerst deze nieuwe werkwijze op te pakken. Hoe met het afval van schepen kan worden omgegaan kan dan een volgende stap zijn. Overige - Voor de omrekening van € naar $ gebruiken we een koers van€ 1 = $ 1,25.","Remembrance, Heritage & Education",1.0,112,0.04171228495950213
onderzoeksrapport-onderhoud-bes-fonds-2015.pdf,43,"Investeringen • Laat investeringen voor het inhalen van achterstallig onderhoud of ontwikkelen van specifieke taken via departementale begroting lopen. Laat investeringen vanuit meerdere departementen via het BS-fonds lopen, maar neem ze niet op in de vrije uitkering. • Indien er sprake is van gebundelde middelen kunnen hiervoor voorstellen door de eilanden in samenwerking met de departementen. en team van het eiland, de RV en het rijk kan vervolgens beslissen over de voorstellen. • Bij alle investeringen worden de structurele lasten in beeld gebracht, als ook een voorstel voor hoe deze te bekostigen (verhoging vrije uitkering, verhoging tarieven of een andere prioriteitstelling).",Reparations & Justice,1.0,124,0.07239380486546161
onderzoeksrapport-onderhoud-bes-fonds-2015.pdf,53,"3 Achterstallig onderhoud en ontwikkelwensen In de tabellen 4.1, 4.2 en 4.3 is een inventarisatie opgenomen van wensen ten aanzien van het inhalen van achterstallig onderhoud en ontwikkeling van de eilanden en/of departementen. Uit deze inventarisatie kan bijvoorbeeld via het Meerjarenprogramma Caribisch Nederland worden gekozen. Bij alle investeringen worden de structurele lasten in beeld gebracht als ook een voorstel hoe deze te bekostigen (welk budget voor verhoging vrije uitkering, verhoging tarieven of een andere prioriteitstelling). Indien er gebundelde middelen voor investeringen zijn kunnen deze middelen via het BS-fonds (niet via de vrije uitkering) lopen.",Reparations & Justice,1.0,115,0.05273520937020922
inventarisatie-inzake-optimaliseren-taalonderwijs-bonaire.pdf,17,"Gezien de functie van het Nederlands als toegangspoort naar kennisontwikkeling en het behalen van diploma’s is het kind erbij gebaat een zo hoog mogelijk niveau in het Nederlands te behalen. Teneinde een adequaat onderwijsaanbod Nederlands te realiseren adviseert de Taalunie niet pas vanaf groep 5, maar al vanaf groep 1 (bij voorkeur nog vroeger) het Nederlands als onderwijstaal te hanteren (met mogelijke differentiatie voor specifieke groepen leerlingen) en bij andere onderwijsactiviteiten/vakken dan het vak Nederlands taalontwikkelend les te geven. Naast het Nederlands vervult het Papiaments volgens het rapport van de Taalunie een belangrijke rol en wel met betrekking tot de identiteit van het Bonairiaanse kind. r dient dan ook in en buiten de school extra aandacht te worden besteed aan behoud en versterking van het Papiaments als taal van de sociaal-maatschappelijke communicatie en uitdrukking van de eigen cultuur en identiteit. Daarnaast moeten de kinderen academische vaardigheden in het Papiaments kunnen ontwikkelen.","Remembrance, Heritage & Education",1.0,190,0.06730233541248506
inventarisatie-inzake-optimaliseren-taalonderwijs-bonaire.pdf,36,"Het vertrekpunt van deze ‘quickscan’ is de vraag wat er beleidsmatig en praktisch op hoofdlijnen nodig is om het advies te implementeren. De expertgroep heeft daarbij een aantal overwegingen als uitgangspunt genomen. Op Bonaire zijn het Papiaments en het Nederlands van gelijkwaardig belang; beide talen zijn belangrijk voor een evenwichtige ontwikkeling van kinderen De consequenties van het advies van de Taalunie zijn verstrekkend en ingrijpend. Aangezien de nu uitgezette route haaks staat op het gevoerde beleid van de afgelopen decennia, is het van belang dat goed inzicht ontstaat in de achtergronden van een eventuele beleidswijziging en de mogelijke knelpunten.",Everyday Racism & Modern Racial Inequality,1.0,121,0.05713935716906476
inventarisatie-inzake-optimaliseren-taalonderwijs-bonaire.pdf,37,"In het advies van de Taalunie wordt ingezet op een functiescheiding tussen het Papiaments en het Nederlands. Het Nederlands zou voornamelijk de functie hebben van toegangspoort naar kennisontwikkeling, terwijl het Papiaments voornamelijk de identiteitsvorming van de leerlingen dient te ondersteunen. De expertgroep is echter van mening dat een dergelijke functiescheiding in de onderwijspraktijk niet opportuun is en tegelijkertijd ook het idee van gelijkwaardigheid van de twee talen ondergraaft. De expertgroep stelt zich op het standpunt dat beide functies een rol spelen bij het onderwijs in beide talen, ook met het oog op de multiculturele samenstelling van de leerlingpopulatie. Het scheiden van deze functies neemt ons inziens ten onrechte een voorschot op het gebruik dat al deze leerlingen zullen maken van elk van de talen in hun volwassen leven.",Reparations & Justice,1.0,159,0.05132855962720172
inventarisatie-inzake-optimaliseren-taalonderwijs-bonaire.pdf,41,"r zijn tevens vele (digitale) middelen om toegang te verkrijgen tot al deze informatie. Daarom is het van belang dat het onderwijs kinderen de mogelijkheden aanreikt zelf toegang te verkrijgen tot die enorme hoeveelheid beschikbare kennis en informatie. Op die manier zal de leerling, zowel in de schoolperiode als in de toekomst als volwassene, zelfstandig en onafhankelijk, op basis van eigen interesses zijn eigen kennis verder kunnen ontwikkelen. De in het advies van de Taalunie aangegeven koers is gebaseerd op de vaststelling dat de afzetmarkt op de ABC- eilanden ernstige beperkingen oplegt aan de aanwezigheid van schriftelijke informatiebronnen in het Papiaments. Immers met deze beperkte afzetmarkt zal geschreven informatie in het Papiaments onvoldoende beschikbaar zijn.",Reparations & Justice,1.0,144,0.03456221058737637
inventarisatie-inzake-optimaliseren-taalonderwijs-bonaire.pdf,44,"Ook voor leerlingen die in lagere vormen van onderwijs terecht komen en eveneens voor leerlingen die op Bonaire hun opleiding vervolgen, geldt dat hun wereld en hun mogelijkheden, als leerling en als volwassene, zeer beperkt zullen zijn, indien zij geen of Inventarisatie inzake optimaliseren taalonderwijs Bonaire 11 onvoldoende toegang krijgen tot de grotere wereld van informatie en kennis. en goede beheersing van het Nederlands in het PO betekent dus een wezenlijke verbetering van de kansen voor vervolgopleidingen in het VO, maar dient daarnaast tevens om daadwerkelijk de voornoemde toegang tot kennisontwikkeling te bewerkstelligen. Toegang tot informatie en daarmee verbonden kennisontwikkeling zal slechts gerealiseerd worden met een voldoende hoog taalvaardigheidsniveau om (complexe) teksten te begrijpen. Het PO- onderwijs zal zich daarom voor een substantieel deel moeten richten op het behalen van een voldoende hoog niveau in het Nederlands om de onderwijskansen in het VO en eventueel vervolgonderwijs te optimaliseren. Op Bonaire gaat het evenwel niet alleen om beter Nederlands leren, maar om de samenhang en balans tussen het Nederlands en het Papiaments.",Everyday Racism & Modern Racial Inequality,1.0,212,0.04017945900505725
papiamentu-in-het-onderwijs-op-bonaire-een-quick-scan.pdf,6,"De discussie over het uitgangspunten in het NTU-rapport en over de onderwijstijd voor de afzonderlijke talen in het onderwijs op Bonaire nam meer tijd in beslag dan verwacht. Na de laatste gesprekken met de PO-schoolbesturen was het niet duidelijk in hoeverre de expertgroepen daadwerkelijk pas op de plaats moesten maken inzake het vervolgen en afronden van de werkzaamheden. Daar kwam nog bij dat de datum 5 juli te dicht op de afsluiting van het schooljaar zat. Omdat er geen ontmoetingen tussen de expertgroepen meer waren gepland heeft de expertgroep Papiamentu de werkzaamheden afzonderlijk vervolgd. De indeling en enkele tekstgedeelten die het Papiamentu en/of het Nederlands betreffen, zijn aangeleverd door de xpertgroep Nederlands.",Reparations & Justice,1.0,137,0.035556340470240554
papiamentu-in-het-onderwijs-op-bonaire-een-quick-scan.pdf,43,"Vervolgens zullen met de afzonderlijke scholen modellen uitgewerkt worden. Daar- bij hebben verschillende scholen de mogelijkheid om individuele accenten te leggen, rekening houdend met de leerlingenpopulatie en ouders en gericht op de kerndoelen en eindtermen voor de verschillende onderwijsniveaus. Dit conceptvoorstel samen met een concept-plan van aanpak komt neer op een basismodel en een zekere keuzevrijheid per school. Het be- voegd gezag zal hiermee moeten instemmen. Het NTU-rapport over Nederlands en Papiamentu op Bonaire, enige citaten Ten behoeve van een passende stellingname en werkwijze van de expertgroepen wordt ver- volgens met citaten uit het NTU-rapport, met betrekking tot de functies en rollen van de twee talen Nederlands en Papiamentu op Bonaire, de gedachtegang samengevat.",Everyday Racism & Modern Racial Inequality,1.0,144,0.03606943971756728
papiamentu-in-het-onderwijs-op-bonaire-een-quick-scan.pdf,44,"De Taalunie adviseert om meteen vanaf groep 1 (bij voorkeur nog vroeger) in te zetten op zo veel mogelijk kwalitatief en passend taalaanbod Nederlands bij alle onderwijsactiviteiten, waardoor het meest recht wordt gedaan aan de rol van het Nederlands in/voor het onderwijs en de ontwikkeling van de kinderen. Gezien de functie van het Nederlands als toegangspoort naar kennisontwikkeling en het behalen van diploma’s, is het kind erbij gebaat uiteindelijk een zo hoog mogelijk niveau in het Nederlands te behalen. Om dit voor elkaar te kunnen krijgen, zet deze benadering in op zoveel mogelijk Nederlands taalcontact. In de praktijk komt het neer op een optimalisering van het huidige systeem waarbij het Nederlands meteen vanaf groep 1 van het PO de taal van het onderwijs is en niet pas vanaf groep 5 en waarbij in alle onderwijsactiviteiten taalontwikkelend wordt lesgegeven. Voor leerlingen die specifieke aan- dacht nodig hebben, zal een gedifferentieerde aanpak gehanteerd moeten worden.",Everyday Racism & Modern Racial Inequality,1.0,184,0.03265433145511071
papiamentu-in-het-onderwijs-op-bonaire-een-quick-scan.pdf,50,Knelpunt 4. Papiamentstalig onderwijs kan dus niet hetzelfde bieden als Nederlandstalig on- derwijs. De consequentie hiervan is dat het Nederlands op Bonaire deze juist voor het onder- wijs zo belangrijke functie moet overnemen. Daaruit vloeit de noodzaak voort dat kinderen op Bonaire liefst op jonge leeftijd al het Nederlands goed leren beheersen. Niet in eerste in- stantie met het oog op eventuele studiemogelijkheden in Nederland maar vooral met het oog op het Nederlands als toegangspoort naar kennis.,Everyday Racism & Modern Racial Inequality,1.0,91,0.0323970948928853
papiamentu-in-het-onderwijs-op-bonaire-een-quick-scan.pdf,60,"leren beter in hun moedertaal Kinderen waarvan de primaire taal niet de instructietaal op school is, hebben meer kans om voortijdig school te verlaten, of om in de lagere klassen te mislukken. Studie van onderwijs- en taalkundigen heeft aangetoond dat de eerste taal van de kinderen de optimale taal is voor alfabetisering en het leren in de hele basisschool (UNSCO, 2008a; 2014). Het leren lezen is naast rekenen een belangrijke schoolse vaardigheid die relevant is voor de schoolcarrière van leerlingen en dus later ook voor de maatschappelijke carrière van de burgers. In weerwil van groeiend bewijs en de vraag van de ouders, zijn er veel onderwijssystemen over de hele wereld die blijven staan op het exclusieve gebruik van een of soms meerdere bevoorrechte talen. Dit betekent uitsluiting van andere talen en daarmee ook uitsluiting van de kinderen die die talen spreken (Arnold, Bartlett, Gowani & Merali, 2006).",Everyday Racism & Modern Racial Inequality,1.0,168,0.030419558080374706
papiamentu-in-het-onderwijs-op-bonaire-een-quick-scan.pdf,64,"mother-tongue based, multilingual education; moedertaal- leren in meertalig onderwijs), als een succesvol model wordt beschouwd (Benson & Kosonen, 2013; Yiakoumetti, 2012). Over meertalig leren Ten aanzien van het tweetalig leren zijn wetenschappers het over enkele punten eens. Kin- deren kunnen twee of meer talen aanleren in hun vroege jaren. r is geen sprake van een wedijver tussen de talen om mentale ruimte.",Everyday Racism & Modern Racial Inequality,1.0,69,0.032818369025990266
papiamentu-in-het-onderwijs-op-bonaire-een-quick-scan.pdf,71,"are capable of producing capable readers in 2-3 years rather than the 5 reported for many second language medium programs. "" Bij modellen die slecht presteren is er meestal sprake van een geringe implementatiegraad (leraren gebruiken vooral de tweede/vreemde taal in de moe- dertaallessen) of van ernstige talige tekorten bij de leraren in de tweede/vreemde taal.",Dehumanization & Scientific Racism,1.0,61,0.059468776490988834
overzicht-van-internationale-aanbevelingen-op-het-gebied-van-mensenrechten.pdf,5,36 Racisme en vreemdelingenhaat ........................................................................................ 39 Algemeen ................................................................................................................... 39 In de media en in het politieke debat ............................................................................. 44 Discriminatie op de arbeidsmarkt ...................................................................................... 47 Vrouwenrechten en gendervraagstukken............................................................................,Everyday Racism & Modern Racial Inequality,1.0,118,0.10078052753041464
overzicht-van-internationale-aanbevelingen-op-het-gebied-van-mensenrechten.pdf,8,Caribisch Nederland ..................................................................................................... 66 Rechten ouderen ............................................................................................................. 69 Rechten van personen met een handicap ........................................................................... 70 Informatiesamenleving .................................................................................................. 73 Privacy .......................................................................................................................... 74 Immigratie en asiel ........................................................................................................ 76 Asielprocedure ................................................................................................................ 77 Asielprocedure en non-refoulement ................................................................................ 77 Rechten ongedocumenteerde migranten ......................................................................... 77 Minderjarige vreemdelingen .......................................................................................... 79 Ondersteuning asielzoekers ..........................................................................................,Everyday Racism & Modern Racial Inequality,1.0,257,0.04127284558510727
overzicht-van-internationale-aanbevelingen-op-het-gebied-van-mensenrechten.pdf,22,"II 2010/11, 26 150, nr. 100. VN-Comité inzake de uitbanning van Rassendiscriminatie (CRD) aanbevelingen op basis van het Internationaal Verdrag inzake de uitbanning van Rassendiscriminatie UN Doc. CRD/C/NLD/CO/17-18, 5 maart 2010 Kabinetsreactie: Kamerstukken II 2009/10, 30 950, nr. 18. VN-Comité over de uitbanning van discriminatie van vrouwen (CDAW)",Everyday Racism & Modern Racial Inequality,1.0,63,0.03723305336689846
overzicht-van-internationale-aanbevelingen-op-het-gebied-van-mensenrechten.pdf,28,"Comité voor de Preventie van oltering en Onmenselijke of Vernederende Behandeling of Bestraffing (CPT) van de Raad van uropa aanbevelingen op basis van het bezoek aan Nederland van 10-21 oktober 2011 op grond van het uropees Verdrag ter voorkoming van foltering en onmenselijke of vernederende behandeling of bestraffing CPT/Inf(2012)21, 9 augustus 2012 Kabinetsreactie: Kamerstukken II 2012/13, 24 587, nr. 563. uropese Commissie tegen Racisme en Intolerantie (CRI) aanbevelingen op het gebied van racisme en onverdraagzaamheid op basis van literatuuronderzoek, een werkbezoek en een vertrouwelijke dialoog met de nationale autoriteiten CRI(2013)39, 15 oktober 2013 Kabinetsreactie: Kamerstukken",Everyday Racism & Modern Racial Inequality,1.0,124,0.03223018018121657
overzicht-van-internationale-aanbevelingen-op-het-gebied-van-mensenrechten.pdf,29,"II 2013/14, 30 950, nr. 62. uropees Comité voor Sociale Rechten aanbevelingen op basis van het uropees Sociaal Handvest (SH) Conclusions 2011-2014, zie www.coe.int/t/dghl/monitoring/socialcharter/Countryactsheets/Netherlands_en.pdf Group of xperts on Action against Trafficking in Human Beings (GRTA) van de Raad van uropa",Dehumanization & Scientific Racism,1.0,58,0.04191350200922111
overzicht-van-internationale-aanbevelingen-op-het-gebied-van-mensenrechten.pdf,34,The Commissioner also welcomes the adoption of the Netherlands’ first National Action Plan on Human Rights (NAPHR). He considers that,Dehumanization & Scientific Racism,1.0,22,0.09512620995153898
overzicht-van-internationale-aanbevelingen-op-het-gebied-van-mensenrechten.pdf,35,"such action plans can make a real contribution to the promotion and protection of human rights, provided that",Dehumanization & Scientific Racism,1.0,20,0.037569691830457316
overzicht-van-internationale-aanbevelingen-op-het-gebied-van-mensenrechten.pdf,37,"predecessor’s Recommendation on systematic work for implementing human rights at the national level, which provides extensive guidance on these issues. BZK Comm 63",Dehumanization & Scientific Racism,1.0,27,0.03803245922760311
overzicht-van-internationale-aanbevelingen-op-het-gebied-van-mensenrechten.pdf,38,"In particular, the Commissioner calls on the Dutch authorities to include more ambitious and measurable goals in its future Action Plans on Human Rights He strongly",Dehumanization & Scientific Racism,1.0,30,0.09018949281624804
overzicht-van-internationale-aanbevelingen-op-het-gebied-van-mensenrechten.pdf,42,and recommends that such parliamentary debates take place on a regular basis in order to strengthen the Parliament’s involvement in the discussions concerning the systematic work for implementing human rights. BZK,Dehumanization & Scientific Racism,1.0,40,0.07234397144577462
overzicht-van-internationale-aanbevelingen-op-het-gebied-van-mensenrechten.pdf,47,"the State party remove the restriction set out in section 7, paragraph 2, of the Netherlands Institute for Human Rights Act in order to ensure",Dehumanization & Scientific Racism,1.0,27,0.07977532038973853
overzicht-van-internationale-aanbevelingen-op-het-gebied-van-mensenrechten.pdf,50,party to ensure that those bodies are also able to discharge their functions in the Caribbean part of the Netherlands effectively.,Dehumanization & Scientific Racism,1.0,23,0.05655451569775875
overzicht-van-internationale-aanbevelingen-op-het-gebied-van-mensenrechten.pdf,52,De commissie adviseert tevens dat er binnen het College voldoende medewerkers zijn die zich bezighouden met het behandelen van klachten. Verder adviseert de CRI dat het College breed gebruikmaakt van de bevoegdheid incidenten aan de rechter voor te leggen ingevolge artikel 13 lid 1 van de Wet College voor de rechten van de mens VenJ/ BZK Comm 61 The Commissioner wishes to emphasise that in times of economic crisis it is particularly important for member states to refrain from,Dehumanization & Scientific Racism,1.0,87,0.037658183503470305
overzicht-van-internationale-aanbevelingen-op-het-gebied-van-mensenrechten.pdf,54,"structures, such as national human rights institutions, equality bodies or Ombudsmen. Given the crucial role that these structures play in providing accessible protection to victims of human rights violations and expert advice to governments on securing a human rights- compliant response to the economic crisis, the Commissioner",Dehumanization & Scientific Racism,1.0,56,0.09087927215790746
overzicht-van-internationale-aanbevelingen-op-het-gebied-van-mensenrechten.pdf,55,calls instead on member states to ensure that these structures have,Dehumanization & Scientific Racism,1.0,12,0.0763798117967654
overzicht-van-internationale-aanbevelingen-op-het-gebied-van-mensenrechten.pdf,57,"Issue Paper he prepared on safeguarding human rights in times of economic crisis in 2013. The Commissioner therefore strongly recommends that the Dutch authorities ensure adequate funding for these structures in the Netherlands and refrain, in particular, from cutting the budget of the Netherlands Institute for Human Rights.",Dehumanization & Scientific Racism,1.0,56,0.09086270273589873
overzicht-van-internationale-aanbevelingen-op-het-gebied-van-mensenrechten.pdf,58,Consideration should also be given to strengthening the financial independence of this institution. VenJ/ VWS,Dehumanization & Scientific Racism,1.0,19,0.032809759988019896
overzicht-van-internationale-aanbevelingen-op-het-gebied-van-mensenrechten.pdf,63,"UPR 98.26 Verder gaan met het verlenen, wanneer hierom wordt verzocht, van bijstand aan Aruba, Curaçao en Sint-Maarten om een mensenrechteninstituut, - wetgeving en –beleid te ontwikkelen (Australië). BZK Nationale Ombudsman/Kinderombudsman CRC 17",Everyday Racism & Modern Racial Inequality,1.0,43,0.034479003981211585
overzicht-van-internationale-aanbevelingen-op-het-gebied-van-mensenrechten.pdf,64,"Het Comité adviseert de snelle aanname van wetgeving inzake de kinderombudsman in Nederland en de oprichting van een mensenrechteninstantie of kinderombudsman op de Nederlandse Antillen en Aruba. Het Comité adviseert verder deze bureaus en hun vertegenwoordigers op nationaal en lokaal niveau voor kinderen goed toegankelijk te maken, en ervoor te zorgen dat zij voldoen aan de Paris Principles en rekening houden met algemene aanbeveling nr. 2 (2002) inzake de rol van onafhankelijke mensenrechteninstanties. Voorts adviseert het Comité om de kinderombudsman of de mensenrechteninstantie naast het onderzoeken van klachten ook verantwoordelijk te stellen voor het toezicht op de implementatie van het Verdrag en voor het promoten van het Verdrag. BZK/ VWS CRC-",Everyday Racism & Modern Racial Inequality,1.0,138,0.04535194529518578
overzicht-van-internationale-aanbevelingen-op-het-gebied-van-mensenrechten.pdf,66,BZK/ VWS 10 Comm 61 The Commissioner wishes to emphasise that in times of economic crisis it is particularly important for member,Dehumanization & Scientific Racism,1.0,24,0.05269063613259936
overzicht-van-internationale-aanbevelingen-op-het-gebied-van-mensenrechten.pdf,69,"Given the crucial role that these structures play in providing accessible protection to victims of human rights violations and expert advice to governments on securing a human rights- compliant response to the economic crisis, the Commissioner calls instead on member states",Dehumanization & Scientific Racism,1.0,47,0.11550334462031138
overzicht-van-internationale-aanbevelingen-op-het-gebied-van-mensenrechten.pdf,71,"sufficient funding and independence to carry out their mandates fully, as further detailed in an Issue Paper he prepared on safeguarding human rights in times of economic crisis in 2013.",Dehumanization & Scientific Racism,1.0,33,0.03580729778550174
overzicht-van-internationale-aanbevelingen-op-het-gebied-van-mensenrechten.pdf,72,"The Commissioner therefore strongly recommends that the Dutch authorities ensure adequate funding for these structures in the Netherlands and refrain, in particular, from cutting the budget of the Netherlands Institute for Human Rights. Consideration should also be given",Dehumanization & Scientific Racism,1.0,46,0.08534675627647574
overzicht-van-internationale-aanbevelingen-op-het-gebied-van-mensenrechten.pdf,75,"remove the restriction set out in section 7, paragraph 2, of the Netherlands Institute for Human Rights Act in order to ensure unrestricted access of the Institute",Dehumanization & Scientific Racism,1.0,30,0.07153252783470654
overzicht-van-internationale-aanbevelingen-op-het-gebied-van-mensenrechten.pdf,78,ensure that those bodies are also able to discharge their functions in the Caribbean part of the Netherlands effectively. VenJ/ BZK Betrekken maatschappelijk middenveld CRC 25,Dehumanization & Scientific Racism,1.0,31,0.049634964669534494
overzicht-van-internationale-aanbevelingen-op-het-gebied-van-mensenrechten.pdf,79,"Het Comité adviseert de Verdragsstaat de actieve en systematische betrokkenheid van het maatschappelijk middenveld, inclusief NGO’s en kinderverenigingen aan te moedigen bij de promotie en verwezenlijking van de rechten van het kind, inclusief hun zeggenschap in de voorbereiding van beleid en samenwerkingsprojecten, evenals aan het geven van een vervolg aan het slotcommentaar van het Comité en het opstellen van de volgende periodieke rapportage. De Verdragsstaat wordt aangemoedigd het maatschappelijk middenveld op lokaal niveau te steunen, waarbij het de onafhankelijkheid ervan respecteert. VWS 11 CRC 38 Onder verwijzing naar het VN-onderzoek naar geweld tegen kinderen (A/61/299), adviseert het Comité de Verdragsstaat: (a) alle maatregelen te treffen die nodig zijn voor de implementatie van de aanbevelingen uit het rapport van de onafhankelijke deskundige voor het VN- onderzoek naar geweld tegen kinderen, rekening houdend met de uitkomsten en aanbevelingen van het regionaal overleg voor uropa en Centraal-Azië, gehouden te Ljubljana van 5 tot 7 juli 2005. Het Comité adviseert de Verdragsstaat specifiek aandacht te besteden aan de volgende aanbevelingen: (i) alle geweld tegen kinderen te verbieden; (ii) geweldloze waarden en bewustwording te bevorderen; (iii) diensten te verlenen op het gebied van herstel en sociale re-integratie; (iv) een systeem voor het verzamelen en onderzoeken van nationale gegevens te ontwikkelen en te implementeren. (b) deze aanbevelingen te gebruiken als handvat voor actie in samenwerking met het maatschappelijk middenveld, en daarbij vooral kinderen te betrekken, om te garanderen dat ieder kind beschermd wordt tegen alle vormen van lichamelijk, seksueel en psychisch geweld en om momentum te creëren voor concrete en, zo nodig, tijdgebonden acties voor de preventie van en reactie op dergelijk geweld en misbruik.",Everyday Racism & Modern Racial Inequality,1.0,327,0.06122314295000863
overzicht-van-internationale-aanbevelingen-op-het-gebied-van-mensenrechten.pdf,81,"In particular, the Commissioner calls on the Dutch authorities to include more ambitious and measurable goals in its future Action Plans on Human Rights He strongly",Dehumanization & Scientific Racism,1.0,30,0.09018949281624804
overzicht-van-internationale-aanbevelingen-op-het-gebied-van-mensenrechten.pdf,84,"welcoming all of the measures already taken to combat child abuse in all its forms, the Commissioner invites the Dutch authorities to ensure a proactive implementation of the existing",Dehumanization & Scientific Racism,1.0,32,0.038056394774547794
overzicht-van-internationale-aanbevelingen-op-het-gebied-van-mensenrechten.pdf,87,"all relevant professionals on detecting and assisting child victims of abuse. The Dutch authorities should improve access to services for recovery, counselling and other forms",Dehumanization & Scientific Racism,1.0,28,0.04504227468621662
overzicht-van-internationale-aanbevelingen-op-het-gebied-van-mensenrechten.pdf,90,UPR 98.51 en nationaal actieplan ter bestrijding van discriminatie ontwikkelen in overleg met het maatschappelijk middenveld (Noorwegen). BZK/ SZW 12 UPR 98.116 Zorgen voor meer transparantie en controle uitgeoefend door het maatschappelijk middenveld over de omstandigheden waarin asielzoekers worden gehouden en behandeld (Russische ederatie). VenJ GRTA 8 GRTA,Everyday Racism & Modern Racial Inequality,1.0,64,0.0482377055233197
publieksmonitor-bzk-1-meting.pdf,5,"Deze monitor gaat over de thema's Binnenlandse Zaken en Koninkrijksrelaties. BZK voert parallel hieraan een monitor uit over de thema's Wonen en Rijksdienst. Publieksmonitor Om inzicht te krijgen in hoe de Nederlandse bevolking aankijkt tegen voor BZK relevante onderwerpen heeft BZK in samenwerking met Motivaction een ‘publieksmonitor’ opgezet. De onderwerpen die in de monitor aan bod komen, betreffen veelal een actueel beleidsplan of recent geïmplementeerd beleid.",Everyday Racism & Modern Racial Inequality,1.0,83,0.04013797832219032
publieksmonitor-bzk-1-meting.pdf,35,"overheid positief ontvangen, grootste nadelen zijn klantvriendelijkheid, privacy en toegankelijkheid • Burgers staan overwegend positief tegenover de digitalisering (44% positief, 11% negatief). Het negatieve oordeel zien we vooral terug onder ouderen (55-70 jarigen) en laagopgeleiden (respectievelijk 17% en 20%). • Men verwacht dat digitaliseren vooral ten goede komt aan het gemak (65%) en de snelheid (61%), en iets vaker dan bij de 0-meting ook aan de efficiëntie (53% vs. 48% 0-meting).",Everyday Racism & Modern Racial Inequality,1.0,86,0.03918369419171115
publieksmonitor-bzk-1-meting.pdf,48,"De datacollectie liep van 21 t/m 27 mei 2015. De datacollectie van de 0-meting liep van 14 t/m 20 januari 2015. Doelgroep, steekproef en representativiteit De doelgroep van publieksmonitor is de Nederlandse bevolking tussen 18 en 70 jaar. Om uitspraken te kunnen doen over de doelgroep is een steekproef gerealiseerd van n= 842 Nederlanders tussen 18 en 70 jaar op basis van het StemPunt-panel van Motivaction.",Everyday Racism & Modern Racial Inequality,1.0,81,0.03049308485560131
tk-bijlage-verantwoording-aanpak-georganiseerde-criminaliteit-2014.pdf,31,"_________________________________________________________________________________________ Verantwoording aanpak georganiseerde criminaliteit 2014 p. 8/38 Overzicht 2 toont het aantal unieke tactische onderzoeken die door het Landelijk Parket en de Landelijke enheid in 2013 en 2014 zijn uitgevoerd op de prioritaire aandachtsgebieden. Het gaat om tactische onderzoeken die in 2014 zijn gestart en/of afgerond, gecorrigeerd voor overlap (een onderzoek dat in 2014 is gestart én afgerond telt één keer mee). Overzicht 2 Aandachtsgebied 2013 2014",Everyday Racism & Modern Racial Inequality,1.0,97,0.033457886304639715
vijf-jaar-caribisch-nederland-de-werking-van-wetgeving.pdf,20,1. Inventarisatie en typering wetgeving 2. De eilanden in het beleidsvormingsproces en consultatie 3. Legislatieve terughoudendheid 4. igenheid van de eilanden 5.,Reparations & Justice,1.0,30,0.03389297843835301
vijf-jaar-caribisch-nederland-de-werking-van-wetgeving.pdf,29,"Differentiatie Het gelijkheidsbeginsel (artikel 1 Grondwet) brengt met zich mee dat gelijke gevallen gelijk moeten worden behandeld, onverschillig of men zich in het uropese of het Caribische deel van Nederland bevindt. Als keerzijde brengt het gelijkheidsbeginsel mee dat ongelijke geval- len ongelijk – naar de mate van het verschil – dienen te worden behandeld. Om meer duide- lijkheid te creëren ten aanzien van de gronden die aanleiding kunnen geven voor het treffen van specifieke regels of maatregelen voor de eilanden, is in het tweede lid van artikel 1 van het Statuut voor het Koninkrijk der Nederlanden (hierna: het Statuut) een specifieke diffe- rentiatiebepaling opgenomen.",Everyday Racism & Modern Racial Inequality,1.0,122,0.04064729777780099
vijf-jaar-caribisch-nederland-de-werking-van-wetgeving.pdf,40,"Hiervoor is gekozen wanneer er op een be- paald terrein op de eilanden geen of inadequate Nederlands Antilliaanse regelge- ving bestond en de minister, in verband met zijn algemene verantwoordelijkheid op dat terrein, onvoldoende bevoegdheden had en het daarnaast niet wenselijk werd geacht om de bestaande uropees Nederlandse wetgeving (voor een deel) van overeenkomstige toepassing te verklaren. Bevindingen en analyse Beschrijving van de wetgeving In de algemene wetgevingsanalyse is alle wetgeving die per 10 oktober 2010 in Caribisch Nederland van kracht is geworden en de wetgeving die daarna is aangepast en/of inwerking is getreden beschreven. Voor deze beschrijving hebben we ons beperkt tot wetten in forme- le zin die voor Bonaire, Sint ustatius en Saba gelden en die zijn ingevoerd in de periode 10 oktober 2010 tot en met maart 2015. Rijkswetgeving, ministeriële regelingen en amvb’s vallen buiten het bestek van dit onderzoek.",Reparations & Justice,1.0,167,0.07607335633736816
vijf-jaar-caribisch-nederland-de-werking-van-wetgeving.pdf,48,"Consultatie Bij 50 wetten is in de parlementaire stukken vermeld of vertegenwoordigers van de eilan- den zijn geconsulteerd tijdens het wetgevingsproces. De toelichting in de parlementaire stukken over consultatie is erg wisselend en vermoedelijk incompleet omdat het vaak om summiere toelichtingen gaat. Uit de gehouden interviews blijkt bijvoorbeeld dat bij meer wetgeving consultatie heeft plaatsgevonden. Bij specifieke wetgeving is consultatie uitge- breider toegelicht dan in de toelichting van de algemene BS-wetgeving. r bestaat een discrepantie tussen de indruk die ministeries hebben over de consultatie – zij geven aan dat voorafgaand aan de transitie of gedurende de transitie onderzoek is gedaan, consultatie heeft plaatsgevonden en afwegingen zijn gemaakt voor het behouden van wet- geving of het ontwerpen van nieuwe wetgeving – en hoe de eilanden dit zelf ervaren",Reparations & Justice,1.0,157,0.04535675946180225
vijf-jaar-caribisch-nederland-de-werking-van-wetgeving.pdf,50,"Dit volgt uit de algemene wetgevingsanalyse, waaruit een duidelijk verschil naar voren komt tussen algemene en spe- cifieke BS-regelgeving: vergeleken met de algemene BS-wetgeving is bij de specifieke BS- wetgeving sprake van uitgebreide consultatie. Voorbeelden hiervan zijn de raadplegingen rond de Wet lektriciteit en Drinkwater BS en de VROM-BS. Ook uit de verdiepende stu- die blijkt dat in het algemeen de ervaring was dat er later, na 10 oktober 2010, meer tijd voor raadpleging was. Legislatieve terughoudendheid Het streven naar continuïteit in de regelgeving en het betrachten van terughoudendheid met het invoeren van nieuwe Nederlandse wetgeving is uit kwantitatief en ‘Haags’ oogpunt in het algemeen in acht genomen, al hebben de eilanden per saldo te maken met veel nieu- we of gewijzigde regelgeving.",Reparations & Justice,1.0,150,0.06718054962932044
vijf-jaar-caribisch-nederland-de-werking-van-wetgeving.pdf,55,"De onderzoekers hebben niet waargenomen dat genoemde aspecten steeds tevoren duidelijk met de eilanden zijn be- sproken. In elk geval constateren zij teleurstellingen op de eilanden met betrekking tot de realisatie van de afspraken over continuïteit van regelgeving en geleidelijke invoering van VALUATI CARIBISCH NDRLAND - WRKING VAN WTGVING 8 Nederlandse wetgeving. Waar voor de periode na 10 oktober 2010 het uitgangspunt van legislatieve terughoudendheid expliciet geldt, stellen de onderzoekers vast dat het overgro- te deel van de wijzigingen in de regelgeving op of rond 10 oktober 2010 heeft plaats gevon- den. De wijzigingen daarna waren in dat licht betrekkelijk gering. Differentiatie",Reparations & Justice,1.0,124,0.035607822086833815
vijf-jaar-caribisch-nederland-de-werking-van-wetgeving.pdf,58,"De argumentatie voor differentiatie blijft echter aan de oppervlakte: de criteria worden doorgaans niet aan de hand van feitelij- ke omstandigheden nader ingevuld en, mede aan de via de nadere criteria van geschiktheid, proportionaliteit en subsidiariteit, toegepast. Onduidelijk is in hoeverre (het falen van) de consultatie hier een rol heeft gespeeld. Naast de rechtvaardigingsgronden genoemd in het tweede lid van artikel 1 van het Statuut, zijn er opvallend veel specifieke redenen voor differentiatie genoemd (72 keer). Zo wordt vaak genoemd dat uropees Nederlandse wetgeving te veelomvattend en complex is voor de eilanden en wordt deze daarom versimpeld.",Reparations & Justice,1.0,117,0.040564769145294895
lp-v-j-0000008754.pdf,11,Conditions of detention ................................................................................................... 19 B. Dutch Caribbean Correctional Institution - JICN .............................................................. 21 1. Preliminary remarks ........................................................................................................ 21 2.,Dehumanization & Scientific Racism,1.0,72,0.05402701078205661
lp-v-j-0000008754.pdf,38,98 4. Seclusion and means of restraint ..................................................................................... 98 5. Safeguards ....................................................................................................................... 99 a. the initial placement decision and discharge .........................................................,Dehumanization & Scientific Racism,1.0,70,0.03781710208489306
lp-v-j-0000008754.pdf,46,"held consultations ............................................................................. 120 - 6 - Copy of the letter transmitting the CPT ’s report Prof. Dr. Martin Kuijer Ministry of Justice Directorate of Legislation P.O. Box 20301 NL - 2500 H The Hague Strasbourg, 28 November",Dehumanization & Scientific Racism,1.0,57,0.03414199669344131
lp-v-j-0000008754.pdf,48,Degrading Treatment or Punishment (CPT) following its visit to the Caribbean part of the Kingdom of the Netherlands from 12 to 22 May 2014.,Dehumanization & Scientific Racism,1.0,26,0.12155707617831141
lp-v-j-0000008754.pdf,49,"The report was adopted by the CPT at its 85th meeting, held from 3 to 7 November 2014. The various recommendations, comments and requests for information formulated by the CPT are highlighted in bold in the body of the report. As regards more particularly the CPT’s recommendations, having regard to Article 10, paragraph 1, of the Convention, the Committee requests the Dutch authorities to",Dehumanization & Scientific Racism,1.0,74,0.07684145023657664
lp-v-j-0000008754.pdf,50,provide within six months a response giving a full account of action taken to implement them. The CPT trusts that,Dehumanization & Scientific Racism,1.0,20,0.03626264525481932
lp-v-j-0000008754.pdf,51,"it will also be possible for the Dutch authorities to provide, in the above- mentioned response, reactions to the comments and requests for information formulated in this report.",Dehumanization & Scientific Racism,1.0,31,0.06742404225368384
lp-v-j-0000008754.pdf,53,"The Netherlands Antilles ceased to exist on 10 October 2010, when Curaçao and Sint Maarten acquired the status of countries within the Kingdom, alongside the Netherlands and Aruba.",Dehumanization & Scientific Racism,1.0,30,0.05922808031980148
lp-v-j-0000008754.pdf,54,"The three other islands, Bonaire, Sint ustatius and Saba became part of the Netherlands with the equivalent status of a municipality. Collectively, the six islands are now known as the Caribbean part of the Kingdom of the Netherlands. The CPT ’s delegation visited Bonaire, Aruba, Curaçao and Sint Maarten. It examined the treatment of inmates and the conditions of detention in the prison establishments located on each of the four islands visited.",Dehumanization & Scientific Racism,1.0,80,0.09880954293021782
lp-v-j-0000008754.pdf,60,"However, in Aruba, Curaçao and Sint Maarten some allegations of ill-treatment of persons, including of juveniles, were received, which usually consisted of kicks and punches to the body after the person had been handcuffed and brought under control. The authorities should regularly remind police officers to use no more force than is strictly necessary and that ill-treatment will be punished accordingly. urther, the duration of remand detention on police premises, which may last up to 10 days, should be reduced to the shortest amount of time possible. As regards more specifically Curaçao, full authority for the care of police detainees placed in Block 1 of the Centre for Detention and Correction in Curaçao (SDKK) should be transferred to the prison authorities. In relation to safeguards against ill-treatment",Dehumanization & Scientific Racism,1.0,140,0.057959800630359694
lp-v-j-0000008754.pdf,62,"be up to three days and 16 hours after the initial arrest. Steps should be taken to guarantee the right of access to a lawyer in practice, including during any police interview, as from the very outset of deprivation of liberty.",Dehumanization & Scientific Racism,1.0,43,0.0338299492056693
lp-v-j-0000008754.pdf,66,"San Nicolas Police Station was not used for overnight detention which turned out to be incorrect. Persons were being detained for several days in this station, including a 15-year old boy who spent ten days in conditions that could be considered as",Dehumanization & Scientific Racism,1.0,45,0.04562129934868491
lp-v-j-0000008754.pdf,69,"More generally, juveniles should not be held overnight in police stations. urther, in Aruba and Curaçao, the current practice of keeping detained persons, deemed to be at risk of suicide, naked in their cells should be ended; instead, such persons should be the subject of a specific care protocol. - 8 - In Sint Maarten, urgent measures should be taken to improve conditions",Dehumanization & Scientific Racism,1.0,65,0.03593254815158446
lp-v-j-0000008754.pdf,71,"are not detained in excess of three days and in any event never longer than 10 days at this station. In Curaçao, two persons had been held in police stations for some eight months in conditions akin to solitary confinement; every effort should be made to find alternative solutions to long-term detention at police stations.",Dehumanization & Scientific Racism,1.0,58,0.03626296281153554
lp-v-j-0000008754.pdf,72,Prisons The CPT ’s delegation found that the Dutch Caribbean Correctional Institution (JICN) in Bonaire was well-managed and provided a safe environment with good staff-prisoner relations.,Dehumanization & Scientific Racism,1.0,33,0.06607970735181269
lp-v-j-0000008754.pdf,73,"Some progress had been made at the three other prisons visited compared to previous visits. However, at the Correctional Institution in Aruba (KIA), SDKK and Point Blanche Prison in Sint Maarten, a number of allegations of ill-treatment of prisoners by staff were received and a clear message should be delivered to prison officers that all forms of ill-treatment, including verbal abuse, are not acceptable and will be punished accordingly.",Dehumanization & Scientific Racism,1.0,76,0.07108161267350392
lp-v-j-0000008754.pdf,74,"urther, inter-prisoner violence continued to represent a serious threat to prisoners’ safety in these three prisons. The prison management in each of these establishments should develop a strategy to address the challenge of inter-prisoner violence, including adequate monitoring of the situation and identification of risks. As regards material conditions, they were generally very poor at KIA and in several blocks of SDKK, with crumbling walls, dilapidated accommodation areas, leaking pipes and serious",Dehumanization & Scientific Racism,1.0,82,0.03809708794436206
lp-v-j-0000008754.pdf,78,"includes alternative sanctions, conditional release and reduced use of remand custody. Similar proposals are put forward in relation to Bonaire where a new much larger prison facility is being built.",Dehumanization & Scientific Racism,1.0,33,0.03888731064383592
lp-v-j-0000008754.pdf,81,"to receive visits without physical separation in the absence of specific security concerns. Prisoners who are visited infrequently, notably foreign nationals, should be allowed to accumulate visiting time and be granted increased access to the telephone.",Dehumanization & Scientific Racism,1.0,41,0.03810020757870794
lp-v-j-0000008754.pdf,84,"by the prison administration, particularly at SDKK. or example, personal custody records were incomplete and no registers were kept with regard to incidents, complaints, use of force and means of restraint.",Dehumanization & Scientific Racism,1.0,38,0.07294509680090365
lp-v-j-0000008754.pdf,85,"- 9 - As regards discipline and segregation, procedural safeguards for prisoners suspected of having committed a disciplinary offence should be strengthened and solitary confinement as a disciplinary punishment",Dehumanization & Scientific Racism,1.0,38,0.06816869500794565
lp-v-j-0000008754.pdf,86,"should not exceed 14 days. The disciplinary unit of KIA was found to be unfit for holding human beings and, while acknowledging the steps taken by the Aruban authorities",Dehumanization & Scientific Racism,1.0,32,0.034623757470011424
lp-v-j-0000008754.pdf,88,"still required before these cells are adequate for accommodating prisoners. The situation of prisoners segregated for their own protection, notably in Curaçao, should be improved and a specific policy for",Dehumanization & Scientific Racism,1.0,34,0.03547517570342994
lp-v-j-0000008754.pdf,91,"urther, at SDKK the situation was more critical as health-care staff and pharmacy bills had not been paid for many months. The provision of health-care services in KIA, SDKK and Pointe Blanche Prisons",Dehumanization & Scientific Racism,1.0,35,0.04231183137712462
lp-v-j-0000008754.pdf,97,"However, the regime at Illegalen Barakken was particularly restrictive and in both facilities there was a lack of purposeful activities offered to persons held longer than a few days. urther, staff at both facilities had not received any specific training on working with irregular migrants and safeguards, such as a medical screening upon arrival and",Dehumanization & Scientific Racism,1.0,62,0.03489267596972886
lp-v-j-0000008754.pdf,99,"Appropriate regulations for the detention of irregular migrants, including the introduction of an effective legal remedy entailing legal assistance, should",Dehumanization & Scientific Racism,1.0,24,0.08284240533945489
lp-v-j-0000008754.pdf,100,"be developed and adopted. Juveniles The situation for young persons at JICN was largely positive; staff were trained to work with juveniles and treated them in a correct and respectful manner, and several programmes were in place to",Dehumanization & Scientific Racism,1.0,40,0.04342125459863602
lp-v-j-0000008754.pdf,107,"Oduber Hospital in Aruba and Klínika Capriles in Curaçao with a focus on involuntarily placed patients. Both facilities were considered to be caring, well-run and supportive, therapeutic establishments.",Dehumanization & Scientific Racism,1.0,35,0.04098467022708346
lp-v-j-0000008754.pdf,110,"such procedures as well as a right to appeal any placement decisions. urther, safeguards during placement should be improved, particularly with regard to forced treatment and the possibility to address complaints to an independent",Dehumanization & Scientific Racism,1.0,41,0.061358119814422955
lp-v-j-0000008754.pdf,111,"external monitoring body. The provision of a patient’s rights brochure to all patients at Klínika Capriles was considered a positive practice. More generally, as neither facility was equipped to accept dangerous forensic psychiatric patients and prison is not a suitable environment for them, the authorities are requested to provide information on where such patients can be treated. - 11 - I. INTRODUCTION A. Dates of the visit and composition of the delegation 1. In pursuance of Article 7 of the uropean Convention for the Prevention of Torture and Inhuman or",Dehumanization & Scientific Racism,1.0,102,0.05069332268085811
lp-v-j-0000008754.pdf,112,"Degrading Treatment or Punishment (hereinafter referred to as “the Convention”), a delegation of the CPT carried out a visit to the Caribbean part of the Kingdom of the Netherlands from 12 to 22 May 2014. The visit was one which appeared",Dehumanization & Scientific Racism,1.0,46,0.09179446142224547
lp-v-j-0000008754.pdf,116,"and were assisted by: - Vivian LBLANC (interpreter) - Manuel MADURO (interpreter) - Karel THIJS (interpreter). B. Context of the visit and constitutional structure 3. During the previous CPT visit in 2007, the Kingdom of the Netherlands consisted of three",Dehumanization & Scientific Racism,1.0,45,0.036111651493267935
lp-v-j-0000008754.pdf,117,"countries: the Netherlands, Aruba and the Netherlands Antilles. The Netherlands Antilles was formed by the islands Bonaire, Curaçao, Sint Maarten, Sint ustatius and Saba. Between 2000 and 2005, however , all the islands of the then",Dehumanization & Scientific Racism,1.0,40,0.07768083366671348
halfjaarrapportage-college-financieel-toezicht-bonaire-sint-eustatius-en-saba.pdf,41,Het Cft blijft de voortgang op het gebied van deze herinrichting en de verdere uitvoering van het meerjarig plan van aanpak monitoren. Daarnaast vindt het Cft het zorgelijk dat niet tijdig aan rapportageverplichtingen wordt voldaan. De eerste uitvoeringsrapportage had uiterlijk 30 april aangeboden moeten worden door het bestuurscollege. Uiteindelijk is deze op begin juni pas in concept aangeboden aan secretariaat van het Cft. Sint ustatius,Everyday Racism & Modern Racial Inequality,1.0,80,0.0352859494046273
halfjaarrapportage-college-financieel-toezicht-bonaire-sint-eustatius-en-saba.pdf,42,"Het Cft heeft het afgelopen jaar veelvuldig haar zorgen geuit over de stand van zaken van het financieel beheer op Sint ustatius. Onderdeel van de aanwijzing die door de minister van BZK is 9 opgelegd is het maken van een plan van aanpak voor de verbetering van het financieel beheer. De verbeterpunten die voor 2014 waren afgesproken, onder meer met betrekking tot het grondbeleid, het onderhoudsplan kapitaalgoederen, een nieuwe havenverordening, het dividendbeleid en het normen- en beheersingskader, zijn allen niet gerealiseerd. Daarnaast constateert het Cft dat uitvoeringsrapportages niet tijdig worden opgeleverd, ondanks de ruimere termijn die hiervoor is gesteld door de minister van BZK. De rapportage over het eerste kwartaal 2015 is ook niet binnen de gestelde termijn opgeleverd.",Everyday Racism & Modern Racial Inequality,1.0,144,0.032643892176853304
rapport-en-conclusies-over-de-nationale-publieke-belangen-bij-vaccinonderzoek.pdf,20,"Voor het onafhankelijke advies heeft opdrachtgever Nico Oudendijk, directeur Pd Alt 8 begin juli 2015 opdracht verstrekt het bijgaande adviesrapport vóór september 2015 op te stellen. Opdrachtnemer Hans de Goeij, bestuursadviseur Oude Gracht Groep B.V. in den Haag, heeft vanuit zijn kennis en know how en gehoord een aantal stakeholders het adviesrapport opgesteld. De stakeholders zijn bevraagd in de periode tussen 5 juli en 18 augustus 2015, zie bijlage 1. Uitgangspunt voor het adviesrapport was het concept- beslisdocument, versie 30 april 2015 9 , zoals door de directeur PD ALt in samenwerking met de landsadvocaat is opgesteld. Daarin staan vermeld:",Everyday Racism & Modern Racial Inequality,1.0,118,0.034123328691912015
rapport-en-conclusies-over-de-nationale-publieke-belangen-bij-vaccinonderzoek.pdf,62,"II.7 Meer dan 100 jaar privaat én publiek belang De verwoesting die infectieziekten, bewust of niet bedoeld, kunnen aanrichten was voor overheden, kerken, mecenassen, maar ook groepen van verenigde particulieren, reden genoeg om zich daarmee blijvend bezig te houden en te zoeken naar effectievere bestrijdings- en preventiemethoden. Daarvoor was nodig funding, onderzoek, testen, evalueren, een beetje geluk 22 LCI richtlijn (RIVM) over Variola (Pokken), nog steeds van kracht. en toeval, naast onder andere het feitelijk implementeren en evalueren in de bevolking.",Everyday Racism & Modern Racial Inequality,1.0,96,0.04346541877862364
RR2015.pdf,79,"2014 Samengevat : De nieuwe gegevens van 2014 leiden tot een veel lagere hbo-raming en ook tot een lagere mbo-raming. Op langere termijn wordt de raming van vo ook verlaagd door een verschuiving van havo/vwo naar vmbo. De raming van wo wordt iets verhoogd, bij po ondergaat de raming weinig verandering, alleen iets meer basisonderwijs en iets minder so/vso.","Remembrance, Heritage & Education",1.0,65,0.032485578776426424
RR2015.pdf,96,"dit houdt mogelijk verband met de invoering van passend onderwijs in 2014. In het voortgezet onderwijs zijn iets meer leerlingen geteld dan vorig jaar was geraamd, Het verschil zit vooral in havo/vwo4+. Opnieuw is er een kleine verschuiving in het 3e leerjaar van havo/vwo naar vmbo. Het totale aantal mbo-deelnemers is beduidend lager dan vorig jaar was geraamd. Dit verschil zit vooral bij bbl, mogelijk als extra conjunctuur-effect.","Remembrance, Heritage & Education",1.0,75,0.05615322896927852
RR2015.pdf,106,"In het groene onderwijs wijken de getelde aantallen gediplomeerden in absolute zin slechts weinig af van de vorig jaar geraamde aantallen. Het effect van deze nieuwe telgegevens van leerlingen, gediplomeerden en leerlingenstromen is voor 2019/20 zichtbaar gemaakt in paragraaf 4.2, onder stap G. De op de vorige pagina weergegeven raming-realisatie verschillen werken vooral door in het hbo; de lagere hbo-instroom en de verschuiving binnen het 3e leerjaar van havo/vwo naar vmbo zorgen voor een lagere hbo-raming.","Remembrance, Heritage & Education",1.0,90,0.03557240336624504
RR2015.pdf,115,"Soms zijn de effecten van maatregelen en ontwikkelingen niet of nauwelijks kwantificeerbaar waardoor deze niet meegenomen zijn in de huidige raming,’ waardoor er de kans op een over- dan wel onderraming aanwezig is: - De invoering van passend onderwijs in primair en voortgezet onderwijs in 2014 gaat wellicht leiden tot verschuivingen vanuit (voortgezet) speciaal onderwijs, sbao en lwoo/pro naar basisonderwijs en regulier voortgezet onderwijs. De ALS adviseert om e.e.a. goed te monitoren en zo nodig de raming in de toekomst daarop aan te passen. - De invoering van het studievoorschot in 2015 zal wellicht effect hebben op de instroomtrends in hbo en wo. Vooral de doorstroom van mbo naar hbo zou hierdoor lager kunnen worden.",Everyday Racism & Modern Racial Inequality,1.0,133,0.03614719041493017
halfjaarlijks-overzicht-wetgeving-bes-eilanden.pdf,22,"r wordt gewerkt aan een nieuw kader voor het reguleren van de taken, de tariefstructuur, de kostendekking en de governance op het gebied van elektriciteit en drinkwater. r is ook een AmvB en een ministeriele regeling in voorbereiding. in behandeling bij Tweede Kamer (34089) Op een bij KB te bepalen tijdstip. Intrekking",Reparations & Justice,1.0,62,0.053032619407365575
halfjaarlijks-overzicht-wetgeving-bes-eilanden.pdf,31,"Dit wetsvoorstel betreft het voortgezet onderwijs en strekt tot regeling van: a) het hebben en gebruiken van een leerlingvolgsysteem, waarin de leervorderingen van leerlingen systematisch worden gevolgd met behulp van toetsen; b) een verplichte diagnostische tussentijdse toets, gebaseerd op centraal vastgestelde tussendoelen voor alle leerlingen in alle onderwijsvormen in het tweede leerjaar van het vmbo en in het derde leerjaar van het havo en vwo, en voor alle leerlingen in het voortgezet speciaal onderwijs die diplomagericht onderwijs volgen; c)","Remembrance, Heritage & Education",1.0,99,0.042522664587990915
halfjaarlijks-overzicht-wetgeving-bes-eilanden.pdf,39,"In de huidige bekostiging wordt bijvoorbeeld onderscheid gemaakt tussen een school die alleen vwo aanbiedt en een school die zowel vwo als havo aanbiedt. In de nieuwe systematiek is dit onderscheid niet meer relevant, maar wordt de bekostiging berekend als een bedrag per leerling per schoolsoort (bijvoorbeeld een leerling in het vwo, havo of praktijkonderwijs). Intern in voorbereiding 01-08-2016 Wetsvoorstel Maatregelen voor een toekomstbestendig onderwijsaanbod in het basisonderwijs (leerlingendaling)1 Van kleur verschieten en verplaatsing PO, op overeenstemming gericht overleg over gebiedsplan (verplicht in krimpregio's) Consultatie en toetsing","Remembrance, Heritage & Education",1.0,116,0.045344238547376695
halfjaarlijks-overzicht-wetgeving-bes-eilanden.pdf,43,"Op het vorige overzicht aangeduid als Wetsvoorstel leerlingendaling in het funderend onderwijs. Voorgenomen en aanhangige wetgeving Minister van Volksgezondheid, Welzijn en Sport (1 november 2015) Conceptregelgeving Achtergrond Planning ase Inwerkingtreding Voorstel van wet houdende wijziging van de Invoeringswet openbare lichamen Bonaire, Sint ustatius en Saba in verband met het wettelijke regelen van kwaliteitseisen voor de jeugdzorg op Bonaire, Sint ustatius en Saba en het toezicht en de handhaving door de Inspectie Jeugdzorg op de openbare lichamen.",Reparations & Justice,1.0,94,0.04892673962617339
betrokken-wijken.pdf,25,"Daarvoor put het rijkelijk uit gesprekken in de wijken, ingebed in literatuur. We kijken in dit onderzoek naar de naoorlogse wijken Nieuwland in Schiedam, Kruiskamp in Amers- foort en Slotervaart en de Bijlmer K-buurt in Amsterdam. Zoals voormalig minister Vogelaar, die het 40-wijkenbeleid in 2007 formuleerde al aangaf, kunnen de inspannin- gen het beste begrepen en geëvalueerd worden door zowel te tellen als te vertellen. Waar het Sociaal en Cultureel Planbureau (scp) eerder al een onderzoek naar aandachtswijken van het genre ‘tellen’ uitbracht, wordt hier de vervolgstap gezet door ervaringen van bewoners, ondernemers en professionals in de wijken centraal te stellen. Ook ervaringen in de aanloopjaren naar het 40-wijkenbeleid en recente ervaringen in de aanloop naar de decentralisaties in het sociale domein zijn opgenomen.",Everyday Racism & Modern Racial Inequality,1.0,151,0.04370400979425463
betrokken-wijken.pdf,26,"en breed spectrum van interventies komt aan bod, op het terrein van wonen, het schoon, heel en veilig houden van de wijken, de wijkeconomie, sociale stijging van bewo- ners, ontmoeten, integreren, sporten, cultuur en ondersteunen van bewoners met per- soonlijke problemen. Bijzondere aandacht is er voor de rol van bewoners in dit geheel, van ‘onbevlekte’ burger- initiatieven en bewonersbedrijven in de wijk, tot dienstbare rollen op uitnodiging van professionals. Integraliteit en de persoonlijke factor zijn ook aandachtspunten, net als de vraag hoe de vertellingen te rijmen zijn met eerder tel-onderzoek. Het scp voerde dit onderzoek uit op verzoek van het ministerie van Binnenlandse Zaken en Koninkrijksrelaties. Bij dit ministerie (directoraat-generaal Wonen en Bouwen) waren mw.","Remembrance, Heritage & Education",1.0,144,0.06614985197777482
betrokken-wijken.pdf,42,"In de gekozen wijken is eerst het professionele netwerk zo goed mogelijk in kaart gebracht. Dit netwerk bestaat uit wijkmanagers en -coördinatoren bij de gemeente en bij woningcorporaties, verantwoor- delijken voor de publieke ruimte, en professionals bij het welzijnswerk, onderwijs, werk en inkomen, vrijwilligersorganisaties, sport en spel. Via deze professionals is een aantal bewoners en ondernemers in beeld gekomen met wie gesproken is. Om ook mensen bui- ten het netwerk van professionals te spreken, zijn daarnaast ondernemers en bewoners rechtstreeks benaderd. Daarbij is gezocht naar verscheidenheid naar leeftijd, culturele achtergrond, en de mate van actieve inzet voor de wijk.",Everyday Racism & Modern Racial Inequality,1.0,120,0.03774310284654174
betrokken-wijken.pdf,64,"en tweede implicatie is dat het werk aan de wijk nooit af is. Herstructurering en straf- rechtelijk optreden hebben de wijken al voor 2007 naar een hoger plan getild, maar hier geldt: aan de top blijven is moeilijker dan de top bereiken. Niet alleen vanwege het risico op terugval, maar ook vanwege de gestegen verwachtingen is duidelijk dat een eenmalige inhaalslag niet volstaat en dat blijvend onderhoud gevraagd wordt. Het teruggeven van het kansgedreven ideaal van de buurt aan de gemeenschap zou dan ook niet gelijk moe- ten staan aan het laten varen van inspanningen.",Everyday Racism & Modern Racial Inequality,1.0,106,0.030930075667758905
bijlage-geweldgebruik-door-functionarissen-van-het-kpcn-het-rst-de-jicn-en-de-kmar-op-de-bes-eilanden.pdf,29,"Daarvoor worden ook toetsen of examens afgelegd. Ook functionarissen die niet participeren in de MBO-4 opleiding volgen deze trainingen en leggen examens of toetsen af. Door het ontbreken van een wettelijke grondslag worden geen formele consequenties aan het niet halen 8 van toetsen of examens kunnen worden verbonden, door bijvoorbeeld geweldsmiddelen in te nemen. Wel stuurt het KPCN actief op het volgen van de trainingen tijdens functionerings- en feedbackgesprekken. Melding en registratie incidenten geweldgebruik",Everyday Racism & Modern Racial Inequality,1.0,92,0.0408834287195158
bijlage-geweldgebruik-door-functionarissen-van-het-kpcn-het-rst-de-jicn-en-de-kmar-op-de-bes-eilanden.pdf,34,"chter, dit gebeurt bij hoge werkdruk of medische klachten niet. r vindt geen centrale sturing op plaats op de geoefendheid van de leden van het RST. De leden van het RST vallen onder de verantwoordelijkheid van het korps dat hen heeft gedetacheerd. De operationeel RST-coördinator is verantwoordelijk voor de sturing op deelname aan trainingen. Uit gesprekken met betrokkenen blijkt dat ten tijde van het onderzoek bij onvoldoende toets resultaten geen formele consequenties worden verbonden en dat de geoefendheid geen onderwerp van gesprek is tijdens functionerings- of feedbackgesprekken.",Everyday Racism & Modern Racial Inequality,1.0,108,0.03674301075724616
bijlage-geweldgebruik-door-functionarissen-van-het-kpcn-het-rst-de-jicn-en-de-kmar-op-de-bes-eilanden.pdf,39,"Dit dient wettelijk gezien echter elk half jaar te gebeuren. In de praktijk eist de KMar echter dat alle functionarissen de vereiste toetsen succesvol afleggen. Jaarlijks zijn er vijf IBT trainingsmomenten voor zowel de medewerkers die onder de RCN vallen als de medewerkers van de KMar zelf. Conform artikel 31 en 32 van het besluit Bavpol doen medewerkers die onder de RCN vallen jaarlijks dezelfde toetsen als andere medewerkers (namelijk de Ambtsinstructie, Schieten politieparcours en Aanhoudings- en Zelfverdedigingsvaardigheden). Uitzondering hierop is de DCP:",Everyday Racism & Modern Racial Inequality,1.0,102,0.0458565061481261
bijlage-geweldgebruik-door-functionarissen-van-het-kpcn-het-rst-de-jicn-en-de-kmar-op-de-bes-eilanden.pdf,52,- Onderzoek de mogelijkheid om formeel consequenties te verbinden aan het niet voldoen aan eisen van geoefendheid (zoals het ontnemen van een vuurwapen bij het niet voldoen aan de eisen). - Maak heldere en eenduidige afspraken over het meedragen en opslaan van vuurwapens door executieve medewerkers. Tref hiervoor passende maatregelen. Aan het RST: - Zorg voor duidelijkheid over de wettelijke grondslag ten aanzien van geweldgebruik door leden van het RST. Zie erop toe dat er centrale sturing plaatsvindt op de geoefendheid en toetsing van executieve functionarissen met een geweldsbevoegdheid.,Everyday Racism & Modern Racial Inequality,1.0,107,0.032112289920858156
tk-bijlage-financiele-evaluatie-college-voor-de-rechten-van-de-mens.pdf,48,"De centrale vraag van dit onderzoek luidde of de financiële middelen waarover het College kan beschikken, toereikend zijn om alle taken die voortvloeien uit de wet en internationale verdragen adequaat te verrichten. en definitief antwoord op deze vraag is principieel niet te geven: er is geen maatstaf beschikbaar om vast te stellen of de taken toereikend worden uitgevoerd. Het brede mandaat en de zelfstandige positie van het College brengen met zich mee dat het College zelf de uitmaakt wat een adequate uitvoering is. Het ICC (de accredite- rende instantie) is de enige autoriteit die gezaghebbend kan beoordelen of een nationale mensenrechtenorganisatie als het College voor de Rechten van de Mens functioneert in overeenkomst met de verdragsrechtelijke verplichtingen zoals die vervat zijn in de Paris Principles.",Reparations & Justice,1.0,152,0.048501677238871596
beleidsdoorlichting-natuur-en-regio.pdf,55,"Denk hierbij bijvoorbeeld met betrekking tot een concurrerende ruimtelijke economische structuur aan de inspanningen gericht op het versterken van randvoorwaarden voor topsectoren (artikel 12) of voor het natuurbeleid aan de inspanningen in het kader van de Kaderrichtlijn Water (Ministerie van Infrastructuur en Milieu) of beleid gericht op armoedebestrijding (Ministerie van Buitenlandse Zaken). De staatssecretaris wil de resultaten van de doorlichting kunnen gebruiken om te bepalen hoe het Ministerie de vele maatschappelijke voordelen van een robuuste en veelzijdige natuur nog beter kan benutten. Alhoewel alle onderdelen van het artikel een plek dienen te krijgen in de beleidsdoorlichting ligt de focus van de beleidsdoorlichting daarom op drie onderwerpen die betrekking hebben op het natuurbeleid: 1. De integratie van natuurbeleid met andere beleidsopgaven, zoals landbouw, waterveiligheid, economische bedrijvigheid en gezondheid, waarbij wordt aangesloten op de energieke samenleving (onderdeel van artikel 18.2).",Everyday Racism & Modern Racial Inequality,1.0,185,0.034882053520145444
het-lokale-referendum-in-nederland.pdf,28,"Ltd; Qvortrup, M. (d.). (2014). Referendums around the World: The Continued Growth of Direct Democracy. Houndmills: Palgrave Macmillan Ltd; Loughlin, J., Hendriks, .",Dehumanization & Scientific Racism,1.0,26,0.03261151286185889
het-lokale-referendum-in-nederland.pdf,59,"Ten vierde, het referendum was in strijd met het idee van politieke partijvorming. Ten vijfde, het referendum was volgens de staatscommissie onverenigbaar met de grondgedachte van de Nederlandse staatsinrichting.16 In het uiteindelijke wijzigingsvoorstel van de Grondwet, dat in 1921 door het kabinet werd ingediend, was enkel het verplichte referendum bij een grondwetswijziging in overweging genomen. Hoewel een aantal amendementen werd ingediend aangaande de invoering van het referendum, kreeg het voorstel voor een verplicht referendum uiteindelijk onvoldoende steun. Opvallend was dat de oorspronkelijke pleitbezorger van het referendum, de SDAP’er Troelstra, zich in deze periode tegen het referendum had gekeerd.",Reparations & Justice,1.0,128,0.05839808847984633
het-lokale-referendum-in-nederland.pdf,84,"ind maart 1971 bracht deze commissie, in de wandelgangen ook wel bekend als de commissie-Cals/Donner, haar eindrapport uit. De commissie was in meerderheid tegen de introductie van het referendum en volksinitiatief. Acht van de zeventien commissieleden waren wel voorstander van een grondwetsbepaling die het facultatief bindend referendum in de Nederlandse rechtsorde moest introduceren. Hoewel een meerderheid van de commissie zich tegen het referendum keerde, lukte het wel overeenstemming te bereiken over een grondwetsontwerp indien de regering toch zou besluiten tot invoering van het referendum.24 In de kern behelsde het voorstel van de staatscommissie het volgende. en door beide Kamers aanvaard wetsontwerp mocht niet worden bekrachtigd als bij een referendum een meerderheid van de kiezers zich tegen het wetsontwerp uitsprak.",Reparations & Justice,1.0,153,0.06431091283716535
evaluatie-plan-veiligheid-nederlandse-antillen-en-gevangeniswezen-nederlandse-antillen.pdf,30,Landelijke Politie Diensten KMar - Koninklijke Marechaussee KPB - Korps Politie,Everyday Racism & Modern Racial Inequality,1.0,14,0.04096747772360625
evaluatie-plan-veiligheid-nederlandse-antillen-en-gevangeniswezen-nederlandse-antillen.pdf,51,"Veiligheid Nederlandse Antillen en Gevangeniswezen Nederlandse Antillen met behulp van de Neder- landse financiering bij hebben gedragen aan: - een verbetering van de veiligheidssituatie op alle eilandgebieden van de Nederlandse Antillen, - de optimalisering van het vreemdelingenproces, - een duurzame verbetering en versterking van de bedrijfsvoering van bedoelde institu- ten, en 8 - het structureel veilig maken voor personeel en gedetineerden van het gevangeniswe- zen op de Nederlandse Antillen waarbij de inrichtingen structureel voldoen aan de in- ternationale regelgeving (CPT-normen). Daarnaast is de evaluatie bedoeld voor het Ministerie van Binnenlandse Zaken en Koninkrijks- relaties en de Ministeries van Justitie van Curaçao en van Sint Maarten om een beeld te kunnen vormen van, en lessen te kunnen trekken uit, de werkwijze van de programma’s PVNA en GWNA (zowel op effectiviteit als op efficiëntie) wat betreft: - het projectbureau en een uitvoeringsorganisatie en - de lange doorlooptijd bestaande uit drie fases. C. PVNA-GWNA",Everyday Racism & Modern Racial Inequality,1.0,191,0.04118379139264097
evaluatie-plan-veiligheid-nederlandse-antillen-en-gevangeniswezen-nederlandse-antillen.pdf,72,"De behaalde resultaten lijken duurzaam maar worden wel bedreigd door niet steeds tijdige betaling van de noodzakelijke bijdragen door de Landen. Het is aannemelijk dat het bedrijfsmatig goed functioneren van het Hof een belangrijke impact heeft op het functioneren van de rechtspraak in de aangesloten Landen. 11 Conclusie De succesvolle uitvoering van projecten gericht op de verbetering en versterking van personele samenstelling, personeelsbeleid, ICT, financieel beheer, management en huisvesting hebben geresulteerd in een duurzame verbetering en versterking van de bedrijfsvoering van het Ge- meenschappelijk",Everyday Racism & Modern Racial Inequality,1.0,110,0.04011277085925176
evaluatie-samenwerkingsprogramma-s-sona-sint-maarten.pdf,16,"Belangrijke randvoorwaarden voor het verbeteren van het onderwijs zijn gerealiseerd, zoals curriculumontwikkeling, verbeterde huisvesting, de opbouw van de zorgstructuur, digitale leerlingvolgsystemen, competentieontwikkeling van docenten en schoolleiders en de aanschaf van leermiddelen. c. Binnen het SI hebben de infrastructurele projecten geleid tot een betere verkeersdoorstroming en tot een verbetering van hemelwater- en afvalwaterafvoer. Diverse maatregelen hebben gezorgd voor het realiseren van randvoorwaarden voor economische diversificatie, zoals het ontwikkelde economisch model, het mededingingsbeleid, beleid ten aanzien van een hub voor financiële dienstverlening en training en coaching van bedrijven in de MKB-sector. Wij merken op dat op basis van het realisatiepercentage van projectactiviteiten geen uitspraken gedaan kunnen worden over de mate waarin programmadoelstellingen zijn gerealiseerd.",Everyday Racism & Modern Racial Inequality,1.0,165,0.041331094547303805
evaluatie-samenwerkingsprogramma-s-sona-sint-maarten.pdf,28,De financiële duurzaamheid van de infrastructurele werken uit het SI lijkt in redelijke mate geborgd te zijn vanuit het wegenbeheerplan en de jaarlijkse begroting voor onderhoud. Vanuit de overheid is er een substantiële bijdrage geleverd aan het SI voor het merendeel van de beleidsvelden. Uit het verdiepende onderzoek kwam naar voren dat de financieringsbehoefte van het toeristenbureau twee keer hoger ligt dan de jaarlijks toegekende subsidie. - PwC Pagina 6 van 98 3. De institutionele en beleidsmatige inbedding van kennis en ervaring laat een wisselend beeld zien:,Everyday Racism & Modern Racial Inequality,1.0,106,0.03984578277999845
evaluatie-samenwerkingsprogramma-s-sona-sint-maarten.pdf,30,"De institutionele en beleidsmatige duurzaamheid is voor het OJSP grotendeels geborgd door de wettelijke verankering van het beleid met betrekking tot het O, VSBO en SBO. Verschillende beleidsterreinen, zoals het taalbeleid en leerlingzorg zijn wettelijk bij de schoolbesturen neergelegd en voor zover wij hebben kunnen zien zijn deze daar beleidsmatig ingebed. Voor het programma OJSP adviseert de Monitor van het programma OJSP om een actieplan op te stellen in relatie tot het bereiken van de doelstellingen met inzet van de speerpunten. en dusdanig actieplan draagt bij aan de duurzaamheid van het OJSP.",Everyday Racism & Modern Racial Inequality,1.0,110,0.03304761306524263
evaluatie-samenwerkingsprogramma-s-sona-sint-maarten.pdf,31,"en dergelijk actieplan is nog niet opgesteld door de overheid van Sint Maarten. c. Beleidsmatige inbedding van (de resultaten van) de projecten in het beleid van de overheid bleek door de regelmatige politieke wisselingen op Sint Maarten een uitdaging. Zo heeft het SI-project ‘Zoning Sint Maarten’ last van de politieke wisselingen/ onduidelijkheid. Op ambtelijk niveau is dit project goed geborgd in de organisatie (VROMI), maar het beleidsmatig uitvoeren/implementeren van dit plan blijft liggen omdat de plannen nog in de vaststellingsprocedure zitten. Daar waar projecten directe, tastbare resultaten lieten zien bleek het beleid of de institutie goed in stand te houden zijn dan wel verder uit te bouwen.",Everyday Racism & Modern Racial Inequality,1.0,126,0.035990716707728077
evaluatie-samenwerkingsprogramma-s-sona-sint-maarten.pdf,33,"Dit is een belangrijk neveneffect van de samenwerkingsprogramma’s geweest en heeft bijgedragen aan de institutionele duurzaamheid. Daar waar gewerkt is met mensen met een tijdelijk dienstverband of externe inhuur, is dit beduidend minder het geval. In de helft van de acht projecten uit ons verdiepend onderzoek zijn wij niet overtuigd van de borging van de institutionele en beleidsmatige duurzaamheid. Op basis van het verdiepende onderzoek van acht geselecteerde projecten concluderen wij over de efficiëntie van de samenwerkingsprogramma’s: 1.",Everyday Racism & Modern Racial Inequality,1.0,99,0.034460532785822895
evaluatie-samenwerkingsprogramma-s-sona-sint-maarten.pdf,49,"programmes for Curaçao and the public entities of Bonaire, Sint ustatius and Saba. This evaluation was commissioned by the Ministry of the Interior and Kingdom Relations (hereinafter: BZK).",Dehumanization & Scientific Racism,1.0,32,0.050312187784757254
evaluatie-samenwerkingsprogramma-s-sona-sint-maarten.pdf,51,performed during these projects had a positive impact on the development of Sint Maarten. SONA funding gave the government of Sint Maarten the opportunity to work on the construction of its country. The objectives set for the three cooperation programmes in 2008 proved to be ambitious.,Dehumanization & Scientific Racism,1.0,54,0.050131781326673786
evaluatie-samenwerkingsprogramma-s-sona-sint-maarten.pdf,52,"During the same period, Sint Maarten had to deal with the transition to an autonomous country within the Kingdom of the Netherlands; a transition which took much time and effort. The cooperation programmes created a better framework for further developing Sint Maarten and helped Sint Maarten to maintain its current course. It is up to the government of Sint Maarten and all its inhabitants to maintain this course in the future. Background of SONA",Dehumanization & Scientific Racism,1.0,84,0.06434921790684375
evaluatie-samenwerkingsprogramma-s-sona-sint-maarten.pdf,53,"By establishing SONA in 2004, the Netherlands and the former Netherlands Antilles (later the countries of Curaçao and Sint Maarten and the public entities Saba, Sint ustatius and Bonaire) distanced the management of cooperation funds, and the selection and monitoring of projects, from their",Dehumanization & Scientific Racism,1.0,50,0.04225056316956097
evaluatie-samenwerkingsprogramma-s-sona-sint-maarten.pdf,54,"own governments. By doing so, they complied with the main recommendations of the Werkgroep-Wijers in 2002: this distance could further improve the effectiveness of cooperation, and bureaucracy and direct political interference could be minimised. The Netherlands funded the cooperation programmes based on a management agreement with SONA, whereby the former Netherlands Antilles (later the countries Curaçao and Sint Maarten and the public",Dehumanization & Scientific Racism,1.0,77,0.06840455509253285
evaluatie-samenwerkingsprogramma-s-sona-sint-maarten.pdf,56,"by the xecutive organisation SONA (hereinafter: USONA). The Netherlands made the last payment to SONA at the end of 2012 In total, the Netherlands paid ANG 101.8 million (approximately €51 million)",Dehumanization & Scientific Racism,1.0,36,0.03860238321224793
evaluatie-samenwerkingsprogramma-s-sona-sint-maarten.pdf,59,and Social conomic Initiative (hereinafter: SI). The main objectives of these programmes were (in short): Programme Main objectives IVB ocus on the political transition from Sint Maarten to a country within,Dehumanization & Scientific Racism,1.0,37,0.03903564029971664
evaluatie-samenwerkingsprogramma-s-sona-sint-maarten.pdf,60,"the Kingdom and ensure sustainable and sound public administration. OJSP 1. qual development opportunities for all children over three years, regardless of their background. 2.",Dehumanization & Scientific Racism,1.0,32,0.05695960252646297
evaluatie-samenwerkingsprogramma-s-sona-sint-maarten.pdf,62,Minimum level of knowledge and skills so all children can transfer opportunities for,Dehumanization & Scientific Racism,1.0,14,0.032036600429286
evaluatie-samenwerkingsprogramma-s-sona-sint-maarten.pdf,64,SI adopts a structural approach to the current socio-economic problems and is ultimately aimed at sustainably improving the socio-economic prospects of the population. 2.,Dehumanization & Scientific Racism,1.0,30,0.07630531770254731
evaluatie-samenwerkingsprogramma-s-sona-sint-maarten.pdf,65,"urthermore, SI is aimed at healthy public finances, reformation of economic structures, availability of investment incentives and creation of a social safety net. This evaluation has two objectives:  irstly, it aims to offer the Dutch parliament a global overview about",Dehumanization & Scientific Racism,1.0,50,0.06748525541256738
evaluatie-samenwerkingsprogramma-s-sona-sint-maarten.pdf,68,"how improvements initiated by the cooperation programmes should be preserved and sustained. Results The research questions in this evaluation involve four themes: effectiveness, sustainability, efficiency and impact of the three cooperation programmes.",Dehumanization & Scientific Racism,1.0,43,0.03709516849232704
evaluatie-samenwerkingsprogramma-s-sona-sint-maarten.pdf,71,"each research question. Conclusions Based on activities carried out in all 66 projects, an in-depth examination of eight",Dehumanization & Scientific Racism,1.0,21,0.034744258139891175
evaluatie-samenwerkingsprogramma-s-sona-sint-maarten.pdf,72,"projects and the available interim and final reports for each programme, we can conclude the following concerning the effectiveness of the cooperation programmes: 1.",Dehumanization & Scientific Racism,1.0,29,0.05654584815291323
evaluatie-samenwerkingsprogramma-s-sona-curacao.pdf,25,"De institutionele en beleidsmatige duurzaamheid is voor het OJSP grotendeels geborgd door de wettelijke verankering van het beleid met betrekking tot het O, VSBO, SBO en SVP. Verschillende beleidsterreinen, zoals het taalbeleid en leerlingenzorg zijn wettelijk bij de schoolbesturen neergelegd en daar beleidsmatig ingebed. Voor het SI geldt dat de overheid op tal van terreinen vervolg heeft gegeven aan de onder het SI tot uitvoering gebrachte projecten, met name op het beleidsterrein herstructurering van de economie en op het gebied van de gezondheidszorg. Twee van de vier SI-projecten uit het verdiepende onderzoek illustreren dit beeld. Het project Rumbo pa Trabou, dat gericht was op toeleiding naar de arbeidsmarkt van langdurig werklozen, vindt echter op een veel geringere schaal opvolging.",Everyday Racism & Modern Racial Inequality,1.0,148,0.03260668963828655
evaluatie-samenwerkingsprogramma-s-sona-curacao.pdf,26,"Bij het project Scharloo Abou geldt dat het projectidee wel op andere plaatsen navolging lijkt te vinden, maar de institutionele borging van het project zelf is onvoldoende. In vijf van de tien projecten in ons verdiepend onderzoek stellen wij vast dat de institutionele en beleidsmatige duurzaamheid voldoende zijn geborgd, in de andere vijf is dat niet het geval. b. De institutionele inbedding van kennis en ervaring laat een wisselend beeld zien.",Everyday Racism & Modern Racial Inequality,1.0,79,0.044980719117010584
evaluatie-samenwerkingsprogramma-s-sona-curacao.pdf,27,"Daar waar gewerkt is met mensen van de overheid zelf, heeft een ‘leercurve’ op gebied van projectmanagement opgetreden. Dit is een belangrijk neveneffect van de samenwerkingsprogramma’s geweest en heeft de institutionele duurzaamheid vergroot. Daar waar gewerkt is met mensen met een tijdelijk dienstverband of externe inhuur, is dit beduidend minder het geval. c. Samenwerking tussen overheidsorganisaties onderling (IVB), tussen overheid en onderwijsveld (OJSP) en tussen overheid/onderwijs en bedrijfsleven (OJSP-beroepsonderwijs en SI- arbeidsmarkt) is in bijna alle projecten in het verdiepende onderzoek een kritische succesfactor gebleken voor het bereiken van duurzame resultaten. Waar deze samenwerking niet geborgd is, ontstaan risico’s voor de houdbaarheid van de programmaresultaten op lange termijn.",Everyday Racism & Modern Racial Inequality,1.0,139,0.03542988395121616
evaluatie-samenwerkingsprogramma-s-sona-curacao.pdf,46,"This evaluation was commissioned by the Ministry of the Interior and Kingdom Relations (hereinafter: BZK). Main message Within the period 2008 – 2014, Curaçao used SONA funds to implement 168 projects.",Dehumanization & Scientific Racism,1.0,34,0.04156850656961866
evaluatie-samenwerkingsprogramma-s-sona-curacao.pdf,48,"The objectives set for the three cooperation programmes in 2008, proved to be ambitious. During the same period, Curaçao had to deal with the transition towards becoming an autonomous country within the Kingdom of the Netherlands; a transition which took much time and effort. The cooperation programmes created an appropriate framework for further developing Curaçao and helped Curaçao to maintain its current course.",Dehumanization & Scientific Racism,1.0,75,0.0632562850488848
evaluatie-samenwerkingsprogramma-s-sona-curacao.pdf,50,"Netherlands Antilles (later the countries of Curaçao and Sint Maarten and the public entities Saba, Sint ustatius and Bonaire) distanced the management of cooperation funds, and selection and monitoring of projects, from their own governments. By doing so, they complied with the main recommendations of the Werkgroep-Wijers in 2002: this distance could further improve the effectiveness of cooperation, and bureaucracy and direct political interference could be minimised. The Netherlands funded the cooperation programmes based on a management agreement with SONA, whereby the former",Dehumanization & Scientific Racism,1.0,101,0.05932673585449315
evaluatie-samenwerkingsprogramma-s-sona-curacao.pdf,52,which would be assessed and awarded (or not) by the xecutive organisation SONA (hereinafter: USONA). The Netherlands made the last payment to SONA at the end of 2012.,Dehumanization & Scientific Racism,1.0,31,0.05453553817681151
evaluatie-samenwerkingsprogramma-s-sona-curacao.pdf,56,"Programme Main objectives IVB To realise an appropriate government structure for Curaçao , which is embedded in the organisation of Pais Kòrsou and visible and measurable in society. OJSP The general education of people in Curaçao ’s society, the Caribbean region and the world.",Dehumanization & Scientific Racism,1.0,49,0.06861791579674066
evaluatie-samenwerkingsprogramma-s-sona-curacao.pdf,58,"This evaluation has two objectives:  irstly, it aims to offer the Dutch parliament a global overview about how funding via SONA has contributed to pre-defined",Dehumanization & Scientific Racism,1.0,31,0.07973315397934778
evaluatie-samenwerkingsprogramma-s-sona-curacao.pdf,59,"programme objectives for the cooperation programmes.  Secondly, the evaluation aims to make recommendations to Curaçao about",Dehumanization & Scientific Racism,1.0,23,0.030364807958406688
evaluatie-samenwerkingsprogramma-s-sona-curacao.pdf,60,"how improvements initiated by the cooperation programmes should be preserved and sustained. - PwC Pagina 9 van 112 Results The research questions in this evaluation involve four themes: effectiveness, sustainability, efficiency and impact of the three cooperation programmes.",Dehumanization & Scientific Racism,1.0,49,0.03620056282759858
evaluatie-samenwerkingsprogramma-s-sona-curacao.pdf,63,"each research question. Conclusions Based on activities carried out in all 168 projects, an in-depth examination of the ten projects",Dehumanization & Scientific Racism,1.0,23,0.03659848332174119
evaluatie-samenwerkingsprogramma-s-sona-curacao.pdf,66,"which was described in ambitious and abstract terms. or example, the aim of IVB was to “establish an appropriate government structure for Curaçao”. Together with the lack of a baseline measurement, this made it difficult to measure the effect of the cooperation programmes.",Dehumanization & Scientific Racism,1.0,49,0.03916536541004824
evaluatie-samenwerkingsprogramma-s-sona-curacao.pdf,67,"Given the position of Curaçao, the available programme budget and the initially expected duration of four years, the goals were too ambitious. An example of this is the SI programme’s sub-objective “ Restructuring the economy: stimulating economic growth to 4% per year, and reducing unemployment by",Dehumanization & Scientific Racism,1.0,52,0.07370733888069744
evaluatie-samenwerkingsprogramma-s-sona-curacao.pdf,71,within a cooperation programme would lead to programme objectives being realised.,Dehumanization & Scientific Racism,1.0,13,0.035739667089461316
evaluatie-samenwerkingsprogramma-s-sona-curacao.pdf,74,"performed within the project were further specified. The intervention logic was confirmed in financing agreements between SONA and the government of Curaçao. This helped to increase the project’s potential impact on society, while also focusing attention on realising",Dehumanization & Scientific Racism,1.0,42,0.041724080981908156
evaluatie-samenwerkingsprogramma-s-sona-curacao.pdf,76,"In this sense, the projects also made a positive contribution to the programme objectives. The t",Dehumanization & Scientific Racism,1.0,18,0.06348066042719026
evaluatie-samenwerkingsprogramma-s-sona-openbare-lichamen-bonaire-sint-eustatius-en-saba.pdf,16,"Op basis van de gerealiseerde activiteiten in 94 projecten, de tien projecten die verdiepende onderzocht zijn en beschikbare eindrapportages per programma, geven wij de volgende conclusies ten aanzien van de effectiviteit: 1. De programmadoelstellingen zijn gericht op het bereiken van een maatschappelijk effect, dat breed en veel omvattend is geformuleerd. De programmadoelstellingen zijn in ambitieuze en abstracte termen beschreven. Gezien de richting die Bonaire, Sint ustatius en Saba vanaf 10 oktober 2010 hebben gekozen, namelijk als openbaar lichaam binnen het land Nederland, zijn de doelstellingen realistisch te noemen en zichtbaar afgestemd op de voorgenomen transitie. Daarbij is rekening gehouden met de rol van en relatie met de Nederlandse overheid: de openbare lichamen konden op het bestuurlijke vlak, op gebied van onderwijs en op sociaaleconomisch terrein uitgaan van een duidelijke rol van Nederland.",Everyday Racism & Modern Racial Inequality,1.0,165,0.03339586052693745
evaluatie-samenwerkingsprogramma-s-sona-openbare-lichamen-bonaire-sint-eustatius-en-saba.pdf,56,and Sint Maarten. This evaluation was commissioned by the Ministry of the Interior and Kingdom Relations (hereinafter: BZK). Main message During the period,Dehumanization & Scientific Racism,1.0,26,0.03581379437395305
evaluatie-samenwerkingsprogramma-s-sona-openbare-lichamen-bonaire-sint-eustatius-en-saba.pdf,59,"This can partly be attributed to becoming part of the Netherlands, which took time and effort for executive councils on the islands. Nevertheless, the SONA cooperation",Dehumanization & Scientific Racism,1.0,30,0.05610801446020598
evaluatie-samenwerkingsprogramma-s-sona-openbare-lichamen-bonaire-sint-eustatius-en-saba.pdf,61,"It is up to the Netherlands, the executive councils on these islands and all their citizens to continue following this course in the future. Background of SONA By establishing",Dehumanization & Scientific Racism,1.0,32,0.06031953160088793
evaluatie-samenwerkingsprogramma-s-sona-openbare-lichamen-bonaire-sint-eustatius-en-saba.pdf,63,"By doing so, they complied with the main recommendations of the Werkgroep Wijers in 2002: this distance could further improve the effectiveness of cooperation, and bureaucracy and direct political interference could be minimised. The Netherlands funded the cooperation programmes based on a management agreement with SONA, whereby the former Netherlands Antilles (later the countries Curaçao and Sint Maarten and the public bodies",Dehumanization & Scientific Racism,1.0,74,0.05966864126036225
evaluatie-samenwerkingsprogramma-s-sona-openbare-lichamen-bonaire-sint-eustatius-en-saba.pdf,65,"SONA (hereinafter: USONA). The Netherlands made the last payment to SONA at the end of 2012. In total, the Netherlands paid ANG 60.3 million (approximately €30.1 million) to SONA, which",Dehumanization & Scientific Racism,1.0,34,0.03718335312637509
evaluatie-samenwerkingsprogramma-s-sona-openbare-lichamen-bonaire-sint-eustatius-en-saba.pdf,66,"benefited public entities in Bonaire, Sint ustatius and Saba. The cooperation programmes were brought to an end in 2014. Three cooperation programmes The cooperation funds are divided into",Dehumanization & Scientific Racism,1.0,33,0.03971176635702834
evaluatie-samenwerkingsprogramma-s-sona-openbare-lichamen-bonaire-sint-eustatius-en-saba.pdf,69,"to maintain with the Netherlands has implications for the roles and responsibilities of the xecutive Council, and for management and good governance. The policy is consistent with development policy because it focuses on backlogs",Dehumanization & Scientific Racism,1.0,42,0.034595572275186906
evaluatie-samenwerkingsprogramma-s-sona-openbare-lichamen-bonaire-sint-eustatius-en-saba.pdf,72,Labour market and training; 6. Tourism. Sint ustatius The goal of the IVB is to strengthen the island’s government organisations and to prepare for their new tasks as a public body. To better equip the youth of Sint ustatius,Dehumanization & Scientific Racism,1.0,42,0.06165143795704356
evaluatie-samenwerkingsprogramma-s-sona-openbare-lichamen-bonaire-sint-eustatius-en-saba.pdf,73,"so that, after completing their studies, they will be able to participate in the labour market and fully contribute to a constantly changing society, at the local level, as well as regional and global level. A development goal in six policy areas: 1.",Dehumanization & Scientific Racism,1.0,48,0.035178794710254924
evaluatie-samenwerkingsprogramma-s-sona-openbare-lichamen-bonaire-sint-eustatius-en-saba.pdf,77,"in a strong government entity on Saba. To better equip the youth of Saba so that, after completing their studies, they will be able to participate in the labour market and fully contribute to a constantly changing society, at the local level, as well as regional and global level.",Dehumanization & Scientific Racism,1.0,54,0.0572499400302619
vierde-voortgangsrapportge-2014-bonaire-sint-eustatius-en-saba.pdf,17,Independent Country Optie 3 : I am in favor of Sint ustatius becoming an Autonomous Territory within the Dutch,Dehumanization & Scientific Racism,1.0,21,0.04729092529440595
vierde-voortgangsrapportge-2014-bonaire-sint-eustatius-en-saba.pdf,30,De implementatie van de CAO is gefaseerd uitgevoerd. Integriteit RCN heeft de afgelopen twee jaar hard gewerkt aan de implementatie van het Rijksbrede integriteitsbeleid in de lokale context van Caribisch Nederland. en belangrijk onderdeel daarvan is de in december 2014 vastgestelde gedragscode Goed Werk! waarin is opgenomen wat er op het gebied van integriteit van medewerkers en in het bijzonder van leidinggevenden wordt verwacht. Ondersteunend daaraan zijn diverse trainingen voor medewerkers en leidinggevenden gehouden.,Everyday Racism & Modern Racial Inequality,1.0,94,0.03221168296744581
vierde-voortgangsrapportge-2014-bonaire-sint-eustatius-en-saba.pdf,31,"Met ingang van 1 januari 2014 is de Regeling Vertrouwenspersonen integriteit en Klachtencommissie ongewenste omgangsvormen Rijksambtenaren BS in werking getreden. Op basis van deze regeling zijn met ingang van 1 januari 2014 zes vertrouwenspersonen benoemd, is een meldprocedure voor (vermoedens van) integriteitschendingen vastgesteld en is er een meldpunt integriteit opgericht. Het meldpunt bewaakt de zorgvuldige afhandeling van mogelijke integriteitschendingen en houdt een centrale registratie bij. Hiermee is een basis gelegd voor het duurzaam verankeren van integer gedrag en gewenste omgangsvormen in de organisatie. Medezeggenschap Bij RCN is bij verschillende diensten/units gestart met een pilot van participatieraden op basis van de conceptregeling “Participatieraden",Everyday Racism & Modern Racial Inequality,1.0,140,0.03537187401301388
vierde-voortgangsrapportge-2014-bonaire-sint-eustatius-en-saba.pdf,34,"Het bureau Ideeversa heeft daartoe een opdracht verstrekt gekregen. Tijdens de CN-week zijn tussen het Ministerie van BZK, namens het kabinet, en de drie openbaar lichamen ook afspraken gemaakt over de evaluatie van de uitwerking van de nieuwe staatkundige structuur van Bonaire, Sint ustatius en Saba. en onafhankelijke evaluatiecommissie, onder voorzitterschap van mevrouw Spies, is ingesteld en heeft in november een eerste bezoek gebracht aan de drie eilanden. De evaluatie zal betrekking hebben op de wijze waarop invulling is gegeven aan de afspraken die ter voorbereiding van 10-10-10 zijn gemaakt. en debat over een eventuele wijziging van de staatkundige verhoudingen is geen onderdeel van de evaluatie zelf.",Everyday Racism & Modern Racial Inequality,1.0,119,0.03242571734477669
vierde-voortgangsrapportge-2014-bonaire-sint-eustatius-en-saba.pdf,36,"Het Ministerie van BZK heeft tijdens de CN-week voor economische ontwikkeling totaal 1,4 mln euro (cumulatief voor 2015 en 2016) ter beschikking gesteld voor de drie openbare lichamen. Ook neemt BZK de overheadkosten van de PUM Netherlands senior experts (Programma Uitzending Managers) voor haar rekening, zodat zij kunnen worden ingezet voor ondernemers en overheden op Bonaire, Sint ustatius en Saba. Verder is er in de CN-week een verkennende bespreking geweest over de versterking van de ambtelijke organisatie ten dienste van het bestuur van de eilanden. Het Rijk en de openbare lichamen hebben oplossingsrichtingen besproken die de bestuurskracht van de eilanden kunnen vergroten. Daarnaast heeft DG Wonen en Rijksdienst op verzoek van Bonaire een traject ingezet om de geldende regelgeving op het terrein van de woningmarkt te moderniseren.",Everyday Racism & Modern Racial Inequality,1.0,151,0.04162988168772332
vierde-voortgangsrapportge-2014-bonaire-sint-eustatius-en-saba.pdf,39,"De samenwerking tussen de Own Your Own Home oundation op Saba en ‘Woonlinie’ verloopt uitstekend, net als de samenwerking tussen undashon Kas Bonairiano op Bonaire en ‘Thuis’. De Minister voor Wonen en Rijksdienst heeft wederom voor zowel 2014 als 2015 twee honderdduizend euro beschikbaar gesteld voor sociaal economische ontwikkeling van de drie eilanden. Deze middelen zijn toegevoegd aan het budget integrale middelen om zo een bijdrage te leveren aan een integrale aanpak ter verbetering van de werking van de arbeidsmarkt, het vergroten van de werkgelegenheid, kinderopvang, het tegengaan van armoede en schulden, onderwijs, integrale wijkaanpak, zorg, sport en jeugdbeleid. Het Rijksvastgoedbedrijf is medio 2014 ontstaan uit de fusie tussen de Rijksgebouwendienst (Rgd), de Dienst Vastgoed Defensie (DVD), het Rijksvastgoedontwikkelingsbedrijf (RVOB) en de directie Bouw van het Ministerie van BZK. Voor Caribisch Nederland betekent dit dat de aansturing van het team dat zich bezig houdt met de ontwikkeling en realisatie van bouwprojecten geschiedt onder verantwoordelijkheid van de directeur Vastgoedbeheer (VB) met een Hoofd Cluster Carib die gevestigd is op Curaçao.",Everyday Racism & Modern Racial Inequality,1.0,207,0.04489601397021432
eindrapport-interdepartementale-evaluatie-convenant-financiering-nationale-inzet-krijgsmacht.pdf,11,"Hiertoe worden dagelijks tal van activiteiten uitgevoerd, waaronder incidentele militaire bijstand en steunverlening. Op 1 januari 2010 is het convenant inanciering Nationale Inzet Krijgsmacht (NIK) in werking getreden. In het convenant staan afspraken tussen het Ministerie van Defensie (Defensie), het Ministerie van Veiligheid en Justitie (VenJ) en het Ministerie van Binnenlandse Zaken en Koninkrijksrelaties (BZK) over de financiering van additionele uitgaven voor deze incidentele militaire bijstand en steunverlening. Van het oorspronkelijke NIK-budget (€ 2.250.000) was 78% afkomstig uit het Gemeentefonds, 11% van de begroting van Binnenlandse Zaken en Koninkrijksrelaties1 en 11% van de begroting van het Ministerie van Veiligheid en Justitie. Deze bedragen zijn structureel overgeheveld naar de Defensiebegroting.",Reparations & Justice,1.0,144,0.030378100164120417
eindrapport-interdepartementale-evaluatie-convenant-financiering-nationale-inzet-krijgsmacht.pdf,53,3.3 Realisatie NIK In deze paragraaf worden de resultaten getoond van het desk research (kwantitatief) en bevindingen afkomstig van de interviews (kwalitatief) over de realisatie van NIK. 3.3.1 Kwantitatieve resultaten Tabellen en indeling,Everyday Racism & Modern Racial Inequality,1.0,42,0.04061259701564546
scorekaart-inter-american-development-bank.pdf,12,"De centrale doelstellingen van de bank zijn vermindering van armoede en ongelijkheid op basis van duurzame economische groei en ontwikkeling van de private sector, gekoppeld aan bijzondere aandacht voor kleine en kwetsbare landen. De afgelopen 10-15 jaar is veel bereikt in armoedebestrijding en het vergroten van toegang van de regio tot wereldwijde kapitaalmarkten. Belangrijke uitdagingen voor de regio blijven niettemin sociale uitsluiting en ongelijkheid, tekortschietende productiviteit en innovatie en een traag tempo van economische integratie. De IDB is in dit verband enerzijds een belangrijke partner voor de regio voor financiering van ontwikkeling op gunstige voorwaarden, en opereert anderzijds meer en meer ook als “kennisbank” en in een beleidsadviserende rol. De meerwaarde van de IDB is een hoge mate van eigenaarschap: de landen van de LAC regio beschikken over meer dan 50% van de zeggenschap in de bank.",Everyday Racism & Modern Racial Inequality,1.0,169,0.055372953091617924
scorekaart-inter-american-development-bank.pdf,28,"Tevens zijn twee strategische doelstellingen geformuleerd: (i) ontwikkeling via de private sector en (ii) bijzondere aandacht voor kleine en kwetsbare landen in de regio. Begin 2015 werd na een breed consultatieproces besloten deze strategische focus verder aan te scherpen en te richten op de volgende drie ontwikkelingsuitdagingen: sociale uitsluiting en ongelijkheid, lage productiviteit en innovatie, en beperkte economische integratie. Bij de uitvoering zal rekening worden gehouden met de volgende dwarsdoorsnijdende thema’s: versterking van instituties en rechtszekerheid, aanpak van klimaatverandering en duurzaamheidsaspecten en het bevorderen van gendergelijkheid en participatie van minderheidsgroepen.",Everyday Racism & Modern Racial Inequality,1.0,126,0.04698539988966534
scorekaart-inter-american-development-bank.pdf,30,"Onderdeel van het Corporate Results ramework is onder meer een vastgestelde systematiek voor allocatie van leningen, gericht op te realiseren percentages voor de volgende beleidsprioriteiten: armoedebestrijding en bevordering gelijkheid (50%); kleine en kwetsbare landen (35%); klimaatverandering, duurzame energie en milieu (25%) en regionale samenwerking en integratie (15%). De percentages tellen niet op tot 100, want projecten kunnen voor meer dan een leningencategorie kwalificeren. Volgens de MOPAN beoordeling van IDB van 2011 was de DO een significante verbetering vergeleken met eerdere rapportagesystemen, met een focus op de resultaten zelf en niet langer op een ingeschatte realisatie van doelstellingen. en tekortkoming is wel dat de DO alleen op de IDB betrekking heeft en niet op de IIC en MI. Het besluit in maart 2015 om de vier private sector operations loketten van de IDB groep samen te voegen is in dit verband positief te waarderen.",Everyday Racism & Modern Racial Inequality,1.0,177,0.03828737123666854
scorekaart-inter-american-development-bank.pdf,68,"7. Private Sector Development Relevant. Bij de negende kapitaalverhoging is afgesproken een extra impuls te geven aan private sector ontwikkeling, zowel via leningen en assistentie aan de publieke sector als de private sector. De limiet voor private sector operations in de uitstaande leningenbalans van de IDB werd daartoe verhoogd van 10 tot 20%. Sinds de jaarvergadering van 2013 in Panama wordt gewerkt aan de consolidatie van de vier bestaande private sector operations loketten4 van de IDB groep in een 4",Colonial Exploitation & Economic Inequality,1.0,93,0.04278218291209834
scorekaart-united-nations-children-s-fund.pdf,8,"In de humanitaire hulpverlening is UNIC mondiaal coördinator van het cluster water- en sanitaire voorzieningen. 3. Veiligheid en rechtsorde Relevant. Door zijn wereldwijde aanwezigheid is UNIC actief in post- conflict situaties, transitie en wederopbouw. UNIC bepleit de integratie van de rechten van kinderen bij humanitaire hulp en vredesoperaties en geeft gerichte aandacht aan de bescherming van kinderen in deze moeilijke omstandigheden.",Everyday Racism & Modern Racial Inequality,1.0,78,0.05143088484894076
scorekaart-united-nations-children-s-fund.pdf,14,"UNIC heeft dit in het hernieuwde beleid opgenomen. Ook is een gender marker opgenomen, zodat programma activiteiten en middelen op hoofdkantoor- en landenniveau op genderdoelstellingen gemonitord kunnen worden. Naast het eigen beleid heeft UNIC het thema gender ook in de samenwerking met andere multilaterale organisaties versterkt, ook in humanitaire situaties. Binnen het cluster systeem in humanitaire situaties coördineert UNIC samen met UNPA de werkgroep Gender Based Violence als onderdeel van het Protection cluster. 6.",Everyday Racism & Modern Racial Inequality,1.0,93,0.033326057188388006
scorekaart-united-nations-children-s-fund.pdf,54,"Daarnaast heeft het een ield Results Group opgericht onder leiding van de plaatsvervangend Uitvoerend Directeur met als doel result based management te versterken, voornamelijk in het veld. UNIC rapporteert zijn resultaten via verschillende kanalen. Los van het jaarlijkse rapport van de Uitvoerende Directeur zijn er jaarlijkse landenrapportages alsmede jaarlijkse rapportages per thema (onderwijs, kinderbescherming, voeding, gezondheid, water, sanitatie en hygiëne, HIV/aids, gender gelijkheid, sociale inclusiviteit en humanitaire hulp). Alle jaarlijkse rapportages hebben een duidelijke link naar het Strategische Plan. Sinds de goedkeuring van het resultatenraamwerk in 2014 reageert UNIC actief op feedback van de landenkantoren om de kwaliteit van het rapporteren te verbeteren.2 Landenkantoren hebben in januari-februari 2015 beter gerapporteerd 2 Paragraaf 4, Board decision 2014,8 on the Results ramework:",Everyday Racism & Modern Racial Inequality,1.0,157,0.03135482726469359
scorekaart-united-nations-children-s-fund.pdf,55,"“Notes that the exact formulation of the indicators, milestones and targets of the final results framework will continue to evolve and should, where appropriate, be further refined in consultation with Member States, and request an update to the xecutive",Dehumanization & Scientific Racism,1.0,44,0.03943780693560936
scorekaart-united-nations-children-s-fund.pdf,64,"Group on emale Genital Mutilation/Cutting, Inter- Agency Working Group on Violence against Children, Sanitation and Water for All, United Nations",Dehumanization & Scientific Racism,1.0,23,0.04189311912539894
scorekaart-united-nations-children-s-fund.pdf,65,"Girls’ ducation Initiative (UNGI), and the Reproductive, Maternal, Newborn and Child Health Trust und/United Nations Commission on",Dehumanization & Scientific Racism,1.0,21,0.036821132665365755
scorekaart-joint-united-nations-programme-on-hiv-aids.pdf,44,"Partnerschappen Naast de uitvoering van het mandaat is het aangaan van partnerschappen voor UNAIDS, zelf een partnerschap bij uitstek, core business en volgens de MAR 2012 een sterk punt. In de strategie 2011-2015 zijn partnerschappen een rode draad. Ze brengen VN, overheden, mensen met hiv, NGO’s, financiële instellingen, wetenschap, media en private sector samen. UNAIDS heeft vaak een coördinerende rol.",Everyday Racism & Modern Racial Inequality,1.0,73,0.03886255453999041
scorekaart-joint-united-nations-programme-on-hiv-aids.pdf,49,"UNAIDS werkt aan het verder ontwikkelen van monitoring- en evaluatiecapaciteit op landenniveau. De Britse Multilateral Aid Review van 2013 concludeert dat er kostenbesparingen zijn en dat het financieel management en de rapportage over resultaten verbeterd zijn. Deze vooruitgang was voldoende om de beoordeling “value for money” als “goed” te kwalificeren. In de strategie geeft UNAIDS aan dat partners in het zuiden zoals parlementariërs, religieuze organisaties, jongeren en vrouwennetwerken worden betrokken om mensenrechten te bevorderen bij de preventie, behandeling en zorg van HIV. Ook betrekt UNAIDS het maatschappelijk middenveld bij pleitbezorging, fondsenwerving en uitvoering van de programma’s.",Everyday Racism & Modern Racial Inequality,1.0,130,0.04091335841672685
scorekaart-joint-united-nations-programme-on-hiv-aids.pdf,81,"8. Humanitaire hulp Beperkt relevant. UNAIDS heeft samen met het Internationale Rode Kruis richtlijnen opgesteld hoe om te gaan met hiv-preventie, zorg en behandeling in humanitaire noodsituaties. De thematische sessie van de 36ste bestuursvergadering (juni 2015) wordt gewijd aan ‘HIV in mergency Contexts’. UNHCR is cosponsor van UNAIDS.",Everyday Racism & Modern Racial Inequality,1.0,59,0.038062919963930186
de-staat-van-het-onderwijs-onderwijsverslag-2013-2014.pdf,8,"Veel vruchtbare initiatieven gaan uit van de mogelijkheden die het onderwijs zelf in zich heeft. De aandacht voor onderwijsexperimenten groeit en vaak blijken regelgeving en toezicht meer ruimte te bieden dan vooraf gedacht. Het is juist zo belangrijk dat scholen zelf hun ambities stellen, omdat er geen centrale alomvattende definitie is van onderwijskwaliteit. Goed en excellent onderwijs kan vele gezichten hebben. Ideeën over goed onderwijs ontstaan in het gesprek tussen leraren, studenten, ouders, bestuurders, wetenschappers en de samenleving.","Remembrance, Heritage & Education",1.0,93,0.08004263088832256
de-staat-van-het-onderwijs-onderwijsverslag-2013-2014.pdf,15,"Hiervoor zijn tijd, doorzettingsvermogen en blijvende aandacht nodig. Grote verschillen en professionalisering Tot slot valt op hoe groot de verschillen zijn tussen de scholen en opleidingen. Deze verschillen zien we op alle terreinen: in motivatie en tevredenheid van leerlingen, kwaliteit van lessen, plaatsing van leerlingen en studenten, succes in het vervolgonderwijs of op de arbeidsmarkt en werkplezier van leraren. Hoe zorgen we ervoor dat scholen en opleidingen van elkaar leren, dat zij niet zelf het wiel gaan uitvinden?",Everyday Racism & Modern Racial Inequality,1.0,98,0.04619070016072563
de-staat-van-het-onderwijs-onderwijsverslag-2013-2014.pdf,26,Leerlingen en studenten gaan sneller door het onderwijs en halen sneller het eindniveau. In het basisonderwijs en voortgezet onderwijs blijven minder leerlingen zitten. Ook zijn de rendementen in het middelbaar beroepsonderwijs (mbo) en wetenschappelijk onderwijs (wo) toegenomen. De kortere schoolloopbanen ontstaan mede doordat scholen in het voortgezet onderwijs en het mbo leerlingen vaker op hun verwachte niveau plaatsen. Ook hanteren scholen en opleidingen steeds vaker selectie- en plaatsingscriteria.,Everyday Racism & Modern Racial Inequality,1.0,87,0.03394873852202623
de-staat-van-het-onderwijs-onderwijsverslag-2013-2014.pdf,27,"De overgangen tussen en binnen sectoren staan hiermee onder druk. Daarmee neemt de brede spreiding in het voortgezet onderwijs af. Dit betekent minder leerlingen in de basis- beroepsgerichte leerweg in het vmbo, maar ook minder leerlingen in het vwo. De instroom in het wetenschappelijk onderwijs lijkt af te vlakken. Ook gaan er meer leerlingen direct na het halen van een diploma vanuit het vmbo naar het mbo en vanuit het havo naar het hbo.","Remembrance, Heritage & Education",1.0,83,0.0917637695662852
de-staat-van-het-onderwijs-onderwijsverslag-2013-2014.pdf,38,"In 2013 blijven minder leerlingen ziten in de bovenbouw van het voortgezet onderwijs. Vooral bij de havo is de daling opvallend. Ziten- blijvers 16,3% 7,9% 5,4% 17,9% vmbo-b Basisonderwijs vmbo-k vmbo-g/t havo","Remembrance, Heritage & Education",1.0,37,0.10325138662132463
de-staat-van-het-onderwijs-onderwijsverslag-2013-2014.pdf,62,"Infographic 2d Gediplomeerde doorstroom binnen het voortgezet onderwijs Infographic 2e Verdeling leerlingen in het derde leerjaar van het voortgezet onderwijs* verschuif Vmbo-g/t groeit, vwo en vmbo-basis daalt Infographic","Remembrance, Heritage & Education",1.0,38,0.04745324089102766
de-staat-van-het-onderwijs-onderwijsverslag-2013-2014.pdf,67,havo havo > vwo Het percentage gediplomeerde vmbo-g/t leerlingen dat opstroomt naar de havo daalt sterk. vwo havo vmbo gemengd/ theoretisch vmbo kader vmbo basis Index,"Remembrance, Heritage & Education",1.0,30,0.04991338473349452
de-staat-van-het-onderwijs-onderwijsverslag-2013-2014.pdf,71,De toegenomen doelmatigheid binnen scholen en instellingen en de druk op over- gangen tussen scholen en instellingen resulteren in verschuivingen binnen het Nederlands onderwijsstelsel. Deze zijn te zien in infographic 2a. Daling vwo-leerlingen  De verdeling van leerlingen over de schoolsoorten in het voortgezet onderwijs verandert (zie infographic 2e).,"Remembrance, Heritage & Education",1.0,64,0.04137382291836984
de-staat-van-het-onderwijs-onderwijsverslag-2013-2014.pdf,72,"Decennialang groeide het percentage vwo-leerlingen, maar dit neemt nu af. Ook het percentage leerlingen in leerjaar 3 van de vmbo- basisberoepsgerichte leerweg daalt al een aantal jaar. Het percentage leerlingen in de gemengde/theoretische leerweg stijgt daarentegen. Wisselend beeld diploma-stapeling binnen vo  De doorstroom vanuit het vmbo-g/t naar de havo is gedaald van 18,5 procent van de gediplomeerde leerlingen in 2009 naar 13 procent in 2013 (zie infographic 2d).","Remembrance, Heritage & Education",1.0,90,0.041106913528620545
de-staat-van-het-onderwijs-onderwijsverslag-2013-2014.pdf,73,Ook de doorstroom van havo naar vwo daalt. Vanuit vmbo-g/t en havo gaan dus minder leerlingen door in het voortgezet onderwijs. Dit geldt niet voor leerlingen met een basisberoepsgerichte opleiding binnen het vmbo. Van deze leerlingen stroomt juist een groter aandeel door naar een hogere leerweg. Meer directe doorstroom vanuit vo ,"Remembrance, Heritage & Education",1.0,62,0.058142240999371646
de-staat-van-het-onderwijs-onderwijsverslag-2013-2014.pdf,74,Na een diploma in het voortgezet onderwijs gaan meer leerlingen naar een aansluitende vervolgopleiding. Zo gaan meer leerlingen met een vmbo-g/t diploma naar het mbo. Bij havo- gediplomeerden zien we eenzelfde ontwikkeling: een relatief groter deel van de havo-gediplomeerden stroomt door naar het hbo. n ook bij leerlingen met een vwo- diploma gaat een groter percentage direct door naar de universiteit (en iets minder naar het hbo).,"Remembrance, Heritage & Education",1.0,80,0.049028963216851476
de-staat-van-het-onderwijs-onderwijsverslag-2013-2014.pdf,102,"Voor leerlingen en studenten in het vmbo en mbo gaat dit niet ten koste van het eindniveau, dit neemt verder toe. Voor de havo, het vwo en het ho lijkt dit wel het geval: het aandeel vwo-diploma’s in het voortgezet onderwijs neemt af en de instroom in het ho vlakt af. 7 Zie ook Wolf, Inge de (2014).","Remembrance, Heritage & Education",1.0,62,0.056328360019257215
taken-en-verantwoordelijkheden-rijksvertegenwoordiger.pdf,4,"2. Het goedkeuren van de in artikel 204 lid 1 onder d WolBS genoemde eilandsverordeningen, alsmede het toezicht houden op besluiten en niet-schriftelijke beslissingen gericht op enig rechtsgevolg van de eilandsbesturen; besluiten en niet-schriftelijke beslissingen die naar de mening van de Rijksvertegenwoordiger voor vernietiging in aanmerking komen, wegens strijd met het recht of strijd met het algemeen belang, worden door hem voorgelegd aan de Minister die het aangaat ter vernietiging. 3. Binnen de WolBS is een stelsel van regelingen aangaande het openbaar bestuur van de eilanden (o.a. vernietiging, taakverwaarlozing, incompatibiliteiten). Advisering en beantwoording van vragen, alsmede het toezicht op behoorlijk bestuur en de monitoring daarvan bij besluiten en vergaderingen van de eilandsraden en -besturen.",Reparations & Justice,1.0,148,0.05089443559585749
iob-vreedzame-geschillenbeslechting-en-het-tegengaan-van-straffeloosheid-definitieve-versie.pdf,26,7 | AIV Adviesraad Internationale Vraagstukken APIC Agreement on Privileges and Immunities of the International Criminal Court ASP Assembly of State Parties,Dehumanization & Scientific Racism,1.0,28,0.04998403775498447
iob-vreedzame-geschillenbeslechting-en-het-tegengaan-van-straffeloosheid-definitieve-versie.pdf,32,Optreden U uropese Unie ICC Internationaal Strafhof (International Criminal Court) ICTY Joegoslavië Tribunaal (International Criminal Tribunal for the former Yugoslavia) IGH Internationaal Gerechtshof,Dehumanization & Scientific Racism,1.0,30,0.09004317176752666
iob-vreedzame-geschillenbeslechting-en-het-tegengaan-van-straffeloosheid-definitieve-versie.pdf,34,JRR Justice Rapid Response MINUSMA United Nations Multidimensional Integrated Stabilization Mission in Mali MP Minister-president MvT Memorie van Toelichting OM Openbaar,Dehumanization & Scientific Racism,1.0,28,0.032748333579500195
iob-vreedzame-geschillenbeslechting-en-het-tegengaan-van-straffeloosheid-definitieve-versie.pdf,38,ICC-werkgroep m.b.t. bestuur (Study Group on Governance) STL Bijzonder Tribunaal voor Libanon (Special Tribunal for Lebanon) SvR Statuut van Rome,Dehumanization & Scientific Racism,1.0,22,0.075454146922981
iob-vreedzame-geschillenbeslechting-en-het-tegengaan-van-straffeloosheid-definitieve-versie.pdf,40,or Punishment Lijst van afkortingen Vreedzame geschillenbeslechting en het tegengaan van straffeloosheid | 8 | UNOCHA United Nations Office for the Coordination of Humanitarian Affairs UNODC United Nations Office on Drugs and Crime UPR Universal Periodic Review,Dehumanization & Scientific Racism,1.0,46,0.05925882965758722
iob-vreedzame-geschillenbeslechting-en-het-tegengaan-van-straffeloosheid-definitieve-versie.pdf,64,"Vanwege het complex aan factoren dat landen beweegt om de verplichte rechtsmacht van het IGH te erkennen of zaken voor te leggen aan het IGH of PHA, is niet vast te stellen of, en in hoeverre, deze resultaten mede het gevolg zijn van de inzet van Nederland. én van de weinige mogelijkheden om het gebruik van het IGH te stimuleren laat Nederland zelf onbenut. Dit betreft een vrijwillige bijdrage aan het IGH-fonds dat middelen ter beschikking stelt aan landen die zelf niet in staat zijn om de juridische ondersteuning van een zaak bij het IGH te bekostigen. Landen mogen zich als derde partij mengen in een zaak als zij vinden dat een uitspraak over een dispuut ook voor hen gevolgen kan hebben.3 Ook kan een land informatie aanleveren voor de opstelling van een advies (advisory opinion) van het IGH. Deze laatste mogelijkheid heeft zich tijdens de evaluatieperiode één keer voorgedaan, namelijk bij de onafhankelijkheidsverklaring van Kosovo.",Reparations & Justice,1.0,178,0.031988497414503964
iob-vreedzame-geschillenbeslechting-en-het-tegengaan-van-straffeloosheid-definitieve-versie.pdf,65,"Nederland heeft deze mogelijkheid gebruikt. Toen de U hierover sterk verdeeld bleek, had het er als voorstander van de onafhankelijkheid van Kosovo belang bij dat deze opvatting in een advies van het IGH juridisch zou worden 2 In deze strategie wordt wel een keer een voorbeeld genoemd, namelijk dat aanvallen met drones niet in strijd mogen zijn met het internationaal recht. 3 ‘ It may occur that a State seeks to intervene in a dispute involving other States because it considers that it has an interest of a legal nature which may be affected by the decision to be taken in the dispute between those States.",Dehumanization & Scientific Racism,1.0,111,0.07428063459771521
iob-vreedzame-geschillenbeslechting-en-het-tegengaan-van-straffeloosheid-definitieve-versie.pdf,71,Voorts draagt het bij aan het ICC-fonds voor de rehabilitatie van slacht­offers. In Haagse werkgroepen zet Nederland zich vooral in voor de aanpassing van procedures om het Hof effectiever en efficiënter te doen functioneren. In de werkgroep over samenwerking faciliteert het de discussies en de besluitvorming. Nederland heeft tijdens de herzieningsconferentie van het Statuut van Rome in Kampala (2010) het initiatief genomen en zich succesvol ingezet om de misdaad agressie onder jurisdictie van het ICC te brengen. Het heeft het Kampala-amendement inzake agressie zelf echter nog niet geratificeerd;,Everyday Racism & Modern Racial Inequality,1.0,109,0.03757143966166381
iob-vreedzame-geschillenbeslechting-en-het-tegengaan-van-straffeloosheid-definitieve-versie.pdf,74,"Het gastlandschap heeft een positief effect op de positie van Nederland als pleitbezorger van het internationaal recht, maar er doen zich ook situaties voor die dit aanzien kunnen aantasten. Het gastlandschap voor internationale hoven geeft Nederland, en meer in het bijzonder Den Haag, een positieve uitstraling als pleitbezorger van het internationaal recht.4 Maar het gastlandschap, vooral dat van het ICC, brengt ook problemen met zich mee. Het meest prominente voorbeeld in de voor deze beleidsdoorlichting onderzochte periode is de behandeling van drie getuigen die na hun getuigenis asiel in Nederland aanvroegen, maar dit niet kregen omdat ze van misdaden tegen de menselijkheid werden verdacht. Na een lange periode in ICC-detentie zijn ze uiteindelijk uitgezet. Deze kwestie bracht aan het licht dat er spanningen kunnen ontstaan tussen de plichten uit hoofde van het zetelverdrag, een uitspraak van de hoogste nationale rechterlijke instantie en het uropees Verdrag voor de Rechten van de Mens.",Everyday Racism & Modern Racial Inequality,1.0,175,0.03221744966822958
iob-vreedzame-geschillenbeslechting-en-het-tegengaan-van-straffeloosheid-definitieve-versie.pdf,80,"De financiële steun is bescheiden in omvang. en van de vier ngo’s waaraan Nederland financiële steun biedt, doet onderzoek naar en geeft informatie over diverse vormen van geschillenbeslechting. Twee ngo’s proberen het ICC en de noodzaak tot ratificatie van het Statuut van Rome onder de aandacht te brengen bij respectievelijk parlementariërs en het maatschappelijk middenveld. De vierde ngo faciliteert dat deskundigen uit diverse landen onderzoek voor het ICC kunnen doen. Daarnaast steunt Nederland het slachtofferfonds van het ICC voor de uitvoering van projecten voor fysieke, mentale en materiële rehabilitatie van slachtoffers.",Everyday Racism & Modern Racial Inequality,1.0,113,0.04220119786166818
advies-wisselwerking.pdf,26,"Raadsgriffiers kunnen zorgen voor een klimaat van aanspreekbaarheid, verantwoording, en daarmee voor een transparante, open cultuur. Door binnen de gemeenteraad werkzaamheden te verdelen kan de werklast van bovengemeentelijke samenwerking voor de gemeenteraad worden beperkt. nkele gemeenteraadsleden zouden rapporteur kunnen zijn over een samenwerkingsverband en op deze wijze een zinvol raadsdebat op het goede moment kunnen uitlokken. Griffiers hebben bij het opzetten van zo’n werkwijze een cruciale rol. Colleges van B&W: informatie op orde én van de grootste grieven die uit onderzoek onder gemeenteraadsleden naar voren komt is dat het besluitvormingsproces en de verantwoordingsstructuur van gemeentelijke taken die op regionaal niveau worden uitgevoerd ondoorzichtig zijn.","Remembrance, Heritage & Education",1.0,136,0.032389011187408424
advies-wisselwerking.pdf,58,"Door Lisanne de Blok is in de periode november 2014 – februari 2015 voor de Raad onderzoek gedaan naar de democratische legitimiteit van samenwerkingsverbanden zoals ervaren door gemeenteraadsleden. Onderzoeksresultaten in het kort9 Tekort aan kennis en expertise en groot deel van de gemeenteraadsleden is ten tijde van het onderzoek pas één jaar lid, wat waarschijnlijk consequenties heeft op de kennis van het gemiddelde gemeenteraadslid van de complexiteit van de decentralisaties en de samenwerkingsverbanden. Of, zoals één raadslid opmerkte: Als nieuw raadslid van onze gemeente ben ik ( ) niet in staat om deze [enquête] naar behoren in te vullen.","Remembrance, Heritage & Education",1.0,122,0.0399307336652037
advies-wisselwerking.pdf,65,Participatie Politiek primaat ffectiviteit en Verantwoording efficiëntie Representatie Controle en Responsiviteit Terugkoppeling kaderstelling Schema: Democratische legitimiteit,Everyday Racism & Modern Racial Inequality,1.0,26,0.03325423622453218
de-financiele-situatie-in-het-onderwijs-2014.pdf,13,Private activiteiten van bekostigde onderwijsinstellingen 29 4.3 De financieel kwetsbare besturen vroegtijdig herkennen 30 4.4 De ontwikkeling van het personeelsbestand in het funderend onderwijs 31 4.5 Inventaris en apparatuur in het funderend onderwijs 34 4.6 Caribisch Nederland 35 4.7 De financiële positie van vrije scholen 36 5.,Everyday Racism & Modern Racial Inequality,1.0,60,0.04901166746371251
publieksmonitor-bzk-2-meting.pdf,10,"Ten opzichte van de vragenlijst van de 1-meting is een aantal vragen geschrapt over het koppelen van persoonlijke gegevens tussen verschillende overheidsinstanties. r is een aantal vragen toegevoegd over het gebruik van communicatiegegevens door veiligheidsdiensten ten behoeve van de Nederlandse veiligheid (bij onderwerp digitale overheid). Achtergrond, doel- en probleemstelling 17-12-2015 17-12-2015 Publieksmonitor BZK, 2-meting|",Everyday Racism & Modern Racial Inequality,1.0,76,0.03350809510860272
publieksmonitor-bzk-2-meting.pdf,18,"• Spontaan denkt men vooral dat BZK zich bezighoudt met nationale veiligheid & Nederlandse belangen (17%), koninkrijksrelaties (15%) en binnenlands bestuur (13%). De meest herkende onderwerpen zijn ambtenaren (71%), paspoorten (70%) en veiligheid (69%). De onderwerpen woningmarkt en digitale overheid linkt men het minst aan BZK. • BZK heeft vooral het imago van een ambtelijke organisatie (46%) die ver van burgers af staat (40%).",Everyday Racism & Modern Racial Inequality,1.0,78,0.040139259680792426
publieksmonitor-bzk-2-meting.pdf,46,"Om uitspraken te kunnen doen over de doelgroep is een steekproef gerealiseerd van n= 837 Nederlanders tussen 18 en 70 jaar op basis van het StemPunt-panel van Motivaction. De resultaten zijn representatief voor de doelgroep doordat gebruik is gemaakt van propensity-sampling en –weging voor kenmerken waarvan verwacht mag worden dat die van invloed zijn op de resultaten: leeftijd (tussen 18 en 70 jaar), opleiding, geslacht, regio, sociaal-culturele oriëntatie (Mentality-milieus) en de interacties tussen deze variabelen. Door middel van deze steekproeftrekking en weging is de steekproef representatief.* Online vragenlijst BZK heeft aangegeven welke onderwerpen en vragen aan bod moesten komen.",Everyday Racism & Modern Racial Inequality,1.0,126,0.03290619801981954
commissie-oosting-rapport.pdf,27,"De overeenkomst is ondertekend door de plaatsvervangend hoofdofﬁ- 13 cier en door de toenmalig ofﬁcier van justitie, die de onderhandelingen met de crimineel voerde: red Teeven. Het [Openbaar Ministerie ] zegt in de deal toe twee Luxemburgse reke- ningen van crimineel H. “met grote voortvarendheid” leeg te halen en het geld via een rekening van het [Openbaar Ministerie] “terstond aan H.” over te boeken. n dat alles onder de volgende voorwaarde: “Partijen verplichten zich jegens elkaar om uiterste inspanningen te doen om volstrekte geheimhouding over deze schikking te betrachten en partijen zullen in dat verband noch direct noch indirect mededelingen doen aan derden waaronder tevens begrepen de media en (vertegenwoor- digers van)",Reparations & Justice,1.0,131,0.05199220297963168
commissie-oosting-rapport.pdf,62,"Per 1 maart 1993 is de wetgeving omtrent de ontneming van wederrechtelijk verkregen voordeel aanzienlijk gewijzigd.18 Hierbij werden de mogelijkheden tot oplegging van de ontnemingsmaatregel sterk uitgebreid. Voor die tijd kon (buiten het economische strafrecht van de Wet op de conomische Delicten) enkel voordeel worden ontnomen dat was verkregen met het strafbare feit waarvoor de betrokkene was veroordeeld. Met de nieuwe wet werd het mo- gelijk om ook voordeel te ontnemen dat was verkregen door middel van of uit de baten van soortgelijke feiten, of feiten waarvoor een geldboete van de vijfde categorie kan worden opgelegd, waaromtrent voldoende aanwijzingen bestaan dat zij door hem zijn begaan.19 Daarnaast introduceerde deze wet de mogelijkheid om voordeel te ontnemen indien de veroordeelde was veroor- deeld voor een misdrijf waarvoor een geldboete van de vijfde categorie kan worden opgelegd, tegen hem een strafrechtelijk ﬁnancieel onderzoek was in- gesteld en het gelet op dat onderzoek aannemelijk was dat ook andere straf- bare feiten er op enigerlei wijze toe hebben geleid dat de veroordeelde we- derrechtelijk voordeel heeft verkregen.20 Op deze manier kunnen sindsdien ook allerlei feiten die niet ten laste zijn gelegd of waarvoor de betrokkene anderszins niet is veroordeeld alsnog tot de oplegging van een ontnemings- maatregel leiden. Sinds 1 maart 1993 vindt oplegging van een ontnemings- maatregel plaats in een ontnemingsprocedure, die volgt op de eigenlijke strafzaak. Ook de mogelijkheden tot buitengerechtelijke voordeelsontneming werden bij deze wetswijziging grondig uitgebreid.",Reparations & Justice,1.0,278,0.07448891611279952
jaarrapportage-2014-van-de-wet-afbreking-zwangerschap.pdf,100,"erst wordt ingegaan op de toegankelijkheid en zorgverleners. Daarna komen de gegevens over de gestelde zorgvuldigheidseisen aan de orde, daarna de medische aspecten van de behandelingen en tenslotte de nazorg. 5.1 Goede spreiding van abortushulpverlening over het land Aan het einde van 2014 waren er 15 klinieken met een Wafz-vergunningk.",Everyday Racism & Modern Racial Inequality,1.0,62,0.03391229750974993
vijf-jaar-caribisch-nederland-gevolgen-voor-de-bevolking.pdf,32,"Dagelijks leven en dagelijks bestuur 260 8.9 Conclusies 264 Noten 265 Literatuur 266 9 Gesprekken op de eilanden: het verhaal achter de cijfers 267 Rob Bijl, vert Pommer, Monique Turkenburg en Michel Briene 9.1 conomische ontwikkelingen 269 9.2 Directe ervaren sociale gevolgen van de armoede 274 9.3 Jeugd en gezin 277 9.4 Veiligheid 280 9.5 Sociale zekerheid 283 9.6 Gezondheid en gezondheidszorg 287 9.7","Remembrance, Heritage & Education",1.0,74,0.06495094470927543
vijf-jaar-caribisch-nederland-gevolgen-voor-de-bevolking.pdf,53,"Causaliteit is niet eenvoudig te bepalen. Zo zijn de gezondheidstoestand en het veiligheidsniveau mede afhankelijk van factoren die buiten de invloedssfeer van het beleid liggen. Met name in de gevoerde gesprekken op de eilanden en het survey- onderzoek onder de burgers geven een beeld van de rol van de diverse actoren. Hiervan is verslag gedaan in de hoofdstukken 8 en 9 van dit rapport, die gaan over de beleving en de waardering van de leefsituatie op de eilanden door de bevolking en door bestuurders, beleidsmakers en professionals, vertegenwoordigers van maatschappelijke organisaties en zakenmensen werkzaam in de prioritaire voorzieningen. Het bepalen van de bijdrage van de openbare lichamen, de rijksoverheid en andere relevante actoren aan de ontwikkeling van het voorzieningenniveau, is echter geen zelfstandig onderdeel geweest van het hier uitgevoerde onderzoek, evenmin als de taakverdeling en onderlinge samenwerking tussen openbare lichamen en het rijk.",Everyday Racism & Modern Racial Inequality,1.0,176,0.03417699016434754
bevindingen-quick-scan-expertgroepen-papiamentu-en-nederlands.pdf,27,"Zij worden daardoor belemmerd in het doorlopen van een succesvolle schoolloopbaan, met alle gevolgen van dien voor hun kansen in de maatschappij en op de arbeidsmarkt. Papiamentu in de voorschoolse educatie Beide expertgroepen zijn het erover eens dat stimulering van de taalontwikkeling van peuters binnen de voorschoolse opvang belangrijk is én dat deze stimulering primair de moedertaal (Papiamentu) dient te betreffen. Geen functiescheiding De expertgroepen zijn het erover eens dat de in het Taalunierapport voorgestelde functie- scheiding (Papiamentu als ondersteuning voor identiteitsvorming in sociaal-cultureel en maatschappelijk opzicht en Nederlands als toegangspoort naar kennisontwikkeling) en daaruit voortvloeiend verschil in doelstellingen in de onderwijspraktijk niet opportuun is en tegelijkertijd ook het idee van gelijkwaardigheid van de twee talen ondergraaft.",Everyday Racism & Modern Racial Inequality,1.0,160,0.041569694316310066
bevindingen-quick-scan-expertgroepen-papiamentu-en-nederlands.pdf,33,"Om recht te doen aan het uitgangspunt dat de kansen van leerlingen op Bonaire op een passend vervolgtraject, in het VO en daarna, gelijk dienen te zijn aan die van leerlingen in Nederland, moet het niveau Nederlands einde PO zodanig zijn, dat het als basis kan dienen voor verdere ontwikkeling van vakkennis, conceptuele ontwikkeling en taalvaardigheid. De N komt uiteindelijk tot onderstaande inschatting van de benodigde verhouding in taalaanbod, waarbij het gaat om tijd voor taal als doeltaal (vak), voertaal (regulering van de alledaagse omgang in de klas) en instructie- taal (middel om vakinhouden aan te leren en examen te doen). De N acht het aan de scholen te bepalen welk vak in welke taal plaatsvindt. Groep 1 en 2 van minimaal 50% in de eerste opvang in groep 1, oplopend tot minimaal 80% in de tweede helft van groep 2. Het betreft taalaanbod van de leerkracht;",Everyday Racism & Modern Racial Inequality,1.0,172,0.05167659686977899
bevindingen-quick-scan-expertgroepen-papiamentu-en-nederlands.pdf,41,"Lesmateriaal en ondersteunend materiaal Papiamentu  Voldoen aan internationale criteria van kwaliteit: inhoudelijke inbedding in de lokale context (thematisch, didactisch en qua presentatie), aan het leeftijdsniveau aangepast taalgebruik en stimulerend voor het leren (P).  Ontwikkelen van gestructureerd materiaal Papiamentu dat kan worden ingezet bij successieve tweetalige geletterdheid, verbonden aan alfabetisering in het Papiamentu, met overschakeling op het Nederlands in groep 4 (P).",Everyday Racism & Modern Racial Inequality,1.0,86,0.05649390681402566
bevindingen-quick-scan-expertgroepen-papiamentu-en-nederlands.pdf,54," Kritische analyse van de huidige (wettelijke) positionering van het Papiamentu en Nederlands in het MBO, met aandacht voor: - wenselijkheid van een maatschappelijk minimuniveau Papiamentu op 2; - vak Papiamentu als verplicht onderdeel van het generieke onderwijsdeel voor álle MBO-opleidingen; - de vraag of generieke eisen Nederlands voor alle opleidingen noodzakelijk zijn of dat in bepaalde opleidingen (op een bepaald kwalificatieniveau) kan worden volstaan met beroepstaaleisen; - het voorstel om in MBO1-2 Papiamentu als instructietaal te hanteren en Nederlands uitsluitend als vak aan te bieden en de consequenties daarvan. Randvoorwaarden De door de P aangegeven randvoorwaarden hebben betrekking op taalplanning (bevorderen taalplanning voor Papiamentu), wetgeving (vertaling van de voorgestelde veranderingen in rijkswetten of lokale verordeningen) en financiën (extra investeringen voor de interventies",Reparations & Justice,1.0,166,0.03463415980204253
bevindingen-quick-scan-expertgroepen-papiamentu-en-nederlands.pdf,57,"Dat betekent dat de Nederlandse referentieniveaus moeten worden toegesneden op de specifieke onderwijscontext en - praktijk van i.c. Bonaire, met gebruikmaking van de niveaus van het uropees Referentiekader voor moderne vreemde talen (RK). Binnen het RKT moet een specifiek Caribisch-Nederlands traject ontwikkeld worden, zonder daarbij afbreuk te doen aan het uiteindelijk gewenste en vereiste niveau. Naar aanleiding van de tweede vraag, hoe te komen tot een passend aanbod Nederlands als vreemde taal, wordt in het Taalunierapport geadviseerd op Bonaire het Nederlands als onderwijstaal te handhaven. Gezien de functie van het Nederlands als toegangspoort naar kennisontwikkeling en het behalen van diploma’s is het kind erbij gebaat een zo hoog mogelijk niveau in het Nederlands te behalen.","Remembrance, Heritage & Education",1.0,143,0.035898228933817625
bevindingen-quick-scan-expertgroepen-papiamentu-en-nederlands.pdf,67,"wat is nodig om het onderwijs zó in te richten, dat dit de taalontwikkeling van de leerlingen ondersteunt?  onderwijsconstructie: wat is nodig, gelet op aansluiting tussen verschillende onderdelen binnen hetzelfde onderwijsniveau en tussen de verschillende onderwijsniveaus?  de school als geheel: wat is nodig c.q. wenselijk op schoolniveau om het bereiken van de doelstellingen te ondersteunen?  de wereld buiten de school/de maatschappij:",Everyday Racism & Modern Racial Inequality,1.0,83,0.038076642708588584
tk-bijlage-infrastructuur-corruptiebestrijding-op-bonaire-sint-eustatius-en-saba.pdf,7,19 3.5. De Nationale Ombudsman...................................................................................... 20 3.6. Geconstateerde knelpunten ten aanzien van de ontwikkeling van integriteitsbeleid op de BS-eilanden........................................................................................................ 21 4. Op welke wijze is de opsporing en vervolging van corruptie op de BS-eilanden georganiseerd? ........................................................................................................ 22 4.1.,Everyday Racism & Modern Racial Inequality,1.0,105,0.03900920970272684
tk-bijlage-infrastructuur-corruptiebestrijding-op-bonaire-sint-eustatius-en-saba.pdf,79,"Wat voorheen nog ‘in het verborgene’ plaatsvond – omdat het niet betamelijk is – wordt nu ‘en plein public’ gedaan. ” Zowel uit de literatuurstudie als ook uit de interviews komt naar voren dat het bevoordelen van de eigen groep, familie (nepotisme) of partij of eigen bedrijf (vriendjespolitiek) onderdeel uitmaakt van de cultuur van Bonaire, Sint ustatius en Saba. Overigens wordt er op gewezen dat een dergelijke cultuur niet per definitie ‘corrupt’ is, maar wel dat de grens tussen ongeoorloofde ruilrelaties (onder het motto: ‘voor wat hoort wat’) en geoorloofde zakenrelaties daardoor soms vaag is. en betrokkene verwoordt dit probleem als volgt:",Reparations & Justice,1.0,118,0.03239378629838757
beleidsdoorlichting-en-evaluatie-artikel-4-1-positie-van-de-client.pdf,21,"Het ministerie van Volksgezondheid, Welzijn en Sport (VWS) voert beleid om de positie van de cliënt in de zorg te versterken. In de begroting van het ministerie van VWS ligt de nadruk op de rol van patiënten- en gehandicaptenorganisaties (pg-organisaties) om de positie van cliënten te ondersteunen. r zijn momenteel ca. 200 individuele en drie koepelorganisaties, die vanuit de begroting van Volksgezondheid, Welzijn en Sport (VWS) middelen ontvangen. Pg-organisaties onderhouden contact met cliënten, zorgverzekeraars en de koepels (Ieder(in), NPC en LPGGz). Pg-organisaties houden zich voornamelijk bezig met informatievoorziening over specifieke ziekten en zorg/behandeling, lotgenotencontact, belangenbehartiging, contact tussen en met mantelzorgers, en zaken als eigen regie, zelfmanagement (via websites en contactdagen en dergelijke).",Everyday Racism & Modern Racial Inequality,1.0,155,0.05207102614753697
beleidsdoorlichting-en-evaluatie-artikel-4-1-positie-van-de-client.pdf,22,"Pg-organisaties worden ondersteund door PGOsupport onder andere met organisatieontwikkeling, bedrijfsvoering en deskundigheidsbevordering. Uit deze beleidsdoorlichting blijkt dat het werk van de pg-organisaties onder meer leidt tot:  Betere kwaliteit van zorg, door de inbreng van cliëntenervaringen;  Gerichte informatie aan cliënten. Dat levert een betere keuze op van de zorg en leidt regelmatig tot preventie.",Everyday Racism & Modern Racial Inequality,1.0,77,0.03389878970203371
beleidsdoorlichting-en-evaluatie-artikel-4-1-positie-van-de-client.pdf,24,Het veld van de cliënten en hun pg-organisaties/koepels is zeer divers. De cliënten bestaan uit allerlei verschillende soorten patiënten en gehandicapten met een vraag naar zorg en hun familie. De individuele pg-organisaties zijn veelal georganiseerd rond een bepaalde aandoening. De omvang van de pg-organisaties varieert van honderd leden tot enkele tienduizenden. De hele kleine organisaties werken vrijwel uitsluitend met vrijwilligers en de grote organisaties kennen een mix van beroepskrachten en vrijwilligers.,Everyday Racism & Modern Racial Inequality,1.0,91,0.0468675455486399
beleidsdoorlichting-en-evaluatie-artikel-4-1-positie-van-de-client.pdf,57," Positieve gezondheid. Het begrip van de gezondheid is in het licht van de individualisering van de samenleving breder getrokken. Het is niet een beperkte negatieve invulling van het bestrijden van ziekten, maar krijgt een positieve basis door uit te gaan van wat cliënten zelf kunnen doen en hoe zij hun leven willen inrichten. Die verbreding van het gezondheidsbegrip kan gaan schuren met de op aandoeningsgerichte invalshoek van pg-organisaties en de toetsing aan erkende aandoeningen en ziektes. Om cliënten te ondersteunen bij een bredere 12 Beleidsdoorlichting en evaluatie invulling van gezondheid komen ook andere thema’s in beeld, die bijvoorbeeld meer op het vlak van preventie, verzorging en welbevinden liggen, dan dat ze met de medische zorg te maken hebben;",Everyday Racism & Modern Racial Inequality,1.0,144,0.07184717964973512
beleidsdoorlichting-en-evaluatie-artikel-4-1-positie-van-de-client.pdf,69,Beleidsdoorlichting en evaluatie indoordeel onafhankelijk deskundige indoordeel onafhankelijk deskundige Beleidsdoorlichting Positie van de cliënt Dr. M.T. Slager / Opleidingsmanager Verpleegkunde Haagse Hogeschool en Senior Onderzoeker.,Everyday Racism & Modern Racial Inequality,1.0,40,0.037520545922607326
beleidsdoorlichting-en-evaluatie-artikel-4-1-positie-van-de-client.pdf,75,"Positie van de cliënt en beleid voor hun organisaties Het ministerie van Volksgezondheid, Welzijn en Sport (VWS) voert beleid om de positie van de cliënt in de zorg te versterken. In de begroting van het ministerie van VWS ligt de nadruk op de rol van patiënten- en gehandicaptenorganisaties (pg-organisaties) om de positie van cliënten te ondersteunen. Het beleid voor pg-organisaties kent een wettelijk spoor en een financiële spoor en gaat ver terug. Al in 1980 schetste de toenmalige staatssecretaris van Volksgezondheid ls Veder- Smit de eerste contouren in de Nota Patiëntenbeleid.",Everyday Racism & Modern Racial Inequality,1.0,115,0.03611656260109258
beleidsdoorlichting-en-evaluatie-artikel-4-1-positie-van-de-client.pdf,78,"Sinds de invoering van de Wet maatschappelijke ondersteuning (Wmo) in 2007 zijn gemeenten verantwoordelijk voor de ondersteuning van mantelzorgers en vrijwilligers. De AWBZ-Wmo, de jeugdhulp (nieuw Jeugdwet) en het domein van werk en inkomen (van Wet werk en bijstand naar Participatiewet) zijn taken van de gemeenten geworden. De decentralisaties gaan gepaard met bezuinigingen. Dat wil zeggen dat het Rijk taken overhevelt naar de gemeenten en daar afhankelijk van het domein 15% tot 20% minder budget voor beschikbaar stelt. In dat kader kijken lokale overheden steeds meer naar wat burgers/cliënten zelf kunnen (eigen kracht) en naar wat anderen in de lokale samenleving kunnen betekenen voor de kwetsbaren.",Everyday Racism & Modern Racial Inequality,1.0,126,0.049526237055179514
beleidsdoorlichting-en-evaluatie-artikel-4-1-positie-van-de-client.pdf,79,"Het is de bedoeling van de overheid om buren, familie, en vrijwilligers steeds vaker en intensiever te betrekken bij zorg (informele zorg). Het kabinet sprak in de troonrede van 2013 over de ‘participatiesamenleving’ die meer en meer vorm zal moeten krijgen. Om de rol van de patiënten/cliënten te ondersteunen zijn er momenteel ca. 200 pg-organisaties, die en drie koepels die subsidie ontvangen. Zij geven informatie aan patiënten over hoe ze het beste met hun ziekte of beperking kunnen omgaan en welke behandelingen er mogelijk zijn. De organisaties organiseren contactdagen, zodat patiënten andere lotgenoten treffen en ervaringen kunnen delen.",Everyday Racism & Modern Racial Inequality,1.0,118,0.042987664895388286
personeelsrapportage-midden-2015.pdf,149,"Om dit te bewerkstelligen, zijn op dit moment in totaal 368 militairen en 305 medewerkers van ManpowerGroup voltijd bezig met recruitment. Deze aantallen zijn inclusief het keuringstraject. Hierbij zorgt ManpowerGroup vooral voor de juiste aantallen en kwaliteit van de kandidaten op het juiste moment. Dit onder andere door gericht onderzoek naar doelgroepen en door gebruik te maken van arbeidsmarktcommunicatie, waaronder de inzet van social media. De militairen van de AD staan met name garant voor de juiste voorlichting en de definitieve besluitvorming om kandidaten toe te laten tot de AD.",Everyday Racism & Modern Racial Inequality,1.0,110,0.04452403018359896
vws-verzekerdenmonitor-2015.pdf,69,"Sinds 2013 draagt de Belastingdienst de zorgtoeslag voor wanbetalers in het bestuursrechtelijk premieregime rechtstreeks over aan het CJIB. Voor het gedeelte van de bestuursrechtelijke premie dat niet kan worden voldaan met de eventueel aanwezige zorgtoeslag, verstuurt het CJIB een acceptgiro. Het Zorginstituut controleert twee keer per jaar bij het Uitvoeringsinstituut Werknemersverzekeringen (UWV) of een wanbetaler wederom een bron van inkomen heeft, zodat bronheffing in plaats van incasso kan plaatsvinden. Ook wordt jaarlijks door deurwaarders gecontroleerd of er weer een inkomensbron aanwezig is. De aan de uitvoering door het Zorginstituut, het CJIB en de deurwaarders verbonden kosten worden betaald uit de begroting van het ministerie van VWS.",Everyday Racism & Modern Racial Inequality,1.0,136,0.034567164357799614
tk-bijlage-eindverslag-evaluatiecommisie-justitiele-rijkswetten.pdf,30,en door dit Justitieel Vierpartijenoverleg (JVO) ingestelde werkgroep – de Werkgroep evaluatie justitiële consensusrijkswetten – heeft de in dit kader relevante thema's en criteria ten behoeve van de evaluatie geïdentificeerd in haar verslag van 11 juni 2014.1 Via deze werkgroep hebben de landen (die allen in deze werkgroep vertegenwoordigd waren) de voor hen relevante thema’s en criteria kunnen aandragen. Voorts zijn hierin thema’s en criteria verwerkt die voorvloeien uit door de Afdeling advisering van de Raad van State van het Koninkrijk op 2 mei 2014 uitgebrachte voorlichting.2 De in het verslag van de Werkgroep evaluatie justitiële consensusrijkswetten opgenomen thema’s en criteria zijn vastgesteld,Everyday Racism & Modern Racial Inequality,1.0,126,0.03980516089643361
tk-bijlage-eindverslag-evaluatiecommisie-justitiele-rijkswetten.pdf,43,"De werkzaamheden van de valuatiecommissie startten immers gedurende de tweede helft van 2014. Binnen de context van het hierboven geschetste perspectief van verdere ontplooiing van de landen en openbare lichamen, is dit een korte termijn. Zoals uit dit eindverslag zal blijken, geldt ten aanzien van de Rijkswetten bovendien dat deze in 2010 nog niet volledig waren geïmplementeerd en een enkele dat ook thans nog niet is (de Rijkswet Politie). In dat licht bezien, is de valuatiecommissie van opvatting dat moet worden gewaakt tegen te spoedige opeenvolging van vervolgstappen. Zij acht het dan ook niet verstandig op dit moment al in te zetten op nieuwe herstructureringen.",Reparations & Justice,1.0,123,0.06018034001939189
tk-bijlage-eindverslag-evaluatiecommisie-justitiele-rijkswetten.pdf,66,"Bestond dit inzicht inderdaad niet en zijn reeds daarom financiële problemen ontstaan, dan zullen de thans opgelegde bezuinigingen (bijvoorbeeld bij het KPSM of bij het hof), grote gevolgen hebben. 2.5 Perspectief van de burger Het valt de valuatiecommissie op dat de opgave van het verbeteren van rechtshandhaving in het Caribische deel van het Koninkrijk vanuit politiek-bestuurlijke hoek sterk wordt benaderd vanuit institutionele gezichtspunten (bijvoorbeeld ten aanzien van de wens van een eenzijdig opzegrecht en de wens om te komen tot een ‘eigen’ PG) die nauwelijks lijken te zijn veranderd sinds de onderhandelingen die over de Rijkswetten zijn gevoerd vanaf het begin van deze eeuw. Ook aan de uropese zijde van de Atlantische Oceaan viel gedurende het onderzoek op dat op sommige vlakken wordt teruggegrepen op eerder ingenomen standpunten (bijvoorbeeld waar het gaat om de aanwijzingsbevoegdheid van de minister van Justitie van het Koninkrijk).17 Achter deze discussies gaan fundamentele noties schuil als autonomie en democratie, maar ook ‘checks and balances’ en onafhankelijke rechtspleging.",Everyday Racism & Modern Racial Inequality,1.0,197,0.05475664906624361
tk-bijlage-eindverslag-evaluatiecommisie-justitiele-rijkswetten.pdf,67,"Hoewel deze gezichtspunten valide zijn, moet worden gewaakt tegen voortdurende teleurstelling over wat in de Rijkswetten wel of niet voorzien is. Gelet op hetgeen de valuatiecommissie hierover in paragraaf 1.2 (Ontwikkelingsperspectief) heeft opgemerkt, is zij van mening dat de tijd voor herziening van de in 2010 overeengekomen institutionele inbedding van de rechtshandhaving nog niet is aangebroken. Het is – in de woorden van de Commissie Voorevaluatie Rijkswetten van het land Curaçao – de vraag of op dit moment iemand gebaat is bij een “nieuwe ronde staatkundige structuur”.18 De energie zou in dit stadium in het bijzonder moeten worden 16",Reparations & Justice,1.0,120,0.03689617795181159
tk-bijlage-eindverslag-evaluatiecommisie-justitiele-rijkswetten.pdf,69,"11 gericht op het creëren van randvoorwaarden voor een succesvolle benutting van de mogelijkheden die de Rijkswetten bieden. De overheid is er niet voor zichzelf. Dit moge een open deur zijn, het is ook in het kader van rechtshandhaving niet minder waar. Rechtzoekenden (burgers, bedrijven en instellingen) zijn gebaat bij een efficiënt en slagvaardig politiekorps, bij een Openbaar Ministerie dat volgens rechtsstatelijke normen oordeelt over de vraag welke zaken het voor de rechter brengt (en welke niet) en bij een rechter die daarover in volstrekte onafhankelijkheid en onpartijdigheid kan oordelen. Burgers zijn gebaat bij landen die bereid zijn gezamenlijk te bouwen aan verbetering van rechtshandhaving.",Everyday Racism & Modern Racial Inequality,1.0,128,0.04076231824695031
ibo-effectieve-leerroutes-in-het-funderend-onderwijs.pdf,19,"Bij toegankelijkheid gaat het om voldoende aanbod van kwalitatief hoogwaardig onderwijs, om kansengelijkheid en pluriformiteit. In hoofdstuk 2 is specifiek aandacht gegeven aan versnellen en verrijken als factor binnen effectieve leerwegen. In de beleidsvarianten worden hiervoor geen afzonderlijke maatregelen vermeld. Hierbij wordt verondersteld dat maatregelen zoals flexibiliteit, maatwerk en verhoging van de kwaliteit van leraren ook ten goede kunnen komen aan versnellen en verrijken. Leerroutes zijn ingebed in stelsel- en cultuurkenmerken",Everyday Racism & Modern Racial Inequality,1.0,95,0.03592763714121845
ibo-effectieve-leerroutes-in-het-funderend-onderwijs.pdf,20,"Vertraging is een fenomeen dat samenhangt met het Nederlandse onderwijssysteem. en aantal stelsel- en cultuurkenmerken werkt zittenblijven in de hand. De meeste scholen werken met het leerstofjaarklassensysteem: homogene leeftijdsgroepen per schooljaar. Dit zorgt voor scherpe scheidingen tussen de schooljaren en beperkte differentiatie in het onderwijsaanbod. Daarnaast kent Nederland een relatief vroege selectie van leerlingen in verschillende niveaus op het VO, met een algemene tweedeling in beroepsonderwijs (vmbo) en algemeen vormend onderwijs (havo en vwo).","Remembrance, Heritage & Education",1.0,99,0.05364232632027665
ibo-effectieve-leerroutes-in-het-funderend-onderwijs.pdf,35,"3: fficiëntere leerroutes zijn mogelijk zonder vermindering van de kwaliteit en toegankelijkheid van het onderwijs. Individuele afwegingen en keuzes door scholen blijven daarbij het uitgangspunt. Zittenblijven geeft geen langdurige positieve effecten op de leerprestaties van leerlingen, wel brengt het hoge kosten met zich mee. Onderwijsachterstanden eerder en gericht aanpakken via preventie en vroege interventie lijken daarom kansrijke en zinvollere alternatieven. Achterstanden kunnen zo vroegtijdig worden opgemerkt en gericht worden weggewerkt zonder dat een leerling een volledig jaar hoeft over te doen.",Everyday Racism & Modern Racial Inequality,1.0,103,0.04160577687966611
ibo-effectieve-leerroutes-in-het-funderend-onderwijs.pdf,44,"Het behoud van voldoende brede brugklassen in het VO is een manier om overgangen flexibeler te houden en de plaatsing van leerlingen over de verschillende niveaus te verbeteren. Dit kan de noodzaak tot stapelen reduceren, omdat meer leerlingen direct op het juiste niveau terecht komen. Ook het aanbieden van aangepaste lesstof aan leerlingen die zijn blijven zitten, past bij maatwerk. Conclusie 8: Voor- en vroegschoolse educatie (VV) en ondersteuning bij achterstanden kan leiden tot efficiëntere leerroutes, mits tijd en middelen gerichter worden ingezet",Everyday Racism & Modern Racial Inequality,1.0,98,0.048009437268257564
ibo-effectieve-leerroutes-in-het-funderend-onderwijs.pdf,50,"Scholen hebben daardoor meer middelen beschikbaar voor preventie en maatwerk. Bijvoorbeeld gerichte ondersteuning bij achterstanden om zittenblijven te voorkomen en gerichte aandacht voor het verrijken van de leerlingen die dit aankunnen. Aanscherping van het toezicht is voor scholen een prikkel om zittenblijven te verminderen naast het voeren van een dialoog door de inspectie met de scholen over de leerroute. Aandachtspunt bij deze maatregelen is dat negatieve gedragseffecten kunnen ontstaan om zittenblijven te voorkomen, zoals het voorzichtiger zijn met het plaatsen van leerlingen op een hoger niveau of het sneller laten afstromen van een leerling. IBO ffectieve leerroutes in het funderend onderwijs",Everyday Racism & Modern Racial Inequality,1.0,121,0.033899659510533975
ibo-effectieve-leerroutes-in-het-funderend-onderwijs.pdf,57,"Deze aanvullende maatregelen leiden ertoe dat er naar verwachting sneller resultaten kunnen worden geboekt in het effectiever maken van de leerweg. Hierdoor worden ook besparingen sneller bereikt. BScholen met relatief efficiënte leerroutes krijgen per saldo meer middelen voor preventie dan dat ze in de bekostiging van zittenblijvers worden beperkt en vice versa. r kunnen ongewenste neveneffecten optreden, zoals het eerder beslissen tot afstroom van een leerling. Door experimenten te stimuleren en belemmeringen in de regelgeving weg te nemen kan ervaring en 2",Everyday Racism & Modern Racial Inequality,1.0,98,0.03206632096044622
generieke-selectielijst-mivd.pdf,74,"Hoe het zij, de eerste naoorlogse rapportages van de Marine Intelligentie Dienst, de Informatiebladen, laten zien dat de marinestaf in de eerste plaats geïnteresseerd was in gegevens over de eigen oorlogsbodems en die van de bondgenoten. Dat was overigens volstrekt in lijn met de “Regeling van den Marine Intelligentie Dienst” die minister van Marine J.M. de Booy medio februari 1946 aan de maritieme commandanten toezond. Het feit dat de generale staf, in grotere mate dan de marinestaf, in de naoorlogse jaren tot 1950 naarstig op zoek was naar de meest gewenste organisatievorm weerspiegelde zich in de manier waarop de inlichtingen- en veiligheidsdiensten van leger en marine in die periode waren georganiseerd. Minister van Marine De Booy had, zoals gezegd, in november 1945 een Bureau Inlichtingen ingesteld bij de Marinestaf waarbij voorshands alleen de taken (personele en materiële beveiliging) van de Sectie III van dat bureau waren vastgesteld. Op 15 februari van 1946 vaardigde hij een “Regeling van den Marine Intelligentie Dienst” uit waarin de gehele organisatie, bestaande uit 5 secties werd vastgesteld.",Colonial Exploitation & Economic Inequality,1.0,201,0.03171031587204805
rapportage-referentieniveaus-taal-en-rekenen-2014-2015.pdf,41,Studenten in de sector zorg & welzijn behalen de laagste resultaten. De studenten uit de sector techniek behalen de beste resultaten.  Zowel voor Nederlandse taal als voor rekenen geldt dat een substantieel aantal studenten aangeeft geen lessen gehad te hebben ter voorbereiding op de centrale examens.  Studenten scoren gemiddeld genomen beter op hun herkansing ten opzichte van de eerste keer dat ze hun examen maakten.,Everyday Racism & Modern Racial Inequality,1.0,73,0.03976701782506395
plan-van-aanpak-sint-eustatius.pdf,25,De opdrachtformulering aan deze expertgroep luidt: Per 1 september 2015 dient er een plan van aanpak gereed te zijn ter verbetering van het financieel beheer en gericht op het verkrijgen van een goedkeurende verklaring van de accountant op korte termijn. Het plan dient zich om die reden ook te richten op het verbeteren van het begrotings- en verantwoordingsproces zodat het bestuur tijdig over volledige en juiste informatie kan beschikken ten behoeve van het besturen (waaronder ook het afleggen van verantwoording over het gevoerde beheer) van het Openbaar Lichaam. Het BBV-BS dient bij het opstellen van dit plan dus in acht te worden genomen. In het plan van aanpak dienen de volgende aspecten aan bod te komen:,Reparations & Justice,1.0,134,0.046985752661127644
plan-van-aanpak-sint-eustatius.pdf,33,"In overeenstemming met de afspraken die gemaakt zijn bij de bestuurlijke overgang van de eilanden als onderdeel van Caribisch Nederland op 10-10-10, is vorig jaar de Commissie Spies ingesteld met de opdracht om de stand van zaken op de eilanden te beoordelen op de bestuurlijke consequenties, de juridische gevolgen en de effecten voor de bevolking. Wellicht raken een aantal geformuleerde aandachtspunten in dit PvA onderwerpen (bestuurlijke consequenties) die ook naar voren zullen komen vanuit de rapportage van de evaluatiecommissie. Los van dit PvA dient de komende maanden ook opnieuw te worden gekeken naar het Meerjarenprogramma Caribisch Nederland 2015 – 2018, zoals dat tijdens de recente CN-week was geagendeerd. Dat programma is het resultaat van intensief overleg tussen het eilandsbestuur en het kabinet waarmee een meerjarenperspectief is aangegeven voor het eiland. De minister schrijft hierover in zijn brief van 10 juni 2015 dat de feitelijke investeringen voor St. ustatius vanuit de Rijksbegroting zijn aangehouden tot het moment dat het bestuur van het Openbaar Lichaam St. ustatius blijk geeft van het onderkennen van de problematiek en bestuurlijk en financieel orde op zaken stelt.",Reparations & Justice,1.0,214,0.056539738968994474
plan-van-aanpak-sint-eustatius.pdf,34,"Het ter hand nemen van het PvA is hier een goed voorbeeld van. De minister heeft overigens laten weten dat de bevolking van St. ustatius geen nadeel zal ondervinden en dat de middelen die in het Meerjarenprogramma zijn opgenomen, in principe gereserveerd blijven voor projecten op het eiland op basis van wederzijdse samenwerking. Zo mogelijk kunnen in samenwerking met het Bestuurscollege de projecten die ten goede komen aan de gemeenschap met goedkeuring van de minister doorgaan, zoals gepland. De plannen rond de implementatie van de kinderbijslag en het minimumloon zullen worden doorgezet, ook voor St. ustatius. Ook projecten die de veiligheid, het toezicht en dergelijke betreffen (zoals renovatie vliegveld, uitbreiding van het cellencomplex), zullen geen hinder ondervinden.",Everyday Racism & Modern Racial Inequality,1.0,140,0.03158838477198505
plan-van-aanpak-sint-eustatius.pdf,63,"17 St. ustatius - Plan van Aanpak Om de mate van integriteit in een organisatie te toetsen, zijn verschillende goede en objectiveerbare toetsingsinstrumenten beschikbaar. Op basis van onderzoeken onder bijvoorbeeld medewerkers, klanten en overige stakeholders kan een beeld worden verkregen van de beleving van integriteit. Van belang is dat medewerkers in een veilige omgeving zaken onder de aandacht kunnen brengen. Actiepunten: 6.",Everyday Racism & Modern Racial Inequality,1.0,78,0.05189028163905901
vijf-jaar-caribisch-nederland-werking-van-de-nieuwe-bestuurlijke-structuur.pdf,21,Nationale ombudsman RCN Rijksdienst Caribisch Nederland SCP Sociaal Cultureel Planbureau VN,Everyday Racism & Modern Racial Inequality,1.0,13,0.06641636265884254
vijf-jaar-caribisch-nederland-werking-van-de-nieuwe-bestuurlijke-structuur.pdf,45,"Hierop heeft ook de uitvoering van de specifieke wettelijke evaluatieverplichtingen in de Wet openbare lichamen Bonaire, Sint ustatius en Saba (WolBS) en de Wet financiën Bonaire, Sint ustatius en Saba (inBS) betrekking. Deze drievoudige doelstelling is door de evaluatiecommissie uiteengelegd in een aantal hoofdvragen met toelichtende deelvragen. Onderstaand worden deze integraal opgenomen. Hoofdvraag 1: Welke kwalitatieve en kwantitatieve criteria voor goed/deugdelijk bestuur kunnen toegepast worden? Hoofdvraag 2:",Reparations & Justice,1.0,90,0.031087109643958447
vijf-jaar-caribisch-nederland-werking-van-de-nieuwe-bestuurlijke-structuur.pdf,58,"fair legal frameworks that are enforced impartially. It also requires full protection of human rights, particularly those of minorities.",Dehumanization & Scientific Racism,1.0,24,0.08811664873841392
vijf-jaar-caribisch-nederland-werking-van-de-nieuwe-bestuurlijke-structuur.pdf,59,Impartial enforcement of laws requires an independent judiciary and an impartial and incorruptible police force.  Transparency means,Dehumanization & Scientific Racism,1.0,22,0.04983355251806568
vijf-jaar-caribisch-nederland-werking-van-de-nieuwe-bestuurlijke-structuur.pdf,60,that decisions taken and their enforcement are done in a manner that follows rules and regulations.,Dehumanization & Scientific Racism,1.0,18,0.06907966469686201
vijf-jaar-caribisch-nederland-werking-van-de-nieuwe-bestuurlijke-structuur.pdf,61,It also means that information is freely available and directly accessible to those who will be affected by such decisions and their enforcement. It also means that enough information is provided and that it is provided in easily,Dehumanization & Scientific Racism,1.0,42,0.06349533661003305
vijf-jaar-caribisch-nederland-werking-van-de-nieuwe-bestuurlijke-structuur.pdf,62,understandable forms and media.  Accountability is a key requirement of good governance. Not only governmental institutions,Dehumanization & Scientific Racism,1.0,23,0.04942612088414352
vijf-jaar-caribisch-nederland-werking-van-de-nieuwe-bestuurlijke-structuur.pdf,63,"but also the private sector and civil society organizations must be accountable to the public and to Noot 5 Working Paper No. 2012/30 Good Governance as a Concept, and Why",Dehumanization & Scientific Racism,1.0,33,0.0744070572401286
vijf-jaar-caribisch-nederland-werking-van-de-nieuwe-bestuurlijke-structuur.pdf,67,depending on whether decisions or actions taken are internal or external to an organization or institution. In general an organization or an institution is accountable,Dehumanization & Scientific Racism,1.0,30,0.09113901900727833
vijf-jaar-caribisch-nederland-werking-van-de-nieuwe-bestuurlijke-structuur.pdf,68,to those who will be affected by its decisions or actions. Accountability cannot be enforced without transparency and the rule of law.,Dehumanization & Scientific Racism,1.0,24,0.08440160909363784
vijf-jaar-caribisch-nederland-werking-van-de-nieuwe-bestuurlijke-structuur.pdf,69, ffectiveness and efficiency. Good governance means that processes and institutions produce results,Dehumanization & Scientific Racism,1.0,17,0.05459066547501039
vijf-jaar-caribisch-nederland-werking-van-de-nieuwe-bestuurlijke-structuur.pdf,70,that meet the needs of society while making the best use of resources at their disposal. The concept of efficiency in the context of good governance also covers the sustainable use of natural resources and the protection of the environment.  Participation by both men and women is a key cornerstone of good governance.,Dehumanization & Scientific Racism,1.0,62,0.03259794256943912
vijf-jaar-caribisch-nederland-werking-van-de-nieuwe-bestuurlijke-structuur.pdf,71,Participation could be either direct or through legitimate intermediate institutions or representatives. It is important to point out that representative democracy does not necessarily mean,Dehumanization & Scientific Racism,1.0,33,0.04472328704985463
vijf-jaar-caribisch-nederland-werking-van-de-nieuwe-bestuurlijke-structuur.pdf,72,that the concerns of the most vulnerable in society would be taken into consideration in decision making. Participation needs to be informed and organized. This means freedom of association and expression on the one hand and an organized civil society on the other hand.,Dehumanization & Scientific Racism,1.0,50,0.1092873041816154
vijf-jaar-caribisch-nederland-werking-van-de-nieuwe-bestuurlijke-structuur.pdf,73, Consensus oriented. There are several actors and as many view points in a given society. Good governance requires mediation of the different interests in society to reach a broad consensus in society on what is in the best interest of the whole community and how this can be achieved. It also requires a broad and long-term perspective on what is needed for sustainable human development and how to achieve the goals of such development. This can only result,Dehumanization & Scientific Racism,1.0,84,0.09661662316374768
vijf-jaar-caribisch-nederland-werking-van-de-nieuwe-bestuurlijke-structuur.pdf,74,"from an understanding of the historical, cultural and social contexts of a given society or community.  Responsiveness. Good governance requires that institutions and processes try to serve all stakeholders within a reasonable timeframe.",Dehumanization & Scientific Racism,1.0,44,0.06383367047352731
vijf-jaar-caribisch-nederland-werking-van-de-nieuwe-bestuurlijke-structuur.pdf,77,"from the mainstream of society. This requires all groups, but particularly the most vulnerable, have opportunities to improve or maintain their well being. Binnen het onderzoek worden bovenstaande beginselen gebruikt als toetsingskader voor de uitvoeringspraktijk (zie hoofdstuk 8).",Dehumanization & Scientific Racism,1.0,47,0.0674574165094179
rcn-rapport-kwalitatief-onderzoek.pdf,65,"De respondenten menen dat de effectiviteit hoger zou zijn als de campagne “quick en dirty” is. Korte tekst, in bulletpoints, met weinig woorden. “Waar gaat het om, maak dat meteen duidelijk. ” Beeldmateriaal moet kloppen met de tekst, liefst met een herkenbaar, steeds terugkerend logo, speciaal voor de verkiezingen, zeggen zij. nkele deelnemers merkten op dat de campagne duidelijker zou zijn als stembiljetten en/of stemlokalen waren gebruikt voor het beeldmateriaal.",Everyday Racism & Modern Racial Inequality,1.0,84,0.030473145977474025
rcn-rapport-kwalitatief-onderzoek.pdf,90,"” Alle deelnemers op Bonaire waren op de hoogte van de aankomende verkiezingen, ook al had bijna de helft niets meegekregen van de informatie van RCN. Deze bekendheid is vooral te danken, meent men, aan de politieke partijen die duidelijk zichtbaar waren in de samenleving, middels vlaggen, billboards, gesprekken op de radio, artikelen in de kranten en ‘optochten’, hetzij lopend of rijdend. Ook legden partijen huis aan huis bezoeken af en werd er onderling met vrienden, familie, collega’s over gesproken. De onbekendheid met de filosofie van de politieke partijen heeft sommige respondenten ervan weerhouden om te gaan stemmen. De best gewaardeerde media (TV, informatiefolder, Q&A-folder), waren door de meeste participanten niet eerder opgemerkt.","Remembrance, Heritage & Education",1.0,133,0.035661828403429005
rapportage-burgerbrieven-vws-2014.pdf,0,"1 Rapportage burgerbrieven VWS 2014 Algemeen Het Ministerie van Volksgezondheid, Welzijn en Sport (VWS) rapporteert hierbij over de periode 1 januari 2014 tot en met 31 december 2014 betreffende het kerndepartement en de onder VWS ressorterende uitvoeringsorganisaties en inspecties. Ook dit jaar is getracht zoveel als mogelijk aan te sluiten bij de rapportage van de Nationale Ombudsman uit 2008 getiteld: ‘",Everyday Racism & Modern Racial Inequality,1.0,76,0.04035017160842811
rapportage-burgerbrieven-vws-2014.pdf,15,"In 308 (t.i. 151 nieuwe aanvragen en 157 verlengingen) van de gevallen voldeed het verzoek aan de voorwaarden en werd toestemming gegeven. r werden 5 verzoeken afgewezen. In 31 gevallen was de aangeleverde informatie van de kant van de verzoeker niet afdoende, hetgeen gecommuniceerd werd met de verzoeker, of kon de verzoeker de gevraagde informatie niet leveren, waarna een intrekking van het verzoek volgde of verdere behandeling door de inspectie uitbleef. De inspectie hanteert een (wettelijke) termijn van acht weken voor het beoordelen/afhandelen van verzoeken om toestemming voor het afleveren van ongeregistreerde geneesmiddelen op artsenverklaring. Bevoegden voor het afleveren van een ongeregistreerd geneesmiddel op artsenverklaring Aantal aanmeldingen 2013",Reparations & Justice,1.0,135,0.032398007132300254
evaluatie-inzet-nederlandse-militairen-2014.pdf,52,"Medio 2014 heeft het de controle over Homs teruggekregen. VN-gezant De Mistura heeft diplomatieke inspanningen ondernomen om de verschillende partijen in Syrië en in de regio ertoe te bewegen tot overeenstemming te komen over lokale wapenstilstanden (zogenoemde ‘freeze zones’), waarbij is gefocust op de stad Aleppo. In 2014 zijn op dit vlak nog geen resultaten geboekt. De humanitaire situatie voor Syrische burgers is verder verslechterd. Naar schatting hebben 12,1 miljoen mensen in Syrië en de buurlanden dringend hulp nodig.",Colonial Exploitation & Economic Inequality,1.0,93,0.04276073332746506
evaluatie-inzet-nederlandse-militairen-2014.pdf,53,"Hiervan verblijven vijf miljoen mensen in de belegerde en moeilijk bereikbare gebieden, zoals in en rondom de steden Kobani en Aleppo. De conferentie in Berlijn van eind oktober 2014 zette de opvang van vluchtelingen in de omringende landen opnieuw op de agenda. en van de doelstellingen van het nieuwe Relief und is om de zelfredzaamheid van vluchtelingen in gastlanden te vergroten, alsmede een bijdrage te leveren aan een betere balans tussen ondersteuning van vluchtelingen en gastgemeenschappen. 8 KST 32623, nr. 136. 9",Everyday Racism & Modern Racial Inequality,1.0,97,0.052956368005050075
evaluatie-inzet-nederlandse-militairen-2014.pdf,57,"Hoewel Turkije zich steeds gastvrij heeft opgesteld, ondervindt het land steeds meer hinder van de groeiende druk op voorzieningen en van de aanwezigheid van jihadisten. Samenhang De inzet van Patriots in Turkije had, in samenhang met Nederlandse politieke, diplomatieke en humanitaire inspanningen, als doel de bevolking en het grondgebied van NAVO-bondgenoot Turkije te beschermen door het onderscheppen van eventueel inkomende ballistische raketten en zo bij te dragen aan de de-escalatie van de crisis langs de zuidoostelijke grenzen van het bondgenootschap. Nederland heeft de diplomatieke inspanningen van VN-gezant De Mistura en de door hem voorgestelde bottom-up aanpak van lokale ’freeze zones’ gesteund. Nederland steunde de Syrische gematigde oppositie omdat zij een belangrijke gesprekspartner is: zowel op het terrein van een politieke oplossing (tegengaan van straffeloosheid, uiteindelijk Assad dwingen om naar de onderhandelingstafel te gaan) als in de strijd tegen ISIS en andere jihadistische organisaties.",Colonial Exploitation & Economic Inequality,1.0,178,0.03592667447526195
evaluatie-inzet-nederlandse-militairen-2014.pdf,77,"Pagina 13 van 46 ontevredenheid onder de Iraakse bevolking te verminderen en de voedingsbodem voor extremisme en steun aan ISIS weg te nemen. Het Nederlandse kabinet speelt een actieve rol in het bevorderen van coördinatie en voortgang op deze gebieden (politiek, militair, humanitair), door bij de U, de VN en de coalitie aan te dringen op inbedding van de coalitie inspanningen in een bredere, overkoepelende, politieke strategie en mede leiding te nemen over een, aan de coalitie gelieerde, werkgroep over oreign Terrorist ighters. Daarnaast zet Nederland zich bilateraal in voor ondersteuning van VN programma’s die in Irak de voorwaarden scheppen voor goed uitgevoerd beleid, zoals bijvoorbeeld UNDP’s inspanningen op veiligheidsterrein. De VN zet experts in, in U-, VN- en coalitiekader, en in de eigen bilaterale contacten met de regering in Bagdad. Voor de U ziet het kabinet een belangrijke diplomatieke rol weggelegd, omdat deze meer gewicht in de schaal legt dan individuele lidstaten.",Everyday Racism & Modern Racial Inequality,1.0,182,0.03329192879930606
evaluatie-inzet-nederlandse-militairen-2014.pdf,78,"Nederland steunt de VN (UN Assistance Mission for Iraq) bij het geven van politiek en technisch advies en assistentie aan de Iraakse regering voor wettelijke hervormingen die ten grondslag (kunnen) liggen aan politieke oplossingen en reconciliatie. De VN doet dit door middel van experts, die juridische en politieke ondersteuning bieden aan verschillende politieke, religieuze en maatschappelijke leiders bij het aannemen en hervormen van essentiële wetgeving. Hierdoor wordt de rechtspositie van de verschillende groeperingen binnen Irak beter gewaarborgd. Nederland heeft sinds juni 2014 een humanitaire bijdrage van UR 17,3 miljoen geleverd om de noden van Internally Displaced Persons (IDP’s) in Irak te verlichten. Op korte tot middellange termijn is een harde aanpak noodzakelijk om de opmars van ISIS een halt toe te roepen.",Reparations & Justice,1.0,146,0.057961070843189966
jaarbericht-2014.pdf,15,"Vragen en onzekerheden over bijvoorbeeld de continuïteit van de hulp, de toereikendheid van het gemeentelijk budget voor de jeugdhulp en hoe het werk er vanaf 2015 zou gaan uitzien. Nu we in 2015 zijn aanbeland, wordt de weg verder ingezet naar de transformatie en lijken de vragen iets te zijn afgenomen en is de onzekerheid kleiner geworden, maar nog altijd aanwezig. Met de Jeugdwet als basis zal de beoogde transformatie zeker nog voor verdere veranderingen en aanpassingen zorgen. De inspectie lette het afgelopen jaar speciaal op signalen dat de kwaliteit van de zorg niet achteruit ging of dat de veiligheid van jeugdigen onder druk stond. Die oplettendheid blijft onverkort nodig en mag ook in 2015 van de inspectie worden verwacht.",Everyday Racism & Modern Racial Inequality,1.0,133,0.038416093382714955
2b-hoge-colleges-van-staat.pdf,32,"De Minister van Binnenlandse Zaken en Koninkrijksrelaties is verantwoor- delijk voor de beschikbaarheid van een voldoende begroting en het beheer van de begroting van de Overige Hoge Colleges van Staat en Kabinetten van de Gouverneurs. De Colleges voeren zelf het beheer over hun begroting of hun begrotingsdeel. Over de inhoud van dit beheer bestaan afspraken (de zogenaamde beheersafspraken) tussen de Minister en de colleges, waarin recht gedaan wordt aan hun staatsrechtelijke positie.1 C. Beleidsconclusies De Afdeling advisering Taak van de Afdeling advisering is het op de meest doelmatige en kwalitatief goede wijze afdoen van binnengekomen adviesaanvragen. Tijdigheid, kenbaarheid en voorspelbaarheid zijn daarbij belangrijke kernbegrippen.",Reparations & Justice,1.0,134,0.033048747262340326
2b-hoge-colleges-van-staat.pdf,60,"Daarbij toetst zij ook de nakoming van verplichtingen die Nederland in internationaal verband is aangegaan. De Algemene Rekenkamer voorziet de regering, de Staten-Generaal en degenen die verantwoordelijk zijn voor de aan het Rijk verbonden organen van bruikbare en relevante informatie, aan de hand waarvan zij kunnen bepalen of het beleid van een Minister rechtmatig, doelmatig en doeltreffend is uitgevoerd. De Algemene Rekenkamer keurt de rekening van uitgaven en ontvangsten van het Rijk goed. Jaarlijks stelt de Algemene Rekenkamer haar onder- zoeksprogramma vast en bepaalt zij zelf wat zij openbaar maakt. Zij voorziet de regering, de Staten-Generaal en degenen die verantwoordelijk zijn voor de gecontroleerde organen van informatie.",Everyday Racism & Modern Racial Inequality,1.0,129,0.035787536608318016
2b-hoge-colleges-van-staat.pdf,83,"Over de inhoud van dit beheer bestaan afspraken (de zogenoemde beheerafspraken) tussen de Minister en de colleges, waarin recht gedaan wordt aan hun staatsrechtelijke positie3. In artikel 78a van de Grondwet is vastgelegd dat er een Nationale ombudsman is. In deze wet zijn de institutionele regels opgenomen. De Algemene wet bestuursrecht (AWB) ten slotte geeft de procedurele kaders voor het handelen door de Nationale ombudsman. In de hoofdstukken IIA en IIB van de Wet Nationale ombudsman is vastgelegd dat er een Kinderombudsman en een Veteranenombudsman is.",Everyday Racism & Modern Racial Inequality,1.0,103,0.04601622515012388
2b-hoge-colleges-van-staat.pdf,87,"De Nationale ombudsman kan zijn functie alleen vervullen als hij bekend is bij mensen die hem nodig hebben en bij de overheid. De financiële middelen voor zijn voorlichtingsbeleid worden vooral ingezet voor zijn vindbaarheid en toegankelijkheid voor kwetsbare groepen. 2. De mate waarin de ambtsdrager invloed heeft op het beleidsterrein: Bij de uitvoering van de wettelijke taken is de invloed van de Nationale ombudsman, de Kinderombudsman en Veteranenombuds- man groot.",Everyday Racism & Modern Racial Inequality,1.0,86,0.04857565357219304
4-koninkrijksrelaties.pdf,29,"Sinds 10 oktober 2010 zijn Curaçao en Sint Maarten zelfstandige landen binnen het Koninkrijk en zijn Bonaire, Sint ustatius en Saba openbare lichamen binnen het land Nederland. Caribisch Nederland Met het afronden van de staatkundige hervormingen van 2010 is de relatie tussen Nederland en de openbare lichamen nog niet af. Belangrijke thema’s zijn en blijven de verdere ontwikkeling van de eilanden, de evaluatie van de zogenoemde BS-wetgeving van de openbare lichamen, de evaluatie van de justitiële rijkswetten van toepassing op Caribisch Nederland, de legislatieve terughoudendheid en de overheidsfinanciën van de openbare lichamen. In 2014 is veel aandacht besteed aan de organisatie van de Rijkscoördi- natie, vooruitlopend op de evaluatie van de uitwerking van de nieuwe staatkundige structuur van Bonaire, Sint ustatius en Saba. en commissie onder voorzitterschap van de heer Van Gastel heeft op 21 maart 2014 aanbevelingen gedaan over het verbeteren van de Rijkscoördinatie (Kamerstukken II, 2013–2014, 33 750 IV, nr. 35).",Reparations & Justice,1.0,184,0.03531440979041027
4-koninkrijksrelaties.pdf,77,"Bij Voorjaarsnota 2014 is de regeling Kustwacht en grensbewaking gesplitst in twee aparte regelingen te weten Grensbewaking en Kustwacht. Toelichting op de financiële instrumenten 1.1. Rechterlijke macht/samenwerkingsmiddelen Kustwacht Bijdragen aan andere begrotingshoofdstukken Grensbewaking Sinds 2008 levert een flexibele pool van 43 fte van de Koninklijke Marechaussee (KMar) een bijdrage aan de bestrijding van de geweldscri- minaliteit, het grens- en vreemdelingentoezicht, de bestrijding van mensensmokkel en -handel, en de bestrijding van drugssmokkel via de luchthavens.",Everyday Racism & Modern Racial Inequality,1.0,104,0.03804153908316229
h-bes-fonds.pdf,11,"200 H, nr. 1 3 Algemeen Dechargeverlening door de Tweede Kamer Onder verwijzing naar artikel 64 van de Comptabiliteitswet 2001 verklaart de voorzitter van de Tweede Kamer der Staten-Generaal dat de Tweede Kamer aan het hiervoor gedane verzoek tot dechargever- lening tegemoet is gekomen door een daartoe strekkend besluit, genomen in de vergadering van De voorzitter van de Tweede Kamer, Handtekening: Datum: Op grond van artikel 64, tweede lid, van de Comptabiliteitswet 2001 wordt dit originele exemplaar van het onderhavige jaarverslag, na onderte- kening van de hierboven opgenomen verklaring, ter behandeling doorgezonden aan de voorzitter van de erste Kamer. Dechargeverlening door de erste Kamer",Reparations & Justice,1.0,126,0.09334064235930617
9-financien.pdf,30,"Het besluit tot dechargeverlening kan niet worden genomen, voordat de betrokken slotwet is aangenomen en voordat de verklaring van goedkeuring van de Algemene Rekenkamer is ontvangen. De Minister van inanciën, J.R.V.A. Dijsselbloem Tweede Kamer, vergaderjaar 2014–2015, 34 200 IX, nr. 1 6 Algemeen Dechargeverlening door de Tweede Kamer Onder verwijzing naar artikel 64 van de Comptabiliteitswet 2001 verklaart de voorzitter van de Tweede Kamer der Staten-Generaal dat de Tweede Kamer aan het hiervoor gedane verzoek tot dechargever- lening tegemoet is gekomen door een daartoe strekkend besluit, genomen in de vergadering van De voorzitter van de Tweede Kamer, Handtekening: Datum: Op grond van artikel 64, tweede lid van de Comptabiliteitswet 2001 wordt dit originele exemplaar van het onderhavige jaarverslag, na onderte- kening van de hierboven opgenomen verklaring, ter behandeling doorgezonden aan de voorzitter van de erste Kamer.",Reparations & Justice,1.0,166,0.10713988695223388
9-financien.pdf,155,"1 Zie voor de actuele stand over de uitgekeerde tranches ook de website van de uropese Commissie http://ec.europa.eu/economy_finance/eu_borrower/efsm/index_en.htm, de website van het IM http://www.imf.org/external/country/index.htm, de website van het S: www.efsf.europa.eu en de website van het SM: www.esm.europa.eu. In deze tabel is gerekend met de wisselkoers ultimo 2014 voor de IM-leningen. G. Garantie DNB-winstafdracht",Dehumanization & Scientific Racism,1.0,82,0.05374672033891872
9-financien.pdf,157,"In 2008/2009 heeft De Nederlandsche Bank na het faillissement van Landsbanki een bedrag uitgekeerd van € 1,6 miljard aan de deposito- houders. Hiervan namen de Nederlandse banken € 208 miljoen voor hun rekening en de Nederlandse Staat € 1,4 miljard. De resterende vordering is verkocht en voorziet in een opbrengst voor de Nederlandse Staat van circa € 623 miljoen in 2014. Door de verkoop van de hoofdsom bestaat het bedrag op de balans alleen uit de opgebouwde rente van € 158,8 miljoen. Tweede Kamer, vergaderjaar",Colonial Exploitation & Economic Inequality,1.0,95,0.08507189274478433
13-economische-zaken.pdf,26,"Het besluit tot dechargeverlening kan niet worden genomen, voordat de betrokken slotwet is aangenomen en voordat de verklaring van goedkeuring van de Algemene Rekenkamer is ontvangen. De Minister van conomische Zaken, H.G.J. Kamp Tweede Kamer, vergaderjaar 2014–2015, 34 200 XIII, nr. 1 6 Dechargeverlening door de Tweede Kamer Onder verwijzing naar artikel 64 van de Comptabiliteitswet 2001 verklaart de voorzitter van de Tweede Kamer der Staten-Generaal dat de Tweede Kamer aan het hiervoor gedane verzoek tot dechargever- lening tegemoet is gekomen door een daartoe strekkend besluit, genomen in de vergadering van De Voorzitter van de Tweede Kamer, Handtekening: Datum: Op grond van artikel 64, tweede lid van de Comptabiliteitswet 2001 wordt dit originele exemplaar van het onderhavige jaarverslag, na onderte- kening van de hierboven opgenomen verklaring, ter behandeling doorgezonden aan de voorzitter van de erste Kamer.",Reparations & Justice,1.0,166,0.10668922437024478
5-buitenlandse-zaken.pdf,52,"In 2014 stonden de bescherming van mensenrechtenverdedigers, gelijke rechten voor lesbiennes, homo’s, biseksuelen en transgenders (LHBT), vrouwenrechten, de vrijheid van godsdienst en levensovertuiging, vrijheid van meningsuiting (online en offline), het tegengaan van massale wreedheden en bescherming van burgers in conflictgebieden centraal. Inzet op deze onderwerpen zal ook in het komende jaar onverminderd worden voortgezet. Samen met gelijkgezinden heeft Nederland in 2014 actief ingezet op bevordering van gelijke rechten voor LHBT’s wereldwijd. Dat gebeurde bijvoorbeeld tijdens de AVVN-top in september 2014 waar de Minister van Buitenlandse Zaken een bijeenkomst over dit onderwerp voorzat in aanwezigheid van onder andere de Hoge Commissaris voor de Mensen- Tweede Kamer, vergaderjaar 2014–2015, 34 200 V, nr. 1 13 Beleidsverslag rechten Zeid, Secretary of State Kerry en de Argentijnse Minister van Buitenlandse Zaken. Vanuit het Mensenrechtenfonds zijn diverse projecten gesteund in onder andere Pakistan en Zuid-Afrika.",Everyday Racism & Modern Racial Inequality,1.0,177,0.03886059100988785
5-buitenlandse-zaken.pdf,56,"Deze organisatie bouwt online platforms om een stem te geven aan mensen die zich inzetten voor de mensenrechten. De platforms creëren een omgeving waar door (jonge) mensen kan worden gesproken over onderwerpen die taboe zijn in delen van het Midden-Oosten, zoals gelijke rechten voor LHBT, gelijke rechten voor religieuze en etnische minderheden zoals Baha’i en Koerden en de bescherming van arbeidsmigranten die onder moeilijke omstandigheden leven in grote delen van het Midden-Oosten. De websites zijn toegankelijk en interactief, zodat de boodschap breed wordt uitgedragen. Op het gebied van de vrijheid van godsdienst en levensovertuiging heeft Nederland verschillende projecten opgezet in 2014. Zo heeft Nederland voor de tweede keer de South Caucasus Regional Conference on reedom of Religion and Belief in Tbilisi georganiseerd.",Everyday Racism & Modern Racial Inequality,1.0,142,0.05902456656966382
5-buitenlandse-zaken.pdf,64,"Om kritiek uit een aantal Afrikaanse landen te adresseren, organiseerde Nederland (in samenwerking met het Internati- onaal Strafhof en Noorwegen) twee seminars in Afrika over samen- werking met het Internationaal Strafhof. Ook werd een bezoekerspro- gramma georganiseerd voor ranstalige Afrikaanse journalisten en bloggers. Het Libanontribunaal is in 2014 gestart met de eerste rechtszaak. De VN-tribunalen en het Special Court Sierra Leone zijn in goed overleg met Nederland overgegaan in Restmechanismes, waarvoor zetelverdragen zijn uitgewerkt. Ter bevordering van de internationale rechtsorde, en dan met name de capaciteit van landen om op nationaal niveau aan opsporing en vervolging te doen voor genocide, misdrijven tegen de menselijkheid en oorlogsmisdrijven, heeft Nederland zich samen met Argentinië, België en Slovenië ook in 2014 ingespannen voor een multilateraal verdrag betreffende Rechtshulp en Uitlevering bij Internationale Misdaden (MVRUIM).","Remembrance, Heritage & Education",1.0,168,0.06578170932005177
10-defensie.pdf,59,"De Van Ghentkazerne in Rotterdam blijft behouden op grond van de uitkomsten van de business case waarin de gemeente Rotterdam en het Ministerie van Veiligheid en Justitie medegebruik gaan maken van de Van Ghentkazerne (Kamerstuk 33 763, nr. 37). • Bij de Koninklijke Marechaussee wordt de regionale indeling van capaciteiten vervangen door een benadering die berust op informatie- gestuurd optreden. In dit kader is in het najaar het Landelijk Tactisch Commando (LTC) van de Koninklijke Marechaussee opgericht. De militaire politietaken nemen minder af dan verwacht. De financiële taakstelling die hiermee samenhangt zal met doelmatigheidswinst van informatiegestuurd optreden worden bereikt.",Everyday Racism & Modern Racial Inequality,1.0,122,0.035263710218206366
17-buitenlandse-handel.pdf,41,"Groei moet duurzaam en inclusief zijn, in Nederland en in de rest van de wereld. Daar speelt Nederland met de combinatie van Buitenlandse Handel en Ontwikkelings- samenwerking (BH&OS) in één portefeuille op in. Het belang van inclusiviteit vertaalde zich onder meer in speciale aandacht voor de armste landen en kwetsbare groepen, vooral door stevig in te zetten op gelijke rechten en kansen voor vrouwen. en belangrijk moment in 2014 was het van start gaan van het Dutch Good Growth und (DGG) op 1 juli. Dit revolverende fonds verkleint de risico’s voor investeringen van het bedrijfsleven in lage- en middeninko- menslanden en vormt zo een stimulans voor werkgelegenheid, productie- capaciteit en kennisoverdracht.",Everyday Racism & Modern Racial Inequality,1.0,129,0.06778929505287681
17-buitenlandse-handel.pdf,44,"Uiteraard blijft de bilaterale relatie een breed spectrum van onderwerpen beslaan, ook wanneer sprake is van een handelsrelatie. en goed voorbeeld is de inzet van Nederland om de arbeidsomstandigheden in de textielsector in Bangladesh te verbeteren: daar komen hulp en handel immers samen. en jaar na de instorting van Rana Plaza is belangrijke voortgang gemaakt in het doordringen van de lokale overheid en de betrokken bedrijven van hun wederzijdse belang bij een goede, transparante manier van werken. Ketenverduurzaming, zoals van de textielsector in Bangladesh, de steenkoolketen in Colombia of de projecten waar het Initiatief Duurzame Handel (IDH) vorderingen mee maakt zijn essentiële stappen op weg naar duurzame en inclusieve groei waar handel en investeringen een positieve rol in spelen.",Everyday Racism & Modern Racial Inequality,1.0,144,0.049887678482333817
17-buitenlandse-handel.pdf,46,"De inspanningen om antimisbruikbepalingen op te nemen in de bilaterale belastingverdragen met 23 ontwikkelingslanden, zijn voortgezet. Tevens is technische assistentie aan belastingdiensten in ontwikkelingslanden geïntensiveerd. Op handelspolitiek terrein heeft de WTO in 2014 een doorbraak behaald op het gebied van handelsfacilitatie. Dit geeft een belangrijke impuls aan de toegang tot de wereldhandel voor lage- en middeninkomenslanden. Ook het afsluiten van de conomische Partnerschapsakkoorden is in 2014 in een nieuwe fase gekomen.",Colonial Exploitation & Economic Inequality,1.0,103,0.03458128254202436
17-buitenlandse-handel.pdf,48,"Dat betekent onder meer het verstrekken van directe hulp, maar ook het aangrijpen van verschillende oorzaken van armoede. De inzet op de speerpunten water, voedselzekerheid, veiligheid en rechtsorde, en seksuele en reproductieve gezondheid en rechten (SRGR) heeft tot goede resultaten geleid. Door de Nederlandse inzet is de toegang tot water en sanitatie verbeterd en is een bijdrage geleverd aan verhoogde waterproductiviteit in de landbouw, verbeterde stroomgebied- beheer en veilige delta’s. r is samen met de private sector gewerkt aan verbetering van landbouw en voedselproductie in de minst ontwikkelde landen. Tegelijkertijd zijn initiatieven ontplooid die de positie en organi- satie van kleinschalige boeren, met name vrouwen, versterken en de strijd tegen ondervoeding adresseren.",Colonial Exploitation & Economic Inequality,1.0,138,0.05221789573718502
17-buitenlandse-handel.pdf,51,"De extra middelen werden ingezet voor noodhulp aan Syrië, Zuid-Sudan, de Centraal Afrikaanse Republiek, Irak en de bestrijding van ebola. Het nieuwe marineschip Karel Doorman werd ingezet bij de bestrijding van ebola. Ter bestrijding van chronische crises in de Hoorn van Afrika en Grote Meren werden partnerschappen aangegaan met NGO’s. Vrouwenrechten en gendergelijkheid zijn prioritaire thema’s en verdienden een betere inbedding in het ministerie. Om die reden werd de Taskforce Vrouwenrechten en Gendergelijkheid opgericht.",Everyday Racism & Modern Racial Inequality,1.0,94,0.038012056019430925
17-buitenlandse-handel.pdf,66,en «groene goederen akkoord» kan een stimulans voor groene groei vormen. De Nederlandse inzet op versterking van het internationaal handels- systeem ging gepaard met aandacht voor internationaal verantwoord ondernemen. In 2014 kwam de Sector Risico Analyse gereed van de maatschappelijke risico’s in de productieketens van Nederlandse economische sectoren. De SRA werd geïnitieerd naar aanleiding van de Rana Plaza ramp in Bangladesh. Met alle relevante sectoren en maatschappelijke organisaties zijn gesprekken gevoerd over de stappen die nu nodig zijn om tot een MVO-convenant te komen.,Colonial Exploitation & Economic Inequality,1.0,104,0.055679288568857434
7-binnenlandse-zaken-en-koninkrijksrelaties.pdf,33,"– het toewerken naar een informatievoorziening met weinig administra- tieve lasten; – het uitwerken van een visie op het gebruik van persoonsgegevens in relatie tot privacy van burgers; – het bieden van ondersteuning aan gemeenten op het gebied van bedrijfsvoering; – het faciliteren van regionale afspraken over samenwerking en risicoverevening; – het informeren van gemeenten, onder andere via de organisatie van congressen.",Everyday Racism & Modern Racial Inequality,1.0,79,0.04441532611029278
7-binnenlandse-zaken-en-koninkrijksrelaties.pdf,34,"De Transitiecommissie Sociaal Domein (TSD), die in 2014 is opgericht, volgt ontwikkelingen in het sociaal domein en maakt onzekerheden en kansen bespreekbaar. De TSD rapporteert aan de regietafel waar de desbetreffende bewindspersonen, de Vereninging Nederlandse Gemeenten (VNG) en een aantal gemeenten onder voorzitterschap van de Minister van Binnenlandse Zaken en Koninkrijksrelaties samen de voortgang bespreken. Samenwerkingsverbanden Alle gemeenten hebben zich aangesloten bij samenwerkingsverbanden voor de organisatie van de gedecentraliseerde taken in het sociaal domein. Het Ministerie van Binnenlandse Zaken en Koninkrijksrelaties heeft in 2014 op verschillende manieren gemeenten ondersteund bij de vorming van deze gemeentelijke samenwerkingsverbanden.",Everyday Racism & Modern Racial Inequality,1.0,135,0.04392274511590769
7-binnenlandse-zaken-en-koninkrijksrelaties.pdf,56,Personen (GBA). Hiermee is ondermeer gestart met het registreren van niet-ingezetenen en is de bestuurlijke boete ingevoerd voor burgers bij overtreding van hun aangifteverplichtingen. De norm van 99% betrouw- baarheid van alle gegevens is in 2014 behaald. De Kamer is over de voortgang bij de verhoging van de kwaliteit van de gegevens in de BRP gerapporteerd7. Met de inwerkingtreding van de Wet BRP is tevens de modernisering van de GBA gewijzigd in de Operatie BRP.,Everyday Racism & Modern Racial Inequality,1.0,88,0.03912607430679667
7-binnenlandse-zaken-en-koninkrijksrelaties.pdf,66,"Dit bevordert de mobiliteit van personeel tussen sectoren, maar ook daarbinnen. Ook bevorderen deze netwerken de begeleiding van medewerkers van werk naar werk. Naast West-Brabant zijn nu ook in de regio’s Rijnmond, de Metropoolregio Amsterdam, de regio Arnhem-Nijmegen en de regio Oost-Brabant dergelijke netwerken opgestart. Arbeidsgehandicapten In het sociaal akkoord is afgesproken dat de overheid 25.000 extra banen zal openstellen voor tot de doelgroep behorende arbeidsbeperkten.",Colonial Exploitation & Economic Inequality,1.0,86,0.048820711741446095
7-binnenlandse-zaken-en-koninkrijksrelaties.pdf,67,"In december 2014 heeft het Uitvoeringsinstituut Werknemersverzekeringen (UWV) een nulmeting uitgevoerd in opdracht van de Minister van Sociale Zaken en Werkgelegenheid. Hieruit bleek dat 17,4% van de totale doelgroep arbeidsbeperkten werkt (of is gedetacheerd) bij de overheid of in het onderwijs. Binnen de overheidsectoren lopen diverse initiatieven om extra banen voor arbeidsbeperkten te realiseren. en eerste tussen- stand van het aantal extra gerealiseerde banen bij de overheid is begin 2016 bekend. Normaliseren van de rechtspositie van ambtenaren.",Everyday Racism & Modern Racial Inequality,1.0,100,0.03933206472764335
12-infrastructuur-en-milieu.pdf,47,De benaming van de artikelonderdelen van artikel 21 Duurzaamheid is gewijzigd teneinde het artikel te doen aansluiten op ontwikkelingen in het werkveld. Afronding conversie Als gevolg van de vorming van het Ministerie van Infrastructuur en Milieu is de structuur van de begroting 2013 ingrijpend veranderd. In deze begroting zijn in het verlengde hiervan de artikelen 1 tot en met 10 verwijderd.,Reparations & Justice,1.0,71,0.053793286407930706
0-2-internetbijlagen-bij-het-fjr-2014.pdf,156,"De laatste categorie omvat alle overboekingen, desalderingen, statistische correcties en mutaties die niet onder een ijklijn vallen. Mutaties worden toegelicht indien ze een bepaalde ondergrens overschrijden. De onder- grens is afhankelijk van de omvang van de begroting en verschilt voor de verschillende categorieën mutaties. De post diversen bevat de mutaties die onder de ondergrens vallen en wordt in principe alleen toegelicht indien zich bijzonderheden voordoen. De totalen per begroting worden in eerste instantie gepresenteerd exclusief de bedragen die onder de Homogene Groep Internationale Samenwerking (HGIS) vallen.",Reparations & Justice,1.0,102,0.030249823883055187
15-sociale-zaken-en-werkgelegenheid.pdf,62,De noodzakelijke bijstellingen in de overheidsuitgaven zijn overigens gehandhaafd door een alternatieve invulling. In paragraaf 3.2 wordt eerst ingegaan op de belangrijkste wetstrajecten in de sociale zekerheid en arbeidsmarkt voortkomend uit het regeerakkoord van het kabinet Rutte/Asscher en het begrotingsakkoord 2014. Ook wordt ingegaan op het beleid voor de arbeidsmarkt en de pensioenen en de wijze waarop in Nederland de aanbevelingen van de uropese Commissie zijn opgevolgd. Vervolgens wordt in paragraaf 3.3 de economische ontwikkeling aan de hand van enkele kerncijfers aangegeven. Hierbij wordt een vergelijking gemaakt tussen de raming bij de opstelling van de begroting en de realisaties.,Everyday Racism & Modern Racial Inequality,1.0,126,0.036243225807639466
15-sociale-zaken-en-werkgelegenheid.pdf,69,De tussentijd wordt benut voor een onderzoek naar het effect van de kostendelersnorm in de AOW op de mantelzorg. en andere belangrijke hervorming op de arbeidsmarkt betreft de invoering van de Wet werk en zekerheid. In deze wet is opgenomen dat het ontslagrecht eerlijker en eenvoudiger wordt. Alle werknemers krijgen na een dienstverband van minimaal twee jaar recht op een transitiever- goeding die bijvoorbeeld kan worden gebruikt voor omscholing naar ander werk. De positie van werknemers met tijdelijke contracten wordt verbeterd.,Everyday Racism & Modern Racial Inequality,1.0,100,0.034822055144793126
15-sociale-zaken-en-werkgelegenheid.pdf,71,"In cao’s kunnen werkgevers en werknemers afspraken maken over aanvullingen. Nog een belangrijke hervorming uit het regeerakkoord is de vereenvou- diging van de kindregelingen. Per 2015 is het aantal kindregelingen teruggebracht van 10 naar 4, namelijk de kinderbijslag, het kindgebonden budget, de combinatiekorting en de kinderopvangtoeslag. Met het consolideren van deze kindregelingen wordt structureel circa € 0,5 miljard bespaard. Door deze nieuwe wet gaan alleenstaande ouders die tegen het minimumloon (gaan) werken er in inkomen op vooruit.",Everyday Racism & Modern Racial Inequality,1.0,100,0.030716812953994584
15-sociale-zaken-en-werkgelegenheid.pdf,73,"In 2014 is deze regeling aangepast zodanig dat werkgevers meer gebruik kunnen gaan maken van deze regeling. Het is vanaf 1 juli 2015 toegestaan deze korting toe te passen op dienstverbanden van 24 uur per week in plaats van 32 uur of meer. Met het «Actieplan 55+ werkt» is al € 67 miljoen beschikbaar gesteld voor oudere werkzoekenden met een WW-uitkering. Zij kunnen een scholings- bijdrage ontvangen, deelnemen aan sollicitatietrainingen of inspiratie- dagen bijwonen waar werkgevers en werkzoekenden elkaar ontmoeten. Ook krijgen uitzendbureaus een bonus als ze 55-plussers succesvol bemiddelen.",Everyday Racism & Modern Racial Inequality,1.0,110,0.04421436289470529
15-sociale-zaken-en-werkgelegenheid.pdf,80,"Het meer preventieve deel van deze aanpak wordt geïnitieerd vanuit SZW. Zo zullen onder meer gezinnen waar radicalisering dreigt ondersteuning kunnen krijgen van het adviespunt voor familieondersteuning. De verspreiding op de sociale media van radicaliserende, haatzaaiende, gewelddadige jihadistische content wordt bestreden en er wordt geïnvesteerd in meer samenwerking met betrokken organisaties, zodat deze organisaties effectiever kunnen optreden in de aanpak van jihadisme. Het wetsvoorstel aanpak schijnconstructies is op 3 maart 2015 aanvaard in de Tweede Kamer en betreft verschillende maatregelen om onderbetaling aan te pakken. en onderdeel van de wet is een ketenaansprakelijkheid waarbij naast de werkgever ook de opdrachtgever aansprakelijk gesteld kan worden wanneer het loon niet conform de collectieve arbeidsvoor- waarden wordt uitbetaald.",Everyday Racism & Modern Racial Inequality,1.0,149,0.030498242736123435
6-veiligheid-en-justitie.pdf,23,"Het besluit tot dechargeverlening kan niet worden genomen, voordat de betrokken Slotwet is aangenomen en voordat de verklaring van goedkeuring van de Algemene Rekenkamer is ontvangen. De Minister van Veiligheid en Justitie, G.A. van der Steur Tweede Kamer, vergaderjaar 2014–2015, 34 200 VI, nr. 1 5 Dechargeverlening door de Tweede Kamer Onder verwijzing naar artikel 64 van de Comptabiliteitswet 2001 verklaart de voorzitter van de Tweede Kamer der Staten-Generaal dat de Tweede Kamer aan het hiervoor gedane verzoek tot dechargever- lening tegemoet is gekomen door een daartoe strekkend besluit, genomen in de vergadering van De Voorzitter van de Tweede Kamer, Handtekening: Datum: Op grond van artikel 64, tweede lid van de Comptabiliteitswet 2001 wordt dit originele exemplaar van het onderhavige jaarverslag, na onderte- kening van de hierboven opgenomen verklaring, ter behandeling doorgezonden aan de voorzitter van de erste Kamer.",Reparations & Justice,1.0,169,0.10536635179771306
6-veiligheid-en-justitie.pdf,28,"Tevens is hier de financiële toelichting te vinden op opmerkelijke verschillen tussen realisatie en begroting. Als uitgangspunt geldt dat verschillen van minstens € 5 mln., dan wel politiek of anderszins relevant, worden toegelicht. De toelichting op mutaties die in eerdere begrotingsstukken (waaronder suppletoire begrotingen) aan de Tweede Kamer zijn gemeld, zijn in de financiële toelichting op hoofdlijnen opgenomen. In de beleidsartikelen wordt bij ieder artikel een algemene doelstelling en de rol en verantwoordelijkheid van de Minister beschreven. Voor de begroting 2015 is aan deze beschrijving aandacht besteed, resulterend in een verbeterde en nauwkeuriger formulering.",Reparations & Justice,1.0,126,0.06374127431988133
6-veiligheid-en-justitie.pdf,45,"het Advocatenportaal, waarmee strafdossiers voor advocaten digitaal beschikbaar zijn. Modernisering wetboek van Strafvordering De modernisering van het Wetboek van Strafvordering heeft onder meer tot doel om regels en lasten daar waar mogelijk te verminderen, doorlooptijden te verkorten, prestaties te verbeteren, procedures te vereenvoudigen en te stroomlijnen en de digitalisering van de keten mogelijk te maken. In 2014 zijn diverse wetsvoorstellen voorbereid, aan de Tweede Kamer gezonden en in werking getreden. Zo is het wetsvoorstel digitale handhaving veelvoorkomende overtredingen in werking getreden en is het wetsvoorstel dadelijke tenuitvoerlegging van rechterlijke beslissingen in consultatie geweest.",Reparations & Justice,1.0,124,0.04968582053855968
6-veiligheid-en-justitie.pdf,68,"Daarnaast zijn er twee wijzigingen van de Rijkswet op het Nederlanderschap in procedure gebracht waarmee de mogelijkheden worden uitgebreid om personen het Nederlanderschap te ontnemen, onder andere als die persoon zich heeft aangesloten bij een terroristische organisatie die een gevaar vormt voor de nationale veiligheid. Ter ondersteuning van de lokale bestuurlijke aanpak worden doorlopend praktische ervaringen in kaart gebracht en gedeeld met de partners, zowel op nationaal als op internationaal niveau. Het Ministerie van Veiligheid en Justitie heeft voorlichting en trainingen georganiseerd voor onder andere gemeenten en politie, ter versterking van de signalering en aanpak van (potentiële) jihadgangers en terugkeerders. Tweede Kamer, vergaderjaar 2014–2015, 34",Everyday Racism & Modern Racial Inequality,1.0,134,0.03188236723532064
16-volksgezondheid-welzijn-en-sport.pdf,43,De zorg moet deze ontwikkelingen opvangen en tegelijkertijd op de kosten letten. Het kabinet heeft ook het afgelopen jaar hard gewerkt aan zijn ambitie: toegankelijke en betaalbare zorg van hoge kwaliteit voor iedereen. Ook voor toekomstige generaties. Van systemen naar mensen. Technologie en innovatie spelen in het toekomstbestendiger maken van de zorg en het leveren van maatwerk waar het draait om wat een individuele patiënt nodigt heeft.,Everyday Racism & Modern Racial Inequality,1.0,77,0.03490501375480719
16-volksgezondheid-welzijn-en-sport.pdf,49,"In de medisch-specialistische zorg heeft het kabinet in 2014 opnieuw een aantal maatregelen doorgevoerd, gericht op de verbetering van zorg voor patiënten (kwaliteit en veiligheid) en uitgavenbeheersing. Zo is door de bij het hoofdlijnenakkoord betrokken partijen de kwaliteits- en doelmatig- heidsagenda «Verbinden, verbeteren, borgen» opgesteld. Deze agenda bevat drie pijlers: gepast gebruik, zorg op juiste plaats en transparantie. Patiënten krijgen onder andere meer inzicht in hun zorgkosten door de vernieuwde zorgnota.",Everyday Racism & Modern Racial Inequality,1.0,92,0.0376215612691184
16-volksgezondheid-welzijn-en-sport.pdf,52,"Het kabinet heeft in de ontwerpbegroting 2015 gemeld dat de zorguitgaven van 2014 op 2015 naar verwachting ongeveer gelijk blijven. In dit beleidsverslag wordt teruggeblikt op het afgelopen jaar aan de hand van de opzet en inhoud van de beleidsagenda 2014. Sommige onder- werpen (zoals e-health) overstijgen de grenzen van curatieve en langdurige zorg, maar behouden de plek die ze in de beleidsagenda hadden. Het beleidsverslag biedt geen compleet overzicht van de behaalde doelen, maar geeft een overzicht van de meest relevante ontwikkelingen en in gang gezette en gerealiseerde beleidsmaatregelen op het terrein van het Ministerie van Volksgezondheid, Welzijn en Sport. De Tweede Kamer heeft daarnaast voor de Jaarverantwoording 2014 gevraagd specifiek aandacht te besteden aan fraude en de decentrali- saties.",Everyday Racism & Modern Racial Inequality,1.0,142,0.03278239790602461
16-volksgezondheid-welzijn-en-sport.pdf,60,"Vermindering regeldruk In 2014 is op verzoek van de partijen verenigd in de «Agenda voor de Zorg» en VWS een verkenning gedaan voor een niet-vrijblijvende aanpak van de regeldruk in de zorg. Aan de hand hiervan is een gezamenlijke aanpak ontwikkeld die zich in beginsel richt op de medisch-specialistische zorg. De focus ligt hierbij op de regeldruk door richtlijnen, kwaliteitsindica- toren en zorgstandaarden, de bekostigingsregels als gevolg van de Wet marktordening gezondheidszorg (Wmg) en de registratielast door verschillende vragen om informatie. Ook zijn uitgangspunten geformu- leerd in de ggz om de regeldruk te verminderen (TK 29 515, nr. 352).",Everyday Racism & Modern Racial Inequality,1.0,124,0.042706316062280966
16-volksgezondheid-welzijn-en-sport.pdf,63,Het meldpunt voert haar taken uit in nauwe samenwerking met de IGZ. Dat betekent dat calamiteiten direct worden doorgeleid en klachten kunnen worden voorgelegd aan de inspectie met de vraag of deze een onderzoek noodzakelijk acht. Daarnaast kan het Landelijk Meldpunt Zorg in de gaten houden of een zorgverlener een klacht tijdig afhandelt. Ook monitort het meldpunt de afhandeling van burgerklachten waar de IGZ onderzoek naar doet. Dagelijks informeert het Landelijk Meldpunt,Everyday Racism & Modern Racial Inequality,1.0,82,0.07752530101868035
16-volksgezondheid-welzijn-en-sport.pdf,73,"Daarmee zijn zo’n 590 organisaties aan het programma verbonden, waarvan 274 als ondertekenaar van een pledge (TK 32 793, nr. 164). Thema’s die in verschillende pledges terugkomen, zijn: verbinding van preventie en zorg, duurzame inzetbaarheid, positieve gezondheid en sociaal-economische gezondheidsverschillen. Met ingang van 1 januari 2014 is de minimumleeftijd waarop aan jongeren alcohol en tabak mag worden verkocht, verhoogd van 16 jaar naar 18 jaar. Ook is het vanaf die datum strafbaar als jongeren onder de 18 jaar in het openbaar alcohol bij zich hebben.",Everyday Racism & Modern Racial Inequality,1.0,100,0.03682665870850058
16-volksgezondheid-welzijn-en-sport.pdf,74,"ind 2013 en begin 2014 is het publiek uitvoerig over deze wetswijzigingen geïnformeerd. In 2014 heeft daarnaast de campagne «NIX18 niet roken – niet drinken» gelopen. Doel van de campagne was om de sociale norm te versterken dat het normaal is als je voor je 18e niet rookt of drinkt. en door de Rijksvoorlich- tingsdienst uitgevoerde tussentijdse effectevaluatie van deze norm laat zien dat er sprake is van een positieve trend (bijlage bij TK 33 750-III, nr. 7). Uit in 2014 gehouden onderzoek blijkt dat de gemeentelijke handhaving van de alcoholwetgeving beter kan (TK 27 565, nr. 128).",Everyday Racism & Modern Racial Inequality,1.0,112,0.041315585097103036
8-onderwijs-cultuur-en-wetenschap.pdf,55,"een sociaal-culturele tegenstelling tussen lager- en hogeropge- leiden, ondanks de ingezette daling is de jeugdwerkloosheid nog steeds hoog in vergelijking met de jaren voor de economische crisis. Maar technologische ontwikkeling biedt ook kansen, er ontstaan nieuwe initiatieven om bevolkingsgroepen bij elkaar te brengen, scholen zetten zich in voor een veilige plek waar verschillende groepen samenkomen en de economie trok vorig jaar voorzichtig aan. In al deze onderwerpen komt het belang naar voren van onderwijs, cultuur en wetenschap. Het helpt mensen zich te ontwikkelen, zichzelf te laten zijn, hun kennis te vergroten, innovatie te stimuleren en creatief te zijn. Met dit doel voor ogen was 2014 het jaar om het Regeerakkoord uit te werken en een agenda voor de toekomst neer te zetten.",Everyday Racism & Modern Racial Inequality,1.0,145,0.04274875438188243
8-onderwijs-cultuur-en-wetenschap.pdf,77,"de ruimte gebruiken die de wet- en regelgeving biedt, en daarbinnen nieuwe en sneller inzetbare ondersteuningsvormen ontwik- kelen. Dat betekent meer ondersteuning op maat. In de eerder genoemde brief over «kwetsbare jongeren» is aangekondigd dat het regionale overleg rondom passend onderwijs nog effectiever wordt gemaakt door de positie van mbo-instellingen in dit overleg te versterken. Om schoolbesturen in een adequate positie te brengen een passend antwoord te formuleren op de leerlingendaling, is het noodzakelijk belemmeringen weg te nemen, juiste bekostigingsprikkels in te bouwen en ondersteuning aan te bieden. Daarom is in het afgelopen jaar de fusietoets aangepast en een start gemaakt met de ondersteunings- structuur.",Everyday Racism & Modern Racial Inequality,1.0,131,0.05267577063366658
8-onderwijs-cultuur-en-wetenschap.pdf,80,"Tot slot hebben de universiteiten van Maastricht, Utrecht en Twente verkend wat er nodig is om de toets te benutten voor opbrengstgericht werken. Universiteiten zijn eveneens bij de pilot betrokken om verder in kaart te brengen hoe de effectiviteit van het gebruik van de toets op scholen kan worden geopti- maliseerd. In juni 2014 hebben we de Tweede Kamer een brief gestuurd met daarin de strategische agenda voor het mbo als sluitstuk van de mbo-tour. Mbo-instellingen gaan innovatiever, kleinschaliger en meer op de regio georganiseerd onderwijs aanbieden, zodat meer jongeren met overtuiging kiezen voor een beroepsopleiding. Kortere en intensievere leerroutes zoals nieuwe vakmanschaps-, technologie- en beroepsroutes, moeten studenten meer gaan uitdagen en hen beter voorbereiden op wat de regionale arbeidsmarkt vraagt.",Everyday Racism & Modern Racial Inequality,1.0,145,0.03409704464063114
jaarverslag-2014-kustwacht-voor-het-koninkrijk-der-nederlanden-in-het-caribisch-gebied.pdf,18,"Taken De Kustwacht voert deze missie uit door middel van algemene (preventieve) patrouilles en gerichte (repressieve) acties. Preventieve patrouilles zijn gericht op het stelselmatig observeren en controleren van vaargedrag en dragen bij aan de zichtbaarheid van de Kustwacht. Repressieve acties kenmerken zich door informatie gestuurd optreden, in samenspraak of in nauwe samenwerking met andere (internationale) diensten, gericht op daadwerkelijke overtredingen en/of misdrijven. In beide vormen is sprake van de elementen presentie, waarnemen, voorkomen, vaststellen en optreden bij noodsituaties en ongewenst gedrag. De inzet van de kustwachtmiddelen (de organieke varende en vliegende eenheden, alsmede de door Defensie ter beschikking gestelde eenheden) is gericht op opsporing, toezicht en dienstverlening.",Everyday Racism & Modern Racial Inequality,1.0,138,0.036474257167829295
jaarverslag-homogene-groep-internationale-samenwerking-hgis-2014.pdf,46,"De illegale Russische annexatie van de Krim en vervolgens het destabiliserende optreden in Oost-Oekraïne had gevolgen voor de veiligheidsanalyse en -beleid van Nederland. Ook de NAVO heeft een belangrijke rol als het gaat om Rusland te tonen dat het Westen sterk en verenigd is, en Rusland te ontmoedigen om nog meer destabiliserend op te treden in zijn nabije buitenland. De eerste aanzet daartoe werd gegeven met het pakket onmiddellijke militaire maatregelen van maart 2014 om oostelijke bondgenoten gerust te stellen. Nederland leverde hieraan een bijdrage, onder andere met de inzet van Nederlandse -16s voor de versterking van Baltic Air Policing, maar ook bijdragen aan de staande NAVO-vlootverbanden en aan oefeningen in Oost- uropa. Tevens is besloten tot een structurele aanpassing om zo de inzetbaarheid en gereedstelling van NAVO- strijdkrachten te verhogen.",Reparations & Justice,1.0,157,0.04416966499826116
jaarverslag-homogene-groep-internationale-samenwerking-hgis-2014.pdf,47,"Deze strijdkrachten moeten sneller en adequater kunnen reageren op snel veranderende ontwikkelingen in en rond het bondgenootschappelijk grondgebied. Onder andere de oprichting van de Very High Readiness Joint Taskforce (VJT) waartoe tijdens de top in Wales werd besloten, geeft hieraan invulling. Met deze maatregelen toont de NAVO aan dat niemand hoeft te twijfelen aan de geloofwaardigheid van de Artikel 5 garantie en dat het bondgenootschap flexibel in kan spelen op nieuwe dreigingen. De inzet is Rusland eensgezind tegemoet te treden in U- en NAVO-kader en een antwoord te formuleren op het Russische optreden, zonder dat dit tot een gevaarlijke vorm van escalatie zou leiden. Ook leverde Nederland via onder andere de OVS een actieve bijdrage aan de pogingen het conflict in Oekraïne te beteugelen.",Reparations & Justice,1.0,144,0.03746492682748228
jaarverslag-homogene-groep-internationale-samenwerking-hgis-2014.pdf,55,"De crisis in Irak en de bola-uitbraak kwamen daar nog bij. Nog niet eerder sinds de Tweede Wereldoorlog was het aantal vluchtelingen en ontheemden zo hoog. De sterk toegenomen behoefte aan humanitaire hulp maar ook de complexiteit van gewapende conflicten zette het bestaande humanitaire systeem onder druk. Mede daarom heeft het kabinet besloten een apart noodhulpfonds van UR 570 miljoen in het leven te roepen. Met dit fonds kan Nederland adequaat bijdragen aan de huidige en toekomstige grote rampen, inclusief opvang van vluchtelingen in de regio.",Everyday Racism & Modern Racial Inequality,1.0,98,0.05559048023007579
jaarverslag-homogene-groep-internationale-samenwerking-hgis-2014.pdf,56,Dit fonds is flexibel inzetbaar gedurende de kabinetsperiode. Strijd tegen bola De bola-uitbraak mondde uit in een gezondheidscrisis van ongekende omvang. Via Artsen zonder Grenzen werd een bijdrage gedaan aan de directe bola-bestrijding. Ook is extra geld beschikbaar gekomen voor het Rode Kruis.,Everyday Racism & Modern Racial Inequality,1.0,51,0.03367956911203711
jaarverslag-2014-inspectie-van-het-onderwijs.pdf,39,In 2014 leverden wij opbrengstgegevens van scholen aan deze jury. Naast opbrengsten spelen in de jurybeoordeling ook andere dingen een rol. Voorheen voerde het ministerie van OCW het secretariaat van de jury. Sinds september 2013 hebben wij de secretarisrol van OCW overgenomen. Vanaf 2015 valt het predicaat xcellente School onder verant- woordelijkheid van de Onderwijsinspectie.,Colonial Exploitation & Economic Inequality,1.0,67,0.04388327423569789
jaarverslag-2014-inspectie-van-het-onderwijs.pdf,50,"Het ging vooral over de vraag wat deze ontwikkeling betekent voor het civiel effect van opleidingen en diploma’s, en over nieuwe vormen van concurrentie die zullen ontstaan. 10 3 Het toezicht van de inspectie 3.1 Werkwijze 3.1.1 Instellingstoezicht We oefenen toezicht uit op de onderwijskwaliteit bij de Nederlandse onderwijsinstellingen, met uitzon- dering van het hoger onderwijs.",Everyday Racism & Modern Racial Inequality,1.0,69,0.03728216331797911
jaarverslag-2014-inspectie-van-het-onderwijs.pdf,67,"In de sector voortgezet onderwijs houden we toezicht op circa 1.230 scholen. Deze scholen hebben 2.950 afdelingen (basisberoepsgerichte, kaderberoepsgerichte en gemengde/theoretische leerweg van het vmbo, havo en vwo). Ons toezicht in deze sector is ook risicogericht. Op afdelingsniveau sporen wij risico’s op voor de kwaliteit van het onderwijs.","Remembrance, Heritage & Education",1.0,63,0.07464382711070391
sociaal-jaarverslag-bz-2014.pdf,33,posten en Den Haag werken samen als één flexibel netwerk; 2) I-diplomatie (de nieuwe digitale werkomgeving); 3) vernieuwing van het huidige personeelsbeleid; 4) economische en consulaire dienstverlening,Everyday Racism & Modern Racial Inequality,1.0,36,0.04156369532613709
sociaal-jaarverslag-bz-2014.pdf,36,"Tegelijkertijd werd ook duidelijk dat niet iedereen zich hier prettig bij voelt en dat voor sommige (groepen) van onze medewerkers het perspectief binnen BZ onzeker is geworden. Deze groepen ondersteunen we zo goed mogelijk in het vergroten van hun inzetbaarheid binnen BZ, het Rijk of op de bredere arbeidsmarkt. Terwijl we in het kader van Rutte II formatieruimte moesten inleveren, zijn er voor de uitvoering van de modernisering extra middelen ingezet. Dit verklaart voor een klein deel ook de stijging van 4% van het aantal mensen in dienst. en andere verklaring is de opname van de collega’s van directoraat-generaal",Everyday Racism & Modern Racial Inequality,1.0,113,0.04748554333737105
sociaal-jaarverslag-bz-2014.pdf,62,"2014 | 12 | Stroomlijning beleid en uitvoering In 2014 presenteerde ABDTOPConsult het advies over beleid en uitvoering bij BZ. Op basis van dit advies besloot het SG/DG-beraad als onderdeel van de moderniseringsagenda een traject te starten voor de verbetering van de hele beleidscyclus bij ons ministerie, inclusief de relatie tussen beleid en uitvoering. Het project Stroomlijning beleid en uitvoering startte in december 2014 met de opdracht om tot voorstellen te komen voor een excellente beleidscyclus. Hiermee beogen we uiteindelijk te beschikken over:",Reparations & Justice,1.0,103,0.04693781550567794
jaarverslag-2014-college-voor-toetsen-en-examens.pdf,3,"−− de Centrale indtoets primair onderwijs −− de ontwikkeling van de diagnostische tussentijdse toets in het voortgezet onderwijs Het is de taak van het CvT om, namens de overheid, de kwaliteit van de centrale toetsen en examens die onder zijn verantwoordelijkheid vallen, te waarborgen en om scholen en instellingen in staat te stellen de afname van examens en toetsen vlekkeloos te laten verlopen. Het College voor Toetsen en xamens",Everyday Racism & Modern Racial Inequality,1.0,79,0.032559823447615405
jaarverslag-2014-college-voor-toetsen-en-examens.pdf,65,"In september 2014 is daarom een meerjarige pilot gestart, waaraan scholen vrijwillig kunnen deelnemen. Samen met 150 VO-scholen (vmbo, havo en vwo) uit heel Nederland zal intensief college voor toetsen en examens - jaarverslag 2014 15 Inhoudsopgave ↑ 2.3 en constructief worden samengewerkt aan de ontwikkeling van een voor scholen waardevolle en aantrekkelijke DTT. Wat is de DTT? De DTT is een toets voor leerlingen aan het eind van de onderbouw in het VO. Voor havo-vwo gaat het om een afname in leerjaar 3, voor het vmbo in leerjaar 2. Tijdens de pilot wordt de DTT voor de vakken Nederlands, ngels en wiskunde verder doorontwikkeld.","Remembrance, Heritage & Education",1.0,120,0.04458566444051791
cbs-jaarverslag-2014.pdf,11,"Verder wordt een toelichting gegeven op de veranderingen die in het programma zijn doorgevoerd. CBS heeft in 2014 gerelateerde en onderliggende data gebruikt om maatschappelijke fenomenen beter in kaart te brengen. Waar mogelijk worden niet alleen losse cijfers gepubliceerd, maar worden de fenomenen beschreven door de cijfers in samenhang te presenteren. en voorbeeld hiervan is het maandelijkse werkloosheidsnieuwsbericht waarin vanaf medio 2014 aanvullende indicatoren zijn verwerkt, zoals informatie over het aantal banen om de ontwikkelingen van de verschillende dimensies van de arbeidsmarkt adequaat te beschrijven. Daarnaast is in 2014 voor het eerst het Kwartaalbericht Arbeidsmarkt verschenen met daarin een samenhangend beeld over onbenut arbeidsaanbod, banen, vacatures en dynamiek op de arbeidsmarkt.",Everyday Racism & Modern Racial Inequality,1.0,140,0.05945442823288275
cbs-jaarverslag-2014.pdf,12,"De vernieuwde branchekwartaalmonitoren laten op uniforme en samenhangende wijze een totaalbeeld van een achttal bedrijfstakken zien. Op deze wijze wordt de impact van CBS-informatie vergroot. Niet alleen de inhoud is van belang, maar ook de wijze waarop die inhoud wordt gebracht. Technologische ontwikkelingen en de eerder genoemde fenomeengerichte aanpak bieden nieuwe kansen. In 2014 heeft CBS gewerkt aan een aantrekkelijke presentatie van de gegevens voor verschillende soorten gebruikers.",Everyday Racism & Modern Racial Inequality,1.0,84,0.03898277738562263
cbs-jaarverslag-2014.pdf,18,"CBS heeft het afgelopen decennium zijn processen en IT-systemen veelvuldig aangepast aan nieuwe informatiebronnen en technische mogelijkheden. Inmiddels staat, mede door al deze aanpassingen, de stabiliteit van het IT-landschap onder druk en is het minder wendbaar dan noodzakelijk om in de toekomst gebruik te kunnen maken van de nieuwe mogelijkheden. Daarnaast vormt kennisborging van de systemen binnen de organisatie een uitdaging, mede als gevolg van de aanstaande uitstroom van pensioengerechtigde medewerkers. Om die reden is het noodzakelijk om te investeren in een meer modulair IT-landschap en kennisdeling en - borging binnen de organisatie. Door deze investeringen kunnen eventuele continuïteitsrisico’s worden voorkomen.",Everyday Racism & Modern Racial Inequality,1.0,129,0.030816929706001996
cbs-jaarverslag-2014.pdf,32,"Ongeveer tweehonderd betrokkenen uit bijna dertig landen uit de statistiek, politiek en wetenschap kwamen hiervoor bijeen. CBS is erin geslaagd om veel uropese landen in dezelfde taal over duurzaamheid te laten praten en er is overeenstemming over een internationaal, geharmoniseerd meetsysteem. Het door CBS ontwikkelde systeem wordt geleidelijk door andere uropese landen en organisaties als urostat, VN en OCD gebruikt. In maart organiseerde CBS in Heerlen een expert-meeting Wonen en werken in een grensoverschrijdend perspectief in samenwerking met de regionale krimpkenniscentra uit Groningen (KKNN), Zeeland (Scoop, het Zeeuws Instituut voor Sociale en Culturele Ontwikkeling) en Limburg (Neimed, het Nederlands xpertise en Innovatiecentrum Maatschappelijke ffecten Demografische Krimp). Workshops met als thema",Everyday Racism & Modern Racial Inequality,1.0,139,0.035315617419688417
cbs-jaarverslag-2014.pdf,43,"In augustus werd de nieuwe stemmingsindicator Ondernemersvertrouwen voor het eerst gepubliceerd. Deze kwartaalindicator geeft een indicatie van de richting waarin het Nederlandse bedrijfsleven (exclusief banken en verzekeringsmaatschappijen) zich volgens ondernemers gaat ontwikkelen. Naast een indicator voor het totale bedrijfsleven komen elk kwartaal vertrouwensgegevens voor specifieke bedrijfstakken als industrie, bouw, detailhandel, groothandel, horeca, transport, zakelijke dienstverlening en delfstoffenwinning beschikbaar. Aan de conjunctuurberichten is sinds september een extra publicatie toegevoegd in de vorm van het economische maandbericht. Hierin wordt een samenvatting van de conjunctuurindicatoren gegeven die CBS in die maand heeft gepubliceerd en wordt aangegeven hoe deze met elkaar samenhangen.",Everyday Racism & Modern Racial Inequality,1.0,143,0.03305465942008657
cbs-jaarverslag-2014.pdf,44,"In september verscheen voor het laatst De Nederlandse economie als integrale publicatie. Daarvoor in de plaats verschijnen voortaan verdiepende thema-artikelen gedurende het jaar om zo sneller achtergronden te kunnen geven bij de actualiteit, aangevuld met de publicatie Nederland in 20XX, die jaarlijks in maart de economische ontwikkeling in het voorbije jaar in vogelvlucht presenteert. De ontwikkelingen per bedrijfstak en sector worden nog maar eens in de zoveel tijd gepubliceerd in een uitgebreid overzicht van de ontwikkelingen in de voorbije jaren binnen één bedrijfstak. De derde editie van de Monitor Duurzaam Nederland werd in november overhandigd aan de secretaris-generaal van het ministerie van Infrastructuur & Milieu (I&M). Anders dan in eerdere jaren telt deze editie twee delen:","Remembrance, Heritage & Education",1.0,140,0.05092153985549477
cbs-jaarverslag-2014.pdf,53,"Het aantal bedrijfstakken waarover cao-gegevens beschikbaar komen, is bij deze overgang vergroot van 38 naar 52. In december verscheen het Armoedesignalement 2014 van CBS en het Sociaal en Cultureel Planbureau (SCP). In dit gezamenlijke jaarlijkse rapport verschaffen onderzoekers van CBS en SCP een zo actueel mogelijk beeld van de omvang, ontwikkeling en karakteristieken van armoede in Nederland. Na voorbereidingen in 2013 is in 2014 de waarneming van brondata voor de staatsbalans (het overzicht van de bezittingen en schulden van de staat) van het ministerie van inanciën overgenomen. Op StatLine is een nieuwe tabel verschenen met de overheidsbalans, cijfers voor de gehele overheid, waar de staat een onderdeel van is.",Everyday Racism & Modern Racial Inequality,1.0,133,0.037274668076087265
cbs-jaarverslag-2014.pdf,54,Voorheen waren de daarin voorkomende cijfers over financiële activa en materiële vaste activa alleen versnipperd op StatLine te vinden. In december kwamen diverse artikelen uit over de financiën van decentrale overheden. Onderwerpen waren de begrote opbrengsten van heffingen van gemeenten (ca. een maand versneld ten opzichte van voorgaande jaren) en van provincies (wegenbelasting) en de inkomsten van decentrale overheden in uropees perspectief. In 2014 kwamen voor het eerst ramingen beschikbaar over de omvang van de economie (in termen van het bruto binnenlands product) van de drie afzonderlijke eilanden van Caribisch Nederland. Daarnaast kwamen resultaten beschikbaar van de Omnibusenquête die CBS in 2013 in Caribisch Nederland heeft uitgevoerd.,Colonial Exploitation & Economic Inequality,1.0,128,0.056554072726676945
staat-van-de-ether-2014.pdf,83,"Mocht er -ondanks alle voorzorgsmaatregelen- toch een grote verstoring optreden, dan zijn operators verplicht dit te melden. Agentschap Telecom heeft hiervoor het loket Meldplicht Telecomwet ingericht. Op basis van de gegevens van Loket Meldplicht blijkt dat hardware en software fouten de meest voorkomende oorzaken van incidenten zijn. Dit uiteraard wel met de kanttekening dat een incident zelden een enkele oorzaak heeft maar veelal een samenloop van meerdere fouten is. Uit de informatie die over continuïteitsverstoringen beschikbaar is, valt nog geen heldere ‘rode draad’ te herkennen.",Everyday Racism & Modern Racial Inequality,1.0,104,0.04477210557701344
jaarverslag-beheer-staatsdeelnemingen-2014.pdf,50,"portefeuille staatsdeelnemingen Bedrijven met een monopolie­ positie op het gebied van energie, infrastructuur en transport Bedrijven met een monopolie­ positie op het gebied van kansspelen Bedrijven die dienstverlening voor de overheid of overheids­ gerelateerde organisaties verzorgen Doordat de investeringskosten hoog zijn, ligt het niet voor de hand dat er concurrenten op de markt komen. Bij deze bedrijven staat voorkoming van kansspelverslaving en het aanbieden van een veilig en legaal alternatief voor de consument centraal.",Colonial Exploitation & Economic Inequality,1.0,93,0.04747092421121574
jaarverslag-beheer-staatsdeelnemingen-2014.pdf,68,"r worden twee criteria gebruikt om de duur van het staatsaandeelhouderschap te bepalen. Dit zijn de marktordening en het strategisch belang. De marktordening kan, bijvoorbeeld in het geval van een natuurlijk monopolie, een reden zijn om te kiezen voor een staatsdeelneming. Hoewel een natuurlijk monopolie niet per sé resulteert in staatsaandeelhouderschap. Daarnaast dienen met de deelneming grote, nationale, strategische belangen gemoeid te zijn (bijvoorbeeld voor de economie of maatschappelijk vitale infrastruc­ tuur).",Colonial Exploitation & Economic Inequality,1.0,96,0.05070236300209521
jaarverslag-beheer-staatsdeelnemingen-2014.pdf,82,"Daarbij leidt een opener stelsel in beginsel tot meer markt­ werking, wat de innovatiemogelijkheden voor aanbieders vergroot, zodat beter op de wensen van het publiek kan worden ingespeeld. De overtuiging is dat consumenten bij een passend en attractief spelaanbod minder snel geneigd zijn hun toevlucht tot illegaal kansspelaanbod te zoeken. Hiermee wordt vooral de kanalisatie­ doelstelling gediend, die ten grondslag ligt aan het kansspelbeleid. Vanwege bovenstaande redenen is het kabinet voornemens het staatsmonopolie op speelcasino’s op te heffen en te vervangen door een stelsel waarin meer private aanbieders naast elkaar opereren. Voordat Holland Casino geprivatiseerd kan worden dient er een concurrerende marktomgeving te worden gecreëerd en moet de Wet op de kansspelen (Wok) gewijzigd worden.",Reparations & Justice,1.0,139,0.06305388803567472
jaarverslag-mivd-2014.pdf,33,"De terugtrekking werd opge- 15 Doel van de missie is stabiliteit en veiligheid voor de bevolking van Mali. De Nederlandse militairen verzamelen, verwerken en analyseren inlichtingen voor de Verenigde Naties, die hierdoor eﬀectiever kunnen optreden. volgd door kleinschalige gevechten tussen rivaliserende mili- ties die wedijveren om de winstgevende smokkelroutes die Ma- li met Noord-Afrikaanse smokkelnetwerken verbindt. De start van nieuwe vredesbesprekingen in Algiers in juli tussen o.a. Bamako en een aantal groeperingen uit het noorden van Mali waaronder de MNLA die nog altijd een onafhankelijke Azawad nastreeft, kreeg door het verlies bij Kidal een noodzakelijke impuls aangezien een militaire oplossing van conﬂict niet lan- ger haalbaar was. Dit bood in het verdere verloop van 2014 echter nog geen zicht op een duurzaam vredesakkoord waar alle in Algiers vertegen- woordigde partijen zich in kunnen vinden.",Colonial Exploitation & Economic Inequality,1.0,159,0.05020013659632107
jaarverslag-2014-inspectie-militaire-gezondheidszorg.pdf,59,"In zijn algemeenheid kan worden gesteld dat de waargenomen inzet van het gezondheidszorgpersoneel van alle krijgsmachtdelen, zowel in Nederland als tijdens operationele tewerkstelling, een positieve indruk heeft achtergelaten. De verdere constateringen, deels universeel van aard, zullen in dit jaarverslag nader worden besproken. Wat de zorg in Nederland betreft worden, met name in de 1e lijn, de effecten van de uitgestelde grootschalige reorganisatie van de militaire gezondheidszorg steeds duidelijker merkbaar. De reorganisatie is vertraagd, met name omdat de militaire belangenverenigingen het niet eens waren met het voorzieningenniveau dat als uitgangspunt wordt gehanteerd om te komen tot een erstelijns Gezondheidszorg Bedrijf (GB) en een Defensie Tandheelkundige Dienst (DTD) bij het Commando DienstenCentra (CDC). chter reeds in 2013 zijn de aansturende Staven van alle Operationele Commando’s (OpCo’s) gereorganiseerd en aanzienlijk verkleind;",Everyday Racism & Modern Racial Inequality,1.0,172,0.03215318364092568
jaarverslag-2014-inspectie-militaire-gezondheidszorg.pdf,62,"Verder is in 2014 gebleken dat, mede door de vertraging van de reorganisatie, de infrastructuur van de gezondheidscentra onvoldoende (financiële) aandacht krijgt, hetgeen leidt tot achterstallig onderhoud en uitstel van verbouw- en nieuwbouwprojecten. Dit vormde aanleiding voor de IMG om een gedoogsituatie in rmelo op te heffen en tot een aanwijzing tot sluiting over te gaan. Als resultante kan gemeld worden dat het zoeken naar een interim oplossing nu wel met voortvarendheid is opgepakt, zodat naar verwachting begin 2015 weer een functionerend gezondheidscentrum in rmelo voorhanden is. Bovendien zijn op een aantal andere locaties nu ook verbouwprojecten versneld aangepakt om sluiting te voorkomen. Overige gedoogsituaties zullen begin 2015 opnieuw bezien worden.",Everyday Racism & Modern Racial Inequality,1.0,137,0.03528091777197605
jaarverslag-2014-inspectie-militaire-gezondheidszorg.pdf,65,"In 2014 heeft de IMG evenals voorgaande jaren meldingen van zorggebruikers en zorgverleners in behandeling genomen, gericht op een mogelijk ernstig of structureel tekortschieten van de kwaliteit van de geneeskundige (keten)zorg, analoog aan de werkwijze van de IGZ. Behandeling van klachten geschiedt uitsluitend nog door de Centrale Klachtencommissie (CKC) van Defensie. De IMG houdt hier toezicht op, hetgeen ook in dit verslagjaar de reden vormde voor meerdere gesprekken. De doorlooptijd van klachten is dankzij secretariële ondersteuning vanuit het Centrum Arbeidsverhoudingen Overheidspersoneel (CAOP) aanzienlijk gereduceerd en valt nu binnen de termijnen als opgelegd.",Everyday Racism & Modern Racial Inequality,1.0,115,0.05190318659006687
jaarverslag-2014-inspectie-militaire-gezondheidszorg.pdf,89,"Operationeel gezien ziet de kwaliteit van zorg er goed uit, zowel op basis van eigen bevindingen als kijkend naar het aantal meldingen. Maar ook hiervoor geldt, dat alertheid geboden is en blijft als het gaat om samenhang van ketenelementen (Role 0, Role 1, Role 2/3, MDVAC, Role 4 en re-integratie) en een goed belegd en uitgevoerd intern toezicht (door de HMA) van essentieel belang is. Ook de ontwikkeling van toekomstige Role 2 voorzieningen lijkt te stagneren; ook hier is er een samenhang met de stagnerende reorganisatie. Voor de voedselveiligheid in Nederland geldt, dat deze met de centrale belegging bij Paresto goed geborgd was.",Everyday Racism & Modern Racial Inequality,1.0,118,0.037878962082393094
aivd-jaarverslag-2014-220415.pdf,56,"Die positie is kwetsbaar door een eenzijdige economische oriëntatie op de verkoop van ruwe grondstoffen. en ongelijk speelveld Het Russische staatsbestel kenmerkt zich door grote bureaucratie. Bovendien ligt de werkelijke macht in Rusland niet bij de instituties die hier formeel voor verantwoordelijk zijn, maar is deze ingebed in parallelle machtsstructuren en rivaliserende informele netwerken. Dit stelt Poetin in staat om, achter de schermen en buiten formele instituties, als ultieme scheidsrechter op te treden.",Everyday Racism & Modern Racial Inequality,1.0,90,0.037922056313218225
bijlagen-bij-besluit-wob-verzoek-windmolenparken-op-zee.pdf,285,In bijlage 1 wordt op hoofdlijnen aangegeven op welke wijze met uw advies rekening is gehouden bij het opstellen van het ontwerp-plan en de milieueffectrapporten. Adviesaanvraag milieueffectrapporteri Conform artikel 7.12 Wet milieubeheer wil ik de Commissie verzoeken advies uit te brengen over de milieueffectrapporten behorende bij de ontwerp-Structuurvisie. Het ontwerp wordt openbaar aangekondigd. De openbare kennisgeving wordt gepubliceerd in de Staatscourant en diverse kranten.,Reparations & Justice,1.0,85,0.0376674694958692
schriftelijke-beantwoording-van-vragen-over-de-begrotingsbehandeling-economische-zaken-2016.pdf,52,De nergiedialoog start in 2016 en de uitkomsten hiervan zijn een essentiële inbreng voor de Beleidsagenda die ik in het najaar van 2016 zal uitbrengen. Ik vind het niet zinvol om vooruit te lopen op de eventuele subsidie die in 2030 nodig zou zijn voor de vervanging van windmolens. Daarbij zouden ook toekomstige verdere kostendalingen door technologische ontwikkeling en de geraamde stijging van de elektriciteitsprijzen moeten worden meegenomen. Dit is nu niet te voorspellen. 17.,Everyday Racism & Modern Racial Inequality,1.0,91,0.03136574744055483
geannoteerde-agenda-raad-buitenlandse-zaken-van-12-oktober-2015.pdf,15,"In het kader van de U-inspanningen op het gebied van migratie zal op 7 oktober 2015 de actieve fase (eerste stap van de tweede fase) van de maritieme GVDB-operatie in de Middellandse Zee van start gaan. De operatie mag daarmee op volle zee en in lijn met het internationale recht (bij) schepen aanhouden, aan boord gaan, doorzoeken en opbrengen bij vermoeden van mensensmokkel en – handel. De operatie, tot nu toe bekend onder de naam UNAVOR Med, is omgedoopt naar ‘ Operatie Sophia’ en is daarmee vernoemd naar de baby die geboren is op een schip van de operatie die haar moeder redde op 22 augustus jl. in de buurt van de Libische kust.",Colonial Exploitation & Economic Inequality,1.0,121,0.059499299694226654
resultaten-rijksbegroting-2013-per-thema.pdf,27,"De Grondwet beschermt de grondrechten van burgers en regelt de staatsinrichting van Nederland. In 2013 is een aantal voorstellen uitgewerkt:  het recht op een eerlijk proces en toegang tot de rechter opnemen in de Grondwet;  het brief-, telefoon- en telegraafgeheim aanpassen aan moderne communicatie- instrumenten. Daarnaast heeft het kabinet voortgang gemaakt met 2 parlementaire initiatiefwetsvoorstellen:",Everyday Racism & Modern Racial Inequality,1.0,72,0.033367569930898754
resultaten-rijksbegroting-2013-per-thema.pdf,32,De kwaliteit van de Gemeentelijke Basisadministratie (GBA) is verder verbeterd. Dit moet fraude voorkomen en bestrijden. Gegevens uit de GBA worden gekoppeld aan actief DigiD-gebruik. Gemeenten zijn alert op fraude en doen meer adresonderzoek. Ook hebben gemeenten inzage gekregen in adresgegevens van werknemers bij het UWV.,Everyday Racism & Modern Racial Inequality,1.0,56,0.03036168732984952
resultaten-rijksbegroting-2013-per-thema.pdf,51,"Zo investeerde Nederland in Rwanda, Benin en Mozambique in betere landrechten van boeren en boerinnen. In Rwanda zijn inmiddels 4,5 miljoen landtitels uitgegeven. Waarvan 24% aan vrouwen. Zie ook: onderwerp ontwikkelingssamenwerking Buitenlandse Handel en economische diplomatie",Colonial Exploitation & Economic Inequality,1.0,49,0.07499342798548311
resultaten-rijksbegroting-2013-per-thema.pdf,54,Hier zijn volgens de eerste cijfers 191 contracten en overeenkomsten uit voortgekomen. Met een verwachte opbrengst van € 167 miljoen. Succesverhalen zijn onder andere een grote order voor Dutch lower Growers in China en voor Schouten ood products in India. conomische diplomatie is ook ingezet om buitenlandse bedrijven naar Nederland te halen. en voorbeeld is de Netherlands oreign,Colonial Exploitation & Economic Inequality,1.0,66,0.06651749070617548
bijlage-3-documenten-inzake-wob2-deel1.pdf,56,"In de afgelopen maanden is deze aanpak getoetst op juridische en scheepvaartveiligheidsaspecten en op andere belangen zoals mijnbouw, visserij, natuurbelangen. Het resultaat is een breed gedragen ruimtelijke oplossing en bestaat uit het behouden van de vergunningen, het verplaatsen van de vergunning “Scheveningen-Buiten” naar een andere vergunning van neco en het verleggen van de scheepvaartroutes. Mocht in de periode tot 2020 duidelijk worden dat de vergunde parken om bedrijfseconomische redenen door de windsector toch niet worden gebouwd, heeft u de mogelijkheid de betreffende vergunningen in te trekken. Hiermee wordt voorkomen dat de ruimteclaims, wanneer deze niet benut worden, ander gebruik van de Noordzee of nieuw beleid in de weg staan. U heeft de Tweede Kamer hierover op 31 januari geïnformeerd.",Reparations & Justice,1.0,145,0.03679976628457806
bijlage-3-documenten-inzake-wob2-deel1.pdf,63,"Deze maatregelen worden genomen als gevolg van verdergaande beperking in bewegingsvrijheid van schepen tgv verkleining van het zeegebied en de toegenomen obstructies voor de navigatie vanwege o.a. de aanleg van windturbine parken. en SA studie en risico analyse ter onderbouwing van de voorgestelde maatregelen is eveneens ingediend onder NAV 58/IN.2. Het geheel ROUTING O SHIPS, SHIP RPORTING AND 28 March 2012 RLATD MATTRS Netherlands General introduction to the proposals for new and amended routeing measures off the Coast of the Netherlands between Texel and North Hinder",Dehumanization & Scientific Racism,1.0,100,0.06966906989157887
bijlage-3-documenten-inzake-wob2-deel1.pdf,78,2012 RLATD MATTRS Netherlands stablishment of new routeing measures other than traffic separation schemes in the area,Dehumanization & Scientific Racism,1.0,20,0.04003161647607267
bijlage-3-documenten-inzake-wob2-deel1.pdf,84,March 2012 RLATD MATTRS anders dan TSS’s in de aanloop naar Hoek van Belgium and the Amendments to routeing measures,Dehumanization & Scientific Racism,1.0,21,0.0503120342685128
bijlage-3-documenten-inzake-wob2-deel1.pdf,123,RSOLUTION MSC.[... 1(91) — ADOPTION O A NW MANDATORY SHIP,Dehumanization & Scientific Racism,1.0,10,0.05200371833619171
bijlage-3-documenten-inzake-wob2-deel1.pdf,144,"under the Chairmanship of Mr. J.M. Sollosi (United States). The Vice-Chairman, Mr. K. Billiar (Ukraine), was also present. 1.2 The session was attended by delegations",Dehumanization & Scientific Racism,1.0,29,0.040759231758931196
bijlage-3-documenten-inzake-wob2-deel1.pdf,145,"and observers from Member Governments, international organizations and non-governmental organizations in consultative status as listed in document NAV 58/IN,1. Secretary-General’s opening address 1.3 The Secretary-General welcomed participants",Dehumanization & Scientific Racism,1.0,39,0.06796786359753323
bijlage-3-documenten-inzake-wob2-deel1.pdf,146,"and delivered his opening address, the full text of which can be downloaded from the IMO website at the following link: http:/iwww.imo.org/MediaCentre/SecretaryGeneral/Secretary-GeneralsSpeechesToMeetings.",Dehumanization & Scientific Racism,1.0,39,0.04324282406948729
bijlage-3-documenten-inzake-wob2-deel1.pdf,148,"his advice and requests would be given every consideration in the cleliberations of the Sub-Cammittee and its working groups. Adoption of the agenda and related maffers 1.5 The Sub-Committee adopted the agenda (NAV 58/1), and agreed, in general, that the work of the Sub-Committee should",Dehumanization & Scientific Racism,1.0,50,0.047526462508398
bijlage-3-documenten-inzake-wob2-deel1.pdf,151,"and took them into account in its deliberations under the relevant agenda items. The Sub-Committee also noted that C 108 had noted and endorsed, for inclusion in the current High-level Action plan, the unplanned outputs relevant to the Sub-Committee as agreed by MSC 90. 3 ROUTING O SHIPS, SHIP",Dehumanization & Scientific Racism,1.0,53,0.036081145859119215
bijlage-3-documenten-inzake-wob2-deel1.pdf,153,The Chairman recalled that NAV 51 had agreed that a preliminary assessment of ships’ routeing proposals would be made by the Chairman in consultation with the Secretariat and the Chairman of the Ships’,Dehumanization & Scientific Racism,1.0,37,0.04280920682073007
bijlage-3-documenten-inzake-wob2-deel1.pdf,154,"Routeing Working Group and disserninated as a working paper. Such a preliminary assessment would follow the general criteria in MSCICirc,1060 and MSC.1/Circ,1060/Add.1 and would not address the technical aspects of the proposals.",Dehumanization & Scientific Racism,1.0,40,0.040856054030810524
bijlage-3-documenten-inzake-wob2-deel1.pdf,155,"Accordingly, he had, in cooperation with the Secretariat and the Chairman of the working group, prepared document NAV 581WP.2 outlining a preliminary assessment of the ships’ routeing and ship reporting proposals.",Dehumanization & Scientific Racism,1.0,37,0.035742165591095526
bijlage-3-documenten-inzake-wob2-deel1.pdf,158,existing traffic measures and to establîsh new measures at different locations within the sea area between the North Hinder,Dehumanization & Scientific Racism,1.0,19,0.07479914669318033
bijlage-3-documenten-inzake-wob2-deel1.pdf,162,"the Netherlands, which provided background information to amend existing and establish new routeing measures off the coast of the Netherlands (NAV 58/3/2 to NAV 58/3/10)",Dehumanization & Scientific Racism,1.0,29,0.042204665009750605
bijlage-3-documenten-inzake-wob2-deel1.pdf,176,Gulf of inland. Amendment to the existing traffic separatlon scheme “0ff Ushant” 3.7 The Sub-Committee briefly considered a proposal by rance (NAV 58/3/14) to amend the existing traffic separation scheme “0ff Ushant’ relating to a change in the use of the two-way traffic route Including a consequential amendment to article 3 of SN/Circ.232.,Dehumanization & Scientific Racism,1.0,59,0.03258952676581362
bijlage-3-documenten-inzake-wob2-deel1.pdf,178,and the incompatible mix of traffic it would create. They also expressed concern regarding the ability of vessels using the route,Dehumanization & Scientific Racism,1.0,22,0.0579049706606002
bijlage-3-documenten-inzake-wob2-deel1.pdf,186,"and improving maritime safety, as well as also pratecting the marine environment. The proposed changes will",Dehumanization & Scientific Racism,1.0,18,0.032218383752086105
bijlage-3-documenten-inzake-wob2-deel1.pdf,188,"vessels and endangered blue, fin and humpback whales. Amenciment to the existing traffic separation scheme “ In the Approaches to Los Angeles — Long Beach ” 3.11 The Sub-Committee briefly considered a proposal by the United States (NAV 58/3/18)",Dehumanization & Scientific Racism,1.0,45,0.03473454906981363
bijlage-3-documenten-inzake-wob2-deel1.pdf,194,"Consequently, MPC 62 had invited the Netherlands to submit detailed proposats for Associated Protective Measures to NAV 58 for consideration. 3.13 In this context, the Sub-Committee brief]y considered a proposal by the Netherlands (NAV 58/3) for the estabhshment of a new mandatory No Anchoring Area",Dehumanization & Scientific Racism,1.0,54,0.039385533246328784
bijlage-3-documenten-inzake-wob2-deel1.pdf,198,for establishing two new precautionary areas and an area to be avoided as part of establishirig a new routeing system “ In the approaches to Ijmuiden”.,Dehumanization & Scientific Racism,1.0,31,0.06498283807616054
bijlage-3-documenten-inzake-wob2-deel1.pdf,201,"and NAV 58/3/2 (paragraphs 22.8, 22.15 and 22.17)) for establishing a new precautionar-y area, a new recommended route and a new area to be avoided, as part of establishing a new routeing",Dehumanization & Scientific Racism,1.0,37,0.04674857231981641
bijlage-3-documenten-inzake-wob2-deel2.pdf,59,Bij de bovenstaande beschouwing is voorbijgegaan aan de gegarandeerde diepte in het aanloopgebied van de IJgeul van 21.3 m LAT (ofwel -22.1 m t.o.v. N.A.P.). Indien het wrak in de toekomst in het ankergebied zou komen te liggen is volgens de huidige richtlijn een waterdiepte van -23.0 m t.o.v. N.A.P vereist. Page 8 of 8 Ministerie var lnfraslnjctuur en Milieu TNO,Everyday Racism & Modern Racial Inequality,1.0,70,0.031108081909287252
bijlage-3-documenten-inzake-wob2-deel2.pdf,98,Assessment ARCADIS This study has been carried out by Arcadis (UK) Ltd. The assessment represents Arcadis (UK) s bestjudgment based on the information available,Dehumanization & Scientific Racism,1.0,29,0.04238018528833887
bijlage-3-documenten-inzake-wob2-deel2.pdf,175,"safety level of routeing measures developed in the Netherlands using the SA process, expert judgement and qualitative methods, to recommend risk control options for this routeing proposal and to provide support data for evidence based decision making on cost-benefit of the proposals. The report has its basis in a previous study made by Arcadis, commissioned by the Ministry of Transport and the nvironment, entitled ‘ Navigational",Dehumanization & Scientific Racism,1.0,73,0.04865440556657996
bijlage-3-documenten-inzake-wob2-deel2.pdf,183,Analysis with notable improvement in comparison to the intermediate draft IMO variants. Hazids were also applied to the Present situation and Variant 1-2010 of the initial study.,Dehumanization & Scientific Racism,1.0,30,0.05587323837843391
bijlage-3-documenten-inzake-wob2-deel2.pdf,194,and complement the workshop results. This fact finding missing yielded the following observations: 1. A significant amount of near misses in the approaches,Dehumanization & Scientific Racism,1.0,27,0.0346567800755163
bijlage-3-documenten-inzake-wob2-deel2.pdf,196,platforms have been observed. These stress the importance of a review of routeing measures and the limited anchoring space around IJmuiden. Greater control and influence of VTS could be a mitigating factor. 2. The trend is up with dear optimism from Amsterdam,Dehumanization & Scientific Racism,1.0,44,0.031449614171665696
bijlage-3-documenten-inzake-wob2-deel2.pdf,202,"1 scenarios (both assuming the unchanged, present route structure in place): - Approaches to IJmuiden: various potentially hazardous situations can be created by the small clearances between traffic streams, close quarter situations at large aspect angles leading to ambigLlous situations in terms of colregs and deep draft vessels that are restricted in their ability to move and therefore may not be able to comply with their duty to give way (see area A in figure i). - ntrance to 0ff Texel TSS: potentially",Dehumanization & Scientific Racism,1.0,93,0.0353157469484147
bijlage-3-documenten-inzake-wob2-deel2.pdf,210,have to cross the deep water channel to approach the pilot station and inbound ships from Maas West,Dehumanization & Scientific Racism,1.0,18,0.03366170283570327
bijlage-3-documenten-inzake-wob2-deel2.pdf,214,De Ruyter close quarter situations between ships moving at very different,Dehumanization & Scientific Racism,1.0,12,0.0447504707185617
bijlage-3-documenten-inzake-wob2-deel2.pdf,216,angles and can cause doubt as to whether it is a crossing or an overtaking situation and which is the stand on vessel (see area in lïgure i). - Breeveertien and West Rijn wind,Dehumanization & Scientific Racism,1.0,36,0.03481150013474779
bijlage-3-documenten-inzake-wob2-deel2.pdf,221,"Title: Netherlands ormal Safety Assessment ARCADIS Overall, IMO variant 12.12.11 has a significantly lower level of risk than either of the other two systems, leading",Dehumanization & Scientific Racism,1.0,28,0.03127668441453978
bijlage-3-documenten-inzake-wob2-deel2.pdf,223,"and is certainly an improvement on the present situation. This can, amongst others, be ascribed to the following features of the proposed IMO variant routeing design",Dehumanization & Scientific Racism,1.0,28,0.03159803029891974
bijlage-3-documenten-inzake-wob2-deel2.pdf,228,", whilst north and south going ships cross the scheme in just the two precautionary areas. This allows for more anchorage areas on the south side of the separation scheme",Dehumanization & Scientific Racism,1.0,32,0.05317214279959738
bijlage-3-documenten-inzake-wob2-deel2.pdf,244,Approaches to and from Hook of Holland: The crossing angle of N/S going ships with east/west going traffic in the amended Maas Junction precautionary,Dehumanization & Scientific Racism,1.0,26,0.03300940683791797
verdiepende-studie-werelden-van-verschil.pdf,26,"Aanvullend is uitgebreid kwali- tatief onderzoek onder Turks-Nederlandse en Marokkaans-Nederlandse jongeren uit- gevoerd. Door deze jongeren zelf aan het woord te laten, is meer inzicht verkregen in de achtergronden van hun sociaal-culturele positie. Directe aanleiding voor dit onderzoek waren de uitkomsten van een peiling waaruit bij jongeren van Turkse afkomst een brede steun voor IS en religieus geïnspireerd geweld zou blijken. Dergelijke opvattingen zijn in het onderhavige rapport geanalyseerd in samenhang met vraagstukken over interetnisch contact, identificatieprocessen en discriminatie en uitsluiting. Islamitische radicalisering",Everyday Racism & Modern Racial Inequality,1.0,109,0.05453279756159805
verdiepende-studie-werelden-van-verschil.pdf,32,"Ook is uitgebreid kwalitatief onderzoek onder Turks-Nederlandse en Marokkaans-Nederlandse jongeren uitgevoerd. Directe aanleiding voor dit onderzoek naar de jongeren waren de uitkomsten van een pei- ling door Motivaction (in opdracht van forum) waaruit bij jongeren van Turkse afkomst een brede steun zou blijken voor de Islamitische Staat (IS) en religieus geïnspireerd geweld (forum 2014). Dergelijke opvattingen, die als uiting van culturele afstand zijn opgevat, zijn geanalyseerd in samenhang met vraagstukken over interetnisch contact, identificatie- processen en discriminatie en uitsluiting. Perspectief op migrantengroepen Deze studie richt zich zoals gezegd op migranten en hoe ze zich emotioneel, cultureel en sociaal tot autochtone Nederlanders en Nederland verhouden.",Everyday Racism & Modern Racial Inequality,1.0,132,0.04940623322894687
verdiepende-studie-werelden-van-verschil.pdf,41,In vergelijking met de andere sociaal-culturele categorieën is er weinig steun voor de gelijkheid van lhbt’s en voor zaken als abortus en euthanasie. De emotionele band met de herkomstgroep is sterk en er is veel sociale interactie met de leden daarvan. Dit is de categorie die in het profiel van een ‘groep op afstand’ past. tnisch geïsoleerd De categorie ‘etnisch geïsoleerd’ kenmerkt zich net als de categorie ‘segregatie’ door een grote afstand tot de Nederlandse samenleving.,Everyday Racism & Modern Racial Inequality,1.0,90,0.042711999961313446
verdiepende-studie-werelden-van-verschil.pdf,52,"Divers sociaal-cultureel landschap r zijn dus twee categorieën te identificeren die vrij goed in het profiel van een ‘groep op afstand’ passen: de groepen die we hier hebben gelabeld als ‘segregatie’ en ‘etnisch geïso- leerd’. Daarnaast zijn er drie ‘hybride’ categorieën te onderscheiden, die zich kenmerken door mengvormen van posities op de sociale, culturele en emotionele dimensie. Over het geheel genomen is de gerichtheid op de herkomstgroep groot, zowel wat betreft contacten als identificatie, maar het is zeker niet zo dat er geen relaties met autochtone Nederlanders bestaan of dat de Nederlandse samenleving wordt afgewezen.","Remembrance, Heritage & Education",1.0,112,0.03932721367118776
verdiepende-studie-werelden-van-verschil.pdf,55,"Wanneer de culturele afstand groot is, is er over het algemeen ook een grote emotionele afstand. Dit is in lijn met eerder onderzoek waaruit naar voren kwam dat de ontvankelijkheid voor culturele beïnvloeding groter is bij een sterkere identificatie (Turner et al. 1987) en dat culturele afstand een belemmering kan vormen voor de band die migranten met de ontvangende samenleving ervaren (bv. Zagefka en Brown 2002). De sociale dimensie staat daar wat meer los van: mensen kunnen zich verbonden voelen met de herkomstgroep, maar er toch niet veel contacten mee onderhouden (categorie ‘etnisch geïsoleerd’), of juist veel sociale contacten met autochtone Nederlanders hebben zonder een sterke emotionele band en/of een grote culturele afstand (‘gematigde segregatie’). Het beeld per herkomstgroep Van de Turkse Nederlanders behoort een vijfde tot de categorie ‘segregatie’ (zie tabel S1).","Remembrance, Heritage & Education",1.0,153,0.060111679401058576
verdiepende-studie-werelden-van-verschil.pdf,69,"kwantitatief onderzoek1 Uit het kwantitatieve deel van dit onderzoek blijkt dat de factoren verblijfsduur, Nederlandse taalbeheersing en het aantal autochtonen in de wijk de kans verkleinen om tot de categorie ‘segregatie’ te behoren. Dit geldt ook voor het hebben van betaald werk en een hoger inkomen. Werk biedt de gelegenheid om in contact te komen met autochto- nen, de taal en gewoonten te leren en creëert voorwaarden om een band met de ontvan- gende samenleving op te bouwen. en sterkere religieuze oriëntatie vergroot juist de kans om tot de categorie ‘segregatie’ te behoren. Religieuze verschillen werken door in opvat- tingen, wederzijdse contacten en processen van identificatie.",Everyday Racism & Modern Racial Inequality,1.0,125,0.07557344323278102
verdiepende-studie-werelden-van-verschil.pdf,70,"In Nederland vormt vooral de islam een belangrijke scheidslijn: praktiserende moslims gaan minder vaak om met autochtonen en hebben vaker traditionele opvattingen over onder meer de positie van vrouwen en homoseksuelen. Aan de andere kant zijn veel autochtonen negatief over de aanwezigheid van moslims in Nederland, wat ook de kans dat interetnisch contact ontstaat verkleint (zie Huijnk en Dagevos 2012). Turkse Nederlanders zijn, ook wanneer rekening met achterliggende factoren wordt gehouden, het sterkst vertegenwoordigd in de cate- gorie ‘segregatie’, de Antilliaanse groep het minst vaak. Gevolgen van afstand Tussen de sociaal-culturele categorieën zijn er grote verschillen in posities en houdingen op andere domeinen. We hebben ons gericht op de samenhang met gezondheid, ervaren geluk, de inschatting van de eigen positie ten opzichte van die van anderen (relatieve deprivatie), ervaren discriminatie en acceptatie (opvattingen van autochtone bevolking over aanwezigheid van migrantengroepen), sociaal en institutioneel vertrouwen en poli- tieke interesse.",Everyday Racism & Modern Racial Inequality,1.0,183,0.05989393919579309
verdiepende-studie-werelden-van-verschil.pdf,71,"Bijna op alle genoemde terreinen nemen personen in de categorieën ‘etnisch geïsoleerd’ en ‘segregatie’ de minst gunstige positie in, ook wanneer rekening wordt gehouden met andere factoren zoals leeftijd, taalbeheersing, religiositeit en opleiding. Migranten uit deze categorieën geven het vaakst aan dat hun gezondheid slecht is, dat ze ongelukkig zijn en dat ze vinden dat hun leefsituatie in vergelijking met andere mensen slechter is. Onder deze groepen is de beeldvorming over autochtone Nederlanders ook het minst positief; zij hebben het minst vaak sympathieke gevoelens ten aanzien van autochtone Nederlanders en scoren laag wat betreft sociaal vertrouwen en politieke interesse.",Everyday Racism & Modern Racial Inequality,1.0,119,0.033921280783657706
bijlagen-bij-wobbesluiten-17-december-2015-en-22-februari-2016.pdf,99,"De ervaring leert dat naast de lokale bevolking ook veel toeristen uit de regio dit feest bezoeken. Om de openbare orde en veiligheid tijdens de diverse evenementen die gedurende de carnavalsperiode worden georganiseerd te kunnen waarborgen is extra politie-inzet noodzakelijk. De huidige capaciteit van het KPCN is niet toereikend om geheel zelfstandig in deze extra politie-Inzet te kunnen voorzien. De Koninklijke Marechaussee, die het KPCN structureel ondersteunt bij de politietaak op Sint ustatius, heeft in de genoemde periode eveneens onvoldoende capaciteit beschikbaar om de noodzakelijk geachte inzet te kunnen leveren. Het KPS beschikt over gekwalificeerde politiefunctionarissen dle deze versterking kunnen bieden.",Everyday Racism & Modern Racial Inequality,1.0,128,0.03277167306392408
stand-van-zaken-over-zorg-in-het-caribisch-gebied.pdf,3,"In de verbetering van de medisch specialistische zorg is de samenwerking tussen het ziekenhuis van Bonaire en de academische ziekenhuizen van Amsterdam, die in 2011 van start is gegaan cruciaal. Nederlandse medisch specialisten gaan voor minimaal drie maanden aan het werk op Bonaire. Daarnaast worden er vanuit Amsterdam bijscholingscursussen verzorgd, onder meer voor de radiologisch laboranten. Doel is om, naast de kwaliteitsverbetering, de efficiëntie van de zorg te verbeteren en het aantal uitzendingen van patiënten naar elders terug te brengen en 80% van de zorg op Bonaire te kunnen uitvoeren. r zijn meer dan vijftien fte medisch specialisten werkzaam en zijn negen basisspecialismen vertegenwoordigd.",Everyday Racism & Modern Racial Inequality,1.0,131,0.03074336781677329
stand-van-zaken-over-zorg-in-het-caribisch-gebied.pdf,4,"nkele medisch specialisten, afkomstig uit Sint Maarten, Bonaire en Aruba visiteren. De verpleging wordt regelmatig bijgeschoold vanuit Nederland op enkele onderdelen zoals acute hulp. Medisch specialistische zorg op St ustatius vestigen is, vanwege de schaalgrootte, onrendabel en onverstandig. nkele medisch specialisten, afkomstig uit Sint Maarten, Bonaire en Aruba visiteren. De verpleging wordt regelmatig bijgeschoold vanuit Nederland op enkele onderdelen zoals acute hulp.",Everyday Racism & Modern Racial Inequality,1.0,79,0.03383605267977339
stand-van-zaken-over-zorg-in-het-caribisch-gebied.pdf,16,"Op dit complex wordt een crisisopvang/ nachtopvang van een aantal bedden gerealiseerd. Auxiliary Home is het verpleeghuis op Statia waar momenteel 17 cliënten verzorgd worden. Het Chapel Piece Center is de dagopvang en heeft 25 plaatsen. Het Center verzorgt ook maaltijdvoorziening voor mensen binnen de dagopvang, maar ook voor enkelen daarbuiten. Ook beschikt het Center over een eigen bus met chauffeur en kan er gebruik worden gemaakt van een fysiotherapeut (tweemaal per week aanwezig).",Dehumanization & Scientific Racism,1.0,84,0.04647029567511876
