text,label,label_id,is_pseudo
"Slavenopstanden 
na aankomst
Zowel in Azië als in het Atlantisch gebied 
probeerden slaafgemaakten ruimte te 
vinden om zoveel mogelijk hun eigen 
leven te leiden, zelfs onder de continue 
dreiging van geweld van hun ‘meesters’. Ze streden voor behoud van de eigen 
gebruiken en eetgewoonten, religie, 
muziek en verhalen die ze meenamen 
vanuit Afrika naar de Amerika’s of op hun 
gedwongen transport over de Indische 
Oceaan. De Nederlandse slaveneigenaren 
waren doodsbang voor dit soort uitingen 
van onafhankelijkheid en vaardigden 
strenge regels uit om de bewegings­
vrijheid en zelfstandige ontwikkeling 
van slaaf­gemaakten in te perken. 74
De plantage Palmeneribo in 
Suriname. De Amsterdamse 
bestuurder Jonas Witsen was net  
de nieuwe eigenaar geworden en  
liet zijn ‘bezit’ schilderen. Het werd 
een geromantiseerde voorstelling 
vanuit een koloniale blik. DIRK VALKENBURG, CA. 1707 |  
RIJKSMUSEUM",Historical Slavery,1,False
"Bulten, ‘Classifications at Work. Social Categories and Dutch Bureaucracy 
in Colonial Sri Lanka,’ Itinerario 45:2 (2021) 
252–278. ◼ ◼◼  M
Maarseveen, van, Briefwisseling van Nicolaas 
Pierson, 309. Pierson aan Van Houten, 30 
november 1871 (Amsterdam 1993). Maier, Henk, ‘Nederlands-Indië en het Maleis,’ 
in: Kees Groeneboer, Koloniale taalpolitiek in Oost 
en West. Nederlands-Indië, Suriname, Nederlandse 
Antillen en Aruba (Amsterdam 1997) 13-54. Martis, Adi, De geschiedenis van Aruba tot 1816 
(Volendam 2018). Maskiell, Nicole, Bound by Bondage. Slavery and the 
Creation of a Northern Gentry (Ithaca / Londen 
2022). Masters, A., ‘A Thousand Invisible Architects.",Colonialism,0,False
"dan de helft van de Afro-Antillianen en iets minder Afro-Surinamers hebben een partner van de 
andere etnische groep, veelal inheemse Nederlanders.19 Op de CAS- en BES-eilanden zien we 
ook eenzelfde dynamiek waarbij exogamie vaak voorkomt.20 De exogame cultuur van de Afro-
Antillianen en Afro-Surinamers vereist dat er analytisch secuur te werk wordt gegaan. Hoe typeer je een Nederlandse jongen die actief is in de antiracismestrijd met een witte 
inheemse moeder en een vader die ook etnisch gemengd is?21 Zijn vader heeft een Curaçaose 
moeder en een vader die voorkomt uit een menging van een Afro- en Javaanse Surinamer. Zonder te vervallen in het idee van interracialiteit geeft dit voorbeeld aan dat de meeste 
statistieken in Nederland deze diversiteit niet opnemen omdat een zwart-wit raster 
domineert.22  
Alleen door Afro-Antillianen en Afro-Surinamers te bestuderen in termen van 
ideaaltypen, kan men recht doen aan de dynamiek en diversiteit die schuilgaan achter de 
cijfers. Dit geldt ook op de CAS- en BES-eilanden.23 Complicering ontkracht natuurlijk niet het 
gegeven dat, of zij gemixt zijn of niet, velen vandaag de dag nog de erfenis van slavernij 
ervaren. Velen herkennen zich in het idee dat Afro-Antillianen en Afro-Surinamers mentaal nog 
moeten helen: 
  
Je kunt niet verwachten dat de voormalige slaven na de afschaffing van de slavernij op 1 
juli 1863 ineens in een bruisende, ondernemende gemeenschap zijn veranderd. Dat kost 
wel een paar generaties. De zwarte bevolking is voor een groot deel nog steeds bezig 
 
d'jonge Hond en Forum. In Nederland zijn er ook organisaties en bewegingen ontstaan die erkenning vragen voor dit 
fenomeen. Een voorbeeld is de jaarlijkse terugkerende festival Lovingday:  http://lovingday.nl/loving-day-2015/. Ook programmas in de Balie: https://debalie.nl/programma/liefde-in-tijden-van-racisme/.",Modern Racism & Inequality,2,False
"— 352 —
— STAAT EN SLAVERNIJ —
◼ ◼◼  Slaafgemaakten in zestiende-eeuws Antwerpen
De betrokkenheid van de Nederlanden in de vroege slavernij was ook 
terug te zien in het centrum van de handel: Antwerpen. Sinds de negen­
tiende eeuw hebben historici naar sporen van Afrikanen en slaafgemaak­
ten in de zestiende-eeuwse Nederlanden en Antwerpen gezocht. Vaak 
wordt vermeld dat in Antwerpen, na Lissabon, de grootste groep uit Afrika 
afkomstige personen leefde. Dat is zeker overdreven. In de Portugese 
archieven en beeldcultuur uit die periode zijn veel meer sporen te vinden 
van deze bevolkingsgroep dan in de bronnen voor de Zuidelijke Neder­
landen. Toch waren er ook in Antwerpen wel degelijk zwarte mensen 
­aanwezig, onder wie ook slaafgemaakten. Het contrast tussen het verbod op slavernij in de Nederlanden en de 
aanwezigheid van personen uit Afrika, al dan niet slaafgemaakt, is een 
klassieker in de historiografie. In 1582 stelde het Antwerpse gewoonte­
recht onder titel xxxvi immers dat alle mensen in Antwerpen vrij zouden 
zijn en dat iedereen die als slaafgemaakte werd gehouden zich hiertegen 
mocht beroepen. Desondanks leveren de Antwerpse archieven interessan­
te gevallen op over de aanwezigheid van (al dan niet) zwarte slaafgemaak­
ten in zestiende-eeuws Antwerpen. Zo laat de Portugese koopman George 
de Sulco Lobo in 1516 publiek afroepen dat de twee verdwenen “moren 
alnoch nyet kersten wesende cleedt in scippers cleederen” (moren die geen 
christen zijn en als schippers gekleed gaan) gezocht moeten worden en 
terug aan hun eigenaar bezorgd moeten worden.7 Dat hier expliciet ver­
meld wordt dat de twee geen christenen zijn, heeft te maken met het feit 
dat christenen niet tot slaaf gemaakt konden worden in de Nederlanden.",Historical Slavery,1,False
"Indonesia,’Asian Perspectives. Journal of 
Archaeology for Asia and the Pacific, 52(2) (2013) 
213–243; Felicia Fricke et al. ‘Delayed 
physical development in a first generation 
enslaved African woman from Pietermaai, 
Curaçao,’International Journal of 
Osteoarchaeology, 30(1) (2019) 43–52; Brent 
Sinclair-Thomson en Sam Challis, ‘Runaway 
slaves, rock art and resistance in the Cape 
Colony, South Africa,’Azania. Archaeological 
Research in Africa, 55(4) (2020) 475–491; Cheryl 
White, ‘Archaeological investigation of 
Suriname Maroon ancestral 
communities,’Caribbean Quarterly, 55(2) 
(2009) 65–88. 2. Zie onder meer: Julie M. Schablitsky et al., 
‘Ancient dna analysis of a nineteenth 
century tobacco pipe from a Maryland slave 
quarter,’ Journal of Archaeological Science, 105 
(2019) 11–18. ◼ ◼◼  Belast koloniaal verleden – Anne-Marieke 
van Schaik
1. J. Mellegers, ‘Public Finance of Indonesia 
1817-1940,’ datafiles iisg, copy of revenues.",Colonialism,0,False
"48. Van Rĳn, Het groote Tafereel der Dwaasheid en zĳn geschiedenis, viii. 49. Tĳdens het bestaan van de Provinciale Utrechtsche Geoctroyeerde 
Compagnie waren dit Johan August van Bögen (1732-1734), Paul Gillette 
(1734-1739), Hendrick de Cock (1739-1740), en Andries Grootveld (1740-
?). 50. nl-uthua, Notarissen, 34-4, inv.nr. U182a003, aktenr. 27. 51. Van Stipriaan, Surinaams contrast, 293-294.",Colonialism,0,False
"— 450 —
— STAAT EN SLAVERNIJ —
met een kroon op mijn hoofd. Pacificatie en verzet in 
koloniaal en postkoloniaal Suriname (Amsterdam 
2007) 136-139. 7. Rosemarijn Höfte, Plantation Labor after the 
Abolition of Slavery. The Case of Plantation 
Marienburg (Suriname), 1880-1940 (Gainsville 
1987). 8. Gert Oostindie, De parels en de kroon. Het 
Koningshuis en de koloniën (Amsterdam 2006) 
51-53. 9. Marieke Bloembergen, De geschiedenis van de 
politie in Nederlands-Indië.",Colonialism,0,False
"De Sociëteit van Suriname was het samenwerkingsverband van de wic, 
de stad Amsterdam en de familie Van Aerssen van Sommelsdĳck, dat 
de plantagekolonie beheerde en bestuurde. Zie Karwan Fatah-Black, 
Sociëteit van Suriname, 1683-1795. Het bestuur van de kolonie in de acht-
tiende eeuw (Zutphen: Walburg Pers, 2019), 65-67. 9. J.P. van de Voort, De Westindische plantages van 1720 tot 1795: financiën 
en handel (Eindhoven: De Witte, 1973), 185. 10. ‘Berigt en advis van het Hof op het versoek van J. Petsch […]’, Extract uit 
de Resolutien van de Heeren Staaten van Hollandt ende West-Vrieslandt,",Colonialism,0,False
"Het gaat ook over de massale 
investeringen in plantages en compagnieën en over de bestuurlĳke 
bemoeienis met het koloniale bedrĳf. Maar de slavernĳ zit ook in de 
materiële cultuur van de stad, in de museumcollecties, de geschiedenis 
van de universiteit en in de betrokkenheid van kerkelĳke instellingen 
bĳ de slavernĳ. Het Utrechtse aandeel in het Nederlandse kolonialisme en het aandeel 
van de slavernĳ in de Utrechtse samenleving waren tot nu toe zo goed 
als onbekend terrein. Dit boek levert dus in veel opzichten pionierswerk. Het is een begin, een aanzet tot kennis over de koloniale grondslagen 
van de Nederlandse samenleving. Het brengt verschillende expertises 
bĳ elkaar – die van de lokale Utrechtse geschiedenis met die van het 
Nederlandse kolonialisme en de slavernĳ. Vanuit Utrecht trekken de 
auteurs lĳnen naar de Nederlandse koloniën in Brazilië, Suriname, 
Berbice, Essequibo, Demerara, de Antillen, de kusten van West-Afrika, 
Zuid-Afrika, India, Sri Lanka en de Indonesische archipel. Het laat 
vooral zien hoezeer een stad als Utrecht, die schĳnbaar zo buiten het 
commerciële rumoer van de Hollandse en Zeeuwse havensteden lag, 
op de golven van het koloniale fortuin van de Republiek meevoer.",Colonialism,0,False
"(2013). Entitlement racism: License to humiliate. European Network Against Racism, 
Recycling Hatred: Racism (s) in Europe Today,  
Essed, P. (2018, 1984). Alledaags Racisme. Amsterdam: van Gennep.",Modern Racism & Inequality,2,False
"RACISME BIJ HET MINISTERIE VAN BUITENLANDSE ZAKEN 
Een verkennend onderzoek 
 
5 
 
 
 
Managementsamenvatting  
 
Racisme is een wijdverbreid fenomeen dat mede als gevolg van de aandacht voor de 
Black Lives Matter beweging in toenemende mate en explicieter op de agenda is 
geplaatst. Dit geldt ook voor het ministerie van Buitenlandse Zaken dat, om inzicht te 
krijgen in hoe institutioneel racisme zich manifesteert binnen de eigen organisatie, een 
extern en onafhankelijke onderzoeksorganisatie (Bureau Omlo) heeft ingehuurd om 
hiernaar een verkennend, kwalitatief onderzoek te doen. Dit onderzoek beoogt antwoord 
te geven op twee onderzoeksvragen: (i) In hoeverre is er volgens ambtenaren sprake van 
racisme binnen het ministerie van Buitenlandse Zaken (inclusief de ambassades) en op 
welke manieren komt dit tot uiting? En (ii) Hoe kan racisme binnen de organisatie volgens 
ambtenaren voorkomen en bestreden worden? Aanpak van het onderzoek 
Om deze vragen te beantwoorden zijn er 33 individuele diepte-interviews gehouden en 4 
focusgroepen georganiseerd waaraan in totaal 47 medewerkers hebben deelgenomen. In de individuele gesprekken is gesproken met mensen die direct ervaring hebben met 
racisme binnen het ministerie: bi-culture medewerkers werkzaam in den Haag en op 
ambassades, lokaal aangetrokken medewerkers van kleur op ambassades, en enkele 
witte medewerkers. In de focusgroepen is gesproken met medewerkers die vanwege de 
aard van hun functie inzicht zouden kunnen hebben in racisme op de werkvloer, zicht 
hebben op mogelijke signalen of over specifieke expertise beschikken. Zo is er onder meer 
gesproken met vertrouwenspersonen, medewerkers van personeelszaken, medewerkers 
op het gebied van integriteit en een veilige werkomgeving en beleidsambtenaren die zich 
bezighouden met diversiteit en inclusie. Patronen van racisme 
Het onderzoek maakt duidelijk dat racisme een breed verschijnsel is met uiteenlopende 
verschijningsvormen – van agressief, direct, openlijk en bewust tot subtiel, indirect, 
verborgen, onbedoeld of onbewust – en dat bi-culturele medewerkers en lokaal 
aangenomen medewerkers van kleur die verschillende vormen van racisme ervaren. Zij 
lopen onder meer aan tegen verbaal geweld, een denigrerende bejegening, cultureel 
racisme en allerlei beschuldigingen en verdachtmakingen.",Modern Racism & Inequality,2,False
"— 320 —
— STAAT EN SLAVERNIJ —
Koloniale slavernij viel in de laatste categorie. In de koloniale samenle­
ving werden slaafgemaakte mensen ingezet voor zware fysieke arbeid 
voor de voc in en om de havens en de forten, maar ook op plantages en in 
de huishoudens van privépersonen. De koloniale samenleving was voor 
het in stand houden van dit systeem afhankelijk van een voortdurende 
aanvoer van nieuwe slaafgemaakten. Studies naar regionale slavenhandel 
onderscheiden een aantal omstandigheden waardoor mensen in de han­
den van handelaren terechtkwamen: mensen konden door honger en 
armoede gedwongen zijn om zichzelf of hun directe familieleden te 
­verkopen. Dit gebeurde vaak als gevolg van natuurrampen of oorlog. Schulden waren een andere oorzaak van slavernij. Wie zijn schulden niet 
kon afbetalen, kon tot slavernij gedwongen worden om schuldenaren te 
compenseren. Slavernij kon ook een straf zijn voor een crimineel vergrijp. In het geval van oorlog gebeurde het ook dat mensen als krijgsgevangene 
tot slaaf gemaakt werden. Tot slot was ook mensenroof een oorzaak van 
slavernij.2 
Schilderij door Willem Troost van Paleis Buitenzorg voor de aardbeving  
van 10 oktober 1834.",Historical Slavery,1,False
"— 215 —
— SLAVERNIJ, AFSCHAFFINGEN EN DOORWERKINGEN —
Er zijn ook andersoortige objecten die handvatten bieden om ons in te 
leven in de ervaringen van slaafgemaakten in Nederland. Tot voor kort 
werden halsbanden in Nederlandse museale collecties steevast geclassifi­
ceerd als hondenbanden, zie p. 217, terwijl de halsband veelvuldig terug te 
vinden is als geschilderd motief en in verschillende Europese ­landen ook 
als object. Archiefonderzoek bewijst dat banden als gebruiksvoorwerp zijn 
vervaardigd om koloniale bedienden vast te kunnen ketenen. Zo plaatste 
in 1696 een lezer een oproep in de Amsterdamsche Courant voor een verloren 
gouden horloge met daaraan: ‘een silvere sleutel, ­dienende tot sluyting 
van een halsbant van een Neger’.11 Het zou interessant zijn om te onder­
zoeken hoe het gebruik van deze gruwelijke banden zich verhoudt tot 
de  okale wet omtrent het bezit van slaafgemaakten in dat specifieke land, 
en de economische en politieke belangen van de personen die die banden 
lieten maken. Was een dergelijke band in ­Nederland praktisch of vooral 
Inspectie van een regiment cavalerie door Cornelis Troost in 1742. Op de voorgrond staat een zwarte trommelaar.",Historical Slavery,1,False
"7 
behandeld werden als vrije arbeiders met arbeidscontracten. De auteur noemt de tot slaaf 
gemaakten op Sint Maarten tussen 1848 en 1863 dan ook “quasi-slaven”. Jay Havisers 
verslag, Vineyard Burial Ground, St. Maarten: Emergency Archaeological Observations 
Mission Report (2004), is gebaseerd op een studie die is uitgevoerd op een plek waar in 
februari 2004 vier menselijke skeletten zijn gevonden tijdens de constructie van een gebouw. Deze voorstudie werpt licht op het begrafenissysteem en andere gebruiken van mensen van 
Afrikaanse afkomst in de slavernijperiode. In 2016 is een lespakket over slavernij en mensenrechten samengesteld op Sint Maarten dat 
op basisscholen in alle landen van het Koninkrijk kan worden gebruikt. Daarin ligt de focus 
niet op het leed tijdens de trans-atlantische slavenhandel en slavernij, maar op de daden en de 
overleveringen van de tot slaafgemaakten. Dit lespakket is ontwikkeld door de Universiteit 
van Utrecht, de Universiteit van Amsterdam en de Universiteit van Sint Maarten, in 
samenwerking met PABO-studenten van de Iselinge Hogeschool in Doetinchem. In januari 
2016  werd het pakket als proef onderwezen aan leerlingen uit groepen 4, 5 en 6 van de 
Martin Luther King School en de Asha Stevens Christian Hillside School op Sint Maarten.35 
 
St. Eustatius 
In de jaren tachtig van de vorige eeuw heeft de afdeling Antropologie van de College of 
William and Mary (USA), onder leiding van Norman F.",Historical Slavery,1,False
"7
Samenvatting
Discriminatie en racisme zijn diepgewortelde, structurele problemen die 
aanwezig zijn in alle sectoren van de samenleving, waaronder de publieke 
dienstverlening. Dit heeft ingrijpende gevolgen voor burgers, zoals fysieke 
en mentale schade, financiële problemen en verlies van vertrouwen in de 
overheid. De staatscommissie benadrukt dat discriminatie in publieke 
dienstverlening in strijd is met artikel 1 van de Grondwet. Het tegengaan 
van discriminatie binnen publieke dienstverlening is daarom een urgente 
prioriteit. De Discriminatietoets Publieke Dienstverlening (DPD), ontwikkeld door 
de Staatscommissie tegen Discriminatie en Racisme, is een instrument 
waarmee overheidsorganisaties zelf kunnen nagaan welke processen en 
praktijken risico’s vormen op discriminatie in hun dienstverlening. De toets 
gaat uit van een brede definitie van discriminatie, die zowel juridische als 
ervaren vormen omvat. Tijdens een pilot met drie organisaties – de gemeente 
Arnhem, de Douane en DUO – is de Discriminatietoets toegepast. Door deel 
te nemen, helpen deze organisaties niet alleen bij de ontwikkeling van de 
Discriminatietoets, maar ook bij het bredere streven naar een structurele 
aanpak van discriminatie en racisme in de publieke dienstverlening. De 
ervaringen uit de pilot bieden waardevolle inzichten voor de verdere ont-
wikkeling en bredere toepassing van de Discriminatietoets. Daarnaast zijn 
deze inzichten van belang voor overheidsorganisaties die werken aan een 
structurele aanpak van discriminatie en racisme.",Modern Racism & Inequality,2,False
"Het resterende één derde deel zou in 
contanten aan de houders van de slaaf-gemaakten worden uitbetaald.21 
 
17) Ontwerp van de heer N. Anslijn cum suis, 1848. Ook het ontwerp van Anslijn en 
twee anonieme personen was uitsluitend gericht op Aruba, Curaçao en Bonaire. Zij 
waren tegen onmiddellijke afschaffing van de slavernij. Zij vreesden namelijk dat de 
hypotheekverstrekkers de schadevergoeding zouden opeisen en dat de houders van de 
slaaf-gemaakten zonder arbeiders zouden komen te zitten. Daarom stelden zij voor dat 
de vrij te maken slaaf-gemaakten niet beneden de zestien noch boven de zestig jaar 
mochten zijn. Bovendien moesten de vrij te maken slaaf-gemaakten bewijzen dat zij in 
hun onderhoud konden voorzien. Ten slotte moesten zij zich, tegen betaling, aan arbeid 
verbinden voor in ieder geval drie jaar.22     
 
18) Ontwerp van de bisschop van Cytrum en apostolisch vicaris van Curaçao, de heer 
M.J. Nieuwindt, 1849. In een brief van bisschop Nieuwindt aan baron Van Wykersloot, 
bisschop van Curium, betoogde Nieuwindt dat de slaaf-gemaakten nog niet klaar waren 
voor Ǯhet genot der vrijheidǯ.",Historical Slavery,1,False
"— 167 —
— SLAVERNIJ, AFSCHAFFINGEN EN DOORWERKINGEN —
in een productiebedrijf in de Nederlandse Republiek.10 Rond de plantages 
ontstond een voor die tijd uniek geïntegreerd systeem van overzeese 
­productieve investeringen, grootschalige inzet van Afrikaanse slaafge­
maakten, een complex van zakelijke en financiële dienstverlening en 
­handels-, verwerkings- en consumptienetwerken tot diep in het Europese 
achterland. Deze grootschalige samenhang tussen (gedwongen) arbeids- 
en kapitaalvoorziening, productieve landbouw, handel en consumptie 
maakt de plantagesector voor velen een belangrijke voorloper van de 
hedendaagse kapitalistische wereldeconomie.11
 
Ook in voc-gebied in Azië waren plantages waarop slaafgemaakten 
gedwongen arbeid verrichtten voor de productie van exportgoederen. Het voc-monopolie op de intercontinentale handel wierp echter een 
grote drempel op voor directe private investeringen vanuit Europa in de 
Aziatische slavernij. Dat neemt niet weg dat handelaren en financiers in 
de Nederlandse Republiek verdienden aan de slavernij in Azië via hun 
investeringen in de voc, het doorverkopen van door slaafgemaakten 
geproduceerde goederen zoals foelie en nootmuskaat of door in Azië zelf 
vermogen op te bouwen. Naar de bijdrage van deze verschillende vormen 
van profiteren van Aziatische slavernij aan de kapitaalvorming in de 
Nederlandse Republiek moet nog systematisch onderzoek gedaan 
­worden. Drie hoofdbronnen kunnen worden aangewezen voor de miljoenen­
investeringen in het plantagestelsel in de Nederlandse Atlantische 
­koloniën. Ten eerste waren er kolonisten die zelf of met behulp van de 
eigen familienetwerken voldoende kapitaal bijeenbrachten om een plan­
tage te stichten en die vervolginvesteringen financierden uit de opbreng­
sten van de plantage. Voor grotere plantages kwam daar een tweede optie 
bij: geld lenen van kapitaalkrachtige kooplieden in de Nederlandse Repu­
bliek of elders. Een derde optie bood een nieuwe investeringsvorm die 
ontstond in de achttiende eeuw: de negotiatielening. Dat was een vorm 
van hypotheekverstrekking waarbij de plantage en slaafgemaakten als 
onderpand dienden.",Historical Slavery,1,False
"RACISME BIJ HET MINISTERIE VAN BUITENLANDSE ZAKEN 
Een verkennend onderzoek 
 
16 
 
“regels of processen die expliciet onderscheid maken en de bedoeling hebben om 
ongelijkheid te creëren, en (2) regels of processen (geschreven of ongeschreven) die niet 
expliciet onderscheid maken tussen groepen, maar er in de praktijk wel voor zorgen dat de 
ene groep benadeeld wordt en de andere groep bevoordeeld” (Felten, et al., 2021, p. 7). Racisme als systeem 
Tot slot, wordt in verschillende wetenschappelijke bijdragen de nadruk gelegd op racisme 
als systeem. De redenering is hier dat racisme een historisch systeem of structuur vormt 
waarbinnen de meerderheidsgroep beschikt over sociale en institutionele macht en gezag 
om bepaalde vooroordelen over etnische minderheidsgroepen en ongelijkheden tussen 
groepen in stand te houden. Racisme is ingebed in de dagelijkse praktijk van een 
samenleving en haar instituties. In dit systeem beschikken witte mensen in Nederland over 
bepaalde privileges ten opzichte van mensen van kleur. Dat racisme op systematische 
wijze witte mensen bevoordeelt en mensen van kleur benadeelt, betekent overigens niet 
dat witte mensen geen moeilijkheden kennen. Zij ondervinden alleen niet de nadelen van 
racisme die mensen van kleur wel treffen (Diangelo, 2018; Essed, 1984; Roberts & Rizzo, 
2021; Williams, e.a., 2021). 1.2 Betrokkenheid van ministerie en derden 
 
Ambtelijke stuurgroep en referentiegroep 
Een ambtelijke stuurgroep en een referentiegroep, beide voorgezeten door de Strategisch 
Adviseur D&J (SADI) Arthur Kibbelaar, hebben het onderzoek ondersteund. De ambtelijke 
stuurgroep, bestaande uit ambtenaren van verschillende directies binnen het ministerie 
van Buitenlandse Zaken, heeft de onderzoekers geadviseerd en ondersteund tijdens de 
verkenning.",Modern Racism & Inequality,2,False
"23 
2.5 
Werving van respondenten ........................................................................................ 24 
2.6 
Beschrijving van de deelnemers ................................................................................ 24 
2.7 
Interpretatie van de uitkomsten ................................................................................. 26 
3 
Racisme op de werkvloer.................................................................................................. 28 
3.1 
Verbale agressie gebruiken ........................................................................................ 28 
3.2 
Denigrerend bejegenen ............................................................................................. 30 
3.3 
Veroordelen van culturen ........................................................................................... 32 
3.4 
Beschuldigen en verdacht maken ............................................................................ 34 
3.5 
Misplaatste grappen maken en treiteren ................................................................. 38 
3.6 
Negeren en overslaan ................................................................................................",Modern Racism & Inequality,2,False
"13. Archieven van Curaçao, Bonaire en Aruba 
(na), inv. 154; Renkema, Het Curaçaose 
plantagebedrijf in de negentiende eeuw (Zutphen 
1981) 119. 14. Renkema, Het Curaçaose plantagebedrijf, 180-
181; 
15. Duplicaten Bestuursarchieven van Suriname 
(na), inv.nr. 48, scan 311; 49, 468, 1091. ◼ ◼◼  11. Slavernij, kolonialisme en de financiële 
sector – Pepijn Brandon
1. Gerhard de Kok en Pepijn Brandon, Het 
slavernijverleden van historische voorlopers van 
abn amro.",Colonialism,0,False
"Vassals, the Petition and Response System, 
and the Creation of Spanish Imperial Caste 
Legislation,’ Hispanic American Historical Review 
98:3 (2018) 377-406. Mbeki, Linda en Matthias van Rossum, ‘The 
Private Slave Trade in the Dutch Indian 
Ocean World. A Study Into the Networks and 
Backgrounds of Slavers and the Enslaved 
in South Asia and South Africa,’ Slavery and 
Abolition 38 (2017) 95–116. Mellegers, J., ‘Public Finance of Indonesia 1817-
1940,’ datafiles iisg, copy of revenues. Met de kracht van de voorouders, Nationaal Trans-
Atlantisch Slavernijmuseum (Amsterdam 
2021). Metry, F., De geschiedenis van de belastingen in 
de kolonie Curaçao en de Nederlandse Antillen, 
(Curaçao 2006). Meuwese, Mark, Brothers in Arms, Partners in Trade 
Dutch-Indigenous Alliances in the Atlantic World, 
1595-1674 (Leiden / Boston 2012). Ministerie van Binnenlandse Zaken en 
Koninkrijksrelaties. ‘Advies Dialooggroep 
Slavernijverleden “Ketenen van het 
Verleden”,’ Rapport | Rijksoverheid.nl, 8 maart 
2023: www.rijksoverheid.nl/documenten/
rapporten/2021/07/01/adviescollege-
dialoogroep-slavernijverleden-presenteert-
eindrapport-ketenen-van-het-verleden. Ministerie van Onderwijs, Cultuur 
en Wetenschap, ‘Kerndoelenboekje 
basisonderwijs,’ Rapport | Rijksoverheid.",Colonialism,0,False
"3 
eeuwenlange dehumanisering, vernederingen, generationeel trauma, geïnternaliseerd racisme, de 
mythe van witte superioriteit, en de constante stress van alledaags racisme (Bajaj en Stanford 
2021, Dikmans, 2020; Majors et al 2020). Dit ‘helen’ vraagt om de volledige (re)humanisering 
van slaven en hun nagaslacht in de eigen beleving en vooral ook in de dominante beeldvorming 
(Lazare 2006). Het vraagt om veel samenhangende interventies, van educatief lesmateriaal en 
musea tot media en politieke discours. Herstel van de voortdurende vernedering van mensen van 
Afrikaanse komaf in de Europese en Nederlandse beeldvorming is vaak onderschat en verdient 
een specifieke plek in het streven naar een racismevrije samenleving (ENAR 2014; Essed 2013). Karakteristiek van excuses 
 
Nationale of lokale publieke excuses voor historisch onrecht vormen een genre op zich (Marrus 
2007) met inmiddels vele varianten. Toch is er redelijke overeenstemming over de volgende vier 
karakteristieken van een effectief excuus: 1) Erkenning van onrecht en het daaruit voortvloeiend 
leed; 2) Acceptatie van verantwoordelijkheid voor het aangedane onrecht; 3) Uiting van spijt en 
berouw en 4) De impliciete of expliciete belofte of verplichting van herstel van schade en, indien 
toepasselijk, het treffen van maatregelen die voorkomen dat het onrecht zich herhaalt in de 
toekomst (Marrus 2007:79). In de meer recente literatuur is meer nadrukkelijk aandacht voor 
emotioneel-psychologische aspecten zoals de gevolgen van vernedering, dehumanisering, schade 
aan de waardigheid, menselijkheid, gezondheid, en het (geestelijk) welzijn van mensen met 
voorouders die tot slaaf werden gemaakt (ENAR 2014, Bajaj en Stanford 2021, Major et al 
2020). De collectieve herinnering aan de slavernij en de vaak miskende gevolgen daarvan 
kunnen zich ook integreren in de culturele identiteit, zoals Eyerman (2001) stelt ten aanzien van 
de African-American identity. Er wordt ook gesproken van cultureel trauma (Alexander et al 
2004). Hoewel er kritiek is op de ‘trauma’ benadering (Kansteiner & Weilnböck 2008) – het kan 
bijvoorbeeld pathologiserend werken - spraken de gebeurtenissen rond de opening van het 
slavenmonument in Amsterdam (1 Juli 2002) onthullende taal over de cultureel gedeelde 
herinnering aan de slavernij en de relatie tot hedendaags ‘anti-zwart racisme’.",Modern Racism & Inequality,2,False
"96 
MATTHIAS VAN ROSSUM
De stad Utrecht, slavernĳ en koloniaal profĳt
Hoe kwam deze onbekende Utrechts-Aziatische slavernĳconnectie 
tot stand? De voc werd in 1602 opgericht als samenvoeging van ver-
schillende voorlopers uit Amsterdam, Zeeland en kleinere Hollandse 
handelssteden. Deze Compagnie was al vroeg niet alleen meer een 
handelsonderneming, maar ontwikkelde zich tot koloniaal bedrĳf dat 
namens de Republiek oorlog voerde, verdragen sloot en omvangrĳke 
gebieden bestuurde in de Indische Oceaan en de Indonesische archipel. De voc organiseerde als koloniale overheid de slavenhandel, slavernĳ en 
grootschalige stelsels van gedwongen arbeid op onder meer Sri Lanka 
(toen Ceylon genoemd), de Molukken en Java. Naar schatting werden in 
totaal 660.000 tot 1.135.000 slaafgemaakten naar voc-gebieden vervoerd.2
Bĳ de vorming van de voc in 1602 werd in Utrecht geen kamer 
(afdeling) van de voc gevestigd. Wel kregen de Staten van Utrecht 
vanaf 1614 het recht om een bewindhebber in de kamer Amsterdam 
van de voc te benoemen, om op deze manier zicht te houden op de 
grootschalige subsidies van de Staten-Generaal aan de Compagnie. In 
de Staten van Utrecht waren de steden, kapittels en ridderschap uit 
de provincie vertegenwoordigd, maar de stad Utrecht had een domi-
nante rol. Dus werden vooral prominente Utrechters afgevaardigd als 
Plattegrond van de stad Cochin, India. Johannes Vingboons, 1665 (Nationaal Archief)",Colonialism,0,False
"RACISME BIJ HET MINISTERIE VAN BUITENLANDSE ZAKEN 
Een verkennend onderzoek 
 
74 
 
 
“Het is een oer-Hollandse organisatie. Je moet alle mores kennen. Ik 
heb op een gegeven ogenblik ook besloten: ik wil verder en 
doorgroeien. Dat kan niet hier. Dat hoor ik ook van anderen die zijn 
afgehaakt.” 
 
“Persoonlijk weet ik niet goed of ik zou willen solliciteren voor een vast 
contract bij BZ omdat conformisme en ook de vraag om te assimileren 
ontzettend hoog is, vind ik. Daarbij zou ik persoonlijk te veel moeten 
inleveren van wie ik ben. Ik merk dat heel veel andere collega’s met 
een niet-westerse achtergrond dat ook hebben.”  
 
Ervaringen van racisme en gebrek aan inclusie als vertrekmotief 
Anderen noemen dat medewerkers vertrekken door een opeenstapeling van ervaringen 
met racisme. Een gebrek aan een inclusieve werkomgeving speelt ook mee, omdat 
mensen zich hierdoor onvoldoende thuis kunnen voelen. Soms zijn er stagiaires die al 
tijdens hun stage om deze redenen vertrekken. Een respondent noemt dat er ook 
collega’s zijn die zich lang hebben ingezet voor diversiteit en inclusie, maar dat die na 
verloop van tijd vermoeid en gedemotiveerd raken, omdat ze merken dat er weinig 
verandert binnen de organisatie.",Modern Racism & Inequality,2,False
"Slaafgemaakten en bestuurders van 
de voc in Utrecht en Azië
Matthias van Rossum
Op 3 juli 1774 registreerde een klerk in de Zuid-Indiase stad Cochin, 
een vestiging van de Verenigde Oost-Indische Compagnie, de verkoop 
van ‘Utrecht’ door Pieter Adriaan Gosenson aan Jan Lambertus van 
Spall. Door de verkoopakte weten we meer over de slaafgemaakte 
die deze uiterst onpersoonlĳke slavennaam kreeg toebedeeld. Het 
ging om een jongen van dertien jaar oud, die eerder Koenjapen werd 
genoemd. Volgens de verkoopakte was hĳ een ‘Chego’ (Chekon), een 
term die duidt op een afkomst uit een gemeenschap van landarbeiders 
en palmwĳnverkopers. Het jongetje Koenjapen was verre van de enige persoon die als 
slaafgemaakte in Cochin werd verkocht in de periode dat de stad on-
der Nederlands bewind stond (1663-1795). Zo verkocht de boekhouder 
Pieter Adriaan Gosenson aan Van Spall onder meer de negentienjarige 
jongeman Canden (op 19 oktober 1770), het veertienjarige meisje Tevĳ 
(26 juli 1771), de twaalfjarige jongen Changaren (13 oktober 1772) en het 
zestienjarige meisje Kallĳ (21 juni 1774). Deze jonge slaafgemaakten 
kregen nieuwe namen opgedrongen. Zo werd Canden nu Anthonĳ, 
Tevĳ werd Rozelĳn, Kallĳ werd Malattĳ. Of nog onpersoonlĳker: de in 
oktober verkochte Changaren werd October genoemd.1
Maar waarom kreeg een slaafgemaakte in Zuid-India de naam van 
een stad als Utrecht opgeplakt? En dan specifiek ook de naam van deze 
domstad, gelegen in het midden van het land, niet aan zee, maar hooguit 
door kronkelende rivieren met de wĳdere wereld verbonden?",Historical Slavery,1,False
"67 See also an academic debate within the American Society of International Law (Reparations under 
International Law for Enslavement of African Persons in the Americas and the Caribbean) – its materials are 
available at: 
https://www.asil.org/events/2021Reparations    
68 Yet the non-applicability of the statute of limitations operates within the limits of the court’s jurisdiction, which 
is qualified by the non-retroactivity rule ratione personae (Art. 24 ICC St: no one can be held criminally 
responsible for the crimes committed before the statute’s entry into force). 69 Rik Van Weilie, Slave Trading and Slavery in the Dutch Colonial Empire: A Global Comparison, New West 
Indian Guide / Nieuwe West-Indische Gids, 82,1/2, 2008. 47-96. Retrieved May 13, 2021, from 
http://www.jstor.org/stable/43390702. Gross, A. J., & Thomas, C. (2017). The New Abolitionism, International 
Law, and the Memory of Slavery. Law and History Review, 35(1), 99–118.",Colonialism,0,False
"7. H. den Heijer, De geoctrooieerde compagnie, Ars 
Notariatus 128 (Deventer 2010) 54. 8. W.E.H. Winkels, Publicatiën en verordeningen 
betrekkelijk Surinam, res. 26 november 1749 
(Paramaribo 1816). 9. Memorie van Raaden en Rekenmeesters der 
Erfgoederen van den Prinse van Oranje en 
Nassau, overgeleverd aan de Fransche 
Repreasentanten in Den Haage, den 
9. Februarij 1795, bijlage B in: Cornelis Van 
der Aa, Geschiedenis van de jongstgeëindigden 
oorlog 1793-1803, derde deel (Amsterdam 1803) 
316; Nieuwe Nederlandsche Jaerboeken, vierde deel, 
tweede stuk (Leiden 1769) 1350.",Colonialism,0,False
"Gedurende enkele decennia van de zeventiende eeuw was de 
wic zelfs de grootste slavenhandelaar in het Atlantische gebied. Ook 
de voc, die eerder bekend staat als een handelaar in kruidnagelen en 
kaneel, heeft duizenden tot slaaf gemaakten uit Afrika, Madagaskar, 
India en Arakan (huidig Myanmar) weggevoerd en in de eigen vesti-
gingen verkocht of aan het werk gezet. De leefomstandigheden op de 
voc-schepen was voor tot slaaf gemaakten zo erbarmelĳk, dat velen er 
de dood vonden. In de loop van de zeventiende eeuw liet de Compagnie 
de slavenhandel steeds meer aan particuliere handelaren over. Onder 
hen waren veel Compagniesdienaren die voor eigen rekening in tot 
slaaf gemaakten handelden. Met deze geschiedenis zĳn de levens van duizenden Utrechters 
verbonden, en wat wellicht belangrĳker is, die van in totaal honderd-
duizenden tot slaaf gemaakten die uit hun dorpen en geboortestreken 
zĳn geroofd, aan Europeanen verhandeld en in een van de koloniën in 
Amerika, Afrika of Azië zĳn tewerkgesteld. Vaak werden zĳ honderden 
kilometers van hun huis vandaan vervoerd, werden zĳ van hun gezinnen",Historical Slavery,1,False
"DISCRIMINATIE  
Discriminatie is het anders behandelen, achterstellen of uitstellen van mensen op basis van persoon-
lijke kenmerken. Deze kenmerken worden discriminatiegronden genoemd. De wetgeving voor gelijke 
behandeling beschermt de volgende persoonskenmerken, op basis waarvan discriminatie verboden is:
• Godsdienst/levensovertuiging
• Politieke gezindheid
• Ras
• Geslacht
• Nationaliteit
• Seksuele oriëntatie/geaardheid
• Burgerlijke staat
• Geestelijke/lichamelijke uitdaging of chronische ziekte
• Leeftijd
• Arbeidsduur (voltijd of deeltijd)
• Soort contract (vast of tijdelijk arbeidscontract)
DIFFERENTIATIE (ONDERWIJS)
Leerlingen hebben verschillende niveaus en onderwijsbehoeften. De thuissituatie en de omgeving waarin 
leerlingen opgroeien, verschillen vaak en kunnen bepalend zijn voor het onderwijsniveau en schoolsucces 
van leerlingen. Het onderwijs en de leerkrachten moeten zich aanpassen aan de (sociale/culturele/etni-
sche) verschillen tussen leerlingen in de klas. Daarnaast moeten leerkrachten variëren in de instructiewijze 
en instructietijd, om aansluiting te vinden met alle leerlingen en het beste uit de gehele klas te halen. DEHUMANISATIE 
Het proces waarbij de menselijkheid van een persoon of groep wordt ontkend. DEKOLONISATIE, MENTALE (DECOLONIZING THE MIND) 
Dekolonisatie is een term voor het historische bevrijdingsproces waarbij de bevolking van de voorma-
lige kolonies haar onafhankelijkheid afdwong van kolonisatoren. Kolonialisme was een systeem dat 
niet alleen economische en politieke overheersing omvatte. Een essentieel onderdeel van kolonialis-
me was de mentale overheersing en indoctrinatie.",Modern Racism & Inequality,2,False
"VOC-schip op de werf bij het Oost-
Indisch Zeemagazijn (een gigantisch 
pakhuis van de VOC op Oostenburg, 
het gebouw is in 1822 ingestort). JAN VAN DER HEYDEN, 1690 | 
STADSARCHIEF AMSTERDAM
onder meer Suriname en de Antillen. Daar werden de slaafgemaakten verkocht 
aan Europese plantagehouders in ruil 
voor producten als suiker, koffie en katoen 
voor de Europese markt. De Amsterdamse grachtengordel en 
gebouwen als het Paleis op de Dam en 
het Rijksmuseum herinneren aan die tijd 
van rijkdom. Maar ze herinneren ook aan 
de tijd van slavenhandel en kolonisatie. Het een is verbonden met het ander. •
23",Historical Slavery,1,False
"RACISME BIJ HET MINISTERIE VAN BUITENLANDSE ZAKEN 
Een verkennend onderzoek 
 
79 
 
wordt wel zo ervaren. We proberen de lieve vrede te bewaren, we zijn 
gericht op de relatie en op harmonie. Zo maak je diplomatie. Je doet 
zaken met andere landen, daar moeten we het van hebben. Dat 
hebben we in de genen. Dat is het soort mensen dat hier werkt. Geen 
rauwdouwers. Geen marktkoopmannen.”  
 
Passief racisme zorgt voor een normalisering van racisme 
Passief racisme draagt niet bij aan een versterking van de norm van non-discriminatie. Als 
omstanders bij racisme toekijken en niet ingrijpen, treedt er een normalisering van racisme 
op. Dit kan ertoe leiden dat mensen juist meer ruimte voelen om racistisch te handelen 
(Broekroelofs & Felten, 2020; Crandall, Eshleman, & O'Brien, 2002).",Modern Racism & Inequality,2,False
"(1986) Modern racism, ambivalence, and the modern racism scale. In 
Dovidio, F.J. & Gartner, S.L. (eds.) Prejudice, discrimination and racism. (p. 91- 126). Orlando, FL: Academic Press. Roberts, S. O. & Rizzo, M.",Modern Racism & Inequality,2,False
"— 243 —
— NEDERLANDSE KOLONIALE SLAVERNIJ WERELDWIJD —
het ontwikkelen van communicatie- en gezagsstructuren zoals de krutu 
(een openbare vergadering waarbij bestuursaangelegenheden en rechts­
geschillen worden behandeld), traditionele gezags- en familiestructuren, 
een eigen taal en rechtspraak en shifting cultivation, waaruit hun connectie 
met Afrikaanse tradities blijkt. Deze Afro-Surinaamse tribale gemeen­
schappen in het binnenland konden zich handhaven in een bosrijke 
omgeving door de kennis die zij uit Afrika hadden meegenomen te bunde­
len met kennis die zij hadden opgedaan in het contact met de lokale bevol­
king. De ruim 175 marrondorpen die tegenwoordig over zijn, zijn 
omringd door natuurlijke hulpbronnen. Daarnaast zijn er ook veel 
Afro-Surinaamse mannen van het binnenland actief geweest in de 
goudwinningsactiviteiten. Toch is er in de afgelopen zestig jaar geen 
­significante verbetering in de welvaartssituatie van de dorpsgemeenschap­
pen te zien. Daar zijn allerlei verklaringen voor te vinden, zoals de moeilij­
ke toegang tot bancaire financiering, de fysieke afstand tot ­Paramaribo, 
waar de afzetmarkten gevestigd zijn, en de impact die de Binnenlandse 
oorlog tussen 1987 en 1992 gehad heeft. De Afro-Surinaamse dorps­
gemeenschappen hebben een tribale levenswijze ontwikkeld en strijden 
al jaren voor de erkenning van hun collectieve rechten. Die strijd moeten 
zij voeren binnen een rechtssysteem dat (een koloniale oorsprong heeft en) 
In het binnenland van Suriname woonden verschillende marrongroepen. Deze foto is rond 1910 genomen.",Colonialism,0,False
"RACISME BIJ HET MINISTERIE VAN BUITENLANDSE ZAKEN 
Een verkennend onderzoek 
 
12 
 
1 Inleiding 
 
Het is de missie van het ministerie van Buitenlandse Zaken om mee te bouwen aan een 
rechtvaardige wereld met kansen, vrijheid en waardigheid voor iedereen. Om dit te 
realiseren worden er onder andere internationale afspraken gemaakt over het tegengaan 
van ongelijkheid. Ook zet het ministerie zich in voor mensenrechten en 
ontwikkelingssamenwerking. Het ministerie van Buitenlandse Zaken vertegenwoordigt 
Nederland met circa 150 ambassades, consulaten en andere vertegenwoordigingen in 
het buitenland (Ministerie van Buitenlandse Zaken, 2022). Het ministerie legt vergelijkbare normen op aan de eigen organisatie. In andere woorden, 
naast de missie om van betekenis te zijn in de wereld, is er ook aandacht voor een veilige 
werkomgeving voor de eigen medewerkers. Zo stelt het ministerie sinds een aantal jaar 
zich ten doel om meer diversiteit en inclusie (D&I) te realiseren binnen de organisatie. In de ‘Beleidsvisie Diversiteit en Inclusie 2021’ wordt geconstateerd dat nut en noodzaak 
van diversiteit en inclusie erkend worden, maar ook dat er nog een lange weg te gaan is 
(Ministerie van Buitenlandse Zaken, 2021). Daarnaast is in de Gedragscode Integriteit Rijk 
en de gedragscode van het ministerie opgenomen dat discriminatie niet wordt 
getolereerd. Racisme op de agenda bij het ministerie van Buitenlandse Zaken 
Onder meer als gevolg van de massale binnen- en buitenlandse aandacht voor de Black 
Lives Matter beweging is het onderwerp (institutioneel) racisme explicieter op de agenda 
geplaatst.",Modern Racism & Inequality,2,False
"Essed (1984; 
2018) schrijft in dit verband over ‘alledaags racisme’, waarmee zij doelt op uiteenlopende 
vormen van onrecht die mensen van kleur ervaren in de alledaagse interacties met witte 
mensen. Met ‘alledaags’ wil Essed de aanhoudende, routinematige en dagelijkse 
aanwezigheid van diverse subtiele vormen van racisme benadrukken. De optelsom van 
alledaagse subtiele vernederingen accentueren voortdurend het ‘anders-zijn’ en dat men 
er niet helemaal bij hoort (vgl. Omlo, 2020). In internationale publicaties wordt alledaags racisme ook wel in verband gebracht met 
zogenoemde microagressies (Solózano & Pérez Huber, 2020; Sue, e.a., 2007; Williams, e.a., 
2021). Microagressies zijn subtiele, alledaagse ervaringen van racisme die beledigend en 
kwetsend zijn. Sue e.a. (2007) onderscheiden negen negatieve vooroordelen over iemands 
intelligentie of betrouwbaarheid, stigmatiserende categorieën aan microagressies, die door 
Williams e.a. (2021) zijn uitgebreid tot 16 categorieën. Voorbeelden zijn negatieve 
opmerkingen over etnische groepen, behandeld worden met minder respect, genegeerd 
worden en racistische grappen (vgl.",Modern Racism & Inequality,2,False
"Het is inhoudelijk afgestemd met mensen uit het 
Caribische deel van het Koninkrijk. > Institutioneel anti-zwart racisme krijgt in dit manifest bijzondere aandacht. Het gaat om het 
specifieke racisme dat mensen treft die van Afrikaanse herkomst zijn, die zichzelf identificeren 
als Zwart of die worden geïdentificeerd als Zwart. > Anti-zwart racisme heeft zich, op verschillende momenten en op verschillende manieren, 
vermengd met achterstelling op grond van gender, klasse en seksualiteit, religie en handicap. Daarom staan wij een intersectionele benadering voor. We erkennen en herkennen de diversiteit",Modern Racism & Inequality,2,False
"RACISME BIJ HET MINISTERIE VAN BUITENLANDSE ZAKEN 
Een verkennend onderzoek 
 
62 
 
verbinden aan de verschillende racismevormen (vgl. Omlo, 2020). In algemene zin kunnen 
we stellen dat medewerkers zowel subtiel als openlijk racisme ervaren. Belangrijk om te benadrukken is dat ander onderzoek laat zien dat subtiel racisme 
kwetsend kan zijn en niet per definitie minder schadelijk is dan openlijk racisme. Vooral als 
dergelijke ervaringen hardnekkig zijn, is het moeilijker om deze zomaar te negeren. De 
optelsom van alledaagse ervaringen van racisme kan een ingrijpend en deprimerend 
effect hebben op het welzijn van mensen (vgl. Essed, 1984). Subtiel racisme draagt de 
potentie in zich om op den duur een ‘sluipend gif’ te worden dat veel ongrijpbaarder is en 
moeilijker om tegen in verzet te komen (Omlo, 2020). Uit verschillende studies blijkt dat 
deze ervaringen kunnen resulteren in depressie, angst en bezorgdheid, verminderd welzijn 
en een afname van het zelfvertrouwen (Solorzano, 2014; Williams, e.a., 2021). Ervaringen van insluiting 
Het is niet zo dat elke respondent alle beschreven vormen van racisme ervaart, maar 
duidelijk is wel dat het om patronen van racisme gaat.",Modern Racism & Inequality,2,False
"Post-
colonial Legacies of the Past’, in: Stefan Jonsson en Julia Willén (red.), 
Austere Histories in European Societies. Social Exclusion and the Contest of 
Colonial Memories (London: Routledge, 2016), 59-73, aldaar 60-63. De Utrechtse Compagnie
1. G. van Rĳn, Het groote Tafereel der Dwaasheid en zĳn geschiedenis, voor-
afgegaan door eenige mededeelingen over de Utrechtsche en Middelburg-
sche Compagnieën (Amsterdam: Frederik Muller en Co., 1905), iv; Oscar 
Gelderblom en Joost Jonker, ‘Mirroring Different Follies: The Character 
of the 1720 Bubble in the Dutch Republic’, in: William N. Goetzmann 
et al. (red.), The Great Mirror of Folly. Finance, Culture, and the Crash of 
1720 (New Haven en London: Yale University Press, 2013), 121-139, aldaar 
131; D.E.A. Faber en R.N.J. Rommes, ‘Op weg naar stabiliteit (1618-1747)’, 
in: R.E.",Colonialism,0,False
"— 257 —
— NEDERLANDSE KOLONIALE SLAVERNIJ WERELDWIJD —
het huis, zwoegde het merendeel van de volwassen slaafgemaakten zes 
lange dagen per week onder de brandende zon in het veld. Het harde 
werk, zware straffen, en regelmatige honger eisten hun tol. Continu was 
een zesde van de volwassenen niet in staat te werken vanwege ziekte, ver­
wonding of blijvende invaliditeit. In Essequibo en Demerara werd veelal 
suiker verbouwd, in Berbice merendeels koffie. In Berbice begon men pas 
in het laatste kwart van de achttiende eeuw dicht bij de kust plantages aan 
te leggen. In Essequibo en Demerara was dat al voor het midden van de 
achttiende eeuw gebeurd. Om het getij onder controle te houden, zodat 
de velden niet onder zouden stromen, moesten slaafgemaakten kanalen 
en geulen graven en dijken bouwen, wat zwaar en afmattend werk was. Vrouwen zorgden ook, zo goed en zo kwaad als mogelijk naast hun veld­
werk, voor hun kinderen, conform West-Afrikaanse gendernormen die 
ook in de ‘Nieuwe Wereld’ gangbaar bleven. Zwangere vrouwen konden 
op weinig begrip van de planters rekenen. Sterfte onder kinderen was 
hoog, en ouders hadden weinig autonomie om hun kinderen op te voeden 
zoals ze dat wilden.",Historical Slavery,1,False
"7. Archief Ministerie van Koloniën (na), inv.nr. 31; Joseph Siwpersad, De Nederlandse regering 
en de afschaffing van de Surinaamse slavernij, 1833-
1863 (Groningen 1979) 14. 8. Duplicaten Bestuursarchieven van Suriname 
(na), inv.nr. 42, scan 157; Dorsey, Slave Traffic 
in the Age of Abolition, 200. 9. Alex van Stipriaan, Surinaams contrast. Roofbouw en overleven in een Caribische 
plantagekolonie, 1750-1863 (Leiden 1993) 314; 
Joseph Siwpersad, De Nederlandse regering en de 
afschaffing, 47. 10.",Colonialism,0,False
"RACISME BIJ HET MINISTERIE VAN BUITENLANDSE ZAKEN 
Een verkennend onderzoek 
 
13 
 
Een wijdverbreid probleem 
De laatste jaren zijn veel studies verricht naar racisme. Daaruit komt een beeld naar voren 
dat racisme een wijdverbreid en hardnekkig probleem is binnen de Nederlandse 
samenleving. Zo wordt er bijvoorbeeld gediscrimineerd op de werkvloer (De Jong, e.a., 
2021; Waldering e.a., 2015) en op de arbeidsmarkt (vgl. Andriessen, e.a., 2015; 2020; Berg, 
e.a., 2017; Blommaert, e.a., 2014; Huijnk, 2016; SER, 2019; Thijssen, e.a. 2019; Van Bon & 
Fiere, 2020). Stagiaires ervaren discriminatie in hun zoektocht naar een stageplek 
(Andriessen, e.a. 2014; Klooster, e.a., 2016). Discriminatie is ook aangetoond in de zorg 
(Nhass & Poerwoatmodjo, 2021; Kolste & Venderbos, 2022), op de woningmarkt (Böcker, 
e.a., 2019; Felten, e.a., 2021; Hoogenbosch & Dibbits, 2019) en in uitgaansgelegenheden 
(Andriessen, e.a., 2020). In verschillende studies is verder aangetoond dat er bij de politie 
etnisch wordt geprofileerd (vgl. Andriessen, 2014; 2020, e.a., Çankaya, 2012; Fra, 2009).",Modern Racism & Inequality,2,False
"Er waren niet veel 
ambachtslieden in de stad, die bevonden zich eerder op de plantages 
onder de slaafgemaakten. Daar werkten ze voor de plantage-eigenaar. Met de toename van het aantal vrije kleurlingen nam het aantal ambachts­
lieden (zoals schoenmakers, bakkers en timmerlieden) toe. De vrijverklaar­
den boden hun diensten aan stadsbewoners aan of teelden op kleine 
gronden gewassen om in hun behoefte te voorzien. Huisbedienden en 
ambachtslieden die geen verplichting hadden tot contractarbeid tijdens 
het staatstoezicht trokken naar Paramaribo om er te werken, hun diensten 
aan te bieden of hun waar te verkopen. Paramaribo telde rond de afschaf­
fing van de slavernij ongeveer 20 000 inwoners, vandaag de dag zijn dat",Historical Slavery,1,False
"RACISME BIJ HET MINISTERIE VAN BUITENLANDSE ZAKEN 
Een verkennend onderzoek 
 
104 
 
praktijk. Diemen & Amsterdam: Hogeschool Inholland, Institute for Societal Resilience & 
Vrije Universiteit Amsterdam. Keuzenkamp, S. (2017) Wat werkt en wie werkt? De rol van ervaringsdeskundigen bij de 
aanpak van armoede en schulden. Amsterdam: Vrije Universiteit Amsterdam 
 
Klooster, E., Koçak, S., Day, M. (2016) Mbo en de stagemarkt, wat is de rol van 
discriminatie? Een verkenning onder onderwijsprofessionals en studenten. Utrecht: 
Kenniscentrum Integratie en Samenleving. Kolste, R.",Modern Racism & Inequality,2,False
"37
6. Discriminatie en racisme 
in publieke dienstverlening 
tegengaan: conclusies en 
aanbevelingen
De observaties en aanbevelingen die tot nu toe zijn besproken, laten zien 
dat de Discriminatietoets weliswaar een waardevol instrument kan zijn, 
maar dat een blijvende en systematische aanpak van discriminatie in 
de publieke dienstverlening niet kan rusten op één maatregel. Een meer 
proactieve aanpak vereist collectieve actie en verantwoordelijkheid van 
verschillende partijen: publieke dienstverleners en gemeenten, de rijks-
overheid en Kamerleden en bewindspersonen. Pas wanneer deze actoren 
gezamenlijk werken aan een ondersteunende politieke en maatschappelij-
ke omgeving, wordt het mogelijk om structurele oorzaken van discriminatie 
bloot te leggen en door te breken. 6.1 Publieke dienstverleners: handel nu en pak discriminatie 
structureel aan 
Voor publieke dienstverleners volstaat het slechts reageren op individuele 
casussen van discriminatie en racisme in hun dienstverlening niet. Dit 
zijn namelijk geen incidenten, maar uitingen van structurele patronen van 
institutionele discriminatie. Dienstverleners moeten er niet vanuit gaan dat 
discriminatie bij hen niet voorkomt, maar zich bewust zijn van structurele 
risico’s op discriminatie. Een proactieve en vooral continue aanpak met 
periodieke herhalingen is daarom noodzakelijk. •	 Publieke dienstverleners en gemeenten zullen zelf actief structurele 
aanpak van discriminatie en racisme in hun dienstverlening moeten 
vormgeven, en de bereidheid moeten tonen hier periodiek verantwoor-
ding over af te leggen en te leren van elkaar. Branches en netwerken, zo-
als de VNG en het Netwerk Publieke Dienstverleners kunnen hierbij een 
voortrekkersrol spelen.",Modern Racism & Inequality,2,False
"Basis voor racisme
Dit soort ideeën hebben een effect gehad 
op de vorming van racistische denkbeelden 
van nu. De elite van toen legde de basis 
voor vormen van institutioneel racisme, 
die tot op de dag van vandaag zijn blijven 
bestaan. De term institutioneel racisme 
verwijst naar het systematisch uitsluiten, 
marginaliseren en discrimineren van 
bevolkingsgroepen op basis van hun ‘ras’ 
of etniciteit. Dit gebeurt met officiële 
regels, maar ook met ongeschreven of 
informele regels. Je vindt dit ook nog terug in onze taal. Het woord ‘denigreren’ betekent 
minachten, kleineren of zwartmaken. Het komt van het Latijnse woord 
denigrare, dat een afleiding is van niger: 
donker, zwart of ‘neger’. •
Meer lezen
Uit De slavernij in Oost en West, het 
Amsterdam onderzoek (2020, SPECTRUM):
•	 Pepijn Brandon, Burgemeesters, 
belangen en staatsmacht. •	 Michel Doortmont, Jacob de 
Petersen, slavenhandelaar op West-
Afrika en Amsterdams bestuurder. •	 Wim Klooster, Amsterdam, de WIC 
en het Groot Desseyn.",Modern Racism & Inequality,2,False
"RACISME BIJ HET MINISTERIE VAN BUITENLANDSE ZAKEN 
Een verkennend onderzoek 
 
14 
 
komende jaren onderzoek doen naar discriminatie en racisme in uiteenlopende sectoren 
van de samenleving, inclusief de overheid. 1.1 De betekenissen van racisme 
In met name hoofdstuk 3 werken we de betekenis van racisme aan de hand van de 
concrete ervaringen van respondenten nader uit. In deze inleiding staan we op 
hoofdlijnen stil bij de betekenis van racisme. Juridische benadering van racisme 
Discriminatie op grond van onder meer ras, godsdienst en levensovertuiging is in 
Nederland verboden, zoals artikel 1 van de Grondwet duidelijk maakt. In juridisch 
perspectief is ook het Internationaal Verdrag Inzake de uitbanning van alle vormen van 
rassendiscriminatie relevant. Dit verdrag werd in 1965 aangenomen door de Verenigde 
Naties. Racisme wordt hierin omschreven als:  
 
“Elke vorm van onderscheid, uitsluiting, beperking of voorkeur op grond van ras, 
huidskleur, afkomst of nationale of etnische afstamming die ten doel heeft de erkenning, 
het genot of de uitoefening, op voet van gelijkheid, van de rechten van de mens en de 
fundamentele vrijheden op politiek, economisch, sociaal of cultureel gebied, of op 
andere terreinen van het openbare leven, teniet te doen of aan te tasten, dan wel de 
tenietdoening of aantasting daarvan ten gevolge heeft”. Racisme als een veelkoppig monster  
Naast een juridische benadering van racisme is er in de sociale wetenschappen veel 
gepubliceerd over (de betekenis van) racisme. In de wetenschappelijke literatuur is er 
brede erkenning voor het idee dat racisme een veelkoppig monster is. In navolging van 
veel andere wetenschappers zien wij racisme dan ook als een breed verschijnsel met 
uiteenlopende verschijningsvormen.",Modern Racism & Inequality,2,False
"Zij werden met hete ijzers op hun borst 
of rug gebrandmerkt om ze levenslang met hun slavenmakers, zoals de West-Indische 
Compagnie (WIC), te kunnen identificeren. Vanaf het begin hebben deze tot slaaf-gemaakte Afrikanen zich verzet tegen hun, 
brandmerking en betiteling. Velen van hen zijn tijdens hun verzet in Afrikaanse kerkers 
omgekomen, op de schepen die hen transporteerden, en op de plantages in de Amerikaǯs 
waar zij tegen hun wil te werk werden gesteld. In de Engelse taal worden, afhankelijk van het standpunt van de gebruiker, de 
woorden slave en enslaved gebruikt. Net zoals in het woord Ǯgegijzeldenǯ komt in het 
woord enslaved het actieve en niet-permanente aspect met betrekking tot slavernij tot 
uiting. )n het Nederlandse lexicon is het ontoereikende woord Ǯslaafǯ nog steeds 
dominant. Tijdens de oprichting van het Nationaal instituut Nederlands slavernijverleden en 
erfenis in 2003 stelde een van zijn onderzoekers, Frank Dragtenstein, voor om de term 
Ǯtot-slaaf-gemaaktenǯ te introduceren als equivalent van enslaved. Aangezien Ǯtot-slaaf-
gemaaktenǯ meer weg heeft van een zin dan een woord, kiezen wij in onze 
verslaglegging voor het hanteren van de term Ǯslaaf-gemaaktenǯ in plaats van Ǯslavenǯ of 
Ǯslaafǯ. Dit is niet slechts een kwestie van betekenisleer ȋsemantiekȌ, maar geeft ook aan 
dat Nederland nog niet beschikt over de juiste taal voor dit gedeelte van haar 
geschiedenis.",Historical Slavery,1,False
"Denk aan suiker, koffie en 
katoen. Maar slavernĳ was veel wĳder verbreid en de rol van tot slaaf 
gemaakten veel algemener. Zĳ waren niet alleen werkzaam op plantages, 
maar ook in de huizen en tuinen, in de havens en ambachtswerkplaatsen, 
zelfs als matrozen en soldaten. De slavenarbeid vormde dus niet alleen 
de ruggengraat van de productie op plantages, maar leverden essentiële 
arbeidsdiensten aan het hele koloniale apparaat. Etablissement (klein hospitaal) Utrecht in Suriname. J.E. Muller, c.1890 (Tropenmuseum)",Historical Slavery,1,False
"Geugten, Tom van der (red.), 
Geschiedeniswerkplaats. 2 vmbo (Groningen 2019). Geugten, Tom van der (red.), 
Geschiedeniswerkplaats. Bovenbouw vwo 
(Groningen 2018). Geugten, Tom van der (red.), 
Geschiedeniswerkplaats. Werkboek 2 vwo 
(Groningen 2019). Gfcnieuws.com, ‘Dekolonisatie Surinaams 
onderwijs in alle rust,’ 22 augustus 2022: 
https://surinamenieuwscentrale.com/
dekolonisatie-surinaams-onderwijs-alle-rust. Goodfriend, Joyce, ‘Burghers and Blacks. The Evolution of a Slave Society At New 
Amsterdam,’ New York History 59 (1978) 129-30. Goodfriend, Joyce, ‘Black Families in New 
Netherland,’ A Beautiful and Fruitful Place, red.",Colonialism,0,False
"RACISME BIJ HET MINISTERIE VAN BUITENLANDSE ZAKEN 
Een verkennend onderzoek 
 
65 
 
doet in vergelijking met andere ministeries. De instroom is volgens het ministerie “in orde”. In 2018 zou de instroom van bi-culturele medewerkers 17.4% zijn (Ministerie van 
Buitenlandse Zaken, 2021). Verboden afwijzingen op basis van afkomst  
Het risico op institutioneel racisme kan worden verkleind door eerlijke processen te 
organiseren in de instroming (zie Felten, e.a., 2021). Oneerlijke processen zijn geschreven of 
ongeschreven regels en mechanismen die bedoeld of onbedoeld ongelijke behandeling 
in de hand werken. We constateren dat er ondanks verbeteringen in de instroom oneerlijke processen een rol 
spelen. Bij het beoordelen van de sollicitatiebrieven en sollicitatiegesprekken vindt 
bijvoorbeeld expliciete afwijzing plaats op basis van afkomst, hetgeen wettelijk verboden 
is. Zo vertelt een respondent dat medewerkers opmerkten dat ze geen mensen meer 
zouden aannemen met een bepaalde afkomst, omdat ze een keer een “hele slechte 
hebben gehad” die “de hele tijd taalfouten maakte”. Een andere respondent die 
sollicitatiegesprekken afneemt, krijgt van collega’s te horen dat ze iemand niet mag 
aannemen als stagiaire vanwege haar etnische afkomst. Op de ambassades is een 
voorbeeld genoemd waarbij een geschikte bi-culturele kandidaat is voorgedragen door 
een manager en andere teamleden.",Modern Racism & Inequality,2,False
"RACISME BIJ HET MINISTERIE VAN BUITENLANDSE ZAKEN 
Een verkennend onderzoek 
 
26 
 
de nadruk leggen op het migrant zijn. De term allochtoon betekent zelfs letterlijk “niet van 
deze bodem”. Het is nogal problematisch om grote groepen Nederlanders die hier zijn 
geboren en opgegroeid te blijven zien als een vreemde ander of als een migrant, zelfs als 
zij zelf nooit gemigreerd zijn (vgl. Schinkel, 2008). Het gebruik van dit soort categorieën 
draagt bij aan het overschatten van de verschillen tussen mensen en het onderschatten 
van overeenkomsten. Verder zit er ook een zekere overlap in de terminologie, omdat witte 
mensen ook bi-cultureel kunnen zijn, al is dat wel afhankelijk van de exacte definitie van 
dergelijke begrippen. Het is een ongebruikelijk begrippenpaar, omdat ze niet elkaars 
tegenpolen zijn. Lokaal aangenomen en uitgezonden medewerkers 
De medewerkers die op ambassades werken in een land waar zij zelf ook geboren en 
opgegroeid zijn duiden we aan als lokaal aangenomen medewerkers. Lokaal 
aangenomen personeel is een juridische categorie en daarmee van een andere orde 
dan de term ‘bi-culturele medewerker’. Belangrijk om te benadrukken is dat we in dit 
onderzoek lokaal aangenomen medewerkers van kleur hebben geïnterviewd.9 Omwille 
van de leesbaarheid zullen we de toevoeging “van kleur” niet steeds herhalen.",Modern Racism & Inequality,2,False
"D. & Martin-Willet, R. (2021) After Pierce and Sue: A Revised Racial 
Microaggressions Taxonomy. Perspectives on Psychological Science 16 (5), p. 991– 1007. Witte, R. (2010) Al eeuwenlang een gastvrij volk: racistisch geweld en overheidsreacties in 
Nederland (1950-2009), Amsterdam: Aksant.",Modern Racism & Inequality,2,False
"RACISME BIJ HET MINISTERIE VAN BUITENLANDSE ZAKEN 
Een verkennend onderzoek 
 
19 
 
2 Aanpak van het onderzoek 
 
In dit hoofdstuk beschrijven we de doelstelling, onderzoeksvragen, aanpak van het 
onderzoek en gebruikte onderzoeksmethoden. Ook lichten we toe hoe de respondenten 
geselecteerd en geworven zijn. Vervolgens beschrijven we de deelnemers aan het 
onderzoek. We sluiten dit hoofdstuk af met een toelichting op hoe we de uitkomsten van 
het onderzoek interpreteren. 2.1 Doelstelling en onderzoeksvragen 
In de Terms of Reference) heeft het ministerie een aantal doelstellingen en 
onderzoeksvragen gekoppeld aan de verkenning. Doelstellingen 
De doelstelling van het onderzoek is drieledig: 
 
1) 
In kaart brengen van de verschillende dimensies/kenmerken van het racisme 
vraagstuk zoals dat wordt ervaren binnen het ministerie van Buitenlandse Zaken (en 
eventueel voordat je bij het ministerie binnen kunt komen) 
2) 
Het inventariseren van de ervaren omvang van het probleem zoals dat wordt ervaren 
zowel op het departement in Den Haag als op de posten 
3) 
Het doen van aanbevelingen om het probleem aan te pakken, terug te dringen en bij 
te dragen aan meer diversiteit, inclusie, etc. Binnen het onderzoek is er zowel ruimte voor de ervaringen van medewerkers in Den Haag 
als voor medewerkers op de ambassades in het buitenland. Dit onderzoek gaat op zoek 
naar patronen van racisme op de werkvloer. De nadruk ligt niet op het handelen van 
individuele medewerkers. Onderzoeksvragen 
In aansluiting op deze doelen, zijn er twee onderzoeksvragen geformuleerd: 
 
 
In hoeverre is er volgens medewerkers sprake van racisme binnen het ministerie 
van Buitenlandse Zaken (inclusief de ambassades) en op welke manieren komt 
dit tot uiting?",Modern Racism & Inequality,2,False
"3. Gelderblom en Jonker, ‘Mirroring Different Follies’, 125. 4. Ibidem, 126; Abe de Jong, Joost Jonker en Ailsa Röell, ‘De ontwikkeling 
van de naamloze vennootschap in Nederland tot 1850. Een bedrĳfseco-
nomisch perspectief’, Maandblad voor Accountacy en Bedrĳfseconomie 
87 (2013), 217-232, aldaar 225.",Colonialism,0,False
"— 452 —
— STAAT EN SLAVERNIJ —
14. https://www.ucl.ac.uk/lbs/claim/view/9374 
en https://www.ucl.ac.uk/lbs/claim/
view/9376 (voor het laatst bekeken op 
22 november 2022). 15. Pepijn Brandon en Karin Lurvink, ‘“With 
the Power of Language and the Force of 
Reason”. An Amsterdam Banker’s Fight for 
Slave Owners’ Compensation,’ Navigating 
History. Economy, Society, Knowledge and Nature. Essays in Honour of Prof. Dr. C.A. Davids (Leiden / 
Boston 2018) 228-248.",Historical Slavery,1,False
"◼ ◼◼  12. Het koloniaal profijt van onvrije arbeid 
– Jan Breman
1. Jan Breman, Koloniaal profijt van onvrije arbeid. Het Preangerstelsel van gedwongen koffieteelt op 
Java (Amsterdam 2010) 117. 2. Jan Breman, ‘Control of Land and Labour 
in Colonial Java. A Case Study of Agrarian 
Crisis and Reform During the First Decades 
of the Twentieth Century,’ Verhandelingen van 
het Koninklijk Instituut voor Taal-, Land- en 
Volkenkunde 101 (Dordrecht 1983) 5-22. 3. Breman, Koloniaal profijt van onvrije arbeid, 216. 4.",Colonialism,0,False
"RACISME BIJ HET MINISTERIE VAN BUITENLANDSE ZAKEN 
Een verkennend onderzoek 
 
55 
 
 
“Er is ook meer begrip voor individuele kwesties van lokale 
medewerkers, maar ook voor de lokale bewoners van ons land. We 
worden erkend en gerespecteerd. Een voorbeeld, toen een 
gerespecteerde spreker was overleden, toonde iedereen respect, 
interesse en medeleven. Ze vroegen ook wat Nederland voor ons zou 
kunnen betekenen. Of tijdens personeelsbijeenkomsten waarin we 
worden gevraagd of wij ook wat te melden hebben.”  
 
3.15  Ervaren omvang van racisme 
Medewerkers ervaren dus naast racisme ook insluiting. Een belangrijke vervolgvraag is hoe 
wijdverbreid ervaringen van racisme zijn. Aangezien de hierboven beschreven vormen 
van racisme veelvuldig werden genoemd door de respondenten, spreken we van 
patronen. De optelsom van al deze patronen maakt racisme niet uitzonderlijk. Het is een 
probleem waar medewerkers veel mee in aanraking komen. We hebben ook aan de respondenten zelf gevraagd naar de omvang van het probleem.",Modern Racism & Inequality,2,False
"Utrechts slavengeld
Alex van Stipriaan
Tussen het Janskerkhof en de Kromme Nieuwegracht moet het in 
vroeger tĳd vaak zĳn gegaan over de Nederlandse slavenkoloniën in 
Zuid-Amerika. In dat hartje van de domstad woonden en werkten 
Utrechtse regenten met grote investeringen in de slavernĳ, die daar 
net als hun notarissen hun zogenaamde ‘West-Indische zaken’ regelden. Aan de Kromme Nieuwegracht 29 woonde bĳvoorbeeld Daniël François 
Schas, die zich daar rond 1811 had gevestigd na een vĳftienjarig verblĳf in 
Suriname. Hĳ was afkomstig uit een Rotterdams-Haagse familie die al 
meerdere generaties plantagebezitters in Suriname had voortgebracht. Zĳn laatste plantage, Esthersrust, verkocht hĳ in 1853, tien jaar voor de 
afschaffing van de slavernĳ, op de veiling in Amsterdam voor 32.500 
gulden, hoofdzakelĳk de geschatte waarde van de 158 slaafgemaakten 
op de plantage.1
Bĳna honderd jaar eerder woonden aan het Janskerkhof verschillende 
leden van de familie Nepveu, van wie sommigen in Suriname waren 
geboren en daar enorme plantagebezittingen hadden, waarover straks 
meer. Een van hen ontmoette tĳdens het wandelen wellicht Dionisius 
Pauw op weg naar zĳn notaris Van Vloten aan de Kromme Nieuwegracht 
(zie het artikel van Matthĳs Kuipers), die zelf grote belangen had in 
Caraïbische slavenplantages, en Pauws testament regelde. Pauw was 
in 1765 steenrĳk teruggekeerd van Java, waar hĳ in dienst was geweest 
van de voc en schepen in het stadsbestuur van Batavia. Hĳ kocht een 
huis in Utrecht, waar zĳn zuster inwoonde, en een buiten aan de Vecht 
in Maarssen, waar hĳ negen jaar later overleed. Voor die tĳd had hĳ op 
z’n minst 30.000 gulden belegd in Surinaamse slavenplantages, via het 
Rotterdamse handelshuis F.W. Hudig & Zoon.2 Uiteindelĳk omvatte zĳn 
erfenis ruim 216.000 gulden, die helemaal naar zĳn zus in Utrecht ging.3
Utrechtse beleggingen
Dat Utrechtse stadshart, tussen Janskerkhof en Kromme Nieuwegracht, 
werd door zĳn bewoners, firma’s en notariaten nauw verbonden met 
de Nederlandse slavernĳbelangen.",Historical Slavery,1,False
"Een onderzoek naar Hope & Co en 
R. Mees & Zoonen (Amsterdam 2022). 2. Marten G. Buist, At spes non fracta. Hope & Co. 1770-1815 (Den Haag 1974) hoofdstukken 1 
en 14. 3. Karwan Fatah-Black, Lauren Lauret en Joris 
van den Tol, Dienstbaar aan de keten? De 
Nederlandsche Bank en de laatste decennia van de 
slavernij, 1814-1863 (Leiden 2022).",Historical Slavery,1,False
"NINSEE 
23 
 
zich eene verblijfplaats zoeken wil in de bosschen en aan de boorden der rivieren en 
kreken van dat vruchtbare landǳ.13  
 
9) Ontwerp van een anoniem persoon, ͳͺͶʹ. Dit voorstel kwam neer op een Ǯvrijwilligeǯ 
afschaffing van de slavernij die werd verhaald op de slaaf-gemaakten en hun houders. Nadat van elke slaaf-gemaakte de Ǯprijsǯ was berekend, moesten, volgens dit plan, de 
slaaf-gemaakten zichzelf vrij werken in een vijfdaagse werkweek. De slaaf-gemaakte had 
de zaterdag en zondag voor zichzelf. Dit voorstel werd afgewezen omdat men ervan uitging dat de houders van de 
slaaf-gemaakten hieraan niet vrijwillig zouden meewerken.14 
 
10) Ontwerp van de heer Betting, 1842. Volgens dit breed uitgemeten plan kon de slaaf-
gemaakte zichzelf vrijkopen, waarbij hij Ǯrechtǯ had op ͳ/͵ deel van zijn eigen arbeid. Van dit deel hield de houder van de slaaf-gemaakte echter de helft in als aflossing op de 
vrijkoopsom. Als de aflossing voltooid was, had de slaaf-gemaakte recht op het Ǯvolleǯ 
1/3 deel. Hij was wel verplicht om voor een ander 1/3 deel te blijven werken voor de 
houder van de slaaf-gemaakte.15 Kort samengevat, een gedeeltelijke vrijheid met een 
voortzetting van slavernij. 11) Ontwerp van G.C.",Historical Slavery,1,False
"RACISME BIJ HET MINISTERIE VAN BUITENLANDSE ZAKEN 
Een verkennend onderzoek 
 
86 
 
sterke druk vandaan komt om te conformeren of te assimileren aan de organisatiecultuur 
van de meerderheid. “Er wordt assimilatie verwacht. De assimilatiedruk is er. Aan de BZ-
cultuur moet je je aanpassen. Er wordt wel verwacht dat je 
conformeert aan hoe de typische BZ’er is. Het is niet zo dat BZ open 
staat voor al die verschillende soorten mensen. Ze nemen wel 
verschillende mensen in dienst omdat het ook wel wordt verwacht om 
meer diversiteit te hebben, maar eenmaal binnen moet je passen in de 
mal in hoe de BZ’er wordt geacht eruit te zien.”  
 
“Mensen worden in een keurslijf gedwongen, dat vind ik ook een vorm 
van geweld. Je dwingt iemand om zich aan te passen. Jij bent de 
norm en je bevestigt maar weer dat jij de norm bent. Ik vond dat zelf zo 
intimiderend.",Modern Racism & Inequality,2,False
"UTRECHT EN DE SLAVERNIJ ONDER DE VOC 
79
Ook liet de voc zelf op alle posten slaafgemaakten voor zich werken, 
niet alleen als sjouwers, maar ook als ambachtslieden en matrozen. In 1665 woonden er 1500 slaafgemaakten in het ‘ambachtskwartier’ 
van de voc in Batavia.8 In 1697 waren er in Colombo, op Ceylon, 1741 
slaafgemaakten onder de Compagnie.9 Eerst waren zĳ gehuisvest in 
armzalige hutten op het strand, aan de voet van de muren van het 
voc-kasteel. Later woonden zĳ op het zogenoemde Slaveneiland, buiten 
Slaafgemaakten werken op het landgoed van de lutherse predikant Jan Brandes ten oosten 
van Batavia, c. 1779-1785 (Rijksmuseum)",Historical Slavery,1,False
"Vanuit het bewustzijn dat er knelpunten zijn en verbetering mogelijk is, heeft het 
ministerie besloten om een verkennend onderzoek te laten verrichten naar racisme binnen 
de eigen organisatie. Het onderzoek kan volgens het ministerie mogelijk bijdragen aan het 
bevorderen van diversiteit en inclusie. Verkennend onderzoek naar racisme binnen het ministerie 
In de zogenoemde Terms of Reference (ToR)1 voor dit onderzoek geeft het ministerie aan 
dat antiracisme een onderdeel vormt van de ambities op het terrein van diversiteit en 
inclusiviteit (D&I). De Bestuursraad heeft zich uitgesproken en gecommitteerd aan dit 
onderzoek. Het onderzoek is door Bureau Omlo uitgevoerd namens de secretaris-generaal 
(SG) van het ministerie van Buitenlandse Zaken, dhr. Paul Huijts, vertegenwoordigd door 
Arthur Kibbelaar. Voor het onderzoek heeft het bureau een team samengesteld met 
ervaren onderzoekers die elkaar goed aanvullen op expertise. Het team bestond uit 
Ahmet Kaya, Saloua Charif, Ewoud Butter, Mayke Kromhout, Kiran Ramlakhan en Jurriaan 
Omlo. 1 De Terms of Reference is als bijlage opgenomen.",Modern Racism & Inequality,2,False
"RACISME BIJ HET MINISTERIE VAN BUITENLANDSE ZAKEN 
Een verkennend onderzoek 
 
34 
 
religieuze achtergrond. Doordat zij door een religieuze of etnische bril bekeken worden, 
wordt over het hoofd gezien dat zij beschikken over bepaalde expertise en kennis. Om niet 
beschuldigd te hoeven worden van partijdigheid doen sommige collega’s aan 
“zelfcensuur”. Ze hebben het gevoel dat er geen veilige werkomgeving is om bepaalde 
politieke standpunten in te nemen. Cultureel racisme  
In de wetenschappelijke literatuur worden bovengenoemde patronen ook wel 
omschreven als cultureel racisme. Niet zozeer uiterlijke kenmerken en afkomst, maar de 
afwijkende cultuur van de ander vormt de belangrijkste aanleiding om over te gaan tot 
ongelijke behandeling en stereotiepe uitspraken. Er vindt uitsluiting plaats op basis van 
vermeende cultuurverschillen (vgl. Blokland & Hondius, 2003; Gilroy, 1987; Ghorashi, 2006; 
Gowricharn, 2000). Volgens Barker (1981), Essed (2018) en Witte (2010) is dit ook een vorm 
van racisme, omdat ‘cultuur’ veelal wordt verondersteld op basis van uiterlijke kenmerken, 
zoals huidskleur, afkomst en nationaliteit. De cultuur van de ander wijkt af van de norm en 
wordt veroordeeld en gediskwalificeerd als primitief, onderontwikkeld en minderwaardig.",Modern Racism & Inequality,2,False
"RACISME BIJ HET MINISTERIE VAN BUITENLANDSE ZAKEN 
Een verkennend onderzoek 
 
95 
 
Verder is het belangrijk om op basis van de uitkomsten van dit onderzoek een nieuwe visie 
te ontwikkelen op diversiteit en inclusie en de bestrijding van racisme. In dit onderzoek is 
duidelijk geworden dat etnische en culturele diversiteit in de praktijk nog te vaak 
benaderd worden als een risico en bedreiging en te weinig als een kans en een potentiële 
kracht. In een nieuwe visie is het belangrijk om hier nadrukkelijk afstand van te nemen en 
juist culturele verschillen te erkennen en waarderen. Respondenten geven in dit verband 
zelf ook aan dat de organisatie culturele verschillen juist op een positieve wijze zou kunnen 
benutten. Diversiteit wordt nog te veel gezien als een morele verplichting of als een vorm 
van positieve discriminatie. De organisatie kan meer strategisch voordeel behalen uit 
diversiteit voor de Nederlandse diplomatie. Respondenten wijzen erop dat de focus op 
een mogelijk gebrek aan loyaliteit ervoor zorgt dat de organisatie over het hoofd ziet dat 
bi-culturele en lokaal aangenomen medewerkers vaak over specifieke vaardigheden en 
kwaliteiten beschikken die nuttig zijn voor de organisatie. Gedacht kan worden aan 
cultuursensitief werken, internationale oriëntatie, bruggen kunnen slaan tussen landen en 
verschillende etnische groepen, beheersing van meerdere talen, toegang tot moeilijk 
bereikbare netwerken en affiniteit met bepaalde lokale kwesties. De volgende aanbevelingen kunnen voeding geven aan een concretere en bredere 
uitwerking van een visie. 2.",Modern Racism & Inequality,2,False
"RACISME BIJ HET MINISTERIE VAN BUITENLANDSE ZAKEN 
Een verkennend onderzoek 
 
102 
 
Broek, L.M. van den (2020) Wit is nu aan zet. Racisme in Nederland. Amsterdam: 
Amsterdam University Press. Broekroelofs, R., & Felten, H. (2020). Ingrijpen bij discriminatie als omstander: het nut, de 
noodzaak en de tips. Geraadpleegd op: https://www.kis.nl/ 
 
Çankaya, S. (2012). De controle van marsmannetjes en ander schorriemorrie: Het 
beslissingsproces tijdens proactief politiewerk.",Modern Racism & Inequality,2,False
"Curaçao: Fundashon 
Parke Nashonal. 15 Palm, de L. 1995. E lantamentu di 1795: datos oral: 200 aña lantamentu di katibu. Curaçao, Netherlands 
Antilles: s.n. 16 Stichting Nationale Geschiedenis. 17 Langenfeld, Els. 2007 Verhalen uit het verleden. Curaçao, Netherlands Antilles: De Curaçaosche Courant. 18 http://www.indeknipscheer.com/wp-content/uploads/2013/06/Bibliografie-Els-Langenfeld.pdf 
19 https://www.nationaalarchief.nl/beleven/nieuws/curacaose-slavenregister-en-emancipatieregisters-online 
20  
https://www.creativeeuropedesk.nl/sites/default/files/files/UNESCO%20Aruba%20Heritage%20report%20Luc
%20Alofs%20okt08_0.pdf 
bijlage 4c",Colonialism,0,False
"41
CISGENDER 
Een term voor mensen wiens genderidentiteit overeenkomt met hun geboortegeslacht en die zich 
daar prettig bij voelen. COMMUNITY-STAGE
In steden en (kwetsbare) buurten waar veel Zwarte mensen en mensen van kleur wonen, komt politie-
geweld en etnisch profileren veelvuldig voor. Om dit tegen te gaan dienen, naast een nieuw normatief 
kader, wetshandhavers zich te verdiepen in de lokale mensen, cultuur en de geschiedenis/DNA van de 
wijk. Om tot gelijke behandeling en de handhaving van Artikel 1 van de Grondwet te komen is het be-
langrijk dat wetshandhavers die veiligheid moeten bieden goed voorbereid zijn. Er dient geïnvesteerd 
te worden in sociaal culturele-/religieuze sensitiviteit-opleidingen en -trainingen. CULTUREEL RACISME
Een vorm van racisme waarin men niet spreekt over ‘ras’ maar over ‘etnische minderheden’ die een 
minderwaardige cultuur zouden hebben. Cultuur wordt hierbij ‘geracialiseerd’. Dat wil zeggen dat cul-
tuur, wat eigenlijk dynamisch is, als onveranderbaar wordt gezien. De dominante cultuur wordt als on-
verenigbaar gepresenteerd ten opzichte van de “andere” cultuur. Bijvoorbeeld: de “westerse” normen 
en waarden en cultuur, worden als superieur of beter gezien dan de “islamitische cultuur”.",Modern Racism & Inequality,2,False
"RACISME BIJ HET MINISTERIE VAN BUITENLANDSE ZAKEN 
Een verkennend onderzoek 
 
75 
 
dood. Waar ik het racisme in zie, is het ontbreken van een 
gelijkwaardige behandeling. De zorgvuldigheid die je moet betrachten 
om mij te ontslaan is een hele andere dan de chauffeur, het 
huishoudelijke personeel of de kok. Die mensen zijn nog harder 
afhankelijk van die positie dan ik.” 
 
“Huishoudelijk personeel is extreem kwetsbaar. Die hebben persoonlijke 
contracten met de chef de post. Zij kunnen in principe mensen op 
staande voet ontslaan en dat gebeurt ook regelmatig. Het is een 
enorme bende: iedereen gaat eruit. Je hebt 10 jaar voor een zaak 
gewerkt en ineens sta je op straat. Het is afhankelijk van het lokale 
recht. Dat is op hen van toepassing.",Modern Racism & Inequality,2,False
"Het was immers verbo­
den om moslims te verkopen. Slaafgemaakten vluchtten zelfs vaak naar de 
rivalen van de voc, zoals de Britse en Franse Oost-Indische Compagnieën, 
om niet gevangengenomen te worden. Strafregisters en zelfs de periodieke rapporten die vanuit verschillende 
buitenposten naar Batavia werden gestuurd leveren belangrijke inzichten 
op in de leefwereld van de slaafgemaakten. Verzet speelde hierin een 
belangrijke rol. De sociale geschiedschrijving van de slavernij en de slaven­
handel in Europese nederzettingen in Zuid-Azië staat nog in de kinder­
schoenen. Historici zijn pas kortgeleden begonnen met het reconstrueren 
van de details. Een aspect dat veel invloed had op de leefwereld van de 
slaafgemaakten was de mate van bewegingsvrijheid. In Bengalen mochten 
ze zich binnen de nederzetting vrij bewegen en omgaan met allerlei arbei­
ders, zowel vrije als slaafgemaakte. Simon van Orissa, die in 1739 probeer­
de om het huis van zijn eigenaar te ontvluchten, kreeg daarbij hulp van 
een metselaar die op dat moment in het huis aan het werk was. Op de 
dagen dat de metselaar daar bezig was, vroeg hij meermaals aan Simon: 
‘Waarom ben je hier nog?’ Als betaalde arbeider die net als veel andere 
arbeiders regelmatig in verschillende nederzettingen werkte, had hij 
waarschijnlijk door dat huisslaven slechts een fractie vormden van de",Historical Slavery,1,False
"RACISME BIJ HET MINISTERIE VAN BUITENLANDSE ZAKEN 
Een verkennend onderzoek 
 
59 
 
de hoop zo hun kansen op waardering, acceptatie, respect en een gelijkwaardige 
behandeling te vergroten en racisme te voorkomen (Omlo, 2020). Conformeren uit zich bij 
het ministerie in extra hard werken, zich extra vriendelijk, voorbeeldig of grappig gedragen 
door de “clown uit te hangen”, meer aandacht besteden aan uiterlijke verzorging en zich 
cultureel aanpassen aan de organisatiecultuur. Meerdere respondenten hebben het 
gevoel dat het nodig is om een deel van de eigen culturele en religieuze identiteit te 
“verloochenen”. Verschillende bi-culturele medewerkers assimileren zich mede hierom 
waar anderen besluiten er niet aan toe te geven. Er zijn ook enkele mensen die een deel 
van de eigen identiteit op de werkvloer verbergen. De verschillende vormen van overcompensatie zijn veeleisend voor betrokkenen, vragen 
veel energie en geven een “onrustig gevoel”. Medewerkers zijn steeds bezig met 
voorzorgsmaatregelen om te bewijzen dat zij “goede” en betrouwbare medewerkers zijn 
en om nieuwe ervaringen van racisme in de toekomst te voorkomen. Een respondent legt 
uit dat hij zich weliswaar conformeert, maar is pessimistisch over de kansen op insluiting: 
 
“Het is een minderwaardigheidscomplex waar veel mensen met een 
migrantenachtergrond mee te maken hebben. Dus ga je 
overcompenseren. Extra lief doen, grappig doen etc.",Modern Racism & Inequality,2,False
"In Pedagogy, Culture and Society, 27(1), 39-64, 
Carla van Boxtel, Maria Grever & Stephan Klein (eds.) (2016) , Sensitive pasts; questioning heritage 
education(New York/Oxford: Berghahn); Margalith Kleiwegt, 2werelden \ 2werkelijkheden; hoe ga je daar als 
docent mee om? Rapport i.o.v. het Ministerie van OC&W (2016) 
[https://www.rijksoverheid.nl/documenten/rapporten/2016/02/01/twee-werelden-twee-werkelijkheden-een-
verslag-over-gevoelige-maatschappelijke-kwesties-in-de-school] 
68 [https://www.historischnieuwsblad.nl/slavernij-en-kolonialisme-prominent-in-schoolboeken/].Kritiek op het 
onderzoek kwam onder meer van de Black Archives [https://www.theblackarchives.nl/blog/slavernij-en-
kolonialisme-prominent-in-schoolboeken-nee-focus-op-inclusie-en-verder-onderzoek-nodig]. 69 [https://www.historischnieuwsblad.nl/veel-trots-weinig-kennis/] 
bijlage 4c",Colonialism,0,False
"Utrecht als centrum van het Nederlandse abolitionisme, 1840-1848
1. Dit artikel is gebaseerd op een uitgebreide reconstructie van de negen-
tiende-eeuwse Nederlandse antislavernĳbeweging in Maartje Janse, De 
afschaffers. Publieke opinie, organisatie en politiek in Nederland 1840-1880 
(Amsterdam: Wereldbibliotheek, 2007). 2. T.J. Boschloo, De productiemaatschappĳ. Liberalisme, economische 
wetenschap en het vraagstuk der armoede in Nederland 1800-1875 (Hilver-
sum: Verloren, 1989). 3. David Turley, The Culture of English Antislavery, 1780-1860 (London and 
New York: Routledge, 1991). 4.",Modern Racism & Inequality,2,False
"RACISME BIJ HET MINISTERIE VAN BUITENLANDSE ZAKEN 
Een verkennend onderzoek 
 
92 
 
5 Conclusies en aanbevelingen 
 
In dit slothoofdstuk presenteren we de belangrijkste conclusies op hoofdlijnen. Daarna 
volgen verschillende aanbevelingen. We sluiten af met verschillende suggesties voor 
vervolgonderzoek. 5.1 Conclusies 
In dit verkennende onderzoek stond de vraag centraal in hoeverre er volgens 
medewerkers sprake is van racisme binnen het ministerie van Buitenlandse Zaken en op 
welke manieren dit tot uiting komt. Om deze vraag te beantwoorden is er een kwalitatief 
onderzoek uitgevoerd onder bi-culturele medewerkers in Den Haag en op de ambassades 
en onder lokaal aangenomen medewerkers van kleur. De meerwaarde van de gekozen 
kwalitatieve onderzoeksstrategie is dat het de mogelijkheid bood om patronen van 
racisme en achterliggende mechanismen en processen bloot te leggen. Het onderzoek laat zien dat bi-culturele medewerkers en lokaal aangenomen 
medewerkers van kleur verschillende vormen van racisme ervaren. Zij lopen onder meer 
aan tegen verbaal geweld, een denigrerende bejegening, cultureel racisme en allerlei 
beschuldigingen en verdachtmakingen. Medewerkers hebben er eveneens last van dat zij 
soms overgeslagen, genegeerd, en buitengesloten worden. Zij ondervinden racistische 
grappen en lage verwachtingen.",Modern Racism & Inequality,2,False
"RACISME BIJ HET MINISTERIE VAN BUITENLANDSE ZAKEN 
Een verkennend onderzoek 
 
103 
 
Felten, H., Does, S., De Winter Kocak, S., Asante, A., Andriessen, I., Donker, R., & Brock, A. (2021). Institutioneel racisme in Nederland. Literatuuronderzoek naar de aanwijzingen voor 
institutioneel racisme op de domeinen arbeidsmarkt, woningmarkt, onderwijs en politiek. Utrecht: Kennisplatform Integratie & Samenleving. Fermin, A., Omlo, J., Walz, G., Kromhout, M., Robbers, S. & Butter, E. (2021) Institutioneel 
racisme bij de gemeente Utrecht? Een verkennende studie naar processen van uitsluiting 
op vier beleidsterreinen. Utrecht: Bureau Omlo.",Modern Racism & Inequality,2,False
"DE UTRECHTSE COMPAGNIE 
69
van plantages in de tweede helft van de achttiende eeuw vaak thuis in 
de Republiek.51 Zĳ lieten het beheer van de plantage over aan iemand 
die daarvoor werd gemachtigd. Deze ‘beheerder’ of ‘administrateur’ 
had vervolgens contact met de directeur van de plantage in Suriname. Bĳ de Utrechtse Compagnie ging dit ook zo: grootaandeelhouders als 
Godard van Tuyll van Serooskerken en vroedschapsleden Everhard van 
Harscamp en Jan Jacob van Mansvelt lieten de meeste beslissingen over 
aan de bewindhebbers van de compagnie. De bewindhebbers stelden 
vervolgens mensen aan die in de kolonie de werkzaamheden op de 
plantage overzagen, onder wie verschillende directeuren van de plantage 
en in één geval een timmerman. Die timmerman was Jan de Kivit, een 
Utrechter die in 1752 door bewindhebbers van de Compagnie aangesteld 
werd om als timmerman en ‘blankoffcier’ het eerste schip naar Suriname 
te pakken om op de plantage Utrecht te gaan werken. Als ‘blankofficier’ 
had hĳ daar de taak toe te zien op alle werkzaamheden die gedaan werden 
op de plantage, om dit vervolgens te rapporteren aan de directeur.52
Toen de Compagnie in 1754 werd ontbonden en een groep groot-
aandeelhouders overbleef, werd een ‘sociëteit’ opgericht, in een 
soortgelĳke constructie als die van de Utrechtse Compagnie.53 De 
aandeelhouders van deze Utrechtse Sociëteit, voor het overgrote deel 
oud-grootaandeelhouders van de Utrechtse Compagnie, stelden twee 
Amsterdammers aan, Jan Gysberto de Mey en Samuel Ximenes, om 
de plantage te beheren vanuit de Republiek. Zĳ werkten samen met 
Kaart van Suriname. Alexander de Lavaux, c.1737 (Rijksmuseum)",Colonialism,0,False
"Racisme op de arbeidsmarkt 
85
10. Het maatschappelĳ ke ideaal van gelĳ kheid 
93
11. Mechanismen die ongelĳ ke behandeling aan het 
oog onttrekken 
101
12. Witheid 
111
13. Witte kwetsbaarheid 
129
14. Alles heeft met alles te maken 
137
15. Wit is nu aan zet 
147",Modern Racism & Inequality,2,False
"11. François Valentĳn, geciteerd in Poeze, In het land van de overheerser, 
deel 1, 5. 12. Esther Captain en Hans Visser, Wandelgids sporen van slavernĳ in 
Utrecht (Utrecht: Utrecht Centre for the Humanities, 2012), 42-45. 13. Kees Zandvliet, De 500 rĳksten van de Republiek (Zutphen: Walburg 
Pers, 2018), 45 en 408. 14. Oostindie en Maduro, In het land van de overheerser, deel 2, 30. 15. Ibidem, 32.",Colonialism,0,False
"— 469 —
— LITERATUURLIJST —
Netscher, P.M., Geschiedenis van de koloniën 
Essequebo, Demerary, en Berbice, van de vestiging der 
Nederlanders aldaar tot op onzen tijd (Den Haag 
1888). NH Nieuws, ‘Burgemeester Zaanstad 
roept kabinet op tot “excuses” voor 
slavernijverleden’: www.nhnieuws.nl/
nieuws/227253/burgemeester-zaanstad-roept-
kabinet-op-tot-excuses-voor-slavernijverleden. Niemeijer, Henk, Calvinisme en koloniale 
stadscultuur Batavia 1619-1725 (Almelo 1996). Niemeijer, Henk, Batavia. Een koloniale 
samenleving in de zeventiende eeuw (Amsterdam 
2005). Nieuwe Nederlandsche Jaerboeken, vierde deel, tweede 
stuk (Leiden 1769). Nimako, Kwame en Glenn Willemsen, The Dutch 
Atlantic. Slavery, Abolition and Emancipation 
(Londen 2011). Nimako, Kwame, Mano Delea en Mitchell Esajas, 
Waarom vrijheid niet kon wachten. Het parlementair 
debat rondom de afschaffing van de slavernij 
(Amsterdam 2020).",Colonialism,0,False
"The Cultural Politics 
of Race and Nation (London: Hutchinson, 1987), 43-44. 24. Philomena Essed, Alledaags racisme (Amsterdam: Van Gennep, 2018 
[1984]), 9. 25. Het debat over de verhouding tussen slavernĳ en de ontwikkeling van 
het kapitalisme is recentelĳk weer opgelaaid tussen proponenten en 
critici van de ‘New History of Capitalism’ (nhc). Beide kampen in dit 
debat hebben weinig aandacht voor de rol die ras en racisme spelen 
in het instituut slavernĳ, al is de belangrĳkste implicatie van de nhc 
wel dat slavernĳ – en daarmee racisme – het fundament is geweest 
van de moderne wereld. Zie met name Sven Beckert met zĳn boek 
Empire of Cotton. A Global History (New York: Alfred A. Knopf, 2014). Voor een tegengeluid, zie Trevor Burnard en Giorgio Riello, ‘Slavery 
and the New History of Capitalism’, Journal of Global History 15, 2 
(2020), 225-244.",Modern Racism & Inequality,2,False
"Het is ook van belang de betekenis van discriminatie- en 
racismebestrijding te overwegen vanuit verschillende generatieperspectieven. Jongere 
generaties voortgekomen uit tot slaafgemaakte voorouders beleven hun identiteit in 
Nederland anders dan degenen die in de vorige eeuw overzee werden geboren en 
opgroeiden. Nieuwe generaties, ‘zwart’, ‘bruin’ en ‘wit’, zoals huidige schoolgaanden, 
studerenden, of jonge ouders, hebben eigentijdse leeftijd- en leefstijl-verwachtingen ten 
aanzien van een racismevrij Nederland. Er is nauwelijks of geen onderzoek hierover. Wel 
is bekend dat de toekomst van menselijk leven op aarde hoog op de agenda staat van 
jongeren. Wellicht cultiveert deze nieuwe generatie het inzicht dat daadwerkelijke 
menselijke gelijkwaardigheid een noodzakelijke basis is voor de collectieve oplossing 
bijlage 4e",Modern Racism & Inequality,2,False
"RACISME BIJ HET MINISTERIE VAN BUITENLANDSE ZAKEN 
Een verkennend onderzoek 
 
30 
 
een “hele agressieve toon” wordt gesproken tegen lokaal aangenomen medewerkers, 
vaak uitmondend in geschreeuw en in het bijzijn van anderen. De toon is heel anders dan 
wanneer er gesproken wordt met uitgezonden collega’s. Medewerkers in Den Haag hebben aangegeven dat ze niet een vliegtuig willen delen met 
vrouwen met een hoofddoek. Een respondent vertelt dat hij een keer een collega had 
met extreemrechtse en “overduidelijk racistische opvattingen”. Een andere respondent 
heeft intimidatie ervaren. Haar leidinggevende bejegende haar op een verbaal 
agressieve wijze. Ze spreekt over “grof taalgebruik”, “razen” en “tieren”. Ze werd 
uitgemaakt voor “zwak en slap”. Ze merkte dat haar afkomst en culturele achtergrond 
hierbij een rol speelden. Bepaalde groepen zijn niet welkom in Nederland 
Verbale agressie kan ook tot uiting komen in opmerkingen die erop duiden dat bepaalde 
groepen niet welkom zijn in Nederland.",Modern Racism & Inequality,2,False
"Deze enorme 
beplanting had echter niet alleen een negatief effect op de werklast 
van de slaafgemaaken, maar zorgde ook voor verdere bodemuitputting, 
met nog slechtere oogsten tot gevolg. De investeerders wilden vooral 
op korte termĳn snelle winst maken en wilden niet wachten totdat de 
jonge bomen gegroeid waren.58
Kortom, de plantage lag er vanuit bedrĳfsmatig oogpunt aan het 
einde van de achttiende eeuw slecht bĳ, en de administrateurs zagen 
geen mogelĳkheden om de plantage winstgevend te krĳgen. Zĳ gaven 
daarom de aandeelhouders het advies de plantage te verkopen. Indien 
de aandeelhouders toch vastberaden waren de plantage te behouden, 
dan moest de Sociëteit accepteren dat er ten minste ‘zes slaven of meer’ 
aangekocht dienden te worden, om vervolgens van jaar tot jaar slaafge-
maakten aan te kopen, ‘zo verre de cassa leĳden kann’. Dit diende net 
zolang te gebeuren totdat het aantal slaafgemaakten op een dusdanige",Historical Slavery,1,False
"Degenen die niet konden betalen, dienden dit 
bedrag af te lossen met gedwongen arbeid. Dit ontwerp bestempelde de regering als onuitvoerbaar.2  
 
Het lijkt erop dat de heer Lans meer geïnteresseerd was in de toekomst van de 
kolonie dan in het welzijn van de slaaf-gemaakten. Mogelijk stelde hij daarom voor om 
meer verscheidenheid te creëren in het aanbod verbouwde gewassen, en ook om de 
slaaf-gemaakten zelf te laten betalen voor hun eigen emancipatie. 2) Ontwerp van de heer T.J. Travers, 1833. Travers betoogde dat afschaffing zou leiden 
tot Ǯde vernieling der kolonieǯ met Ǯdiep rampzaligeǯ gevolgen voor de slaaf-gemaakten. (ij opperde daarom Ǯpalliatieve middelenǯ in te zetten voor de houder van de slaaf-
gemaakten, om daarmee de slavernij niet abrupt te laten eindigen maar langzaam af te 
bouwen. In navolging van Colombia zou vervolgens een amortisatiefonds in het leven 
worden geroepen, bedoeld om slaaf-gemaakte kinderen vanaf hun 18e of 20e vrij te 
maken. Travers stelde dus niet alleen een financiële compensatie voor de houders van 
de slaaf-gemaakten voor, maar ook een arbeidscompensatie. Alle slaaf-gemaakten 
zouden door moeten werken zonder daarvoor betaald te worden, met uitzondering van 
volwassen wordende kinderen.3  
 
Traversǯ idee dat de afschaffing van de slavernij negatieve consequenties zou 
hebben voor de slaaf-gemaakten, is een bijzondere manier van stellen dat voor hen een 
leven in slavernij beter is dan een leven in vrijheid.",Historical Slavery,1,False
"Institutioneel racisme in Nederland vindt plaats in alle segmenten van onze samenleving, o.a. in het 
onderwijs, op de woningmarkt, in de zorg, in de media en in de opvoeding. Zwarte kinderen en jongeren 
kampen met trauma’s die ze al op jonge leeftijd opdoen. Zwarte LHBTQIA+ personen hebben zowel met 
anti-zwart racisme als met queer-haat te maken. Zwarte moslims, met name Zwarte moslimvrouwen, 
hebben dagelijks te maken met de beschadigende opeenstapeling van moslimhaat, anti-zwart racisme 
en seksisme. Overheidsinstanties, bedrijven en burgers reageren vaak onverschillig op dit onderwerp, of 
ze ervaren het broodnodige oprechte en open gesprek hierover als problematisch. In 2013 stelde de Nationale ombudsman Alex Brenninkmeijer dat het politieke klimaat in Den Haag racis-
tisch van aard is.[1] De Verenigde Naties stellen in het rapport Speciaal Rapporteur Racisme[2] bij herha-
ling vast, dat de Nederlandse overheid het voortouw moet nemen in het bestrijden van discriminatie op 
grond van afkomst of etniciteit. Ook dient de overheid te zorgen voor beter onderwijs over het slavernij-
verleden en racisme en voor effectieve bescherming van demonstranten in antiracisme protesten. De tweede antiracisme-golf, die in 2011 in gang werd gezet met de Zwarte Piet is Racisme-campagne, 
beleefde z’n onbetwiste hoogtepunt in 2020 met de grootste demonstratie tegen anti-zwart racisme 
in de geschiedenis van Nederland. Op 1 juni verhieven ruim 15.000 mensen in Amsterdam hun stem 
tegen anti-zwart racisme.",Modern Racism & Inequality,2,False
"Racisme kan bijvoorbeeld agressief, direct, openlijk en 
bewust plaatsvinden, maar het kan ook subtiel, indirect, verborgen, onbedoeld of 
onbewust zijn.2 
 
Wat al deze verschijningsvormen met elkaar gemeen hebben is dat er bedoeld of 
onbedoeld een legitimering plaatsvindt van bepaalde hiërarchische verhoudingen op 
basis van (een combinatie van) afkomst, uiterlijke kernmerken, cultuur en/of religie.3  
Racisme gaat uit van bepaalde gevoelens en ideeën over de superioriteit van de 
 
2 Zie bijvoorbeeld (Essed, 2018; McConahay, 1986; Meertens & Pettigrew, 1997; Solózano & Pérez Huber, 2020; Sue, e.a., 
2007; Waters, 1999; Williams, e.a., 2021). 3 Ongelijke behandeling op religieuze gronden is eveneens een vorm van racisme. In hoofdstuk 3 gaan we hier nader op 
in.",Modern Racism & Inequality,2,False
"van de Voort, De Westindische plantages van 1720 tot 1795: 
financiën en handel (Eindhoven: Drukkerĳ De Witte, 1973), 309. 51. Lucienne Hubler, ‘Pierre-Alexandre DuPeyrou’, Historisches Lexikon 
der Schweiz, https://hls-dhs-dss.ch/de/articles/015887/2016-04-25/ 
(geraadpleegd 02-02-2021). 52. Fred. Oudschans Dentz, ‘Eenige bladzĳden uit het leven der comman-
deurs van Suriname in de jaren 1680-1804’, De West-Indische Gids 24 
(1941), 161-180, aldaar 171. 53. Roland Kaehr, Le mûrier et l’épée. Le cabinet de Charles Daniel de Meu-
ron et l’origine du musée d’ethnographie à Neuchatel (Neuchâtel: Musée 
d’Ethnographie, 2000); Myriam Volorio Perriard, ‘Jacques-Louis de",Colonialism,0,False
"Van der Smissen was een 
voorstander van het centralisatiestelsel waarbij het Gouvernement de slaaf-gemaakten 
zou Ǯovernemenǯ van de houders van de slaaf-gemaakten. Omdat hij tegen gedwongen 
onteigening was, suggereerde hij een aangepaste versie van het voorstel van Lans 
(ontwerp 1), waar zowel de houders van de slaaf-gemaakten als de regering zich in 
zouden kunnen vinden. Daarbij stelde hij zich een maatschappij voor waarin alle 
houders van de slaaf-gemaakten zich zouden verenigen en die zou zorgen voor de 
geleidelijke onteigening van de slaaf-gemaakten tegen een garandeerde, vaste financiële 
afname van de regering.28     
 
23) Ontwerp van de heer H. de Bruijn, gepensioneerd ambtenaar van het ministerie van 
Koloniën, 1851. De Bruijn stelde voorop dat er twee dingen vermeden moesten worden: 
het uitkeren van een schadevergoeding en het wekken van onwil bij de vrijgemaakte 
slaaf-gemaakten om Ǯveldarbeid te verigtenǯ oftewel om in vrijheid op de plantages te 
blijven werken. Hij ging uit van de racistische aanname dat volwassen slaaf-gemaakten 
Ǯin het algemeen ongeschikt zijn voor de vrijheidǯ en hier ook Ǯniet geschikt voor kunnen 
worden gemaaktǯ. Op basis van deze racistische visie stelde hij voor alleen de slaaf-
 
25 Ibid 2, p. 77-78. 26 Ibid 2, p. 78-79.",Historical Slavery,1,False
"Een belangrijk voorbeeld van dat groei­
ende bewustzijn is de kentering in de discussies rond de figuur van Zwarte Piet: waar in 2013 
van de ruim 29.000 leden van het opiniepanel van EenVandaag nog 89 procent tegen wijzi­
gingen in zijn uiterlijk was, was dit in 2020 gedaald naar 55 procent.20 
Het bewustzijn van racisme kreeg in 2020 een impuls door de tragische dood van George 
Floyd in de VS. Via social media werd de gewelddadige arrestatie breed gedeeld. Wereldwijd 
werd de dood van George Floyd gevolgd door de Black Lives Matter-manifestaties, waarmee 
institutioneel racisme en racistisch politiegeweld aan de kaak werden gesteld. In het maatschappelijke gesprek over het slavernijverleden en doorwerking daarvan in de he­
dendaagse samenleving, is er een ontwikkeling waarneembaar die gekenmerkt wordt door 
verschillende niveaus van affiniteit, kennis en snelheid. Voor de ene groep gaan de ontwikke­
lingen niet snel genoeg, en voor de andere gaan ze juist te snel, en leeft het gevoel de grip te 
verliezen. Mensen kunnen het gevoel hebben dat tradities en verworvenheden van hen wor­
den afgenomen. Bovendien heersen er bij een deel van de Nederlanders angst en schroom 
ten aanzien van het thema slavernijverleden en de doorwerking daarvan in de hedendaagse 
samenleving. Zij zijn behoedzaam in gesprekken, durven geen uitspraken te doen uit angst 
om fouten te maken, anderen te beledigen of ‘verkeerde’ dingen te zeggen. Weer andere 
mensen ervaren de ontwikkelingen als ‘doorgeslagen wokeness’, overgewaaid uit de Verenig­
de Staten. Zij hebben het gevoel dat ze zich in het publieke debat steeds minder vrijheid kun­
nen permitteren, en te snel worden uitgemaakt voor racist.",Modern Racism & Inequality,2,False
"Het leven van 
slaafgemaakten in Azië 
Slaafgemaakten in Azië werkten op 
scheepswerven, in werkplaatsen, op het 
land, in de mijnen en in pakhuizen. Daar 
zat zwaar werk bij, zoals bomen hakken, 
steenhouwen, laden, lossen en sjouwwerk. ‘Eigenaren’ verhuurden ze ook vaak 
aan anderen en verdienden zo geld aan 
‘hun’ slaafgemaakten. Ook waren veel 
slaafgemaakten onderdeel van een 
huishouden. Sommige vrouwen moesten 
de heer des huizes vermaken met zang, 
dans en gedwongen seks. Het bezit van slaafgemaakten gaf hun 
‘eigenaren’ aanzien. Belangrijke VOC-
bestuurders bezaten meer slaafgemaakten 
dan VOC-medewerkers die minder 
verdienden. Zo hadden zeelieden en 
soldaten gemiddeld één slaafgemaakte, 
juniorassistenten hadden er ongeveer 
drie en in de hogere functies kon dit 
oplopen tot zelfs honderden. Harde straffen
Het werk in de mijnen was zwaarder 
dan het werk in de stad. Ook de straffen 
waren harder, tot ronduit sadistisch.",Historical Slavery,1,False
"Utrecht: Trimbos-instituut. Essed, P. (1984) Alledaags racisme. Amsterdam: Feministische Uitgeverij Sara. Essed, P. (2018) Alledaags racisme, heruitgave. Amsterdam: Van Gennep. Felten, H., Asante, A., Donker, R., Andriessen, I., & Noor, S. (2021). Wat werkt in de aanpak 
van institutioneel racisme.",Modern Racism & Inequality,2,False
"RACISME BIJ HET MINISTERIE VAN BUITENLANDSE ZAKEN 
Een verkennend onderzoek 
 
105 
 
Nhass, H. & Poerwoatmodjo (2021) Wanner de patiënt niet op z’n best is. Een kwalitatieve 
verkenning naar ervaringen van zorgmedewerkers met discriminatie en vooroordelen geuit 
door patiënten/cliënten. Utrecht: KIS. Omlo, J. (2011) Integratie én uit de gratie? Perspectieven van Marokkaans-Nederlandse 
jongvolwassenen. Delft: Eburon. Omlo, J. (2020) Verzetten, vermijden of veranderen?",Modern Racism & Inequality,2,False
"31. J. Wolbers, Schets van een plan tot aankoop van plantaadjes in Suriname: 
met het doel om de slaven in vrĳheid te stellen en voor loon als vrĳe werk-
lieden in hun eigen onderhoud te doen voorzien (Amsterdam: Kirberger, 
1857). 32. A.N. Paasman, ‘Leven als een vorst. De planter-directeur in de literatuur 
over Suriname’, Kruispunt 36, 161 (1995), 386-406, aldaar 386. 33. ‘Wĳ zullen in ons boek nog vaak verwĳzen naar dit uitnemende 
standaardwerk over Suriname, waarvan de objectiviteit en de zin voor 
recht en waarheid des te meer in het oog vallen, wanneer men bedenkt 
dat het geschreven is in een tĳd, toen de slavernĳ in Suriname nog niet 
afgeschaft was.’ Anton de Kom, Wĳ slaven van Suriname (Amsterdam: 
Contact, 1934), 15. 34.",Historical Slavery,1,False
"RACISME BIJ HET MINISTERIE VAN BUITENLANDSE ZAKEN 
Een verkennend onderzoek 
 
77 
 
ervaren. Het roept bij veel mensen de associatie op van openlijk racistisch geweld en 
agressie, zoals de “Ku Klux Klan”. Er is een dus een beperkte interpretatie van wat racisme 
inhoudt. Er zijn uiteenlopende verschijningsvormen van racisme bestaan en deze zijn zoals 
eerder aangegeven niet allemaal kwaadaardig en bewust. Medewerkers zien met name 
subtiel racisme over het hoofd. Daar is een “compleet blinde vlek” voor. Het is dan ook 
niet per se “onwelwillendheid”, medewerkers hebben “totaal geen idee”. Ook in twee 
focusgroepen bestond er bij een aantal deelnemers de neiging om racisme te willen 
beperken tot de openlijke en agressieve vormen. Deze tendens zorgt ervoor dat racisme 
een uiterst gevoelig en ongemakkelijk gespreksonderwerp is waar vaak nog een taboe op 
rust en dat maakt het moeilijk bespreekbaar. Een respondent constateert in dit verband 
dat “racisme” een verboden woord is.",Modern Racism & Inequality,2,False
"Slavernij is dus 
onlosmakelijk verbonden met die oorlog. Het ontvoeren en vervoeren van Afrikanen om hen tot slaaf te maken, als­
mede de verschrikkingen die daarmee gepaard gingen, waren primair 
bedoeld om de slaafgemaakten onder dwang en zonder arbeidscontract 
goederen te laten produceren onder toezicht van de slaafmakers. Veel 
wetenschappers gebruikten de benaming ‘planters’ voor de slaafmakers, 
al blijkt uit alle bewijsmateriaal dat zij in werkelijkheid geen sprietje 
plantten. Het waren de slaafgemaakten die hakten, verbouwden en oogst­
ten, die balen droegen, kookten, serveerden, wasten en schoonmaakten, 
zodat de slaafmakers op de plantages, onbekommerd door deze onge­
schoolde tijdsbestedingen, zich konden wijden aan lezen, schrijven, 
­sporten en andere vormen van zelfontplooiing en recreatie.",Historical Slavery,1,False
"Arnold K. Ho ; Steven O. Roberts ; Susan A. Gelman. 2015. Essentialism and Racial Bias Jointly Contribute to the 
Categorization of Multiracial Individuals. Psychological science, Vol.26 (10): p.1639-1645. De negativity bias en 
availability hueristic wordt versterkt door en het feit dat (sociale) media grossiert in items over voortdurende 
racisme, uitsluiting en hoe het slecht gaat met Afro-Antillianen en Afro-Surinamers. Daarnaast wordt de negativity 
bias ook gebruikt door activisten in hun campagne tegen racisme. Voor een voorbeeld, zie, Esajas, Mitchell.",Modern Racism & Inequality,2,False
"— 126 —
— STAAT EN SLAVERNIJ —
De trans-Atlantische handel in slaafgemaakten creëerde ook banen 
voor Europeanen. Er werkten duizenden zeelieden en militairen op de 
schepen; tienduizenden mensen werkten in de havens en in aanpalende 
sectoren die met de slavernij verbonden waren; miljoenen mensen profi­
teerden van goederen als suiker, katoen en koffie die door de slaafgemaak­
te mannen, vrouwen en kinderen geproduceerd werden. De slaafgemaakten accepteerden hun toestand en status niet zonder 
verzet. Sommigen verzetten zich stilletjes, anderen openlijk en collectief. Om de arbeid van slaafgemaakten te coördineren en beheersen, grepen 
slaafmakers actief in verschillende aspecten van hun sociale leven in, van 
het productieproces tot reproductie en gezinsleven. Deze interventies en 
het verzet daartegen zijn nog steeds een wezenlijk onderdeel van de herin­
neringen van de afstammelingen van de slaafgemaakten. De koloniën boden onderdrukte Europeanen een ontsnappingsroute 
om aan de Inquisitie en andere vervolgingen te ontkomen. In brede zin 
kregen Europeanen door de koloniën meer vrijheid, mobiliteit en toegang 
tot land en bezit. Daar zat een keerzijde aan: landonteigening en slavernij 
in de koloniën leidden tot onvrijheid en lijfeigenschap voor veel Afrikanen 
en de meeste lokale Amerikaanse volkeren. Na vierhonderd jaar onderdrukking werd de slavernij afgeschaft, maar 
dat verhaal is minder eenduidig dan over het algemeen wordt gedacht.",Historical Slavery,1,False
"Deel 4
Vroege vorming van slavernij en kolonialisme
23. Slavernij van overheidswege: de Staten-Generaal  
tussen 1581 en 1796 – Arthur Weststeijn 
Het koloniale verleden van provincies en Admiraliteiten — Gerhard de Kok
24. Een vergeten bladzijde? De vroege participatie van de Zuidelijke 
Nederlanden aan slavernij – Jeroen Puttevils 
25. Particuliere belangen bij slavernijpolitiek en koloniale 
expansiepolitiek – Joris van den Tol
Koloniale expansie en de Nederlandse staat — Myrthe Kraaijenoord 
26. De verstrengeling van kolonialisme en lokale samenleving:  
de Sefarden op Curaçao – Jeanne Henriquez 
27. ‘In openlijken strijd met den geest des Christendoms’? De kerk in het Nederlandse slavernijverleden – Martijn Stoutjesdijk
Missie en zending in de Nederlandse koloniën: meer dan bekering  
en ‘beschaving’ — Geertje Mak en Marit Monteiro 
28. De economische en sociale impact van het Nederlandse koloniale 
slavernijverleden – Matthias van Rossum 
De koloniale collecties van de stadhouders Willem IV en Willem V  
— Marie Christine van der Sman
29. De koloniale winsten van de prinsen van Oranje  
– Raymund Schütz
333
344
347
359
366
371
381
390
393
404
407",Colonialism,0,False
"— 15 —
— INLEIDING —
dwangarbeid). De grens ligt bij het einde van het koloniale verleden: in 
de hoofdstukken vinden we geen referenties aan moderne slavernij. De 
hier bedoelde slavernij kan worden gedefinieerd als een extreme vorm van 
individuele onvrijheid en gedwongen arbeid waarin zowel de persoon als 
de arbeid van de slaafgemaakte als eigendom wordt geclaimd. Systemen 
van slavernij bestaan in verschillende vormen al duizenden jaren op vele 
plekken in de wereld. Met de verwijzing naar het koloniale slavernij­
verleden worden de vormen van slavernij bedoeld die voortkwamen uit de 
Europese koloniale expansie van de vijftiende tot het einde van de negen­
tiende eeuw. Die leidde tot een ongekende schaalvergroting van slaven­
handel en slavernij, waarbij Afrikanen, Aziaten en anderen tot eigendom 
werden gemaakt en als goederen werden verhandeld in een door Europese 
koloniale overheden georganiseerd juridisch systeem. Ook in de koloniale 
gebieden die onder het bewind van (voorlopers van) de Nederlandse staat 
stonden werden op grote schaal mensen van hun vrijheid beroofd, tot slaaf 
gemaakt en tot arbeid gedwongen. Slavernij bestond naast, en in combina­
tie met, andere vormen van gedwongen arbeid, die ook door koloniale 
overheden werden ingezet. Kenmerkend voor koloniale slavernij was dat 
slaafgemaakte mensen eigendom werden van een ander mens, en konden 
worden gekocht en verkocht. Zij konden geen rechten uitoefenen en had­
den geen zeggenschap over lijf en leden.",Historical Slavery,1,False
"Slaafgemaakten die wegliepen, werden 
naakt aan een grote paal gebonden, tot 
bloedens toe geslagen en daarna werden 
hun wonden ingesmeerd met zout water 
of pekel. Maar ook de slaafgemaakten die in een 
huishouden woonden, moesten leven 
onder het juk van hun ‘eigenaar’. Officieel mochten slaafgemaakten niet 
mishandeld worden, maar wel gestraft. Zo mochten ze aan een paal gebonden 
worden en met een touw geslagen. Hoe 
wreed de ‘bezitters’ van slaafgemaakten 
soms tekeer gingen, kwam meestal pas aan 
het licht als een slaafgemaakte stierf aan 
zijn verwondingen en het lichaam door 
een arts werd onderzocht. Daarbij zag de 
38
Silhouetportretten van de de 
slaafgemaakte vrouwen Bietja,  
Flora en Sara, getekend door  
hun ‘eigenaar’ in Batavia. JAN BRANDES, 1780-1785 | 
RIJKSMUSEUM",Historical Slavery,1,False
"26 
NANCY JOUWE, MATTHIJS KUIPERS EN REMCO RABEN
slaaf gemaakt’ te gebruiken in plaats van ‘slaaf’, naar analogie met het 
Engelstalige enslaved in plaats van slave. Dat is een keuze die snel aan 
terrein wint in de geschiedschrĳving, die vooral moet benadrukken 
dat slavernĳ geen natuurtoestand was, maar het gevolg van een actieve 
handeling: je werd niet als slaaf geboren, maar door anderen tot slaaf 
gemaakt. Daar waar een auteur zelf uitdrukkelĳk koos voor de term 
‘slaaf’, hebben wĳ deze keuze gerespecteerd. Dit onderzoek naar het 
slavernĳverleden hebben we meer willen laten zĳn dan het doen van 
onderzoek naar geldstromen en percentages – het moet oude verhalen 
bevragen en nieuwe verhalen vertellen. Opzet van het boek
De nieuwe verhalen die dit boek brengt, zĳn in vĳf thematische delen 
ondergebracht. De in totaal twintig artikelen diepen elk een aspect 
uit van de langdurige en intensieve relatie tussen de stad Utrecht en 
de slavernĳ, inclusief de erfenissen van die geschiedenis en de wĳze 
waarop zĳ tot op de dag van vandaag wordt herinnerd en herdacht. Vier van de vĳf onderdelen bevatten een longread, een langer artikel 
waarin nieuw onderzoek centraal staat. In het eerste onderdeel gaan 
de auteurs in op de wĳze waarop de bestuurlĳke en ondernemende 
elite in Utrecht was verbonden met koloniale ondernemingen en 
macht. Nancy Jouwe, Matthias Lukkes en Remco Raben hebben de 
koloniale belangen van de bestuurlĳke elite in de stad in kaart gebracht 
en laten zien dat in de zeventiende eeuw 21,5 procent en in de acht-
tiende eeuw 34 procent van de Utrechtse vroedschapsleden (inclusief 
burgemeesters) directe belangen had in de koloniën en in koloniale 
ondernemingen. Kĳken we ook naar hun naaste familieleden, dan 
stĳgen de percentages naar respectievelĳk 26 en 42 procent.",Historical Slavery,1,False
"The Forgotten History of America’s 
Dutch-Owned Slaves (Jackson 2017); Andrea C. Mosterman, Spaces of Enslavement. A History of 
Slavery and Resistance in Dutch New York (Ithaca 
/ Londen 2021); Nicole Maskiell, Bound by 
Bondage. Slavery and the Creation of a Northern 
Gentry (Ithaca / Londen 2022); Dienke 
Hondius, Nancy Jouwe, Dineke Stam, 
Jennifer Tosch, Geschiedenissen van Nederlands 
New York/Dutch New York Histories. Connecting 
African, Native American and Slavery Heritage 
(Volendam 2017). ◼ ◼◼  19. Nederlands-Brazilië tussen 1630 en 
1654 – Erik Odegard 
1. Archief Oude West-Indische Compagnie 
(owic), 1.05.01.01, Nationaal Archief (na) 
inventarisnummer 68, scan 533. 2. In 2019 bijvoorbeeld was op de 
tentoonstelling over kaartenmaker 
Cornelis Golijath in Middelburg een 
oudere film over Johan Maurits en Brazilië 
van het Mauritshuis te zien waar dit werd 
beweerd.",Colonialism,0,False
"RACISME BIJ HET MINISTERIE VAN BUITENLANDSE ZAKEN 
Een verkennend onderzoek 
 
106 
 
Thijssen, L., M. Coenders en B. Lancee (2019). Etnische discriminatie op de Nederlandse 
arbeidsmarkt. In: Mens en maatschappij, 94, nr. 2, p. 141-176. Thijssen, L., Coenders, M., & Lancee, B. (2020). Ethnic Discrimination in the Dutch Labor 
Market: Differences Between Ethnic Minority Groups and the Role of Personal Information 
About Job Applicants—Evidence from a Field Experiment.",Modern Racism & Inequality,2,False
"124. 2. A.B.R. du Croo de Vries, ‘Sara Sibilla Verdion of Indische welstand in 
Utrecht’, Maandblad Oud-Utrecht 59, 12 (1986), 236-239. 3. Pepĳn Brandon et al. (red.). De slavernĳ in Oost en West. Het Amsterdam 
onderzoek (Amsterdam: Spectrum, 2020); Esther Captain, Wandelgids 
sporen van slavernĳ in Utrecht / Traces of Slavery in Utrecht. A Walking",Colonialism,0,False
"De acceptatie van raciaal gemengde paren en de 
omzichtige omgang met zichtbaar verschil in naoorlogs Nederland. Amsterdams 
Sociologisch Tijdschrift, 25(2), 234-275. Kansteiner, W., & Weilnböck, H. (2008). Against the concept of cultural trauma. Cultural 
Memory Studies: An International and Interdisciplinary Handbook, Berlin: Walter De 
Gruyter, , 229-240. Kallis, G., Paulson, S., D'Alisa, G., & Demaria, F. (2020). The case for degrowth. John Wiley & 
Sons.",Modern Racism & Inequality,2,False
"RACISME BIJ HET MINISTERIE VAN BUITENLANDSE ZAKEN 
Een verkennend onderzoek 
 
20 
 
Bij de eerste vraag gaat het om percepties op en ervaringen met racisme. Dit kan 
gebaseerd zijn op persoonlijke ervaringen, maar ook op basis van verhalen die men van 
collega’s heeft gehoord of gebeurtenissen waarbij men als omstander bij aanwezig was. Ervaringen met racisme kunnen betrekking hebben op verschillende niveaus: individuele 
ervaringen met een collega, ervaringen met meerdere collega’s, doorgroeikansen, de 
organisatiecultuur en formele procedures en werkwijzen. De vraag ‘in hoeverre?’ heeft 
betrekking op de vraag hoe vaak respondenten persoonlijk en hun collega’s racisme 
meemaken, maar ook op hun inschatting of racisme een alledaags verschijnsel is of 
incidenteel aanwezig. De vraag naar aanbevelingen en verbeterpunten is voor een belangrijk deel gebaseerd 
op de inzichten en ideeën van respondenten zelf. Deze aanbevelingen zullen we op basis 
van de belangrijkste uitkomsten van het onderzoek aanvullen. De aanbevelingen vormen 
een eerste stap in de zoektocht naar passende interventies. 2.2 Een kwalitatieve onderzoekopzet  
Voor het verkrijgen van een gedetailleerd inzicht in de verschillende vormen van racisme 
binnen het ministerie is een kwalitatieve onderzoeksopzet gebruikt. Het onderzoek is niet 
gericht op statistische generalisatie en het verkrijgen van inzicht in de getalsmatige 
verhoudingen waarin bepaalde ervaringen en perspectieven zich voordoen. Het doel bij 
dit kwalitatief onderzoek is om inhoudelijk te kunnen generaliseren (Dinklo, 2006; Smaling, 
2009; 2014).",Modern Racism & Inequality,2,False
"Dergelĳke belangen en familiebanden tonen 
aan dat voor veel bestuurders de kolonie en slavernĳ allesbehalve een 
ver verschĳnsel waren. Integendeel: vaak maakten deze een belangrĳk 
onderdeel uit van hun leven en inkomsten. Met veel dank aan de stagiairs Maud Groenewoud, Thomas Markhorst en 
Wesley Verboom voor hun grondige onderzoek in de notariële archieven, 
en aan Matthĳs Kuipers voor zĳn adviezen en begeleiding.",Colonialism,0,False
"Verkuyten, M. (2010) Identiteit en diversiteit. De tegenstellingen voorbij. Amsterdam: 
Amsterdam University Press. Waldering, I. & Crul, M. & Ghorashi, H. (2015) Discrimination of Second-Generation 
Professionals in Leadership, Positions Social Inclusion 3 (4), p. 38-49 
 
Waters, M. (1999) Black identities: West Indian Immigrant Dreams and American Realities, 
Cambridge, Mass: Harvard University Press.",Modern Racism & Inequality,2,False
"Hier ziet men een stuk riet, daar een veld koffij, ginds een akker 
bananen, verder een bed yams enz. Een lid van mijne gemeente, vroeger slaaf, kocht 
onlangs een paard voor 30 pond sterling. Een ander heeft eene koffij plantage verkregen. Korten tijd geleden opende ik eene inschrijving voor een liefdadig doel. Twee 
geémancipeerden teekenden ieder voor 20 pond sterling, en er kwamen verscheidene 
bijdragen van 8 pond. De welvaart neemt toe en men zoekt meer comfort. Dit zou het geval 
niet zijn wanneer men lui wasǳ.242 
 
De kanttekening moet gemaakt worden dat de motivatie voor het idee om het 
Christendom tijdens het Staatstoezicht onder de Ǯvrijgemaaktenǯ te verspreiden, dubieus 
is aangezien zij al gekerstend waren. Hij zei hierover:      
 
ǲOok aan sommige plantage-eigenaren is men veel verschuldigd en door hunne toelating 
zijn de Roomsch-katholijke geestelijken en de Moravische broeders sedert de laatste jaren 
onder de slaven werkzaam geweest, vooral ook in die elf jaren nadat de taak der 
 
241 De Nederlandsche Staats-Courant 1861-1862 (bijblad). Tweede Kamer, 78ste zitting – 4 julij 1862, vel. 261, p.",Historical Slavery,1,False
"RACISME BIJ HET MINISTERIE VAN BUITENLANDSE ZAKEN 
Een verkennend onderzoek 
 
64 
 
4 Institutioneel racisme  
 
In het vorige hoofdstuk lag de focus op ervaren racisme op de werkvloer in de interacties 
met collega’s. Daarbij zagen we dat er verschillende patronen van racisme zijn. Bovendien 
ervaren veel respondenten racisme als een structureel probleem. In dit hoofdstuk gaan we 
op zoek naar verklaringen en staan stil bij de vraag of er ook bepaalde risicofactoren en 
mechanismen zijn binnen de organisatie die ruimte bieden aan racisme. We onderzoeken 
of er sprake is van institutioneel racisme. Hiervan is sprake als “de processen, het beleid en 
de (geschreven en ongeschreven) regels van instituten leiden tot structurele ongelijkheid 
tussen mensen met verschillende achtergrond, huidskleur of religie”. Het gaat daarbij om 
twee typen regels of processen: (1) “regels of processen die expliciet onderscheid maken 
en de bedoeling hebben om ongelijkheid te creëren, en (2) regels of processen 
(geschreven of ongeschreven) die niet expliciet onderscheid maken tussen groepen, 
maar er in de praktijk wel voor zorgen dat de ene groep benadeeld wordt en de andere 
groep bevoordeeld” (Felten, et al., 2021, p. 7). Institutioneel racisme kan zowel gevonden worden in formele, geschreven regels als in de 
meer informele regels die in de organisatiecultuur tot uiting komen (Fermin, e.a. 2021).",Modern Racism & Inequality,2,False
"Dit zijn de Nederlanders waarover veel van de studies over racisme en etnische 
discriminatie gaan. Afro-Antillianen en Afro-Surinamers, over wie hebben het? Over het algemeen hebben we het bij Afro-Antillianen en Afro-Surinamers over de 
eerste generatie die naar Nederland verhuisde en de tweede en derde generatie die hier 
geboren en getogen is. Volgens de cijfers van instanties, zoals het CBS, en antropologisch 
onderzoek is bekend dat Afro-Antillianen en Afro-Surinamers vaker doen aan exogamie.18 Meer 
 
16 Ibid. Oostindie, G (2005), Paradise Overseas, the Dutch Caribbean: colonialism and its transatlantic legacies. Oxford: Macmillan 
17 Oostindie, Gert and Inge Klinkers. 2012. Gedeeld Koninkrijk: de ontmantling van de Nederlandse Antillen en de 
vernieuwing van de trans-Atlantische relaties. Amsterdam: Amsterdam University Press. 18  Sterckx, Leen.",Modern Racism & Inequality,2,False
"RACISME BIJ HET MINISTERIE VAN BUITENLANDSE ZAKEN 
Een verkennend onderzoek 
 
107 
 
Bijlage 1 
Terms of Reference  
 
Verkenning naar racisme,  
 
Ministerie van Buitenlandse Zaken 
 
Datum: 9 maart 2022 
 
Achtergrondinformatie 
 
1. Aanleiding  
Antiracisme is onderdeel van de ambities van het ministerie van Buitenlandse Zaken (BZ) 
op het terrein van diversiteit en inclusiviteit. De urgentie van deze thematiek wordt 
onderstreept door onder andere: 
 
 
Vragen uit het ministerie over onderwerpen als: hoe verhoudt BZ zich tot de 
maatschappelijke discussie over racisme en dekolonisatie?  
De Toeslagenaffaire die licht werpt op de gevolgen van situatie van uitsluiting 
op basis van ras, etniciteit en afkomst binnen de overheid.  
Onderzoek in Nederlandse gemeenten dat duidelijk maakt dat institutioneel 
racisme op de arbeidsmarkt pregnant is. Aangenomen mag worden dat dit een 
issue is dat ook binnen het ministerie van BZ speelt – zowel op het departement 
in Den Haag als op de Nederlandse posten in het buitenland.  
De recente benoeming van een nationale coördinator discriminatiebestrijding: 
opportuun moment om aansluiting te vinden bij interdepartementale ambities.  
De internationale Black Lives Matter beweging. In het kader van de bevordering en implementatie van het vastgestelde D&I beleid is 
besloten nader onderzoek te verrichten naar racisme bij het Ministerie van Buitenlandse 
Zaken. De Bestuursraad heeft zich uitgesproken en gecommitteerd aan dit onderzoek en 
proces.",Modern Racism & Inequality,2,False
"— 115 —
— SLAVERNIJ, AFSCHAFFINGEN EN DOORWERKINGEN —
die zij als pacht aan het gouvernement afstonden (zie hoofdstuk 12 van 
Jan Breman). Het koloniale juridische systeem maakte het mogelijk om tot dwang­
arbeid veroordeelde gevangenen in te zetten bij militaire expedities van 
het Koninklijk Nederlands-Indisch Leger (knil), al gebeurde dat aanvan­
kelijk formeel alleen op vrijwillige basis. Vanaf 1873 mochten dwangarbei­
ders die tot meer dan drie maanden dwangarbeid waren veroordeeld ook 
buiten de eigen regio worden ingezet. Deze dwangarbeiders werden deni­
grerend betiteld als ‘kettingberen’ omdat zij soms aan elkaar geketend 
werden. De sterfte onder de dwangarbeiders bij het knil was hoog. Precie­
ze cijfers zijn niet bekend, maar tijdens de Atjehoorlog (1873-1914) zouden 
zo’n 25 000 van hen zijn omgekomen. Verder werden ze ingezet bij de aan­
leg van wegens en havens, in de mijn- en de landbouw. In de twintigste 
eeuw nam de inzet van dwangarbeiders bij het knil af omdat er minder 
militaire expedities werden georganiseerd, niet omdat er een verbod op 
deze vorm van dwangarbeid kwam in Nederlands-Indië.4 Het cultuurstel­
sel en de inzet van dwangarbeiders bij het knil laten zien dat de opheffing 
van slavernij de continuering van dwangarbeid niet belemmerde. Schrijver en tekenaar W.E.H. Winkels 
dreef in 1863 de spot met de afschaffing 
van de slavernij.",Historical Slavery,1,False
"Stichting Nederland Wordt Beter, Zwarte Piet is Racisme-campagne & Kick Out 
Zwarte Piet, Controle Alt Delete, The Black Archives, Black Queer & Trans Resistance Nederland, Comité 
21 maart, Zwarte Piet Niet en S.P.E.A.K. ANTI-RACISTISCH 
“In een institutioneel racistische samenleving is het niet voldoende om niet racistisch te zijn. Je moet 
anti-racistisch zijn.” - Angela Davis. ANTI-ZWART RACISME 
Anti-zwart racisme is een systeem van dominantie dat institutionele uitsluiting en/of structurele on-
gelijke behandeling veroorzaakt en in stand houdt van (vermeende) Afro-Nederlandse individuen, 
groepen, eigendommen, instellingen, instituties en/of religieuze voorzieningen. De institutionele vorm vindt plaats binnen (overheids)organisaties en sectoren als het onderwijs, de 
arbeidsmarkt, de woningmarkt, de belastingdienst en wetshandhavende organisaties zoals de politie 
en Koninklijke Marechaussee. Anti-zwart racisme komt ook tot uiting middels (fysieke, verbale en psychologische) daden  van ge-
weld, intimidatie en bedreiging. Sommigen organisaties spreken van afrofobie. Wij gebruiken de term 
anti-zwart racisme omdat deze passender is. ‘Fobie’ impliceert immers dat het om een bepaalde 
angst of mentale aandoening gaat—terwijl het probleem ligt in de structuren die ongelijkheid veroor-
zaken, in stand houden en reproduceren. BLACK LIVES MATTER 
#BlackLivesMatter is een internationale beweging die ontstaan is als reactie op politiegeweld tegen 
Afro-Amerikanen.",Modern Racism & Inequality,2,False
"— 113 —
— SLAVERNIJ, AFSCHAFFINGEN EN DOORWERKINGEN —
enerzijds en de verplichte registratie van slaafgemaakten vanaf 1826 
anderzijds effectieve maatregelen om deze praktijk te bestrijden.1
In die Surinaamse plantage-economie, waar slaafgemaakten meer dan 
negentig procent van de bevolking uitmaakten, tonen de demografische 
cijfers niet alleen het gevolg van de slavernij voor de levens van mensen 
maar ook het falen van dat systeem na het stoppen van de handel; nooit 
zou het aantal geboortes de sterfte overstijgen. Vooral het leven op de 
­suikerplantages eiste zijn tol. Toen de invoer van nieuwe slaafgemaakten 
stopte, voelden de planters direct de gevolgen. De slavernij op de eilanden werd daarentegen niet gekenmerkt door een 
sterfteoverschot. Een gezonder klimaat en het ontbreken van een groot­
schalige plantage-economie zoals in Suriname zouden redenen daarvoor 
kunnen zijn. Daarom werd lange tijd aangenomen dat slavernij op 
de eilanden minder zwaar was. Recent archeologisch (bot)onderzoek en 
onderzoek naar het gebruik van orale tradities op de Caribische eilanden 
door onder andere archeoloog Felicia Fricke doen dat beeld kantelen. Beide tonen nieuwe perspectieven op de levensomstandigheden van slaaf­
gemaakten, hun dieet, fysieke gesteldheid, eventuele letsels als gevolg van 
straffen en daarmee ook op verzet en religie. De verschillen tussen de 
eilanden worden zichtbaar. Mogelijk biedt dit onderzoek in de toekomst 
meer informatie over de levensomstandigheden in de laatste fase van de 
slavernij, na de afschaffing van de handel.2 
De afschaffing van de (illegale) slavenhandel vormde de aanzet tot her­
vormingen door het koloniale bestuur.",Historical Slavery,1,False
2020. Ervaren discriminatie in Nederland II. Den Haag: Sociaal Cultureel Planbureau. Mr. drs. J.W.E. Spies (voorzitter) prof. mr. A.H.A. Soons mr.,Modern Racism & Inequality,2,False
