filename,filepath,document_type,year,chunk_num,chunk_text,topic,cosine,cosine_weighted,topic_probs,topic_assigned,chunk_id,labels
antwoorden-op-kamervragen-voorjaarsnota-2015.110.txt,Policyarchive_text\kamerstukken\2015\antwoorden-op-kamervragen-voorjaarsnota-2015\antwoorden-op-kamervragen-voorjaarsnota-2015.110.txt,2015,antwoorden-op-kamervragen-voorjaarsnota-2015,0,kunt aangev manier raming zorguitgav bepaald sprak incidentel structurel tegenvaller zie,,0.0707106781186547,"[0.0, 0.0, 0.06296667849247742]","[False, False, False]","[False, False, False]",antwoorden-op-kamervragen-voorjaarsnota-2015.110.txt__0,"[0, 0, 0]"
p595288-bsg-feitelijke-vragen-buha-os-bijlage-1.1.txt,Policyarchive_text\kamerstukken\2015\p595288-bsg-feitelijke-vragen-buha-os-bijlage-1\p595288-bsg-feitelijke-vragen-buha-os-bijlage-1.1.txt,2015,p595288-bsg-feitelijke-vragen-buha-os-bijlage-1,0,totaallijst feitelijk vaststell begrotingsstat buitenland handel ontwikkelingssamenwerk vaststell begrotingsstat buitenland handel ontwikkelingssamenwerk lijst vastgesteld algemen buitenland handel ontwikkelingssamenwerk voorgelegd buitenland handel ontwikkelingssamenwerk vaststell begrotingsstat buitenland handel ontwikkelingssamenwerk daarop buitenland handel ontwikkelingssamenwerk hierbij afgedrukt voorzitter ron wiskerk wanner ontvangt kamer briev toegezegd algemen overleg multilateral organisaties kamer briev toegezegd multilateral organisaties snel mogelijk ontvang kunt gev verplicht uitgav zowel post concret bedrag uitgesplitst per beleidsartikel uitgav per beleidsartikel kwalificeert juridisch verplicht bent bereid informatie volgend begrot standaard dergelijk verstrek basis comptabiliteitswet para twed lid sprak juridisch verplicht uitgav wanner rechtstrek ontstat grond verdrag wet konink besluit ministeriel regel beschik verbintenis controler wijz vastgelegd afsprak dienstonderdel dienstonderdel onderdel bred zin over geraamd uitgav juridisch verplicht ingang vernieuwd wijz begrotingspresentatie nam verantwoord begrot ingevoerd evaluatie financien toegezegd aandacht gev budgetflexibiliteit daarmee inzicht vergrot vastgelegd onderdel begrot begrot doorgevoerd bovendien gevolg kamer overeengekom budgetflexibiliteit artikelniveau presenter kamer inzicht gev juridisch verplicht per artikelonderdel hieronder opgenom betreft raming basis verwacht juridisch verplicht uitgav,"Colonial Exploitation, Slavery & Economic Inequality|Reparations and Remembrance|Modern & Everyday Racism",0.0877876225140347,"[0.0666947767737362, 0.008205298382150677, 0.01855222421834665]","[True, True, True]","[True, True, True]",p595288-bsg-feitelijke-vragen-buha-os-bijlage-1.1.txt__0,"[1, 1, 1]"
p595288-bsg-feitelijke-vragen-buha-os-bijlage-1.6.txt,Policyarchive_text\kamerstukken\2015\p595288-bsg-feitelijke-vragen-buha-os-bijlage-1\p595288-bsg-feitelijke-vragen-buha-os-bijlage-1.6.txt,2015,p595288-bsg-feitelijke-vragen-buha-os-bijlage-1,0,totaallijst feitelijk vaststell begrotingsstat buitenland handel ontwikkelingssamenwerk african medical research foundation amref african technology policy studies network atp agricord agriterra aidspan arts grenz medecin san frontier atria kennisinstituutvor emancipatie vrouwengeschiedenis awepa awidas church aid dca international danish institut tortur dignity danish refugee council decpdutch employer cooperation programm defenc childr international diaspora forum development dfd,Reparations and Remembrance|Modern & Everyday Racism,0.0676123403782813,"[0.053423186793267706, 0.009417158340973163, 0.005933597217090217]","[False, True, True]","[False, True, True]",p595288-bsg-feitelijke-vragen-buha-os-bijlage-1.6.txt__0,"[0, 1, 1]"
251311die-verslag-3.10.txt,Policyarchive_text\kamerstukken\2015\251311die-verslag-3\251311die-verslag-3.10.txt,2015,251311die-verslag-3,0,deadlin hiervor echter voorzien afrond onderhandel vooral afhank politiek situatie blijkt vanuit moeilijk opgav onderl afgestemd markttoegangsaanbod kom zodra aanbod vanuit mercosur gered verder onderhandeld mexico overeengekom bestaand verdrag dateert waarvan handelsdel werking getred vernieuw handelsakkoord zer succesvol geleid grot handelsstijg twee partij moment loopt verkenn scoping exercis bereik ambitie moderniser akkoord voordat daadwerk onderhandel gestart concret gedacht verbeter handelsfacilitatie uitbreid handel dienst bescherm intellectueel eigendom huidig associatieakkoord chili uitonderhandeld handelsdel dcfta werking goed functioner akkoord beid partij nodig welvaartswinst oplevert chili associatierad wen uitgesprok gezamen werkgroep richt bezig houd moderniser verdiep bestaand associatieakkoord concret gedacht verder liberaliser handel dienst landbouwproduct verder bescherm geografisch indicaties werkgroep bekijk voldoend potentie formel onderhandel moderniser start regio guatemala costa rica salvador honduras nicaragua panama nieuw associatieakkoord inclusief dcfta dep comprehensiv free trad area onderhandeld ondertek ervan economisch groei democratie politiek stabiliteit ondersteun handelspijler associatieakkoord dcfta voorlop toegepast honduras nicaragua panama costa rica salvador guatemala colombia peru geldt vrij recent handelsakkoord voorlop werking getred peru vanaf colombia vanaf geleidt stevig intensiver handel land werd onderhandel afgerond toetred ecuador handelsovereenkomst colombia peru beid partij bezig relevant intern procedures goedkeur akkoord mogelijk bolivia lid andean gemeenschap integrer handelsovereenkomst ontwikkelingspartnerschap gebied bestat tegenwoord kern hiervan economisch partnerschapsovereenkomst epa nieuw partnerschap cariforum land ondertek overeenkomst bevat aanzien handelsontwikkel betrok partner,"Colonial Exploitation, Slavery & Economic Inequality|Reparations and Remembrance|Modern & Everyday Racism",0.0615457454896663,"[0.05507160845364871, 0.003497237688145522, 0.006963904079931214]","[True, True, True]","[True, True, True]",251311die-verslag-3.10.txt__0,"[1, 1, 1]"
antwoorden-op-kamervragen-voorjaarsnota-2015.51.txt,Policyarchive_text\kamerstukken\2015\antwoorden-op-kamervragen-voorjaarsnota-2015\antwoorden-op-kamervragen-voorjaarsnota-2015.51.txt,2015,antwoorden-op-kamervragen-voorjaarsnota-2015,0,aangegev meevaller noter bijna miljard hoofdzak toe schrijv grensoverschrijd zorg geriatrisch revalidatiezorg kunt aangev verdel component genoemd bedrag war meevaller oordel toe schrijv aangegev meevaller sector tweedelijn curatiev zorg noter waaronder geriatrisch revalidatiezorg kunt aangev hog meevaller gebied geriatrisch revalidatiezorg post meevaller grensoverschrijd zorg bedraagt structurel euro betreft structurel doorwerk geraamd ontvangst vanuit buitenland zorg verleend verdragsgerechtigd ontvangst hoger geraamd eerder verondersteld meevaller geriatrisch revalidatiezorg betreft structurel euro betreft structurel doorwerk lager uitgav actuel cijfer zinl komt vor uitgav euro lager geraamd gelet eerder ingeboekt taakstell euro vanaf aangezien aansprak ingang enigszin verruimd lager uitgav bedrag euro structurel verondersteld,Modern & Everyday Racism,0.0465690315423799,"[0.003966692415509474, 0.009176724007892198, 0.06302628983463077]","[False, False, True]","[False, False, True]",antwoorden-op-kamervragen-voorjaarsnota-2015.51.txt__0,"[0, 0, 1]"
8-onderwijs-cultuur-en-wetenschap.32.txt,Policyarchive_text\jaarverslagen\2015\8-onderwijs-cultuur-en-wetenschap\8-onderwijs-cultuur-en-wetenschap.32.txt,2015,8-onderwijs-cultuur-en-wetenschap,0,realisatie gehel versterk kracht heden jong talentvoll kamerstuk ibo wetenschapp kamerstuk emancipatie emancipatie kamerstuk twed kamer vergaderjar viii beleidsverslag,,0.04,"[0.04214640338775504, 0.006686227068315904, 0.0]","[False, False, False]","[False, False, False]",8-onderwijs-cultuur-en-wetenschap.32.txt__0,"[0, 0, 0]"
nota-naar-aanleiding-van-het-verslag-rond-erfgoedwet.87.txt,Policyarchive_text\kamerstukken\2015\nota-naar-aanleiding-van-het-verslag-rond-erfgoedwet\nota-naar-aanleiding-van-het-verslag-rond-erfgoedwet.87.txt,2015,nota-naar-aanleiding-van-het-verslag-rond-erfgoedwet,0,verplicht geldt rijk onderdel waaronder waterschapp formel aanleid wetsniveau vast legg opdracht verdrag valletta verklar portoroz betreff inspanningsverplicht gebied burgerparticipatie publieksbereik inzet vrijwilliger domein culturel erfgoed reger acht grot belang praktijk zorg culturel erfgoed lat echter regel vat reger ziet daartoe noodzak praktijk gebeurt particulier mak websites nieuwsbriev geschiedenis erfgoed tijdtrap markthal rotterdam lespakket stad erfgoed leid media ruim aandacht bested culturel erfgoed zeker lokal niveau vanuit rce archeologisch werkgroep gewerkt handreik gemeent gewerkt vrijwilliger handreik erfgoed ruimt informatie samenwerk burger vrijwilliger ocw draagt subsidies diver fonds cultuurparticipatie fond cultuurparticipatie besteedt expliciet aandacht vrijwilliger erfgoedsector vrijwilliger uiting onmis draagvlak erfgoedbehoud belang burgerparticipatie beher behoud culturel erfgoed toekomst generaties cultur europes unie onderstreept krijgt vervolg europa uitwissel goed voorbeeld privat samenwerk gebied materieel immaterieel digital erfgoed uitmond gebruikersgid erfgoedsector over beslot europes culturel erfgoed organiser voorzien belang bred draagvlak duurzam erfgoedbeher behoud central stan digital erfgoed led merk digitaliser erfgoed nieuw categorie ontstat ogen onvoldo belicht beweg archief beeld geluid zorgt beher behoud uniek beeld betreft beeld omroep zorgt lang termijn beher behoud beweg beeld commerciel omroep led uniek beeldmateriaal gemaakt nederland institut beeld geluid basis mediawet tak zorg drag audiovisuel archief omroep institut bewaart lang termijn klein selectie uitzend commerciel omroep onderzoeksdoeleind beher behoud beweg beeld commerciel omroep behoort zorg omroep,Reparations and Remembrance|Modern & Everyday Racism,0.0986834868835764,"[0.009924842835558825, 0.0627729402412927, 0.06327336826340046]","[False, True, True]","[False, True, True]",nota-naar-aanleiding-van-het-verslag-rond-erfgoedwet.87.txt__0,"[0, 1, 1]"
bijlage-2-het-vn-decennium-voor-mensen-van-afrikaanse-afkomst.1.txt,Policyarchive_text\kamerstukken\2015\bijlage-2-het-vn-decennium-voor-mensen-van-afrikaanse-afkomst\bijlage-2-het-vn-decennium-voor-mensen-van-afrikaanse-afkomst.1.txt,2015,bijlage-2-het-vn-decennium-voor-mensen-van-afrikaanse-afkomst,0,mens afrikan afkomst teven kamer informer invull mens afrikan afkomst aanleid algemen vergader verenigd naties resolutie aangenom uitroep decennium mens afrikan decennium loopt resolutie roept lidstat actie ondernem racism rassendiscriminatie vreemdelingenhat daarmee samenhang onverdraagzam grond ras kleur afkomst national etnisch afkomst zodat fundamentel recht vrijheid mens afrikan afkomst beschermd gewaarborgd decennium kent drie pijler erkenn rechtvaard ontwikkel aanbevel vanuit eliminatie racism discriminatie aanpak racism rassendiscriminatie versterk zichtbar gev negatiev stereotyper vooroordel gan specifiek positie burger afrikan afkomst verbeter sluit resolutie registratie blijkt veelvuld discriminatie grond huidskleur afkomst bestat ervar meldpunt internetdiscriminatie huidskleur een belangrijkst grond discriminatie geldt geregistreerd discriminatoir incident grond ras blijken uitgevoerd institut werd incident geregistreerd ervar discriminatie sociaal culturel planbureau blijkt surinam antilliaan nederlander ervar discriminatie grond etnisch herkomst huidskleur grot rol speelt geeft surinam antilliaan nederlander ten minst eenmal twijfel discriminatie ervar uitgangspunt ten behoev uitvoer invull decennium mens afrikan afkomst aanpak racism versterk manier aansluit invull geeft kamer najar toegezegd nieuw national interdepartemental actieplan antidiscriminatie teven aangeslot uitgangspunt antidiscriminatiebeleid ter voorkom discriminatie ten gunst burger specifiek getroff gevall waarin noodzak gerechtvaardigd bevond effectiev duurzam aanpak problem waarborg analys problematiek war mens afrikan afkomst lop basis vorm focus activiteit activiteit zull aansluit generiek gericht inclusiviteit verbind gezamen aanpak vanuit maatschapp organisaties social partner stat central aanpak discriminatie invull uitvoer decennium ingezet gezamen verantwoord vanuit maatschapp partner uitgangspunt teven ruim ban gev maatschapp initiatief coordinatie invull nem verband verantwoord bestrijd racism uitwerk uitvoer national programma kabinetsbred opgepakt betrok ministeries teven programma activiteit decennium aangenom,Reparations and Remembrance|Modern & Everyday Racism,0.1925928039428363,"[0.02151217461308969, 0.009875225964181797, 0.33636734338208285]","[False, True, True]","[False, True, True]",bijlage-2-het-vn-decennium-voor-mensen-van-afrikaanse-afkomst.1.txt__0,"[0, 1, 1]"
kamerbrief-met-reactie-op-inbreng-kamer-over-vn-verdrag-personen-met-een-handicap.9.txt,Policyarchive_text\kamerstukken\2015\kamerbrief-met-reactie-op-inbreng-kamer-over-vn-verdrag-personen-met-een-handicap\kamerbrief-met-reactie-op-inbreng-kamer-over-vn-verdrag-personen-met-een-handicap.9.txt,2015,kamerbrief-met-reactie-op-inbreng-kamer-over-vn-verdrag-personen-met-een-handicap,0,beweg hervorm langdur zorg draagt noodzak randvoorwaard uitvoer verband klopt kader hervorm keuzes gemaakt noodzak keuzes houdbar stelsel toekomst generaties waarborg uitgangspunt war zorg ondersteun nodig beschik vraagt staatssecretaris gat werk bewustword campagn zet strep discriminatie aandacht mens beperk lucill werner spotjes meegewerkt campagn komend voortgezet deelcampagn mens beperk gan activiteit platform implementatie bijdrag bewustword pledges platform bepaald activiteit precies concret doelstell gesteld manier waaran gedacht storytell via storytell duidelijk gemaakt war mens beperk interactie samenlev hinder ondervind waardor participer goed voorbeeld storytell stan aanpakt stan beweg jong mens beperk vanuit mee mens informer beperk beteken dagelijk lev draagt begrip uiteind ontstat meest bewustword mens beperk zichtbaarder mening inclusieagenda gemeent belang kader amendement ingedi verzoekt reactie grot voorstander lokal inclusie agenda gemeent voldoend mogelijk vormgev uitvoer inclusie meedoen uitgangspunt verschil mak mens beperk manier gemeent aanpakt gemeent overleg vertegenwoordiger doelgroep leid agenda aansluit lokal nodig niveau wijk individuel situatie her staaij ingedi amendement sluit lijn interpretatiev verklar fractie vraagt national regelgev strenger interpretatiev verklar interpretatiev verklar scherp national regelgev noch ermee beoogd interpretatiev verklar geeft slecht wer verdragsbepal uitlegt verplicht verdrag volg fractie geeft tal interpretatiev verklar fractie vraagt hoevel interpretatiev verklar land,Reparations and Remembrance|Modern & Everyday Racism,0.0973399487199263,"[0.006391064119910982, 0.00798120729002344, 0.04460984513515435]","[False, True, True]","[False, True, True]",kamerbrief-met-reactie-op-inbreng-kamer-over-vn-verdrag-personen-met-een-handicap.9.txt__0,"[0, 1, 1]"
p595288-bsg-feitelijke-vragen-buha-os-bijlage-1.2.txt,Policyarchive_text\kamerstukken\2015\p595288-bsg-feitelijke-vragen-buha-os-bijlage-1\p595288-bsg-feitelijke-vragen-buha-os-bijlage-1.2.txt,2015,p595288-bsg-feitelijke-vragen-buha-os-bijlage-1,0,totaallijst feitelijk vaststell begrotingsstat buitenland handel ontwikkelingssamenwerk juridisch verplicht humanitair hulp rechtstaatontwikkel wederopbouw vredesopbouw versterkt legitimiteit democratisch structur tegengan corruptie noodhulpfond beleidsartikel duurzam handel invester beleidsartikel duurzam ontwikkel voedselzeker water beleidsartikel social vooruitgang seksuel reproductiev gezond recht iederen halt verspreid beleidsartikel vred ontwikkel versterkt international handelssystem aandacht maatschapp verantwoord ondernem versterkt investeringspositie economisch naamsbek toenam voedselzeker verbeterd waterbeher drinkwater sanitatie duurzam natur hulpbronn tegengan klimaatverander vergrot weerbar bevolk onafwend klimaatverander versterkt privat sector verbeterd investeringsklimat ontwikkelingsland dutch god growth fund intensiver ontwikkelingsrelevant invester handel ontwikkelingsland lokal bedrijfslev focus mkb uitzonder condities grootbedrijf versterkt maatschapp middenveld toenam goed opgeleid professional versterk beroepsonderwijsinstell bevorder beleidsrelevant gelijk recht kans vrouw beleidsartikel versterkt kader ontwikkel versterkt multilateral betrok over armoedebeleid migratie ontwikkel,,0.0461538461538461,"[0.05102611496883938, 0.007863095173267831, 0.004273509059840982]","[False, False, True]","[False, False, False]",p595288-bsg-feitelijke-vragen-buha-os-bijlage-1.2.txt__0,"[0, 0, 0]"
p595288-bsg-feitelijke-vragen-buha-os-bijlage-1.34.txt,Policyarchive_text\kamerstukken\2015\p595288-bsg-feitelijke-vragen-buha-os-bijlage-1\p595288-bsg-feitelijke-vragen-buha-os-bijlage-1.34.txt,2015,p595288-bsg-feitelijke-vragen-buha-os-bijlage-1,0,totaallijst feitelijk vaststell begrotingsstat buitenland handel ontwikkelingssamenwerk trad services agreement tisa veertiend onderhandelingsrond plat gevond genev voorzitterschap verenigd stat europes unie vijftiend onderhandelingsrond voorzit waarbij verwacht aanbested elektronisch handel agenda zull stan verluidt wens verenigd stat onderhandel ambtstermijn president obama rond stat voorop goed gebalanceerd akkoord onderhandel vind plat basis consensus vanweg grot deelnem partij moment onderdel waarover overeenstemm bereikt moment evident afrond onderhandel zomer realiser kunt aangev ontwikkelingsland onderhandelt handelsakkoord onderhandel mogelijk mee afsluit hierbij toegang medicijn lag middeninkomen land geborgd flexibiliteit lag middeninkomensland geld onderhandelt grot verscheid ontwikkelingsland handelsakkoord onderhandel vind plat zowel bilateral regional verband moment land afrika gebied still oceaan regional niveau onderhandeld economisch partnerschapsakkoord land hieronder vall botswana ivoorkust kiribati lesotho swaziland mozambique marshalleiland micronesie samoa solomon eiland tonga tuvalu vanuatu angola namibie comor djibouti eritrea malawi sudan zambia burundi kenia rwanda oeganda tanzania central afrikan republiek chad democratisch republiek congo republiek congo equatoriaal guinea gabon são tom princip benin burkina faso kaapverdie gambia ghana liberia mali mauritanie niger nigeria senegal sierra leon togo zambia mauritius madagaskar seychell zimbabw papua nieuw guinea ecuador onderhandeld regional verband andesgemeenschap onderhandeld onderhandel libie marokko euromediterran kader onderhandeld verwacht doorlop enkel overeenkomst afgeslot bekend mogelijk land westelijk oostelijk zuidelijk afrika economisch partnerschapsakkoord epa getek betrek flexibiliteit ingebouwd land mogelijk mak wetgev bescherm handhav intellectuel eigendomsrecht dusdan vull past specifiek omstand land pleit middeninkomensland behoud zodat minimumeis bescherm intellectueel eigendom medicijn hoev voer voorzitter dezelfd inzet behoud nam gebied harm reduction decriminaliser aangegev kamerbrief overgenom kamerbrief verwoord inzet volksgezondheidsperspectief nam harm reduction gericht thema opgenom bred ungas drug voorzitter sterk mak breder acceptatie implementatie harm reduction waarbij reken houdt rol,"Colonial Exploitation, Slavery & Economic Inequality|Reparations and Remembrance|Modern & Everyday Racism",0.089597867038104,"[0.0498894519099102, 0.005352059087959897, 0.0071465704210642205]","[True, True, True]","[True, True, True]",p595288-bsg-feitelijke-vragen-buha-os-bijlage-1.34.txt__0,"[1, 1, 1]"
bp-2016-wetsvoorstel.55.txt,Policyarchive_text\kamerstukken\2015\bp-2016-wetsvoorstel\bp-2016-wetsvoorstel.55.txt,2015,bp-2016-wetsvoorstel,0,groentesapp uitsluit bestemd aanvull kindervoed medicinal doeleind ander gedronk twee eerstgenoemd toepass nauwelijk denkbar terwijl laatstgenoemd toepass afgedekt vrijstellingsmog wet gat alcoholvrij drank grondstof vervaard goeder alcoholvrij drank groentesap toegevoegd potjes kindervoed vereenvoud vermindert problematiek afbaken product toepass verbruiksbelast alcoholvrij drank eenduidiger verband invoer nieuw hoger tarief verbruiksbelast alcoholvrij drank laagst tarief bieraccijn tarief gelijkgesteld ander alcoholvrij bier bier alcoholpercentag maximal frisdrank aangemerkt zwaarder belast bier valt laagst tarief bieraccijn overigen omzet bier vallend laagst tarief bieraccijn hel beperkt tariefverhog verbruiksbelast alcoholvrij drank laagst tarief bieraccijn leid opbrengst miljoen verruim schenkingsvrijstell eig woning eenmal verhoogd vrijstell schenkbelast schenking ouder kinder schenking verband houd eig woning verruimd successiewet eenmal verhoogd vrijstell bedrag opgenom schenking ouder kinder mit schenking verband houdt verwerv verbouw eig woning afkop recht erfpacht opstal beklemm betrek woning afloss eigenwoningschuld restschuld vervreemd eig woning kind eerst plat hoogt vrijstell structurel verruimd bedrag bedrag voort vervalt evenen beperk schenking gedan ouder kind waardor gezinssituatie gemaakt vrijstell beperk kracht begunstigd verruim budgettair reden pas werking tred per betekent vanaf iederen familielid derd eenmal schenking maximal vrij schenkbelast ontvang mit aangew eig woning structurel verruim vrijstell beoogt lever reductie eigenwoningschuld huishouden relatief hog eigenwoningschuld veroorzaakt ruimhart kredietverstrek verled waarbij veelvuld afgelost schuld schenking woningbezitter schuldniveau verlag zowel direct aankop woning bestaand schuld loss maakt woningbezitter kwetsbar betreft structurel verruim motief structurel verruim wijkt beleidsmotief tijdelijk verruim tijdelijk verruim ging erom woningmarkt tijd crisis wer gang help verruim direct mak situatie bouw voorgesteld structurel genom context nieuw structurel ligt accent aanpak lang balans,"Colonial Exploitation, Slavery & Economic Inequality|Reparations and Remembrance|Modern & Everyday Racism",0.0515122196369931,"[0.004581834998332306, 0.0035541173317408517, 0.05053438932475473]","[True, True, True]","[True, True, True]",bp-2016-wetsvoorstel.55.txt__0,"[1, 1, 1]"
16e-halfjaarsrapportage-van-de-belastingdienst.21.txt,Policyarchive_text\kamerstukken\2015\16e-halfjaarsrapportage-van-de-belastingdienst\16e-halfjaarsrapportage-van-de-belastingdienst.21.txt,2015,16e-halfjaarsrapportage-van-de-belastingdienst,0,belastingdienst halfjaarsrapportag eerst instantie vanaf crs opgenom multilateral overeenkomst invull geeft bestaand bepal uitwissel belastingverdrag land verdrag inzak wederzijd administratiev bijstand belastingzak crs opgenom europes richtlijn administratiev samenwerk gebied belast geimplementeerd wet international bijstandsverlen heffing belast ontwikkel hel belangrijk hiermee international sted net geslot belastingplicht zwart vermog implementatie crs voll gang bedoel gebeurt ontvang bankgegeven basis spaarrenterichtlijn buitenland toekomst zovel mogelijk nem vooringevuld aangift via zodat direct betrok regulier toezichtproces intensiver invorder iti belastingdienst impul gev regeerakkoord extra middel vrijgemaakt intensiver vanaf structurel miljoen invester extra belastingopbrengst realiser oploopt structurel miljoen vanaf hiervor apart busines gemaakt brief betreff versnell aanslagregel particulier uitvoer boekenonderzoek realiser structurel extra opbrengst invorder uitvoer belastingdienst afgelop twee ervar opgedan uitvoer belangrijkst bevind voorlop cijfer accountantscontrol blijkt beoogd opbrengst inmiddel gerealiseerd war kasstrom eerder tijdelijk achterblef lager productie gevolg beschik capaciteit opbrengst pas ontvang hoofdzak veroorzaakt doordat medewerker opleid doordat capaciteit aangiftecontrol ingezet inkeerregel daarnaast zag lager verwacht tempo kasstrom nam negatiev correcties inkomensheff waarbij belastingplicht geld terug krijg direct uitbetaald positiev correcties pas later leid ontvangst belastingdienst legg eenduid relatie system invester activiteit ontvangst blijkt lastig vereist nader analys praktijk wijzig mix ingezet toezichtsinstrument verbeter ingezet seerd correctie ingezet zwaarder boekenonderzoek hoger opbrengst daardor boekenonderzoek gedan gepland opbrengst per saldo hetzelfd niveau verder blek bepaald afwijk som hoger som lager opbrengstpotentieel aantall geld verwacht kamerstuk thema douan grensverlegg voortgang investeringsagenda ontwikkel belastingdienst moties toezegg productietabell prolog,"Colonial Exploitation, Slavery & Economic Inequality|Reparations and Remembrance|Modern & Everyday Racism",0.0832050294337843,"[0.018695329873348484, 0.003475922195971427, 0.04313158699399873]","[True, True, True]","[True, True, True]",16e-halfjaarsrapportage-van-de-belastingdienst.21.txt__0,"[1, 1, 1]"
jaarverslag-2014-college-voor-toetsen-en-examens.21.txt,Policyarchive_text\jaarverslagen\2015\jaarverslag-2014-college-voor-toetsen-en-examens\jaarverslag-2014-college-voor-toetsen-en-examens.21.txt,2015,jaarverslag-2014-college-voor-toetsen-en-examens,0,colleg toets examen jaarverslag inhoudsopgav volgend vak afgenom vakvernieuw schooltyp vakvernieuw havo geschiedenis maatschappijwetenschapp wiskund wiskund natuurkund scheikund biologie vwo geschiedenis maatschappijwetenschapp wiskund wiskund wiskund natuurkund scheikund biologie laatst pilotjar kend eerst regulier nieuw stijl eerder gold economie havo vernieuw vak economie daarmee voltooid vmbo aardrijkskund vmbo examenprogramma aardrijkskund vmbo ingrijp vernieuwd derd leerjar zat krijg les volgen nieuw examenprogramma docent ondersteun start vernieuwd vak cvte nieuw syllabus aardrijkund vmbo nieuw stijl brochur nieuw central exam aardrijkskund vmbo uitgebracht ter voorbereid eerst regulier aardrijkskund vmbo nieuw stijl bovendien ieder leerweg nieuw stijl gepubliceerd beroepsgericht programma kader vernieuw beroepsgericht programma vmbo beperkt pilotschol gewerkt zes nieuw conceptexamenprogramma beroepsgericht examenprogramma nieuw stijl bestan profielvak keuzevak profielvak central exam getoetst keuzevak schoolexam zes profiel cvte syllabus stand gebracht basis nieuw syllabi eerst geconstrueerd vastgesteld vanaf pilotschol afgenom afnamepraktijk cspe eind stuurd staatssecretaris inspectierapport weg verbeterd afnamepraktijk cspe twed kamer staatssecretaris verwacht docent schoolleider examenmaker verantwoord nem praktijk cspe voortdur verbeter instrument ondersteun noemt staatssecretaris communicatie informatie bijschol versterk rol twed examinator verscherpt schoolintern aangescherpt,,0.0323498319610315,"[0.0022362086539942463, 0.04886557216307093, 0.0038239129742666522]","[False, True, True]","[False, False, False]",jaarverslag-2014-college-voor-toetsen-en-examens.21.txt__0,"[0, 0, 0]"
antwoorden-op-kamervragen-over-begroting-ocw-2016.80.txt,Policyarchive_text\kamerstukken\2015\antwoorden-op-kamervragen-over-begroting-ocw-2016\antwoorden-op-kamervragen-over-begroting-ocw-2016.80.txt,2015,antwoorden-op-kamervragen-over-begroting-ocw-2016,0,waarom jaarlijk ten behoev uitvoer international contributies gesteg begrot begrot verschil veroorzaakt indexatie contributie eurimages distributiefond rad europa gebied cinema waardor stijgt begrot culturel basisinfrastructur structurel miljoen euro begrot vanaf culturel basisinfrastructur plus ongever miljoen zichtbar ten opzicht verschil veroorzaakt overboek middel cultur begrotingsartikel wetenschapsbeleid overboek gemaakt uitgav konink bibliothek verband wet stelsel open bibliotheekvoorzien geleid verlag raming cultur uitgav verder gepland overgeboekt begrotingsartikel cultur lijkt daardor vanaf hoger begrot ruimt culturel basisinfrastructur hoevel daarvor beschik gesteld verhoudt daarvor culturel basisinfrastructur instell specifiek opgenom maakt echter activiteit sectorinstitut film eye basisinfrastructur bovendien tak stichting mediawijs ondersteund mediabegrot middel beschik digitaliseringproject cultuursector,"Colonial Exploitation, Slavery & Economic Inequality|Reparations and Remembrance|Modern & Everyday Racism",0.0606976978666883,"[0.014187945289609968, 0.005016656483289912, 0.10691767203512247]","[True, True, True]","[True, True, True]",antwoorden-op-kamervragen-over-begroting-ocw-2016.80.txt__0,"[1, 1, 1]"
kamerbrief-met-reactie-op-inbreng-kamer-over-vn-verdrag-personen-met-een-handicap.5.txt,Policyarchive_text\kamerstukken\2015\kamerbrief-met-reactie-op-inbreng-kamer-over-vn-verdrag-personen-met-een-handicap\kamerbrief-met-reactie-op-inbreng-kamer-over-vn-verdrag-personen-met-een-handicap.5.txt,2015,kamerbrief-met-reactie-op-inbreng-kamer-over-vn-verdrag-personen-met-een-handicap,0,plan aanpak proces beschrev kom afsprak samenlev via platform inclusie bestur overleg daarmee nadruk beoogd concret afsprak kom kort termijn kwartiermaker aangesteld vormgev voorgesteld platform kwartiermaker opdracht meekrijg voorgesteld structur prioriter plaatsvind belang eerder aangegev daarbij stem mens beperk goed mogelijk gehoord vandar internetconsultatie gehoud basis waarvan thema benoemd geselecteerd zull opgepakt concret acties nader concretiser plan aanpak gemaakt voorbeeld land waaronder finland vraagt aangegev uitvoeringsbureau vormgegev tak bureau echt uitvoeringsbureau onderhandeld belang fractie vraagt ervar toegank meegenom goed voorbeeld uitgewisseld platform zwengelt samenwerk bred netwerk waarbij partij verantwoord nem nodig inclusiev samenlev dichterbij breng werkgever werknemer maatschapp organisaties schol gemeent cetera committer pledg onderteken platform bewak pledges voldoend concret daadwerk uitgevoerd platform zull mens werkzam doenersmentaliteit stat verbind creatief slagvaard kom uiteraard mens teven beschik netwerk relevant implementatie verdrag mens geled maatschapp partij verdrag relevant sector platform inclusief werk met mens beperk nothing without ervar problem zull mens opgehaald goed voorbeeld zull via platform uitgevent toegank vraagt voorbeeld buitenland bekijk bepal overgenom kennis genom diver aanpak buitenland inhoud plann aanpak gelet diversiteit verschill aard zeker bereid verder kijk kader verder concretiser uitwerk plan aanpak daarbij opmerk uiteind aanpak past situatie basis hetgen doelgroep opgehaald vraagt verwacht huidig aanpak scor mogelijk meetbar ijkpunt stell zodat twed kamer voortgang volg sta plan aanpak bestur overleg alliantie gemeent ermee,Reparations and Remembrance|Modern & Everyday Racism,0.1523809523809524,"[0.005952751225928838, 0.006929267708228877, 0.04217358313354391]","[False, True, True]","[False, True, True]",kamerbrief-met-reactie-op-inbreng-kamer-over-vn-verdrag-personen-met-een-handicap.5.txt__0,"[0, 1, 1]"
variawet-ocw-2015.13.txt,Policyarchive_text\kamerstukken\2015\variawet-ocw-2015\variawet-ocw-2015.13.txt,2015,variawet-ocw-2015,0,stelt lijn beleidskader derivat stat regel stell omgang financiel product onderwijsinstell bested middel kader harmoniser elk onderwijswet dezelfd wijzig voorgesteld gezien omgang financiel product gekoz delegatie niveau ministeriel regel verband aard behoev voorschrift regelmat wijzig snelheid ontwikkel financiel markt vraagt flexibel regelgev aanbieder financiel product constructies pass voortdur derivat vorm uitstek voorbeeld financiel product uiterst ingewikkeld blijk continu verander onderhev mee beweg verander markt belang regel snel stemm huidig omstand slot belang merk voorgesteld wetswijz gering juridisch betekenis momentel immer regel belegg belen instell kracht regel beleidsregel voorgesteld wetswijz krijgt regel enkel aanpass status ministeriel regel praktijk dezelfd wijz functioner wetswijz belast nalev iii onderdel vii viii wijzig betreff redactionel wijzig beroepsorganisatie accountant schrijfwijzer accountantsprotocoll gepubliceerd waarin voorwaard opgenom waaran accountsprotocol voldoen schrijfwijzer sted gesprok accountantsprotocoll plat controleprotocoll nieuw nam sluit beter doelgroep protocoll bedoeld namelijk accountant wpo wec wvo web whw wpo wvo web verwijz controleprotocol aangezien term achterhaald wetsvoorstel term redactionel gewijzigd accountantsprotocol iii wijzig wet voortgezet eerst lid wvo ingang vak klassiek culturel vorming kom vervall geintegreerd nieuw vak latijn tal cultur griek tal cultur zie voorgesteld eerst lid wvo geregeld atheneum leerling indien vak latijn tal cultur griek tal cultur beid profiel opgenom verplicht vak culturel kunstzinn vorming volg vervalt voorkom atheneum leerling zowel vak culturel kunstzinn vorming oud inmiddel eerder genoemd nieuw vak geintegreerd vak klassiek culturel vorming volg eerst lid wvo bevat moment schrijv twee onderdel mak wet wijzig wet voortgezet wet voortgezet verband vervang verplicht maatschapp stag facultatief programmaonderdel invoer vakbenam latijn griek tal cultur schrapp verplicht vak algemen natuurwetenschapp gemeenschapp onderdel wet tred verschill werking zie wet vervall vak algemen natuurwetenschapp geregeld werking tred hiermee samenhang verletter eerst,"Colonial Exploitation, Slavery & Economic Inequality|Reparations and Remembrance|Modern & Everyday Racism",0.055910614468161,"[0.003137849509177339, 0.0076730280967728815, 0.04617565473019477]","[True, True, True]","[True, True, True]",variawet-ocw-2015.13.txt__0,"[1, 1, 1]"
sociaal-jaarverslag-bz-2014.40.txt,Policyarchive_text\jaarverslagen\2015\sociaal-jaarverslag-bz-2014\sociaal-jaarverslag-bz-2014.40.txt,2015,sociaal-jaarverslag-bz-2014,0,sociaal jaarverslag honorair consul honorair consul vorm belangrijk wereldwijd postennet vervull onbezoldigd ambt nevenfunctie zorg promotie economisch culturel relaties verricht consulair werk grondig kennis lokal situatie bred netwerk onschat waard consulat honorair consul hoofd consulat blef ten opzicht nagenoeg hetzelfd stopt honorair consul werkzam werd nieuw benoemd,Modern & Everyday Racism,0.064888568452305,"[0.01570724044009708, 0.0038878517417988362, 0.05115617384366526]","[False, False, True]","[False, False, True]",sociaal-jaarverslag-bz-2014.40.txt__0,"[0, 0, 1]"
kamerbrief-over-het-unesco-verdrag-immaterieel-erfgoed.4.txt,Policyarchive_text\kamerstukken\2015\kamerbrief-over-het-unesco-verdrag-immaterieel-erfgoed\kamerbrief-over-het-unesco-verdrag-immaterieel-erfgoed.4.txt,2015,kamerbrief-over-het-unesco-verdrag-immaterieel-erfgoed,0,onz referentie culturel erfgoed koninkrijk vorm basis international nominatie rol nederland centrum volkscultur immaterieel erfgoed nederland centrum volkscultur immaterieel erfgoed vie opdracht nederland openluchtmuseum kennisinstitut immaterieel erfgoed vorm betekent nieuw institut ontwikkeld nieuw tak uitgevoerd namelijk implementatie vie coordineert national inventaris draagt zorg kennisuitwissel national international niveau rad gat advies rol vie opbouw national inventaris vind belang vie onafhank positie inneemt transparant werkwijz hanteert rad vie samenwerk zoek belangrijk instell immaterieel erfgoedterrein zodat landelijk implementatie verdrag succes uitvoer werkwijz vie zie toe inricht subsidieperiod immaterieel erfgoed verdrag kent drie lijst representativ list vitrin verdrag immaterieel erfgoed element diversiteit erfgoed wereld zichtbar mak list intangibl cultural heritag ned urgent safeguard bedoeld bedreigd immaterieel erfgoed waarvor dringend beschermingsmaatregel nodig lijst bevat element register best safeguard practices bevat programma activiteit best uitgangspunt doelstell verdrag weerspiegel register programma opgenom rad nuanceert waard representativ list ziet kans nominatie register best practices kennis safeguard voorbeeldfunctie vervull hierbij aanteken lidstat vak register nominer hog percentag voordracht unesco afgewez nem aanbevel nem overweg rad mee aandachtspunt nominatieprocedur mocht mogelijk dergelijk nominatie voordoen nominatieprocedur intergouvernementel comit besluit voordracht comit stelt hog eis betrok instemm betreff gemeenschap voordracht voordracht zichtbar immaterieel erfgoed wereld beschermingsmaatregel international nominer stel gemeenschapp central belangrijkst criteria verdrag breedst mogelijk participatie betreff gemeenschapp vrijwill voorafgaand geinformeerd toestemm nominatie gemeenschapp via aanvraagformulier vie lat wet erfgoed international will voordrag vie informeert gemeenschapp,Reparations and Remembrance|Modern & Everyday Racism,0.1179383950228937,"[0.0, 0.04856516537356386, 0.020650411981202575]","[False, True, True]","[False, True, True]",kamerbrief-over-het-unesco-verdrag-immaterieel-erfgoed.4.txt__0,"[0, 1, 1]"
p595288-bsg-feitelijke-vragen-buha-os-bijlage-1.42.txt,Policyarchive_text\kamerstukken\2015\p595288-bsg-feitelijke-vragen-buha-os-bijlage-1\p595288-bsg-feitelijke-vragen-buha-os-bijlage-1.42.txt,2015,p595288-bsg-feitelijke-vragen-buha-os-bijlage-1,0,totaallijst feitelijk vaststell begrotingsstat buitenland handel ontwikkelingssamenwerk plaatsgevond onderhandelingsrond gesprok gehel bandbreedt akkoord mandat ttip open gemaakt akkoord canada ceta afgerond open gemaakt juridisch revisie afrond fas wenselijk openbaarmak onderhandelingsmandat inmiddel meermal opgebracht waaronder handelspolitiek comit coreper commissaris malmstrom mercosur hoofdonderhandelar mercosur elkar ontmoet ambitie uitgesprok eind marktoegangsaanbied wissel hiermee zull onderhandel stilligg hervat mandat open gemaakt japan handelsakkoord japan inmiddel rondes laatst rond vond plat brussel mandat open gemaakt china vond zevend onderhandelingsrond plat investeringsakkoord china achtst rond vindt eind brussel plat mandat open gemaakt wijz afgelop aangenom motie kamerstuk aangan bilateral gesprek canada negatiev ecologisch social gevolg winning teerzandolie uitgevoerd wijz gat komend mee slag briev kamerstuk staatsecretaris mansveld kenbar gemaakt zorg kamer deelt canada overgebracht uiteraard hog agenda stan toekomst geleg bilateral verschill niveaus aangekaart voorwaard gebied mensenrecht milieu dierenwelzijn gesteld exportkredietverzeker via atradius zie schrijft kopj regisser invull gev beleidscoherentie buitenland handel ontwikkelingssamenwerk vooraf achteraf let effect ontwikkelingsland kunt aangev ant impact assessment effect ontwikkelingsland onderzocht economisch partnerschapsakkoord westelijk zuidelijk oostelijk afrika ttip monitor achteraf gestalt krijg economisch partnerschapsakkoord verschill impact assessment gedan mogelijk gevolg kaart breng sectoral niveau busines toerism visserij regional niveau oorsprongsregel overkoepel impactassessment gebied handel uitgevoerd preliminary trad sia epas epa daarnaast doorlop monitoringverplicht ingesteld waaronder vijfjar evaluaties mogelijk evaluaties bepaald voer inwerkingtred evaluatie aangevraagd,"Colonial Exploitation, Slavery & Economic Inequality|Reparations and Remembrance|Modern & Everyday Racism",0.0873333764609373,"[0.05438272623374081, 0.002799869291765717, 0.01646782649210372]","[True, True, True]","[True, True, True]",p595288-bsg-feitelijke-vragen-buha-os-bijlage-1.42.txt__0,"[1, 1, 1]"
9-financien.17.txt,Policyarchive_text\jaarverslagen\2015\9-financien\9-financien.17.txt,2015,9-financien,0,uitgekeerd mld stand mitteerd aandel uitstaand lening griekenland bilateral lening imf nvt griekenland efsf imf nvt ierland efsf efsm imf nvt bilateral lening nvt portugal efsf efsm imf nvt spanj esm nvt cyprus esm nvt imf nvt zie actuel stand uitgekeerd tranches websit europes websit imf websit efsf websit esm gerek wisselkoer ultimo garantie stat dnb garantie maximal miljard verstrekt garantie buffervermog dnb versterk vond stat dnb verstrekt garantie dnb miljoen crisisgerelateerd inkomst hoofd europes steunoperaties winst stat uitgekeerd ijsland nederlandsch bank faillissement landsbanki bedrag uitgekeerd miljard houder hiervan nam bank miljoen reken stat miljard rester vorder verkocht voorziet opbrengst stat circa miljoen verkop hoofdsom bestat bedrag balan opgebouwd rent miljoen twed kamer vergaderjar beleidsverslag,"Colonial Exploitation, Slavery & Economic Inequality",0.0907114735222145,"[0.04142599172804294, 0.000999900576208668, 0.0]","[True, False, False]","[True, False, False]",9-financien.17.txt__0,"[1, 0, 0]"
kabinetsreactie-op-rapport-mensenrechten-in-nederland-2014.18.txt,Policyarchive_text\kamerstukken\2015\kabinetsreactie-op-rapport-mensenrechten-in-nederland-2014\kabinetsreactie-op-rapport-mensenrechten-in-nederland-2014.18.txt,2015,kabinetsreactie-op-rapport-mensenrechten-in-nederland-2014,0,wanner client meldt gemeent ondersteuningsbehoeft gemeent zorgvuld uitvoer behoeft persoonskenmerk betreff client daarna achtereenvolgen onderzocht mogelijk zelfredzam verbeter maatschapp participer voorzien adequat vorm won opvang inzet eig kracht inzet gebruik hulp social netwerk betrok inzet mantelzorg inzet algemen voorzien maatschapp nuttig activiteit wanner client vervolgen besliss gemeent daarteg bezwar beroep gan wmo uitdruk eis nem ten behoev bied voorzien eerbied iemand person kenmerk behoeft rechtsbescherm betreff person tegemoet gekom eis hieromtrent gesteld diver mensenrechtenverdrag vergrot bewustword schol verplicht wet passend breng oordel geschillencommissie passend colleg aandacht schol lat leerling beperk chronisch ziekt vak toe basis vooroordel mogelijk opleid volg kans arbeidsmarkt discriminer voorlicht verplicht grond nodig evenal train professional omgan mens beperk recent langer termijn intak help geld zorg beslisser toelat student goed hoogt recht plicht opdat bestaand stereotyper vooroordel kan krijg zwanger vrouw jong moeder lop som studievertrag wanner opleid uitzonder toestat maximal studiedur discriminatie grond geslacht kabinet verheugd waarder colleg recht men nem jonger kwetsbar positie richt inderdad jonger entreeopleid niveau mbo klopt jonger niveau beperk kwetsbar positie bevind jonger zomar geweigerd grond beperk passend oploss bied jonger kabinet ondersteunt aanbevel crm betrokken kennis handicap chronisch ziektes mogelijk aanpass recht plicht kenn wet passend daarom verleent kabinet komend subsidie implementatie passend mbo verder faciliter organiseert kader verschill kennisdelingsbijeenkomst waarbij aandacht recht plicht jonger ondersteuningsbehoeft organiseert professionaliseringsactiviteit gericht kennis docent ondersteuner handicap beperk vergrot,Reparations and Remembrance|Modern & Everyday Racism,0.1001252348643517,"[0.0011584550932052925, 0.007721050573887912, 0.041498671201702204]","[False, True, True]","[False, True, True]",kabinetsreactie-op-rapport-mensenrechten-in-nederland-2014.18.txt__0,"[0, 1, 1]"
staat-van-de-ether-2014.2.txt,Policyarchive_text\jaarverslagen\2015\staat-van-de-ether-2014\staat-van-de-ether-2014.2.txt,2015,staat-van-de-ether-2014,0,stat ether,,0.1,"[0.05117181404255302, 0.0, 0.0]","[False, False, False]","[False, False, False]",staat-van-de-ether-2014.2.txt__0,"[0, 0, 0]"
9-financien.73.txt,Policyarchive_text\jaarverslagen\2015\9-financien\9-financien.73.txt,2015,9-financien,0,instrument verplicht meerjarenverplicht iabf verkop iabf portefeuill eind begin omvang rentevergoed fee uitgav iabf lager initieel geraamd hierdor mutatie plichting ing evenen lager geraamd garantie counter indemnity openstaand garantieverplicht abn amro beeindigd per garantie sns propertiz stat garandeert propertiz aangetrok schuld maximal omvang garantie inclusief verschuldigd rent miljard maximal omvang per jaareind miljoen afgenom miljard uitgav nlfi begrot nlfi bijgesteld sns reaal property financ nlfi overgedrag verwacht verkooptraject waaran advieskost verbond kost grootst financiel instell doorbelast hierdor verwacht stat betal bedrag per saldo gelijk funding fee management fee fes lager geraamd gevolg verkop portefeuill eind opbrengst verkop lening ing volled afgelost ontvangst divid staatsdeelnem meevaller divid hoger verwacht uitker tennet ucn gasunie schiphol daarnaast portefeuilleniveau reken gehoud risico verschill staatsdeelnem risico voorgedan waardor dividendontvangst hoger geraamd winstafdracht dnb winstafdracht dnb dnb boekjar lager geraamd leidt bijstell winst valt lager opbrengst crisismaatregel lager vermogenswinst afdracht staatsloterij omzet sen stan enig tijd druk hierdor afdracht stat lager opbrengst verkop vermogenstitel belang stat altmaa aangewez luchtvaartterrein airport afgewikkeld daarnaast afwikkel twinning holding voltooid altmaa twed kamer vergaderjar beleidsartikel,"Colonial Exploitation, Slavery & Economic Inequality|Reparations and Remembrance|Modern & Everyday Racism",0.0889000889001333,"[0.04600545022181462, 0.0, 0.0045321294723088155]","[True, True, True]","[True, True, True]",9-financien.73.txt__0,"[1, 1, 1]"
p595288-bsg-feitelijke-vragen-buha-os-bijlage-1.57.txt,Policyarchive_text\kamerstukken\2015\p595288-bsg-feitelijke-vragen-buha-os-bijlage-1\p595288-bsg-feitelijke-vragen-buha-os-bijlage-1.57.txt,2015,p595288-bsg-feitelijke-vragen-buha-os-bijlage-1,0,totaallijst feitelijk vaststell begrotingsstat buitenland handel ontwikkelingssamenwerk global citiz earth day festival aangekondigd uitvoer rijksbred strategie noordpol zuidpoolgebied relevant maatschapp organisaties geconsulteerd igg splinter concepttekst strategie momentel ontwikkeld besprok kennisinstell ngo bedrijfslev levert concret terugdr ontboss duurzam landschapsbeher daarvan verwacht wijz gemonitord drie specifiek landschapsprogramma gestart initiatief duurzam handel idh uitgevoerd initiativ sustainabl landscapes isla zes productiegebied geselecteerd war ontboss nauw samenhangt verder uitbreid handelsketen palmolie soja rundvles koffie cacao bloem thee international union conservation natur iucn uitgevoerd sustain afrika programma bijdraagt versterk boss ecosystem twee economisch groei corridor afrika regional landschapsprogramma bijdraagt verminder ontboss herstel beboss zes landschapp hoorn afrika strategisch partnerschapp kader samensprak tegensprak start gan specifiek problematiek gan richt lid tropical forest allianc ondersteunt via diplomatie inbreng ervar basis hierbov genoemd programma strev bedrijv producentenland stopp ontboss gerelateerd soja palm olie rundvles papier pulp programma elkar gemen richt integral aanpak bosbeher water landbouw rondom belangrijk voortbouw basis verduurzam handelsketen dergelijk integral aanpak realiser eerst stap programma gericht versterk lokal samenwerk bedrijfslev maatschapp organisaties verwacht verbeterd praktijk bedrijv verbeterd bestur verbeterd duurzam lokal niveau ieder programma monitor evaluatie programma basis waarvan jaarlijk monitor plaatsvindt daarnaast war mogelijk ambassades ter plek ingeschakeld monitor beoordel voortgang kunt aangev coherentie voedselzeker buitenland handel ontwikkelingssamenwerk economisch zak vormgegev beid ministeries operer gebied voedselzeker vanuit gezamen beleidskader zie kamerbrief inzet wereldwijd voedselzeker,"Colonial Exploitation, Slavery & Economic Inequality|Reparations and Remembrance|Modern & Everyday Racism",0.127656947700845,"[0.04816764342302029, 0.004303580211339423, 0.024940989720865843]","[True, True, True]","[True, True, True]",p595288-bsg-feitelijke-vragen-buha-os-bijlage-1.57.txt__0,"[1, 1, 1]"
cbs-jaarverslag-2014.21.txt,Policyarchive_text\jaarverslagen\2015\cbs-jaarverslag-2014\cbs-jaarverslag-2014.21.txt,2015,cbs-jaarverslag-2014,0,cbs jaarverslag stijg ten opzicht vorig cbs veroorzaakt lastendruk bekend lastendruk bedraagt miljoen daarmee even hog net eerder daling stijging lastendruk verschill statistiek elkar evenwicht gehoud nieuw vragenlijst goederenwegvervoer productie genom nieuw vragenlijst gebruikersvriendelijker sluit beter responsmog transportondernemer waardor invultijd afgenom steekproef verkleind respon toegenom geresulteerd daling feitelijk lastendruk enquêt vragenlijst nauw samenwerk eig vervoerder evo transport logistiek tln transportondernemer ontwikkeld daarnaast kwartaalenquêt bedrijventell starter vervall inzet administratiev bronn tegenover stat total bedrijv gegroeid bijzonder zzp ers tempert verlag total administratiev lastendruk geleid aantrek international handel bedrijv handelsvolum waarneemdrempel statistiek international handel goeder intrastat gegroeid daalt opgaveplicht bedrijv wer vanweg verhog waarneemdrempel per zowel import export gevolg verlag vereist dekkingsgrad eurostat omvang lastendrukeffect jaarverslag gerapporteerd war uitvrag nodig vind toenem mat digital plat schriftelijk waarnem statistiek financien grot ondernem vervang digital waarnem overgang digital waarnem producentenprijsindex dienstenprijsindex vindt begin plat reductiedoelstell waaran cbs gecommitteerd huidig kabinetsperiod geleid nam statistiek international handel goeder bovengenoemd verhog waarneemdrempel international handel cbs opzet enquêt vernieuwd bedrijv aanlever data vanaf mak gebruikersvriend onlin applicatie idep intrastat data entry packag daarnaast middelgrot importeur exporteur vanaf maandelijk opgaveverplicht intrastat vervang jaarlijk opgav omvang lastendrukeffect jaarverslag gerapporteerd cbs maakt beter informatie beschik cbs eerst overheidsafnemer aangeslot basisregistratie nieuw handelsregister verder websit ontslot eigenar loonaangifteket cbs belastingdienst uwv loonaangifteket een grootst informatieketen ket een ker opgevraagd verschill afnemer beschik gesteld waaronder cbs hierdor bespar bedrijv administratiev last uitvoeringskost cbs spant manier meewerk gemak mogelijk mak voorbeeld hiervan genoemd ontwikkel referentie grootboekschema rgs gecombineerd programma standard busines report sbr ondernem toekomst hiermee extern intern rapportageverplicht voldoen lastig vertaalslag financiel administratie,"Colonial Exploitation, Slavery & Economic Inequality|Reparations and Remembrance|Modern & Everyday Racism",0.0648381068469961,"[0.057353610892069876, 0.004969009671629223, 0.005747814987967793]","[True, True, True]","[True, True, True]",cbs-jaarverslag-2014.21.txt__0,"[1, 1, 1]"
16-volksgezondheid-welzijn-en-sport.92.txt,Policyarchive_text\jaarverslagen\2015\16-volksgezondheid-welzijn-en-sport\16-volksgezondheid-welzijn-en-sport.92.txt,2015,16-volksgezondheid-welzijn-en-sport,0,budgettair gevolg begrotingsuitgav bedrag realisatie realisatie realisatie kelijk steld begrot verschil verplicht uitgav dienstverlen nemer oorlogsgetroffen woii herinner woii subsidies waarvan national comit national herinneringscentra dienstverlen bekost opdracht bijdrag zbo bijdrag begrotingshoofdstuk pensioen uitker nemer oorlogsgetroffen woii inkomensoverdracht waarvan wet uitker vervolgingsslachttoffer wuv wet uitker burger oorlogsgetroffen wubo wet buitengewon pensien via stichting wbp bijdrag zbo social verzekeringsbank uitkeringsrad stichting administratie indonesisch pensioen ontvangst instrument dienstverlen verzetsdeelnemer getroffen woii herinner woii vws zorgt infrastructur levend houd herinner woii mogelijk maakt invull gev central positie infrastructur essentieel national comit regie voert gebied zowel herdenk herinner samenwerk organisaties gebied stimuleert national comit verkenningsbijeenkomst open twed kamer vergaderjar xvi,Reparations and Remembrance|Modern & Everyday Racism,0.0889297291799887,"[0.006768383881521168, 0.044402803924662795, 0.006467313918433479]","[False, True, True]","[False, True, True]",16-volksgezondheid-welzijn-en-sport.92.txt__0,"[0, 1, 1]"
antwoorden-op-kamervragen-over-begroting-ocw-2016.82.txt,Policyarchive_text\kamerstukken\2015\antwoorden-op-kamervragen-over-begroting-ocw-2016\antwoorden-op-kamervragen-over-begroting-ocw-2016.82.txt,2015,antwoorden-op-kamervragen-over-begroting-ocw-2016,0,vanaf geld gereserveerd europes culturel hoofdstad gedekt cultuurbegrot miljoen beschik europes culturel hoofdstad verdeeld bedrag gedekt middel cultuurbegrot via kasschuif begrotingsjar overgeboekt verdiepingshoofdstuk opgenom kasschuif gemeld cultur kopj nieuw mutaties vanuit miljoen ten behoev europes culturel hoofdstad verschov buitenland zak levert middel cultuurbegrot miljoen hoevel euro betaalt jaarlijk eurimages succesvol binnenhal financier programma aantall geselecteerd toegek euro per afgelop betaald ocw via nederland filmfond ongever miljoen eurimages coproductiefond rad europa eurimages kreg zes coproducties miljoen realiseringssteun toegek betrof speelfilm samenwerk producent belgie denemark frankrijk noorweg servie zwed red onafhank reporter without border consequent land grootst mediavrij ter wereld rangschikt world pres freedom index reporter without border jaarlijk publiceert met mat vrijheid informatie wereld index scoort prestaties land verschill criteria waaronder media pluralism onafhank respect vrijheid journalist wetgev instituties infrastructur,Reparations and Remembrance|Modern & Everyday Racism,0.0702781928498727,"[0.01747704480649013, 0.006231028033865813, 0.06961001161673268]","[False, True, True]","[False, True, True]",antwoorden-op-kamervragen-over-begroting-ocw-2016.82.txt__0,"[0, 1, 1]"
cbs-jaarverslag-2014.11.txt,Policyarchive_text\jaarverslagen\2015\cbs-jaarverslag-2014\cbs-jaarverslag-2014.11.txt,2015,cbs-jaarverslag-2014,0,cbs jaarverslag cbs rvo verantwoord realisatiecijfer cijfer cbs nieuw uitgevoerd werkgeleg activiteit ecn pbl beid verantwoord toekomstverkenn verschen achtst editie emancipatiemonitor tweejar monitor brengt positie vrouw mann diver terrein kaart arbeid inkom combinatie arbeid zorg topfuncties gezond verder emancipatie vergelek lidstat europes unie emancipatiemonitor gezamen publicatie cbs scp opdracht cultur wetenschap ocw pilotonderzoek opdracht brancheveren feda brancheveren gebied automatiseringstechniek onderzocht informatie brancheled gekoppeld omzet sociaal statistisch bestand ssb verwerkt publicabel enkel brancheorganisaties maatwerkonderzoek inmiddel uitgevoerd gepubliceerd opdracht infrastructur milieu bedrijfseconomisch aspect logistiek dienstverlen transportsector kaart gebracht effectiviteit topsectorenbeleid gebied transport logistiek monitor overeenkomst getek samenwerkingspartij specifiek tno social zak werkgeleg szw overeenkomst getek uitvoer national enquêt arbeidsomstand enquêt bedrijfsongevall zelfstand enquêt arbeid zea cbs ministeries volksgezond welzijn sport vws justitie veren gemeent vng overeenkomst getek waarin vastgelegd cbs vanaf beleidsinformatie jeugd rijk gemeent samenstelt beleidsinformatie jeugdhulpgebruik inzet jeugdbescherm jeugdreclasser kader nieuw jeugdwet belangrijk rijk gemeent cbs ontvangt vanaf periodiek landelijk vastgesteld set jeugdhulpaanbieder gecertificeerd instell scp contract getek uitvoer monitor sociaal domein monitor hand social domeinindex kabinet twed kamer vanaf informer ontwikkel situatie burger gevolg decentralisaties sociaal domein bzk opdrachtgever monitor rijkswaterstat samenwerkingsovereenkomst getek uitvoer verplaats nieuw europes verplicht cbs gestart voorbereid werkzam volgend europes verplicht voldoen cbs verplicht gezondheidsenquêt uitgevoerd leid enig extra aangepast vraagstell jaarlijk gezondheidsenquêt cbs nieuw europes verorden kracht betrek jaarlijk datalever regulier eurostat onderwijsdata ingang ingedeeld volgen nieuw international onderwijsclassificatie isced ten gevolg nieuw europes ten aanzien international,"Colonial Exploitation, Slavery & Economic Inequality|Reparations and Remembrance|Modern & Everyday Racism",0.0753410574956817,"[0.048941442047533465, 0.007717086204728398, 0.00768161351336338]","[True, True, True]","[True, True, True]",cbs-jaarverslag-2014.11.txt__0,"[1, 1, 1]"
jaarverslag-2014-inspectie-van-het-onderwijs.20.txt,Policyarchive_text\jaarverslagen\2015\jaarverslag-2014-inspectie-van-het-onderwijs\jaarverslag-2014-inspectie-van-het-onderwijs.20.txt,2015,jaarverslag-2014-inspectie-van-het-onderwijs,0,belangrijk ontwikkel will partij help goed behoud onderdel stimuler verbeter daarnaast gestart ontwikkel methodiek thematisch stelselrapport effect bereik gan hierbij actief zoek oplossingsricht schooloverstijg problem samenwerk houder toezichtslaboratoria georganiseerd hierbij oploss kaart gebracht hardnekk problem stelsel vorm dialog georganiseerd actief deelgenom discussies thema onz themaonderzoek onderwijsverslag bijzonder vorm vertrouwensinspecteur behandelt klacht seksueel misbruik seksuel intimidatie psychisch fysiek geweld discriminatie radicaliser context registreerd onz wensinspecteur ruim melding inclusief melding kinderopvang ten opzicht klacht ongever gelijk melding seksuel intimidatie seksueel misbruik zien verschuiv melding seksueel misbruik nam speciaal melding seksuel intimidatie beid geweldscategorieen fysiek psychisch zien stabilisatie licht daling ten opzicht registreerd melding psychisch geweld melding fysiek geweld opvall toenam melding fysiek geweld voortgezet meest melding kwam basisonderwijs tien basisschol dossier aangemaakt gevall gat pest leerling onderl situaties waarbij team schoolleid adequaat optred pest ontvang melding radicaliser discriminatie ging respectiev melding gestart uitbreid meldpunt vertrouwensinspecteur vang peuterspeelzal gastouder buitenschol opvang ongever honderd dossier aangemaakt opvall vier tien melding gan vermoed mishandel jong kind tak belast person pedagogisch werker neg melding gat vermoed seksueel misbruik vroegschol educatie vve grot sted kwaliteit vroegschol educatie vve opnieuw beeld gebracht resulteerd rapport gemeenteniveau lend tussenrapportag vve middelgrot klein gemeent eind begonn signaalgestuurd gemeent vragenlijst gestuurd basis respon risicoanalys gemaakt vervolgen gemeent war risico constateerd onderzocht gemeent constateerd mogelijk risico aanbod voorschol educatie resultaatafsprak gemeent brief gestuurd tweedelijn kinderopvang peuterspeelzal houd interbestur kwaliteit gemeent kinderopvang peuterspeelzal opdracht social zak werkgeleg szw gemeent gezondheidsdienst ggd voer opdracht gemeent kinderopvanglocaties gastouder gastouderbureaus peuterspeelzal wanner,Reparations and Remembrance|Modern & Everyday Racism,0.1352246807565626,"[0.007522826418717488, 0.004001180068915949, 0.05364271676144739]","[False, True, True]","[False, True, True]",jaarverslag-2014-inspectie-van-het-onderwijs.20.txt__0,"[0, 1, 1]"
bijlage-1-nota-naar-aanleiding-van-het-verslag-omgevingswet.342.txt,Policyarchive_text\beleidsnotas\2015\bijlage-1-nota-naar-aanleiding-van-het-verslag-omgevingswet\bijlage-1-nota-naar-aanleiding-van-het-verslag-omgevingswet.342.txt,2015,bijlage-1-nota-naar-aanleiding-van-het-verslag-omgevingswet,0,nummer partij wijz vindt voorzorgprincip plek wetgev led benieuwd wijz duurzam gat betekenis zowel langdur hernieuw zorg gedrag verschill begripp sted dezelfd wijz wet gehanteerd gan zodat interpretatieverschill achterweg doorzettingsmacht rijk provincies hernieuw energie woord algemen belang geding rijk projectbesluit nem national belang algemen belang geding chw wro ander geformuleerd voorgenom omgevingswet wijz structuurvisies amvb omgezet nieuw wet gebiedsdek generiek structuurvisies geintegreerd rijksomgevingsvisie gebeurt een een geinterpreteerd wijz huidig gemaakt afsprak structuurvisies wind zee wind land buisleid bodemenergiesystem recent aanpass bouwbesluit gebied duurzam energie juridisch ongewijzigd verankerd omgevingswet wijz voorkom gemeent vergunningverlen ongelijk ontstat vergunn vergunn criteria gebied integral uitvoer energieakkoord hernieuw energie langjar ingepland krijgt voorrang fossiel traditionel vindt plek wet led hoevel geleverd stuk rond stand zak rond bestur boet kwijt led begrep oplegg dergelijk boet beperkt mogelijk gemaakt omgevingsrecht led ervar echter onduid alinea stelt boetes voll breedt wet mogelijk boet mogelijk maakt nadel bestur boet toegepast bouwrecht indien bestur boet opgelegd bevoegd bestuursorgan bewaakt sprak eenduid landelijk wetgev wetgever consistent uitleg nieuw integral wetgev pretender terwijl del terug gegrep oud wetgev led ontvang grag informatie opgesomd bat last structurel lastenreductie bedrijv gekom per burger waarom geconcludeerd omgevingswet structurel lastenreductie leid gemeent gekom war komt bedrag provincies waterschapp vandan extra leges bedrijv milieucomponent omgevingsvergunn structurel led vereenvoud omgevingsrecht reductie plankost waaronder regeldruk jaarbasis burger bedrijv over plankost opgebouwd war komt bedrag vandan war komt stelling vandan omgevingswet algemen direct effect sociaaleconomisch aspect led benieuwd welk moment inzicht verkreg consequenties rijksbegrot kost betrok organisaties gemaakt led ontvang daarnaast grag inhoud kost rond led vor behandel integral omgevingswet apart brief ontvang specifiek stand zak inzak ict betrek omgevingswet grag ontvang led,"Colonial Exploitation, Slavery & Economic Inequality|Reparations and Remembrance|Modern & Everyday Racism",0.095833505211187,"[0.013433149506603879, 0.0068619667565867105, 0.04090680322164429]","[True, True, True]","[True, True, True]",bijlage-1-nota-naar-aanleiding-van-het-verslag-omgevingswet.342.txt__0,"[1, 1, 1]"
8-onderwijs-cultuur-en-wetenschap.102.txt,Policyarchive_text\jaarverslagen\2015\8-onderwijs-cultuur-en-wetenschap\8-onderwijs-cultuur-en-wetenschap.102.txt,2015,8-onderwijs-cultuur-en-wetenschap,0,miljoen miljoen verlaagd verband aangepast plafond financiel middel daarnaast miljoen overgeheveld provinciefond bestemd gemeent provincies uitgevoerd programma ondernemerschap programma ondernemerschap cultur versterk ondernemerschap culturel sector programma bestat vier onderdel leiderschapsprogramma cultur zomer gestart communicatiestrategie cultur gef gelanceerd geeindigd coachingstraject eind begonn laatst ondersteun individuel maker opbouw praktijk branch betrok ondersteun ondernemerschap budget programma ondernemerschap miljoen doorgeschov instrument opdracht middel bested programma leiderschap cultur wijz werv geefcampagn specifiek cultuurbeleid actieagenda architectur ruimtelijk ontwerp interdepartemental werkprogramma middel architectur ruimtelijk ontwerp positie ontwerp ontwerper versterk post vall teven budget adviescommissie restitutieverzoek cultuurgoeder twed wereldoorlog subsidie ten behoev jheronimus boschjar budget specifiek cultuurbeleid verlaagd miljoen hierin intertemporel compensatie miljoen opgenom overdracht collectie konink institut trop daarnaast verlag verband overboek miljoen digital collectie national archief tenslot verhog plaatsgevond bedrag miljoen regel talentontwikkel regel transitiekost culturel basisinfrastructur budget bedrag miljoen verlaagd verband overboek uitgav specifiek cultuurbeleid regel talentontwikkel opdracht beleidsonderzoek evaluaties kennisbasis budget bested opdracht bestan inhur bureaus beleidsonderzoek evaluaties versterk kennisbasis cultuursector budget verhoogd miljoen vanweg mutaties financiel instrument aangan opdracht culturel ondernemerschap financieringsmix anbi geefcampagn aanvank subsidies geraamd bested overgeheveld instrument twed kamer vergaderjar viii beleidsartikel,Reparations and Remembrance|Modern & Everyday Racism,0.0584150860213482,"[0.005259657352179156, 0.009063671289583197, 0.041465122631449025]","[False, True, True]","[False, True, True]",8-onderwijs-cultuur-en-wetenschap.102.txt__0,"[0, 1, 1]"
nota-naar-aanleiding-van-het-verslag-rond-erfgoedwet.1.txt,Policyarchive_text\kamerstukken\2015\nota-naar-aanleiding-van-het-verslag-rond-erfgoedwet\nota-naar-aanleiding-van-het-verslag-rond-erfgoedwet.1.txt,2015,nota-naar-aanleiding-van-het-verslag-rond-erfgoedwet,0,twed kamer vergaderjar bundel aanpass regel terrein culturel erfgoed erfgoedwet xxx nota aanleid ontvang reger dankt vast cultur wetenschap schriftelijk inbreng wetsvoorstel erfgoedwet goed nota genom voorbehoud gesteld gemaakt opmerk voldoend zull beantwoord open behandel wetsvoorstel genoegzam voorbereid acht onderstaand beantwoord indel gevolgd algemen grot interes reger kennis genom opmerk led diver fracties wetsvoorstel erfgoedwet reger dankt fracties betrok bescherm culturel erfgoed zorg daarvor zorg culturel erfgoed raakt allemal rijk culturel erfgoed culturel erfgoed overal onz samenlev aanwez onz musea onz historisch binnensted platteland bodem immaterieel erfgoed onz tradities rituel verhal culturel erfgoed bron verhal geschiedenis maakt verled zichtbar biedt ankerpunt heden begrijp toekomst denk inspiratiebron vernieuw vormgev ruimtelijk ontwikkel belangrijk economisch waard zorg culturel erfgoed toekomst generaties behoud zorgvuld mee omgan voorwaard regel omgang erfgoed eenduid helder war verantwoord daarop geregeld wetsvoorstel schept reger algemen kader bescherm bred spectrum culturel erfgoed eerst een overkoepel wet erfgoed erfgoedwet bestaand regelgev geharmoniseerd overbod regel geschrapt,"Colonial Exploitation, Slavery & Economic Inequality|Reparations and Remembrance|Modern & Everyday Racism",0.1134563370884672,"[0.008622498157383298, 0.0858394669605968, 0.11182279376305053]","[True, True, True]","[True, True, True]",nota-naar-aanleiding-van-het-verslag-rond-erfgoedwet.1.txt__0,"[1, 1, 1]"
p595288-bsg-feitelijke-vragen-buha-os-bijlage-1.26.txt,Policyarchive_text\kamerstukken\2015\p595288-bsg-feitelijke-vragen-buha-os-bijlage-1\p595288-bsg-feitelijke-vragen-buha-os-bijlage-1.26.txt,2015,p595288-bsg-feitelijke-vragen-buha-os-bijlage-1,0,totaallijst feitelijk vaststell begrotingsstat buitenland handel ontwikkelingssamenwerk per verleng geeft ontheff farmaceutisch product ondernem actie gelijkgezind lidstat bepleit steun geeft verleng mol waiver onbeperkt tijd tussentijd indicator verleng ontheff trip rad gesteund med dankzij inzet beleidscoherentie ontwikkel bewak opgericht werkt intensief ministeries beter interdepartemental waarvan coordinatie buitenland zak ligt waarom keuz gemaakt beleidscoherentie ontwikkel vereng handel belast duurzam keten schriftelijk voorbereid begrotingsbehandel gaf reger oeso werkt monitoringsmechanism beleidscoherentie gebied voedselzeker illegal financiel strom groen groei bezien hoeverr mechanism toepas stand zak hanteert pragmatisch aanpak waarbij specifiek coherentie dossier intensief samenwerkt ministeries belastingontwijk nauw samengewerkt financien rond toegang betal medicijn economisch zak volksgezond welzijn sport bezien toegang bevorderd relatie afsprak patentbescherm intellectual property ervar leert manier effectief coherentie gewerkt onnod bureaucratisch structur handel belast duurzam keten prioriteit beleidscoherentie incoherent sted grot barrièr ontwikkel vormt belang gunstig handelsvoorwaard blijkt succes everyth arm initiativ volgen recent leid export mol echter beperkt drie coherentie eerder aangegev werkt migratie ontwikkel klimaatverander patent toegang betal medicijn relatie oeso ontwikkelt modules coherent thema groen groei illegal financiel strom voedselzeker beleidscoherentie duurzam ontwikkel modul geeft beleidsthema nuttig vragenlijst inzicht krijg coherentieaspect thema coherenter mak georganiseerd opinie rond dossier dergelijk aanpak stell coherentiedoel ondernem acties beschrev gat duurzam ontwikkelingsdoel veranker aankom voorzitterschap aannam global goal verschuift focus uitvoer kabinet vindt lidstat leidend rol vervull uitvoer global goal europes verricht momentel europes inzicht mak war aanpass nodig global goal realiser implementatie global goal intern extern dimensie kenn net geldt hecht eran implementatie daadkracht oppakt kader grag zien europes,"Colonial Exploitation, Slavery & Economic Inequality|Reparations and Remembrance|Modern & Everyday Racism",0.0862662185627507,"[0.04362170329509972, 0.0028109789785417593, 0.02064857378682869]","[True, True, True]","[True, True, True]",p595288-bsg-feitelijke-vragen-buha-os-bijlage-1.26.txt__0,"[1, 1, 1]"
kamerbrief-over-het-unesco-verdrag-immaterieel-erfgoed.2.txt,Policyarchive_text\kamerstukken\2015\kamerbrief-over-het-unesco-verdrag-immaterieel-erfgoed\kamerbrief-over-het-unesco-verdrag-immaterieel-erfgoed.2.txt,2015,kamerbrief-over-het-unesco-verdrag-immaterieel-erfgoed,0,onz referentie immaterieel erfgoed geeft som aanleid maatschapp discussie sinterklaasfeest rol zwart piet rad constateert immaterieel erfgoed per definitie onschuld net national unesco mening verdrag platform biedt dialog gevoel culturel kwesties vind belangrijk maatschapp dialog omgang tradities respectvoll wijz voer stel vast unesco definitie immaterieel erfgoed expliciet opgenom immaterieel erfgoed aanmerk komt overeenstemm international mensenrechteninstrument international nominer een mogelijk waarop doelstell verdrag implementer werk national inventariss capaciteitsopbouw wereld waardevoll manier dialog voer kennis verspreid safeguard immaterieel erfgoed verdrag relatief jong biedt ruimt uitwissel afstemm verdragsland interpretatie uitwerk gezamen leerproces lever beleidsreactie international rad cultur gevraagd advies gev algemen thema selectiekader funger international voordracht rad positief ratificatie verdrag koninkrijk inzet koninkrijk financieel ondersteun implementatie verdrag juicht rad toe rad adviseert vijf categorieen selectiekader gebruik voordracht beeld geluid inclusief tal overdrachtsmiddel eten drink rituel gebruik ambacht techniek feest spel nem vijf categorieen rad selectiekader categorieen kom overen immaterieel erfgoed domein verdrag genoemd categorieen gev voldoend bred kader waardor ruimt vorm erfgoed erfgoedgemeenschapp plan international expert elk categorie immaterieel erfgoed kandidat selecter nominatie daarnaast adviseert rad kiez twee aanvull criteria generiek fenomen gezamen voordracht generiek fenomen bedoelt rad gelijksoort immaterieel erfgoed een fenomen voorgedrag voorbeeld noemt rad bloemencorso gildecultur twed punt gezamen voordracht betekent inzet multinational dossier prioriteit unesco hoewel beid criteria belangrijk suggesties merk generiek fenomen manier nominer complex vooral eis,Reparations and Remembrance|Modern & Everyday Racism,0.1202702982845161,"[0.003078263689874976, 0.04429663840515354, 0.01661443569747402]","[False, True, True]","[False, True, True]",kamerbrief-over-het-unesco-verdrag-immaterieel-erfgoed.2.txt__0,"[0, 1, 1]"
8-onderwijs-cultuur-en-wetenschap.177.txt,Policyarchive_text\jaarverslagen\2015\8-onderwijs-cultuur-en-wetenschap\8-onderwijs-cultuur-en-wetenschap.177.txt,2015,8-onderwijs-cultuur-en-wetenschap,0,artikelnummer emancipatie afrond post doeltreff doelmat beleidsdoorlicht beleidsdoorlicht emancipatie beleidsdoorlicht emancipatie ander doeltreff doelmat evaluatie pilot social lhbt ander klas evaluatie hulpverlen levensbeschouw etnisch lhbt ers evaluatie evaluatieonderzoek eig kracht evaluatie gsa gewicht schal doeltreff doelmat mkba ander doeltreff doelmat over kwaliteit economisch zelfstand intern emancipatiemonitor emancipatiemonitor vooronderzoek intersek person lev dieptestudie lhbt wijk homoseksualiteit etnisch welijk gemeenschapp homoseksualiteit etnisch levensbeschouw groep evaluatie hulpverlen levensbeschouw etnisch lhbt ers evaluatieonderzoek eig kracht tijd nodig evaluatie rond hiervor hen toestemm verleend twed kamer vergaderjar viii,Modern & Everyday Racism,0.052615221960198,"[0.023759382525758287, 0.0007854940894325883, 0.054247767883028535]","[False, False, True]","[False, False, True]",8-onderwijs-cultuur-en-wetenschap.177.txt__0,"[0, 0, 1]"
beantwoording-kamervragen-begroting-szw-2016.103.txt,Policyarchive_text\kamerstukken\2015\beantwoording-kamervragen-begroting-szw-2016\beantwoording-kamervragen-begroting-szw-2016.103.txt,2015,beantwoording-kamervragen-begroting-szw-2016,0,datum onz referentie meerjarenprogramma zie twed kamer rijksbred verschill geformuleerd ter bestrijd armoed besliss concret aanwend middel genom lop voorzien reger aangev war begrot gebundeld budget integral stat aangehaald brief budget integral loopt beginsel via begrot bzk aanvull jaarlijk bedrag beschik vanuit ontvang middel boedelscheid voormal svb antill bedrag opgenom begrot onderstand reintegratie hoevel hoevel daarvan bied mogelijk intersectoral scholing szw onderzoekt financiel positie algemen verbind verklaard basis beschik kader laatst boekjar nagegan aandacht intersectoral mobiliteit blijkt algemen verbind verklaard expliciet geval brief stichting arbeid ingat mogelijk intersectoral scholing blijkt intersectoral samenwerk beperkt mat plaatsvindt sector bezig scholing middel individueel scholingsbudget gestimuleerd sommig sector hiermee ervar opgedan stichting concludeert nagedacht beter inspel verander ontwikkel arbeidsmarkt daarbij faciliter werknemer flexibel contract zzp ers bovendien concludeert stichting afsluit sociaal akkoord hiertoe stapp voorwaart gemaakt belang vervolg krijg social partner bereid than concret afsprak extra stapp gezet factor uitgav bijstand hoger lager later uitgav bijstand lager later verondersteld bedoeld waarom uitgav bijstand lager later hangt voorgenom invoer wetswijz betreft nam invoer participatiewet verschuiv bijstandsuitgav betekent wetsvoorstel vrijlat lijfrenteopbouw inkomst arbeid bevorder vrijwill voortzet pensioenopbouw tegenover beleidsmat mutaties stat weliswar neerwaart effect dalend trend werklos kleiner omvang kamerstuk,"Colonial Exploitation, Slavery & Economic Inequality|Reparations and Remembrance|Modern & Everyday Racism",0.0688846720193664,"[0.041978346165317655, 0.002607774049220362, 0.014083908634869236]","[True, True, True]","[True, True, True]",beantwoording-kamervragen-begroting-szw-2016.103.txt__0,"[1, 1, 1]"
antwoorden-op-kamervragen-over-begroting-ocw-2016.76.txt,Policyarchive_text\kamerstukken\2015\antwoorden-op-kamervragen-over-begroting-ocw-2016\antwoorden-op-kamervragen-over-begroting-ocw-2016.76.txt,2015,antwoorden-op-kamervragen-over-begroting-ocw-2016,0,buiteninvorderingstell ten opzicht totaalbedrag uitstaand vorder excl prestatiebeur hog percentag cultuurproducer instell culturel basisinfrastructur voldoet eig inkomstennorm minimal cijfer jaarverantwoord instell ingedi eig inkomstenpercentag momentel bekend hog percentag podiumkunstinstell filmfestival culturel basisinfrastructur voldoet eig inkomstennorm minimal cijfer jaarverantwoord instell ingedi eig inkomstenpercentag momentel bekend waarom begrot aangegev welk percentag culturel basisinfrastructuurinstell eigeninkomstennorm behaald begrot vooruit gekek hierin verwacht begrotingsjar streefwaard eind period opgenom realisatie eig inkomstenpercentag opgenom jaarverslag hoevel culturel basisinfrastructuurinstell zull basis criterium eig inkomstennorm aanmerk kom nieuw culturel basisinfrastructuurperiod eig inkomstenpercentag criterium toetred gemiddeld percentag eig inkomst period moment,Modern & Everyday Racism,0.0443532762572743,"[0.0032735812761955398, 0.0, 0.10041617985937192]","[False, False, True]","[False, False, True]",antwoorden-op-kamervragen-over-begroting-ocw-2016.76.txt__0,"[0, 0, 1]"
nota-naar-aanleiding-van-het-verslag-rond-erfgoedwet.82.txt,Policyarchive_text\kamerstukken\2015\nota-naar-aanleiding-van-het-verslag-rond-erfgoedwet\nota-naar-aanleiding-van-het-verslag-rond-erfgoedwet.82.txt,2015,nota-naar-aanleiding-van-het-verslag-rond-erfgoedwet,0,led stell voorkom mobiel erfgoed national belang verdwijnt buitenland hoeverr wet geborgd schep vliegtuig auto trein tram national betekenis behor erfgoed hoevel ruimt beperk geeft wet soort erfgoed mobiel lat wetsvoorstel geeft zeker ruimt aard erfgoed respecter voorbeeld omgegan beschermd draaiorgel regelmat verplaatst praktijk hoeft elk verplaats gemeld inspecteur erfgoedinspectie zolang dezelfd dag bekend plat terugker evenen vliegtuig auto tram geld verplaats buitenland gemeld mobiel erfgoed mobiel aangezien praktijk elk verplaats hoeft gemeld led merk betrek erfgoedbehoud mevrouw koolhov aandacht besteedt drietal mogelijk erfgoedbeher trust vruchtgebruik wettelijk verplicht behoud instandhoud erfgoed reger visie gev voorgesteld mogelijk erfgoedbehoud nieuw goeder reger ingan mogelijk erfgoedbeleid betrek varend erfgoed verzoek beschrijft commerciel instell kost berg object titanic beher object genom gemaakt kost terugverdi middel reizend tentoonstell publicaties hoewel zeker interessant constructie merkt reger titanic exceptionel scheepswrak wereldwijd grot bekend verklaart omhog hal beher object wrak commerciel belangstell bestat algemen zin scheepswrak water icoonwaard minder mat ofschon vanuit cultuurhistorisch wetenschapp oogpunt zeker interessant archeologiebeleid gericht archeologisch vindplaats waaronder scheepswrak voorkeur ter plat behoud gedacht hierachter bodemarchief eindig kwetsbar bron verled beschermd direct aanleid aanleg woonwijk windmolenpark overgegan opgrav archeologisch rest wetgev gekoz archeologisch verplicht koppel bestaand ruimtelijk ordeningssystematiek belang behoud archeologisch vindplat belang aanvrager daarbij elkar afgewog waarbij voorkeur uitgat behoud situ benader waarbij keuz opgrav gemaakt basis opgrav economisch rendabel bekost archeologisch evenal omring land uitgangspunt europes verdrag valletta malta geimplementeerd verdrag geregeld initiatiefnemer verstor,"Colonial Exploitation, Slavery & Economic Inequality|Reparations and Remembrance|Modern & Everyday Racism",0.0859726953621095,"[0.00960484697549004, 0.04086340787294116, 0.007516195214582427]","[True, True, True]","[True, True, True]",nota-naar-aanleiding-van-het-verslag-rond-erfgoedwet.82.txt__0,"[1, 1, 1]"
beantwoording-kamervragen-over-het-bericht-bijna-oorlog-met-venezuela.3.txt,Policyarchive_text\kamerstukken\2015\beantwoording-kamervragen-over-het-bericht-bijna-oorlog-met-venezuela\beantwoording-kamervragen-over-het-bericht-bijna-oorlog-met-venezuela.3.txt,2015,beantwoording-kamervragen-over-het-bericht-bijna-oorlog-met-venezuela,0,buitenland zak onz referentie sprak inbreuk international recht juridisch gedan immuniteit betrok basis daarvan buitenland zak geconcludeerd her carvajal barrios immuniteit genot grond verdrag wen inzak consulair betrek reger aruban autoriteit gecommuniceerd daarnaast venezuela kenbar gemaakt her carvajal barrios persona non grata verklaard aruba her carvajal barrios vrijgelat grond immuniteit genot verenigd stat reger juridisch duiding gevraagd geaccepteerd verenigd stat ziet inmiddel med gezien groeiend international spanning bezuinigd defensie minimal toegewerkt afgesprok brief uitvoer staaij kabinet uitdruk gebracht versterk krijgsmacht berust meerjar perspectief strookt gemaakt afsprak intentie kabinet trendbreuk ten aanzien defensie komend war mogelijk nodig voort zet brief motie kabinet stapp uiteengezet afhank ontwikkel international veiligheidssituatie komend beschik financiel mogelijk ogen algemen dagblad aanhangsel handel vergaderjar,"Colonial Exploitation, Slavery & Economic Inequality|Modern & Everyday Racism",0.092636711317317,"[0.04526238597329728, 0.009540692835421302, 0.014335625115376003]","[True, False, True]","[True, False, True]",beantwoording-kamervragen-over-het-bericht-bijna-oorlog-met-venezuela.3.txt__0,"[1, 0, 1]"
17-buitenlandse-handel.10.txt,Policyarchive_text\jaarverslagen\2015\17-buitenlandse-handel\17-buitenlandse-handel.10.txt,2015,17-buitenlandse-handel,0,indel jaarverslag buitenland handel ontwikkelingssamenwerk toegelicht waarbij beperkt afwijk rijksbegrotingsvoorschrift beschrev begrot buitenland zak incidentel suppletoir begrot gesplitst departemental begrotingsstat buitenland zak begrotingsstat buitenland handel ontwikkelingssamenwerk xvii ingang begrotingsjar sprak separat begrotingswet beid eerst jaarverslag buitenland handel menwerk conform nieuw programmabegrot jaarverslag vormt princip spiegel memorie prinsjesdag kamer aangebod jaarverslag buitenland zak buitenland handel ontwikkelingssamenwerk nauw samenhang bezien inzet buitenlandbeleid komt uitdruk homog international samenwerk hgis bundel onderl samenhang geillustreerd werking afstemm betrok ministeries bevorderd buitenland betrek zak koninkrijk land europa aruba curaçao maart alsmed open licham gebied war jaarverslag spreekt nederland daarmee bedoeld koninkrijk land tenzij gat zak specifiek land betreff ontwikkelingssamenwerk beleidsverslag beleidsverslag begint beleidsprioriteit waarin ingegan prioriteit buitenland handel menwerk belangrijkst bereikt daarnaast opgenom daarin realisatie beleidsdoorlicht risicoregel vervolgen artikelsgewijs hoofdlijn gerapporteerd waarbij ingegan algemen doelstell rol verantwoord beleidsconclusies clusies per aangegev beleidswijz plaatsgevond uitvoer ging plaatsgevond gevolg afgerond evaluatieonderzoek waarbij nam ingegan lichting kwantitatiev kwalitatiev indicator war zinvol haalbar tekst beleidsartikel opgenom voortgang doelstell beleidsprogramma lat zien twed kamer vergaderjar xvii,"Colonial Exploitation, Slavery & Economic Inequality|Reparations and Remembrance|Modern & Everyday Racism",0.0832050294337843,"[0.0626848236432439, 0.010096276882602116, 0.02445736281403713]","[True, True, True]","[True, True, True]",17-buitenlandse-handel.10.txt__0,"[1, 1, 1]"
afschrift-brief-aan-sma-over-de-private-sector-op-saba.2.txt,Policyarchive_text\brieven\2015\afschrift-brief-aan-sma-over-de-private-sector-op-saba\afschrift-brief-aan-sma-over-de-private-sector-op-saba.2.txt,2015,afschrift-brief-aan-sma-over-de-private-sector-op-saba,0,datum kenmerk gespann relatie goed communicatielijn verschaff informatie vanzelfsprek grot belang proces doorbrek verantwoord hiervor ligt basis bestuurscolleg kijk rijk beteken hart bereid rijksvertegenwoordiger bemiddel wijz help communicatie gang breng concurrentie geeft prijs stell bescherm bestaand bedrijv kent vrij toegank markt wanner marktpartij will ondernem wanner geldend regelgev voldan bestuurscolleg verantwoord gebeur manier administratiev last kost ieder mogelijk beperkt opwerp drempel nieuw bedrijv strookt uitgangspunt regel elkar afgesprok iederen gelijk wijz toegepast signal bekend system handel bestuurscolleg selectiev leidt fiscal stelsel leges arbeid loondienst fiscal stelsel zorgvuld vormgegev goed overleg toenmal eilandbestuurder stand gekom bovendien introductie stelsel diver mal overleg plaatsgevond vel belanghebb overlegg overleg instemm eilandbestuurder diver aanpass fiscal stelsel geleid enkel aanpass had tijdelijk karakter tijdelijk extra verlaagd tarief vastgoedbelast aanpass had structurel karakter tariefverlag vastgoedbelast aanvank vastgesteld effectiev jaarlijk druk waard onroer zak per structurel vastgesteld hotel over onroer zak structurel investeringsfaciliteit ingevoerd waardestijg invester onroer zak period vrijstelt vastgoedbelast betreft kantteken merk uiteraard helder situatie sterk verschilt situatie europes echter overeenkomst een overeenkomst regelgev goed manier uitgevoerd toegepast zodat iederen aanmerk komt bepaald regel tegemoetkom daadwerk mak hoort handhav control plicht elk partij recht kader belastingdienst inmiddel enkel controles uitgevoerd voornam groter belastingplicht controles primair gericht belastingplicht volgen regel fiscal verplicht had voldan had ten eventuel onduid uitvoer toepass fiscal regelgev praktijk spor kom med aanleid daarvan recent voorlichtingsbijeenkomst plaatsgevond waarbij belastingadviseur informatie fiscal stelsel leges arbeid loondienst gesteg,"Colonial Exploitation, Slavery & Economic Inequality|Modern & Everyday Racism",0.082734030399203,"[0.048893087652173206, 0.0010500085735239554, 0.03414715650232293]","[True, False, True]","[True, False, True]",afschrift-brief-aan-sma-over-de-private-sector-op-saba.2.txt__0,"[1, 0, 1]"
17-buitenlandse-handel.2.txt,Policyarchive_text\jaarverslagen\2015\17-buitenlandse-handel\17-buitenlandse-handel.2.txt,2015,17-buitenlandse-handel,0,twed kamer vergaderjar xvii jaarverslag slotwet buitenland handel ontwikkelingssamenwerk jaarverslag buitenland handel lingssamenwerk xvii aangebod issn twed kamer vergaderjar xvii,,0.0338061701891406,"[0.07122616144186987, 0.0, 0.011867194434180434]","[False, False, False]","[False, False, False]",17-buitenlandse-handel.2.txt__0,"[0, 0, 0]"
16-volksgezondheid-welzijn-en-sport.93.txt,Policyarchive_text\jaarverslagen\2015\16-volksgezondheid-welzijn-en-sport\16-volksgezondheid-welzijn-en-sport.93.txt,2015,16-volksgezondheid-welzijn-en-sport,0,debat georganiseerd nieuw visie herdenk vier kom subsidies ten behoev herinner vws vanuit regisser rol sidies verleend vier national herinneringscentra kamp vught kamp westerbork kamp amersfoort indisch herinneringscentrum circa miljoen national comit circa miljoen vindt herdenk hel belangrijk draagvlak stabiel tijd net voorgaand herdenk eerst plat belangrijk gevond groep oorlog meegemaakt dierbar oorlog verlor afgelop herdenk sted vaker belangrijk gan vind jonger belev viering tijd gevolgd bepaald viering belev burger aansluit nederlander grot draagvlak viering vindt viering hel belangrijk draagvlak laatst grot neemt eerst wer toe vindt vooral belangrijk nieuw actualiteit verhal vriend familie twed wereldoorlog neg tien nederlander vind viering belangrijk mens oorlog meegemaakt dierbar oorlog verlor vws ziet tak belangstell bewustzijn gebeurteniss ondersteun kengetal percentag bevolk belang hecht percentag bevolk belang hecht percentag bevolk belang hecht bron national comit national vrijheidsonderzoek twed kamer vergaderjar xvi,Reparations and Remembrance|Modern & Everyday Racism,0.0996557648992933,"[0.012536523121100466, 0.06518862883912412, 0.009483035344646508]","[False, True, True]","[False, True, True]",16-volksgezondheid-welzijn-en-sport.93.txt__0,"[0, 1, 1]"
17-buitenlandse-handel.5.txt,Policyarchive_text\jaarverslagen\2015\17-buitenlandse-handel\17-buitenlandse-handel.5.txt,2015,17-buitenlandse-handel,0,ontvangst eur mln duurzam handel invester vred ontwikkel versterkt kader ontwikkel twed kamer vergaderjar xvii,,0.025,"[0.05267245671675447, 0.0, 0.0]","[False, False, False]","[False, False, False]",17-buitenlandse-handel.5.txt__0,"[0, 0, 0]"
nota-naar-aanleiding-van-het-verslag-rond-erfgoedwet.88.txt,Policyarchive_text\kamerstukken\2015\nota-naar-aanleiding-van-het-verslag-rond-erfgoedwet\nota-naar-aanleiding-van-het-verslag-rond-erfgoedwet.88.txt,2015,nota-naar-aanleiding-van-het-verslag-rond-erfgoedwet,0,voort volgen led categorie onlin onvoldo belicht sted vaker media blog muziek beweg beeld onlin getoond bijzonder jonger vormt onlin wereld sted vaker primair mediabron erkent reger soort uiting gelijk waard vergelijk via televisie via print gemaakt dagelijk bestan zegg inmiddel internet stat nooit verdwijnt volgen led bewer war bewaard war onlin omgev updat krijg oud lang bewaard klopt allereerst websit grolsch nederland eerst commerciel websit reger aangev websit digital vindbar ogen net belangrijk vorm culturel erfgoed zeker grot creatiev sector gan toekomst soort digital erfgoed bewar vooral toegank mak houd elk dag groeit strom informatie led bepal onlin erfgoed precies ideaalbeeld reger gevond digital erfgoed valt volgen reger beschouwt onlin media media radio print grot waard informatievoorzien culturel erfgoed behoud beher toegank culturel erfgoed nooit vanzelfsprek digital domein wetsvoorstel gehanteerd begrip culturel erfgoed geinspireerd begrip culturel erfgoed verdrag faro rad europa verdrag biedt overkoepel kader omgang culturel erfgoed begrip sluit goed functies culturel erfgoed wijz waarop mens culturel erfgoed belev begrip onroer roerend culturel erfgoed digital born erfgoed vall net vorm cultur digital erfgoed tak bewar ontwikkel specifiek selectie archiefbeleid born digital erfgoed complex rad cultur appelleerd eerder noodzak methodisch vernieuw primair praktijk gestalt krijg waarbij oploss gezocht omgang vluchtig karakter digital materiaal auteursrecht vraagstuk daarbij verdel tak verantwoord particulier initiatief overheidsinstell verder uitkristalliser konink bibliothek teven partner international internet preservation consortium initiatief genom websites verzamel belangrijk tal cultur samenlev nederland institut beeld geluid recent aangegev voortouw nem opzet national agenda duurzam archiver videogames websit grolsch terug vind led visie reger vervag grenz cultur media gat erfgoed denk uniek rad cultur selectie kwestie waarder,Reparations and Remembrance|Modern & Everyday Racism,0.1243670845407727,"[0.008940526683441108, 0.051799911004505414, 0.09414923503212584]","[False, True, True]","[False, True, True]",nota-naar-aanleiding-van-het-verslag-rond-erfgoedwet.88.txt__0,"[0, 1, 1]"
0-2-internetbijlagen-bij-het-fjr-2014.71.txt,Policyarchive_text\jaarverslagen\2015\0-2-internetbijlagen-bij-het-fjr-2014\0-2-internetbijlagen-bij-het-fjr-2014.71.txt,2015,0-2-internetbijlagen-bij-het-fjr-2014,0,buitenland handel ontwikkelingssamenwerk xvii buitenland handel ontwikkelingssamenwerk uitgav stand miljoenennota excl mutaties miljoenennota stand financieel jaarverslag rijk subtotal international samenwerk stand financieel jaarverslag rijk xvii buitenland handel ontwikkelingssamenwerk stand miljoenennota excl mutaties miljoenennota stand financieel jaarverslag rijk subtotal international samenwerk stand financieel jaarverslag rijk,,0.0269407953040162,"[0.05676151498262949, 0.002215105502828066, 0.009457198324905634]","[False, False, False]","[False, False, False]",0-2-internetbijlagen-bij-het-fjr-2014.71.txt__0,"[0, 0, 0]"
jaarverslag-homogene-groep-internationale-samenwerking-hgis-2014.2.txt,Policyarchive_text\jaarverslagen\2015\jaarverslag-homogene-groep-internationale-samenwerking-hgis-2014\jaarverslag-homogene-groep-internationale-samenwerking-hgis-2014.2.txt,2015,jaarverslag-homogene-groep-internationale-samenwerking-hgis-2014,0,beleidsthema bedrag eur begrot realisaties beleidsthema begrot mutatie realisaties versterkt international rechtsord eerbied mensenrecht vred stabiliteit europes samenwerk consulair belangenbehart international uitdrag nlse waard belang duurzam handel invester duurzam milieubeher social vooruitgang versterkt kader ontwikkel over uitgav versterkt internationalerechtsord eerbiedigingvan mensenrecht vred europes samenwerk consulair belangenbehart international uitdrag nlse waard belang duurzam handel invester duurzam milieubeher socialevooruitgang versterkt kader ontwikkel over uitgav,,0.038490017945975,"[0.044917390781400966, 0.004565866408841435, 0.0]","[False, False, True]","[False, False, False]",jaarverslag-homogene-groep-internationale-samenwerking-hgis-2014.2.txt__0,"[0, 0, 0]"
nota-naar-aanleiding-van-het-verslag-rond-erfgoedwet.81.txt,Policyarchive_text\kamerstukken\2015\nota-naar-aanleiding-van-het-verslag-rond-erfgoedwet\nota-naar-aanleiding-van-het-verslag-rond-erfgoedwet.81.txt,2015,nota-naar-aanleiding-van-het-verslag-rond-erfgoedwet,0,certificat opgrav slecht beperkt specifiek dergelijk uitwerk leent beter niveau algemen bestur regel daarmee juist hoofdregel uitgangspunt ieder helder algemen bestur namelijk slecht relevant bepaald specifiek doelgroep mobiel erfgoed led signal gekreg wettelijk regel rijdend erfgoed oldtimer ander regel varend erfgoed laatst categorie vall gat milieu energievereist ten aanzien vervoermiddel correct reger aangev verschill omgan ogen rechtvaard zowel privat eigenar beher behoud erfgoedrecht led led sluit inbreng enkel indiener internetconsultatie voldoend gerustgesteld beantwoord reger led will wet sectoral regelgev belemmer werk functioner mobiel erfgoed gekom kader moderniser monumentenzorg verricht sectoral regelgev belemmer werk functioner mobiel erfgoed mobiel erfgoed voorjar uitgevoerd kamerstuk gebied regelgev bestat veld belemmer ervar voorbeeld eis ten aanzien brandstofgebruik rijtijdenwet verplicht tachograf historisch bus verfsoort eis toegank ruimt invalid burger geschikt mak sommig eis kom voort europes regelgev algemen zin europes regelgev invloed varend erfgoed rijdend erfgoed gat belangrijk maatschapp eis een een uitzonder mobiel erfgoed gemaakt onderkent reger sommig wettelijk eis nadel uitpak mobiel erfgoed ocw zet ervor erfgoedbelang aandacht breng voorbereid wetsvoorstell departement mogelijk ocw ontwikkel mobiel erfgoed belemmer voorstell belang mobiel erfgoed verded daarbij nooit gevar ontstan gebruiker bezoeker mobiel erfgoed veld afgesprok ocw meld wanner ontwikkel regelgev signaleert waarbij belemmer opgeworp activiteit sector vervolgen daarop afweg mak samensprak veld relevant partij waarbij melding afgewog kader algemen uitgangspunt versimpel regelgev regeldruk verminder ontheff plat extra regel overheidsbemoeienis,"Colonial Exploitation, Slavery & Economic Inequality|Reparations and Remembrance|Modern & Everyday Racism",0.064995557096191,"[0.015497647725295365, 0.04132349172954041, 0.009419811727641508]","[True, True, True]","[True, True, True]",nota-naar-aanleiding-van-het-verslag-rond-erfgoedwet.81.txt__0,"[1, 1, 1]"
jaarverslag-ilt-2014.25.txt,Policyarchive_text\jaarverslagen\2015\jaarverslag-ilt-2014\jaarverslag-ilt-2014.25.txt,2015,jaarverslag-ilt-2014,0,jaarverslag kader samenwerkingsverband ilt nvwa sodm steund douan bijna controles verricht gebied productie import export handel veilig omgan gevar stoff kader europes vijftig controles verricht producent importeur vertegenwoordiger chemicalien naleefgedrag blek goed gecontroleerd bedrijv stoff gebruik verbod tenzij voorzien autorisatieverklar bestaand samenwerk douan terrein handel afbrek stoff uitgebreid gezamen acties handel gefluoreerd broeikasgass explosiegevar stoff handhav dienstverlen dienstverlen explosiegevar stoff realisatie planning realisatie afhandel afhandel melding explosiegevar stoff realisatie planning realisatie objectinspecties vuurwerk civiel explosiev administratiecontroles vuurwerk geinspecteerd vuurwerk civiel explosiev administratiev controles uitgevoerd vanweg wijzig manier administratiev controles kenn diepgaander karakter gericht inzicht verkrijg handelsstrom voorhen explosiegevar stoff constateerd evenal voorgaand grofweg onderzocht vuurwerk voldoet regelgev richt verantwoord importeur waarbij strafrecht bestuursrecht mogelijk werd aangew beter nalev dwing,"Colonial Exploitation, Slavery & Economic Inequality",0.0445976487748299,"[0.05643378317343962, 0.0, 0.005043092957148455]","[True, True, True]","[True, False, False]",jaarverslag-ilt-2014.25.txt__0,"[1, 0, 0]"
5-buitenlandse-zaken.44.txt,Policyarchive_text\jaarverslagen\2015\5-buitenlandse-zaken\5-buitenlandse-zaken.44.txt,2015,5-buitenlandse-zaken,0,bilateral dimensie migratiebeleid cultur publieksdiplomatie uitvoer aanstur post buitenland bezoekersprogramma promotie kunst buitenland identificatie international kans ontwikkel culturel sector aanstur huis debur regisser beleidsvorm uitvoer ten aanzien international cultuurbeleid afstemm culturel fonds ondersteun instell international activiteit algemen aanstur fonds instell verantwoord taris ocw beleidsvorm uitvoer gebied gemeenschapp culturel erfgoed synergie cultur economisch uitvoer international cultuurbeleid icb gedeeld verantwoord buitenland zak staatssecretaris cultur wetenschap aantrek vestigingsklimat international organisaties financier bijdrag ondersteun gastlandsfer organisaties den hag regisser coordiner houdt buitenland zak uitvoer verdrag afsprak ties onderhoudt contact overheidsorgan inzak beveil faciliteert justitie hov tribunal transport getuig verdacht samenwerk oog huisvest gevestigd international organisaties beleidsconclusies beoogd beleidsresultat grotendel gerealiseerd tijd versober war mogelijk mak scherp keuzes gestreefd excellent dienstverlen belangrijkst afbouw consulair dienstverlen herzien gedetineerdenbeleid invester hetgen resulteerd vernieuwd app waarmee burger gemak raadpleg verbeter kwaliteit reisadviez gel geleid moderner gerichter kwalitatief beter twed kamer vergaderjar beleidsartikel,Reparations and Remembrance|Modern & Everyday Racism,0.1205369154328365,"[0.0057981329182533875, 0.013759188385583175, 0.07632532130679748]","[False, True, True]","[False, True, True]",5-buitenlandse-zaken.44.txt__0,"[0, 1, 1]"
jaarverslag-homogene-groep-internationale-samenwerking-hgis-2014.30.txt,Policyarchive_text\jaarverslagen\2015\jaarverslag-homogene-groep-internationale-samenwerking-hgis-2014\jaarverslag-homogene-groep-internationale-samenwerking-hgis-2014.30.txt,2015,jaarverslag-homogene-groep-internationale-samenwerking-hgis-2014,0,oda oda oda xvii buitenland handel ontwikkelingssamenwerk duurzam handel invester versterkt international handelssystem aandacht maatschapp verantwoord ondernem versterkt investeringspositie economisch naamsbek versterkt privat sector verbeterd investeringsklimat ontwikkelingsland dutch god growth fund intensiver ontwikkelingsrelevant invester handel ontwikkelingsland lokal bedrijfslev focus mkb duurzam ontwikkel voedselzeker water toenam voedselzeker verbeterd waterbeher drinkwater sanitatie duurzam natur hulpbronn tegengan klimaatverander vergrot weerbar bevolk onafwend klimaatverander social vooruitgang seksuel reproductiev gezond recht iederen halt verspreid gelijk recht kans vrouw versterkt maatschapp middenveld toenam goed opgeleid professional versterk beroepsonderwijsinstell bevorder beleidsrelevant vred ontwikkel humanitair hulp budget international voorkom terugdr conflictsituaties rechtstaatontwikkel wederopbouw vredesopbouw versterkt legitimiteit democratisch structur tegengan corruptie noodhulpfond versterkt kader ontwikkel versterkt multilateral betrok over armoedebeleid migratie ontwikkel begrot mutatie realisaties,"Colonial Exploitation, Slavery & Economic Inequality",0.0460178993308422,"[0.050875816807400706, 0.006677772974823001, 0.004260921376946098]","[True, False, True]","[True, False, False]",jaarverslag-homogene-groep-internationale-samenwerking-hgis-2014.30.txt__0,"[1, 0, 0]"
beantwoording-kamervragen-over-1e-suppletoire-begroting-2015-ez.27.txt,Policyarchive_text\kamerstukken\2015\beantwoording-kamervragen-over-1e-suppletoire-begroting-2015-ez\beantwoording-kamervragen-over-1e-suppletoire-begroting-2015-ez.27.txt,2015,beantwoording-kamervragen-over-1e-suppletoire-begroting-2015-ez,0,directie financieel economisch zak kenmerk fez mutatie mln betreft inspectieorganisatie kwaliteitskeur dierlijk sector kds gerealiseerd retributieomzet gevolg aanpass verslaggevingsregel omzet meegenom omzet derd nvwa voorgaand omzet meegeteld omzet nvwa betreft louter boekhoudkund wijzig lastenkant zelfd bedrag opgenom waarmee aanpass resultaatneutral kunt aangev last nvwa structurel hoger realistisch volgend last bijna miljoen euro lager ingeschat lastenmutaties structurel betreft hoger materiel kost gevolg verwerk inspectieorganisatie kwaliteitskeur dierlijk sector kds gerealiseerd retributieomzet zie boekhoudkund mutatie mln bedraagt volgend hoger last leid war even hog bat omzet derd tegenover stan verhog last personel materiel kost gevolg doorschuiv budget uitvoer plan aanpak nvwa bijna mln structurel klopt kost bestrijd hog pathog aviair influenza uitbrak sector gedrag conform convenant financier bestrijd besmet dierziekt veehouderijsector rund vark schap geit pluimvee bestrijdingskost gehel gefinancierd bijdrag sector maximum plafondbedrag plafondbedrag geldt dur convenant ontvang bedrijfslev bestrijdingskost minder gebracht,"Colonial Exploitation, Slavery & Economic Inequality|Reparations and Remembrance|Modern & Everyday Racism",0.0575852600598955,"[0.0, 0.0, 0.04002649657829866]","[True, True, True]","[True, True, True]",beantwoording-kamervragen-over-1e-suppletoire-begroting-2015-ez.27.txt__0,"[1, 1, 1]"
nota-naar-aanleiding-van-het-verslag-rond-erfgoedwet.46.txt,Policyarchive_text\kamerstukken\2015\nota-naar-aanleiding-van-het-verslag-rond-erfgoedwet\nota-naar-aanleiding-van-het-verslag-rond-erfgoedwet.46.txt,2015,nota-naar-aanleiding-van-het-verslag-rond-erfgoedwet,0,handel betrek onroer culturel erfgoed mogelijk indien bedenk daarbij behor bedenkingenperiod wet nem verbod toestemm ocw beschermd cultuurgoed breng mogelijk bedenk voer nodig cultuurgoeder effectief bescherm onroer culturel erfgoed monument bestat noodzak dergelijk regel engeland bestaand right bid recht gemeenschap particulier privat instell vastgoed lokal zwembad schol wijz waardevol gemeenschap daarmee mogelijk crer eerst bod breng recht ontstat mogelijk gebouw voorzien lokal gemeenschap behoud mogelijk manier gan exploiter reger ziet aanleid opnem dergelijk mogelijk wet onroer culturel erfgoed gemeent verschill mogelijk erfgoed lokal gemeenschap belang bescherm stand houd aanwijz gemeent monument middel bescherm bepal bestemmingsplan bestemmingsplan bestemm gebied gelet genoemd beschermingsmog oordel reger aanleid daarnaast beperk rond verkop legg cultuurgoeder bezit over reger benoemt grot belang particulier geldschieter verwerv nieuw aanwinst collecties musea daarom belangrijk mens help aankop kunst reken gekocht kunst museum goed beheerd toekomst collectie mak vind led daarom led wijz eventuel geldschieter betrok voornem afstot rijk provincie gemeent grag hor visie reger daarop schenking particulier fonds erfeniss legat vorm oudsher belangrijk bron uitbreid verbeter museal collecties cultuurbezit over ton betrouw eigenar belangrijk musea collecties beher invull deskundigencommissie vervreemd over juist ruimt lat partij daarbij betrek zoud geldschieter optiek reger hierin waardevoll rol vervull led reactie reger suggestie veren rembrandt afstot over vorm appellabel besluit vorm gev algemen wet bestuursrecht awb kent zorgvuld system besluitvorm bestuursorgan system ziet toe bestuursrecht besluit vatbar bezwar beroep besluit kom voort toegek bevoegd bestuursorgan toepass hiervan adequat,"Colonial Exploitation, Slavery & Economic Inequality|Reparations and Remembrance|Modern & Everyday Racism",0.1092762977734833,"[0.03061698067823725, 0.03153425265451163, 0.05283953734505398]","[True, True, True]","[True, True, True]",nota-naar-aanleiding-van-het-verslag-rond-erfgoedwet.46.txt__0,"[1, 1, 1]"
9-financien.82.txt,Policyarchive_text\jaarverslagen\2015\9-financien\9-financien.82.txt,2015,9-financien,0,exportkredietverzeker verzeker algemen doelstell bied mogelijk verzeker betalingsrisico verbond export invester buitenland aanvull markt crer handhav onal gelijkwaard speelveld bedrijv terrein exportkredietverzekeringsfaciliteit rol verantwoord financien rol regisseur uitvoer exportkredietverzekeringsfaciliteit stelt waard vast waaronder uitvoerder faciliteit verzeker afgev stat treedt verzekerar atradius dutch stat busines voert nam reken risico stat financien budgetverantwoord financien buitenland handel ontwikkelingssamenwerk beleidsverantwoord verstrek verzeker nastrev gelijkwaard speelveld gebied exportondersteun basis kaderwet financiel verstrek financien biedt stat ter aanvull privat markt faciliteit waarmee ondernemer financier betalingsrisico afdek stat verschill product investeringsverzeker bedrijv exportorder verwerv hetgen positief effect concurrentiekracht industriel productie werkgeleg kostendek faciliteit handhav daarom risico stat acceptabel risicoprofiel bestaand nieuw aanvrag nauwlet gevolgd middel uitgebreid risicokader mogelijk voorkom stat risico verzeker neemt markt gedekt risicodracht opgezet hierin stat vermeld risico land looptijd omvang stat potentieel dekking aanbiedt over risico gat stat princip vanuit markt dekking genom risicodracht periodiek aangepast overleg uitvoerder faciliteit indien reacties tij hiertoe aanleid gev belangrijk rol ten aanzien bevorder gelijkwaard speelveld gebied exportondersteun exporteur financier international gelijk voorwaard lat concurrer international verband overlegd nend afsprak gemaakt voorwaard waaronder exportkredietverzeker verstrekt kostendek minimum premies maximal looptijd ontwikkelingshulpgeld verantwoord leenbeleid maatschapp verantwoord ondernem twed kamer vergaderjar beleidsartikel,"Colonial Exploitation, Slavery & Economic Inequality|Reparations and Remembrance|Modern & Everyday Racism",0.082734030399203,"[0.04457099886957087, 0.0044485080594746105, 0.014519823618373243]","[True, True, True]","[True, True, True]",9-financien.82.txt__0,"[1, 1, 1]"
17-buitenlandse-handel.47.txt,Policyarchive_text\jaarverslagen\2015\17-buitenlandse-handel\17-buitenlandse-handel.47.txt,2015,17-buitenlandse-handel,0,srgr special aandacht gericht integratie srgr vrouwenrecht inclusief bestrijd kindhuw seksueel geweld vrouw review nam vernieuwd agenda inzet mensenrecht tegengan discriminatie basis seksuel orientatie bestrijd epidemie bereik lijkheid opmerk gezien weerstand vanuit conservatiev land religieuz groep zocht actief samenwerk gelijkgezind hand liggend land partner vatican trilateral samenwerk tunesie stand gebracht jem mali ramp vlucht direct impact inter national boord bevond aidsactivist joep lang weg international aidsconferentie melbourn international context war vrouwenrecht genderg sterk druk stan zet actief verbeter positie vrouw tional consensus gendergelijkheidsdoel post agenda alsok beter integratie vrouwenrecht speerpuntprogramma waaronder dutch god growth fund verder gewerkt uitvoer vormgev instrumentarium versterk maatschapp middenveld middeninkomensland beleidskader samensprak tegensprak uitgewerkt vormt leidrad aangan strategisch partnerschapp maatschapp organisaties terrein pleit beinvloed budgettair gevolg beleidsartikel social vooruitgang eur realisatie realisatie realisatie steld begrot verschil verplicht uitgav seksuel reproductiev gezond recht iederen halt verspreid twed kamer vergaderjar xvii,"Colonial Exploitation, Slavery & Economic Inequality|Reparations and Remembrance|Modern & Everyday Racism",0.0722897396012249,"[0.00938026093122519, 0.012396479108630341, 0.04415100721662039]","[True, True, True]","[True, True, True]",17-buitenlandse-handel.47.txt__0,"[1, 1, 1]"
sociaal-jaarverslag-bz-2014.6.txt,Policyarchive_text\jaarverslagen\2015\sociaal-jaarverslag-bz-2014\sociaal-jaarverslag-bz-2014.6.txt,2015,sociaal-jaarverslag-bz-2014,0,sociaal jaarverslag voorwoord doorpak instemm plan aanpak moderniser diplomatie hard gewerkt toekomstbeeld buitenland zak koploper diplomatie flexibel netwerkorganisatie professional waarmee iederen grag samenwerkt zodat belang wereldwijd optimal verander gat gepaard for bezuinigingsopdracht rijksbred afsprak digitaliser centraliser vooral ondersteun tak weg richting beeld pakt daarom flink grot moderniseringstraject beslot medio zet vijftal signatur project topprioriteit voll breedt beslan bepal toekomst positioner buitenland zak betreft post den hag werk een flexibel netwerk nieuw digital werkomgev vernieuw huidig personeelsbeleid economisch consulair dienstverlen stroomlijn uitvoer inmiddel stan goed steiger geeft doorkijk gewenst ànder manier werk onz nieuw behuiz rijnstrat vanaf verschill plek leid moderniser concret positiev consulair hervorm regionaliser vel one post hoofddirectie personel hard gewerkt ontwerp noodzak vernieuw personeelsbeleid keurd plan aanpak vernieuw goed zer grot stap gaand proces stak wer tijd dialog vroeg medewerker gevend mee denk vorm nieuw zodat ieder nieuw verantwoord kent strak stat nieuw rol goed vervull ondernemingsrad vakbond vroeg formel nieuw koer stemm ded start meest zodat strak bijdrag kwalitatief optimal bezet flexibel inzet medewerker transparant besluitvorm verander nodig onz ambities war mak tegelijkertijd duidelijk iederen prettig voelt sommig groep onz medewerker perspectief onzeker geword groep ondersteun goed mogelijk vergrot inzet rijk breder arbeidsmarkt terwijl kader rut formatieruimt moest inlever uitvoer moderniser extra middel ingezet verklaart klein stijging mens dienst verklar opnam collega buitenland economisch betrek dgbeb overkwam economisch zak stijging eerst trend doorbrok uitstrom groter instrom ondank for groter uitstrom,"Colonial Exploitation, Slavery & Economic Inequality|Reparations and Remembrance|Modern & Everyday Racism",0.1603567451474546,"[0.015215303385814595, 0.0041433879791380164, 0.04188890941736631]","[True, True, True]","[True, True, True]",sociaal-jaarverslag-bz-2014.6.txt__0,"[1, 1, 1]"
bijlage-2-het-vn-decennium-voor-mensen-van-afrikaanse-afkomst.2.txt,Policyarchive_text\kamerstukken\2015\bijlage-2-het-vn-decennium-voor-mensen-van-afrikaanse-afkomst\bijlage-2-het-vn-decennium-voor-mensen-van-afrikaanse-afkomst.2.txt,2015,bijlage-2-het-vn-decennium-voor-mensen-van-afrikaanse-afkomst,0,szw ocw bzk venj vws ambtelijk interdepartemental werkgroep ingesteld national programma werk uitvoer ervan monitor uitwerk national invull decennium nauw samenwerk maatschapp organisaties actiev burger geinteresseerd gemeent vormgegev eiland zull gevraagd invull specifiek activiteit ondernem aansluit bijzonder lokal context voorstander koninkrijk zelfstand invull gev decennium hen verkend gezamen acties mogelijk invull med put behor programma activiteit position paper opgesteld verband maatschapp focus activiteit daarbij nam ingevuld basis kennis specifiek problematiek afrikan afkomst bred geinterpreteerd overgrot actiev belangenorganisaties decennium richt doelgroep mens waarvan voorouder afkomst afrika ten zuid sahara voornam mens surinam achtergrond bepaald groep vluchtel somalie eritrea activiteit invull drie pijler decennium erkenn rechtvaard ontwikkel volg basis eerder gesprek doelgroep huidig kabinetsbeleid gekoz thema subthema central stell national programma hieronder nader toegelicht erkenn kennis versterk kennis uitsluit discriminatie afrofobie bewustword tegengan vooroordel negatiev beeldvorm stereotyper dialog hierover bevorder alsmed samenwerk maatschapp organisaties positiev beeldvorm simuler aandacht bijdrag erfgoed cultur mens afrikan herkomst weerbar jonger tegenslag weerstand discriminatie gan empowerment rechtvaard voorkom etnisch profiler voorkom racism herdenk verwerk waarborg aandacht slavernijverled kennisdel gericht breder via museal wetenschapp domein borg jaarlijk national herdenk slavernijverled landelijk uitstral ontwikkel gemeenschapp position paper civiel society gouvermentel organisaties netwerk expert mens afrikan afkomst,Reparations and Remembrance|Modern & Everyday Racism,0.1352246807565626,"[0.013663673410371623, 0.13930141495150042, 0.1266583105015886]","[False, True, True]","[False, True, True]",bijlage-2-het-vn-decennium-voor-mensen-van-afrikaanse-afkomst.2.txt__0,"[0, 1, 1]"
cbs-jaarverslag-2014.10.txt,Policyarchive_text\jaarverslagen\2015\cbs-jaarverslag-2014\cbs-jaarverslag-2014.10.txt,2015,cbs-jaarverslag-2014,0,cbs jaarverslag economisch statistiek bedrijfstak waarover beschik kom overgang vergrot verschen armoedesignalement cbs sociaal culturel planbureau scp gezamen jaarlijk verschaff cbs scp actueel mogelijk beeld omvang ontwikkel karakteristiek armoed voorbereid waarnem brondata staatsbalan bezit schuld stat financien overgenom statlin nieuw verschen overheidsbalan cijfer gehel war stat voorhen daarin voorkom cijfer financiel activa materiel vast activa versnipperd statlin vind kwam diver financien decentral over begrot opbrengst heffing gemeent maand versneld ten opzicht voorgaand provincies wegenbelast inkomst decentral over europes perspectief kwam eerst raming beschik omvang economie term bruto binnenland product drie afzonder eiland daarnaast kwam beschik omnibusenquêt cbs uitgevoerd enquêt verschaft informatie leefsituatie inwoner bijzonder gezond communicatie won transport vakantie vrij tijd teven uitgebreid gerapporteerd toerism statistisch opdracht cbs werkt organisaties voert grot onderzoeksproject opdracht diver overheidsorganisaties volgt selectie cbs publiceerd eerst jaarlijk detail rod lijst indicator rli indicator toestand biodiversiteit med mogelijk netwerk ecologisch monitor combiner informatie internet nieuw rli wes ontwikkel biodiversiteit aanmerk positiever verloopt toe uitgedrag trok belangstell cbs pbl gan nieuw indicator natuurbeleid toekomst gebruik opdracht economisch zak kernindicator ontwikkeld inzicht gev ontwikkel opdracht buitenland zak diver informatie internationaliser mkb gepubliceerd betreft international handel goeder buitenland invester uitgesplitst land dutch god growth fund ontwikkelingsland land war economisch betrek mee duitsland teven cbs opdracht nieuw informatie international waardeketen samengesteld ingat participatie integratie international waardeketen gevolg daarvan verband handel werkgeleg national energieverkenn uitgebracht verkenn samenwerk energieonderzoekcentrum ecn pbl cbs rijkdienst ondernem rvo opdracht,"Colonial Exploitation, Slavery & Economic Inequality|Reparations and Remembrance|Modern & Everyday Racism",0.0752828419842743,"[0.04271503274156718, 0.00886225699577208, 0.028229235094465698]","[True, True, True]","[True, True, True]",cbs-jaarverslag-2014.10.txt__0,"[1, 1, 1]"
beantwoording-kamervragen-over-financieel-jaarverslag-rijk-2014.5.txt,Policyarchive_text\kamerstukken\2015\beantwoording-kamervragen-over-financieel-jaarverslag-rijk-2014\beantwoording-kamervragen-over-financieel-jaarverslag-rijk-2014.5.txt,2015,beantwoording-kamervragen-over-financieel-jaarverslag-rijk-2014,0,procent bbp letland litouw luxemburg hongarij malta oostenrijk pol portugal roemenie slovenie slowakij finland zwed verenigd koninkrijk bron eurostat actualisatie reger uitlegg regel lastenverlicht middellang termijn doelstell structurel saldo ten aanzien feitelijk tekort geldt sted norm daarnaast stelt preventiev arm waarin bevindt ontslag buitensporigtekortprocedur eis ten aanzien structurel saldo lijn middellangetermijndoelstell mto basis cep voldoet structurel saldo mto europes mededel gepubliceerd flexibiliteit groeipact lidstat preventiev arm hierin bepaald voorwaard afwijk mto pad mto toe lidstat preventiev arm structurel hervorm doorvoer bestat structurelehervormingsclausul biedt lidstat hervorm mogelijk tijdelijk wijk mto wanner bijdraagt houdbar overheidsfinancien lang termijn aangekondigd belastingstelselherzien afhank vormgev eis clausul voldoen indien gevolg stelselherzien eerst grot afwijk structurel saldo resulter stelselherzien voldoet eis clausul gesteld beroep gedan structurelehervormingsclausul stabiliteit groeipact geval kabinet wanner stelselherzien nader uitgewerkt benodigd informatie verstrek beoordeelt verzoek toegek klopt houdbaarheidsoverschot bbp omslat tekort liefst bbp zodra gerek realistisch aannames groei zorgkost waarom bereken realistisch aannam standaard gepresenteerd daadwerk stand houdbar overheidsfinancien waarom houdbaarheidscijfer onrealistisch aannames uberhaupt gepresenteerd,Reparations and Remembrance|Modern & Everyday Racism,0.0582161604617835,"[0.007737505355032186, 0.0023886417520134293, 0.055126957264453574]","[False, True, True]","[False, True, True]",beantwoording-kamervragen-over-financieel-jaarverslag-rijk-2014.5.txt__0,"[0, 1, 1]"
15-sociale-zaken-en-werkgelegenheid.91.txt,Policyarchive_text\jaarverslagen\2015\15-sociale-zaken-en-werkgelegenheid\15-sociale-zaken-en-werkgelegenheid.91.txt,2015,15-sociale-zaken-en-werkgelegenheid,0,extracomptabel invull taakstell regeerakkoord structurel departemental taakstell kerndepartement agentschapp agentschap szw zbo uwv inclusief bkwi svb concret invull taakstell taakstell kerndepartement szw ingevuld verder versober bedrijfsvoer leidt bespar betreff budget tement voort process rond beroep bezwar wet arbeid vreemdel wav vereenvoudigd gestroomlijnd teven dereguler gestopt uwv svb leid evenen bespar apparaatsuitgav taakstell partement verhoogd extra formatieplaats crer medewerker doelgroep kwetsbar groep per saldo leid structurel bespar apparaatsuitgav kerndepartement szw miljoen inclusief taakstell directie integratie maatschapp samenhang meegenom overgang bzk szw taakstell uwv svb ingevuld drie typ ten eerst voorbereid toezien doelmat uitvoer verder werking ket werk inkom efficienter benut bestaand voorzien ten twed versober tak dienstverlen beoogd voort vereenvoud regelgev voorbereid moment evenen nader uitgewerkt leid structurel bespar apparaatsuitgav uwv svb miljoen implementatie enkel geschetst vergt wijzig regelgev twed kamer vergaderjar,Reparations and Remembrance|Modern & Everyday Racism,0.0601337794302954,"[0.017605106402704993, 0.001018448221729812, 0.041592578494430335]","[False, True, True]","[False, True, True]",15-sociale-zaken-en-werkgelegenheid.91.txt__0,"[0, 1, 1]"
p595288-bsg-feitelijke-vragen-buha-os-bijlage-1.70.txt,Policyarchive_text\kamerstukken\2015\p595288-bsg-feitelijke-vragen-buha-os-bijlage-1\p595288-bsg-feitelijke-vragen-buha-os-bijlage-1.70.txt,2015,p595288-bsg-feitelijke-vragen-buha-os-bijlage-1,0,totaallijst feitelijk vaststell begrotingsstat buitenland handel ontwikkelingssamenwerk lif sciences health development kennisplatform srgr bijna eur miljoen gavi gemiddeld eur miljoen jaarbasis eindbetal aflop subsidiekader ongever eur miljoen daarnaast enkel kleiner subsidies verstrekt ten behoev leerstoel joep lang voorbereid conferentie amsterdam kunt aangev post programma srgr budget bespaard sprak bezuin reden budgettair krapt begrotingsjar geschov betal lopend verplicht kunt gev gerealiseerd uitgav opgesplitst cor funding vrijwill bijdrag united nation population fund unfpa afgelop global programm reproductiv health commodity security gprhcs bijdrag global programm reproductiv health commodity security kort unfpa supplies het bedrag eur miljoen miljoen programma voorzien betreft vrijwill ongeoormerkt verhoudt huidig budget unfpa ontwerpbegrot voorjaarsnota kunt toelicht hand eerder gedan uitsprak brief kamer multilateral instell kamerstuk uitsprak organisaties effectief georganiseerd grot toegevoegd waard beleidsagenda buitenland handel ontwikkel waaronder unfpa informatie intensiver verwez brief kamer toegan bijdrag multilateral organisaties toegezegd multilateral organisaties valt bestrijd seksuel slavernij meisjes vrouw ontwikkelingsland uitbuit verneder zowel gezond recht schaadt bestrijd seksueel geweld meisjes vrouw inzet kabinet srgr vrouwenrecht genderg verzocht motie lar kamerstuk xvii komend vijf miljoen euro jaarbasis bested bestrijd kinderprostitutie kader nieuw beleidsartikel strategisch partnerschap aangan alliantie maatschapp organisaties leiding terr des hommes inspant seksueel misbruik meisjes pak over partner alliantie plan free girl stichting defenc childr international,"Colonial Exploitation, Slavery & Economic Inequality|Reparations and Remembrance|Modern & Everyday Racism",0.0534994468449987,"[0.05446078386008688, 0.001639218457873209, 0.011942453913912215]","[True, True, True]","[True, True, True]",p595288-bsg-feitelijke-vragen-buha-os-bijlage-1.70.txt__0,"[1, 1, 1]"
kamerbrief-met-reactie-op-advies-voordracht-immaterieel-erfgoed-bij-unesco.1.txt,Policyarchive_text\kamerstukken\2015\kamerbrief-met-reactie-op-advies-voordracht-immaterieel-erfgoed-bij-unesco\kamerbrief-met-reactie-op-advies-voordracht-immaterieel-erfgoed-bij-unesco.1.txt,2015,kamerbrief-met-reactie-op-advies-voordracht-immaterieel-erfgoed-bij-unesco,0,retouradres postbus den hag ontving advies rad cultur selectie immaterieel erfgoed kandidatur voorgedrag ter bescherm immaterieel culturel erfgoed adviesaanvrag rad teven gevraagd nominatievolgord ter voorbereid advies rad hoc samengesteld deskund terrein immaterieel erfgoed terrein cultur geschiedenis voordracht voornemen ambacht molenar drag representatiev lijst ter bescherm immaterieel culturel erfgoed volg daarmee advies rad brief schet overweg rad adviseert rond ambacht molenar eerst kandidat unesco drag kandidat voldoet verdragsbepal toetsingscriteria unesco bred gedrag erfgoedelement haalbar safeguard plan aldus rad ambacht molenar opgenom national inventaris voorwaard voordracht unesco gild vrijwill molenar veren hollandsch mol ambacht korenmolenaarsgild gild frysk mounder aanmeld national inventaris verzorgd safeguard plan opgesteld gild vrijwill molenar landelijk veren provincial afdel gesteld opleid verzorg mens monumental watermolen will lat draai gild datum betreft reactie advies rad cultur voordracht immaterieel erfgoed voorzitter twed kamer postbus den hag erfgoed kunst rijnstrat den hag postbus den hag onz referentie brief,"Colonial Exploitation, Slavery & Economic Inequality|Reparations and Remembrance|Modern & Everyday Racism",0.0659579651915175,"[0.0071825227937434765, 0.05579535309579345, 0.03146171177405661]","[True, True, True]","[True, True, True]",kamerbrief-met-reactie-op-advies-voordracht-immaterieel-erfgoed-bij-unesco.1.txt__0,"[1, 1, 1]"
staat-van-de-europese-unie-2015-v2.12.txt,Policyarchive_text\kamerstukken\2015\staat-van-de-europese-unie-2015-v2\staat-van-de-europese-unie-2015-v2.12.txt,2015,staat-van-de-europese-unie-2015-v2,0,handel nederland voorzitterschap europes handelsagenda geleid onderhandel bilateral vrijhandelsakkoord ttip japan opvolg ministeriel conferentie wto verorden aangaand conflictmineral folterwerktu verschen nieuw handelsstrategie waarin transparantie belang gezamen waard benadrukt vormt sterk basis voorzitter handelsrad faciliter onderhandel vrijhandelsakkoord constructief samenwerk lopend wetgevingsprocess rond onderhandel vrijhandelsakkoord transatlantic trad investment partnership ttip stan gehel belangstell gezien ambitie europes rad onderhandel spoedig rond voorzitterschap inzet onderhandel efficient verder breng oog maatschapp debat mogelijk vrijhandelsakkoord japan nederland laatst zak uitonderhandeld vindt ministeriel conferentie wto plat nederland voorzitterschap start preciez invull gemaakt afsprak daarnaast aanjag rol spel toekomst rol wto multilateral handelssystem mogelijk rad gezamen raadspositie kom gepubliceerd voorstel europes bevorder legal verantwoord handel mineral afkomst hoogrisicogebied daarnaast moment luxemburg voorzitterschap gewerkt raadspositie aanpass verorden stelt regel handel goeder folter tenuitvoerlegg doodstraf vaststell raadsposities dossier zull nederland voorzitterschap trilog gestart europes parlement wetgevingsproces rond ontwikkelingssamenwerk gebied ontwikkelingssamenwerk vooral richt grot dossier eerst plat betreft migratiecrisis hierbov beschrev rad buitenland zak inclusief voorbereid humanitair wereldtop istanbul ten twed implementatie duurzam ontwikkelingsdoel eerder vastgesteld algemen vergader verenigd naties belangrijk discussie daarnaast zull voorbereid getroff formel start onderhandel onderl betrek zogehet slot biedt voorzitterschap uitgelez kan hulp handel agenda europes niveau verder vorm gev kader migratie dwarsdoorsnijd thema duurzam ontwikkelingsdoel vorm gezamen international agenda armoedebestrijd mondial ontwikkel nieuw agenda sluit nauw agenda hulp handel bevat belangrijk prioriteit armoedebestrijd inclusiev groei genderg rechtsord instituties klimat ocean biodiversiteit voorzitterschap inspann stevig monitor verantwoord nieuw hecht belang beleidscoherentie ontwikkel realiser agenda duurzam ontwikkel aflop verdrag cotonou biedt natur moment zogehet inmiddel land afrika gebied still oceaan onderl betrek licht houd biedt kan zoek gan commissiewerkprogramma voorstel trad investment strategy annex,"Colonial Exploitation, Slavery & Economic Inequality|Reparations and Remembrance|Modern & Everyday Racism",0.0734130348385797,"[0.06173054423083374, 0.007631207745249136, 0.009468144586541261]","[True, True, True]","[True, True, True]",staat-van-de-europese-unie-2015-v2.12.txt__0,"[1, 1, 1]"
antwoorden-op-kamervragen-voorjaarsnota-2015.58.txt,Policyarchive_text\kamerstukken\2015\antwoorden-op-kamervragen-voorjaarsnota-2015\antwoorden-op-kamervragen-voorjaarsnota-2015.58.txt,2015,antwoorden-op-kamervragen-voorjaarsnota-2015,0,extramuraliser langzamer verloopt grond lineair afbouw verwacht hierdor loopt besparingsverlies structurel leidt lager afbouwtempo overigen besparingsverliez structurel effect immer enkel later alsnog bereikt kost hiervan budgettair gedekt financiel kader bkz voorjaarsnota geldt extra middel beschik gesteld afbakeningsknelpunt ouder wlz loss aanvull genom extramuraliser versnell,Modern & Everyday Racism,0.0338061701891406,"[0.0034346982221981955, 0.0, 0.05253027914132911]","[False, True, True]","[False, False, True]",antwoorden-op-kamervragen-voorjaarsnota-2015.58.txt__0,"[0, 0, 1]"
bijlage-1-nota-naar-aanleiding-van-het-verslag-omgevingswet.194.txt,Policyarchive_text\beleidsnotas\2015\bijlage-1-nota-naar-aanleiding-van-het-verslag-omgevingswet\bijlage-1-nota-naar-aanleiding-van-het-verslag-omgevingswet.194.txt,2015,bijlage-1-nota-naar-aanleiding-van-het-verslag-omgevingswet,0,verplicht instell welstandscommissie vervalt uitvloeisel eerder genoemd kabinetsstandpunt inzak functioner kabinetsstandpunt gebaseerd evaluatie functioner welstandstoezicht basis daarvan beslot wettelijk plicht instell welstandscommissies langer nodig evaluatie wes eenduid beoordel bouwplann mogelijk welstandsnota vastgesteld beleidsregel daarbij advies ingewonn welstandscommissie verband vooruitlop omgevingswet eerder plicht besluit omgevingsrecht geschrapt advies winn stat overigen los uitgangspunt eerder aangegev gemeent onverminderd vrij stat adviesorgan stell lat adviser welstandskwaliteit ruimtelijk kwaliteit bred zin los vrijheid gemeent adviesorgan stell betrek besluitvorm verplicht wetsvoorstel instell adviesorgan specifiek tak terrein monumentenzorg adviesorgan ieder geval tak adviser aanvrag omgevingsvergunn rijksmonumentenactiviteit zover archeologisch monument betreft hiermee voorzien voortbestan monumentencommissie gereguleerd monumentenwet grond omgevingswet stell adviesorgan geldt gemeenterad led benoemingstermijn vaststelt gemeenterad led benoem ontslan bepaald verder burgemeester wethouder lid ten minst enkel led deskund gebied monumentenzorg waarborg nodig geacht monument ander eis gesteld uiter bouwwerk mogelijk zinvoll wijz tevor voorspel beoordelingscriteria vast legg waaran aanvrag eventuel wijzig monument voldoen vergunningverlen aanmerk kom vooraf immer voorspell activiteit combinatie activiteit aanvrag betrek varier grot wijzigingsplann slop ontsier monument elk initiatief zorgvuld beoordeeld afgewog behoud waard monument onvoldo informatie monumental waard betrok monument beschik nodig eerst bouwhistorisch cultuurhistorisch plaatsvindt voordat aanvrag vergunn verder behandel genom informatie monumental waard nodig verlen vergunn benodigd afweg mak bepal voorwaard verlangd ontwikkel toelat rijksdienst culturel erfgoed biedt hierin ondersteun praktijk brochures ingrijp gevall advies draagt zorg beschik informatie rijksmonument zovel mogelijk ontslot voorafgaand vastlegg voorspel beoordelingscriteria led fractie vvd gevraagd daarmee monumentenzorg haalbar optie wijst reger erop verband relevant uitgangspunt verdrag granada behoud architectonisch erfgoed via wetsvoorstel doorwerk beoordelingsregel toetsingskader rijksmonumentenactiviteit beoordel vergunningaanvrag stat behoud monument monumental waard voorop grond ingesteld adviser vergunningaanvrag rijksmonumentenactiviteit voldoend toegerust elk individueel geval deskund oordel vorm impact voorgenom activiteit monumental waard activiteit overeenstemm breng belang monumentenzorg samenvat gesteld gemeent vrij stat extern adviseur betrek besluitvorm wanner nodig wenselijk geacht stat gemeent vrij kamerstuk,"Colonial Exploitation, Slavery & Economic Inequality|Reparations and Remembrance|Modern & Everyday Racism",0.074478352237515,"[0.021127162810436913, 0.04557907851782779, 0.02194385181713365]","[True, True, True]","[True, True, True]",bijlage-1-nota-naar-aanleiding-van-het-verslag-omgevingswet.194.txt__0,"[1, 1, 1]"
bijlage-1-nota-naar-aanleiding-van-het-verslag-omgevingswet.247.txt,Policyarchive_text\beleidsnotas\2015\bijlage-1-nota-naar-aanleiding-van-het-verslag-omgevingswet\bijlage-1-nota-naar-aanleiding-van-het-verslag-omgevingswet.247.txt,2015,bijlage-1-nota-naar-aanleiding-van-het-verslag-omgevingswet,0,herbestemm gebouw belangrijk overheidszorg hetzelfd genoemd led gevraagd led reger mening hergebruik ming gebouwd culturel erfgoed actueel belangrijk maatschapp thema behoud ontwikkel gevall bruikbar strategie ten zeker war nietsdoen leid leegstand verval ontwikkelingsgericht ring hel vruchtbar gebiedsniveau war gat duurzam integrer erfgoed herinricht landschap stedenbouwkund herontwikkel oogpunt monumentenzorg ontwikkel middel immer behoud culturel erfgoed huidig volgend generaties vergt som passend wijzig bestaand functie monument den dreigend leegstand nieuw functie mogelijk mak som houdend conserver benader plat denk bepaald monument utrecht waarvan cultuurhistorisch waard hog complet geacht liefst authentiek mogelijk will doorgev denk bepaald archeologisch monument grafheuvel waarbij ontzien monument voorkeur verdient gelet verdrag valletta waarin uitgangspunt vastgelegd archeologisch monument voorkeur situ bewar dergelijk gevall ontwikkel passend strategie reger daarom voornemen derd lid wetsvoorstel voorgesteld zin wijzig voornoemd red ligt evenmin hand redactie wetsvoorstel wijzig artikelonderdel strek bred zin behoud culturel erfgoed behoud ontwikkel erfgoed komt huidig regel besluit algemen regel ruimtelijk orden barro betrek erfgoeder uitzonder universel waard werelderfgoed expliciet richt behoud versterk waard genoemd wetsniveau culturel erfgoed generiek vastlegg behoud ontwikkel compliceert stell passend regel werelderfgoeder ander culturel erfgoed waarvor dienstig reger wijst led verband formuler wetsvoorstel geeft grondslag beoordelingsregel aanvrag omgevingsvergunn rijksmonumentenactiviteit uitdruk gebracht bevorder rijksmonument beoordel aanvrag rol speelt daarvor nodig reken houdend monumental waard wijzig monument breng artikelonderdel geeft rijksmonument uitvoer verdrag granada ieder verdragsstat verplicht reken houdend architectonisch historisch aard erfgoed beschermd goeder bevorder daarbij reken houdend behoeft hedendag lev verplicht bevorder zodan aanpass oud gebouw nieuw doeleind ligt hand provincies gemeent beoordelingsregel vergunningverlen hen aangewez wijz beschermd monument historisch gebouw verplicht verdrag granada volg zorg open ruimt toevoeg led stell zorg open ruimt nieuw toe voeg zorg inricht beher open ruimt sted belangrijker gebouw qua architectur stedenbouwkund inpass sted vaker gerelateerd inricht open ruimt eerder geantwoord geldt evenen derd lid ziet tak bestuursorgan uitoefen,"Colonial Exploitation, Slavery & Economic Inequality|Reparations and Remembrance|Modern & Everyday Racism",0.092,"[0.004363176985738491, 0.0637472155225551, 0.061002559439202256]","[True, True, True]","[True, True, True]",bijlage-1-nota-naar-aanleiding-van-het-verslag-omgevingswet.247.txt__0,"[1, 1, 1]"
aivd-jaarverslag-2014-220415.2.txt,Policyarchive_text\jaarverslagen\2015\aivd-jaarverslag-2014-220415\aivd-jaarverslag-2014-220415.2.txt,2015,aivd-jaarverslag-2014-220415,0,einthov eerst hoofd binnenland veiligheidsdienst bvd voorloper algemen veiligheidsdienst aivd verantwoord devies wap dienst meend burger democratie onz passief lat meedrijv golv geschiedenis daarin actiev rol spel per undas adversas levend viss zwemm strom dod drijv mee spreuk symboliseert instell dienst actiev instell nodig strom oog gericht bedreig national,,0.0420084025208402,"[0.0, 0.07057861768800042, 0.002030564855554462]","[False, False, True]","[False, False, False]",aivd-jaarverslag-2014-220415.2.txt__0,"[0, 0, 0]"
17-buitenlandse-handel.87.txt,Policyarchive_text\jaarverslagen\2015\17-buitenlandse-handel\17-buitenlandse-handel.87.txt,2015,17-buitenlandse-handel,0,rijksjaarverslag xvii buitenland handel ontwikkelingssamenwerk aangebod voorzitter twed kamer financien vervaard parlementair stuk begeleid productieproces sdu uitgever afdel dataverwerk vormgev omslag studio dumbar uitgav financien artikelcod,,0.0204124145231931,"[0.043006880818293666, 0.0, 0.007165499394416296]","[False, False, False]","[False, False, False]",17-buitenlandse-handel.87.txt__0,"[0, 0, 0]"
jaarverslag-ilt-2014.23.txt,Policyarchive_text\jaarverslagen\2015\jaarverslag-ilt-2014\jaarverslag-ilt-2014.23.txt,2015,jaarverslag-ilt-2014,0,jaarverslag luchtverontrein stoff ozonlaagafbrek stoff gefluoreerd broeikasgass gericht handel stoff emissies voorkom beperk ondertoezichtstaand gebruiker handelar producent onderhoudsbedrijv instell keuringsinstanties leid interventies opheff ming extra aandacht gebruiker onderhoudsbedrijv voer bedrijv nalev blek onvoldo brandstoff gericht kwaliteit brandstoff luchtverontrein voorkom ondertoezichtstaand leverancier brandstoff bestemd wegverker voertuig binnenvaartschep zeeschep scheepsbrandstoff geblek zwavelgehalt vak hog vluchtig organisch stoff gericht hog oplosmiddelengehalt verv verniss gat veelal restpartij daarnaast verkooppunt partij gevond waarbij handhav opgetred extra aandacht bested onderhoudsbedrijv koelinstallaties tant installaties beid groep blek nalev onvoldo zeeschep binnenvaartschep overschrijd zwavelgehalt opnieuw ord voort geconstateerd sprak illegal handel via internet koudemiddel daarnaast extra aandacht bested terugdr emissies ozonlaagafbrek stoff gefluoreerd broeikasgass daarvor extra uitgevoerd exploitant houdsbedrijv koelinstallaties geinspecteerd bedrijv correcties geleid uitstral gehad bedrijv geinspecteerd zet aanpak voort waarbij expliciet aandacht schenkt bijvulverbod hcfk nieuw per ingan aandacht illegal handel ozonlaagafbrek stoff gefluoreerd broeikasgass interventies gevolg zicht illegal handel krijg fysiek uitgevoerd import export brandstofkwaliteit bestemd wegverker zeescheepvaart zwavelgehalt begin gemaakt brandstofkwaliteit bestemd binnenvaart asbest bedrijv industriel installaties bewustzijn ten aanzien mogelijk aanwez asbest installaties verbeterd asbesthoud product voorrad werd gehoud veilig wijz afgevoerd scheepsbedrijv bewustzijn aanwez asbest vergrot branch duidelijk geword bedrijv verantwoord ten aanzien nalev regelgev opdrachtgever bewust omgan mogelijk aanwez asbest leid verklein kan blootgesteld asbestvezel risico men milieu zull daardor afnem lat verwijder asbesthoud edelsten ket crucial bedrijv groothandel gevar blootstell mens asbestvezel kleiner geword controles treinonderhoudsplaats wijz branch asbestregelgev algemen goed nageleefd scheepsonderhoudsbedrijv nalev echter med gevolg beduid minder kennis asbesttoepass asbestregelgev,"Colonial Exploitation, Slavery & Economic Inequality|Reparations and Remembrance|Modern & Everyday Racism",0.0635107348829955,"[0.05355577025832094, 0.006948764599331846, 0.01065313845909608]","[True, True, True]","[True, True, True]",jaarverslag-ilt-2014.23.txt__0,"[1, 1, 1]"
antwoorden-op-kamervragen-over-ez-begroting-2016-deel-economie-en-innovatie.100.txt,Policyarchive_text\kamerstukken\2015\antwoorden-op-kamervragen-over-ez-begroting-2016-deel-economie-en-innovatie\antwoorden-op-kamervragen-over-ez-begroting-2016-deel-economie-en-innovatie.100.txt,2015,antwoorden-op-kamervragen-over-ez-begroting-2016-deel-economie-en-innovatie,0,oudsher gasprijs gekoppeld olieprijs pas ttf stand gekom waarbij prijsvorm plaatsvond basis aanbod gas eerst ttf handel blef koppel olie leidend prijsprincip gas langzam zeker nam prijsvorm via beurz toe ten kost oliekoppel vooral nam handel toe nadat kwaliteitsconversie gesocialiseerd handel gas ttf kwaliteitslos zegg handel gas onderscheid hoogcalorisch gas aangezien eerst nauwelijk handel prijsoverzicht vanaf opgenom beursprijs bron apx endex hoevel boring nieuw klein gasveld noordzee gat exploratiebor nederland continental plat mijnbouwbedrijv uitgevoerd gevall aardgas aangetroff geval zowel aardgas aardolie verwacht exploratiebor dezelfd ord grot ligg huidig lag stan echter budget bedrijv druk verwacht omtrent boring continental plat onzeker omgev aangezien budget operator bekend beschik verwacht omtrent exploratieactiviteit enkel gebaseerd beschik boorschema basis daarvan circa exploratiebor gas verwacht nederland continental plat echter garantie mogelijk gepland boring daadwerk gerealiseerd zull hoevel geld beschik exploratie nieuw klein gasveld noordzee mijnbouwbedrijv primair verantwoord exploratie nieuw gasveld noordzee vermeld circa exploratiebor verwacht hieruit blijkt verwacht exploratieactiviteit sterk afnem ten opzicht reken mee houdend kost exploratieput praktijk sterk varier kom eerst inzicht begrot exploratiekost bedrag privat middel voldoend exploratie voorwaard verkrijg additionel productievolum levensdur offshor infrastructur verleng vraagt stimuler exploratieactiviteit ontwikkel exploratieput bijzonder aandacht,"Colonial Exploitation, Slavery & Economic Inequality|Reparations and Remembrance|Modern & Everyday Racism",0.0686161147706985,"[0.07533640800626357, 0.0041679624771390035, 0.004816718255920094]","[True, True, True]","[True, True, True]",antwoorden-op-kamervragen-over-ez-begroting-2016-deel-economie-en-innovatie.100.txt__0,"[1, 1, 1]"
beantwoording-kamervragen-over-het-vws-jaarverslag-2014.6.txt,Policyarchive_text\kamerstukken\2015\beantwoording-kamervragen-over-het-vws-jaarverslag-2014\beantwoording-kamervragen-over-het-vws-jaarverslag-2014.6.txt,2015,beantwoording-kamervragen-over-het-vws-jaarverslag-2014,0,voorbij gemeld war eerder sprak overschrijd daarmee lijkt trendbreuk gerealiseerd red begrot aangepast structurel meevaller verwijst vermoed onderschrijd budgettair kader zorg miljard ten opzicht suppletoir wet zorguitgav ruim miljard bijgesteld voornam gevolg nieuw realisatiecijfer begin ontvang zorginstitut nza zover onderschrijd structurel karakter ruimt betrok besluitvorm begrot suppletoir wet gemeld ruim miljard oplop miljard lager uitkom geraamd ontwerpbegrot begrot degelijk aangepast structurel meevaller budgettair taakstell gekoppeld aanpak fraud verspill grot nee waarom budgettair taakstell juist bijdrag serieuz aanpak aanpak zorgfraud tegengan verspill vergrot doelmat curatiev zorg afgeslot hoofdlijnenakkoord realiser bespar gevolg aanpak zorgfraud verspill daardor lastig zelfstand kwantificer hoofdlijnenakkoord curatiev zorg lever bespar oploopt structurel miljard hoevel capaciteit fiod uitgebreid aanpak fraud total capaciteit aanpak fout fraud fte uitgesplitst opsporingsinstantie capaciteit gesteg gedaald ten opzicht voorgaand ingang verricht szw strafrecht opsporingstak gebied persoonsgebond budget awbz wlz opsporingstak gebied declaratiefraud capaciteit szw hiertoe uitgebreid circa fte opspor zorgfraud declaratiefraud uitbreid miljoen vanaf structurel miljoen aanvull beschik gesteld daarnaast ontvangt incidentel extra middel versterk financiel expertis fiod rekent opsporingscapaciteit aantall fte beschik uren opsporingsactiviteit terrein zorg fiod jaarbasis net voorgaand uren beschik,"Colonial Exploitation, Slavery & Economic Inequality|Reparations and Remembrance|Modern & Everyday Racism",0.066212219197173,"[0.009693309101120996, 0.0, 0.05699636888487474]","[True, True, True]","[True, True, True]",beantwoording-kamervragen-over-het-vws-jaarverslag-2014.6.txt__0,"[1, 1, 1]"
verticale-toelichting-najaarsnota-2015.33.txt,Policyarchive_text\kamerstukken\2015\verticale-toelichting-najaarsnota-2015\verticale-toelichting-najaarsnota-2015.33.txt,2015,verticale-toelichting-najaarsnota-2015,0,buitenland handel ontwikkelingssamenwerk xvii buitenland handel ontwikkelingssamenwerk uitgav stand miljoenennota excl mutaties miljoenennota stand najaarsnota subtotal international samenwerk stand najaarsnota xvii buitenland handel ontwikkelingssamenwerk belastingontvangst stand miljoenennota excl mutaties miljoenennota stand najaarsnota subtotal international samenwerk stand najaarsnota,,0.0344123600805842,"[0.07250334187463776, 0.0028294267975244, 0.012079989118273538]","[False, False, False]","[False, False, False]",verticale-toelichting-najaarsnota-2015.33.txt__0,"[0, 0, 0]"
jaarverslag-beheer-staatsdeelnemingen-2014.150.txt,Policyarchive_text\jaarverslagen\2015\jaarverslag-beheer-staatsdeelnemingen-2014\jaarverslag-beheer-staatsdeelnemingen-2014.150.txt,2015,jaarverslag-beheer-staatsdeelnemingen-2014,0,jaarverslag beher staatsdeelnem deelnem loep algemen staatsdeelnem nam staatsdeelnem winair bedrijfssector transport vestigingsplat maart opricht websit belang stat nederland bedrijfsspecifiek kerncijfer bezettingsgrad passagier passagier werknemer beschrijv winair opgericht voert vanaf thuisbasis princes juliana international airport maart vlucht diver bestemm noordoost gebied waaronder bijzonder gemeent winair vervoert zowel passagier vracht gebied winair fte dienst vogelvlucht winair bijna passagier vervoerd stijging ruim ten opzicht bezettingsgrad passagiersvervoer echter gedaald vorig winair twee winstgev verlies geled miljoen verlies veroorzaakt doordat gestart vlucht vijf nieuw bestemm vlucht drie bestemm gestaakt vlucht twee bestemm lat inmiddel positief zien winair,"Colonial Exploitation, Slavery & Economic Inequality|Reparations and Remembrance|Modern & Everyday Racism",0.0924500327042048,"[0.041829408407514125, 0.0032366086100719927, 0.0]","[True, True, True]","[True, True, True]",jaarverslag-beheer-staatsdeelnemingen-2014.150.txt__0,"[1, 1, 1]"
jaarverslag-2014-college-voor-toetsen-en-examens.45.txt,Policyarchive_text\jaarverslagen\2015\jaarverslag-2014-college-voor-toetsen-en-examens\jaarverslag-2014-college-voor-toetsen-en-examens.45.txt,2015,jaarverslag-2014-college-voor-toetsen-en-examens,0,colleg toets examen jaarverslag inhoudsopgav colleg toets examen financien personel bezet personeelsbestand cvte toegenom fte groei fte saldo fte nieuw medewerker fte uitbreid fte vertrek medewerker vast formatie fte fte tijdelijk formatie groei hangt nieuw tak cvte fte omvat medewerker daarnaast eind twee stagiaires fte extern inhur medewerker aanstell rijk doorgan tiental extern medewerker actief hoewel cvte standpunt onderschrijft structurel tak uitgevoerd personel aangesteld vast formatie extern inhur som voorkom uitzendkracht ingehuurd projectmedewerker projectgeld cierd eind sprak twee vacatures extern ingevuld wervingsprocedur nieuw medewerker succes afgerond apparaatskost sector overstijg sector sector sector mbo incl realisatie begrot realisatie,"Colonial Exploitation, Slavery & Economic Inequality|Modern & Everyday Racism",0.055167728436737,"[0.0033327714238941724, 0.0, 0.050761856397600016]","[True, False, True]","[True, False, True]",jaarverslag-2014-college-voor-toetsen-en-examens.45.txt__0,"[1, 0, 1]"
kamerbrief-over-voortgang-onderwijsverbeteringen-in-caribisch-nederland.1.txt,Policyarchive_text\kamerstukken\2015\kamerbrief-over-voortgang-onderwijsverbeteringen-in-caribisch-nederland\kamerbrief-over-voortgang-onderwijsverbeteringen-in-caribisch-nederland.1.txt,2015,kamerbrief-over-voortgang-onderwijsverbeteringen-in-caribisch-nederland,0,retouradres postbus den hag algemen overleg kwaliteit toegezegd inspectierapport onderwijsinstell kamer stur rapport gev beeld voortgang onderwijsverbeter hierbij bied inspectierapport reactie daarop inspectierapport bestur handel scholengemeenschap open crucial voorwaard verder verbeter bestend onderwijskwaliteit versterk bestuurskracht onderstaand reactie inspectierapport manier waarop schol schoolbestur ondersteun verder versterk bestuurskracht informer mogelijk wet goed goed bestur voer kamer toegezegd inspectierapport onderwijsinstell hierna gedan kwaliteit nalev regelgev schol instell social kanstraject jonger skj gedan bestur handel schol voortgezet middel beroepsonderwijs ten slot inspecteur gedan examenresultat liseo boneriano afdel vwo scholengemeenschap rapport schoolbezoek zodra open net rapport schol europes raadpleg via websit vasthoud ambitie algemen overleg constateerd gezamen sommig schol vooral primair goed vorder gemaakt steld vast schol for inhaalslag nodig kom basiskwaliteit waarvan onderwijsagenda datum betreft voortgang onderwijsverbeter voorzitter twed kamer postbus hag international ipc rijnstrat den hag postbus den hag onz referentie,Reparations and Remembrance|Modern & Everyday Racism,0.0805387266256829,"[0.04593558382390922, 0.006762063625999741, 0.003473316719495633]","[False, True, True]","[False, True, True]",kamerbrief-over-voortgang-onderwijsverbeteringen-in-caribisch-nederland.1.txt__0,"[0, 1, 1]"
nota-naar-aanleiding-van-het-verslag-rond-erfgoedwet.28.txt,Policyarchive_text\kamerstukken\2015\nota-naar-aanleiding-van-het-verslag-rond-erfgoedwet\nota-naar-aanleiding-van-het-verslag-rond-erfgoedwet.28.txt,2015,nota-naar-aanleiding-van-het-verslag-rond-erfgoedwet,0,rad cultur rol individuel aanwijzingsbesluit advies gevraagd voer aanwijzingsbeleid waaronder aanwijzingsprogramma adviestermijn gemeent voorkom geval provincie uov korter krijgt gemeent ondank belanghebb hoort ruimer adviestermijn acht wek zodat mening betrok burger peil provincie geldt uov gebruik adviestermijn zes wek belanghebb uov direct beroep rechtbank introductie uov voorbereid aanwijzingsbesluit draagt uniformer bestuursrecht valt regelgev gemeent led toegelicht gebeurt wanner monument betreft national belang led wijz rol stelselverantwoord merk overkoepeld blik ten aanzien monumentenzorg archeologie lijkt ontbrek gemeent niveau beslot reger reager ocw draagt momentel stelselverantwoord culturel erfgoed zorg goed inbed hiervan omgevingswet voorbereid erfgoedwet sprak decentral stelsel waarin gemeent afweg mak rijksmonument betreft ingrijp wijzig adviseert ocw gemeent besluit vergunningverlen werkwijz omschrev wetsvoorstel omgevingswet onderhav wetsvoorstel verschilt huidig werkwijz ocw vult stelselverantwoord vervolgen verder vierjar breng stat culturel erfgoed vorm erfgoedbalan opgesteld basis erfgoedmonitor regie rce bijgehoud beslat total terrein culturel erfgoed begrip wetsvoorstel gedefinieerd wetsvoorstel beoogt wijzig breng aanwijzingsbeleid monument led betekent gebouw momentel monumental status basis huidig zull kwijtrak monument moment beschermd monument zin behoud beschermd status rijksmonument erfgoedwet net huidig wetgev rijksmonument status verliez concret geval blijkt onvoldo monumental waard rester handhav rijksmonument rechtvaard dergelijk geval individuel afvoeringsprocedur gestart adviseur aanwijzingsprocedur teruggebracht rad cultur elk individuel aanwijz lat adviser led dergelijk advies mogelijk indien onen advies rce led daarnaast advies rad cultur,Reparations and Remembrance|Modern & Everyday Racism,0.0749402818601064,"[0.004928331198150912, 0.04398788198712743, 0.04899493802272408]","[False, True, True]","[False, True, True]",nota-naar-aanleiding-van-het-verslag-rond-erfgoedwet.28.txt__0,"[0, 1, 1]"
jaarverslag-homogene-groep-internationale-samenwerking-hgis-2014.35.txt,Policyarchive_text\jaarverslagen\2015\jaarverslag-homogene-groep-internationale-samenwerking-hgis-2014\jaarverslag-homogene-groep-internationale-samenwerking-hgis-2014.35.txt,2015,jaarverslag-homogene-groep-internationale-samenwerking-hgis-2014,0,bedrag eur dggf oda voldoet criteria dggf betreft ontwikkelingsrelevant invester handel middeninkomensland lijst goedgekeurd transacties voldoen daarbij eis gebied ontwikkelingsrelevantie crer werkgeleg verbeter productiviteit overdracht kennis maatschapp verantwoord afloss ontvangst eerder netto oda bnp,,0.04,"[0.048293131203678855, 0.007841812993228123, 0.0]","[False, False, True]","[False, False, False]",jaarverslag-homogene-groep-internationale-samenwerking-hgis-2014.35.txt__0,"[0, 0, 0]"
17-buitenlandse-handel.16.txt,Policyarchive_text\jaarverslagen\2015\17-buitenlandse-handel\17-buitenlandse-handel.16.txt,2015,17-buitenlandse-handel,0,grot verwev buitenland maakt economie evenen vatbar schok buitenaf sprekend voorbeeld sancties rusland onz eig economie rak zet verschill manier succes nederland bedrijfslev buitenland versterk ten eerst afsluit veelomvat handelsakkoord onderhandel veelomvat bilateral vrijhandelsverdrag canada ceta voltooid onderhandel vrijhandelsverdrag ttip dur voort offensiev belang belang maatschapp zorg akkoord adresser een zorg betreft scherming waarover zowel debat betrok stakeholder verder gevoerd ten twed via economisch diplomatie waaronder economisch missies kabinetsniveau vond uitgaand economisch missies inkom missies plat kader moderniser diplomatie samenwerk vakdepartement extra inspann geleverd versterk economisch dienstverlen mkb internationaliser economisch matie betekent regional medewerker busines development aangesteld europa europes bracht nieuw mededel ten aanzien ontwikkelingsagenda hierover werd raadsconclusies aangenom bracht evenen mededel privat sector ontwikkel hierover werd twee set raadsconclusies aangenom rond ratificatie intern akkoord elfd europes ontwikkelingsfond instrumentarium period pot stat bested aandacht outreach organisaties bedrijfslev inricht europes ontwikkelingssamenwerk hen toegank vier gelijkgezind lidstat schref brief nieuw europes waarin inzet komend period vermeld geintegreerd benader extern beleidscoherentie ontwikkel waaronder gebied handel belast textiel aandacht stan hierin central hieronder nader teruggekek ambities memorie geformuleerd ambities duurzam handel invester versterkt international handelssystem aandacht mvo multilateral handelssystem handelsland grot belang impas rond inwerkingtred handelsfacilitatie doorbrok daarmee wto onderhandelar wer volled richt afrond samenwerk unctad gewerkt vergrot markttoegang minst twed kamer vergaderjar xvii,"Colonial Exploitation, Slavery & Economic Inequality|Reparations and Remembrance|Modern & Everyday Racism",0.1,"[0.0547631021040589, 0.006744002360325454, 0.01491276060157637]","[True, True, True]","[True, True, True]",17-buitenlandse-handel.16.txt__0,"[1, 1, 1]"
8-onderwijs-cultuur-en-wetenschap.129.txt,Policyarchive_text\jaarverslagen\2015\8-onderwijs-cultuur-en-wetenschap\8-onderwijs-cultuur-en-wetenschap.129.txt,2015,8-onderwijs-cultuur-en-wetenschap,0,zbo integriteit gan elkar nadrukkelijker agenda zet ocw vindt beveil belangrijk thema eind wederom zelfevaluatie uitgevoerd inkoopbeher national archief maakt algemen rekenkamer aanbevel national archief kritisch beheersmaatregel structurel inkoopproces lat nem toe pass gedur national archief diver toegezegd beheersmaatregel genom inricht bijhoud contractregister uitvoer spendanalyses peil breng bemens financiel functie opstell bijhoud aanbestedingskalender financieel beher rijksdienst culturel erfgoed algemen rekenkamer constateerd inkoopbeher rijksdienst culturel erfgoed rce enkel tekortkom vertoond daarnaast rce later gepland nieuw subsidiesystem genom gevolg hiervan subsidieverlen instandhoud monument ordelijk controler tenslot proces vaststell subsidies verbeterd ten opzicht rce planmat gewerkt constater aanbevel algemen rekenkamer auditdienst rijk gevolg gehad subsidieverlen instandhoud monument tijdig ordelijk controler verlop openstaand vast stell subsidies zull verwacht ingelop ten aanzien misbruik oneigen regel over onderk frauderisico burger contact gan betrouw waarbij toevertrouwd veilig verwerkt bewaard erop vertrouw eig system voldoen betrouwbaarheidseis beschik integriteit vertrouw derd verkreg juist volled invull betrouwbaarheidseis med vastgelegd hierbov genoemd rijksbred beveiligingskader aangevuld handleid tegengan misbruik oneigen regel ocw sluit kader helpt aanpak kan intern extern fraud misbruik oneigen beperkt mogelijk houd ocw zicht zowel extern intern risico fraud bedreig intern risico fraud intern gat ocw princip ieder medewerker medewerker facilitair dienst eig verantwoord ten aanzien beveil inbegrip verstand omgan risico fraud medewerker overlegg aantred verklar omtrent gedrag vog medewerker vertrouwensfuncties ondergan veiligheidsonderzoek aivd ocw veilig regelmat aandacht uiteenlop bewustwordingsactiviteit twed kamer vergaderjar viii bedrijfsvoeringsparagraf,Reparations and Remembrance|Modern & Everyday Racism,0.1152524729891748,"[0.0070635827963249345, 0.032557072684434106, 0.06770148950666344]","[False, True, True]","[False, True, True]",8-onderwijs-cultuur-en-wetenschap.129.txt__0,"[0, 1, 1]"
kamerbrief-antwoorden-vragen-beleidsdoorlichting-arbeidsongeschiktheid.11.txt,Policyarchive_text\kamerstukken\2015\kamerbrief-antwoorden-vragen-beleidsdoorlichting-arbeidsongeschiktheid\kamerbrief-antwoorden-vragen-beleidsdoorlichting-arbeidsongeschiktheid.11.txt,2015,kamerbrief-antwoorden-vragen-beleidsdoorlichting-arbeidsongeschiktheid,0,gemeent uwv vanaf uwv goed afsprak gemaakt effect opgevang voort belang mens wao wajong gaandeweg daalt bijna sprak nieuw instrom valt verklar ongever miljoen bested inkop voorzien wao miljoen uitvoeringskost bedrag stan beginsel los elkar bedrag miljoen betrek kost inkop uwv dienst voorzien bedrag uitvoeringskost gedeelt betrek kost eig apparat verband inkop traject verstrek voorzien bedrag daarnaast kost begrep eig integratiedienstverlen uwv eig dienstverlen wao ers begeleid bemiddeld werk traject voorzien ingekocht geeft ervar vrijwill aanleid denk percentag succesvoll plaatsing ban toenem arbeidsmarkt krapper wanner arbeidsmarkt krapper neemt werkgever arbeid toe inderdad waarschijn percentag succesvoll plaatsing ban toenem kantteken wao ers gat zittend bestand nagenoeg instrom wao bestand mens sted ouder samenstell bekend arbeidsongeschiktheidscategorie wao ers vall vrijwill aanmeld bekend vergt nader analys beschik grot positiev negatiev inkomenseffect wanner variant szw inkomensverreken budgetneutral ingevoerd lineair lat afbouw naarmat inkomst arbeid toenem variant szw gan werk lonend echter dergelijk uitvoer inkomensverreken negatiev inkomenseffect beteken wao ers verdienst arbeid juist positiev inkomenseffect ander afhank war huidig uitkeringshoogt bevindt ten opzicht lineair afbouwpad indien huidig uitker afbouwpad ligt uitker stijg uitker huidig stapsgewijz afbouw lineair afbouwpad ligt uitker dal zie beleidsdoorlicht exact inkomenseffect variant afhank diver,"Colonial Exploitation, Slavery & Economic Inequality|Reparations and Remembrance|Modern & Everyday Racism",0.0567047977123742,"[0.04283676943325305, 0.0007539404951009824, 0.01170058613285718]","[True, True, True]","[True, True, True]",kamerbrief-antwoorden-vragen-beleidsdoorlichting-arbeidsongeschiktheid.11.txt__0,"[1, 1, 1]"
antwoorden-op-kamervragen-voorjaarsnota-2015.92.txt,Policyarchive_text\kamerstukken\2015\antwoorden-op-kamervragen-voorjaarsnota-2015\antwoorden-op-kamervragen-voorjaarsnota-2015.92.txt,2015,antwoorden-op-kamervragen-voorjaarsnota-2015,0,kunt toelicht versober groen helemal structurel gedekt eerder doorgevoerd versober groen suppletoir structurel gecorrigeerd hiervor benodigd dekking gevond gehel tegenvaller zie,,0.0417028828114149,"[0.0, 0.0, 0.06480071723076919]","[False, True, False]","[False, False, False]",antwoorden-op-kamervragen-voorjaarsnota-2015.92.txt__0,"[0, 0, 0]"
mariene-strategie-voor-het-nederlandse-deel-van-de-noordzee-2012-2020-deel-3.125.txt,Policyarchive_text\beleidsnotas\2015\mariene-strategie-voor-het-nederlandse-deel-van-de-noordzee-2012-2020-deel-3\mariene-strategie-voor-het-nederlandse-deel-van-de-noordzee-2012-2020-deel-3.125.txt,2015,mariene-strategie-voor-het-nederlandse-deel-van-de-noordzee-2012-2020-deel-3,0,marien strategie noordzee kennisleemt kennis implementatie aangegev marien strategie kennisleemt vull belangrijk gebied relatief nieuw bronn effect zwerfvuil onderwatergeluid cumulatiev effect menselijk handel kwaliteit ecosystem kennisvrag kaart breng stur ienm kennisagenda noordzee opgesteld kennis beher kennis nodig krm aanverwant beleidsveld hierin geintegreerd geest krm aanvull voortbouw bestaand noordzee specifiek krm belangrijkst kennisleemtes geidentificeerd leemtes gerelateerd implementatie betreff samenstell functioner marien ecosystem met beoordel effect menselijk handel agenda opgenom marien strategie kennis juist moment beschik ijkpunt daarvor intermediat assessment ospar actualisatie national beoordel milieutoestand noordzee beoordel behal goed milieutoestand termijn sturend programmer krm,Reparations and Remembrance|Modern & Everyday Racism,0.0752576694706877,"[0.04253520985043697, 0.019911199834311197, 0.0025897467218792872]","[False, True, True]","[False, True, True]",mariene-strategie-voor-het-nederlandse-deel-van-de-noordzee-2012-2020-deel-3.125.txt__0,"[0, 1, 1]"
tk-nadere-informatie-inzake-bolletjesvluchten-vanaf-eindhoven-airport.1.txt,Policyarchive_text\kamerstukken\2015\tk-nadere-informatie-inzake-bolletjesvluchten-vanaf-eindhoven-airport\tk-nadere-informatie-inzake-bolletjesvluchten-vanaf-eindhoven-airport.1.txt,2015,tk-nadere-informatie-inzake-bolletjesvluchten-vanaf-eindhoven-airport,0,retouradres postbus den hag voorzitter twed kamer postbus den hag datum nader informatie inzak bolletjesvlucht vanaf eindhov airport jongstled beantwoord med namen staatssecretaris infrastructur milieu schriftelijk led leender recourt rebel all pvda bericht ambtenar bolletjesvlucht vanaf eindhov airport zei daarin toe kamer inzak bepaald nader informer zodra uitsluitsel inmiddel med namen staatssecretaris ienm volgend meedel stat luchtvaartmaatschappij koninkrijk grond huidig wetgev vrij vlucht voer koninkrijk arkefly voornemen najar start vlucht curaçao aruba vanaf eindhov airport eap zodra voornem bekend intensief overleg opgestart betrok privat overheidspartij aangezien vlucht land zogenaamd geldt blek mogelijk eap benodigd passagier bagag voer gezien kort voorbereidingstijd grot benodigd invester afgezet klein vlucht twee per wek feit gegarandeerd arkefly vlucht lengt uitvoer beschik robuust controlesystem eap beteken deur drugssmokkel eindhov wijd open gezet optie arkefly daarom goed overleg beslot gepland vlucht curaçao aruba verplaats schiphol war luchtvaartmaatschappij vlucht uitvoert bestemm onwens vanaf luchthaven eap gevlog bestemm sterk verhoogd risicokarakter ten aanzien drugssmokkel daarom gewerkt aanpass luchtvaartwet najar consultatie gan schiphol begonn problem rondom zogehet bolletjeslikker pak moment toepass vlucht curaçao aruba maart surinam venezuela intercontinental vlieg vanaf regional luchthaven start ord voorgenom aanpass luchtvaartwet afbreuk staand kabinetsbeleid stimuler vakantievlucht zovel mogelijk plaatsvind vanaf regional luchthaven teneind beschik ruimt rechtspleg rechtshandhav directie rechtshandhav criminaliteitsbestrijd georganiseerd criminaliteit turfmarkt den hag postbus den hag kenmerk beantwoord datum kenmerk vermeld wilt slecht een zak brief behandel,"Colonial Exploitation, Slavery & Economic Inequality|Reparations and Remembrance|Modern & Everyday Racism",0.124434203367651,"[0.052492620479245265, 0.008878541382207297, 0.005705684040879945]","[True, True, True]","[True, True, True]",tk-nadere-informatie-inzake-bolletjesvluchten-vanaf-eindhoven-airport.1.txt__0,"[1, 1, 1]"
nota-naar-aanleiding-van-het-verslag-rond-erfgoedwet.43.txt,Policyarchive_text\kamerstukken\2015\nota-naar-aanleiding-van-het-verslag-rond-erfgoedwet\nota-naar-aanleiding-van-het-verslag-rond-erfgoedwet.43.txt,2015,nota-naar-aanleiding-van-het-verslag-rond-erfgoedwet,0,evenen led reger waarborgt ensembles ieder geval standaard zowel bescherm monument cultuurgoed onderzocht teneind voorkom bescherm culturel erfgoed slecht gedeelt verf komt tegenwoord aanwijz rijksmonument standaard bezien cultuurhistorisch waard aanwez daartoe hor architectonisch waard historisch omgev interieur immateriel aspect archeologie vanuit integral beoordel gemotiveerd bezien onroer zak rijksbeschermd status krijg bescherm erfgoed led constater aardbevingsgebied groning vel rijksmonument ligg beschadigd bedreigd schad led fractie middel restauratiefonds provincies verdeeld provincies hoevel geld gat groning led constater convenant ipo geevalueerd reger bereid evaluatie geld provincie groning specifiek monument aardbevingsschad beschadigd restaurer informer provincies verdel miljoen gedecentraliseerd restauratiemiddel ingevolg bestur afsprak interprovinciaal overleg ipo provinciefond toegevoegd volgen verdeelsleutel provincies rato monument bedrag provincie groning gegan evaluatie bestur afsprak plaatsgevond kamer gestuurd kamerstuk daarin specifiek aandacht bested schad ten gevolg aardbev regulier restauratiemiddel immer bedoeld bekost schadeherstel preventie kader aardbev geschiedt vanuit budget daarvor beschik gesteld bestuursakkoord vertrouw herstel herstel vertrouw bijzonder aandacht daarbij bested behoud culturel erfgoed karakteristiek bebouw waaran gebied kwaliteit identiteit belangrijk mat ontleent moment economisch zak ocw provincie groning middel monument best ingezet samensprak diver partij regio nam led waarom duidelijk regel zorgplicht monumenteigenar ter voorkom passief actief verval nodig geacht terwijl anderzijd wijzig monument vergunningplicht wetsvoorstel definitie normal onderhoud bevat bovendien constater basis jurisprudentie basal norm geformuleerd ten aanzien verantwoord monumenteigenar waarom kiest reger duidelijk bied monumenteigenar ten aanzien verantwoord,"Colonial Exploitation, Slavery & Economic Inequality|Reparations and Remembrance|Modern & Everyday Racism",0.07972410051791,"[0.012077677734638732, 0.05273391277390214, 0.03786142750457707]","[True, True, True]","[True, True, True]",nota-naar-aanleiding-van-het-verslag-rond-erfgoedwet.43.txt__0,"[1, 1, 1]"
16-volksgezondheid-welzijn-en-sport.90.txt,Policyarchive_text\jaarverslagen\2015\16-volksgezondheid-welzijn-en-sport\16-volksgezondheid-welzijn-en-sport.90.txt,2015,16-volksgezondheid-welzijn-en-sport,0,beleidsartikel oorlogsgetroffen herinner wereldoorlog algemen beleidsdoelstell zorg verzetsdeelnemer oorlogsgetroffen twed wereldoorlog geborgd mens beseff med basis gebeurteniss betekent vrijheid lev belangrijk herinner levend houd borg blijvend betekenis verhal oorlog leidend begripp ereschuld bijzonder solidariteit ten aanzien deelnemer voormal verzet oorlogsgetroffen belang levend houd herinner geldt nabestaand mens oorlog meegemaakt juist nieuw generaties generaties later betekenis gev facet geschiedenis geldt zowel oorlog europa afgespeeld vooral holocaust dieptepunt menselijk handel evenzo oorlog voormal betekenis levend houd herinner gerelateerd hedendag vraagstuk grondrecht democratie international rechtsord vrijheid vws zorgt infrastructur mogelijk maakt rol verantwoord vervult regisser rol betrek actueel houd wet regelgev verzetsdeelnemer getroffen stand houd infrastructur mogelijk maakt herinner blijvend betekenis lat houd vws med financier maatschapp werk social dienstverlen uitkeringsrad pur erkend deelnemer voormal verzet oorlogsgetroffen subsidier zogenoemd begeleid instell stichting cogis vanuit rol uitvoerder vws opdrachtgever zelfstand bestuursorgan uitkeringsrad pur social verzekeringsbank svb algemen geling indonesie caor uitvoer toepass wet regel verzetsdeelnemer oorlogsgetroffen stichting afwikkel rechtsherstel sinti roma sarsr houdt organisaties twed kamer vergaderjar xvi,Reparations and Remembrance|Modern & Everyday Racism,0.1324244383943461,"[0.020927785015242898, 0.055766263461945006, 0.008291924148066142]","[False, True, True]","[False, True, True]",16-volksgezondheid-welzijn-en-sport.90.txt__0,"[0, 1, 1]"
bijlage-vragen-en-antwoorden-15e-halfjaarsrapportag.12.txt,Policyarchive_text\kamerstukken\2015\bijlage-vragen-en-antwoorden-15e-halfjaarsrapportag\bijlage-vragen-en-antwoorden-15e-halfjaarsrapportag.12.txt,2015,bijlage-vragen-en-antwoorden-15e-halfjaarsrapportag,0,verzoek bijstand verwerk daarnaast houd fte lic bezig invorder toeslagschuld bulgarij roemenie verzoek belgie duitsland invorder total lijst halfjaarsrapportag vooral beperkt beschik capaciteit counterpart buitenland zie hiervor opmerk invorder ontstan toeslagschuld inschat tijdelijk extra inzet fte maximal capaciteitsinzet buitenland counterpart bereikt inschat mak afhank verschill goed schat factor gat verzoek behandel genom buitenland counterpart openstaand verzoek betreff land hoogt openstaand toeslagschuld per individueel geval mens onbek adres waarvan adres gevond regieteam bestat specialist verschill ministeries volgt genoemd invorderingsacties kritisch brengt verwacht advies acties voortgezet gestopt streepj momentel capaciteit lic onvoldo dynamisch monitor hold gezet kunt uitlegg war belastingdienst extra capaciteit vandan haalt rest verlor beschouwd sprak hog mat rechtsong waarbij goedwill burger verhal biedt pineut belastingdienst maakt afweg inspann hierbij gekek aanwez capaciteit goed mogelijk ingezet belastingdienst duidelijk signal afgev all onterecht toeslag ontvang terug zull betal juist tegemoet kom rechtsgevoel burger vorder daadwerk incasser zet belastingdienst verschill middel keuz middel ingezet afhank belang vorder risico vorder uiteind vereff schuld bewaakt middel dynamisch monitor later verhaalsmog voordoen alsnog gepoogd schuld incasser mogelijk voorschotverstrek buitenlander schaff vlag beperkt verhaalmog reden grond waarvan uitbetal voorschot achterweg opgeschort limitatief opgesomd wet enkel feit toeslaggerechtigd buitenland woonacht buitenland nationaliteit bezit hoort aanpass wet ligt hand dergelijk oploss biedt veelvuld voorkom situatie toeslaggerechtigd pas verstrek toeslag buitenland vertrekt snel leid ongeoorloofd discriminatie ziet mogelijk wet regelgev zodan pass mens buitenland vertrek onterecht ontvang toeslag terug betal international,"Colonial Exploitation, Slavery & Economic Inequality|Reparations and Remembrance|Modern & Everyday Racism",0.1205527562230206,"[0.0056632387478533315, 0.0067996793739062145, 0.04928149535607072]","[True, True, True]","[True, True, True]",bijlage-vragen-en-antwoorden-15e-halfjaarsrapportag.12.txt__0,"[1, 1, 1]"
bijlage-1-nota-naar-aanleiding-van-het-verslag-omgevingswet.301.txt,Policyarchive_text\beleidsnotas\2015\bijlage-1-nota-naar-aanleiding-van-het-verslag-omgevingswet\bijlage-1-nota-naar-aanleiding-van-het-verslag-omgevingswet.301.txt,2015,bijlage-1-nota-naar-aanleiding-van-het-verslag-omgevingswet,1,regel handel regel afvalstoff,,0.0447213595499957,"[0.09422335500846268, 0.0, 0.0]","[False, False, False]","[False, False, False]",bijlage-1-nota-naar-aanleiding-van-het-verslag-omgevingswet.301.txt__1,"[0, 0, 0]"
antwoorden-kamervragen-najaarsnota-2015-bijlage-1.46.txt,Policyarchive_text\kamerstukken\2015\antwoorden-kamervragen-najaarsnota-2015-bijlage-1\antwoorden-kamervragen-najaarsnota-2015-bijlage-1.46.txt,2015,antwoorden-kamervragen-najaarsnota-2015-bijlage-1,0,kunt aangev hoeverr structurel doorwerk meevaller medicijn opgenom najaarsnota actualiseert ontwikkel inkomst uitgav lopend begrotingsjar mutaties ten opzicht stand miljoenennota gepresenteerd structurel doorwerk meevaller stand miljoenennota verwerkt,Modern & Everyday Racism,0.04,"[0.004628024472650679, 0.02100127536068003, 0.06215466448571932]","[False, False, True]","[False, False, True]",antwoorden-kamervragen-najaarsnota-2015-bijlage-1.46.txt__0,"[0, 0, 1]"
17-buitenlandse-handel.14.txt,Policyarchive_text\jaarverslagen\2015\17-buitenlandse-handel\17-buitenlandse-handel.14.txt,2015,17-buitenlandse-handel,0,land overgang mak handelsrelatie colombia vietnam transitie nodig ervar opgedan uiteraard bilateral relatie bred spectrum beslan wanner sprak handelsrelatie goed voorbeeld inzet arbeidsomstand textielsector bangladesh verbeter kom hulp handel immer instort rana plaza belangrijk voortgang gemaakt doordring lokal betrok bedrijv wederzijd belang goed transparant manier werk ketenverduurzam textielsector bangladesh steenkoolket colombia war initiatief duurzam handel idh vorder mee maakt essentiel stapp weg duurzam inclusiev groei war handel invester positiev rol spel motiveert via sector risico analys sra bedrijv ket kaart breng international maatschapp verantwoord ondernem imvo norm vanuit motivatie actief tegengan belastingontwijk inzet buitenland handel ontwikkelingssamenwerk ontwikkelingsland betrok overleg daarover oeso inspann antimisbruikbepal nem bilateral belastingverdrag ontwikkelingsland voortgezet teven technisch assistentie belastingdienst ontwikkelingsland geintensiveerd handelspolitiek terrein wto doorbrak behaald gebied handelsfacilitatie geeft belangrijk impul toegang wereldhandel middeninkomensland afsluit economisch partnerschapsakkoord nieuw fas gekom rol honest broker vervuld droeg succesvoll afrond epa west zuidelijk afrika wereldwijd nem spanning beschik betal energiebronn economisch groei klimat toe daarom verder gewerkt ontwikkel nieuw ambitieus international klimaatbeleid breder inbed klimat uitbann extrem armoed een generatie gecommitteerd uitbann extrem armoed betekent verstrek direct hulp aangrijp verschill oorzak armoed inzet speerpunt water voedselzeker rechtsord seksuel reproductiev gezond recht srgr goed geleid inzet toegang water sanitatie verbeterd geleverd verhoogd waterproductiviteit landbouw verbeterd beher veilig delta privat sector gewerkt verbeter landbouw voedselproductie minst ontwikkeld land tegelijkertijd initiatiev ontplooid positie satie kleinschal boer nam vrouw versterk strijd ondervoed adresser twed kamer vergaderjar xvii,"Colonial Exploitation, Slavery & Economic Inequality|Reparations and Remembrance|Modern & Everyday Racism",0.0718421208107099,"[0.0650813423566566, 0.006339678886604272, 0.01516055435862459]","[True, True, True]","[True, True, True]",17-buitenlandse-handel.14.txt__0,"[1, 1, 1]"
beantwoording-kamervragen-over-1e-suppletoire-begroting-vws.3.txt,Policyarchive_text\kamerstukken\2015\beantwoording-kamervragen-over-1e-suppletoire-begroting-vws\beantwoording-kamervragen-over-1e-suppletoire-begroting-vws.3.txt,2015,beantwoording-kamervragen-over-1e-suppletoire-begroting-vws,0,opsplits mutatie extramuraliseringseffect bedrag miljoen euro extramuraliseringseffect waarvan afbouwtempo waarvan afbaken structurel vanaf leidt lager afbouwtempo besparingsverliez structurel effect immer enkel later alsnog bereikt bijstell betreft technisch correctie ontwerpbegrot vanaf ten onrecht opbrengst extramuraliser verwerkt zorgakkoord afgesprok geextramuraliseerd boekhoud kabinet vanaf volled verwerkt voorjaarsnota structurel gecorrigeerd tegenover bruto besparingsverlies vanweg hoger intramural zorgkost wlz stan hoger opbrengst intramural eig bijdrag lager zorgkost gemeent verzekerar extramural zorg financiel kader bkz voorjaarsnota resulter besparingsverlies budgettair gedekt derhalv aanvull beleidsmaatregel getroff besparingsverlies dek welk percentag structurel meevaller uitgav hielprik rijksvaccinatieprogramma toe schrijv gewijzigd geboortecijfer waarom oorspronk begrot voorzien plotsel nieuw inzicht ontwikkel geboortecijfer waarvan kamer hoogt gebracht budget uitgav uitvoer rijksvaccinatieprogramma hielprik vanuit awbz overgeheveld begrot vws daarbij budget bened bijgesteld lijn breng daadwerk uitgav daarmee actuel geboorteontwikkel nieuw inzicht ontwikkel geboortecijfer waarom circa miljoen onderbested opleid verpleegkund specialist psychician assistant verhoudt onderbested ambities reger gebied substitutie taakherschik studiejar aantal beschik opleidingsplaats opleid physician assistant opleid verpleegkund specialist nagenoeg benut laatst twee studiejar sprak onderbenut med mak feit studiejar bekostigd opleidingsplaats toegenom red hiervor nam geleg feit ziekenhuiz sprak tekort leerwerkplek,"Colonial Exploitation, Slavery & Economic Inequality|Modern & Everyday Racism",0.0708881205008335,"[0.015899496914718227, 0.0018864224052649666, 0.046925275896585995]","[True, False, True]","[True, False, True]",beantwoording-kamervragen-over-1e-suppletoire-begroting-vws.3.txt__0,"[1, 0, 1]"
kaXREMOVEBLOCKsagenda-en-financing-for-development.10.txt,Policyarchive_text\kamerstukken\2015\kaXREMOVEBLOCKsagenda-en-financing-for-development\kaXREMOVEBLOCKsagenda-en-financing-for-development.10.txt,2015,kaXREMOVEBLOCKsagenda-en-financing-for-development,0,directie multilateral instell mensenrecht onz referentie schon drinkwater eerlijk handel schuldverlicht hulp wereldwijd toegenom oda vergrot handel schuldenlast ontwikkelingsland terug gedrong toegang modern technologie ict vergrot focus tariev kredietwaard vergrot kwetsbar verlag geleerd less millenniumdoel nieuw agenda voortbouw geleerd less millenniumdoel less geleerd volgend gebied ongelijk rechtenbenader terrein voortgang geboekt millenniumdoel sprak grot ongelijk land groep individuen sommig groep samenlev stelselmat uitgeslot gediscrimineerd vooral vrouw meisjes etnisch groep religieuz groep gehandicapt lgbt onvoldo aandacht millenniumdoel nieuw benadruk belang respect waardig niemand uitgeslot leav one behind koninkrijk werkt tanzania mexico overseas development institut united nation foundation ervor zorg princip sterk nieuw verankerd kritiek millenniumdoel geleid technisch benader ontwikkel gebrek rechtenbenader aandacht uitsluit social bescherm vormd duidelijk hiaat millenniumdoel onvoldo aandacht aanpak genderong realiser recht vrouw meisjes aandacht recht mens social bescherm toekomst politieker inzet ontwikkel mogelijk mak duurzam millenniumdoel beperkt aandacht duurzaamheidsonderwerp hoewel voortgang geboekt millenniumdoel halver armoed belang toekomst uitbann armoed reken gehoud gevolg klimat milieu klimaatverander gat onz inzet armoedebestrijd verlor overstrom droogt klimaatverander rak armst mens armst land meest daarnaast geldt sted beleidsterrein reken houd duurzam kost toekomst voorkom fragiel stat fragiel stat ver geblev hal millenniumdoel zev land enkel millenniumdoel zull bereik zes fragiel toekomst extrem armoed concentrer fragiel stat,Reparations and Remembrance|Modern & Everyday Racism,0.0913168232856559,"[0.03909344099239502, 0.013561886883988761, 0.04320622662199478]","[False, True, True]","[False, True, True]",kaXREMOVEBLOCKsagenda-en-financing-for-development.10.txt__0,"[0, 1, 1]"
antwoorden-op-kamervragen-voorjaarsnota-2015.84.txt,Policyarchive_text\kamerstukken\2015\antwoorden-op-kamervragen-voorjaarsnota-2015\antwoorden-op-kamervragen-voorjaarsnota-2015.84.txt,2015,antwoorden-op-kamervragen-voorjaarsnota-2015,0,hog structurel saldo mto mto vastgelegd procent bbp term structurel saldo cep raamd cpb structurel saldo procent bbp waarmee voldoet mto cpb publiceert updat structurel saldo aanleid voorjaarsbesluitvorm publiceert cpb mev nieuw updat structurel saldo,Modern & Everyday Racism,0.0566138517072297,"[0.0, 0.0, 0.08797037395267837]","[False, False, True]","[False, False, True]",antwoorden-op-kamervragen-voorjaarsnota-2015.84.txt__0,"[0, 0, 1]"
8-onderwijs-cultuur-en-wetenschap.131.txt,Policyarchive_text\jaarverslagen\2015\8-onderwijs-cultuur-en-wetenschap\8-onderwijs-cultuur-en-wetenschap.131.txt,2015,8-onderwijs-cultuur-en-wetenschap,0,gewichtenregel primair schol achterstandsleerl krijg via gewichtenregel extra geld personel materieel bepal wicht gebaseerd ouderverklar opleidingsniveau ouder leerlingengewicht werkt uitker rondom impulsgebied gewichtenregel waaronder regel impulsgebied bedrag gemoeid miljoen gewicht gecontroleerd hand ouder ingevuld ouderverklar hierdor neemt risico foutiev opgaf afwijk ingevuld formulier schol fout schol laatst mak basis bedoeld ouderverklar gewichttoekenn toeneemt loopt momentel aanvull control actie vanuit ocw onrechtmat terug breng kader krijgt beperkt schol gezamen gewichtenmiddel krijgt hulp gewichtenadministratie ord krijg fout corriger verwacht onrechtmat hiermee toekomst aanzien afneemt hiermee echter risico ondervang ouder verkeerd opgaf risico schol onjuist gewicht toekenn basis weliswar volled ingevuld waarheid berust ouderverklar bestan ouder zoud slecht getoetst document diploma opleidingsniveau bevest dergelijk toet schol uitvoer daarom gezocht mogelijk toekomst via manier schol gewicht toe kenn waarbij opleid ouder criterium voorkeur goed voorspeller achterstand informatie gewichtenregel per brief twed kamer gedeeld lastig schat restrisico daarom total bedrag gewichtenmiddel miljoen restrisico aangemerkt leerling culturel achtergrond schol leerling culturel achtergrond kom aanmerk aanvull vergoed uitgav leerling culturel achtergrond bedrag miljoen opgav schol gecontroleerd hand ouder verzorger getek verklar inschrijfformulier inhoud verklar sluitend gecontroleerd restrisico leerling culturel achtergrond miljoen nederland anderstal kinder achtergrond afkomst surinam antill aruba materiel instandhoud nederland anderstal uitgav leerling dergelijk achtergrond bedrag miljoen opgav schol steekproefsgewijs gecontroleerd hand twed kamer vergaderjar viii bedrijfsvoeringsparagraf,"Colonial Exploitation, Slavery & Economic Inequality|Reparations and Remembrance|Modern & Everyday Racism",0.0878275310689946,"[0.002354937678350411, 0.00776557490066742, 0.06046089885771293]","[True, True, True]","[True, True, True]",8-onderwijs-cultuur-en-wetenschap.131.txt__0,"[1, 1, 1]"
antwoorden-op-kamervragen-voorjaarsnota-2015.52.txt,Policyarchive_text\kamerstukken\2015\antwoorden-op-kamervragen-voorjaarsnota-2015\antwoorden-op-kamervragen-voorjaarsnota-2015.52.txt,2015,antwoorden-op-kamervragen-voorjaarsnota-2015,0,waarom laatst vrijwel elk budgettair nota meevaller geneesmiddel med vanweg preferentiebeleid waarom structurel beter geraamd kunt aangev hoeverr vjn cijfer zorg bijzonder medicijn structurel doorwerk meevaller opgenom raming uitgav geneesmiddel aanvang kabinetsperiod nauwkeur mogelijk bepaald inbegrip groei begin kabinetsperiod verwacht vastgesteld basis realisatiecijfer zorginstitut premiegefinancierd zorguitgav waaronder geneesmiddel geactualiseerd geconstateerd uitgav ten opzicht raming gunstig zin ontwikkeld waarop raming enkel mal aangepast realistisch mogelijk inschat structurel effect meerder factor geleid ramingsbijstell meevaller geneesmiddelenuitgav preferentiebeleid speelt patentverlop rol samengesteld effect factor ant goed mogelijk ingeschat precies berek direct invloed preferentiebeleid verzekerar fabrikant aanstur war gat beschik kom goedkoper middel patentverlop voorlop realisatiecijfer zorguitgav kwam eerst kwartal beschik verwerkt jaarverslag voorjar beoordeeld meevaller structurel doorwerk verder vervolgen verwerkt voorjaarsnota suppletoir begrotingswet bladzijd vertical budgettair kader zorg voorjaarsnota treft structurel doorwerk meevaller hulpmiddel jaarverslag doorwerk afreken betreft geneesmiddel neerwaart bijstell,Modern & Everyday Racism,0.0838742136829325,"[0.0035076208648557794, 0.016903045293582993, 0.06662924208166555]","[False, False, True]","[False, False, True]",antwoorden-op-kamervragen-voorjaarsnota-2015.52.txt__0,"[0, 0, 1]"
antwoorden-op-kamervragen-over-ez-begroting-2016-deel-economie-en-innovatie.110.txt,Policyarchive_text\kamerstukken\2015\antwoorden-op-kamervragen-over-ez-begroting-2016-deel-economie-en-innovatie\antwoorden-op-kamervragen-over-ez-begroting-2016-deel-economie-en-innovatie.110.txt,2015,antwoorden-op-kamervragen-over-ez-begroting-2016-deel-economie-en-innovatie,0,grot zull personel uitgav overheidsdienst groning grot kost gemoeid intensiver energiedirectie personel uitgav overheidsdienst groning zie kost uitbreid energiedirecties bedrag zie grot materiel component overheidsdienst groning begrot gat budget personel huisvest war materiel component waardor verwacht verdubbel taakstell veroorzaakt total loopt structurel vanaf taakstell definitief verdeeld verschill ten opzicht veranderd toedel keuzes gemaakt waarop bespaard lang drie lijn toedel ingevuld gericht mak inricht process werkwijz versober nagenoeg elk dienstonderdel efficiencytaakstell structurel vanaf opgelegd gekreg zbo rwt aangeslag basis taakstellingspercentages reger akkoord vanaf structurel taakstell total taakstell loopt structurel vanaf wijz tekort agentschap telecom gedekt ontstat doordat kost hoger ligg bat tekort gedekt post verreken vergunninghouder sprek post ontstan overdek tariev agentschap telecom overdek aangepakt ontwikkel nieuw kostprijsmodel waardor tariev zull dal hoevel geld specifiek begrot gamma verwacht begrot bedrag,"Colonial Exploitation, Slavery & Economic Inequality|Reparations and Remembrance|Modern & Everyday Racism",0.0759072115276589,"[0.01713482987387753, 0.0, 0.05010957856480248]","[True, True, True]","[True, True, True]",antwoorden-op-kamervragen-over-ez-begroting-2016-deel-economie-en-innovatie.110.txt__0,"[1, 1, 1]"
p595288-bsg-feitelijke-vragen-buha-os-bijlage-1.13.txt,Policyarchive_text\kamerstukken\2015\p595288-bsg-feitelijke-vragen-buha-os-bijlage-1\p595288-bsg-feitelijke-vragen-buha-os-bijlage-1.13.txt,2015,p595288-bsg-feitelijke-vragen-buha-os-bijlage-1,0,totaallijst feitelijk vaststell begrotingsstat buitenland handel ontwikkelingssamenwerk kost eerstejaarsopvang asielzoeker toegerek basis raming gemaakt moment raming instrom geactualiseerd najaarsnota med licht motie slob basis geactualiseerd instrom inzicht gemaakt kost gedekt zie hoevel uitgav eerstejar asielopvang ten last begrot than later geraamd huidig raming eerstejar asielopvang bedrag eur miljoen vanaf nieuw betalingsritm afgesprok moment betal vanuit lijn breng moment uitgav asielopvang plaatsvind raming daarom eenmal verlaagd eur miljoen raming basis instrom asielzoeker zie verder daarna verder eur miljard eur miljard eur miljard eur miljard eur miljard hoevel middel buitenland handel vrijgemaakt begrot volgend middel buitenland handel betreff begrotingsartikel versterkt international handelssystem aandacht maatschapp verantwoord ondernem versterkt investeringspositie economisch naamsbek onderstaand stan meerjar budget period evenen terug vind waarom post onvoorzien opgenom begrot begrot buitenland handel ontwikkelingssamenwerk xvii programmabegrot conform begrotingsvoorschrift programmabegrot bevat begrot buitenland zak post onvoorzien opgenom apparaatsuitgav departement buitenland zak hoevel middel dutch god growth fund dggf gecommitteerd,"Colonial Exploitation, Slavery & Economic Inequality|Reparations and Remembrance|Modern & Everyday Racism",0.0691668501245082,"[0.056559607957622285, 0.0028266915438964146, 0.017297151260962453]","[True, True, True]","[True, True, True]",p595288-bsg-feitelijke-vragen-buha-os-bijlage-1.13.txt__0,"[1, 1, 1]"
nota-naar-aanleiding-van-het-verslag-rond-erfgoedwet.57.txt,Policyarchive_text\kamerstukken\2015\nota-naar-aanleiding-van-het-verslag-rond-erfgoedwet\nota-naar-aanleiding-van-het-verslag-rond-erfgoedwet.57.txt,2015,nota-naar-aanleiding-van-het-verslag-rond-erfgoedwet,0,reger led culturel erfgoed belang regional lokal identiteit mening reger best beoordeeld beschermd niveau desbetreff gemeenschap elk verantwoord omgang dien eigendom wetsvoorstel tred autonom verantwoord waarborg bied procedur vervreemd zorgvuld transparant plat vindt daarmee zorgvuld afweg gemaakt over organisaties verantwoord eig collecties waarbij vormgev verantwoord inspiratie vind wetsvoorstel voorbeeld behoud schilderij jan goy dordrecht voorbeeld goed uitpak led benieuwd wijz cultur mecenat rol spel bescherm erfgoed rol particulier bescherm culturel erfgoed grot belang kost bescherm gedrag eigenar mecenat reger draagt via subsidies lening fiscal aftrek hieran geefgedrag verder stimuler geefwet lev geroep waarin fiscal opgenom een beleidsuitgangspunt war mogelijk particulier organisaties zet behoud culturel erfgoed wetsvoorstel particulier initiatief ruimt gebod behoud belangrijk cultuurbezit betreft uitbreid mogelijk beschermd cultuurgoeder behoud ondersteun particulier behoud erfgoed deelnam loterij goed geld gala bankgiroloterij belangrijk waarbij erfgoed een voornaamst particulier veren fonds bond heemschut veren hendrick keijser vfond veren rembrandt drag evenen bescherm erfgoed bijdrag aanschaf belangwek cultuurgoeder publiekstoegank zorg culturel erfgoed belangrijk ontwikkel getuigt waardevoll maatschapp betrok verantwoord culturel erfgoed bescherm onroer erfgoed led merk monument bescherm verbod slop verander breng toestemm evenwel plicht monument stand houd led realiser oplegg plicht extra beperk betekent eigenar monument war financieringsmog tegenover stan led reger huidig bescherm instrument voldoend mogelijk bied instandhoud monument garander instrument land bestan led weging instandhoudingsplicht bescherm monument plicht toe voeg nadel klev will wet,"Colonial Exploitation, Slavery & Economic Inequality|Reparations and Remembrance|Modern & Everyday Racism",0.0896258159530271,"[0.01622654443138268, 0.05964882492182711, 0.06433741163279269]","[True, True, True]","[True, True, True]",nota-naar-aanleiding-van-het-verslag-rond-erfgoedwet.57.txt__0,"[1, 1, 1]"
8-onderwijs-cultuur-en-wetenschap.99.txt,Policyarchive_text\jaarverslagen\2015\8-onderwijs-cultuur-en-wetenschap\8-onderwijs-cultuur-en-wetenschap.99.txt,2015,8-onderwijs-cultuur-en-wetenschap,0,verplicht realisatie verplicht miljoen lager geraamd verschil begrot veroorzaakt feitelijk realisatie verplicht bekost subsidies miljoen hoger verlag garantieverplicht miljoen gevolg lager toekenn garanties indemniteitsregel bruiklen collecties miljoen daarnaast over garanties verleend miljoen hoger toekenn garanties achterborgovereenkomst monument miljoen uitgav realisatie uitgav ligt miljoen lager kelijk begrot verschill verder verduidelijkt instrument bekost culturel basisinfrastructur period vier bekostigd cultuurstelsel period beschrev brief besluit culturel basisinfrastructur culturel basisinfrastructur bestat instell gebied podiumkunst tonel dan opera orkest beeldend kunst film musea letter bibliothek architectur vormgev nieuw media cultuureducatie bovensectoral instell daarnaast zes cultuurfonds sectoral georganiseerd cultuurfonds spel belangrijk rol cultuurstelsel middel flexibel kortlop ling dynamiek vernieuw cultur voet volg stat snel sectoral ontwikkel reager budget vierjar instell culturel basisinfrastructur miljoen verhoogd betreft prijsbijstell huisvest musea miljoen wijzig instellingssubsidies verband invester gebied huisvest miljoen budget fonds miljoen verhoogd ten behoev arbeidsvoorwaardenmiddel national fond podiumkunst stelling monumentenzorg brief geeft informatie wijz waarop subsidie instandhoud restauratie rijksmonument vanaf ingezet verdel regulier middel provincies verantwoord vastgelegd convenant interprovinciaal overleg ipo verder ondersteun instandhoud monument vindt plat lang weg fiscal aftrek vernieuwd besluit rijkssubsidier instandhoud monument brim herbestemmingsregel revolv fund woonhuismonument via fond eigenar monument woonhuiz restauratie laagrent lening krijg revolv fund plus national restauratiefond nrf instrument twed kamer vergaderjar viii beleidsartikel,"Colonial Exploitation, Slavery & Economic Inequality|Reparations and Remembrance|Modern & Everyday Racism",0.0562808961106315,"[0.011074988750788613, 0.03268910289274554, 0.058929184941680396]","[True, True, True]","[True, True, True]",8-onderwijs-cultuur-en-wetenschap.99.txt__0,"[1, 1, 1]"
nota-naar-aanleiding-van-het-verslag-rond-erfgoedwet.23.txt,Policyarchive_text\kamerstukken\2015\nota-naar-aanleiding-van-het-verslag-rond-erfgoedwet\nota-naar-aanleiding-van-het-verslag-rond-erfgoedwet.23.txt,2015,nota-naar-aanleiding-van-het-verslag-rond-erfgoedwet,0,inricht historisch haven verder mobiel erfgoed erfgoedmonitor erfgoedbalan ten behoev instandhoud eigenar mobiel erfgoed oud trein auto vliegtuig beroep laagrent lening national restauratiefond waarbij mondriaan fond inhoud adviser verzorgt varend erfgoed national restauratiefond samenwerk vsb fond apart regel draagt versterk kwaliteit operationel houd bijzonder mobiel erfgoed nrf dusver drie lening verstrekt locomotief bello museum stoomtram hoorn medemblik twee bot hydrograf piet hein waarvan laatstgenoemd geschenk volk prinselijk par juliana bernard lening catalina vliegbot eigendom beslot vennootschap doorgegan vestig hypothek onderpand instemm aandeelhouder reken mobiel erfgoed overigen rijksbeschermd status krijg mobiel erfgoed valt categorie cultuurgoeder wetsvoorstel roerend zak betreft zodoend beschermd cultuurgoed aangewez hiervor geldt roerend terughoud aanwijzingsbeleid beginsel vind aanwijz plat cultuurgoed dreigt verdwijn led merk onwens erfgoed versnippert belang collecties elkar elkar vall reger reager problem rond collectie tropenmuseum wereldmuseum brief ocw kamer geinformeerd oploss gevond collectie tropenmuseum behoud kamerstuk belangrijk onvervang collectie behoud overeenkomst stat konink institut trop kit geslot overdracht plat gevond erfgoedcollecties stat collecties bruiklen national museum wereldcultur fusie rijksmuseum volkenkund afrika museum tropenmuseum reger discussies tropenmuseum destijd voorkom daarom voorziet wetsvoorstel bepal ministeries colleges stat verplicht ocw overlegg alvoren besluit beher museaal cultuurgoed stat verstrek middel instell ten behoev daarvan beeindig wetsvoorstel aanvaardingsplicht ocw verankerd belangrijk verweesd cultuurgoeder verzamel ocw draagt vervolgen zorg beher cultuurgoeder verzamel aanvaard geldt voorwaard memorie,"Colonial Exploitation, Slavery & Economic Inequality|Reparations and Remembrance|Modern & Everyday Racism",0.0856460364115502,"[0.023379151224133178, 0.049143611397160954, 0.004560653349383753]","[True, True, True]","[True, True, True]",nota-naar-aanleiding-van-het-verslag-rond-erfgoedwet.23.txt__0,"[1, 1, 1]"
8-onderwijs-cultuur-en-wetenschap.175.txt,Policyarchive_text\jaarverslagen\2015\8-onderwijs-cultuur-en-wetenschap\8-onderwijs-cultuur-en-wetenschap.175.txt,2015,8-onderwijs-cultuur-en-wetenschap,0,cultur afrond doeltreff doelmat beleidsdoorlicht ander doeltreff doelmat evaluatie wet behoud cultuurbezit intern uitgevoerd doeltreff doelmat mkba ander doeltreff doelmat over scp culturel draagvlak rek culturel activiteit bezoek beoefen steun cbs monitor kunstenar kunstvakonderwijs arbeidsmarkt monitor kunstenar afgestudeerd creatiev opleid monitor cultuureducatie monitor cultuuronderwijs primair programma cultuureducatie kwaliteit bat overheidsinvester monumentenzorg uitgav cultur media gemeent provincies vooronderzoek satellietreken cultur creatiev industrie evaluatie wet vast boekenprijs twed evaluatie wet vast boekenprijs verkenn regel toegank mak gedigitaliseerd erfgoed extended collectiv licens panacee sering twed kamer vergaderjar viii,Reparations and Remembrance|Modern & Everyday Racism,0.0777481583023224,"[0.0, 0.011028599728295166, 0.05616823040725195]","[False, True, True]","[False, True, True]",8-onderwijs-cultuur-en-wetenschap.175.txt__0,"[0, 1, 1]"
17-buitenlandse-handel.62.txt,Policyarchive_text\jaarverslagen\2015\17-buitenlandse-handel\17-buitenlandse-handel.62.txt,2015,17-buitenlandse-handel,0,jaarreken departemental verantwoordingsstat buitenland handel ontwikkelingssamenwerk xvii bedrag eur omschrijv oorspronk vastgesteld begrot realisatie verschil realisatie oorspronk vastgesteld begrot ting uitgav ontvangst ting uitgav ontvangst ting uitgav ontvangst beleidsartikel duurzam handel ring duurzam ontwikkel voedselzeker water social vooruitgang vred ontwikkel versterkt kader keling twed kamer vergaderjar xvii,,0.0227921152919275,"[0.04802066824789334, 0.0011909243966235562, 0.0040004304276745]","[False, False, False]","[False, False, False]",17-buitenlandse-handel.62.txt__0,"[0, 0, 0]"
kamerbrief-met-reactie-op-advies-voordracht-immaterieel-erfgoed-bij-unesco.3.txt,Policyarchive_text\kamerstukken\2015\kamerbrief-met-reactie-op-advies-voordracht-immaterieel-erfgoed-bij-unesco\kamerbrief-met-reactie-op-advies-voordracht-immaterieel-erfgoed-bij-unesco.3.txt,2015,kamerbrief-met-reactie-op-advies-voordracht-immaterieel-erfgoed-bij-unesco,0,onz referentie betrok voordracht verdrag nem advies rad eiland moment bezig inventariss immaterieel erfgoed stell ervanuit afzien tijd opgenom koninkrijksinventaris zodat volgend adviesfas element vertegenwoordigd selectie voer gesprek land voortgang inventarisatie nominatieprocedur vind belangrijk international lat zien immaterieel erfgoed bred opgevat gat tradities hedendag uiting stedelijk jongerencultur immaterieel erfgoed migrant daarmee ontstat gevarieerd beeld immaterieel erfgoed vie binnenkort experiment start laagdrempel interactiev wijz immaterieel erfgoed toegank mak via portal zull gemeenschapp erfgoedpraktijk toevoeg hiermee diversiteit immaterieel erfgoed koninkrijk zichtbaarder gemaakt verwacht inventaris volgend gevarieerder geword meerder element selectie aanmerk kom cultur wetenschap jet bussemaker,Reparations and Remembrance|Modern & Everyday Racism,0.0986393923832143,"[0.004000396037424719, 0.04328586701047774, 0.01027403229569906]","[False, True, True]","[False, True, True]",kamerbrief-met-reactie-op-advies-voordracht-immaterieel-erfgoed-bij-unesco.3.txt__0,"[0, 1, 1]"
17-buitenlandse-handel.4.txt,Policyarchive_text\jaarverslagen\2015\17-buitenlandse-handel\17-buitenlandse-handel.4.txt,2015,17-buitenlandse-handel,0,uitgav eur mln duurzam handel invester duurzam ontwikkel voedselzeker water social vooruitgang vred ontwikkel versterkt kader ontwikkel twed kamer vergaderjar xvii,,0.0192450089729875,"[0.04054727608572947, 0.002011164861673683, 0.0]","[False, False, False]","[False, False, False]",17-buitenlandse-handel.4.txt__0,"[0, 0, 0]"
antwoorden-kamervragen-najaarsnota-2015-bijlage-1.65.txt,Policyarchive_text\kamerstukken\2015\antwoorden-kamervragen-najaarsnota-2015-bijlage-1\antwoorden-kamervragen-najaarsnota-2015-bijlage-1.65.txt,2015,antwoorden-kamervragen-najaarsnota-2015-bijlage-1,0,mat afwijk structurel verondersteld verder basis realisatiecijfer uwv belastingdienst uitgav geactualiseerd voorjar beoordeeld meevaller structurel doorwerk verder,Modern & Everyday Racism,0.0707106781186547,"[0.0, 0.012375120184252339, 0.07592396901024032]","[False, False, True]","[False, False, True]",antwoorden-kamervragen-najaarsnota-2015-bijlage-1.65.txt__0,"[0, 0, 1]"
bijlage-2-het-vn-decennium-voor-mensen-van-afrikaanse-afkomst.3.txt,Policyarchive_text\kamerstukken\2015\bijlage-2-het-vn-decennium-voor-mensen-van-afrikaanse-afkomst\bijlage-2-het-vn-decennium-voor-mensen-van-afrikaanse-afkomst.3.txt,2015,bijlage-2-het-vn-decennium-voor-mensen-van-afrikaanse-afkomst,0,bestrijd arbeidsmarktdiscriminatie aanpak jeugdwerkelos bevorder diversiteit gelijk kans bestrijd racism discriminatie sport maatschapp middenveld waaronder grassrot organisaties media wetenschapper zull betrok totstandkom activiteit invull decennium zorgt ervor uitvoer inhoud gevoed zichtbaarder samenlev effect sorter verbind bewerkstell ondermer maatschapp ambassadeur opgezet will verbind eig activiteit voer decennium kader lancer decennium conferentie georganiseerd waarin geinteresseerd elkar dialog gan plann activiteit ontwikkel,Reparations and Remembrance|Modern & Everyday Racism,0.0929981109950554,"[0.0, 0.011886397099409427, 0.1520534672084839]","[False, True, True]","[False, True, True]",bijlage-2-het-vn-decennium-voor-mensen-van-afrikaanse-afkomst.3.txt__0,"[0, 1, 1]"
10-defensie.32.txt,Policyarchive_text\jaarverslagen\2015\10-defensie\10-defensie.32.txt,2015,10-defensie,0,national inzet structurel tak ter ondersteun civiel autoriteit grond wetgev formel afsprak tak realisatie explosiev opruim ruiming patientenvervoer uitgevoerd transport clsk sar uitgevoerd vlucht clsk onderschepp luchtruim onderschepp clsk incidentel militair bijstand lening aanvrag bijstand gebied bijstand gebied kmar bijstand politiewet kmar strafrecht handhav rechtsord politiewet handhav open ord politiewet steunverlen open belang bijstand wet veiligheidsregios defensie voert grot national tak zowel structurel incidentel financiel middel structurel national tak opgenom verschill begrotingsartikel defensie incidentel militair bijstand steunverlen verantwoord via incidentel inzet uitzonder karakter nss gefinancierd hiervor ontving defensie compensatie vanuit hgis general middel structurel national tak defensie voert grot structurel tak ten behoev civiel over structurel tak vastgelegd regelgev inclusief ministeriel besluit convenant arrangement structurel tak vall tak kmar kustwacht gebied luchtruimbewak bijzonder eenheid explosievenopruim incidentel national tak militair bijstand steunverlen defensie verleent militair bijstand handhav open ord strafrecht handhav rechtsord basis politiewet bijstand zowel kmar geleverd grond daarnaast bijstand verleend grond wet veiligheidsregio geval ramp crisis vres ontstan daarvan steunverlen gan verleend grond regel militair steunverlen open belang defensie veelvuld ingezet militair bijstand lening onderstaand voorbeeld illustrer incidentel national inzet eerst kwartal stond tek nuclear security summit nss den hag gehoud grot krijgsmacht ingezet ondersteun civiel autoriteit beveil kmar voerd organiek tak ceremoniel tak clsk zorgd bewak luchtruim czsk voerd maritiem bewak beveil clas vooral ingezet bewak beveil routes schiphol den hag leverd luchtverded ondersteun intern verbind twed kamer vergaderjar beleidsartikel,,0.0480493826120472,"[0.014749736922319538, 0.01034267246772129, 0.0432424099257098]","[True, True, True]","[False, False, False]",10-defensie.32.txt__0,"[0, 0, 0]"
nota-naar-aanleiding-van-het-verslag-rond-erfgoedwet.8.txt,Policyarchive_text\kamerstukken\2015\nota-naar-aanleiding-van-het-verslag-rond-erfgoedwet\nota-naar-aanleiding-van-het-verslag-rond-erfgoedwet.8.txt,2015,nota-naar-aanleiding-van-het-verslag-rond-erfgoedwet,0,verantwoord tak voorkom verplicht gemeent ten aanzien bescherm instandhoud onderhoud erfgoed gemeent verantwoord valt kader opgesteld verplicht ten aanzien deskund geregeld huidig stelsel behoud culturel erfgoed fysiek leefomgev nagenoeg overgezet stelsel omgevingswet behoud bestaand bevoegd bestaand beschermingsniveaus daarmee zorg culturel erfgoed twee wet geregeld plat diver wet gebied fysiek leefomgev gebied culturel erfgoed geval behalv regel culturel erfgoed fysiek leefomgev gesteld wet algemen bepal omgevingsrecht wabo ontgrondingenwet wet milieubeher woningwet wet ruimtelijk orden grot lijn onderdel omgang culturel erfgoed fysiek leefomgev rak geregeld omgevingswet over onderdel erfgoedwet objectgericht aanwijz rijksmonument geregeld erfgoedwet omgang monument omgev omgevingswet via omgevingsvergunn omgevingsplan bescherm dorpsgezicht war uitstek sprak gebiedsgericht benader geregeld omgevingswet omgang archeologisch monument verhuist evenen omgevingswet bepal rondom subsidieverlen instandhoud monument bepal kwaliteit opgrav deponer vondst eigendom vondst meldingsplicht hor wer thuis erfgoedwet reger mening bijdraagt overzichtelijker eenvoudiger stelsel waarmee versnipper onduid verantwoord voorkom culturel erfgoed grot decentral over beschermd denk gemeent provincial monument dorpsgezicht cultuurlandschapp rijksmonument geldt ocw aanwijst gemeent bevoegd gezag gat vergunningverlen nieuw stelsel verandert gat huidig monumentenvergunn verstor archeologisch rijksmonument gemeent ocw advies instemmingsrecht inhoud omgevingsvergunn monument gemeent krijg verder opdracht vaststell wijzig omgevingsplan reken houd bekend verwacht culturel erfgoed verplicht behoort inventariser beschermenswaard culturel erfgoed treff adequat beschermingsmaatregel geregeld via omgevingswet grondslag biedt instructieregel behoud culturel erfgoed omgevingsplan gemeent stan lat gat verlen omgevingsvergunn rijksmonument handhav vergunningplicht verbod beschad verniel specifiek deskund vereist,Reparations and Remembrance|Modern & Everyday Racism,0.0674919264975356,"[0.0104604395057353, 0.05624057611383529, 0.10492618274131783]","[False, True, True]","[False, True, True]",nota-naar-aanleiding-van-het-verslag-rond-erfgoedwet.8.txt__0,"[0, 1, 1]"
nota-naar-aanleiding-van-het-nader-verslag-inzake-de-rechten-van-personen-met-een-handicap.41.txt,Policyarchive_text\kamerstukken\2015\nota-naar-aanleiding-van-het-nader-verslag-inzake-de-rechten-van-personen-met-een-handicap\nota-naar-aanleiding-van-het-nader-verslag-inzake-de-rechten-van-personen-met-een-handicap.41.txt,2015,nota-naar-aanleiding-van-het-nader-verslag-inzake-de-rechten-van-personen-met-een-handicap,0,departement vertegenwoord organisaties doelgroep verdrag ingebracht led fractie christenunie implicatie implementatie ontwikkel wet led wetsvoorstell voortan bevat waarin kamer nagan voorstel verhoudt verder verwezenlijk economisch social culturel recht gewerkt twed lid verdrag verdrag schrijft gebeur termijn stat grot mat vrijheid wijz waarop verwezenlijk gewerkt all betrok voorbereid stand kom nieuw wetgev verdrag nieuw wetgev rol speelt eerst plat nieuw wetgev strijd verdrag twed plat nieuw wetgev geleverd verder implementatie verdrag totstandkom nieuw regelgev proces vastgelegd beleidsmaker wetgevingsjurist toets nieuw voorstell verhoud verdragsrecht verplicht aangegan gebruik zover verdragsbepal rol spel memorie overweg gewijd led fractie groenlink opper idee roep inclusie voortvar nem inclusie strev reger acht idee led fractie groenlink sympathiek kader ratificatie verdrag start platform inclusie werktitel ieder geval aandacht bested inclusie precies vorm gat krijg nader uitwerk strev inzet platform voortvar slag gegan implementatie verdrag kader gekom concret afsprak betrok organisaties leid naderbij breng inclusiev samenlev led fractie groenlink wanner reger kamer concreter afsprak toestur verband led inzet reger wijz partij afsprak eerder vermeld soortgelijk led fractie pvda reger belangrijkst betrokken vertegenwoordiger doelgroep verdrag werkgever bedrijfslev gemeent mening implementatie verdrag vooral proces cultuurverander vernieuw beslag krijg samenlev nam lokal niveau inachtnem ieder verantwoord eerder toegelicht inricht bestur overleg platform inclusie werktitel ingezet bereik concret afsprak allerlei organisaties combinaties organisaties bestaand nieuw activiteit gan uitvoer vertegenwoordiger doelgroep verdrag werkgever bedrijfslev gemeent grot maatschapp organisaties dergelijk bestur overleg plaatsgevond vws begrijp terecht wen geformuleerd meerder fracties concretiseringslag mak daarbij uitgebreid ord gekom partij bred gedeeld opvat concretiseringslag inderdad grot waard teven betrok partij gedeeld best manier bereik concret doelstell formuler basis daadwerk mens ervar problem manier gestreefd eenvoud praktisch aanpak lokal landelijk niveau mens daadwerk verbeter leidt lang termijn vermeld gedeeld ambitie reger maatschapp partij beweg gang zet groeiend aandacht inclusiev samenlev flink duw gev vel domein verdrag vooruitgang geboekt,"Colonial Exploitation, Slavery & Economic Inequality|Reparations and Remembrance|Modern & Everyday Racism",0.1096908636190695,"[0.012793425123461549, 0.008513898473922484, 0.04034152916508547]","[True, True, True]","[True, True, True]",nota-naar-aanleiding-van-het-nader-verslag-inzake-de-rechten-van-personen-met-een-handicap.41.txt__0,"[1, 1, 1]"
cbs-jaarverslag-2014.18.txt,Policyarchive_text\jaarverslagen\2015\cbs-jaarverslag-2014\cbs-jaarverslag-2014.18.txt,2015,cbs-jaarverslag-2014,0,cbs jaarverslag mobiliteit opgelegd taakstell omvang personeelsbestand verder krimp reductie bereik daarbij overbezet voorkom zovel mogelijk gemaakt natur uitstrom ouder medewerker instrom medewerker stat taakstell druk zorg gevolg uitstrom voldoend benodigd competenties beschik statistisch programma uitvoer aandacht bested bevorder intern mobiliteit vergrot inzet medewerker verschill mobiliteit bevorder activiteit uitgevoerd vergemak mogelijk intern extern bred ervar oog taakstell geconstateerd overbezet cbs komend structurel karakter vakbond sector rijk afgesprok dergelijk gevall werk vwnw ingezet daarom cbs gestart uitvoer vrijwill betrok medewerker informatiebijeenkomst georganiseerd teven person gesprek gevoerd gestart basis waarvan medewerker person opgesteld cbs tracht aantrek werkgever medewerker inhoud interessant uitdag werk bied aantrek arbeidsvoorwaard voldoend mobiliteitskans ontwikkelmog arbeidsomstand ingang cbs overgegan invoer betekent werkplek per vte beschik stap sluit eerder besluit invoer rijk geldend huisvestingsnorm fysiek werkomgev rijk fwr uiteind toe leid werkpleknormer werkplek per vte geld jaarlijk arbeidssatisfactieonderzoek eerst hand cbs ontwikkeld vragenlijst werkbelev medewerker uitgevoerd lat zien medewerker algemen positief oordel thema werkinhoud zelfstand werkdrukbelev gezond collega leidinggev ziekteverzuim gedaald eerder lag percentag ziekteverzuim ligt daarmee laagst niveau begin negent ziekteverzuim voldoet cbs bepaald medezeggenschap cbs hecht grot waard medezeggenschap overleg ondernemingsrad volgend ord gekom taakstell cbs opgelegd gevolg daarvan hoofddirecties voorbereid toepass werk werkkostenregel ingang toepass vervoersplan binnenland dienstreiz inhur extern personel opdracht per voldoen norm fysiek werkplekinricht rijk initiatiev kom herzien overleg arbocommissie volgend besprok aanpak verzuim stur inzet volgen eig model eerst fas invoer wisselwerkplek per vervolg,"Colonial Exploitation, Slavery & Economic Inequality|Reparations and Remembrance|Modern & Everyday Racism",0.1106588015946782,"[0.0053649474480265925, 0.0021794947573401295, 0.05513630618325632]","[True, True, True]","[True, True, True]",cbs-jaarverslag-2014.18.txt__0,"[1, 1, 1]"
17-buitenlandse-handel.34.txt,Policyarchive_text\jaarverslagen\2015\17-buitenlandse-handel\17-buitenlandse-handel.34.txt,2015,17-buitenlandse-handel,0,reger oproep bijdrag rana plaza compensatiefond initiatief genom pakistan buyer forum waarin international modemerk samenwerk beter nalev social milieunorm leverancier pakistan verbeter infrastructur gedan voorgenom ontwikkel overgang projectontwikkel projectgunn aanbested tijd vergd gepland nader inzien deelnam privat infrastructur development group pidg eur miljoen verhoogd ruimt lat nieuw invester infrastructur development fund idf fmo kabinet presenteerd reactie beleidsdoorlicht iob privat sectorontwikkel gat privat sectorontwikkel aanscherp aandacht ontwikkelingsrelevantie impact versterkt synergie programma privat sectorontwikkel scherper toetsing additionaliteit programma marktverstor voorkom sterker aanstur uitvoeringsorganisaties verder basis iob review initiatief duurzam handel idh beslot vervolgfinancier period slot gebied exportcontrol strategisch goeder zer druk kwam nam doordat sancties afkondigd rusland aanleid gebeurteniss krim leid vergunningplicht gasindustrie daarnaast trad syrie toe chemisch wapenverdrag rapporteerd betrok bedrijv syrisch chemisch wapenprogramma gemeld brief kamer budgettair gevolg beleidsartikel duurzam handel invester eur realisatie realisatie realisatie steld begrot verschil verplicht uitgav versterkt international handelssystem aandacht pelijk verantwoord ondernem inter tional saties twed kamer vergaderjar xvii,"Colonial Exploitation, Slavery & Economic Inequality|Reparations and Remembrance|Modern & Everyday Racism",0.054828231499157,"[0.0424795610224271, 0.006113142240734236, 0.0021894927807386594]","[True, True, True]","[True, True, True]",17-buitenlandse-handel.34.txt__0,"[1, 1, 1]"
nota-naar-aanleiding-van-het-verslag-rond-erfgoedwet.76.txt,Policyarchive_text\kamerstukken\2015\nota-naar-aanleiding-van-het-verslag-rond-erfgoedwet\nota-naar-aanleiding-van-het-verslag-rond-erfgoedwet.76.txt,2015,nota-naar-aanleiding-van-het-verslag-rond-erfgoedwet,0,zelfreguler certificer stand houd voldoend kwaliteitsniveau opgrav zelfreguler goed functioner wanner voldoend ruimt krijgt overmat belast lat onverlet reger onlang brief economisch zak kamer uiteengezet standpunt huldigt certificatie vervang kamerstuk zelfreguler archeologie geeft nader invull algemen geformuleerd eis certificaathouder opgrav professionel wijz uitvoer twed lid erfgoedwet algemen eis brengt mee ocw toezichtstak behoudt ernstig schending professionaliteit rechtstrek ingrijp daarnaast stelt erfgoedwet eis nam nalev eis ziet ocw toe memorie kopj nalev geeft reger toezichtstak elkar verhoud aspect uiteind toespitst periodiek bepaald hand actuel nalevingsniveaus nalevingstoezicht ocw vanuit stelselverantwoord behoeft informatie doeltreff stelsel kader mogelijk lat uitvoer opgrav zogenaamd reality check werking zelfreguler toets echter ten kost gan waard betekenis certificat illegal handel cultuurgoeder led vak inspecteur toe handel betrek illegal handel cultuurgoeder irak syrie led ontvang signal spilfunctie illegal handel cultuurgoeder irak syrie led reger signal herkent acties hierteg ondernom led fte marechaussee inzet afdel tegengan illegal kunsthandel bezig houd erfgoedinspectie krijgt regelmat signal betrek illegal handel cultuurgoeder irak syrie vooral via internet bekend handel spilfunctie loopt een zak cultuurgoeder syrie beid land geldt special sanctieregel culturel erfgoed bescherm illegal uitvoer handel daarin vanaf bepaald datum verbied sanctieregel irak sanctieregel syrie erfgoedinspectie aangewez twee sanctieregel verscherpt aandacht aantreff mogelijk beschermd culturel erfgoed afkomst land douan nauw samenwerkt erfgoedinspectie special training gekreg voorwerp irak syrie herkenn konink marechaussee tak gebied cultuurgoeder grensoverschrijd verker bevoegd war gat gestol cultuurgoeder betreft bevoegd kader handhav wetboek strafrecht genoemd verplicht handelar verkoopregister houd ter voorkom heling indien,"Colonial Exploitation, Slavery & Economic Inequality|Reparations and Remembrance|Modern & Everyday Racism",0.0816496580927726,"[0.08610454730986365, 0.01138832349621821, 0.03549980789730701]","[True, True, True]","[True, True, True]",nota-naar-aanleiding-van-het-verslag-rond-erfgoedwet.76.txt__0,"[1, 1, 1]"
2b-hoge-colleges-van-staat.22.txt,Policyarchive_text\jaarverslagen\2015\2b-hoge-colleges-van-staat\2b-hoge-colleges-van-staat.22.txt,2015,2b-hoge-colleges-van-staat,0,oordel kom uitsluit indiener klacht belang brief open structurel feedback ombudsman grag wet burger dienstverlen ervar hiervor gemaakt feedbacksystem helas leverancier gestopt dienstverlen daardor sprak structurel reflectie gat ombudsman zoek nieuw manier structurel feedback krijg beleidsconclusies taakstell national ombudsman plichting genom kabinet rut opgelegd bezuin realiser national ombudsman gerealiseerd digitaliser primair proces geleid pass klachtbehandelingsorganisatie daarvor stapp gezet reorganisatie cultur traject gehet panta rhei gezorgd verminder leidinggev efficiency manier werk contact burger national ombudsman ombudsplein ontwikkeld ombudsplein virtuel fysiek omgev verkrijg informatie relatie burger indien klacht afgev signal ombudsman hiermee dienstverlen burger verder verbeterd zet hierdor ner logisch partner burger war gat relatie krijgt hierdor beter zicht open bestur war gat goed war draagt samenhang intern dienstverlen zowel burger doelgroep efficienter klachtbehandel realiser voorbeeld verbeter dienstverlen strek verbeterd telefonisch bereik ombudsplein burger hierdor sneller geholp percentag telefoontjes second opgenom gesteg ander omgan klacht national ombudsman lost zovel mogelijk problem burger direct daarom direct aanpak klacht ontwikkeld informel person aanpak vooral oplossingsgericht person contact geleg gericht achterhal war verzoeker werkelijk burger hierbij actief betrok behandel klacht uitgevoerd bijbehor afgelop conform verwacht vermeld begrot grot afwijk noodzak bijstell licht gekom twed kamer vergaderjar iib beleidsverslag,"Colonial Exploitation, Slavery & Economic Inequality|Reparations and Remembrance|Modern & Everyday Racism",0.11097531990717,"[0.004213190660884072, 0.010326951820700177, 0.04549474488001304]","[True, True, True]","[True, True, True]",2b-hoge-colleges-van-staat.22.txt__0,"[1, 1, 1]"
jaarverslag-homogene-groep-internationale-samenwerking-hgis-2014.3.txt,Policyarchive_text\jaarverslagen\2015\jaarverslag-homogene-groep-internationale-samenwerking-hgis-2014\jaarverslag-homogene-groep-internationale-samenwerking-hgis-2014.3.txt,2015,jaarverslag-homogene-groep-internationale-samenwerking-hgis-2014,0,beleidsthema bedrag eur beleidsthema begrot mutatie realisaties versterkt international rechtsord eerbied mensenrecht vred stabiliteit europes samenwerk consulair belangenbehart international uitdrag nlse waard belang duurzam handel invester duurzam milieubeher social vooruitgang versterkt kader ontwikkel over uitgav versterkt internationalerechtsord eerbied mensenrecht vred europes samenwerk consulair belangenbehart international uitdrag nlse waard belang duurzam handel invester duurzam milieubeher socialevooruitgang versterkt kader ontwikkel over uitgav,,0.038490017945975,"[0.044917390781400966, 0.004565866408841435, 0.0]","[False, False, True]","[False, False, False]",jaarverslag-homogene-groep-internationale-samenwerking-hgis-2014.3.txt__0,"[0, 0, 0]"
nota-naar-aanleiding-van-het-verslag-rond-erfgoedwet.20.txt,Policyarchive_text\kamerstukken\2015\nota-naar-aanleiding-van-het-verslag-rond-erfgoedwet\nota-naar-aanleiding-van-het-verslag-rond-erfgoedwet.20.txt,2015,nota-naar-aanleiding-van-het-verslag-rond-erfgoedwet,0,besluitvorm plaatsvind musea wettelijk tak beher krijg procedur hierbij gevolgd geldt besluitvorm algemen uitgangspunt wetsvoorstel beschermingsniveaus culturel erfgoed huidig regel geld ten minst gehandhaafd wijz kamer betrok besluitvorm musea wettelijk tak krijg beschrijv procedur nem besluit belast wettelijk tak verwijst reger hierbov gesteld led procedur besluit twed kamer dezelfd wijz geinformeerd besluit vierjar subsidieverlen bis belast wettelijk tak instell beher rijkscollectie overeenkomst regel wetsvoorstel voer regel waarborg tenminst hetzelfd beschermingsniveau toepass aanwijz beschermd erfgoed criteria aanwijz reger schrijft afgelop decennia ontwikkel plaatsgevond waarbij samenlev vooral betekenis belevingswaard economisch waard erfgoed belang gewonn led reger elk waard aangev wijz terugkom aanwijzingscriteria algemen criteria aanwijz monument schoonheid betekenis wetenschap cultuurhistorisch waard voldoend onderscheid adequaat aanwijzingsbeleid tegelijk voldoend algemen vernieuw denk waarder culturel erfgoed aanwijzingsbeleid perk gebouw hotel wereld wagen beschermd vanweg historisch gebeurtenis hoewel intrinsiek waard gebouw lag complex radiotelescop dwingelo vel direct monument gezien vanweg waard wetenschap beschermd gebouw monument aangewez combinatie materiel waard monument bouwstijl materiaalgebruik monument verbond functies gebeurteniss stan monument lijst ooit schol gebouwd functie verwijst architectur eerder functie reger geeft led aangehaald passag beschrijv maatschapp trend denk monumentenzorg aanwijz beschermd monument wederopbouwperiod plaatsgevond hand maatschapp thema tijd hierbij valt denk zwembad kader toenem mogelijk vrij tijdsbested kerkgebouw kader verzuil led nader uitleg waarom erfgoedwet volled bescherm biedt immaterieel erfgoed cultuurlandschap mobiel,Reparations and Remembrance|Modern & Everyday Racism,0.1231135681906984,"[0.005789340334981039, 0.0672936283974483, 0.029925342178180592]","[False, True, True]","[False, True, True]",nota-naar-aanleiding-van-het-verslag-rond-erfgoedwet.20.txt__0,"[0, 1, 1]"
kabinetsreactie-op-rapport-mensenrechten-in-nederland-2014.3.txt,Policyarchive_text\kamerstukken\2015\kabinetsreactie-op-rapport-mensenrechten-in-nederland-2014\kabinetsreactie-op-rapport-mensenrechten-in-nederland-2014.3.txt,2015,kabinetsreactie-op-rapport-mensenrechten-in-nederland-2014,0,handreik twee omlop gesprek vng antidiscriminatievoorzien adv gemeent gesprok effectiviteit gemeent aanpak zorg stagecoordinator schol werkgever stageplaats aanbied bewust recht gelijk behandel meisjes hoofddoek drag informer stagecoordinator mogelijk discriminatie stagebedrijv meld kabinet hecht waard onderwijsdeelnemer stag lop studie ban vind stag vereist opleid belangrijk stap arbeidsmarkt tegengan discriminatie vind stageplek verantwoord onderwijsinstell bedrijfslev instell daarbij signaler rol kabinet mening recht gelijk behandel tegengan discriminatie breder voorbereid onderwijsdeelnemer stageperiod bred voorbereid hoort namelijk onderwijsdeelnemer bewust soort houding gedrag verwacht leerbedrijf onderwijsinstell gat weerbar mak deelnemer hen bekend mak recht plicht kabinet verwacht bedrijfslev onderwijsdeelnemer goed informer stapp zet person instanties wend signal ontvang gelijk behandeld gelukk blijkt ervar onderwijsinstell gevall goed wet via routes deelnemer begeleid ondersteun onderwijsinstell gebeurt veelal via vertrouwensperson ander meldpunt gat klacht leerbedrijf gebeurt via indien klacht betreff kenniscentrum belang ontwikkel gebied goed gat houd wijzig wet wapen munitie opiumwet zodat voorafgaand toetsing vereist basis noodzak bestat woning betred doorzoek uitgangspunt wet wapen munitie wwm ten grondslag ligt aanwez wapen munitie vanweg direct gevar breng doorgan spoedeis ingrijp vraagt naarmat concret redelijk vermoed aanwez wapen spoedeis volgt waarbij gevaarzet soort wap rol spel bevoegd doorzoek terughoudender hog rad herhal geoordeeld wwm zodan verenig europes verdrag bescherm recht men fundamentel vrijheid evrm omstand uitoefen hiervan strijdig daarin vervat vereist belang bevoegd beperkt inbeslagnem wapen munitie voorwerp gezocht binnentred woning toestemm bewoner grond eerst lid algemen wet binnentred voorafgaand schriftelijk machtig hoger autoriteit tenminst hulpofficier justitie vereist zodoend bevoegd wwm punt verder geclausuleerd sacker wet wapen munitie studiepocket strafrecht ecli ecli ecli,Reparations and Remembrance|Modern & Everyday Racism,0.095,"[0.005708352943272592, 0.0026544821102885753, 0.07831701933793705]","[False, True, True]","[False, True, True]",kabinetsreactie-op-rapport-mensenrechten-in-nederland-2014.3.txt__0,"[0, 1, 1]"
17-buitenlandse-handel.6.txt,Policyarchive_text\jaarverslagen\2015\17-buitenlandse-handel\17-buitenlandse-handel.6.txt,2015,17-buitenlandse-handel,0,inhoudsopgav buitenland handel werking xvii algemen aanbied dechargeverlen beleidsverslag beleidsprioriteit risicoregel beleidsartikel belangrijkst financiel ontwikkel hoofdlijn duurzam handel invester duurzam ontwikkel voedselzeker water social vooruitgang vred ontwikkel versterkt kader ontwikkel bedrijfsvoeringsparagraf jaarreken verantwoordingsstat saldibalan jaarreken topinkomen sanctiebeleid malversaties afgerond over afkort twed kamer vergaderjar xvii,,0.0280056016805601,"[0.05900495369383892, 0.004059185403904104, 0.004915492031927593]","[False, False, True]","[False, False, False]",17-buitenlandse-handel.6.txt__0,"[0, 0, 0]"
beantwoording-kamervragen-over-1e-suppletoire-begroting-vws.4.txt,Policyarchive_text\kamerstukken\2015\beantwoording-kamervragen-over-1e-suppletoire-begroting-vws\beantwoording-kamervragen-over-1e-suppletoire-begroting-vws.4.txt,2015,beantwoording-kamervragen-over-1e-suppletoire-begroting-vws,0,enerzijd arbeidsmarktsituatie laatst veranderd zin sprak tekort anderzijd blijk ziekenhuiz terughoud beschik stell stageplaats vanweg feit onduid bestat consequenties invoer integral bekost ingang gelet feit ingang regelgev financiel belemmer inzet beroep weggenom verwacht nabij toekomst ziekenhuiz gan mak physician assistant verpleegkund specialist evaluatie kenniscentrum beroepsonderwijs arbeidsmarkt kba waarvan eindrapport toekom geeft subsidieregel opleid physician assistant opleid verpleegkund specialist beantwoord waarvor lev geroep kba concludeert subsidieregel onmis introductie verpleegkund specialist physician assistant zorg stimuler regel schal gebeurd geval kba verwacht stopzet regel opleid physician assistant verpleegkund specialist kwantitatief marginaliser ingezet proces taakherschik ernstig mat frustrer blij evaluatieonderzoek steun voornemen subsidieregel beeindig ambities reger gebeid substitutie taakherschik onverminderd grot reger voornemen structurel bested sport beweg buurt ten behoev stimuler beweg mens onvoldo sport nee sprak structurel overbested sport beweg buurt verschil uitgavenram verplichtingram technisch achtergrond verplicht structurel karakter voorafgaand uitvoeringsjar vastgelegd hierdor lop verplichtingram een een gelijk welk percentag hoger verwacht total uitgav structurel zie percentag total uitgavenoverschrijd verwacht structurel post veroorzak verwacht structurel uitgavenoverschrijd sprak uitgavenoverschrijd begrot vws eerst suppletoir wet geeft mutaties instrument wer verschuiv weergegev budgettair gevolg daarin meerjar doorwerk zien mutaties,"Colonial Exploitation, Slavery & Economic Inequality|Reparations and Remembrance|Modern & Everyday Racism",0.0757433283717363,"[0.010300628278933426, 0.003313971866394258, 0.06442556800918128]","[True, True, True]","[True, True, True]",beantwoording-kamervragen-over-1e-suppletoire-begroting-vws.4.txt__0,"[1, 1, 1]"
nota-naar-aanleiding-van-het-nader-verslag-inzake-de-rechten-van-personen-met-een-handicap.31.txt,Policyarchive_text\kamerstukken\2015\nota-naar-aanleiding-van-het-nader-verslag-inzake-de-rechten-van-personen-met-een-handicap\nota-naar-aanleiding-van-het-nader-verslag-inzake-de-rechten-van-personen-met-een-handicap.31.txt,2015,nota-naar-aanleiding-van-het-nader-verslag-inzake-de-rechten-van-personen-met-een-handicap,0,led fractie constater plan aanpak uitsluit richt verder verwezenlijk economisch social culturel recht noodzak aanpass concret situatie led elkar verhoudt verdrag opgenom burger politiek recht bekracht verdrag volled voldan eerder aangegev ter voorbereid wetsvoorstel bestaand wetgev doorgelicht getoetst bestaand regelgev oordel reger overeenstemm verplicht verdrag voortvloei daarmee via tweetal aanpass wetgev kieswet overeenstemm gebracht vervolgen uitvoer wetgev verantwoord uitvoer concret situaties zorgvuld toe pass ten aanzien economisch social culturel recht verdragspartij verplicht nem teneind sted nader algehel verwezenlijk verdrag erkend recht kom twed lid verdrag plan aanpak betreft inderdad verder verwezenlijk economisch social culturel recht bevat verplicht doeltreff aanpass verricht tenzij onevenred belast voorligg wetsontwerp uitvoeringswet terrein goeder dienst werkingssfer gebracht gevolg verplicht doeltreff aanpass verricht terrein goeder dienst toepass,Reparations and Remembrance|Modern & Everyday Racism,0.051747698188252,"[0.002645407708714794, 0.0058703134624883534, 0.06243924113210095]","[False, True, True]","[False, True, True]",nota-naar-aanleiding-van-het-nader-verslag-inzake-de-rechten-van-personen-met-een-handicap.31.txt__0,"[0, 1, 1]"
bijlage-1-nota-naar-aanleiding-van-het-verslag-omgevingswet.292.txt,Policyarchive_text\beleidsnotas\2015\bijlage-1-nota-naar-aanleiding-van-het-verslag-omgevingswet\bijlage-1-nota-naar-aanleiding-van-het-verslag-omgevingswet.292.txt,2015,bijlage-1-nota-naar-aanleiding-van-het-verslag-omgevingswet,0,monumentenwet terrein monumentenzorg recent verled relevant ontwikkel plaatsgevond geleid beter integratie archeologisch monumentenzorg ruimtelijk orden regelgev terrein fysiek leefomgev ter uitvoer verdrag valletta moderniser monumentenzorg actiev plicht opgenom nem ruimtelijk besluit bestemmingplan reken houd cultuurhistorisch waard monumentenwet besluit ruimtelijk orden impliceert voorafgaand besluitvorm waard plaatsgevond monumentenzorg kader verbred zorg culturel erfgoed culturel erfgoed onz fysiek leefomgev med toedoen men stand gekom kort langer geschiedenis algemen belang omwill cultuurhistorisch waard eran toegek maatschapp wen gev volgend generaties culturel erfgoed grot mat bepal kwaliteit fysiek leefomgev begripp culturel erfgoed verband toepassingsbereik wetsvoorstel beperkt element verband houd fysiek leefomgev samengevat omvat culturel erfgoed aangelegd archeologisch gebouwd monument dorpsgezicht cultuurlandschapp algemen belang ongeacht beschermd gat hierbij zowel bekend verwacht monument monumentenvergunn gebouwd aangelegd rijksmonument sloopvergunn beschermd dorpsgezicht mak invoer wabo omgevingsvergunn wetsvoorstel zull enkel onderdel monumentenwet opgan omgevingswet betreft bepal tak bevoegd gemeent monumentencommissies aanwijz beschermd dorpsgezicht kader opstell bescherm bestemmingsplann bepal archeologisch monumentenzorg bestemmingsplann omgevingsvergunn vergunn verstor archeologisch rijksmonument maakt omgevingsvergunn aanleid evaluatie wet archeologisch monumentenzorg archeologisch monumentenvergunn opgan omgevingsvergunn rijksmonumentenactiviteit cultur wetenschap langer bevoegd gezag archeologisch rijksmonument aangewez instemmingsorgan verband verantwoord archeologisch rijksmonument vereist specialistisch kennis ervar aanwez rijksdienst culturel erfgoed bevoegd handhav war gat archeologisch monument materieel gezien geschetst stelsel nagenoeg overgezet stelsel omgevingswet vindt wetstechnisch procedurel inhoud punt stroomlijn plat samenhangt samenvoeg stelsel achterligg vereenvoudigingsgedacht wetsvoorstel voorziet expliciet opvolg monumentenwet gemeent vergunningenregister informatie monumentenactiviteit gedacht digital voorzien rol spel voortzet functie register curriculum vitae desbetreff rijksmonument algemen bestur verder uitgewerkt elk geval invoeringswet omgevingswet voorzien overgangsrecht ten behoev borging informatie huidig vergunningenregister monumentenwet overigen verwacht opgan voorgenom erfgoedwet sectoral wet terrein culturel erfgoed monumentenwet overgan omgevingswet gan erfgoedwet aanwijz gebouwd archeologisch rijksmonument daarbij behor subsidiebepal regelgev opgrav melding archeologisch toevalsvondst eigendom archeologisch vondst archeologisch depot inwerkingtred omgevingswet overgangsregim geld monumentenwet opgat voorligg wetsvoorstel,"Colonial Exploitation, Slavery & Economic Inequality|Reparations and Remembrance|Modern & Everyday Racism",0.0807134312271261,"[0.005482252427229121, 0.06093875365022871, 0.08330846813779375]","[True, True, True]","[True, True, True]",bijlage-1-nota-naar-aanleiding-van-het-verslag-omgevingswet.292.txt__0,"[1, 1, 1]"
sociaal-jaarverslag-bz-2014.28.txt,Policyarchive_text\jaarverslagen\2015\sociaal-jaarverslag-bz-2014\sociaal-jaarverslag-bz-2014.28.txt,2015,sociaal-jaarverslag-bz-2014,0,sociaal jaarverslag overplaatsingsrond overplaatsingsrond hield hdpo match war mogelijk reken uitgangspunt hoofdlijnennotitie vernieuw personeelsbeleid kwaliteit kennis competenties bewez prestaties talent netwerk leidend criterium plaats onz ambtenar war nodig flexibel plaatsingstermijn mak match belangstellingsregistratie medewerker uitgangspunt belang doorslaggev plaatsing voorkeur rond evenal voorgaand ontving slecht bezwaarschrift plaatsingsbesluit stabiel lag liet uitgangspunt ieder medewerker plek onz vind los daardor frictie medewerker functies duidelijker zichtbar vooral schaalniveaus frictie grot schal had juist tekort medewerker net voorgaand overplaatsingsrond nam ambtenar daaronder medewerker dgbeb eig verzoek deelnam eerder stadium toetst wijd inzet elkar gav rondedeelnemer plaatsingsvoorkeur derd voorkeursposities blek kandidat ongeschikt plaatsingsproces liep deelnemer terug plaatsing vacatures functies kader jaarlijk overplaatsingsrond bekendgemaakt half vond deelnemer nieuw functie daarvan moeilijk plaatsbar gekwalificeerd kennis ervar langer past onz verander omschol nauwelijk mogelijk sprak langdur structurel ontwikkelpunt langdur ziekt kwalitatiev frictie genoemd hog risico post medewerker zogenaamd hog risico post had voorrangstatus hardshipzon voorkeurstatus hardshipzones voorrangsregel past echter nieuw match kwaliteit goed afwissel plaatsing post departement daarom schaft regel instemm per nieuw plaatsing hardshippost zittend medewerker hog risico post behield voorrangstatus overplaatsingsrond medewerker voorkeurstatus voorrangstatus twee derd hen kreg plaatsing voorkeur substantieel hoger percentag over deelnemer verlengd medewerker plaatsingsdur medewerker plaatst voorkeur medewerker vond eind singsrond functie bevorder ondank afnem functies overplaatsingsrond steg ring licht beleidstrom substantieel ruimt bevorder beheerstrom bevorder kritiek functies functies war lijnchef zeggenschap lag percentag bevorder hoger over functies schal bevorderd medewerker doorstrom voll vrouwelijk medewerker garander plaatst deelnemer passend functie lager schaalniveau behoud salarisschal waarvan voorkeur over deelnemer plaatst eig schaalniveau niveau ded ambtenar mee overplaatsingsrond waaronder extern kandidat via zes vrouw mann kwam eerst aanmerk dergelijk functie,"Colonial Exploitation, Slavery & Economic Inequality|Modern & Everyday Racism",0.094053994312596,"[0.007890577047756309, 0.0023578847997325083, 0.05880217838118579]","[True, False, True]","[True, False, True]",sociaal-jaarverslag-bz-2014.28.txt__0,"[1, 0, 1]"
6-veiligheid-en-justitie.78.txt,Policyarchive_text\jaarverslagen\2015\6-veiligheid-en-justitie\6-veiligheid-en-justitie.78.txt,2015,6-veiligheid-en-justitie,0,adolescentenstrafrecht wetsvoorstel adolescentenstrafrecht werking wetswijz ketenpartner volgen planning werkprocess geimplementeerd waarmee passing reken gehoud ontwikkelingsfas structurel afweg toepass volwassenenstrafrecht ingebed werkprocess reclasser open medio voortgangsrapportag recht twed kamer verzond justitiel jeugdinricht kader uitvoer capaciteitsplan jji twee buitengebruik gesteld jji doggershoek overberg definitief afgestot structurel bespar vanaf daarnaast kader uitvoer masterplan dji voorbereid getroff jji per sluit structurel bespar trend dalend jeugdcriminaliteit lijkt voort zet beslot jji amsterbak sluit per structurel bespar vanaf uitvoer resteert vanaf operationel capaciteit plaats reservecapaciteit plaats vliegwielproject vliegwielproject blek grot meerwaard nieuw aanpak jeugdbescherm praktijk innovatiev aanpak aangetoond daarmee illustratie diend jeugdbescherm decentralisatie zien kinder blijvend veilig bouwsten verder werk vernieuw jeugdbescherm nieuw succesfactor gevat riteit vermeld bijgedrag indrukwek daling ondertoezichtstell meetbar satie raming gemiddeld dur ondertoezichtstell gemiddeld dur voogdij per jeugdbescherm jeugdreclasser gedecentraliseerd gemeent red kengetall opgenom bron beleidsinformatie jeugdzorg databas databas aangeleverd informatie provincie samengevoegd twed kamer nji bml beleidsconclusies twed kamer vergaderjar beleidsartikel,Reparations and Remembrance|Modern & Everyday Racism,0.0608228737015764,"[0.00713667450032444, 0.0, 0.05337823636771382]","[False, True, True]","[False, True, True]",6-veiligheid-en-justitie.78.txt__0,"[0, 1, 1]"
antwoorden-op-kamervragen-voorjaarsnota-2015.124.txt,Policyarchive_text\kamerstukken\2015\antwoorden-op-kamervragen-voorjaarsnota-2015\antwoorden-op-kamervragen-voorjaarsnota-2015.124.txt,2015,antwoorden-op-kamervragen-voorjaarsnota-2015,0,betekent feit infrastructuurfond heden exclusief ieder miljoen doorgeschov later middel kasschuif duidt betreft structurel effect zie,,0.0267261241912424,"[0.005430734728738702, 0.006205510006361558, 0.04152883205275851]","[False, False, True]","[False, False, False]",antwoorden-op-kamervragen-voorjaarsnota-2015.124.txt__0,"[0, 0, 0]"
p595288-bsg-feitelijke-vragen-buha-os-bijlage-1.17.txt,Policyarchive_text\kamerstukken\2015\p595288-bsg-feitelijke-vragen-buha-os-bijlage-1\p595288-bsg-feitelijke-vragen-buha-os-bijlage-1.17.txt,2015,p595288-bsg-feitelijke-vragen-buha-os-bijlage-1,0,totaallijst feitelijk vaststell begrotingsstat buitenland handel ontwikkelingssamenwerk rechtsstaatontwikkel wederopbouw vredesopbouw versterkt legitimiteit democratisch structur tegengan corruptie begrotingsartikel versterkt multilateral betrok begrotingsartikel kunt gev begrotingspost open stan maatschapp organisaties beginsel stan artikelonderdel begrot uitzonder versterkt multilateral betrok open maatschapp organisaties uiteraard doelstell waarschijn maakt bereikt maatschapp organisaties kanal hand ligg garandeert landrof voorkomt gevolg financier via bedrijfsinstrumentarium uitgangspunt samenwerk bedrijfslev bedrijv handel conform international overeengekom oeso richtlijn multinational ondernem bedrijv all tijd bereid ton conform beleidsdoelstell lokal over daarbij behor legal structur kader operer ten aanzien activiteit bedrijv buitenland verantwoord verantwoord ondernem samenlev bevorder betreft stimuler bedrijv dialog stakeholder rekenschap gev risico landroofincident risico voorkom eerst oeso lidstat eig land startschot land governanc dialog financiel instell bedrijfslev ngo kennisinstell werkt kabinet concret verbeterslag toepass committee world fod security cfs richtlijn international land coalition global land tol network help concretiser toepass cfs richtlijn lokal international niveau hoever zakt aangegev raming oda prestatie achtereenvolgen hoevel speerpunt bezuinigt precies waarom regeerakkoord rut taakstell ontwikkelingssamenwerk vastgelegd jaarlijk eur miljoen period oplop eur miljard vanaf invull taakstell uitgewerkt wereld verdient nieuw agenda hulp handel invester aanvull kamerbriev teven daarover diver ker kamer overleg plaatsgevond financiel wereld verdient aangegev,"Colonial Exploitation, Slavery & Economic Inequality|Reparations and Remembrance|Modern & Everyday Racism",0.0917985092043156,"[0.0413424396716213, 0.01355786774816143, 0.011744589335023963]","[True, True, True]","[True, True, True]",p595288-bsg-feitelijke-vragen-buha-os-bijlage-1.17.txt__0,"[1, 1, 1]"
nota-naar-aanleiding-van-het-verslag-rond-erfgoedwet.3.txt,Policyarchive_text\kamerstukken\2015\nota-naar-aanleiding-van-het-verslag-rond-erfgoedwet\nota-naar-aanleiding-van-het-verslag-rond-erfgoedwet.3.txt,2015,nota-naar-aanleiding-van-het-verslag-rond-erfgoedwet,0,onderl verbond verschill erfgoeddisciplines waarom onderl verbond benoemd hoeverr oog samenhang roerend onroer immaterieel erfgoed historisch groen erfgoedwet biedt ruim kader led genoemd erfgoed eerst een overkoepel wet erfgoed wet elk soort erfgoed eig regim bescherm kent recht verschill soort erfgoed bestan reger bewust enorm rijkdom veelzijd culturel erfgoed land grot klein musea topschilderij holland meester vingerhoedjes archeologisch collecties keramiek toparchitectur gotiek nieuw bouw bescherm eenvoud arbeiderswon zien monument verled veelzijd maakt een manier erfgoed bescherm monument stan ruimt stan dagelijk blot wer wind voortdur monument aangepast eis tijd som will eigenar monument slop plek economisch render gebouw realiser regelgev adequaat monument bescherm collecties kunstvoorwerp ander eigenar uniek jugendstilvas haalt hoofd vas kapot slan gevar vas land verdwijnt hoewel wezen cultuurbezit vormt archeologie ligt wer ander liefst lat archeologisch monument ongemoeid rustig bodem war eeuw som millennia ligg ongestoord eeuw ligg bedreig manifest grond verstor reger onderkent verschill soort erfgoed mening ieder soort erfgoed eig aanpak nodig aansluit maatschapp draagvlak verschill erfgoedsector nem archeologisch vrijwilliger bereid wer wind nat klei zoek archeologisch spor vrijwilliger musea groep mens rondleid vrijwill molenar ervor zorg onz molen draai zovel erfgoed zovel mens zovel inspann zovel bezoeker erfgoed reger mening maatschapp proces adequaat terughoud positie kiez ieder soort erfgoed vraagt daarom eig arrangement goed mogelijk bedreig hoofd bied erfgoedwet omgevingswet archiefwet bied arrangement erfgoeder bescherm benoem verbond verschill erfgoed volgend reger mening verbond juist erfgoedwet memorie verwoord wetsvoorstel benoemt specifiek handel betrek verschill soort erfgoed vanuit idee verbond komt uitdruk overkoepel begrip culturel erfgoed uitgangspunt kapstok behoud beher culturel erfgoed een wet veranker daarbij,"Colonial Exploitation, Slavery & Economic Inequality|Reparations and Remembrance|Modern & Everyday Racism",0.1117258384085788,"[0.027138331448337147, 0.07739682449284584, 0.040504535060009735]","[True, True, True]","[True, True, True]",nota-naar-aanleiding-van-het-verslag-rond-erfgoedwet.3.txt__0,"[1, 1, 1]"
p595288-bsg-feitelijke-vragen-buha-os-bijlage-1.28.txt,Policyarchive_text\kamerstukken\2015\p595288-bsg-feitelijke-vragen-buha-os-bijlage-1\p595288-bsg-feitelijke-vragen-buha-os-bijlage-1.28.txt,2015,p595288-bsg-feitelijke-vragen-buha-os-bijlage-1,0,totaallijst feitelijk vaststell begrotingsstat buitenland handel ontwikkelingssamenwerk daadwerk inzet land bni geeft voornem drag uitbann extrem armoed vorm voorkom gemarginaliseerd groep heden nauwelijk bereikt bereikt borgt aandacht inclusie groep programma kamerbrief inclusiev ontwikkel programma kabinet kamer stuurd analyseert uitdag uitbann extrem armoed nam toegenom ongelijk hardnekk uitsluit mens deelnam economie politiek samenlev brief noemt vijf international erkend strategieen extrem armoed grot ongelijk gan schepp werk ontwikkel menselijk fysiek kapital tegengan uitsluit discriminatie herverdel via belast overdracht opbouw inclusiev instituties brief geeft tal voorbeeld strategieen substantieel bijdraagt kabinet extra inzet gezien hog ambities agenda duurzam ontwikkel extra inzet gebeurt vorm actieplan punt punt richt inbouw aandacht inclusief programma flow funding leadership opportunities wom dutch god growth fund samensprak tegensprak nieuw daarnaast specifiek initiatiev genom gebied werkgeleg toegang betal medicijn verzeker vangnet kwetsbar groep gat dialog over partnerland intensiver bereik sterker inzet bereik armst groep tenslot multilateral bepleit grot programma gespecialiseerd sterker invester armst moeilijk bereik groep actie onderneemt ten aanzien risicosector war convenant stand komt ten aanzien bedrijv aansluit convenant sector kpmg mvo sectorrisicoanalys genoemd sector discussie gevoerd brancheorganisaties waarvan een analys genoemd expliciet kenbar gemaakt strev komend maand verwacht toegezegd driekwart traject rond zomer stand zak kamer geschetst gekek verder actie nodig afsluit sectorconvenant gebeurt zovel mogelijk via brancheorganisaties hiermee grootst mogelijk bedrijv sector betrok brancheorganisaties nauw samenwerk ser ondersteund verder kennisontwikkel aanpak risico sector hiermee led betrek imvo sector totstandkom convenant zet erop nieuw innovatiev vorm financier privat geld trek via samenwerk ontwikkelingsbank kunt nader gev daarin voorbeeld innovatiev vorm financier ontwikkelingsbank oog sector waarin privat geld gemobiliseerd,Reparations and Remembrance|Modern & Everyday Racism,0.1331811783900873,"[0.028606024486292965, 0.008175694905030373, 0.06446824621096377]","[False, True, True]","[False, True, True]",p595288-bsg-feitelijke-vragen-buha-os-bijlage-1.28.txt__0,"[0, 1, 1]"
5-buitenlandse-zaken.10.txt,Policyarchive_text\jaarverslagen\2015\5-buitenlandse-zaken\5-buitenlandse-zaken.10.txt,2015,5-buitenlandse-zaken,0,eerst twed suppletoir begrot war nodig verwijz begrot opgenom invoer verantwoord begrot budgettair gevolg rijksbred uniform opgesteld realisaties instrumentniveau jaarlijk verschill voorligg gev verschill realisatie ten opzicht vastgesteld ontwerpbegrot vanaf toegelicht ondergren eur miljoen verschill vanaf toegelicht verplicht ontvangst afwijk groter artikelniveau toegelicht leesbar waarborg financiel ment procent artikelonderdel uitmak opgenom financiel betekent sommig gevall uitput opsomm financiel instrument per artikelonderdel opstell ontwerpbegrot sommig uitgav een instrument gekoz terwijl realisatie blijkt uitgav meerder instrument verwerkt leesbar financiel gevolg waarborg ervor gekoz realisatie breng begrot genoemd instrument splits over onderdel jaarverslag beleidsverslag volg ringsparagraf jaarreken buitenland zak drie afgerond evaluatieonderzoek extern inhur afkort bedrijfsvoeringsparagraf uitvoer terrein buitenland handel ontwikkelingssamenwerk gemaakt apparat buitenland zak red bedrijfsvoeringsparagraf buitenland handel menwerk verwez bedrijfsvoeringsparagraf jaarverslag buitenland zak uitzonder hierop onderdel rechtmat totstandkom beleidsinformatie daarnaast hierin aandacht bested fraud groeiparagraf aanpass presentatie groting nam verantwoord begrot twed kamer behandeld nieuw presentatie geeft inzicht financiel informatie rol verantwoord lat duidelijk splitsing apparat programma zien twee voorligg jaarverslag begrotingsartikel ingevuld volgen nieuw voorschrift jaarverslag buitenland zak buitenland handel ontwikkelingssamenwerk aangebod parlement uitgav land verschill departemental begrot stan gebundeld homog international samenwerk hgis aanvull departemental jaarverslag geeft twed kamer vergaderjar,"Colonial Exploitation, Slavery & Economic Inequality|Reparations and Remembrance|Modern & Everyday Racism",0.0919757034553672,"[0.040191704867455845, 0.0028912182771540476, 0.024434582146867674]","[True, True, True]","[True, True, True]",5-buitenlandse-zaken.10.txt__0,"[1, 1, 1]"
kamerbrief-ervaringen-wfm-bes.12.txt,Policyarchive_text\kamerstukken\2015\kamerbrief-ervaringen-wfm-bes\kamerbrief-ervaringen-wfm-bes.12.txt,2015,kamerbrief-ervaringen-wfm-bes,0,prospectus beleggingsinstell handel kredietinstell bijkom risico schadeverzekerar specifiek verzekeringsbranches provisie assurantiebemiddelar provisietransparantie levensverzeker belon tussenperson informatieverstrek consument reclam kredietwaardigheidstoet maximal kredietvergoed prospectus aanbied effect voorwetenschap uitgezonderd transacties marktmanipulatie uitgezonderd transacties melding zeggenschap uitgezonderd vennootschapp bestur boet herstelplan saneringsplan financieringsplan,,0.0377964473009227,"[0.044198514010512356, 0.003503364581960559, 0.006449402860177501]","[True, False, True]","[False, False, False]",kamerbrief-ervaringen-wfm-bes.12.txt__0,"[0, 0, 0]"
cbs-jaarverslag-2014.12.txt,Policyarchive_text\jaarverslagen\2015\cbs-jaarverslag-2014\cbs-jaarverslag-2014.12.txt,2015,cbs-jaarverslag-2014,0,cbs jaarverslag studentenmobiliteit daaruit voortvloei datawens europes verorden uitgebreid geslaagd hoger studie gehel gedeelt buitenland gevolgd betreft europes statistiek toerism cbs vanaf informatie lever kalenderjar plat toe gebruik vakantiejar plus enig aanvull hiertoe maakt cbs dagrecreatie continu vakantie research monitor europes regelgev terrein national emissieplafond grensoverschrijd luchtverontrein wegverker vanaf additionel informatie verzameld verkeersprestaties branch special voertuig daarnaast berekeningsmethod verder ontwikkeld kader uitvoer europes kaderrichtlijn inspir infrastructur spatial information europ leid europes infrastructur levert cbs dataset statistisch eenheid landgebruik gezond demografie tak cbs implementatiewet infrastructur ruimtelijk informatie geregeld wetgev uitgebreid vijf verorden een richtlijn noemer sixpack vall sixpack gezien uitbreid groeipact schrijft nieuw statistiek overheidsfinancien waaronder maandstatistiek inkomst uitgav central snell indicator ontwikkel overheidsfinancien europes mogelijk snel grijp vergrot nauw overleg financien afzonder departement benodigd gegevensstrom maandbasis ingericht social fonds uwv svb cvz maandelijk lever bronbestand overeengekom parallel daaran cbs nieuw statistiek ontwikkeld inkomst uitgav central wettelijk social verzekeringsinstell programmavernieuw meerjarenprogramma mjp drie hoofdthema programmavernieuw onderscheid ontwikkel bedrijfslev flexibiliser arbeidsmarkt vermogensposities huishouden daarnaast verder verbeter toegang ontsluit informatie prioriteit aangemerkt ontwikkel bedrijfslev cbs vrij universiteit amsterdam workshop international handel transport national regional niveau georganiseerd deelnemer wereld praktijk wetenschap central hierbij stond belang visualisaties international afstemm definities verder ontwikkel regional transportcijfer analys effect locatiebepaald ingang bied conjunctuurenquêt uitbreid nam gebied uitkomstenreeks regio bedrijfstak statlinetabel regio bevat provincies landsdel stadsgewest uitbreid kond gerealiseerd uitbreid waarnem gestart beter kaart breng verkop consument via internet fenomen omzetstatistiek digital handel webwinkel hiervor,"Colonial Exploitation, Slavery & Economic Inequality|Reparations and Remembrance|Modern & Everyday Racism",0.0909989136872721,"[0.045088125777448015, 0.008519709935171097, 0.004842970888537639]","[True, True, True]","[True, True, True]",cbs-jaarverslag-2014.12.txt__0,"[1, 1, 1]"
17-buitenlandse-handel.15.txt,Policyarchive_text\jaarverslagen\2015\17-buitenlandse-handel\17-buitenlandse-handel.15.txt,2015,17-buitenlandse-handel,0,goed laatst twee speerpunt fragiel stat veiligheidssituatie opbouw rechtstat bevorderd bijgedrag voorlop vredesakkoord mali hernieuwd strategie versterk justitiel sector syrisch gebied control gematigd oppositie gebied srgr ingezet kennis jonger seksuel gezond groter beschik anticonceptie aidsremmer daling moedersterft sterft teven actief ingezet verbeter ondernemingsklimat ontwikkelingsland genderg klimaatsverbeter reactie proliferatie conflict humanitair ramp steld kabinet relief fund budget noodhulp substantieel verhoogd extra middel werd ingezet noodhulp syrie central afrikan republiek irak bestrijd ebola nieuw marineschip karel doorman ingezet bestrijd ebola ter bestrijd chronisch crises hoorn afrika grot mer werd partnerschapp aangegan ngo vrouwenrecht genderg prioritair thema verdiend beter inbed red taskforc vrouwenrecht genderg opgericht actief gewerkt verbeter kader international samenwerk oeso werd discussies gevoerd richt ploum aanvaard global partnership effectiv development cooperation kader post werd sted duidelijker prioriteit waaronder getting zero armoedebestrijd lijkheid vrouwenrecht verklein ongelijk water zeker terechtgekom open working group sustainabl development vooruitlop nieuw international ambities nieuw manier werk energie gestok identificer concretiser trilateral samenwerk trilateral samenwerk relatie opkom economie twed land versterk gezamen activiteit zet ontwikkelingsland resulteerd samenwerkingsverband tunesie jem mali gebied srgr succes nederland bedrijfslev buitenland buitenland handel belangrijk motor economie blijkt duidelijk analys positie mondial waardeketen kamer deeld gaf ooit verwev buitenland product langer een land gemaakt wereld daarin elk land bedrijf eig niches vind goed positie mondial waardeketen behield positie vijfd goederenexporteur wereld dienst bezet zevend plat twee plaats hoger opnieuw ging bijna driekwart export twed kamer vergaderjar xvii,"Colonial Exploitation, Slavery & Economic Inequality|Reparations and Remembrance|Modern & Everyday Racism",0.0937936610816878,"[0.049602139024935044, 0.007710761592579766, 0.01816589316962241]","[True, True, True]","[True, True, True]",17-buitenlandse-handel.15.txt__0,"[1, 1, 1]"
nota-naar-aanleiding-van-het-verslag-rond-erfgoedwet.69.txt,Policyarchive_text\kamerstukken\2015\nota-naar-aanleiding-van-het-verslag-rond-erfgoedwet\nota-naar-aanleiding-van-het-verslag-rond-erfgoedwet.69.txt,2015,nota-naar-aanleiding-van-het-verslag-rond-erfgoedwet,0,termijn bewar neming ocw stan los termijn waarbinn lidstat rechthebb vorder teruggav stell dergelijk vorder ingesteld vijf nadat bekend war cultuurgoed bevindt identiteit houder bezitter bekend nadat goed lidstat illegal verlat termijn museumstuk stuk open collectie gat bovendien geldt extrem situaties moment irak syrie sanctieregel vastgelegd verenigd naties waarmee cultuurgoeder veilig gesteld moment contact opgenom national autoriteit land herkomst veilig terugker goeder mogelijk verschill procedures led merk procedures teruggav wet bezet gebied uitvoeringswet beid via privaatrecht weg geschied waarbij afwijk regel omtrent goed trouw verjar geld led will grag wet afwijk regel inhoud teruggav cultuurgoeder bezet gebied geld aanton goed trouw standaardnorm burger wetboek geval onrechtmat uitgevoerd cultuurgoeder vall hierbij specificer gemaakt betrek standaardnorm aanton nodig zorgvuld hoedan partij betaald prijs stapp genom redelijk handel person omstand nem cultuurgoeder omstand nader geconcretiseerd bezitter houder ton elk redelijkerwijs toegank register betrek gestol cultuurgoeder relevant informatie documentatie instanties geraadpleegd handelar veilinghouder geld aanvull voorwaard aanton zorgvuld handel nader invull norm zorgvuld rechtszeker gev partij procedur teruggav deg goed kwijt deg compenser goed goeder trouw bezit teruggav cultuurgoeder bezet gebied betaalt stat vergoed indien betrok person goeder trouw verjar teruggav cultuurgoeder afkomst bezet gebied geregeld rechtsvorder verjaart hag verdrag termijn vastgesteld houdt verband kwetsbar cultuurgoeder onoverzicht gebrek effectiev autoriteit gewap conflict terugvorder cultuurgoeder onrechtmat verdragsstat verlat verjaringstermijn opgenom sluit regel rond goed trouw nederland burger recht daarbij concessie gedan relatiev kort verjaringstermijn verkrijg eigendom goeder algemen drag bestrijd illegal handel cultuurgoeder vijf nadat bekend war zak bevindt,"Colonial Exploitation, Slavery & Economic Inequality|Reparations and Remembrance|Modern & Everyday Racism",0.0570781792985392,"[0.04756027345819191, 0.003749483703002245, 0.008111521223547722]","[True, True, True]","[True, True, True]",nota-naar-aanleiding-van-het-verslag-rond-erfgoedwet.69.txt__0,"[1, 1, 1]"
bijlage-1-nota-naar-aanleiding-van-het-verslag-omgevingswet.60.txt,Policyarchive_text\beleidsnotas\2015\bijlage-1-nota-naar-aanleiding-van-het-verslag-omgevingswet\bijlage-1-nota-naar-aanleiding-van-het-verslag-omgevingswet.60.txt,2015,bijlage-1-nota-naar-aanleiding-van-het-verslag-omgevingswet,0,stat werking infrastructurel voorzien beslisregel belangrijk instrument stur goed kwaliteit fysiek leefomgev beslisregel belangrijk instrument stur kwaliteit fysiek leefomgev wetsvoorstel aanzien aangegev daarover rijk instructieregel zull gesteld betreft ten eerst instructieregel inhoud verplicht programma actieplann geluid beheerplann natura verschill programma watergebied geeft wetsvoorstel instructieregel gesteld provincial omgevingsverorden betreft instructieregel culturel erfgoed bijzonder provincial instructieregel werelderfgoeder stiltegebied bescherm grondwaterkwaliteit grondwaterbeschermingsgebied oog drinkwaterwinn lokal spoorweginfrastructur provincial weg ten aanzien omgevingsplan projectbesluit bepaalt wetsvoorstel ieder geval regel gesteld culturel erfgoed waaronder ieder geval archeologisch monument extern geluid luchthaven infrastructur voorzien landsverded national instructieregel provincial tak bevoegd rond zwemlocaties slot benoemt wetsvoorstel stell instructieregel ontwerp bouw onderhoud open vuilwaterriol elk omgevingsvergunningplicht activiteit stelt rijk beslisregel vorm beoordelingsregel grond verlen weiger omgevingsvergunn wetsvoorstel geeft sturing inhoud beoordelingsregel monumentenactiviteit bepaald beoordelingsregel gesteld oog behoud culturel erfgoed vermeldt wetsvoorstel international recht afkomst beginsel daarbij betrok bevoegd gezag belang beginsel ogen houd nem besluit vergunningaanvrag ter vergrot toegank zull beslisregel instructieregel beoordelingsregel omgevingsvergunn plat krijg voorgenom besluit kwaliteit leefomgev bestaand beslisregel onderl sterk verschill juridisch constructie gekoz detailniveau zull war gelet achterligg beleidsdoel mogelijk geharmoniseerd bezien mat bestur afwegingsruimt per beslisregel samenhang gehel beslisregel meest passend europes regel international afsprak past hierbij sted evenwicht gezocht mat sturing kwaliteit fysiek leefomgev mat waarin bestur afweegruimt gebod opdat bestuursorgan beter besluit nem lokal situaties zie bestur afweegruimt nota led diver fracties verschill beleidsonderwerp betreff wijz stur kwaliteit fysiek leefomgev instructieregel beoordelingsregel omgevingsvergunn zull diver nota beantwoord beginn hierna volgend stur kwaliteit enkel bijzonder algemen led vrijwel fracties verspreid betrok betoond wijz waarop wetsvoorstel beoogd amvb voorzien opgenom bewerkstell besluitvorm basis omgevingswet daadwerk goed kwaliteit fysiek leefomgev leidt bevat beantwoord reger enkel bijzonder,Reparations and Remembrance|Modern & Everyday Racism,0.0713404739308335,"[0.010198622719902186, 0.019936108200515872, 0.04557996518434712]","[False, True, True]","[False, True, True]",bijlage-1-nota-naar-aanleiding-van-het-verslag-omgevingswet.60.txt__0,"[0, 1, 1]"
kamerbrief-over-het-unesco-verdrag-immaterieel-erfgoed.1.txt,Policyarchive_text\kamerstukken\2015\kamerbrief-over-het-unesco-verdrag-immaterieel-erfgoed\kamerbrief-over-het-unesco-verdrag-immaterieel-erfgoed.1.txt,2015,kamerbrief-over-het-unesco-verdrag-immaterieel-erfgoed,0,retouradres postbus den hag vroeg rad advies wijz international nominer inzak bescherm immaterieel culturel erfgoed rad adviseerd hierover brief stur beleidsreactie advies rad informer voorstel nominatieprocedur daarbij selectiekader aanbevel rad unesco verstat immaterieel erfgoed social gewoont rituel tradities uitdruk bijzonder kennis vaardig gemeenschapp groep som zelf individuen erkenn culturel erfgoed immaterieel erfgoed sted opnieuw gecreeerd generatie generatie overgedrag aldus verdrag immaterieel erfgoed stat volop belangstell cultuursector samenlev conferenties levend houd ambacht massal bezocht ervar ambachtslied jong vormgever amerikan toerist reiz bloemencorso zien erfgoedgemeenschapp meld tradities national inventaris immaterieel erfgoed koninkrijk nederland inzak bescherm immaterieel culturel erfgoed geratificeerd land koninkrijk curaçao aruba maart aangegev medegeld verdrag wens verdrag dynamisch wijz levend houd immaterieel erfgoed safeguard groep mens gev sted opnieuw betekenis waard gebruik feest ambacht zorgt identiteit continuiteit regional eig lokal verbond vel beoefenar vrijwilliger immaterieel erfgoed koester national international erkenn belang datum betreft international nominer immaterieel erfgoed voorzitter twed kamer postbus den hag erfgoed kunst ipc rijnstrat den hag postbus den hag onz referentie,"Colonial Exploitation, Slavery & Economic Inequality|Reparations and Remembrance|Modern & Everyday Racism",0.1462110536485737,"[0.010625918204880177, 0.058512108908594804, 0.047312221659266185]","[True, True, True]","[True, True, True]",kamerbrief-over-het-unesco-verdrag-immaterieel-erfgoed.1.txt__0,"[1, 1, 1]"
sociaal-jaarverslag-bz-2014.42.txt,Policyarchive_text\jaarverslagen\2015\sociaal-jaarverslag-bz-2014\sociaal-jaarverslag-bz-2014.42.txt,2015,sociaal-jaarverslag-bz-2014,0,lokal aangenom medewerker post,,0.1,"[0.0, 0.0, 0.050609360949519844]","[False, False, False]","[False, False, False]",sociaal-jaarverslag-bz-2014.42.txt__0,"[0, 0, 0]"
jaarverslag-beheer-staatsdeelnemingen-2014.32.txt,Policyarchive_text\jaarverslagen\2015\jaarverslag-beheer-staatsdeelnemingen-2014\jaarverslag-beheer-staatsdeelnemingen-2014.32.txt,2015,jaarverslag-beheer-staatsdeelnemingen-2014,0,jaarverslag beher staatsdeelnem lager rendement bng bank vooral boekhoudkund karakter oorzak ligt ongerealiseerd marktwaardeverander financiel transacties fmo hbr nwb bank lat rendement zien lijn zesjar gemiddeld rendement covra neemt laatst gevolg lager rendement middel langetermijnopslag eindberg gasunie schiphol tennet rendement behaald zesjar gemiddeld ligt lat positief rendement zien verbeter ten opzicht negatiev rendement voorgaand negatiev nam zaakt afwaarder holland casino lat herstructurer positief zien staatsloterij vertaalt teruglop winst lager rendement rendement ucn ligt zesjar gemiddeld afgelop winst den waardor eig vermog relatief gezien harder gesteg winst daardor neemt rendement eig vermog terwijl winst stijg slot munt rendement bekend aangezien jaarverslag munt vastgesteld divid staatsdeelnem stelt overleg aandeelhouder dividendbeleid dividendbeleid zet deelnem uiten welk winst ondernem beginsel jaarlijk uitker divid welk toevoeg reserves voorstel rad bestur rad commissariss besluit aandeelhouder vervolgen elk welk daadwerk uitgekeerd welk gereserveerd geeft verdel bevoegd vaststell divid organ vennootschap wer geval naamloz vennootschap beslot schap bevoegheidsverdel min gelijk dien verstand bestur zogenaamd uitkeringstest besluit algemen vergader aandeelhouder pas geldig bestur goedgekeurd bevoegdheidverdel divid uitker winst divid tussentijd uitker winst reserves superdivid rvb stelt jaarreken rvb voorstel rvc rvc keurt voorstel rvb goed ava ava stelt winstuitker vast ling jaarreken ava neemt besluit verzoekt rvb schriftelijk voorstel ava stel rvb afwijz rvb nogmal verzoek voorstel wederom rvc goedgekeurd indien ava twed stel afwijst indien rvb tijdig voorstel komt stat ava vrij uitkeringsbesluit nem uitkeringspercentag ratio verschilt per deelnem stat aandeelhouder stelt ieder deelnem apart dividendbeleid vast bepaalt voorstel schap welk daadwerk uitgekeerd stat treedt hierbij prudent houder zegg vaststell dividendbeleid jaarlijk divid reken gehoud huidig vermogenspositie ondernem toekomst investeringsverplicht ondernem grot investeringsagenda verstand groter winst reserver financiel,"Colonial Exploitation, Slavery & Economic Inequality|Reparations and Remembrance|Modern & Everyday Racism",0.0766777596657698,"[0.0445444801192788, 0.0, 0.0013184633389421423]","[True, True, True]","[True, True, True]",jaarverslag-beheer-staatsdeelnemingen-2014.32.txt__0,"[1, 1, 1]"
cbs-jaarverslag-2014.23.txt,Policyarchive_text\jaarverslagen\2015\cbs-jaarverslag-2014\cbs-jaarverslag-2014.23.txt,2015,cbs-jaarverslag-2014,0,cbs jaarverslag extern verantwoordingsmodel verantwoordingsmodel total integral kost miljoen exclusief kost gevolg reorganisaties toegerek activiteit opstell statistisch bestand publicatie statistisch informatie per thema daarnaast verstrekt model afzonder inzicht kost presentatie middel statlin kost lever maatwerkinformatie ten behoev centrum beleidsstatistiek kost softwareprogramma blais waarmee vragenlijst samengesteld onderstaand opgenom waarbij onderscheid gemaakt kost regulier statistisch jaarprogramma kost product aanvrag kost per productgroep vast programma vraaggestuurd mln euro statistisch bestand arbeid social zeker bedrijv bevolk bouw won financiel zakelijk dienst gezond welzijn handel horeca industrie energie inkom bested international handel landbouw natur milieu politiek prijz recht verker vervoer vrij tijd cultur presentatie centrum beleidsstatistiek blais,"Colonial Exploitation, Slavery & Economic Inequality|Modern & Everyday Racism",0.0622799155329218,"[0.06001269861613052, 0.005359162050110201, 0.0009412208924949324]","[True, False, True]","[True, False, True]",cbs-jaarverslag-2014.23.txt__0,"[1, 0, 1]"
ofm-2016-wetsvoorstel.34.txt,Policyarchive_text\kamerstukken\2015\ofm-2016-wetsvoorstel\ofm-2016-wetsvoorstel.34.txt,2015,ofm-2016-wetsvoorstel,0,over international aspect uitbreid regel uitgav monumentenpand natuurschoonwet aanleid uitsprak hof justitie europes unie vooruitlop wetgev goedgekeurd voorwaard aftrek uitgav monumentenpand toegestan monumentenpand grondgebied stat partij overeenkomst betreff europes economisch ruimt geleg hierbij geldt eis monumentenpand element vormt nederland culturel erfgoed goedkeur gebaseerd uitsprak hof justitie europes unie hvj voorgesteld wijzig regel uitgav monumentenpand goedkeur voornoemd besluit ingang gecodificeerd natuurschoonwet nsw bovenstaand uitsprak samenhang uitsprak hvj dezelfd verschen waarin bepaald onroer zak voorwaard nsw gerangschikt wanner onroer zak geleg hierbij geldt net faciliteit wet buitenland geleg monumentenpand eis onroer zak element vormt nederland culturel erfgoed geval goedkeur vooruitlop wetgev uitgevaardigd doorlooptijd nodig benodigd aanpass rangschikkingsbesluit natuurschoonwet waarin criteria zull opgenom wanner buitenland geleg onroer zak element vormt nederland culturel erfgoed wijzig nsw konink besluit bepal tijdstip werking tred tijd goedkeur beleidsbesluit kracht implementatie verrekenprijsdocumentatie report wetsvoorstel nieuw gestandaardiseerd documentatieverplicht opgenom multinational groep verrekenprijz concern hanter nieuw documentatieverplicht betreff landenrapport report groepsdossier master fil lokal dossier local fil nieuw documentatieverplicht implementeert aangekondigd brief boekjar aanvang actiepunt bas erosion profit shifting opdracht nieuw standaard gepubliceerd report action report opgenom nieuw oeso transfer pricing guidelines idee nieuw gestandaardiseerd landenrapport belastingdienst daardor efficienter risicoselectie verrekenprijz uitvoer blijkt risicoselectie hog risico winstverschuiv betreff belastingdienst nader informatie opvrag zak verder schar capaciteit daardor efficienter ingezet grondslaguitholl winstverschuiv daardor effectiever besluit hvj zak ecli zak ecli,Reparations and Remembrance|Modern & Everyday Racism,0.0896643866496092,"[0.005942515206967692, 0.016904399763141016, 0.05612054198212359]","[False, True, True]","[False, True, True]",ofm-2016-wetsvoorstel.34.txt__0,"[0, 1, 1]"
p595288-bsg-feitelijke-vragen-buha-os-bijlage-1.19.txt,Policyarchive_text\kamerstukken\2015\p595288-bsg-feitelijke-vragen-buha-os-bijlage-1\p595288-bsg-feitelijke-vragen-buha-os-bijlage-1.19.txt,2015,p595288-bsg-feitelijke-vragen-buha-os-bijlage-1,0,totaallijst feitelijk vaststell begrotingsstat buitenland handel ontwikkelingssamenwerk aandacht geoormerkt verschill bred privat sector ontwikkelingsprogramma voorbeeld daarvan capaciteitsopbouw jong ondernemer via bop inc activiteit agriterra vergrijz platteland afrikan land grot problem landbouw aantrek jonger agriterra richt inspann komend samenwerk nederland agrarisch jonger kontakt najk vooral jonger landbouw beleidscoherentie ontwikkel concret gewaarborgd implementatie duurzam ontwikkelingsdoel sdg waarbij national international herzien verder uitwerk implementatie subdoel beleidscoherentie duurzam ontwikkel sdg enhanc policy coherenc sustainabl development besprek international verband politiek commitment ligt reger addis ababa actie agenda agenda duurzam ontwikkel nadruk gecommitteerd national international samenhang wijz bijdraagt global goal raadsconclusies new global partnership poverty eradication sustainabl development specifiek benadrukt ontwikkeld hog middeninkomensland opkom land impact armer land gebeurt systematisch toepass impact assessment leidt implementatie sdg ertoe uitgebreid manier zull stakeholder benaderd implementatie sdg vorm gev zowel gat international manier samengewerkt ministeries implementatie sdg verder gan gebied buitenland handel succes mak kunt concret voorbeeld gev omvat handel belast waardeketen klimat toegang medicijn daarnaast bezien kost remittances geldovermak migrant gereduceerd ten aanzien migratie ontwikkel thema sluit goed global goal interdepartemental samenwerk regelmat contact stakeholder plaatsgevond onderhandelingsfas voorafgaand voortgezet hierbij kom activiteit zowel national international dimensie ter sprak goed voorbeeld bred betrok initiatief stakeholder bedrijv ngo kennisinstell gecommitteerd global goal overleg departement kaart gebracht nem kader duurzam ontwikkelingsdoel daarbij nauw aangeslot afsprak gemaakt hecht eran agenda daadkracht oppakt kader grag zien europes voorjar eerst indicatie geeft implementatie global goal zowel extern intern terrein gat vormgev prioriteit voorzitterschap eerst helft,"Colonial Exploitation, Slavery & Economic Inequality|Reparations and Remembrance|Modern & Everyday Racism",0.0877876225140347,"[0.04408605501902146, 0.016833658173735264, 0.01349801130736425]","[True, True, True]","[True, True, True]",p595288-bsg-feitelijke-vragen-buha-os-bijlage-1.19.txt__0,"[1, 1, 1]"
jaarverslag-beheer-staatsdeelnemingen-2014.121.txt,Policyarchive_text\jaarverslagen\2015\jaarverslag-beheer-staatsdeelnemingen-2014\jaarverslag-beheer-staatsdeelnemingen-2014.121.txt,2015,jaarverslag-beheer-staatsdeelnemingen-2014,0,jaarverslag beher staatsdeelnem deelnem loep financieel activa eig vermog vreemd vermog inkomst winst divid ontvang stat solvabiliteitsratio rendement eig vermog ratio vermogenspositie rendement divid gasterra winst miljoen behaald omzet miljard winst miljoen divid uitgekeerd stat gasterra behaald jaarlijk winst uitvloeisel overeenkomst aandeelhouder gasterra gasterra behal winst belast prijs aardolie maatschappij nam gasterra verkocht groning aardgas gedur zodan vastgesteld winst belast miljoen gasterra resteert rendement gemiddeld eig vermog bedroeg invester invester gasterra aandeelhouder voorgelegd financiel solvabiliteitsratio divid netoresultat winstbestemm rendement eig vermog gasterra financiel investeringsdrempel buitenland des invester overnam participatie,Modern & Everyday Racism,0.0749531688995861,"[0.053033375235785905, 0.0, 0.002631128648447371]","[False, False, True]","[False, False, True]",jaarverslag-beheer-staatsdeelnemingen-2014.121.txt__0,"[0, 0, 1]"
bijlage-1-nota-naar-aanleiding-van-het-verslag-omgevingswet.74.txt,Policyarchive_text\beleidsnotas\2015\bijlage-1-nota-naar-aanleiding-van-het-verslag-omgevingswet\bijlage-1-nota-naar-aanleiding-van-het-verslag-omgevingswet.74.txt,2015,bijlage-1-nota-naar-aanleiding-van-het-verslag-omgevingswet,0,benadruk pbl uitgevoerd actueler beeld praktijk krijg infrastructur milieu praktijkonderzoek gestart hiervan voorjar vng ipo besprok bekek aanpass regel handreik kort termijn inwerkingtred wetsvoorstel uitvoeringsregelgev nodig ladder duurzam verstedelijk opgenom voorgenom besluit kwaliteit leefomgev reger beziet hierbij doelstell instrument ten grondslag ligg best bereikt uitwerk genoemd meegenom voorkom ladder strikt toepass averecht werkt herstructureringsgebied culturel erfgoed archeologisch toevalsvondst culturel erfgoed omgevingsplann led fractie onduid plat cultuurhistorie ruimtelijk orden toebedeeld krijgt opgenom wetsartikel per plek krijg bedoel wetgever leidt misverstand gemeent belang mening led onvoldo onderk daarnaast moderniser monumentenzorg mening led terrein geland gebiedsgericht monumentenzorg voldoend gedekt bescherm voldoend gelijkwaard geregeld culturel erfgoed behoud net led fractie reger behoud culturel erfgoed hog vaandel stan huidig stelsel behoud culturel erfgoed materieel gezien nagenoeg overgezet stelsel omgevingswet oordel reger zichtbar wetsvoorstel komt vooral memorie uitdruk daarbij uitdruk gerefereerd fysiek leefomgev relevant international verdrag gebied culturel erfgoed global schet vanuit huidig stelsel culturel erfgoed gat omgevingswet verwez passag monumentenwet nota led fractie gelijk inhoud norm uitwerk daarvan veelal plat zull krijg wet beeld complet hangt systematiek wetsvoorstel waarin materiel norm gebundeld kenbar samenhang vergrot wet omvang beperkt houd reger belang gehecht wetsniveau goed beeld gev stelsel culturel erfgoed allereerst merkt twed lid wetsvoorstel culturel erfgoed expliciet fysiek leefomgev benoemt bereik stand houd veilig gezond fysiek leefomgev goed omgevingskwaliteit waartoe culturel erfgoed behoort wet verder bevat wetsvoorstel concret bepal derd lid aanwijz rijksbeschermd dorpsgezicht eerst lid rijksmonumentenactiviteit archeologisch toevalsvondst algemen belang overigen culturel erfgoed grot decentral over beschermd denk gemeent provincial monument dorpsgezicht cultuurlandschapp verband wijst reger grondslag biedt instructieregel behoud culturel erfgoed omgevingsplan concret betekent gemeent opdracht krijg vaststell wijzig omgevingsplan reken houd bekend verwacht culturel erfgoed verplicht behoort inventariser beschermenswaard culturel erfgoed,Reparations and Remembrance|Modern & Everyday Racism,0.0958194145333362,"[0.006230902587395184, 0.04086720363277587, 0.14076071948674862]","[False, True, True]","[False, True, True]",bijlage-1-nota-naar-aanleiding-van-het-verslag-omgevingswet.74.txt__0,"[0, 1, 1]"
antwoordbrief-schriftelijke-vragen-bij-de-vws-ontwerpbegroting-2016.138.txt,Policyarchive_text\brieven\2015\antwoordbrief-schriftelijke-vragen-bij-de-vws-ontwerpbegroting-2016\antwoordbrief-schriftelijke-vragen-bij-de-vws-ontwerpbegroting-2016.138.txt,2015,antwoordbrief-schriftelijke-vragen-bij-de-vws-ontwerpbegroting-2016,0,bijna tweederd klacht betreft hoofdcategorieen professionel handel klacht klacht communicatie klacht professionel handel vall categorieen onen medisch handel diagnos gemist omvat klachtencategorieen medicatie stat gebouw voorzien hygien infectiepreventie bejegen dossiervoer voorbeeld klacht hoofdcategorie communicatie vall nader informatie hierover raadpleg klachtbeeld landelijk meldpunt zorg hoevel zorginstell zowel curatief car hygien mat sprak toenam afnam zorginstell ondermat hygien steekproefsgewijs onderzoekt igz hoeverr hygien curatiev langdur zorg ord igz zorgaanbieder land echter aangev hoevel zorgaanbieder hygien mat komt igz zorginstell bezoekt hygien standaard bezoek onlang geconstateerd intramural ouderenzorg hygien eerst bezoek vak ord verbeter snel realiser zowel recent bezoek igz blijkt ziekenhuiz verbeter gebied hygien igz komend vorder terrein volg curatiev zorg langdur zorg hoevel zorginstell zowel curatief car vanweg personeelsgebrek gemeld kwaliteit mat informatiesystem igz momentel toegerust nader analys gev specifiek waarover igz gemeld igz werkt continu verbeter mogelijk gebied momentel gewerkt gefaseerd invoer nieuw informatiesystem beter stat melding signal beoordel hoevel zorginstell geweld gemeld bewoner personel beid opvolg informatiesystem igz momentel toegerust nader analys gev specifiek waarover igz gemeld igz werkt continu verbeter mogelijk gebied momentel gewerkt gefaseerd invoer nieuw informatiesystem beter stat melding signal beoordel hoevel gedan hoevel burger hoevel media hoevel tijd lat aard omvang bezwar aangespann rechtszak,,0.0461083967620703,"[0.04497681525672884, 0.001087534801301765, 0.0027734921124393376]","[False, False, True]","[False, False, False]",antwoordbrief-schriftelijke-vragen-bij-de-vws-ontwerpbegroting-2016.138.txt__0,"[0, 0, 0]"
8-onderwijs-cultuur-en-wetenschap.124.txt,Policyarchive_text\jaarverslagen\2015\8-onderwijs-cultuur-en-wetenschap\8-onderwijs-cultuur-en-wetenschap.124.txt,2015,8-onderwijs-cultuur-en-wetenschap,0,apparaatskost budgettair gevolg bedrag realisatie kelijk steld begrot verschil verplicht waarvan garantieverplicht total personel uitgav waarvan eig personel extern inhur materiel uitgav waarvan ict sso begrotingsreserv schatkistbankier apparaatsuitgav beleidsdirecties beleidsartikel werd verantwoord vanaf toegevoegd geldt ontvangst uitzonder ontvangst rce opgenom reconstruer vanuit gevolg verantwoord begrot invoer rijksbred kostensoortentabel ocw vanaf begrot kost technisch verdeeld instrument personel materieel basis realisatiecijfer voorgaand basis realisatiecijfer rek vanaf structurel herverdeeld technisch verklar verschill zichtbar instrument onderl verschil inhoud verklar mutaties programmabudget cultur apparaatsartikel zie uitgav begrot tussentijd gelet indal nieuw werkwijz eerder aangepast ocw stuurt budget organisatieonderdel per instrument uitgav uitgav apparaatskost ocw miljoen hoger vastgesteld begrot voornam veroorzaakt rce rijksdienst culturel erfgoed ivho ivho miljoen structurel ter beschik gesteld programma hangend bred vorm gev daarnaast miljoen toegevoegd tijdelijk uitbreid capaciteit gestalt gev uitgebreider geintegreerd continuiteitstoezicht rce miljoen ter beschik gesteld ter uitvoer programma erfgoed digital kimomo tiekwaliteit herbestemm duurzam erfgoed erfgoedmonitor uitvoer brim vaststell subsidies budgettair gevolg instrument twed kamer vergaderjar viii,,0.0435800964455283,"[0.009764974770507563, 0.014398019118358401, 0.04012213053995084]","[False, True, True]","[False, False, False]",8-onderwijs-cultuur-en-wetenschap.124.txt__0,"[0, 0, 0]"
nota-naar-aanleiding-van-het-verslag-rond-erfgoedwet.83.txt,Policyarchive_text\kamerstukken\2015\nota-naar-aanleiding-van-het-verslag-rond-erfgoedwet\nota-naar-aanleiding-van-het-verslag-rond-erfgoedwet.83.txt,2015,nota-naar-aanleiding-van-het-verslag-rond-erfgoedwet,0,kost archeologisch draagt kost kom gevall reken overigen onderzoekt reger moment gemeent lelystad provincie flevoland mogelijk beher maritiem archeologisch rijkscollectie vergelijk beschrev opties maritiem archeologisch rijkscollectie daarin scheepswrak ijsselmeerpolder water moment ondergebracht maritiem archeologisch depot rce onderzocht beher middel beheersovereenkomst toekomst kom ligg privat instell stichting batavialand waarbij collectie gat uitmak cultuurbelevingspark collectie eigendom stat betreft mogelijk erfgoedbeleid betrek varend erfgoed volgend wetsvoorstel biedt kader bescherm bred spectrum roerend onroer culturel erfgoed inclusief mobiel erfgoed wettelijk beschermingsmog specifiek ontwikkeld mobiel erfgoed stichting mobiel collectie mcn steun reger national register mobiel erfgoed ontwikkeld erfgoed inventariser register geeft titel verkrijg subsidies lening daarnaast benut gemeent register toewijz ligplaats inricht historisch haven verder mobiel erfgoed erfgoedmonitor erfgoedbalan ten behoev instandhoud eigenar mobiel erfgoed oud trein auto vliegtuig beroep laagrent lening national restauratiefond waarbij mondriaan fond inhoud adviser verzorgt varend erfgoed national restauratiefond samenwerk vsb fond apart regel draagt versterk kwaliteit operationel houd bijzonder mobiel erfgoed nrf dusver drie lening verstrekt locomotief bello museum stoomtram hoorn medemblik twee bot hydrograf piet hein waarvan laatstgenoemd geschenk volk prinselijk par juliana bernard led bescherm mobiel erfgoed nam wettelijk geregeld ten aanzien varend erfgoed praktijk lijkt behoud onderhoud historisch vlot particulier belemmerd regelgev zomar toe pass historisch vaartuig led reger bereid gesprek gan betrok organisaties bezien wijz bescherm varend erfgoed beter geregeld verder reger bereid lijst stell waardevol behoud mobiel erfgoed breder zin verwijst reger overeenkomst gesteld led daarbij volgend opgemerkt milieu energie,"Colonial Exploitation, Slavery & Economic Inequality|Reparations and Remembrance|Modern & Everyday Racism",0.090572566655188,"[0.01360828023806582, 0.0558134570896823, 0.01585459915581357]","[True, True, True]","[True, True, True]",nota-naar-aanleiding-van-het-verslag-rond-erfgoedwet.83.txt__0,"[1, 1, 1]"
antwoorden-op-kamervragen-voorjaarsnota-2015.108.txt,Policyarchive_text\kamerstukken\2015\antwoorden-op-kamervragen-voorjaarsnota-2015\antwoorden-op-kamervragen-voorjaarsnota-2015.108.txt,2015,antwoorden-op-kamervragen-voorjaarsnota-2015,0,tweedejar rij for meevaller opgetred zorg bijzonder medicijn kunt aangev ramingssystematiek zorguitgav elkar steekt factor daarin meegenom kunt aangev manier raming zorguitgav bepaald sprak incidentel structurel tegenvaller begin kabinetsperiod stelt cpb middellang termijnram zorg mlt hierin spel verschill determinant rol waaronder demografie overheidsbeleid technologie referentieperiod verled gedur kabinetsperiod raming zorguitgav aangepast basis realisatiecijfer vws ontvangt zorginstitut nza aanpass doorgan structurel verwerkt tenzij duidelijk sprak incident onderschrijd budgettair kader zorg bkz afgelop via structurel verwerk raming geleid bijstell huidig groeipad zorguitgav lager niveau cpb gat cep afvlak groei zorguitgav merkt daarbij hervorm zorg terugker beter houdbar groeitempo zorguitgav handbereik ligt gebruik toekomst groeipad zorguitgav opnieuw bekek mlt cpb voorafgat volgend kabinetsperiod,"Colonial Exploitation, Slavery & Economic Inequality|Reparations and Remembrance|Modern & Everyday Racism",0.0710742315593533,"[0.0, 0.008890755320414112, 0.05515898354179275]","[True, True, True]","[True, True, True]",antwoorden-op-kamervragen-voorjaarsnota-2015.108.txt__0,"[1, 1, 1]"
lp-v-j-0000008590.1.txt,Policyarchive_text\brieven\2015\lp-v-j-0000008590\lp-v-j-0000008590.1.txt,2015,lp-v-j-0000008590,0,justitie retouradres postbus den hag executiv council public entity vreemdelingenzak directie migratiebeleid power afdel regulier bottom nationaliteit dutch caribean turfmarkt den hag postbus den hag contactperson kok senior beleidsmedewerker datum brief inzak nieuw consulair tariev kenmerk beantwoord datum kenmerk vermeld wilt slecht een zak geacht her johnson brief behandel brief eind gericht buitenland zak zienswijz wijzig legestariev aanvrag verblijfsvergunn geuit brief geeft bent verhog leges aanvrag verblijfsvergunn arbeid loondienst daarnaast volgen voldan voorgeschrev wijz raadpleg beleidswijz opgenom derd lid wet open licham geleg bezoek eiland ambtsvoorganger afsprak gemaakt bestuurscolleg wijz waarop ten del bezwar tegemoet gekom via schrijv bevest hetgen besprok begin verder uitwerk afsprak wijzig tariev per vloei voort regel toelat uitzet gepubliceerd staatscourant hierin uitgangspunt legessystematiek vastgelegd waarbij kost ind maakt afdoen verblijfsaanvrag doorberek legestarief legestariev vastgesteld legestariev omgerek dollar toentertijd gekoz koopkracht circa koopkracht per werd basis bepal regel nieuw tariev vastgesteld geeft bezwar koppel legestariev europes kom later brief terug bereid zorg hoogt leges arbeid loondienst tegemoet kom leges per ind maand nodig implementatie nieuw tariev verlag financiel ruimt zit begrot venj dergelijk verlag vang gevolg legestariev stijg betekent concreto leges aanvrag verblijfsvergunn gezinsheren studie,"Colonial Exploitation, Slavery & Economic Inequality|Reparations and Remembrance|Modern & Everyday Racism",0.0860013163567531,"[0.05005707875895398, 0.0, 0.008506186395721484]","[True, True, True]","[True, True, True]",lp-v-j-0000008590.1.txt__0,"[1, 1, 1]"
kamerbrief-met-reactie-op-inbreng-kamer-over-vn-verdrag-personen-met-een-handicap.4.txt,Policyarchive_text\kamerstukken\2015\kamerbrief-met-reactie-op-inbreng-kamer-over-vn-verdrag-personen-met-een-handicap\kamerbrief-met-reactie-op-inbreng-kamer-over-vn-verdrag-personen-met-een-handicap.4.txt,2015,kamerbrief-met-reactie-op-inbreng-kamer-over-vn-verdrag-personen-met-een-handicap,0,dezelfd kwesties bezig toegank inclusie plan aanpak land nodig stapp zet kader implementatie verdrag vraagt kwartiermaker platform inclusie inmiddel werk gewerkt volgen princip nothing without kort termijn kwartiermaker aangesteld vormgev voorgesteld platform gebeurt nauw overleg vertegenwoord mens beperk aanpak kom platform inclusie stand gekom nauw overleg hen platform inclusie manier samengewerkt vraagt visie aanpak waarom gekoz pledges pledg plechtig beloft waarin activiteit voortgang ervar beschrev stan partner concret zull voordel werk pledges commitment ontstat deelnem partij waardor ander vrijblijv vraagt mens beperk betrok uitvoer verdrag ervor gezorgd betrok landelijk lokal toegerust mens beperk hierbov gesteld betrok uitvoer verdrag overigen verplicht vanuit verdrag betrok vormgev proces via alliantie implementatie gemeent uitvoer verdrag overleg vertegenwoordiger doelgroep goed voorbeeld utrecht gemeent gewerkt toegank stad nauw overleg mens beperk landelijk gehandicaptenorganisaties geldt gestimuleerd via fond pgo wmo opgenom ingezeten waaronder ieder geval client vertegenwoordiger betrok uitvoer wmo constateert mens bekend verdrag vraagt onderzocht bewustwordingscampagn organiser wijst hinderniss mens ondervind kunt behulpzam vraagt bewustwordingscampagn komt geld vrijgemaakt wanner voorstel gestuurd twed kamer aangeslot rijksbred campagn zet strep discriminatie bzk coordineert campagn hierop aansluit deelcampagn mens handicap campagn koppel tijdstip ratificatie mogelijk medio vraagt fin plan aanpak bereid kom thematisch plan waarin concret benoemd nodig kom inclusiev samenlev,Reparations and Remembrance|Modern & Everyday Racism,0.1197282856526439,"[0.000948089858434934, 0.001607447329000982, 0.0569032491325968]","[False, True, True]","[False, True, True]",kamerbrief-met-reactie-op-inbreng-kamer-over-vn-verdrag-personen-met-een-handicap.4.txt__0,"[0, 1, 1]"
9-financien.154.txt,Policyarchive_text\jaarverslagen\2015\9-financien\9-financien.154.txt,2015,9-financien,0,thema prestaties belangrijkst effect eerlijk efficient effectenmarkt bestend structur afm obligatiemarkt geintensiveerd melding obligatiegebied significant toegenom handel beursfonds vindt plat dankzij samenwerk buitenland toezichthouder meerder gevall partij toegang markt ontzegd waardor manipulatie gestopt vanweg overtred verbod marktmanipulatie vijf boetes opgelegd drie ker handel stilgelegd zorg basis ongelijk informatie gehandeld aandel afm nam ker contact marktpartij gevall leid breng aanvull corriger informatie gedragstoezicht draagt stabiliteit financiel stelsel transparantie bank risicomanagement kredietrisico kapitaalpositie deerd meest grootbank aanbevel overgenom jaarverslag waaran aandacht bested cybercrim securitisaties ltv hypothek national international beleidsvorm stabiliteitsrisico ingebracht besprok afnam schadelijk gedrag financiel criminaliteit afm malafid geldaantrekker aangepakt kreg formel opgelegd kreg waarschuwingsbrief optred afm gevall makkelijker gemaakt consument juridisch stapp ondernem gewaarschuwd boiler rom afm consument gewaarschuwd lijst potentiel klant stan frauduleuz beleggingsadviseur diver illegal aanbieder flitskrediet markt geweerd afm gewaarschuwd zes boetes opgelegd advertenties illegal kredietaanbieder aandring afm verwijderd partij benaderd illegal actief financiel markt vergunninghouder werd drie boetes opgelegd zes vergunn ingetrok toezichtkost som last toezichtsgesteld toe reken kost gemiddeld fte direct personel plus toegerek ondersteun twed kamer vergaderjar,"Colonial Exploitation, Slavery & Economic Inequality|Reparations and Remembrance|Modern & Everyday Racism",0.0572891899231546,"[0.04372062908284297, 0.008586741059030893, 0.01693893653912321]","[True, True, True]","[True, True, True]",9-financien.154.txt__0,"[1, 1, 1]"
nota-naar-aanleiding-van-het-verslag-rond-erfgoedwet.91.txt,Policyarchive_text\kamerstukken\2015\nota-naar-aanleiding-van-het-verslag-rond-erfgoedwet\nota-naar-aanleiding-van-het-verslag-rond-erfgoedwet.91.txt,2015,nota-naar-aanleiding-van-het-verslag-rond-erfgoedwet,0,mogelijk kader herbestemm bepaald ingrep verricht afbreuk monumental waard verled bovendien meestal ander gewijzigd som biedt transformatie kan verborg waard licht breng led begrijp huidig twed lid monumentenwet gehel erfgoedwet toepass verklaard constater echter verdergaand inperk opgenom overgang bepal monumentenwet red ligt led nader keuz toepass bepal inzak kerkelijk monument beperk aanwijz twed lid bepaalt betrek kerkelijk monument besliss genom ingevolg wet overleg eigenar algemen geformuleerd bepal betekenis feit sted gehad aanwijz monument vergunningverlen inmiddel monumentenvergunn uitzonder vooralsnog vergunn archeologisch monument opgegan omgevingsvergunn waarborg ten aanzien kerkelijk monument daarbij overgenom wabo volgen voorstel omgevingswet overleg eigenar procedurevoorschrift vergunningverlen geval voorgenom rijksmonumentenactiviteit kerkelijk monument betreft vergunningverlen sprak voortgezet waarborg niveau wet voorstel erfgoedwet regelt complement namelijk verplicht overleg eigenar kerkelijk monument aanwijz aldus overgang erfgoedwet inperk ten opzicht led lez bepal monument achterweg aangezien kader aanwijz toe voeg led waarom reger bepal beperkt aanwijz monument terwijl monumentenwet breder bereik led genoemd fractie interpretatie monument aspect belang eigenar subjectiev duiding overeenstemm breng objectiev invull begrip bestemm totstandkom monumentenwet waarbij verwez constant jurisprudentie led waarom langer noodzak belang bestemm monument wettelijk veranker juist tegenhanger gerechtvaardigd belang eigenar speelt vooral eventuel wijzig monument daarvor benodigd vergunningprocedures jurisprudentie monument verband toe nam vor gekom relatie belang eigenar reger led elk geval gebouwd monument belang monument verband wijst reger verdrag granada waarin expliciet aangegev gebouwd monument belang behoud monument bevorderd reken houdend monumental,"Colonial Exploitation, Slavery & Economic Inequality|Reparations and Remembrance|Modern & Everyday Racism",0.0836919442599386,"[0.01858465606020599, 0.08259919109389587, 0.001962434281882231]","[True, True, True]","[True, True, True]",nota-naar-aanleiding-van-het-verslag-rond-erfgoedwet.91.txt__0,"[1, 1, 1]"
antwoorden-op-kamervragen-voorjaarsnota-2015.21.txt,Policyarchive_text\kamerstukken\2015\antwoorden-op-kamervragen-voorjaarsnota-2015\antwoorden-op-kamervragen-voorjaarsnota-2015.21.txt,2015,antwoorden-op-kamervragen-voorjaarsnota-2015,0,vind twee mutaties plat eerst instantie reserver verlaagd vermeld kamerbrief naheff verlag betreft euro structurel basis eurostat gepresenteerd aanpass reserver vorig doorgeschov reserver cumulatief euro verlaagd vervolgen reserver opgehoogd aanleid aankond cbs tussentijd bijstell bni aanleid nederlandsch bank dnb omvang geldstrom buitenland basis bni opwaart bijgesteld cbs evenen regulier herbereken verwerkt bruto binnenland product waardor bni opwaart bijgesteld ongewijzigd volgen huidig inzicht bni opwaart bijgesteld bni opwaart bijgesteld opwaart bijstell bni leid basis huidig inzicht bruto nabetal euro structurel effect bedraagt euro waarvan effect neerslat structurel effect gevolg herbereken bni structurel doorwerkt omvang bni afhank ontwikkel bni lidstat bekend najar meest actuel cijfer bni bekend kamerstuk,Reparations and Remembrance|Modern & Everyday Racism,0.0919866211007799,"[0.0, 0.0011061342101795525, 0.06090591958525377]","[False, True, True]","[False, True, True]",antwoorden-op-kamervragen-voorjaarsnota-2015.21.txt__0,"[0, 1, 1]"
nota-naar-aanleiding-van-het-verslag-rond-erfgoedwet.58.txt,Policyarchive_text\kamerstukken\2015\nota-naar-aanleiding-van-het-verslag-rond-erfgoedwet\nota-naar-aanleiding-van-het-verslag-rond-erfgoedwet.58.txt,2015,nota-naar-aanleiding-van-het-verslag-rond-erfgoedwet,0,daarnaast led uitgebreid monument verwaarloz bescherm praktijk blijkt onwelwill eigenar monument lang verwaarloz slop onvermijd geword waarom gekoz instandhoudingsplicht led reger toelicht waarom wettelijk verplicht geldt monument goed onderhoud slecht onderhoud immer termijn leid beschad monument instrumentarium instandhoud rijksmonument kent verbod verniel vergunningplicht wijzig monument financiel voorzien eigenar subsidies belastingaftrek laagrent lening waarmee instandhoud monument bevorderd instrumentarium inzet vel aansprek geboekt restauratieachterstand bestand rijksmonument inmiddel bened tien procent aangeland vergelijk land stan monument goed verenigd koninkrijk verkeert derd monument slecht stat heritag risk uitgav english heritag wijz waarop monumentenzorg europa geregeld hel diver grosso modo kenn meest land system dezelfd combinatie enerzijd beperk eigenar vergunningplicht anderzijd compensatie stimuler financiel middel wettelijk instandhoudingsplicht eigenar national monument ongebruik gewest vlaander wallonie land frankrijk italie verenigd koninkrijk zwitserland dergelijk wettelijk bepal brief kloostercomplex ludwig vlodrop kamerstuk documentnr ocw opvat wettelijk mogelijk instandhoud gedeeld kamer kort gezegd geeft wetgev jurisprudentie ontstan gemeent voorkom gevall optred verwaarloz monument mit adequaat tijdig inzet handhav bereik derhalv aanvull expliciet instandhoudingsplicht nodig led vernem grag wijz advies gevraagd deskund verlen vergunn wijz verlen vergunn slop geregeld rol hierbij weggelegd cultur wetenschap will wet huidig stelsel wabo gemeent meest gevall bevoegd gezag monumentenzorg adviseert gemeent elk vergunningaanvrag activiteit betrek gebouwd aangelegd rijksmonument adviesrol geregeld inwerkingtred omgevingswet wet ocw adviseert bevoegd gezag grond wabo gebaseerd besluit omgevingsrecht bevoegd gezag vraagt ocw advies categorieen gevall waarin vergunningaanvrag ingrep betreft potentie raakt voortbestan rijksmonument gecontinueerd omgevingswet,"Colonial Exploitation, Slavery & Economic Inequality|Reparations and Remembrance|Modern & Everyday Racism",0.098058067569092,"[0.016976078616795193, 0.06773029859471526, 0.00401226100070925]","[True, True, True]","[True, True, True]",nota-naar-aanleiding-van-het-verslag-rond-erfgoedwet.58.txt__0,"[1, 1, 1]"
p595288-bsg-feitelijke-vragen-buha-os-bijlage-1.20.txt,Policyarchive_text\kamerstukken\2015\p595288-bsg-feitelijke-vragen-buha-os-bijlage-1\p595288-bsg-feitelijke-vragen-buha-os-bijlage-1.20.txt,2015,p595288-bsg-feitelijke-vragen-buha-os-bijlage-1,0,totaallijst feitelijk vaststell begrotingsstat buitenland handel ontwikkelingssamenwerk gebied ontwikkelingssamenwerk gemeld kamerbrief inhoud voorbereid voorzitterschap vooral richt drie grot dossier eerst plat betreft veranker financier duurzam ontwikkelingsdoel global goal intern extern unie teven nederland voorzitterschap europes positiebepal voorbereid ten aanzien vormgev toekomst relatie land afrika carib still oceaan acs verdrag cotonou afloopt voorzitterschap biedt verder uitgelez kan hulp handel agenda europes niveau verder vorm gev hierbij international maatschapp verantwoord ondernem verduurzam mondial waardeketen agender daarnaast gedur voorzitterschap gebied ontwikkelingssamenwerk aandacht uitgan migratie valletta top afrikan land zull uitgewerkt waarbij verder vorm gev adresser grondoorzak migratie voornem verder verduurzam mondial handelsketen concret uitgewerkt rol gat spel financier regisser stimuler uitvoer inzet aanlop beleidscoherentie aandacht maatschapp verantwoord ondernem mvo mondial waardeketen nodig multistakeholder sectoral samenwerk imvo convenantenproces niveau stimuleert keten verduurzam gelijk international speelveld mvo crer inzet uitgewerkt roep nieuw mvo actieplan sterk extern dimensie activiteit vervolgstapp duurzam mondial waardeketen stimuler bevorder uitwissel ervar lidstat dialog stakeholder productieland daarbij essentieel hiertoe agendeert informel handel verduurzam mondial waardeketen aanlop daarnaartoe organiseert conferentie aanwez handelscommissaris malmstrom vertegenwoordiger europes bedrijfslev maatschapp organisaties concret ondersteun kabinet initiatief duurzam handel idh initiatief brengt privat partij elkar werk schaalbar oploss duurzaamheidsuitdag privat sector idh beschikt uitgebreid netwerk bedrijfslev maatschapp middenveld investeert idh verduurzam sector thee katoen koffie tropisch hout cacao soja palmolie ver ingredient bloem groent fruit specerij aquacultur pulp papier textiel daarnaast idh programma gebied innovatiev financier duurzam landschapp wilt benut gebied migratie noodhulp verbeter gat concret voorstell bent tevred world humanitarian summit,"Colonial Exploitation, Slavery & Economic Inequality|Reparations and Remembrance|Modern & Everyday Racism",0.0859726953621095,"[0.060648195974710536, 0.010686691696424295, 0.013644730007904364]","[True, True, True]","[True, True, True]",p595288-bsg-feitelijke-vragen-buha-os-bijlage-1.20.txt__0,"[1, 1, 1]"
8-onderwijs-cultuur-en-wetenschap.168.txt,Policyarchive_text\jaarverslagen\2015\8-onderwijs-cultuur-en-wetenschap\8-onderwijs-cultuur-en-wetenschap.168.txt,2015,8-onderwijs-cultuur-en-wetenschap,0,stichting fond cultuurparticipatie fond stimuleert actiev deelnam culturel lev inwoner diversiteit ongeacht leeftijd herkomst opleid woonplat gebied amateurkunst cultuureducatie volkscultur stichting nederland filmfond fond stimuleert filmproductie nadruk kwaliteit diversiteit bevordert goed klimat land filmcultur stichting stimuleringsfond creatiev industrie fond voert verschill subsidieregel gericht kennisontwikkel kennisuitwissel ontwerp disciplines vergrot belangstell architectur vormgev stichting mondriaanfond fond bevordert bijzonder vernieuw activiteit beeldend kunstenar bemiddelar instell belang beeldend kunst culturel erfgoed hiermee betekenisvoll ontwikkel zichtbar beeldend kunst culturel erfgoed stimuler war markt mogelijk maakt stichting nederland letterenfond fond bevordert kwaliteit diversiteit productie vertal friestal literatur verzorgt letterenfond promotie zichtbar fries literatur buitenland stichting stimuleringsfond culturel ducties mediafond bevordert ontwikkel productie culturel dramaproducties documentaires kinderprogramma cultuurproject landelijk regional omroep commissariaat media commissariaat ziet toe nalev mediawet daarop gebaseerd regel garandeert daarmee eerlijk toegang media bewaakt kwaliteit diversiteit onafhank informatievoorzien accreditatieorganisatie nvao nvao borgt kwaliteit hoger vlaander beoordeelt onafhank wijz kwaliteit opleid verleent accreditatie toetst nieuw opleid voert instellingstoet kwaliteitszorg daarnaast levert nvao vergrot kwaliteitsbewustzijn bevordert international samenwerk afstemm samenhang europes hoger onderwijsruimt kom rijksmusea betreft musea vall wet verzelfstand seal dienst twed kamer vergaderjar viii,Reparations and Remembrance|Modern & Everyday Racism,0.073363244237803,"[0.004217707219317287, 0.013992023591412873, 0.08834947001184547]","[False, True, True]","[False, True, True]",8-onderwijs-cultuur-en-wetenschap.168.txt__0,"[0, 1, 1]"
7-binnenlandse-zaken-en-koninkrijksrelaties.27.txt,Policyarchive_text\jaarverslagen\2015\7-binnenlandse-zaken-en-koninkrijksrelaties\7-binnenlandse-zaken-en-koninkrijksrelaties.27.txt,2015,7-binnenlandse-zaken-en-koninkrijksrelaties,0,mogelijk mak privat sector kost reken breng uitvoer veiligheidsonderzoek wetsvoorstel najar behandeld twed kamer volgt behandel eerst kamer samenwerk mivd aivd dessen wet dienst geevalueerd daarvan uitvoer veiligheidsonderzoek aivd militair veiligheidsdienst mivd constateerd grot mat overlap verschill uitvoer beid dienst terrein veiligheidsonderzoek geconcludeerd vorming gemeenschapp uitvoer heidsonderzoek logisch efficient werd vorm verregaand samenwerk verkend vervolg hierop leiding kwartiermaker kaart gebracht activiteit nodig realiser taakstell rut bezuin regeerakkoord rut aivd uitgewerkt concret nieuw formatierapport vastgesteld waarin beschrev vanaf uitgangspunt hierbij turing basis vertrouw transparantie verantwoord bevoegd lag mogelijk belegg kort hierarchisch lijn compact efficient staf aivd bestat vanaf drie directies inlicht operatien veiligheidsonderzoek bedrijfsvoer central staf ondersteunt directies bezuin effect formatie dienst nam staf ondersteun medewerker waarvan functie minder mat terugkeert kreg geleg werk werk begeleid plaatsingsproces afgerond beperkt medewerker betekent loopban voortzet dienst lager voorzien doordat medewerker eig initiatief verliet intern functie geplaatst zomer beslot kabinet vanaf structurel toe voeg begrot aivd dreiging jihadganger onrust grenz oost cyberdreig aanzien financiel impul bested uitbreid personel onderzoekscapaciteit eind gestart extern werving nieuw medewerker twed kamer vergaderjar vii,Reparations and Remembrance|Modern & Everyday Racism,0.1018055620761244,"[0.014939324424725835, 0.0011963755936437216, 0.04077797786553693]","[False, True, True]","[False, True, True]",7-binnenlandse-zaken-en-koninkrijksrelaties.27.txt__0,"[0, 1, 1]"
sociaal-jaarverslag-bz-2014.33.txt,Policyarchive_text\jaarverslagen\2015\sociaal-jaarverslag-bz-2014\sociaal-jaarverslag-bz-2014.33.txt,2015,sociaal-jaarverslag-bz-2014,0,ambtenar daarnaast werkt werkgroep nieuw hur woning uitgezond ambtenar licht modern diplomatie opgelegd bezuin will nieuw huurbeleid invoer bewust belon ontving eenmal toeslag vooral uitstek functioner rijksbred norm maximal schaalcategorieen hoger sprak verdel schaalcategorie waarin enkel ambtenar werkzam eenmal toeslag toegek toekenn periodiek toeslag extra periodiek blef beperkt bewust belon schal eenmal toeslag bezet hoger diversiteitsbeleid diver samengesteld team een team opereert kom beter behoud fris blik innovatiev ideeen gener strev inclusiev werkcultur waarin diver talent erkend benut krijgt vorm via teitsbeleid diversiteit steunt driepot bewustword ondersteun kans bied doelgroep enablement empowerment exposur hanter overigen bred definitie diversiteit geslacht herkomst leeftijd seksuel geaardheid eventuel fysiek beperk culturel achtergrond international karakter werk maakt culturel diver samengesteld team extra waardevol onz international omgev helpt specifiek culturel achtergrond natie beheers ter plat gangbar tal verbind slan brugg cultur daarnaast will rijk afspiegel onz maatschappij sted bestat mens culturel verschill achtergrond via informel koffiesessies onz steld medewerker stat ervar visies rond thema culturel diversiteit inclusie genereerd extra aandacht thema bracht medewerker elkar contact hierover verder gedacht wissel,"Colonial Exploitation, Slavery & Economic Inequality|Modern & Everyday Racism",0.1343863887919357,"[0.006668790475517183, 0.006216769701552306, 0.11752480730418349]","[True, False, True]","[True, False, True]",sociaal-jaarverslag-bz-2014.33.txt__0,"[1, 0, 1]"
5-buitenlandse-zaken.23.txt,Policyarchive_text\jaarverslagen\2015\5-buitenlandse-zaken\5-buitenlandse-zaken.23.txt,2015,5-buitenlandse-zaken,0,rechtsstat rad gestart alsok mogelijk geschap voer thematisch discussies terrein migratiebeleid med nederland initiatief geintegreerd aanpak migratieproblematiek versterkt middel coherentie coordinatie intern extern unie geconcretiseerd versterkt samenwerk betrok raadsformaties inspann schaduwkant vrij verker werknemer pak werpt vrucht debat verschov bestrijd onwens praktijk schijnconstructies fraud misbruik ondermijn gelijk speelveld edeo werkt verder opvolg edeo review elf lidstat diend toekomst functioner hog vertegenwoordiger edeo biedt goed basis verder discussies hierover uitbreid werd toetredingsonderhandel geopend servie albanie verkreg nieuw weegmoment basis aanvull europes status onderhandel associatieakkoord kosovo kond afgerond moment onderteken kosovo bestat overeenstemm rad wederom blef open dingsonderhandel macedonie hierover stemming bereikt rad zet strikt uitvoer nieuw waarin sterker koppel opgenom stand hervorm europes steun toegek turkij period gemiddeld eur miljoen per steun toegek gericht versterk rechtsstat korting bosnie gebrek voortgang gehandhaafd ontwikkelingssamenwerk europes bracht nieuw mededel ten aanzien ontwikkelingsagenda hierover werd raadsconclusies aangenom bracht evenen mededel privat sector ontwikkel hierover werd twee set raadsconclusies aangenom rond ratificatie intern akkoord elfd europes ontwikkelingsfond instrumentarium period pot stat bested buitenland zak aandacht outreach organisaties bedrijfslev inricht europes ontwikkelingssamenwerk hen toegank vier gelijkgezind lidstat schref brief nieuw europes waarin inzet komend period vermeld geintegreerd benader extern beleidscoherentie ontwikkel waaronder gebied handel belast textiel aandacht stan hierin central twed kamer vergaderjar beleidsverslag,"Colonial Exploitation, Slavery & Economic Inequality|Reparations and Remembrance|Modern & Everyday Racism",0.0885422004151432,"[0.04278383372585532, 0.003872645465218137, 0.012368751878841806]","[True, True, True]","[True, True, True]",5-buitenlandse-zaken.23.txt__0,"[1, 1, 1]"
p595288-bsg-feitelijke-vragen-buha-os-bijlage-1.61.txt,Policyarchive_text\kamerstukken\2015\p595288-bsg-feitelijke-vragen-buha-os-bijlage-1\p595288-bsg-feitelijke-vragen-buha-os-bijlage-1.61.txt,2015,p595288-bsg-feitelijke-vragen-buha-os-bijlage-1,0,totaallijst feitelijk vaststell begrotingsstat buitenland handel ontwikkelingssamenwerk innem verdien sid eerst hardst geraakt klimaatverander toegang krijg kennis nodig weerbar klimaatverander koender geeft ipi aruba curacao sid per capita curaçao aruba hoogst ter wereld verhoudt uitgesprok kabinetsbeleid koender ipi reken mee gehoud klimaatbeleid buitenland handel ontwikkelingssamenwerk koninkrijk partij united nation framework convention climat chang unfccc kyoto protocol instrument vooralsnog werking europes koninkrijk belang ambitieus klimaatverdrag hel koninkrijk war koender speech refereerd echter onverminderd grot koninkrijk net europes kwetsbar zeespiegelstijg ambitie ambitieus klimaatakkoord kom daarom gedeeld delegatie deelneemt onderhandel parijs koninksrijksdelegatie vertegenwoordiger land gezamen inzet richt klimaatonderhandel invull international klimaatfinancier gat klimaatonderhandel parijs ontwikkelingsland gevolg klimaatverander dreig success afgelop zevent gebied stabiliteit ontwikkel ongedan mak droogt overstrom toenam extrem wer gevolg klimaatverander zull effect wereldeconomie milieu ecosystem ongelijk interstat verhoud belangrijkst klimaattop parijs overeenkom nieuw mondiaal klimaatakkoord koninkrijk nederland zet ambitieus akkoord bred participatie land stat stelt vermog drag oploss klimaatproblem tegelijkertijd sterk impul geeft acties zowel statelijk actor zet akkoord armst land bevolkingsgroep helpt gevolg klimaatverander drag erkenn bijzonder omstand klein ontwikkel zijnd eilandstat sid klimaatfinancier belangrijk parijs transparant beschik financier privat bronn ten voll inzet zet voort genderg gender responsief akkoord vrouw aanpak klimaatproblem voldoend mobiliseert inzet betreff nieuw klimaatakkoord bent geinformeerd kamerstuk gat mobiliser privat invester klimat kader buitenland handel ontwikkelingssamenwerk aanleid begrotingsbehandel brief kamer gestuurd stand zak betrek invull privat klimaatfinancier brief,Reparations and Remembrance|Modern & Everyday Racism,0.0893032915497516,"[0.046809468149610504, 0.019113008467295477, 0.021893061709293695]","[False, True, True]","[False, True, True]",p595288-bsg-feitelijke-vragen-buha-os-bijlage-1.61.txt__0,"[0, 1, 1]"
kamerbrief-over-scholengemeenschap-bonaire.2.txt,Policyarchive_text\kamerstukken\2015\kamerbrief-over-scholengemeenschap-bonaire\kamerbrief-over-scholengemeenschap-bonaire.2.txt,2015,kamerbrief-over-scholengemeenschap-bonaire,0,onz referentie nederland niveau ligg daarvor gebeur achterstand sgb grot daarnaast fluctuaties slaagpercentages grot vanweg gering leerling bestur sgb verbeter onderwijskwaliteit belangrijk afhank daadkracht bestur bestur afgelop veranderd sgb kortheidshalv gef ondernom acties hierna bestur handel opgesteld inhoud aanleid mogelijk gev aanwijz alvoren aanwijz gev per voornem aanwijz verstuurd voornem gevolg gehad nieuw bestuurder aangetred algemen overleg kamer gesprok net aangetred bestur sgb kenn adviescommissie adviser bestur sgb samenstell geschikt belangrijk complex tak waarvor stat brief kamerstuk geinformeerd adviescommissie basis advies bestur sgb lat wet acties verlang brief brief gezond sgb per voltall bestur bestaand vijf person bestur gevraagd actieplan opgesteld eerst instantie begeleid programma ler verbeter pas eind uitgebreid overleg plaatsgehad bestur nogmal dringend verzocht mak ervar expertis programma nieuw samenstell bestur potentie benodigd expertis aanwez belangrijk complex tak waarvor stat vorm gev zet voornem aanwijz daarom definitiev aanwijz bestur bewijz komend period intensief houd bestur handel kwaliteitsontwikkel sgb staatssecretaris cultur wetenschap sander dekker,Reparations and Remembrance|Modern & Everyday Racism,0.1058512248049926,"[0.04827042439528772, 0.0027397907050380386, 0.009875463851503143]","[False, True, True]","[False, True, True]",kamerbrief-over-scholengemeenschap-bonaire.2.txt__0,"[0, 1, 1]"
nota-naar-aanleiding-van-het-verslag-rond-erfgoedwet.72.txt,Policyarchive_text\kamerstukken\2015\nota-naar-aanleiding-van-het-verslag-rond-erfgoedwet\nota-naar-aanleiding-van-het-verslag-rond-erfgoedwet.72.txt,2015,nota-naar-aanleiding-van-het-verslag-rond-erfgoedwet,0,instandhoud monument led mak zorg behoud monument aardbevingsgebied groning hoewel twijfel belang behoud monument technisch mogelijk monument bescherm gebruik war bescherm monumental woning gat klemt meest merk led stell sluit valt genom monumental status woning behoud weg stan normal woongenot behoud economisch waard woning led will wet reger problem erkent ziet mogelijk voorligg erfgoedwet problem accurat wijz loss behoud woongenot economisch waard mogelijk vanweg uitzonder situatie groning aardbevingsgebied uitzonder erfgoedwet realiser zodat woning behoud monumental aangezicht woongenot economisch waard behoud led monument bepaald spanningsveld optred behoud monumental waard wens eigenar verband woongenot elk aanpass mogelijk monument praktijk enig creativiteit inspann doorgan aanpass monument eis tijd mogelijk respect monumental waard huidig nadruk gericht monument uiteraard zovel mogelijk behoud monumental waard immer leegstand leidt verval teloorgang monument groning ander rest zull groning preventiev genom gebouw monument bouwkund versterk bewoner waarborg provincie groning hierbij verwez kabinetsbeleid rond aardbevingsschad waarin integral gekek won ruimtelijk orden erfgoed preventie monument vergt hierbij special aanpak woongenot essentieel daarmee behoud monument gecombineerd zovel mogelijk behoud monumental waard kader wabo strak omgevingswet bied hiervor voldoend afwegingsruimt led merk algemen subsidiebepal brim wetsvoorstel wetsniveau geregeld plat reger geeft regel waard lop tijd bewez led fractie stell echter vast grondig wijzig plaatsgevond brim cultur wetenschap onlang meerder ker debat aangegev gedur zesjar looptijd regel bekek brim voldoet grot monument grot kerk led fractie daarom vaststell algemen subsidiebepal wetsniveau voldoend flexibiliteit regel zodan pass grot monument alsnog eig categorie regel krijg bepal wetsvoorstel financiel ondersteun instandhoud rijksmonument global geformuleerd bied ruimt uitwerk,"Colonial Exploitation, Slavery & Economic Inequality|Reparations and Remembrance|Modern & Everyday Racism",0.06777075562561,"[0.006933999233773617, 0.06416351638673037, 0.010945137027097656]","[True, True, True]","[True, True, True]",nota-naar-aanleiding-van-het-verslag-rond-erfgoedwet.72.txt__0,"[1, 1, 1]"
nota-naar-aanleiding-van-het-verslag-rond-erfgoedwet.2.txt,Policyarchive_text\kamerstukken\2015\nota-naar-aanleiding-van-het-verslag-rond-erfgoedwet\nota-naar-aanleiding-van-het-verslag-rond-erfgoedwet.2.txt,2015,nota-naar-aanleiding-van-het-verslag-rond-erfgoedwet,0,verantwoord bescherm culturel erfgoed mogelijk gelegd erfgoedveld musea collectiebeheerder archeolog eigenar over daarmee spreekt reger vertrouw sector voldoend kennis deskund betrok zorg culturel erfgoed praktijk war mak reger neemt culturel erfgoed verantwoord uitgangspunt goed balan omvang verplicht verwacht effect voorbij gan professionaliteit sector over reger ondank samenhang verschill fracties vanweg inzicht gekoz zovel mogelijk separat beantwoord volgord indel led lez erfgoedwet beschermingsniveaus huidig regel wet geld tenminst zull gehandhaafd reger uiteenzet punt voorstel bescherm ingesteld led reger voorziet beter bescherm collecties roerend cultuurgoeder verzamel voer bevat wetsvoorstel waarborg zorgvuld besluitvorm vervreemd cultuurgoed verzamel rijk provincie gemeent waarborg gevormd verplicht inwinn deskundigenadvies vervreemd belangrijk cultuurbezit daarnaast stelt reger structurel financier beher behoud collecties musea waardor beher behoud collecties langer afhank vierjar besluitvorm cultuursubsidies bovendien cultur wetenschap ocw uiterst geval plicht ontheemd verweesd collecties rijkscollectie aanvaard slot komt uitbreid mogelijk beschermd cultuurgoeder behoud verder archeologisch monument bescherm verbeterd maritiem erfgoed constateert reger problem handhav opgravingsverbod zee verwijder erfgoed water immer gebeur merkbar verstor bodem voort moeilijk vast stell bepaald object gevond bodem behoort wrak definities afstemm open zodan aangepast duidelijk verwijder object bodem ligt opgravingsverbod valt verbod geldt wanner bodem gevond invoer stelsel wettelijk geregeld certificer verricht opgrav beoogt slot kwaliteit opgrav verbeter led reger verduid visie erfgoed gehel reger visie verduid integral,"Colonial Exploitation, Slavery & Economic Inequality|Reparations and Remembrance|Modern & Everyday Racism",0.081123220250143,"[0.011158277765731861, 0.03222051692579078, 0.058654961056442544]","[True, True, True]","[True, True, True]",nota-naar-aanleiding-van-het-verslag-rond-erfgoedwet.2.txt__0,"[1, 1, 1]"
variawet-ocw-2015.2.txt,Policyarchive_text\kamerstukken\2015\variawet-ocw-2015\variawet-ocw-2015.2.txt,2015,variawet-ocw-2015,0,wijzig wet expertisecentra wet expertisecentra volgt gewijzigd twed zevend lid vernummerd negend lid ingevoegd luidend belegg belen ministeriel regel regel gesteld bevoegd gezag uitzet geld aangan geldlen aangan verbinteniss financiel product vierd lid controleprotocol gewijzigd accountantsprotocol iii wijzig wet voortgezet wet voortgezet volgt gewijzigd eerst lid twed luidend culturel kunstzinn vorming vervang culturel kunstzinn vorming dien verstand indien latijn tal cultur griek tal cultur beid uitmak profiel leerling vrijgesteld volg vak culturel kunstzinn vorming ingevoegd luidend voorzien besliss inzak deelnem eindexamen besluit inzak deelnem eindexamen stat administratief beroep open algemen bestur wijz bestuursorgan afwijk algemen wet bestuursrecht bedraagt termijn indien beroepschrift vijf dag afwijk eerst twed vierd vijfd zesd zevend lid algemen wet bestuursrecht beslist beroepsorgan twee wek ontvangst beroepschrift besliss ten hoogst twee wek verdag besliss inzak deelnem eindexamen besluit betrok leerling ouder voorzien algemen bestur wijz instantie termijn indien verzoekschrift bedraagt vijf dag ingang dag waarop besliss leerling uitgereikt toegezond instantie bedoeld vierd lid beslist twee wek ontvangst verzoekschrift besliss ten hoogst twee wek verdag,,0.0356753034006337,"[0.007330026753269217, 0.004282830226054709, 0.04224697102968019]","[True, False, True]","[False, False, False]",variawet-ocw-2015.2.txt__0,"[0, 0, 0]"
nota-naar-aanleiding-van-het-verslag-rond-erfgoedwet.7.txt,Policyarchive_text\kamerstukken\2015\nota-naar-aanleiding-van-het-verslag-rond-erfgoedwet\nota-naar-aanleiding-van-het-verslag-rond-erfgoedwet.7.txt,2015,nota-naar-aanleiding-van-het-verslag-rond-erfgoedwet,0,breng een overkoepel erfgoedwet led genoemd fractie constater reger gekoz wettelijk regel betrek archiev erfgoedwet breng led waarom advies rad cultur afgewek mening rad cultur punt informer advies rad spreekt rad uitbreid bestaand wettelijk regel betrek archiev monument behoud cultuurbezit musea breng een overkoepel erfgoedwet beslag gekreg wetsvoorstel basis erfgoedwet archiefstuk aangewez beschermd cultuurgoed war archiefwet betreft pleit rad ervor gezien aard wet zelfstand lat voortbestan breng reger gehor archiefwet regelt goed geordend toegank stat archiefbescheid regelt archiefwet blijvend bewar archiev over zorgvuld bewaard beschik zodat iederen mogelijk inzicht verwerv verled gewerkt vanweg gericht informatie open wet exclusief erfgoedwet wet leent red integratie wetsvoorstel relatie wet archiefwet zelfstand bestan nieuw erfgoedwet led hoeverr kruisbestuiv samenwerk wet plaatsvindt reger hierop ingan verzoek overheidsarchiev archiefwet toepass behoud daarvan waarborgt waard archiefbescheid bestanddel culturel erfgoed hierbij belang recht bewijs historisch basis wetsvoorstel archiefstuk particulier bezit aangewez beschermd cultuurgoed zie hiervor beantwoord voorgaand led voort kent archiefregel nader regel omtrent duurzam archiefbescheid archiefsector langer nagedacht digital ontsluit conserver reger stimuleert goed wisselwerk ontwikkel archiefsector erfgoedsector vic versa grot bescherm culturel erfgoed vall omgevingswet led wijz zicht behoud onderhoud culturel erfgoed cultur wetenschap vormgegev led eindverantwoord bescherm archeologisch monument erfgoed cultuurlandschapp wijz versnipper onduid rad cultur ontgrenz verbind nieuw museaal bestel den hag rad cultur beleidsadvies erfgoedwet den hag,"Colonial Exploitation, Slavery & Economic Inequality|Reparations and Remembrance|Modern & Everyday Racism",0.0739895435500485,"[0.018734307605518714, 0.03718692729262924, 0.04531428300251907]","[True, True, True]","[True, True, True]",nota-naar-aanleiding-van-het-verslag-rond-erfgoedwet.7.txt__0,"[1, 1, 1]"
nota-naar-aanleiding-van-het-verslag-rond-erfgoedwet.90.txt,Policyarchive_text\kamerstukken\2015\nota-naar-aanleiding-van-het-verslag-rond-erfgoedwet\nota-naar-aanleiding-van-het-verslag-rond-erfgoedwet.90.txt,2015,nota-naar-aanleiding-van-het-verslag-rond-erfgoedwet,0,verdragsstat stat termijn inbewaringnem beslag legg cultuurgoed inbewaringnem ten hoogst twee mal twaalf wek ocw servic verdragspartij termijn verdragsstat rechthebb conservatoir beslag legg vorder teruggav instell houder bezitter inbewaringnem vooral functie verdragsstat rechthebb eenvoudiger beslag legg verwijst reger verder beantwoord vergelijk led nota reger schrijft uitvoer handhaf opnieuw beeld gebracht uitwerk lager regelgev led informatie zijner tijd kamer gedeeld beantwoord verwijst reger beantwoord led administratiev last nota aanwijz rijksmonument led verwijz eerst lid monument keert terug wetsvoorstel schrijft reger led reger gan kritiek federatie instandhoud monument waarin aangev algemen opvat behoud monument best gediend oorspronk monument reger wijst verband vergunningverlen rijksmonument gehel overgat omgevingswet rijksmonument grond omgevingswet betrok belangenafweg aanwijz rijksmonument erfgoedwet evenen meegewog vast uitmaakt breder belangenafweg acht reger expliciet vermeld erfgoedwet relatie aanwijz rijksmonument nodig zover ziet belang aanvrager vergunn dien hoofd belangenafweg betrok vanuit monument geredeneerd mogelijk monument standaard belangenafweg betrok federatie instandhoud monument kijkt uitgangspunt behoud monument best gediend oorspronk monument vooral object reger onderschrijft princip uitgangspunt oorspronk meest gevall best monument ontwikkel herbestemm leegkom gebouw gebouw krimpgebied fabriek klooster kerk schol station boerderij ander echter vak enig middel behoud sommig gebouw onmog transformer ingrep bovendien zeker categorieen gebouw fabriek goed,"Colonial Exploitation, Slavery & Economic Inequality|Reparations and Remembrance|Modern & Everyday Racism",0.0541274614435635,"[0.010646726169949943, 0.05986687003306949, 0.0019773508892244004]","[True, True, True]","[True, True, True]",nota-naar-aanleiding-van-het-verslag-rond-erfgoedwet.90.txt__0,"[1, 1, 1]"
kamerbrief-over-het-inspectierapport-over-scholengemeenschap-bonaire-sgb.1.txt,Policyarchive_text\kamerstukken\2015\kamerbrief-over-het-inspectierapport-over-scholengemeenschap-bonaire-sgb\kamerbrief-over-het-inspectierapport-over-scholengemeenschap-bonaire-sgb.1.txt,2015,kamerbrief-over-het-inspectierapport-over-scholengemeenschap-bonaire-sgb,0,retouradres postbus den hag algemen overleg kwaliteit staatssecretaris kamer onz zorg gedeeld situatie scholengemeenschap sgb aangegev sgb ded afgewacht alvoren verder stapp ondernem toegezegd stapp geinformeerd onderzocht basis signal gekreg bestur handel sgb inspectierapport hierover definitief vastgesteld inspectierapport open gemaakt echter sgb voorlop voorzien gevraagd vaststell openbaarmak inspectierapport gezien schorsend werking voorlop voorzien uitgat mocht uitsprak inhoud inspectierapport gerecht eerst aanleg uitsprak gedan verzoek voorlop voorzien sgb gerecht verklaart sgb verzoek omtrent vaststell inspectierapport ten aanzien openbaarmak wijst gerecht verzoek voorlop voorzien gevolg uitsprak inhoud inspectierapport vaststat inspectierapport open hierbij bied inspectierapport vergezeld zienswijz sgb geconcludeerd bestur control onvoldo zicht onderwijskwaliteit financiel situatie acht bestur stat kwaliteit waarborg adequaat verbeter passend nem financiel situatie vereist stelt verder vast basis vertrouw bestur handel sgb voldoend bijdraagt verbeter onderwijskwaliteit hal onderwijsagenda datum betreft inspectierapport scholengemeenschap voorzitter twed kamer postbus den hag voortgezet ipc rijnstrat den hag postbus den hag referentie,Reparations and Remembrance|Modern & Everyday Racism,0.0857194615414523,"[0.04922773413262302, 0.0007044019295040859, 0.00392253758862988]","[False, True, True]","[False, True, True]",kamerbrief-over-het-inspectierapport-over-scholengemeenschap-bonaire-sgb.1.txt__0,"[0, 1, 1]"
8-onderwijs-cultuur-en-wetenschap.118.txt,Policyarchive_text\jaarverslagen\2015\8-onderwijs-cultuur-en-wetenschap\8-onderwijs-cultuur-en-wetenschap.118.txt,2015,8-onderwijs-cultuur-en-wetenschap,0,emancipatie kabinet emancipatie bevorder emancipatie meisjes vrouw emancipatie lesbisch vrouw homoseksuel mann biseksuel trangender lhbt vrouw homoseksuel transgender vergrot participatie vrouw lag sector arbeidsmarkt bevorder positiev houding beeldvorm homoseksuel relaties vrouw ambitie vanzelfsprek verantwoord verantwoord bevorder emancipatie meisjes vrouw emancipatie lesbisch vrouw homoseksuel mann biseksuel transgender lhbt stimuler instrument ter beschik geving subsidieregel emancipatie regel voorziet verstrek subsidies instell patie emancipatie lhbt projectsubsidies pelijk middenveld teven maakt communicatie belangenorganisaties regisser gemeent ontvang via uitvoer samenwerkingsafsprak versterk uitvoer lokal emancipatiebeleid indicator indicator waard waard waard bron bevorder emancipatie social acceptatie homoseksualiteit bevolk scp homo monitor beleidsdoorlicht mid term review emancipatiebeleid afgerond brief twed kamer kamerstuk reactie beleidsconclusies evaluaties geblek projectniveau voll geboekt sturing monitor werking departement effectevaluaties impact uitgevoerd bijbehor afgelop conform verwacht vermeld begrot grot afwijk noodzak bijstell licht gekom bevorder emancipatie rol verantwoord beleidsconclusies twed kamer vergaderjar viii beleidsartikel,"Colonial Exploitation, Slavery & Economic Inequality|Modern & Everyday Racism",0.0688247201611685,"[0.06411046275495458, 0.0012686074293343451, 0.0016387531552347675]","[True, False, True]","[True, False, True]",8-onderwijs-cultuur-en-wetenschap.118.txt__0,"[1, 0, 1]"
5-buitenlandse-zaken.1.txt,Policyarchive_text\jaarverslagen\2015\5-buitenlandse-zaken\5-buitenlandse-zaken.1.txt,2015,5-buitenlandse-zaken,0,rijksjaarverslag buitenland zak,,0.1414213562373095,"[0.0, 0.0, 0.04014783522498777]","[False, False, False]","[False, False, False]",5-buitenlandse-zaken.1.txt__0,"[0, 0, 0]"
jaarverslag-beheer-staatsdeelnemingen-2014.101.txt,Policyarchive_text\jaarverslagen\2015\jaarverslag-beheer-staatsdeelnemingen-2014\jaarverslag-beheer-staatsdeelnemingen-2014.101.txt,2015,jaarverslag-beheer-staatsdeelnemingen-2014,0,jaarverslag beher staatsdeelnem deelnem loep winair innovation quarter bom oost prorail gasterra ebn nom liof dnb sscs beleidsdeelnem total omzet aandel stat beleidsdeelnem afkort volled nam kernactiviteit beleidsdeelnem afkort volled nam kernactiviteit bom brabant ontwikkel maatschappij regional ontwikkelingsmaatschappij dutch caribbean air navigation servic luchtverkeersdienstverlen gedeelt gebied curaçao san juan territoir open licham bevindt dnb nederlandsch bank central bank toezichthouder financiel sector ebn ebn opspor beher gasvoorrad gasterra gasterra handel lever aardgas buitenland innovation quarter innovation quarter regional ontwikkelingsmaatschappij liof industriebank limburg institut financier regional ontwikkelingsmaatschappij nom nom regional ontwikkelingsmaatschappij oost ontwikkelingsmaatschappij oost regional ontwikkelingsmaatschappij prorail prorail beheerder landelijk hoofdspoorwegennet bank bank resources opslag transport verwerk handel petroleum gebied onderzes verhog bank sscs cabl system aanleg beher exploitatie glasvezel zeekabel telecom winair winair vervoerder reiziger vracht lucht,"Colonial Exploitation, Slavery & Economic Inequality|Reparations and Remembrance|Modern & Everyday Racism",0.0634441268574515,"[0.048116265673809666, 0.00321940558167493, 0.002783899303410434]","[True, True, True]","[True, True, True]",jaarverslag-beheer-staatsdeelnemingen-2014.101.txt__0,"[1, 1, 1]"
0-1-financieel-jaarverslag-van-het-rijk-2014.76.txt,Policyarchive_text\jaarverslagen\2015\0-1-financieel-jaarverslag-van-het-rijk-2014\0-1-financieel-jaarverslag-van-het-rijk-2014.76.txt,2015,0-1-financieel-jaarverslag-van-het-rijk-2014,0,central bureau statistiek cbs beslot jaarlijk overheidsbalan publicer daarmee verdwen noodzak staatsbalan ten tijd miljoenennota overheidsbalan beschik red bevat financieel jaarverslag eerst overheidsbalan post overheidsbalan activa activa oftewel bezit bestan activa financiel activa activa object misch waard praktijk komt ner financiel object verkocht schuldcijfer fjr bezit verwerkt overheidsschuld namelijk brutoschuldbegrip betekent financiel bezit ming schiphol spoorweg minder gebracht uitstaand schuld achterligg red hanter brutoschuldbegrip arbitrair bezit meegeteld moeilijk exact waard bezit eenduid manier vast stell bezit liquid mak grootst post bestat vast activa hierbinn vorm waterbouwkund werk veruit grootst post grot post gasreserves betreft zowel reserves gewonn gewonn reserves opgeslag rek waard stijg prijsstijg wijzig productie ontdek nieuw bronn post financiel activa bestat financiel bezit gat aandel ondernem lening financiel instell financiel derivat spring oog sterk groei post bestat grotendel renteswap renterisico financieringsbeleid stur passiva passivakant balan lat zien bezit cierd grot vermog financiel passiva stijg period geleend stijging zit voornam toenam obligaties markt brengt vermog bestat saldo bezit activa schuld financiel passiva positief vermog bezit groter schuld twed kamer vergaderjar,"Colonial Exploitation, Slavery & Economic Inequality|Reparations and Remembrance|Modern & Everyday Racism",0.0725866186311297,"[0.051411531273435715, 0.0026077049791283394, 0.003028598763168861]","[True, True, True]","[True, True, True]",0-1-financieel-jaarverslag-van-het-rijk-2014.76.txt__0,"[1, 1, 1]"
8-onderwijs-cultuur-en-wetenschap.109.txt,Policyarchive_text\jaarverslagen\2015\8-onderwijs-cultuur-en-wetenschap\8-onderwijs-cultuur-en-wetenschap.109.txt,2015,8-onderwijs-cultuur-en-wetenschap,0,foutiev betal miljoen prijsbijstell miljoen budget verhoogd miljoen nederland institut beeld geluid nibg nederland institut beeld geluid aangewez instell stand houd exploiter hoger uitgav bestat foutiev betal miljoen prijsbijstell miljoen stimuleringsfond culturel mediaproducties mediafond stimuleringsfond culturel mediaproducties fond instrument mediabeleid vervaard hoogwaard culturel producties ler bestemd verstrek financiel bijdrag ontwikkel productie bijzonder culturel aard ten behoev landelijk regional stimuleringsfond journalistiek stimuleringsfond journalistiek stimuleert kwaliteit diversiteit onafhank journalistiek geld kennis vernieuw journalistiek infrastructur bevorder bestemd tijdelijk steun noodlijd persorgan stimuler persbedrijfstak ten goed komt steun bied journalistiek product via internet aangebod filmfond omroep telefilm cobo ondersteunt documentairesector participeert audiovisuel coproductieproject waarin deelgenom instell zendtijd verkreg landelijk omroep vlam omroep vrt duit omroep onafhank filmproducent ling werkzam gebied podiumkunst hoger uitgav bestat foutiev betal miljoen stelling miljoen mediawijs expertisecentrum bewust mediagebruik mediawijs expertisecentrum bevordert bewust kritisch actiev houding burger instell samenlev war media alom huidig programma sectorinstitut open bibliothek omroep ntr kennisnet nibg betrok dotatie algemen mediareserv algemen mediareserv hierna amr opvang schommel zowel uitgav ontvangst mediabudget hierdor ene geld gedoteerd ander geld onttrok amr bedraagt dotatie miljoen miljoen vooraf geraamd mutatie eerder raming bestat toevoeg wettelijk prijsbijstell miljoen uitker wettelijk prijsbijstell miljoen uitker amr begrotingstand verwerkt twed kamer vergaderjar viii beleidsartikel,Modern & Everyday Racism,0.0356290618991501,"[0.003922050894143695, 0.006882940159860447, 0.05652027179580862]","[True, True, True]","[False, False, True]",8-onderwijs-cultuur-en-wetenschap.109.txt__0,"[0, 0, 1]"
nota-naar-aanleiding-van-het-verslag-rond-erfgoedwet.54.txt,Policyarchive_text\kamerstukken\2015\nota-naar-aanleiding-van-het-verslag-rond-erfgoedwet\nota-naar-aanleiding-van-het-verslag-rond-erfgoedwet.54.txt,2015,nota-naar-aanleiding-van-het-verslag-rond-erfgoedwet,0,led merk teven uitgebreid ingegan procedur rondom voornem vervreemd gemeent provincie reger nader ingan vervreemd rijk reger verband schets vervreemd monumentcomplex erfgoedfunctie omgegan hypothetisch geval erfgoedwet geld voorafgaand vervreemd monument advies deskundigencommissie ingewonn led regel vervreemd cultuurgoeder rijk gemeent provincies regel ocw deskund advies cultuurgoed lamo procedur vervreemd advies deskund gericht roerend erfgoed dreigt verdwijn sfer beoordel roerend collectie onmis onvervang nederland cultuurbezit monument geldt aanwijz rijksmonument beoordeeld cultuurhistorisch waard onroer erfgoed loopt gevar verdwijn verplaats monument overigen vergunn nodig waarbij rce verplicht advies geeft afstot monument reger daarom nieuw erfgoedwet advies deskund gevraagd geldt verkop rijksmonument rijk strak protocol monument terecht komt partij zorgvuld monument omgat led merk veld zorg huidig bepal wetsvoorstel voldoend bescherm zull bied roerend onroer erfgoed led zit ruimtelijk aspect erfgoed voldoend geborgd wettelijk bepal betrek bescherm culturel erfgoed fysiek leefomgev strak immer vastgelegd omgevingswet led wens hierop grag reactie ontvang uitgebreid uiteenzet bescherm erfgoed fysiek leefomgev verwijst reger beantwoord verschill nota led waarom gekoz onafhank adviser rad cultur ten aanzien individuel aanwijz monument cultuurgoeder lat verdwijn adviestak gemeent provincie behoud reger led onafhank deskundigenadvies vervalt reger led onwens reger bang verlies onafhank adviser waardevol erfgoed verkocht verdwijnt buitenland reger begrijpt zorg led mening reger zorg nodig adviser rad cultur komt best recht fas plaatsvindt waarin ontwikkeld aanwijz rijksmonument geval,"Colonial Exploitation, Slavery & Economic Inequality|Reparations and Remembrance|Modern & Everyday Racism",0.0755928946018454,"[0.012106458821862367, 0.05940261930713328, 0.015116367900915958]","[True, True, True]","[True, True, True]",nota-naar-aanleiding-van-het-verslag-rond-erfgoedwet.54.txt__0,"[1, 1, 1]"
kabinetsreactie-op-rapport-mensenrechten-in-nederland-2014.2.txt,Policyarchive_text\kamerstukken\2015\kabinetsreactie-op-rapport-mensenrechten-in-nederland-2014\kabinetsreactie-op-rapport-mensenrechten-in-nederland-2014.2.txt,2015,kabinetsreactie-op-rapport-mensenrechten-in-nederland-2014,0,bekracht facultatiev protocoll verdrag individueel klachtrecht mogelijk mak ratificatie facultatiev protocoll voorwerp overleg kabinet ratificatie protocoll brengt complex vraagstuk mee zorgvuld besluitvorm verg nem concret initiatiev bevorder kennis gemeent relevant mensenrechtennorm consequenties social domein gemeent evenal gebond mensenrechtenverplicht daarom belang gemeent goed hoogt verplicht onderk national actieplan vanuit afgelop period aandacht bested bewustword kennisoverdracht gebied brief kamer gestuurd waarin grot activiteit uiteengezet toegezegd algemen overleg national actieplan mensenrecht zomer bestur overleg vng besprok gebied gedan gef steevast duidelijk signal discriminer opmerk racistisch stereotyper onacceptabel elk vorm discriminatie onacceptabel kabinet ker ker uitdrag geval selfie leroy fer colleg verwijst jaarrapportag ter illustratie aanbevel maatschapp discussie zwart piet sinterklaasfeest eeuwenoud traditie vormgegev samenlev bestan verander reger onderschrijft colleg vertolk zwart piet negatiev stereotyper rol spel onbedoeld vooroordel discriminatie hand werk mens kwets tegelijkertijd acht reger belang benadruk mens feest vreugd vier racist maakt reger deelt standpunt colleg verbod zwart piet staatsweg uitweg rol spel respectvoll national dialog faciliter zodat vanuit maatschappij initiatiev ontstan zwart piet verander iederen recht monitor effectiviteit gemeent bestrijd horecadiscriminatie indien beschik bestuursrecht horecadiscriminatie voldoend nem aanvull gemeent verantwoord effectiev aanpak discriminatie horeca ter ondersteun gemeent szw nauw samenwerk colleg recht men veren gemeent vng konink horeca gemeent rotterdam handreik aangebod via websites vng gemeenteloket szw wanner zie kamerstuk kamerstuk kamerstuk kamerstuk,"Colonial Exploitation, Slavery & Economic Inequality|Reparations and Remembrance|Modern & Everyday Racism",0.1292719224987548,"[0.008836152885200153, 0.018085021199219935, 0.08791185316748171]","[True, True, True]","[True, True, True]",kabinetsreactie-op-rapport-mensenrechten-in-nederland-2014.2.txt__0,"[1, 1, 1]"
p595288-bsg-feitelijke-vragen-buha-os-bijlage-1.78.txt,Policyarchive_text\kamerstukken\2015\p595288-bsg-feitelijke-vragen-buha-os-bijlage-1\p595288-bsg-feitelijke-vragen-buha-os-bijlage-1.78.txt,2015,p595288-bsg-feitelijke-vragen-buha-os-bijlage-1,0,totaallijst feitelijk vaststell begrotingsstat buitenland handel ontwikkelingssamenwerk houdt programma mid amerika programma map regional programma central amerika richt versterk regional samenwerk tegengan onveil versterk rechtsord alsok tegengan mensenrechtenschend inzet draagt inspann reger regional speler regio ter verbeter stabiliteit verbeterd toegang justitie positie mensenrechtenverdediger alsmed ontwikkel regio map richt vanweg grensoverschrijd problematiek nam salvador guatemala honduras nicaragua programma bestat gecoordineerd ambassad costa rica beslot programma bouw meest map afgerond twee twee lop eind beschik middel twee bedrag eur miljoen kunt inzicht gev welk budget eur miljoen budget international biv beschik buitenland handel ontwikkelingssamenwerk buitenland zak beschik buitenland handel ontwikkelingssamenwerk lag verdel vorig zowel eur miljoen biv middel beschik bhos middel ingezet speerpunt rechtsord ten behoev hervorm veiligheidssector rechtstaatontwikkel capaciteitsopbouw rul law actor war verwacht eur miljoen budget international bested zie manier samengewerkt defensie gebied humanitair hulp defensie nam samengewerkt rond inzet transportmiddel natuurramp epidemieen ebola militair transportvliegtu ingezet urban search rescue team snel aardbevingsgebied nepal vlieg terugvlucht nederlander burger land geevacueerd moest meegenom inzet nepal wer opgehaald defensie daarnaast zrms karel doorman tweemal ingezet europes hulpgoeder ebola getroff land vervoer inzet international zer gewaardeerd onlang zrms pelikan helikopter marinier ingezet hulpverlen eiland dominica tropisch storm getroff zet preventie humanitair conflict zowel gebied milieuramp gebied oorlog conflict,"Colonial Exploitation, Slavery & Economic Inequality|Modern & Everyday Racism",0.0866448577718211,"[0.051208366384965474, 0.003207473498672607, 0.009979570976794212]","[True, False, True]","[True, False, True]",p595288-bsg-feitelijke-vragen-buha-os-bijlage-1.78.txt__0,"[1, 0, 1]"
nota-naar-aanleiding-van-het-verslag-rond-erfgoedwet.10.txt,Policyarchive_text\kamerstukken\2015\nota-naar-aanleiding-van-het-verslag-rond-erfgoedwet\nota-naar-aanleiding-van-het-verslag-rond-erfgoedwet.10.txt,2015,nota-naar-aanleiding-van-het-verslag-rond-erfgoedwet,0,voorzien erfgoedwet eerder werking tred omgevingswet led reger inschat invoeringsdatum beid wet gev beoogd inwerkingtredingsdatum erfgoedwet reger voornemen nieuw stelsel terrein omgevingsrecht werking lat tred lacun bescherm culturel erfgoed ontstan overgangsrecht voorstel erfgoedwet geregeld onderdel overgan omgevingswet kracht totdat laatst wet werking treedt teven infomer led moderniser comptabiliteitswet enkel bepal wet betrek culturel erfgoed moderniser comptabiliteitswet grondslag regel materieelbeher rijkscollectie vervall wetsvoorstel regel beher voorzien daarmee bestat noodzak comptabiliteitswet regel stell omgang culturel erfgoed led zoud grag uitgebreider toegelicht zien ervor gezorgd erfgoedwet omgevingswet naadlos elkar aansluit uitgebreid uiteenzet samenhang erfgoedwet omgevingswet verwijst reger beantwoord vergelijk led hierbov samenhang omgevingswet erfgoedwet waarborg totstandkom beid wetsvoorstell geschied nauw onderl overleg ministeries infrastructur milieu ocw waarbij strev samenhang logisch gehel kom overzicht verdeeld twee wetsvoorstell oordel reger gelukt intuss dezelfd voet verder gewerkt uitvoeringsregelgev stelsel beid wet verder kleur rol over rad cultur led overwog bestuurslag behoud beher culturel erfgoed bemoeit verminder beperk bestuurslag overwog analys kwam vor huidig verdel over goed werkt behoud beher culturel erfgoed immer verantwoord bestuurslag algemen bestuurstak rijk provincies gemeent gedeeld verantwoord wetsvoorstel juist benadrukt daarom wetsvoorstel verantwoordelijkheidsverdel over effectief bewez wijzig doorgevoerd verantwoord lokal regional over bescherm gemeent provincial monument collecties lokal regional belang brengt wetsvoorstel verander overbod bepal geschrapt verminder regeldruk doorgevoerd voorbij gan spreiding verantwoord,Modern & Everyday Racism,0.0469157431628418,"[0.004894325777453583, 0.026964369451269014, 0.07160107914741773]","[True, True, True]","[False, False, True]",nota-naar-aanleiding-van-het-verslag-rond-erfgoedwet.10.txt__0,"[0, 0, 1]"
nota-naar-aanleiding-van-het-verslag-rond-erfgoedwet.22.txt,Policyarchive_text\kamerstukken\2015\nota-naar-aanleiding-van-het-verslag-rond-erfgoedwet\nota-naar-aanleiding-van-het-verslag-rond-erfgoedwet.22.txt,2015,nota-naar-aanleiding-van-het-verslag-rond-erfgoedwet,0,indien gekoz roerend zak onroer zak war bevind mee bescherm grot bezwar praktisch administratiev aard zowel eigenar over wet uitvoer handhav geval ocw bescherm realiseert benoem roerend zak daaronder zoud vall interieur bestat meestal honderd voorwerp meubel tafellinn kunstwerk kandelar kelk vaz bestek bovendien zeld tegelijkertijd verworv keuzes daarin maakt onderbouwd nader herkomst cultuurhistorisch waard vergt daarnaast rechtsgevolg geldt onroer rijksmonument moeilijk toepaspar roerend voorwerp verplaats tijdelijk voorwerp vergunningvereist gemeent geld daarbij opgemerkt schikking roerend voorwerp interieur statisch gehel vormt gelang inzicht eigenar verander voorwerp plat nieuw element toegevoegd zelf waardevol kerkinterieur ondergat vak wijzig gevolg liturgisch inzicht praktisch wens daarom zet reger bewustzijn kennisoverdracht waard interieur portuges synagog exemplarisch succesvol bewustzijn goed zorg eigenar zet behoud gebouw alsmed interieur stichting culturel erfgoed gemeent afgelop culturel erfgoed overgenom gemeent bibliothek ets haim jod historisch museum exploiteert synagogencomplex doelstell behoud beher toegank collectie gebouw ondersteund middel subsidie overheidsweg uiteraard manier waarop reger med bewerkstelligd behoud ensembles bereikt led merk museum catharijneconvent volgend publicatie lat verschijn meest karakteristiek bijzonder kerkinterieur belang kerkelijk erfgoed onderstrep reger toezegg publicatie rijksdienst culturel erfgoed ondersteund rce samenwerk partner levert hieran substantieel bovendien sluit doelstell agenda toekomst religieus erfgoed waarin toonaangev landelijk partner gebied religieus erfgoed samenwerk agenda looptijd geinitieerd organisatorisch gefaciliteerd rce led wijz zogenaamd mobiel erfgoed beschermd waarom gekoz mobiel erfgoed wet bescherm verschill manier zet reger behoud mobiel erfgoed stichting mobiel collectie mcn steun reger national register mobiel erfgoed ontwikkeld erfgoed inventariser register geeft titel verkrijg subsidies lening daarnaast benut gemeent register toewijz ligplaats,"Colonial Exploitation, Slavery & Economic Inequality|Reparations and Remembrance|Modern & Everyday Racism",0.0696970946990451,"[0.015296029060435921, 0.04484495444331169, 0.04069537188061897]","[True, True, True]","[True, True, True]",nota-naar-aanleiding-van-het-verslag-rond-erfgoedwet.22.txt__0,"[1, 1, 1]"
antwoorden-op-kamervragen-over-ez-begroting-2016-deel-economie-en-innovatie.113.txt,Policyarchive_text\kamerstukken\2015\antwoorden-op-kamervragen-over-ez-begroting-2016-deel-economie-en-innovatie\antwoorden-op-kamervragen-over-ez-begroting-2016-deel-economie-en-innovatie.113.txt,2015,antwoorden-op-kamervragen-over-ez-begroting-2016-deel-economie-en-innovatie,0,achtergrond toevoeg extra activiteit gat hiervor uitvoer ontving voorhen uitvoer rijksoctrooiwet verwijs verhoud extra middel miljoen uitvoer wbso begrot waarin gesteld taakstell kabinet med ingevuld korting uitvoer wbso beantwoord onderscheid gemaakt incidentel tekort bestond uitvoeringskost wbso rda wijz waarop taakstell rut structurel zin ingevuld diver intensiver budget wbso rda leid hoger uitvoeringskost daarvor meerjarencijfer vanaf structurel verhog raming uitvoeringskost verwerkt gebeurt structurel bezuin hoofd rut ingeboekt wbso betreft efficiencykort uitvoer regel bedoeld invar waardor veroorzak hard daling ambtenar werkpakket uitgebreid tak productschapp centrum bevorder import ontwikkelingsland cbi rijkstak voormal dlg overnem activiteit evenen betreff ambtenar overgenom overnem tak werknemer invar genoemd overnem betreff medewerker ambtenar hard gedaald eerder verwacht scenario nieuw tak overnem overweg extra middel uitvoer wbso rijksdienst ondernem rvo budget hal verwijs waarom extra middel nodig uitvoer wbso rvo,Reparations and Remembrance|Modern & Everyday Racism,0.0561489925074877,"[0.0033544767928278, 0.0013196780779700938, 0.042313201787586886]","[False, True, True]","[False, True, True]",antwoorden-op-kamervragen-over-ez-begroting-2016-deel-economie-en-innovatie.113.txt__0,"[0, 1, 1]"
17-buitenlandse-handel.20.txt,Policyarchive_text\jaarverslagen\2015\17-buitenlandse-handel\17-buitenlandse-handel.20.txt,2015,17-buitenlandse-handel,0,toegang markt ketenontwikkel handel extra aandacht regional economisch samenwerk trademark east africa transporttijd goeder haven mombasa dar salam rwanda burundi gereduceerd gestart handel strategisch handelsroutes bevorderd centrum bevorder import land cbi ondersteund kleinbedrijv verwerv toegang international vooral europes markt verduurzam palmoliesector zat rond tafel beijing chines international bedrijv ngo dutch god growth fund dggf per dutch god growth fund start gegan revolver fond verstrekt financier zak will ontwikkelingsland investeringsfonds will invester lokal mkb war regulier partij tekort schiet activiteit maatschapp verantwoord ontwikkelingsrelevant drag sociaaleconomisch ontwikkel land verzoek financier mat gesned dienstverlen behandel genom drie uitvoerder dggf zijnd rvo atradius dsb consortium jump duurzam ontwikkel voedselzeker water toenam voedselzeker uitvoer gericht voedingszeker verloopt volgen planning zowel central gefinancierd programma partnerland via ambassades resultaatmet uitdag resultatenrapportag vermeld verschen beleidsbrief inzet wereldwijd voedselzeker accent geplaatst duurzam inclusiviteit verder verbred tiestructur zodan aangepast samenhang grot mondial uitdag weerspiegelt start dialog financiel instell maatschapp organisaties ling gericht bevorder landrecht verantwoord landgebruik concret initiatief gericht belang kwetsbar groep privat sector speelt belangrijk rol keling landbouw voedselproductie minst ontwikkeld land kennisdel capaciteitsontwikkel kenmerk aspect inzet ondersteun regional economisch integratie uitgebreid pilot studies uitgevoerd economic community west african states ecowas overlegd ondersteun regional handel landbouwproduct inzet misch kant voedselzeker nieuw initiatiev ontwikkeld positie kleinschal boer nam vrouw versterk strijd ondervoed belangrijk vooruitgang geboekt global allianc improved nutrition unicef beid samenwerk ambassades partnerland voedingssituatie jong kinder twed kamer vergaderjar xvii,"Colonial Exploitation, Slavery & Economic Inequality|Reparations and Remembrance|Modern & Everyday Racism",0.080778069580156,"[0.04860380144542505, 0.010624324123464542, 0.012511131811216016]","[True, True, True]","[True, True, True]",17-buitenlandse-handel.20.txt__0,"[1, 1, 1]"
bp-2016-wetsvoorstel.63.txt,Policyarchive_text\kamerstukken\2015\bp-2016-wetsvoorstel\bp-2016-wetsvoorstel.63.txt,2015,bp-2016-wetsvoorstel,0,wetsvoorstel rester miljard vanaf ingevuld loonkostenmaatregel opgenom wetsvoorstel wtl koopkracht gepensioneerd reparer ouderenkort eenmal verhoogd tarief eerst schijf vanaf neerwaart afgerond kost miljoen daarnaast ter dekking eenmal koopkrachtreparatie tariev twed derd schijf licht verhoogd alsmed maximum arbeidskort licht verlaagd levert respectiev miljoen miljoen eind afbouw algemen heffingskort structurel gekoppeld eind derd schijf wet woningmarkt komend stapsgewijs opschuift gedekt verhog tarief twed derd schijf structurel structurel komt tarief twed derd schijf inclusief wet woningmarkt hiermee daarnaast eind derd schijf structurel verlengd prijz per saldo pak budgetneutral zorgpremies kom ten opzicht premieram miljoenennota lager zorgt lastenverlicht structurel lastenverlicht gecompenseerd even grot lastenverzwar leidt verhog tarief twed derd schijf opbrengst fiscal gedrev emigratie aanmerkelijkbelanghouder gan miljoen miljoen structurel miljoen waarbij verondersteld structurel effect twintig bereikt geemigreerd aanmerkelijkbelanghouder geldt bestaand regim conserver aanslag vall budget rda per samengevoegd structurel miljoen verhoogd daarnaast belastingplan opgenom taakstell boetes marktwerk nma regeerakkoord teruggedraaid per betekent miljoen verder miljoen extra beschik komt budget geintegreerd regel ten slot kabinet vorig beslot taakstell subsidies begrotingsakkoord vanaf bedrag miljoen via fiscal innovatie instrumentarium rda afdrachtverminder realiser kader beter aansluit loonbelast inkomstenbelast voorgesteld afschaff uitzonderingsregel leidt structurel opbrengst miljoen opbrengst teruggesluisd algemen koopkrachtbeeld,"Colonial Exploitation, Slavery & Economic Inequality|Reparations and Remembrance|Modern & Everyday Racism",0.0611468564449338,"[0.014587303277935153, 0.0, 0.06626206644094626]","[True, True, True]","[True, True, True]",bp-2016-wetsvoorstel.63.txt__0,"[1, 1, 1]"
p595288-bsg-feitelijke-vragen-buha-os-bijlage-1.46.txt,Policyarchive_text\kamerstukken\2015\p595288-bsg-feitelijke-vragen-buha-os-bijlage-1\p595288-bsg-feitelijke-vragen-buha-os-bijlage-1.46.txt,2015,p595288-bsg-feitelijke-vragen-buha-os-bijlage-1,0,totaallijst feitelijk vaststell begrotingsstat buitenland handel ontwikkelingssamenwerk bestrijd wildlif crim opgenom eerst suppletoir begrot conform rijksbegrotingsvoorschrift begrotingsamendement betrek desbetreff begrotingsjar kenn derhalv structurel doorwerk gat verminder uitgav versterk handelssystem aandacht mvo ten kost bestrijd kinderarbeid verminder uitgav versterk handelssystem aandacht mvo gat ten kost bestrijd kinderarbeid inzet reger kinderarbeid onverminderd voortgezet welk percentag middel beleidsartikel direct bested versterk inkomenspositie klein boerenbedrijv draagt via diver programma verbeter inkomenspositie ontwikkel klein boer boerinn betreft aanzien ambassadeprogramma terrein voedselzeker programma agriterra agricord ifad solidaridad initiatief duurzam handel bop bedrijfslev instrument dggf driv fdov zull inkomen klein boerenbedrijv verbeter gevolg beter toegang markt financier verbeterd infrastructur gezamen begrot programma beslat ongever total begrot versterk inkomenspositie vrouw lever programma gefinancierd beleidsartikel versterk economisch positie vrouw maakt duurzam handel invester beleidsartikel duurzam ontwikkel voedselzeker water beleidsartikel leid programma voedselzeker nieuw ban waarvan bijna helft vrouw steund training gericht bedrijfsontwikkel krediet verzeker ruim miljoen klein boer boerinn ruim miljoen boer boerinn kreg beter toegang markt bijgedrag duurzam beher miljoen hectar omring grond vooral veiligstell individuel landrecht klein boer helft vrouw gren climat fund vormt deelnam vrouw besluitvorm toegang beschik middel criteria waaran financieringsvoorstell voldoen programma faciliteit duurzam ondernem voedselzeker fdov dutch god growth fund dggf initiatief duurzam handel local employment development africa lead drag versterk inkomenspositie vrouw fdov biedt steun busines partnerschapp gericht vrouwelijk ondernemer voorbeeld partnerschap burkina faso vrouwelijk ondernemer productie verwerk market shea not dggf besteedt special aandacht vrouwelijk ondernemer huidig transacties termijn schatting ten minst vijfduiz ban vrouw gecreeerd lokal ondernemer ondersteund lokal derd vrouw initiatief duurzam handel,"Colonial Exploitation, Slavery & Economic Inequality",0.0446321842677451,"[0.05174290768703312, 0.005694263358285851, 0.011970596357011741]","[True, True, True]","[True, False, False]",p595288-bsg-feitelijke-vragen-buha-os-bijlage-1.46.txt__0,"[1, 0, 0]"
bijlage-1-nota-naar-aanleiding-van-het-verslag-omgevingswet.220.txt,Policyarchive_text\beleidsnotas\2015\bijlage-1-nota-naar-aanleiding-van-het-verslag-omgevingswet\bijlage-1-nota-naar-aanleiding-van-het-verslag-omgevingswet.220.txt,2015,bijlage-1-nota-naar-aanleiding-van-het-verslag-omgevingswet,0,verhoud omgevingsvergunn led verduidelijk ontheffingsprocedur relatie faunaregelgev led gev verwijz memorie wetsvoorstel natuurbescherm mogelijk afzonder vergunn ontheff verkrijg gekoppeld omgevingsvergunningprocedur klopt nieuw situatie los ontheffingsprocedur gestart ontwikkel waarvor bestemmingswijz nodig onderscheid gemaakt situatie waarbij sprak handel bestat locatiegebond activiteit waarvor grond wabo omgevingsvergunn vereist situatie waarbij handel bestat locatiegebond activiteit omgevingsvergunningplicht geldt wetsvoorstel natuurbescherm regelt sprak handel bestat locatiegebond activiteit waarvor grond wabo omgevingsvergunn vereist gevolg natura dier plant beschermd soort getoetst beoordel aanvrag omgevingsvergunn apart vergunn ontheff grond wetsvoorstel eenmal wet mogelijk sprak handel bestat locatiegebond activiteit waarvor grond wabo omgevingsvergunn vereist handel betrek activiteit gevolg activiteit natura dier plant beschermd soort getoetst via separat vergunn ontheff wetsvoorstel natuurbescherm eenmal wet laatst regel ontheffingenprocedures gevall samenlop locatiegebond activiteit waarvor omgevingsvergunn vereist aanvullingswetsvoorstel omgevingswet opgenom beschrijv proces integratie beid wetsvoorstell inclusief aanvullingswetsvoorstel verwijst reger beantwoord led fractie wetsvoorstel omgevingswet voorziet regel eerstgenoemd situatie namelijk situatie waarbij sprak locatiegebond activiteit waarvor omgevingsvergunn vereist regel wabo voorligg wetsvoorstel grotendel stand mogelijk aanvrager eerst omgevingsvergunn aanvraagt natura activiteit daarna omgevingsvergunn activiteit initiatiefnemer omgevingsvergunn aanvrag afwijkactiviteit afgewek omgevingsplan bouwactiviteit natura oog robuust omgevingsvergunn zak soort gevall activiteit vroeg mogelijk stadium proces getoetst eis oog bescherm natura flora fauna gesteld omgevingswet initiatiefnemer kiez eerst natura flora los pas verlen daarvan over aanvrag voorstel wet windenergie zee led wet zee opgan omgevingswet led hiernar verwacht wet windenergie zee eerder werking tred omgevingswet kamerstuk,,0.0337159801568871,"[0.04707298723379816, 0.0, 0.004950348910639397]","[True, True, True]","[False, False, False]",bijlage-1-nota-naar-aanleiding-van-het-verslag-omgevingswet.220.txt__0,"[0, 0, 0]"
5-buitenlandse-zaken.51.txt,Policyarchive_text\jaarverslagen\2015\5-buitenlandse-zaken\5-buitenlandse-zaken.51.txt,2015,5-buitenlandse-zaken,0,apparat regeerakkoord regeerakkoord taakstell gelegd buitenland zak structurel eur miljoen hgis postennet structurel eur miljoen aanleid motie sjoerdsma taakstell hgis postennet gehalveerd middel kamerbrief wereldwijd invull bezuin invester eerst bespar postennet taakstell regeerakkoord gerealiseerd over bezuin taakstell rut asscher krijg vooral vanaf beslag daarnaast liep bezuin voortvloei taakstell behandel begrot buitenland zak motie ojik aangenom hierin reger verzocht extra financiel middel zet versterk diplomatiek capaciteit ter bevorder economisch positie international rechtsord vred taakstell hieronder weergegev opgenom hierbij onderscheid gemaakt taakstell opgelegd kabinet taakstell apparat eur mln structurel taakstell taakstell incl motie sjoerdsma extra middel motie ojik postennet net nam kost postennet doordat post slanker sterker gemaakt flexibel modern inzet uitgezond medewerker afgenom ten gevolg focus flexibiliser post bezuin teven ingevuld versober arbeidsvoorwaard efficiencymaatregel med mogelijk gemaakt verder regionaliser back offic tak consulair financieel terrein regional servic organisaties rso kerndepartement bezuin kerndepartement ingevuld krimp herinricht beleidskern centralisatie bedrijfsvoer versober efficiencymaatregel daarnaast bezuin behaald automatiser digitaliser archief alsmed rijksbred samenwerk vorm shared servic organisaties twed kamer vergaderjar,Reparations and Remembrance|Modern & Everyday Racism,0.0900070320740819,"[0.009620390670335575, 0.001933507733501296, 0.044318883616013764]","[False, True, True]","[False, True, True]",5-buitenlandse-zaken.51.txt__0,"[0, 1, 1]"
beantwoording-kamervragen-over-het-jaarverslag-mivd-2014.14.txt,Policyarchive_text\kamerstukken\2015\beantwoording-kamervragen-over-het-jaarverslag-mivd-2014\beantwoording-kamervragen-over-het-jaarverslag-mivd-2014.14.txt,2015,beantwoording-kamervragen-over-het-jaarverslag-mivd-2014,0,moederdepartement richt detecter aanwez ongewenst actor voorbeeld daarvan open gev voorgekom verzoek mens nationaliteit gerubriceerd zet geweigerd hoevel verzoek ging belangrijkst reden weiger gan gevall geweigerd vertrouwensfunctie kader defensieopdracht drie belangrijkst reden betreff stat deling kennis nationaliteit toe gat nationaliteit waarteg kader bedenk bestan vanweg national betreff land bestat general security agreement gsa memorandum understand mou grond waarvan naslag uitgevoerd ten behoev screening kunt aangev land onz hoofdzak bespioner onderk activiteit gericht wijz hoofdzak betrok vanuit russisch federatie china hoeverr loopt defensieindustrie onnadenk onprofessionel handel militair mivd inspecteert juist nalev beveiligingseis abdo aanwijz risico loopt gevolg onnadenk onzorgvuld handel militair kunt uitlegg war grootst tenzij zit samenwerk aivd samenwerk opportun reden doelmat effectiviteit ontbrek inhoud raakvlak red ligt volgen belangrijkst beperk kom international bondgenootschapp samenwerk belangrijk beperk kom international samenwerk ligg bepaald dossier hog mat eigenstand informatiepositie gewenst,"Colonial Exploitation, Slavery & Economic Inequality|Reparations and Remembrance|Modern & Everyday Racism",0.0619058586027309,"[0.0409905983927109, 0.008968619906277883, 0.01023299631007265]","[True, True, True]","[True, True, True]",beantwoording-kamervragen-over-het-jaarverslag-mivd-2014.14.txt__0,"[1, 1, 1]"
antwoorden-op-kamervragen-voorjaarsnota-2015.109.txt,Policyarchive_text\kamerstukken\2015\antwoorden-op-kamervragen-voorjaarsnota-2015\antwoorden-op-kamervragen-voorjaarsnota-2015.109.txt,2015,antwoorden-op-kamervragen-voorjaarsnota-2015,0,kunt aangev hoeverr vjn cijfer zorg bijzonder medicijn structurel doorwerk meevaller opgenom zie,,0.0301511344577763,"[0.0, 0.015830306929616234, 0.04685084115217251]","[False, False, True]","[False, False, False]",antwoorden-op-kamervragen-voorjaarsnota-2015.109.txt__0,"[0, 0, 0]"
beantwoording-kamervragen-over-omdraaien-1e-en-2e-correctie-examens-vo.4.txt,Policyarchive_text\kamerstukken\2015\beantwoording-kamervragen-over-omdraaien-1e-en-2e-correctie-examens-vo\beantwoording-kamervragen-over-omdraaien-1e-en-2e-correctie-examens-vo.4.txt,2015,beantwoording-kamervragen-over-omdraaien-1e-en-2e-correctie-examens-vo,0,totaallijst feitelijk examen voortgezet vvvo cnvo betrok pilot partij besprok aanbevel omker eerst twed correctie gedan partij moment expliciet gesteld mening omker correcties verdeeld lerar lak lat wet voorstander omker correcties lerar via vakinhoud veren aob gezegd omker correcties middel sluitend correctie central examen kom zowel steunbetu bezwar veld gehoord recht zorg bezwar geuit bereid besluit omker eerst twed correctie houd bezien huidig werkwijz inzet betrok partij goed ingevuld hierbij stel uitdruk voorwaard betrok partij committer verwacht led oproept lerar stat stell eerst twed correctie volled lat voer bond verwacht achterban oproep conscientieus invull gev nodig collegiaal oploss zoek war onvermijd gesprek schoolleid gan noodzak commitment gevond cnvo aob hen gesprek voorzet vertrouw aob commitment zomervakantie gev geval besluit omker aanhoud vervolgen correctie central examen opnieuw cito lat indien blijkt eerst twed correctie integral volled uitgevoerd daarmee kwalitatief goed beoordel eindexamen verzekerd zie red besluit omker mocht bereikt belang leerling besluit wijz proef eerst twed correctie ker bezien wel gewenst leidt kant cvte nogmal gevraagd beoordelingsvoorschrift licht houd zak wellicht verwarr leid war nodig pass correctie vergemak verklaart rooster vak central examen nakijkwerk kost aardrijkskund filosofie eind gepland terwijl vak overweg multiplechoicevrag fran engel relatief vroeg gepland verhoudt toezegg noem idee intensiev vak vor hal komend schooljar daarvor stan rooster vast vanaf examenjar echter zorg examen tijd kost correctie maatschappijler geschiedenis begin examenperiod zit tijd ruimt corriger kamerstuk cvte inrooster examen degelijk reken gehoud wen intensiev nakijkvak zover haalbar vor hal vwo examen nederland tehatex kunst eerst drie dag wek hemelvaart ingeroosterd havo betreft vak nederland biologie eerst dag twed wek gat vak geschiedenis filosofie tehatex vwo geschiedenis biologie aardrijkskund filosofie vwo aardrijkskund havo ingeroosterd eerst dag derd wek,Reparations and Remembrance,0.0491443756769647,"[0.004955038660200929, 0.06390269482200545, 0.006732079264855354]","[True, True, True]","[False, True, False]",beantwoording-kamervragen-over-omdraaien-1e-en-2e-correctie-examens-vo.4.txt__0,"[0, 1, 0]"
sociaal-jaarverslag-bz-2014.17.txt,Policyarchive_text\jaarverslagen\2015\sociaal-jaarverslag-bz-2014\sociaal-jaarverslag-bz-2014.17.txt,2015,sociaal-jaarverslag-bz-2014,0,algemen steld nieuw visie leiderschap vast basis consultatieproces rond aanbested vernieuwd leiderschapsontwikkelingsprogramma vier uitvoer interdepartemental georganiseerd cursus leidinggev bod hieran nam medewerker tal hoofdtal organiseerd voorjar najar wer den hag kader overplaats volgd intensiev maatwerk taaltrain lokal aangenom medewerker post bod pilot cursus engel tal afstandsonderwijs waaran medewerker deelnam pilot krijgt vervolg verder bied hen mogelijk tal cultuurpakket thematisch hdpo dcm leid nieuw medewerker crisis telefon team ctt ramp led ctt ingezet liet samenwerk hdpo opleid europes ontwikkel opleid voer bedoeld iederen betrok voorzitterschap zet lijn voort kwaliteit financiel functie verder verbeter actief hel instrumentarium spp nauw samenwerk directies fez hdpo individuel scholing ontwikkel ontving hdpo individuel scholingsaanvrag gericht functie loopban arbeidsmarkt laatst categorieen kend hdpo aanvrag toe waarvan grot gericht financiel functie wes functiegerelateerd scholingsaanvrag ambtenar lokal aangenom medewerker werd directie post afgehandeld gedelegeerd budget volgd medewerker coachingstraject merendel betrof leidinggev medewerker departement kwart coaches werkzam post waarvan lokal aangenom medewerker arbeidsomstand gezond drag werkgever verantwoord gezond welzijn onz medewerker werkrelatie werkgever drag zorg zien toe actief arbobeleid medewerker verwacht eig niveau lever gemeenschapp klimat gezond welzijn verzuimpercentag ambtenar hoger meldingsfrequentie daald daarmee sted laagst verzuim landelijk gemiddeld lag rond voerd proactief preventie klacht gevolg werkdruk over psychosocial arbeidsbelast preventie gericht risico samenhang werk niveau gezondheidszorgvoorzien luchtverontrein traumatisch ervar infectieziekt hoogteziekt,"Colonial Exploitation, Slavery & Economic Inequality|Reparations and Remembrance|Modern & Everyday Racism",0.1073049873645951,"[0.010807385761919506, 0.0006793880098523369, 0.05373626947287657]","[True, True, True]","[True, True, True]",sociaal-jaarverslag-bz-2014.17.txt__0,"[1, 1, 1]"
jaarverslag-homogene-groep-internationale-samenwerking-hgis-2014.4.txt,Policyarchive_text\jaarverslagen\2015\jaarverslag-homogene-groep-internationale-samenwerking-hgis-2014\jaarverslag-homogene-groep-internationale-samenwerking-hgis-2014.4.txt,2015,jaarverslag-homogene-groep-internationale-samenwerking-hgis-2014,0,uitgav beleidsthema bedrag eur beleidsthema begrot mutatie realisaties versterkt international rechtsord eerbied mensenrecht vred stabiliteit europes samenwerk consulair belangenbehart international uitdrag nlse waard belang duurzam handel invester duurzam milieubeher social vooruitgang versterkt kader ontwikkel over uitgav versterkt internationalerechtsord eerbiedigingvan mensenrecht vred europes samenwerk consulair belangenbehart international uitdrag nlse waard belang duurzam handel invester duurzam milieubeher socialevooruitgang versterkt kader ontwikkel over uitgav,,0.0381385035698236,"[0.04450717770690896, 0.004524168125287837, 0.0]","[False, False, True]","[False, False, False]",jaarverslag-homogene-groep-internationale-samenwerking-hgis-2014.4.txt__0,"[0, 0, 0]"
16e-halfjaarsrapportage-van-de-belastingdienst.15.txt,Policyarchive_text\kamerstukken\2015\16e-halfjaarsrapportage-van-de-belastingdienst\16e-halfjaarsrapportage-van-de-belastingdienst.15.txt,2015,16e-halfjaarsrapportage-van-de-belastingdienst,0,belastingdienst halfjaarsrapportag eerst opdracht transformatie belast toeslag vijf verandergebied onderscheid interactie burger bedrijv informatiegestuurd inning ontwikkel sturing verantwoord effectmet ondersteun informatievoorzien rad bestur maand verandergebied successiev opdracht enkel overkoepel opdracht verstrekt betreff analyser voorstell bijdrag investeringsagenda beter goedkoper control zer ervar manager belastingdienst maand eerst product opgeleverd opdracht verandergebied volg toekomstbestend ordeningsmodel klar toekomstbestend ordeningsmodel tom uitgev opdracht verschill verandergebied geconstateerd belastingdienst ontbreekt toekomstbestend ordeningsmodel basis waarvan process waaronder nam interactie ingericht bestur eenduid bepaald accountability belastingdienst interacties kent gespreid vel wet afspel verschill moment belangrijk overkoepel conceptueel model ontwikkel basis vormt logisch samenhang verbeteraanpak daarom beslot model tom stell behulp extern expertis daarbij geldt huidig vaststaand tom eind gered inricht switch medewerker belastingdienst waarvan werk verdwijnt tijdelijk transitieorganisatie switch verplaatst functioner gedur period zes acht staart inningswerk ondergebracht daaruit medewerker toekomstperspectief verkend uiter opheff switch zull medewerker werkzam switch kwartiermaker switch kernteam nauw samenwerk drie scenario uitgewerkt medewerker par pensioen verwijderd grag laatst zinvoll productie belastingdienst lever medewerker omgeschoold profiel medewerker belastingdienst toekomst daardor later tijdstip wer terug strom medewerker mobiel gat strom loopban belastingdienst begeleid krijgt thema douan grensverlegg voortgang investeringsagenda ontwikkel belastingdienst moties toezegg productietabell prolog,Reparations and Remembrance|Modern & Everyday Racism,0.0945905302926917,"[0.006411975018685244, 0.003607250192957003, 0.04447585571565872]","[False, True, True]","[False, True, True]",16e-halfjaarsrapportage-van-de-belastingdienst.15.txt__0,"[0, 1, 1]"
jaarverslag-2014-inspectie-van-het-onderwijs.7.txt,Policyarchive_text\jaarverslagen\2015\jaarverslag-2014-inspectie-van-het-onderwijs\jaarverslag-2014-inspectie-van-het-onderwijs.7.txt,2015,jaarverslag-2014-inspectie-van-het-onderwijs,0,handhaafbaarheidstoets belangrijk nieuw regelgev ocw praktijk goed handhav daarom toets voorgenom regelgev eerst werkbar funder voortgezet handhaafbaarheidstoets uitgevoerd sector mbo hoger handhaafbaarheidstoets uitgevoerd belangrijk ontwikkel geintegreerd risicomodel onderwijsinspectie houdt bestuursniveau hiervor geintegreerd bestuurstoezicht gbt ingevoerd standaard werkwijz huidig risicogericht daarbij kijk zowel kwaliteit bestur financiel situatie betrek mogelijk toekomst risico groter domein bestuursoverzicht actualiser meerder ker per kom mogelijk risico eerder beeld nodig eerder nader intervenier bestur handel meest onderwijssector bestur handel uitgevoerd zogehet bestur handel meestal aanleid ernstig incident langdur achterblijv kwaliteit ernstig financiel problem bestur handel toe geleid enkel instell getroff ging samenstell bestur rad aanstur kwaliteitsborg enkel gevall sancties opgelegd een geval staatssecretaris ocw aanwijz bestur schol geslot differentiatie risicogericht effectief zet zer zwak schol actie daardor zwak zer zwak schol afgelop sterk afgenom komend will all schol stimuler verbeter schol basiskwaliteit lat zien noem gedifferentieerd gan daarbij drie toezichtlijn basiskwaliteit bewak beter bevorder schol sectoroverstijg vraagstuk oploss transitie twed kamer per brief transitie geinformeerd plan differentier begin werk nieuw instrumentarium gat vooral gemeenschapp globaler waarderingskader vernieuw voorbereid uitvoer schol manier waarop schol bestur feedback gev kwaliteitsprofiel onz websit kom stan goed manier kwaliteitszorginformatie schol bestur gan monitor evaluatie pilot vernieuw kracht zet innovatieplatform ingesteld werkt ontwikkel besluitvorm daarover voorbereidt gestart academie onderwijstoezicht will noodzak professionaliser onz medewerker organiser,Reparations and Remembrance|Modern & Everyday Racism,0.0695665592999934,"[0.0540269902409118, 0.006030698500294094, 0.013882645422107136]","[False, True, True]","[False, True, True]",jaarverslag-2014-inspectie-van-het-onderwijs.7.txt__0,"[0, 1, 1]"
nota-naar-aanleiding-van-het-verslag-rond-erfgoedwet.5.txt,Policyarchive_text\kamerstukken\2015\nota-naar-aanleiding-van-het-verslag-rond-erfgoedwet\nota-naar-aanleiding-van-het-verslag-rond-erfgoedwet.5.txt,2015,nota-naar-aanleiding-van-het-verslag-rond-erfgoedwet,0,onwens procedur breid bestuursorgan wettelijk tak balan omvang verplicht verwacht effect verhoud stat reger verwijst hierbij nader waarin opmerk hierover afdel adviser rad stat ingegan belang culturel erfgoed mening led stelt reger terecht culturel erfgoed belangrijk economisch waard doordat toerism investeringsklimat bevordert led stell economisch meerwaard regio randstad relatief groter lokal belang daardor goed spreiding regio uitgangspunt led reger wijz spreiding terug komt reger onderschrijft economisch meerwaard culturel erfgoed overigen enig aspect relevant belang musea historisch binnensted monument archeologisch vondst gebond vast locaties war reger invloed uitoefen uitgangspunt spreiding vooral ingevuld verdel verantwoord voorbijgegan eig verantwoord over besluit afstot culturel erfgoed waarborg wetsvoorstel opgenom zorgvuld besluitvorm kom primair verantwoord archeologisch stelsel gemeent kader mak ruimtelijk plann afweg belang verlengd daarvan verbind voorwaard verband archeologie verstrek vergunn gerespecteerd verder bescherm national belang ten aanzien dorpsgezicht direct opgedrag gemeent gat ruimtelijk ontwikkel desbetreff gebied wetsvoorstel brengt verantwoordelijkheidsverdel over effectief bewez wijzig verantwoord lokal provincial over bescherm gemeent provincial monument collecties lokal regional belang brengt wetsvoorstel verander aanleid een erfgoedwet led merk nieuw erfgoedwet vijftal wet samenvoegt wet hetgen leid duidelijker inzicht erfgoedbeleid zorgt wetsvoorstel regel onduid bureaucratie reger aangev regel bureaucratie verdwijn reger uitgangspunt genom bestaand regelgev bescherm culturel erfgoed bundel vereenvoud verbeter inhoud voordel draagt regel bureaucratie verduidelijk dusver beher rijkscollectie verschill regelgev gebond verzelfstandigd rijksmusea over instell rijkscollectie beher diver colleges stat mak regel opgenom,"Colonial Exploitation, Slavery & Economic Inequality|Reparations and Remembrance|Modern & Everyday Racism",0.0618346942400842,"[0.017483140334310955, 0.03464899995214163, 0.0698485759363061]","[True, True, True]","[True, True, True]",nota-naar-aanleiding-van-het-verslag-rond-erfgoedwet.5.txt__0,"[1, 1, 1]"
9-financien.39.txt,Policyarchive_text\jaarverslagen\2015\9-financien\9-financien.39.txt,2015,9-financien,0,per risicoregel garanties groter toegelicht mit vall algemen faciliteit schatkistbankier garantie interbancair lening stat garantiefaciliteit gecreeerd mld waaruit garanties kond afgegev interbancair lening garantieregel interbancair lening beeindigd uitstaand garantieverplicht vervall terrorism schad nht herverzekeringsmaatschappij terrorismeschad nht opgericht nadat herverzekerar verzekerar begonn terrorismerisico sluit poliss nht lever verzekerar herverzekerar stat gezamen dekkingscapaciteit mld per stat garantie afgegev laatst dekkingscapaciteit stat nht overeengekom participatie stat beeindig wako kernongevall wet aansprak kernongevall wako regelt lijkheid exploitant nucleair installaties kernongevall exploitant namelijk verantwoord schad kernongevall exploitant aansprak verzeker bedrag mld staatsgarantie betaalt exploitant jaarlijk vergoed stat risicoregel tweeled enerzijd schadeloosstell slachtoffer indien ernstig kernongeval voordoet anderzijd internaliser kost kernenergie samenhang stat nederland stat installaties garant bedrag mld mld per ongeval totaalrisico installaties bedraagt vanaf mld ultimo ruim mld garantie winst nederlandsch bank maakt vloeit via vooraf bepaald verdeelsleutel staatskas winst gemaakt crisisgerelateerd transacties vall kering dnb hierdor tijdelijk groter risico balan stan financien dnb samensprak beslot bestaand praktijk handhav afgift garantie toegenom risico dnb mitigeert premie betaald dnb gevolg garantie dnb winst afdrag financien garantie sns propertiz nationalisatie sns reaal aangekondigd propertiz voorhen property financ afgesplitst rest sns reaal vastgoedbeheerorganisatie bracht eind afsplits gerealiseerd satie vastgoedportefeuill middellang termijn kostenefficient rendabel mogelijk wikkel stat garantie verstrekt financier vastgoedbeheerorganisatie uitstaand garantie vervall vanweg afgenom financieringsbehoeft verband afwikkel portefeuill twed kamer vergaderjar beleidsverslag,"Colonial Exploitation, Slavery & Economic Inequality|Reparations and Remembrance|Modern & Everyday Racism",0.0876794598961905,"[0.0454455800129467, 0.0012426420460091999, 0.0051227773236663205]","[True, True, True]","[True, True, True]",9-financien.39.txt__0,"[1, 1, 1]"
nota-naar-aanleiding-van-het-verslag-rond-erfgoedwet.84.txt,Policyarchive_text\kamerstukken\2015\nota-naar-aanleiding-van-het-verslag-rond-erfgoedwet\nota-naar-aanleiding-van-het-verslag-rond-erfgoedwet.84.txt,2015,nota-naar-aanleiding-van-het-verslag-rond-erfgoedwet,0,bijbehor regelgev vall bestek wetsvoorstel lat onverlet overleg sector belemmer effect sectoral regelgev functioner mobiel erfgoed led status national register mobiel erfgoed register beheerd bijgehoud complet register overweegt reger register nem erfgoedbalan erfgoedmonitor led fractie lijst uniek mobiel erfgoed opgenom national register mobiel erfgoed ontwikkeld stichting mobiel collectie informatie voorzien vanuit sectoral register ontwikkeld opdracht koepelorganisaties federatie vaartuig fonv historisch railvervoer hrn federatie historisch motorfietsclub fehac national federatie historisch luchtvaart nfhl national register mobiel erfgoed sectoral register opgezet dankzij bijdrag ocw mondriaan fond prin bernhard cultuurfond onderhoud verder ontwikkel ervan gebeur inzet vel vrijwilliger gecoordineerd begeleid genoemd koepelorganisaties mobiel erfgoed rijk diver omvangrijk sommig deelsector rail gebond erfgoed vrijwel gehel beeld deelsector water schep weg gebond erfgoed werk verricht overigen mobiel erfgoed meegenom erfgoedmonitor erfgoedbalan led reactie reger suggestie dreigend vervreemd geregistreerd mobiel erfgoed dezelfd procedur geschetst nem mobiel erfgoed overheidssubsidies aangekocht gerestaureerd ieder geval opgenom culturel erfgoed led verwijz voorbeeld monumental stoomsleepbot maassluis restauratie betaald subsidies verkocht turk museum wetsvoorstel gehanteerd begrip culturel erfgoed ontvang overheidssubsidie relevant procedur toepass zover beschermd cultuurgoeder betreft ongeacht gat geregistreerd mobiel erfgoed geval rosalie behoud ervan voorwaard subsidie mondriaan fond reger destijd beantwoord schriftelijk lid monasch algemen zin geldt overigen subsidieverstrekker vrij stat nader verplicht verlen subsidie verbind led wijz geborgd mobiel erfgoed toekomst generaties behoud topstuk buitenland verdwijn led mobiel erfgoed aangewez beschermd stadsgezicht historisch schep aanhangsel handel gesteld led kamer daarop reger,"Colonial Exploitation, Slavery & Economic Inequality|Reparations and Remembrance|Modern & Everyday Racism",0.0932744804334427,"[0.015738311638705853, 0.056991423640512365, 0.02155684939002865]","[True, True, True]","[True, True, True]",nota-naar-aanleiding-van-het-verslag-rond-erfgoedwet.84.txt__0,"[1, 1, 1]"
nota-naar-aanleiding-van-het-verslag-rond-erfgoedwet.77.txt,Policyarchive_text\kamerstukken\2015\nota-naar-aanleiding-van-het-verslag-rond-erfgoedwet\nota-naar-aanleiding-van-het-verslag-rond-erfgoedwet.77.txt,2015,nota-naar-aanleiding-van-het-verslag-rond-erfgoedwet,0,nodig erfgoedinspectie hulp inroep bovendien inspecteur erfgoedinspectie beedigd buitengewon opsporingsambtenar belangrijker inzet fte erfgoedinspectie douan goed samenwerk bestrijd illegal handel cultuurgoeder sted alert risico risicogebied ocw via brancheorganisaties kunsthandel special aandacht gevraagd handel risicovoll objectcategorieen etnografisch archeologisch erfgoed nam irak syrie belang goed herkomstonderzoek ontvang adviez rad cultur led nader stelling sprak inbreuk eigendomsrecht vastgelegd opbrengst vervreemd cultuurgoeder stat bested beher behoud culturel erfgoed rad cultur gaf algemen zin overweg vast legg opbrengst over verkop cultuurgoeder bested beher behoud culturel erfgoed dergelijk bepal vormt feitelijk beperk beschikkingsrecht desbetreff dien bezit alhoewel reger zeker wenselijk vindt over opbrengst culturel erfgoed invester beher behoud culturel erfgoed gat ver eigendomsrecht wijz beperk over algemen afstotingsprocedur verantwoord gehoud zorgvuld handel geest professionel standaard vastgelegd lamo afstot cultuurbezit geaccepteerd professionel richtlijn lamo beveelt opbrengst bested nieuw museal object vng onderschrijft uitgangspunt grotendel breder museal bestemm opbrengst acceptabel geacht licht noodzak regel bested nem led teven manier belang bruikleenverker publieksactiviteit aandacht krijgt wetgev reger geeft uitvoer advies rad cultur wetsvoorstel waarin bruikleenverker publieksactiviteit beschouwd advies meldt rad positief stan tegenover juridisch basis beher rijkscollectie betekent financier hiervan vier ter discussie stat rijksmusea hiervor structurel bekost ontvang publiekstak uitmak vierjar subsidiesystematiek kost gemoeid bruikleenverker vall daarom structurel bekost reger acht ruimhart bruikleenverker grot belang publieksactiviteit geschikt instrument stimuler vormt subsidieregel indemniteit bruiklen,"Colonial Exploitation, Slavery & Economic Inequality|Reparations and Remembrance|Modern & Everyday Racism",0.093019861377979,"[0.061576038795430596, 0.027303603205933724, 0.08090181653521339]","[True, True, True]","[True, True, True]",nota-naar-aanleiding-van-het-verslag-rond-erfgoedwet.77.txt__0,"[1, 1, 1]"
antwoorden-kamervragen-najaarsnota-2015-bijlage-1.28.txt,Policyarchive_text\kamerstukken\2015\antwoorden-kamervragen-najaarsnota-2015-bijlage-1\antwoorden-kamervragen-najaarsnota-2015-bijlage-1.28.txt,2015,antwoorden-kamervragen-najaarsnota-2015-bijlage-1,0,hoevel geld nodig wet overeenstemm breng arrest hog rad bnb budgettair derving gevolg arrest uitbreid btw vrijstell paramedisch dienst bedraagt miljoen structurel derving augustusbesluitvorm gedekt lastenkader,,0.05,"[0.0, 0.0, 0.042471948699938734]","[False, False, False]","[False, False, False]",antwoorden-kamervragen-najaarsnota-2015-bijlage-1.28.txt__0,"[0, 0, 0]"
verticale-toelichting-najaarsnota-2015.53.txt,Policyarchive_text\kamerstukken\2015\verticale-toelichting-najaarsnota-2015\verticale-toelichting-najaarsnota-2015.53.txt,2015,verticale-toelichting-najaarsnota-2015,0,dggf dutch god growth fund dggf bevorder handel invester mkb ontwikkelingsland bedrijv ontwikkelingsland will invester beschik fond voed waarna dggf revolver middel beschik volled uitgeput budget meegenom volgend infrastructuurontwikkel programma orio driv infrastructuurproject ontwikkelingsland stimuler vanweg opstartfas middel volled uitgeput budget meegenom volgend over armoedebeleid omvang oda gekoppeld omvang economie bni verled negatiev gevolg krimpend economie eerst instantie geparkeerd verdeelartikel begrot bhos vervolgen verdeeld mutatie invull zogenaamd verschill minregel daarmee kleiner rechtstaatontwikkel wederopbouw vred education peacebuild budget nodig gepland crisisbeheersingsoperaties verlag budget gevolg vertrag contributie uitgav vind plat afroep gebaseerd kost verschill operaties geldend afsprak aandel total kost liquiditeitsbehoeft enig vrijgav ontvangst minusma verenigd naties hanter vergoedingensystem land lever minusma ontvangst volgend verwacht werd binnengekom vrijgav voorgesteld ontvangst via eindejaarsmarg mee nem divers beleidsmat mutaties uitgav post bevat mutaties waarvan belangrijkst voordoen begrot buitenland zak buitenland handel ontwikkelingssamenwerk justitie apparaatuitgav buitenland zak per saldo verlaagd uitgav terrein ict huisvest pas begin gerealiseerd daarnaast dal begrot justitie eurojust lager uitgevall hiervan verwacht ten slot dal uitgav begrot buitenland handel ontwikkelingssamenwerk programma terrein handelsbevorder vanweg lager liquiditeitsbehoeft uitvoerder rvo divers beleidsmat mutaties post bevat verschill mutaties waarvan belangrijkst voordoet apparaatartikel buitenland zak enkel pand buitenland verkocht onroer goed ontvangst buitenland zak gereserveerd hiermee jaarlijk gepland invester huisvest buitenland gefinancierd huisvestingsportefuill rationaliser lijn breng nieuw behoeft daarbij sleutelwoord soberder functioneler mogelijk samenwerk land middel wijz buitenland zak stat taakstell apparat postennet realiser,"Colonial Exploitation, Slavery & Economic Inequality|Reparations and Remembrance|Modern & Everyday Racism",0.1056624671395918,"[0.040528659603872086, 0.004937225764252837, 0.027923790026817788]","[True, True, True]","[True, True, True]",verticale-toelichting-najaarsnota-2015.53.txt__0,"[1, 1, 1]"
0-1-financieel-jaarverslag-van-het-rijk-2014.30.txt,Policyarchive_text\jaarverslagen\2015\0-1-financieel-jaarverslag-van-het-rijk-2014\0-1-financieel-jaarverslag-van-het-rijk-2014.30.txt,2015,0-1-financieel-jaarverslag-van-het-rijk-2014,0,structurel saldo kwam procent bbp volded daarmee middellangetermijndoelstell structurel procent bbp fjr feitelijk conjuncturel component incidentel nent structurel opnieuw buitensporigtekortprocedur geplaatst voldoen zowel maximal tekortnorm procent bbp schuldenregel box vermeldt geldt transitiefas schuldregel waaran begrot volded zodoend kwam tegemoet vereist sgp box toekomstfond vorig initiatief twed opgericht toekomstfond investeert innovatie behoudt vermog tegelijkertijd toekomst generaties bovenop startkapital miljoen euro middel langer bestaand innovatiefond toegevoegd fond ten slot gan eventuel meevaller gasbat vanaf toekomstfond eventuel gasmeevaller geinvesteerd staatsobligaties rel rendement fond staatsobligaties komt ten goed fundamentel toegepast gasmeevaller vastgesteld basis gerealiseerd gasbat gemeld financieel jaarverslag rijk miljoenennota ging miljard euro opbrengst gaswinn uiteind miljard euro gasbat ontvang bat zodoend lager raming leidt gaswinn extra voeding toekomstfond houdbar overheidsfinancien central planbureau cpb vorig berek financien lang termijn houdbar houdbaarheidsoverschot betekent budgettair situatie gelijkblijv zogenoemd constant arrangement verslechtert recentst toont houdbaarheidsoverschot procent med dank structurel hervorm kabinet verhog ingrep zorg eerder vergrijzingstudies cpb toond juist tekort becijferd cpb houdbaarheidstekort zie kamerstuk zie zorg vergrijz cpb houdbar overheidsfinancien geld som verdisconteerd stig primair saldi overheidssaldi minus rentebetal minsten even grot huidig overheidsschuld houdbaarheidsoverschot betekent geval twed kamer vergaderjar,,0.0490098029409803,"[0.011703612593020489, 0.0, 0.04503037132042737]","[True, False, True]","[False, False, False]",0-1-financieel-jaarverslag-van-het-rijk-2014.30.txt__0,"[0, 0, 0]"
nota-naar-aanleiding-van-het-verslag-rond-erfgoedwet.13.txt,Policyarchive_text\kamerstukken\2015\nota-naar-aanleiding-van-het-verslag-rond-erfgoedwet\nota-naar-aanleiding-van-het-verslag-rond-erfgoedwet.13.txt,2015,nota-naar-aanleiding-van-het-verslag-rond-erfgoedwet,0,werking oorspronk wetgev veranderd waarom overwog monumentenwet monumentenwet enig wet aanmerk gekom erfgoedwet nem reger overwog wet nem onderhav wetsvoorstel monumentenwet leent volgend reden procedur aanwijz beschermd monument komt overen aanwijz gemeent monument rijksmonument daarbij speelt ocw rol verder regelt monumentenwet zak europes omgevingsrecht geregeld regel bescherm monument opnam onderhav wetsvoorstel daarom volled zelfstand gehel vorm wetsvoorstel omstand combinatie feit over regel culturel erfgoed toepass besliss geleid monumentenwet integrer wetsvoorstel juist monumentenwet gehel zelfstand regim kent lijkt inwoner inzichtelijker wet zelfstand voortbestan hag verdrag inzak gewap conflict inzak onrechtmat invoer uitvoer eigendomsoverdracht cultuurgoeder toepass led consequenties ziet tegengan illegal handel via internet goeder cultuurhistorisch waard wijz tegengan illegal handel via geborgd genoemd verdrag terugvorder onrechtmat verdwen cultuurgoeder land war vandan kwam vereenvoud bestrijd illegal handel cultuurgoeder strafwetgev relevant europes speelt strafrecht rol bestrijd illegal handel cultuurgoeder geval illegal handel via internet bestrijd mogelijk gebruikmak wetboek strafrecht beher collecties beher rijkscollectie rijkscollectie led gecommuniceerd instell gesubsidieerd beher nieuw norm beher rijkscollectie voldoen instell besluit ocw belast zorg beher rijkscollectie besluit vermeld norm instell toepass daarnaast rce net geval ministeries colleges stat over instell informatie verschaff beher rijkscollectie,"Colonial Exploitation, Slavery & Economic Inequality|Reparations and Remembrance|Modern & Everyday Racism",0.055048188256318,"[0.06554341681998327, 0.026297267136974046, 0.02357087782119051]","[True, True, True]","[True, True, True]",nota-naar-aanleiding-van-het-verslag-rond-erfgoedwet.13.txt__0,"[1, 1, 1]"
9-financien.14.txt,Policyarchive_text\jaarverslagen\2015\9-financien\9-financien.14.txt,2015,9-financien,0,bron afgerond ontvangst lening griekenland afloss par ontvangst lening griekenland rent servicefee par uitker rent griekenland par staatsschuld over gevolg uitvoeringskost inhur extern par terug vorder uitvoeringskost inhur extern saldibalan ontvang uitvoeringskost extern par staatsschuld staatsschuld cumulatief rentebereken berek rent gemiddeld vanweg tussentijd afrond gehel miljoen euro som afwijk kolom stand opgenom saldibalanspost stand ultimo kader nationalisatie sns reaal bezit zijnd cor tier securities aanschafwaard gewaardeerd nul zie kamerstuk crisisgerelateerd winst gebaseerd opgav dnb reken houdend uitkeringspercentag integral benader schuldmanagement zegg financieringsbehoeft stat totaliteit gedekt ongeacht herkomst financier lastig gerealiseerd rentelast exact splits regulier rentelast gevolg kredietcrisis rentelast gevolg toenam staatsschuld getroff benaderd gemiddeld aandel crisismaatregel total gemiddeld staatsschuld conform vermenigvuld total rent staatsschuld method enigszin grof geeft indicatie gemiddeld toereken rentelast meerjarenverplicht stat ing bereken meegenom rent meerjarenverplicht via funding fee direct ing betaald zie begrotingshoofdstuk tegenover rentelast stan renteontvangst zie mutaties verwerv abn amro deutsch bank eigenar hbu akkoord bereikt wederzijd aansprak abn amro hbu ontstan afsplits hbu abn amro beid partij beeindig hiermee garantie stat abn amro miljoen beeindigd abn amro stat miljoen premie betaald abn amro boekjar miljoen slotdivid boekjar miljoen uitgekeerd stat asr boekjar miljoen slotdivid uitgekeerd stat verwerv sns reaal opricht propertiz financien verkoopproces gestart verzekergedeelt sns reaal than vivat gehet vervreemd start verkop vivat voldan eis europes gesteld nationalisatie sns reaal proces gaand maandag financien bekend gemaakt sns reaal anbang zaterdag komst kop reaal getek nadat financien ingestemd voorwaard verkop zull verschill vervolgstapp gezet uitwijz verkop definitief plaatsvind stat sns reaal holding nationalisatie verstrekt twed kamer vergaderjar beleidsverslag,"Colonial Exploitation, Slavery & Economic Inequality|Reparations and Remembrance|Modern & Everyday Racism",0.0713477241231741,"[0.04224398252529535, 0.0, 0.001257119740379429]","[True, True, True]","[True, True, True]",9-financien.14.txt__0,"[1, 1, 1]"
sociaal-jaarverslag-bz-2014.27.txt,Policyarchive_text\jaarverslagen\2015\sociaal-jaarverslag-bz-2014\sociaal-jaarverslag-bz-2014.27.txt,2015,sociaal-jaarverslag-bz-2014,0,ambtenar erkenn diplomatie management vak essentieel goed diplomat goed manager andersom leidinggev leiderschap management verwacht verschill roll tak belangrijk daarvan bewust oog beid leidinggev ding goed denkt erover goed ding een waard zowel inspiratie realisatie nodig effectief bestur behal visie onderstrep belang differentiatie complementariteit oog bepaald context vereist kader herijkt visie leiderschap introduceerd leiderschap management nader uitwerk visie beschrijft relatie voortdur interactie leidinggev medewerker stap stap werk kort lang termijn raamwerk biedt concret handvat samenwerk besprek concretiser analyser war nodig verbeter toepas elk hierarchisch arbeidsrelatie departement post ambtenar lokal aangenom collega leiderschapsvisie vorm basis nieuw zittend management expliciet aandacht leiderschap management gesprekscyclus past formulier hierop verder implementatietraject medewerker team nieuw accent ondersteunt training feedback gev gespreksvaard resultaatgericht werk leiderschapstraject nodigd ambtenar vrouw mann selectie leiderschapstraject beleidsstrom hiervan leiderschapspol toegelat vrouw mann dertien medewerker vrouw mann geschikt medewerker trok selectie terug twee medewerker vrouw koz later stadium selectie mee medewerker vrouw gaf belangstell deelnam traject ambtenar toeliet leiderschapspol vervolgen deelnam overplaatsingsrond plaatst leidinggev functie schal,"Colonial Exploitation, Slavery & Economic Inequality|Modern & Everyday Racism",0.1158568892726984,"[0.004595987135182559, 0.003371933964602707, 0.04342877014998599]","[True, False, True]","[True, False, True]",sociaal-jaarverslag-bz-2014.27.txt__0,"[1, 0, 1]"
antwoordbrief-schriftelijke-vragen-bij-de-vws-ontwerpbegroting-2016.202.txt,Policyarchive_text\brieven\2015\antwoordbrief-schriftelijke-vragen-bij-de-vws-ontwerpbegroting-2016\antwoordbrief-schriftelijke-vragen-bij-de-vws-ontwerpbegroting-2016.202.txt,2015,antwoordbrief-schriftelijke-vragen-bij-de-vws-ontwerpbegroting-2016,0,ten aanzien laser bovengenoemd brief opgenom komend wetswijz wet big laser opnem voorbehoud handel amvb uitwerk laserbehandel voorbehoud handel merk wijzig wet moment internetconsultatie doorlop daarvor geldend procedures snel mogelijk kamer voorgelegd daarnaast stichting esthetisch geneeskunst nseg gevraagd kwaliteitsnorm cosmetisch sector stell waaruit blijkt art bekwam bevoegd bepaald cosmetisch ingrep voer norm momentel ontwikkel,,0.0437594974493683,"[0.06483987336107708, 0.0, 0.009330104500454442]","[False, False, False]","[False, False, False]",antwoordbrief-schriftelijke-vragen-bij-de-vws-ontwerpbegroting-2016.202.txt__0,"[0, 0, 0]"
jaarverslag-beheer-staatsdeelnemingen-2014.96.txt,Policyarchive_text\jaarverslagen\2015\jaarverslag-beheer-staatsdeelnemingen-2014\jaarverslag-beheer-staatsdeelnemingen-2014.96.txt,2015,jaarverslag-beheer-staatsdeelnemingen-2014,0,jaarverslag beher staatsdeelnem deelnem loep beschrijv ultra centrifug ucn opgericht getechniek verrijk uranium kerncentrales verder ontwikkel beslot fusie gascentrifugeondernem duitsland verenigd koninkrijk leid fusienam urenco ltd urenco sindsdien houdt ucn houdstermaatschappij land aandel urenco ucn operationel activiteit vogelvlucht verenigd koninkrijk beslot verkop belang duit aandeelhouder intentie aandel verkop ontwikkel dwing reflectie gevolg eventuel verkop aandeelhouder borging belang toegevoegd waard aandeelhouderschap situatie begin stat indirect aandeelhouder urenco beslot voornem aandel urenco verkop voorbehoud belang adequaat twed kamer vergaderjar algemen staatsdeelnem nam staatsdeelnem ultra centrifug bedrijfssector energie vestigingsplat groning staatsdeelnem websit belang stat nederland bedrijfsspecifiek kerncijfer werknemer fte ucn,"Colonial Exploitation, Slavery & Economic Inequality|Reparations and Remembrance|Modern & Everyday Racism",0.0639009650422693,"[0.04101927526322442, 0.007399225200178859, 0.0]","[True, True, True]","[True, True, True]",jaarverslag-beheer-staatsdeelnemingen-2014.96.txt__0,"[1, 1, 1]"
kaXREMOVEBLOCKsagenda-en-financing-for-development.7.txt,Policyarchive_text\kamerstukken\2015\kaXREMOVEBLOCKsagenda-en-financing-for-development\kaXREMOVEBLOCKsagenda-en-financing-for-development.7.txt,2015,kaXREMOVEBLOCKsagenda-en-financing-for-development,0,directie multilateral instell mensenrecht onz referentie insprak international financiel instell belast financiel transacties handel invester mondial drempel verlaagd middeninkomensland participer wereldeconomie buitenland handel invester leid automatisch duurzam inclusiev groei koninkrijk streeft beter markttoegang minst ontwikkeld land handelsfacilitatie aandacht imvo verduurzam handelsketen ontwikkelingsrelevant investeringsakkoord bepal bevat vlak duurzam imvo duurzam inclusiev groei stimuler zet stem opkom land beter lat doorklink kabinet pleit verder vrij markttoegang regional ontwikkel special aandacht relatie hulp handel privat sector verbind beginsel maatschapp ecologisch verantwoord ondernemerschap inclusiev financier toegang financier vormt belangrijk prioriteit koninkrijk specifiek aandacht vrouw har majesteit koningin maxima vervult speciaal gezant inclusiev financier belangrijk rol vlak koninkrijk zet daarnaast verband verlag kost remittances per plat stad platteland hiermee migrant lever ontwikkel land herkomst beleidscoherentie beleidscoherentie ontwikkel gebied handel belast invester essentieel duurzam ontwikkel steun uitsprek initiatief impact national ontwikkelingsland kaart breng uitvoer mondial agenda nieuw universel geld rijk land onderhandel agenda nauw samenwerk verschill departement voorbereid ontwikkeld land voldoet meest duurzam ontwikkelingsdoel werk winkel vaststell nieuw bezien wereld verdient aansluit nieuw mondial agenda komend najar motie sjoerdsma ojik toegelicht terrein war actie overweg duurzam consumptie productie duurzam infrastructur sted genderg beleidscoherentie voert planbureau leefomgev moment studie national beleidsopgav gebied duurzam kaart breng,"Colonial Exploitation, Slavery & Economic Inequality|Reparations and Remembrance|Modern & Everyday Racism",0.0902266317138267,"[0.04948700946005507, 0.01769934705707408, 0.007769937021145732]","[True, True, True]","[True, True, True]",kaXREMOVEBLOCKsagenda-en-financing-for-development.7.txt__0,"[1, 1, 1]"
jaarverslag-ilt-2014.70.txt,Policyarchive_text\jaarverslagen\2015\jaarverslag-ilt-2014\jaarverslag-ilt-2014.70.txt,2015,jaarverslag-ilt-2014,0,leefomgev transport risicobeeld koopvaardij veranderd belangrijkst risico arbeidsgerelateerd ongevall brand bedieningsfout communicatie bemanningsled nalev bemanningsvoorschrift grond schep steld volgend top meest gesignaleerd gebrek schep gebrek leefomstand document certificat brandveil technisch stat schip reddingsmiddel navigatiemiddel radiocommunicatie gebrek noodvoorzien alarmeringssystem beveil security motor machines uitgevoerd vlaggenstaatinspecties betroff special inspection expanded inspection detailed inspection initial inspection werd schep aangehoud schep werd volgend tekortkom aangetroff aspect certificat safety construction marpol mlc paris mou psc tokyo mou psc hand inspectiebevind schep jaarlijk drie ranglijst gemaakt vlaggenstat vlag stat verlop plat lijst onderstaand aangegev scor medio bekend positie vlag paris mou,Reparations and Remembrance|Modern & Everyday Racism,0.1105541596785133,"[0.043224339516179947, 0.0013512017057009677, 0.0022584514941741433]","[False, True, True]","[False, True, True]",jaarverslag-ilt-2014.70.txt__0,"[0, 1, 1]"
