filename,chunk_id,sentence_count,raw_text,text_for_scoring,cos_Colonialism,cos_Historical slavery,cos_Modern racism& inequality,max_score,primary_topic,score_margin,confidence_level,text,label,label_id,is_pseudo
Slavery_text\Nimako et al_2020_Een rapport met betrekking tot het onderzoeksproject over de periode voor de.32.txt,6e5dcc27:00000,10.0,"NINSEE 
23 
 
zich eene verblijfplaats zoeken wil in de bosschen en aan de boorden der rivieren en 
kreken van dat vruchtbare landǳ.13  
 
9) Ontwerp van een anoniem persoon, ͳͺͶʹ. Dit voorstel kwam neer op een Ǯvrijwilligeǯ 
afschaffing van de slavernij die werd verhaald op de slaaf-gemaakten en hun houders. Nadat van elke slaaf-gemaakte de Ǯprijsǯ was berekend, moesten, volgens dit plan, de 
slaaf-gemaakten zichzelf vrij werken in een vijfdaagse werkweek. De slaaf-gemaakte had 
de zaterdag en zondag voor zichzelf. Dit voorstel werd afgewezen omdat men ervan uitging dat de houders van de 
slaaf-gemaakten hieraan niet vrijwillig zouden meewerken.14 
 
10) Ontwerp van de heer Betting, 1842. Volgens dit breed uitgemeten plan kon de slaaf-
gemaakte zichzelf vrijkopen, waarbij hij Ǯrechtǯ had op ͳ/͵ deel van zijn eigen arbeid. Van dit deel hield de houder van de slaaf-gemaakte echter de helft in als aflossing op de 
vrijkoopsom. Als de aflossing voltooid was, had de slaaf-gemaakte recht op het Ǯvolleǯ 
1/3 deel. Hij was wel verplicht om voor een ander 1/3 deel te blijven werken voor de 
houder van de slaaf-gemaakte.15 Kort samengevat, een gedeeltelijke vrijheid met een 
voortzetting van slavernij. 11) Ontwerp van G.C.",ninsee eene verblijfplaats zoeken bosschen boorden rivieren kreken vruchtbare landǳ ontwerp anoniem persoon ͳͺͷʹ voorstel kwam neer ǯvrijwilligeǯ afschaffing slavernij verhaald slaaf gemaakten houders nadat elke slaaf gemaakte ǯprijsǯ berekend moesten volgens plan slaaf gemaakten zichzelf vrij werken vijfdaagse werkweek slaaf gemaakte zaterdag zondag zichzelf voorstel afgewezen ervan uitging houders slaaf gemaakten hieraan vrijwillig zouden meewerken ontwerp heer betting volgens breed uitgemeten plan slaaf gemaakte zichzelf vrijkopen waarbij ǯrechtǯ ͳ deel eigen arbeid deel hield houder slaaf gemaakte echter helft aflossing vrijkoopsom aflossing voltooid slaaf gemaakte recht ǯvolleǯ deel verplicht ander deel blijven werken houder slaaf gemaakte kort samengevat gedeeltelijke vrijheid voortzetting slavernij ontwerp g c,0.4320174213589912,0.5071421333088688,0.4408571020409152,0.5071421333088688,Historical slavery,0.0662850312679535,high,"NINSEE 
23 
 
zich eene verblijfplaats zoeken wil in de bosschen en aan de boorden der rivieren en 
kreken van dat vruchtbare landǳ.13  
 
9) Ontwerp van een anoniem persoon, ͳͺͶʹ. Dit voorstel kwam neer op een Ǯvrijwilligeǯ 
afschaffing van de slavernij die werd verhaald op de slaaf-gemaakten en hun houders. Nadat van elke slaaf-gemaakte de Ǯprijsǯ was berekend, moesten, volgens dit plan, de 
slaaf-gemaakten zichzelf vrij werken in een vijfdaagse werkweek. De slaaf-gemaakte had 
de zaterdag en zondag voor zichzelf. Dit voorstel werd afgewezen omdat men ervan uitging dat de houders van de 
slaaf-gemaakten hieraan niet vrijwillig zouden meewerken.14 
 
10) Ontwerp van de heer Betting, 1842. Volgens dit breed uitgemeten plan kon de slaaf-
gemaakte zichzelf vrijkopen, waarbij hij Ǯrechtǯ had op ͳ/͵ deel van zijn eigen arbeid. Van dit deel hield de houder van de slaaf-gemaakte echter de helft in als aflossing op de 
vrijkoopsom. Als de aflossing voltooid was, had de slaaf-gemaakte recht op het Ǯvolleǯ 
1/3 deel. Hij was wel verplicht om voor een ander 1/3 deel te blijven werken voor de 
houder van de slaaf-gemaakte.15 Kort samengevat, een gedeeltelijke vrijheid met een 
voortzetting van slavernij. 11) Ontwerp van G.C.",Historical slavery,1,False
Slavery_text\Jouwe e.a. - Slavernij en de stad Utrecht.72.txt,cbf57100:00001,5.0,"Deze enorme 
beplanting had echter niet alleen een negatief effect op de werklast 
van de slaafgemaaken, maar zorgde ook voor verdere bodemuitputting, 
met nog slechtere oogsten tot gevolg. De investeerders wilden vooral 
op korte termĳn snelle winst maken en wilden niet wachten totdat de 
jonge bomen gegroeid waren.58
Kortom, de plantage lag er vanuit bedrĳfsmatig oogpunt aan het 
einde van de achttiende eeuw slecht bĳ, en de administrateurs zagen 
geen mogelĳkheden om de plantage winstgevend te krĳgen. Zĳ gaven 
daarom de aandeelhouders het advies de plantage te verkopen. Indien 
de aandeelhouders toch vastberaden waren de plantage te behouden, 
dan moest de Sociëteit accepteren dat er ten minste ‘zes slaven of meer’ 
aangekocht dienden te worden, om vervolgens van jaar tot jaar slaafge-
maakten aan te kopen, ‘zo verre de cassa leĳden kann’. Dit diende net 
zolang te gebeuren totdat het aantal slaafgemaakten op een dusdanige",enorme beplanting echter alleen negatief effect werklast slaafgemaaken zorgde verdere bodemuitputting slechtere oogsten gevolg investeerders wilden vooral korte termĳn snelle winst maken wilden wachten totdat jonge bomen gegroeid kortom plantage lag vanuit bedrĳfsmatig oogpunt einde achttiende eeuw slecht bĳ administrateurs zagen mogelĳkheden plantage winstgevend krĳgen zĳ gaven daarom aandeelhouders advies plantage verkopen indien aandeelhouders vastberaden plantage behouden moest sociëteit accepteren ten minste zes slaven aangekocht dienden vervolgens slaafge maakten kopen verre cassa leĳden kann diende net zolang gebeuren totdat aantal slaafgemaakten dusdanige,0.3014081807160145,0.5223755950884453,0.2463381760708281,0.5223755950884453,Historical slavery,0.2209674143724307,high,"Deze enorme 
beplanting had echter niet alleen een negatief effect op de werklast 
van de slaafgemaaken, maar zorgde ook voor verdere bodemuitputting, 
met nog slechtere oogsten tot gevolg. De investeerders wilden vooral 
op korte termĳn snelle winst maken en wilden niet wachten totdat de 
jonge bomen gegroeid waren.58
Kortom, de plantage lag er vanuit bedrĳfsmatig oogpunt aan het 
einde van de achttiende eeuw slecht bĳ, en de administrateurs zagen 
geen mogelĳkheden om de plantage winstgevend te krĳgen. Zĳ gaven 
daarom de aandeelhouders het advies de plantage te verkopen. Indien 
de aandeelhouders toch vastberaden waren de plantage te behouden, 
dan moest de Sociëteit accepteren dat er ten minste ‘zes slaven of meer’ 
aangekocht dienden te worden, om vervolgens van jaar tot jaar slaafge-
maakten aan te kopen, ‘zo verre de cassa leĳden kann’. Dit diende net 
zolang te gebeuren totdat het aantal slaafgemaakten op een dusdanige",Historical slavery,1,False
Slavery_text\Racisme bij het Ministerie van Buitenlandse Zaken. Een verkennend onderzoek.15.txt,abf0dd74:00000,10.0,"RACISME BIJ HET MINISTERIE VAN BUITENLANDSE ZAKEN 
Een verkennend onderzoek 
 
15 
 
dominante meerderheidsgroep en inferioriteit van verschillende etnische 
minderheidsgroepen. Subtiele vormen wordt vaak niet herkend als racisme 
Indirecte en subtielere vormen worden vaak niet herkend als racisme. Racisme roept 
doorgaans uitsluitend associaties op met kwaadaardige en openlijke vormen van haat, 
agressie en misbruik (Van den Broek, 2020). De veronderstelling heerst dat racisme een 
extreem verschijnsel is waar slechts een kleine groep zich schuldig aan maakt (Essed, 
2018). Een verwijt van racisme wordt ervaren als een zware beschuldiging. Er is mede 
daarom vaak een sterke weerstand tegen het gebruik van de term ‘racisme’. Alleen op 
incidentele basis wordt het gebruik ervan geaccepteerd. De allergie voor het gebruik van 
het woord racisme komt ook door het positieve en onschuldige zelfbeeld van witte 
Nederlanders (Ghorashi, 2015; Wekker, 2020). Alledaags racisme en microagressie 
 
Het niet herkennen van indirecte en subtiele vormen van racisme heeft te maken met de 
fixatie op praktijken die juridisch strafbaar zijn of op harde vormen van racisme. Een 
dergelijke benadering van racisme is een te beperkt perspectief, omdat het voorbij gaat 
aan de gelaagdheid, complexiteit en diversiteit aan ervaringen van mensen.",racisme ministerie buitenlandse zaken verkennend onderzoek dominante meerderheidsgroep inferioriteit verschillende etnische minderheidsgroepen subtiele vormen vaak herkend racisme indirecte subtielere vormen vaak herkend racisme racisme roept doorgaans uitsluitend associaties kwaadaardige openlijke vormen haat agressie misbruik den broek veronderstelling heerst racisme extreem verschijnsel waar slechts kleine groep schuldig maakt essed verwijt racisme ervaren zware beschuldiging mede daarom vaak sterke weerstand gebruik term racisme alleen incidentele basis gebruik ervan geaccepteerd allergie gebruik woord racisme komt positieve onschuldige zelfbeeld witte nederlanders ghorashi wekker alledaags racisme microagressie herkennen indirecte subtiele vormen racisme maken fixatie praktijken juridisch strafbaar harde vormen racisme dergelijke benadering racisme beperkt perspectief voorbij gaat gelaagdheid complexiteit diversiteit ervaringen mensen,0.3340596788689603,0.3282271298536763,0.5199855312342196,0.5199855312342196,Modern racism& inequality,0.1859258523652593,high,"RACISME BIJ HET MINISTERIE VAN BUITENLANDSE ZAKEN 
Een verkennend onderzoek 
 
15 
 
dominante meerderheidsgroep en inferioriteit van verschillende etnische 
minderheidsgroepen. Subtiele vormen wordt vaak niet herkend als racisme 
Indirecte en subtielere vormen worden vaak niet herkend als racisme. Racisme roept 
doorgaans uitsluitend associaties op met kwaadaardige en openlijke vormen van haat, 
agressie en misbruik (Van den Broek, 2020). De veronderstelling heerst dat racisme een 
extreem verschijnsel is waar slechts een kleine groep zich schuldig aan maakt (Essed, 
2018). Een verwijt van racisme wordt ervaren als een zware beschuldiging. Er is mede 
daarom vaak een sterke weerstand tegen het gebruik van de term ‘racisme’. Alleen op 
incidentele basis wordt het gebruik ervan geaccepteerd. De allergie voor het gebruik van 
het woord racisme komt ook door het positieve en onschuldige zelfbeeld van witte 
Nederlanders (Ghorashi, 2015; Wekker, 2020). Alledaags racisme en microagressie 
 
Het niet herkennen van indirecte en subtiele vormen van racisme heeft te maken met de 
fixatie op praktijken die juridisch strafbaar zijn of op harde vormen van racisme. Een 
dergelijke benadering van racisme is een te beperkt perspectief, omdat het voorbij gaat 
aan de gelaagdheid, complexiteit en diversiteit aan ervaringen van mensen.",Modern racism& inequality,2,False
Slavery_text\Allen e.a. - 2023 - Staat en slavernij het Nederlandse koloniale slavernijverleden en zijn doorwerkingen.8.txt,8c4ea15b:00000,10.0,"Deel 4
Vroege vorming van slavernij en kolonialisme
23. Slavernij van overheidswege: de Staten-Generaal  
tussen 1581 en 1796 – Arthur Weststeijn 
Het koloniale verleden van provincies en Admiraliteiten — Gerhard de Kok
24. Een vergeten bladzijde? De vroege participatie van de Zuidelijke 
Nederlanden aan slavernij – Jeroen Puttevils 
25. Particuliere belangen bij slavernijpolitiek en koloniale 
expansiepolitiek – Joris van den Tol
Koloniale expansie en de Nederlandse staat — Myrthe Kraaijenoord 
26. De verstrengeling van kolonialisme en lokale samenleving:  
de Sefarden op Curaçao – Jeanne Henriquez 
27. ‘In openlijken strijd met den geest des Christendoms’? De kerk in het Nederlandse slavernijverleden – Martijn Stoutjesdijk
Missie en zending in de Nederlandse koloniën: meer dan bekering  
en ‘beschaving’ — Geertje Mak en Marit Monteiro 
28. De economische en sociale impact van het Nederlandse koloniale 
slavernijverleden – Matthias van Rossum 
De koloniale collecties van de stadhouders Willem IV en Willem V  
— Marie Christine van der Sman
29. De koloniale winsten van de prinsen van Oranje  
– Raymund Schütz
333
344
347
359
366
371
381
390
393
404
407",deel vroege vorming slavernij kolonialisme slavernij overheidswege staten generaal arthur weststeijn koloniale verleden provincies admiraliteiten gerhard kok vergeten bladzijde vroege participatie zuidelijke nederlanden slavernij jeroen puttevils particuliere belangen slavernijpolitiek koloniale expansiepolitiek joris den tol koloniale expansie nederlandse staat myrthe kraaijenoord verstrengeling kolonialisme lokale samenleving sefarden curaçao jeanne henriquez openlijken strijd den geest des christendoms kerk nederlandse slavernijverleden martijn stoutjesdijk missie zending nederlandse koloniën bekering beschaving geertje mak marit monteiro economische sociale impact nederlandse koloniale slavernijverleden matthias rossum koloniale collecties stadhouders willem iv willem v marie christine sman koloniale winsten prinsen oranje raymund schütz,0.5112828966493332,0.420077986491891,0.3762678736062947,0.5112828966493332,Colonialism,0.0912049101574422,high,"Deel 4
Vroege vorming van slavernij en kolonialisme
23. Slavernij van overheidswege: de Staten-Generaal  
tussen 1581 en 1796 – Arthur Weststeijn 
Het koloniale verleden van provincies en Admiraliteiten — Gerhard de Kok
24. Een vergeten bladzijde? De vroege participatie van de Zuidelijke 
Nederlanden aan slavernij – Jeroen Puttevils 
25. Particuliere belangen bij slavernijpolitiek en koloniale 
expansiepolitiek – Joris van den Tol
Koloniale expansie en de Nederlandse staat — Myrthe Kraaijenoord 
26. De verstrengeling van kolonialisme en lokale samenleving:  
de Sefarden op Curaçao – Jeanne Henriquez 
27. ‘In openlijken strijd met den geest des Christendoms’? De kerk in het Nederlandse slavernijverleden – Martijn Stoutjesdijk
Missie en zending in de Nederlandse koloniën: meer dan bekering  
en ‘beschaving’ — Geertje Mak en Marit Monteiro 
28. De economische en sociale impact van het Nederlandse koloniale 
slavernijverleden – Matthias van Rossum 
De koloniale collecties van de stadhouders Willem IV en Willem V  
— Marie Christine van der Sman
29. De koloniale winsten van de prinsen van Oranje  
– Raymund Schütz
333
344
347
359
366
371
381
390
393
404
407",Colonialism,0,False
Slavery_text\Allen e.a. - 2023 - Staat en slavernij het Nederlandse koloniale slavernijverleden en zijn doorwerkingen.257.txt,11af219e:00001,9.0,"Creolen hadden een betere kans dan de eerste genera­
tie Afrikanen om gezinnen te stichten. In de avonden en op zondag werkten slaafgemaakten op hun eigen kost­
grondjes. Planters in het Caribisch gebied bezuinigden op de kosten van 
het onderhoud van de slaafgemaakten door ze een stukje land te geven 
waarop ze hun eigen voedsel konden verbouwen. Hoewel dat in feite een 
tweede ‘dienst’ betekende, betogen historici dat veel slaafgemaakten de 
veldjes toch ook beschouwden als iets positiefs. Ze konden er gewassen 
verbouwen die ze gewend waren uit hun eigen landen – veel slaafgemaak­
ten waren in West-Afrika boer geweest – en de tuintjes lagen vaak ver van 
het plantagehuis en verschaften dus een zekere mate van autonomie. De 
producten konden gegeten of verhandeld worden, net als de opbrengst 
van jacht en visserij, of die van de kippen en eenden die sommigen hiel­
den. De ‘ondergrondse’ slaafgemaakte economie die hieruit voortkwam 
wacht eveneens nog op onderzoek. Nieuwelingen leerden wat het betekende om slaafgemaakt te zijn 
in een Nederlandse kolonie. In de gebieden waar zij vandaan kwamen 
bestond slavernij in vele vormen, maar over het algemeen was het minder 
rigide dan de Atlantische slavernij, waarin slaafgemaakten volledig 
­eigendom van de slavenhouders waren, net als hun kinderen, en als ieder 
ander bezit naar willekeur behandeld en verhandeld konden worden.",creolen hadden betere kans eerste genera tie afrikanen gezinnen stichten avonden zondag werkten slaafgemaakten eigen kost grondjes planters caribisch gebied bezuinigden kosten onderhoud slaafgemaakten stukje land geven waarop eigen voedsel konden verbouwen hoewel feite tweede dienst betekende betogen historici slaafgemaakten veldjes beschouwden positiefs konden gewassen verbouwen gewend eigen landen slaafgemaak ten west afrika boer tuintjes lagen vaak ver plantagehuis verschaften zekere mate autonomie producten konden gegeten verhandeld net opbrengst jacht visserij kippen eenden sommigen hiel den ondergrondse slaafgemaakte economie hieruit voortkwam wacht eveneens onderzoek nieuwelingen leerden betekende slaafgemaakt nederlandse kolonie gebieden waar vandaan kwamen bestond slavernij vele vormen algemeen rigide atlantische slavernij waarin slaafgemaakten volledig eigendom slavenhouders net kinderen ieder ander bezit willekeur behandeld verhandeld konden,0.4681592304603546,0.531281548501054,0.3827623166113294,0.531281548501054,Historical slavery,0.0631223180406994,high,"Creolen hadden een betere kans dan de eerste genera­
tie Afrikanen om gezinnen te stichten. In de avonden en op zondag werkten slaafgemaakten op hun eigen kost­
grondjes. Planters in het Caribisch gebied bezuinigden op de kosten van 
het onderhoud van de slaafgemaakten door ze een stukje land te geven 
waarop ze hun eigen voedsel konden verbouwen. Hoewel dat in feite een 
tweede ‘dienst’ betekende, betogen historici dat veel slaafgemaakten de 
veldjes toch ook beschouwden als iets positiefs. Ze konden er gewassen 
verbouwen die ze gewend waren uit hun eigen landen – veel slaafgemaak­
ten waren in West-Afrika boer geweest – en de tuintjes lagen vaak ver van 
het plantagehuis en verschaften dus een zekere mate van autonomie. De 
producten konden gegeten of verhandeld worden, net als de opbrengst 
van jacht en visserij, of die van de kippen en eenden die sommigen hiel­
den. De ‘ondergrondse’ slaafgemaakte economie die hieruit voortkwam 
wacht eveneens nog op onderzoek. Nieuwelingen leerden wat het betekende om slaafgemaakt te zijn 
in een Nederlandse kolonie. In de gebieden waar zij vandaan kwamen 
bestond slavernij in vele vormen, maar over het algemeen was het minder 
rigide dan de Atlantische slavernij, waarin slaafgemaakten volledig 
­eigendom van de slavenhouders waren, net als hun kinderen, en als ieder 
ander bezit naar willekeur behandeld en verhandeld konden worden.",Historical slavery,1,False
Slavery_text\Jouwe e.a. - Slavernij en de stad Utrecht.19.txt,d75b5aa5:00001,7.0,"Denk aan suiker, koffie en 
katoen. Maar slavernĳ was veel wĳder verbreid en de rol van tot slaaf 
gemaakten veel algemener. Zĳ waren niet alleen werkzaam op plantages, 
maar ook in de huizen en tuinen, in de havens en ambachtswerkplaatsen, 
zelfs als matrozen en soldaten. De slavenarbeid vormde dus niet alleen 
de ruggengraat van de productie op plantages, maar leverden essentiële 
arbeidsdiensten aan het hele koloniale apparaat. Etablissement (klein hospitaal) Utrecht in Suriname. J.E. Muller, c.1890 (Tropenmuseum)",denk suiker koffie katoen slavernĳ wĳder verbreid rol slaaf gemaakten algemener zĳ alleen werkzaam plantages huizen tuinen havens ambachtswerkplaatsen zelfs matrozen soldaten slavenarbeid vormde alleen ruggengraat productie plantages leverden essentiële arbeidsdiensten hele koloniale apparaat etablissement klein hospitaal utrecht suriname j e muller c tropenmuseum,0.4595840014818873,0.5410356557643243,0.388371871302077,0.5410356557643243,Historical slavery,0.081451654282437,high,"Denk aan suiker, koffie en 
katoen. Maar slavernĳ was veel wĳder verbreid en de rol van tot slaaf 
gemaakten veel algemener. Zĳ waren niet alleen werkzaam op plantages, 
maar ook in de huizen en tuinen, in de havens en ambachtswerkplaatsen, 
zelfs als matrozen en soldaten. De slavenarbeid vormde dus niet alleen 
de ruggengraat van de productie op plantages, maar leverden essentiële 
arbeidsdiensten aan het hele koloniale apparaat. Etablissement (klein hospitaal) Utrecht in Suriname. J.E. Muller, c.1890 (Tropenmuseum)",Historical slavery,1,False
Slavery_text\Racisme bij het Ministerie van Buitenlandse Zaken. Een verkennend onderzoek.75.txt,dfe76c4b:00000,10.0,"RACISME BIJ HET MINISTERIE VAN BUITENLANDSE ZAKEN 
Een verkennend onderzoek 
 
75 
 
dood. Waar ik het racisme in zie, is het ontbreken van een 
gelijkwaardige behandeling. De zorgvuldigheid die je moet betrachten 
om mij te ontslaan is een hele andere dan de chauffeur, het 
huishoudelijke personeel of de kok. Die mensen zijn nog harder 
afhankelijk van die positie dan ik.” 
 
“Huishoudelijk personeel is extreem kwetsbaar. Die hebben persoonlijke 
contracten met de chef de post. Zij kunnen in principe mensen op 
staande voet ontslaan en dat gebeurt ook regelmatig. Het is een 
enorme bende: iedereen gaat eruit. Je hebt 10 jaar voor een zaak 
gewerkt en ineens sta je op straat. Het is afhankelijk van het lokale 
recht. Dat is op hen van toepassing.",racisme ministerie buitenlandse zaken verkennend onderzoek dood waar racisme zie ontbreken gelijkwaardige behandeling zorgvuldigheid betrachten ontslaan hele chauffeur huishoudelijke personeel kok mensen harder afhankelijk positie huishoudelijk personeel extreem kwetsbaar persoonlijke contracten chef post principe mensen staande voet ontslaan gebeurt regelmatig enorme bende iedereen gaat eruit hebt zaak gewerkt ineens sta straat afhankelijk lokale recht hen toepassing,0.3361389197676138,0.3901147433829511,0.532629883264839,0.532629883264839,Modern racism& inequality,0.1425151398818878,high,"RACISME BIJ HET MINISTERIE VAN BUITENLANDSE ZAKEN 
Een verkennend onderzoek 
 
75 
 
dood. Waar ik het racisme in zie, is het ontbreken van een 
gelijkwaardige behandeling. De zorgvuldigheid die je moet betrachten 
om mij te ontslaan is een hele andere dan de chauffeur, het 
huishoudelijke personeel of de kok. Die mensen zijn nog harder 
afhankelijk van die positie dan ik.” 
 
“Huishoudelijk personeel is extreem kwetsbaar. Die hebben persoonlijke 
contracten met de chef de post. Zij kunnen in principe mensen op 
staande voet ontslaan en dat gebeurt ook regelmatig. Het is een 
enorme bende: iedereen gaat eruit. Je hebt 10 jaar voor een zaak 
gewerkt en ineens sta je op straat. Het is afhankelijk van het lokale 
recht. Dat is op hen van toepassing.",Modern racism& inequality,2,False
Slavery_text\ketenen van het verleden.267.txt,410ef3b9:00001,10.0,"Racisme, sociale kramp en innerlijke 
drijfkrachten in het betaald voetbal. Utrecht: Mulier Instituut. 16p. •	 Heij, P. C. van Eck & K. Baarda (2021). Nationaal Coördinator tegen Discriminatie en Racisme. Een 
verkenning. Den Haag: ABDTOPConsult.",racisme sociale kramp innerlijke drijfkrachten betaald voetbal utrecht mulier instituut 16p heij p c eck k baarda nationaal coördinator discriminatie racisme verkenning den haag abdtopconsult,0.3832767648973307,0.3598593166978675,0.5115054358559088,0.5115054358559088,Modern racism& inequality,0.128228670958578,high,"Racisme, sociale kramp en innerlijke 
drijfkrachten in het betaald voetbal. Utrecht: Mulier Instituut. 16p. •	 Heij, P. C. van Eck & K. Baarda (2021). Nationaal Coördinator tegen Discriminatie en Racisme. Een 
verkenning. Den Haag: ABDTOPConsult.",Modern racism& inequality,2,False
Slavery_text\Allen e.a. - 2023 - Staat en slavernij het Nederlandse koloniale slavernijverleden en zijn doorwerkingen.219.txt,667e3be4:00001,10.0,"De 
mensen die het betrof waren vanaf het moment dat zij voet op Republikeinse 
bodem zetten formeel vrij. Maar dat wil niet zeggen dat zij direct hun ‘meesters’ 
konden verlaten. Ze bleven meestal gewoon in dienst en verkeerden zo lange tijd 
in een afhankelijke positie. In de loop van de achttiende eeuw reisden steeds vaker kooplieden en plantage-
eigenaren uit de Caribische plantagekoloniën, Suriname, Berbice en Demerara, 
naar de Republiek, voor zaken of om zich daar permanent te vestigen. Zij namen 
vaak slaafgemaakte bedienden mee. In de loop van de achttiende eeuw nam 
de komst van slaafgemaakten dan ook flink toe. De Surinaamse gouverneurs­
journalen tonen het komen en gaan van plantage-eigenaren en anderen met 
hun slaafgemaakte bedienden. Tot diep in de achttiende eeuw veranderde er meestal weinig aan de status van 
slaafgemaakten als ze in de Republiek waren of weer waren teruggekeerd. Door 
de onduidelijkheid in stedelijke wetgeving en met betrekking tot handhaving kon 
slavernij in de praktijk dus in de Republiek voortduren. Twee Afro-Surinaamse 
vrouwen, Marijtje Criool en haar dochter Jacoba Leilad, brachten daar in 1771 
verandering in door bij de Staten-Generaal persoonlijk om vrijbrieven te vragen,",mensen betrof vanaf moment voet republikeinse bodem zetten formeel vrij zeggen direct meesters konden verlaten bleven meestal gewoon dienst verkeerden lange tijd afhankelijke positie loop achttiende eeuw reisden steeds vaker kooplieden plantage eigenaren caribische plantagekoloniën suriname berbice demerara republiek zaken permanent vestigen namen vaak slaafgemaakte bedienden mee loop achttiende eeuw nam komst slaafgemaakten flink toe surinaamse gouverneurs journalen tonen komen gaan plantage eigenaren anderen slaafgemaakte bedienden diep achttiende eeuw veranderde meestal status slaafgemaakten republiek weer teruggekeerd onduidelijkheid stedelijke wetgeving betrekking handhaving slavernij praktijk republiek voortduren twee afro surinaamse vrouwen marijtje criool dochter jacoba leilad brachten verandering staten generaal persoonlijk vrijbrieven vragen,0.4622578865189056,0.5277801081571251,0.3950948424717701,0.5277801081571251,Historical slavery,0.0655222216382194,high,"De 
mensen die het betrof waren vanaf het moment dat zij voet op Republikeinse 
bodem zetten formeel vrij. Maar dat wil niet zeggen dat zij direct hun ‘meesters’ 
konden verlaten. Ze bleven meestal gewoon in dienst en verkeerden zo lange tijd 
in een afhankelijke positie. In de loop van de achttiende eeuw reisden steeds vaker kooplieden en plantage-
eigenaren uit de Caribische plantagekoloniën, Suriname, Berbice en Demerara, 
naar de Republiek, voor zaken of om zich daar permanent te vestigen. Zij namen 
vaak slaafgemaakte bedienden mee. In de loop van de achttiende eeuw nam 
de komst van slaafgemaakten dan ook flink toe. De Surinaamse gouverneurs­
journalen tonen het komen en gaan van plantage-eigenaren en anderen met 
hun slaafgemaakte bedienden. Tot diep in de achttiende eeuw veranderde er meestal weinig aan de status van 
slaafgemaakten als ze in de Republiek waren of weer waren teruggekeerd. Door 
de onduidelijkheid in stedelijke wetgeving en met betrekking tot handhaving kon 
slavernij in de praktijk dus in de Republiek voortduren. Twee Afro-Surinaamse 
vrouwen, Marijtje Criool en haar dochter Jacoba Leilad, brachten daar in 1771 
verandering in door bij de Staten-Generaal persoonlijk om vrijbrieven te vragen,",Historical slavery,1,False
Slavery_text\Allen e.a. - 2023 - Staat en slavernij het Nederlandse koloniale slavernijverleden en zijn doorwerkingen.348.txt,aee1a72c:00000,10.0,"— 348 —
— STAAT EN SLAVERNIJ —
­literatuur. Wie meer wil weten over de duidelijke participatie van Zuide­
lijke Nederlanders aan slavenhandel en inzet van slavenarbeid, moet 
negentiende- en begin-twintigste-eeuwse artikelen en werken lezen 
die vooral bronstudies van vijftiende- en zestiende-eeuwse kooplieden, 
plantage-eigenaars en ontdekkingsreizigers betreffen. Het lot van de ver­
melde slaafgemaakten wordt hierin betreurd en het systeem van slavernij 
veroordeeld. Of men moet op zoek naar vermeldingen van slaafgemaakten 
in literatuur uit de jaren zeventig, tachtig en negentig van de vorige eeuw, 
maar zelfs in deze werken vormen slavernij en slaafgemaakten geen afge­
bakend en op zichzelf staand onderzoeksonderwerp. De transcontinentale slavenhandel tussen Europa, Afrika en Amerika 
was vanaf het begin een ‘multinationale’ aangelegenheid. Met de bril van 
de eenentwintigste-eeuwse staatscontext naar die complexe en fluïde 
­handel kijken is daarom geen goed idee. Wat betekent het etiket Zuide­
lijke Nederlanden in die ‘multinationale’ trafiek in mensen? Wat doen we 
met de ‘Vlamingen’ die de Zuidelijke Nederlanden inwisselden voor het 
Iberisch schiereiland en de ‘Nieuwe Wereld’ en daar bleven om deel te 
nemen aan de slavenhandel? Het etiket Vlaams of Flamenco werd boven­
dien in de Iberische wereld op personen geplakt die afkomstig waren uit 
de Zuidelijke én de Noordelijke Nederlanden. Ons laten leiden door de 
latere opdeling tussen de Republiek en de Habsburgse Zuidelijke Neder­
landen vertroebelt meer dan deze verheldert.",staat slavernij literatuur weten duidelijke participatie zuide lijke nederlanders slavenhandel inzet slavenarbeid negentiende begin twintigste eeuwse artikelen werken lezen vooral bronstudies vijftiende zestiende eeuwse kooplieden plantage eigenaars ontdekkingsreizigers betreffen lot ver melde slaafgemaakten hierin betreurd systeem slavernij veroordeeld zoek vermeldingen slaafgemaakten literatuur zeventig tachtig negentig vorige eeuw zelfs werken vormen slavernij slaafgemaakten afge bakend zichzelf staand onderzoeksonderwerp transcontinentale slavenhandel europa afrika amerika vanaf begin multinationale aangelegenheid bril eenentwintigste eeuwse staatscontext complexe fluïde handel kijken daarom goed idee betekent etiket zuide lijke nederlanden multinationale trafiek mensen vlamingen zuidelijke nederlanden inwisselden iberisch schiereiland nieuwe wereld bleven deel nemen slavenhandel etiket vlaams flamenco dien iberische wereld personen geplakt afkomstig zuidelijke én noordelijke nederlanden laten leiden latere opdeling republiek habsburgse zuidelijke neder landen vertroebelt verheldert,0.4006085966987182,0.5116919341617723,0.3704671950280627,0.5116919341617723,Historical slavery,0.1110833374630541,high,"— 348 —
— STAAT EN SLAVERNIJ —
­literatuur. Wie meer wil weten over de duidelijke participatie van Zuide­
lijke Nederlanders aan slavenhandel en inzet van slavenarbeid, moet 
negentiende- en begin-twintigste-eeuwse artikelen en werken lezen 
die vooral bronstudies van vijftiende- en zestiende-eeuwse kooplieden, 
plantage-eigenaars en ontdekkingsreizigers betreffen. Het lot van de ver­
melde slaafgemaakten wordt hierin betreurd en het systeem van slavernij 
veroordeeld. Of men moet op zoek naar vermeldingen van slaafgemaakten 
in literatuur uit de jaren zeventig, tachtig en negentig van de vorige eeuw, 
maar zelfs in deze werken vormen slavernij en slaafgemaakten geen afge­
bakend en op zichzelf staand onderzoeksonderwerp. De transcontinentale slavenhandel tussen Europa, Afrika en Amerika 
was vanaf het begin een ‘multinationale’ aangelegenheid. Met de bril van 
de eenentwintigste-eeuwse staatscontext naar die complexe en fluïde 
­handel kijken is daarom geen goed idee. Wat betekent het etiket Zuide­
lijke Nederlanden in die ‘multinationale’ trafiek in mensen? Wat doen we 
met de ‘Vlamingen’ die de Zuidelijke Nederlanden inwisselden voor het 
Iberisch schiereiland en de ‘Nieuwe Wereld’ en daar bleven om deel te 
nemen aan de slavenhandel? Het etiket Vlaams of Flamenco werd boven­
dien in de Iberische wereld op personen geplakt die afkomstig waren uit 
de Zuidelijke én de Noordelijke Nederlanden. Ons laten leiden door de 
latere opdeling tussen de Republiek en de Habsburgse Zuidelijke Neder­
landen vertroebelt meer dan deze verheldert.",Historical slavery,1,False
Slavery_text\Voortgangsrapportage+-+Ervaringen+en+lessen+om+discriminatie+in+publieke+dienstverlening+te+voorkomen+en+te+bestrijden.13.txt,c1f8bdeb:00000,10.0,"13
1. Groepen mensen met (persoons)kenmerken genoemd door interna-
tionale verdragen, de Grondwet en de gelijke behandelingswetgeving. Voorbeelden zijn: godsdienst, levensovertuiging, politieke gezindheid, 
ras, gender, nationaliteit, seksuele oriëntatie, burgerlijke staat, beperking 
of chronische ziekte, leeftijd.13
2. Groepen mensen met een verhoogd risico op armoede en sociale  
uitsluiting, bijvoorbeeld vanwege hun sociaaleconomische status. De keuze voor deze eerste categorie kenmerken is gebaseerd op het feit 
dat deze kenmerken expliciet beschermd worden in zowel nationaal als 
internationaal non-discriminatierecht (discriminatiegronden). Er is daar-
naast voor de tweede categorie kenmerken gekozen omdat, hoewel deze 
kenmerken van specifieke burgers geen expliciete discriminatiegronden 
zijn in de Nederlandse wetgeving, ze wel worden erkend in verschillende 
mensenrechtenverdragen, Europese instrumenten en nationale wetgeving 
in andere landen. 2.2.1  Uiteenrafeling werkwijze van overheidsdiensten
In haar instellingsbesluit is de staatscommissie gevraagd om bij de door-
lichting aandacht te besteden aan de werkwijze van overheidsinstanties. De commissie heeft er in dit verband voor gekozen om ‘werkwijze’ te 
benaderen als een overkoepelend begrip dat bestaat uit de volgende com-
ponenten: ‘externe kaders’, ‘intern beleid’, ‘discretionaire bevoegdheid’, 
en ‘werkprocessen en klacht- en meldprocedures’. Het begrip werkwijze omvat dus de wettelijke kaders die de taak- en op-
dracht van een overheidsorganisatie omschrijven, de interne richtlijnen en 
handleidingen binnen een overheidsorganisatie, de ruimte voor ambtena-
ren om deze kaders naar eigen inzicht in te vullen, en de wijze waarop deze 
normen en regels worden toegepast in de praktijk. De Discriminatietoets richt zich specifiek op het uiteenrafelen van deze 
werkwijzen binnen overheidsorganisaties.",groepen mensen persoons kenmerken genoemd interna tionale verdragen grondwet gelijke behandelingswetgeving voorbeelden godsdienst levensovertuiging politieke gezindheid ras gender nationaliteit seksuele oriëntatie burgerlijke staat beperking chronische ziekte leeftijd groepen mensen verhoogd risico armoede sociale uitsluiting bijvoorbeeld vanwege sociaaleconomische status keuze eerste categorie kenmerken gebaseerd feit kenmerken expliciet beschermd zowel nationaal internationaal non discriminatierecht discriminatiegronden tweede categorie kenmerken gekozen hoewel kenmerken specifieke burgers expliciete discriminatiegronden nederlandse wetgeving erkend verschillende mensenrechtenverdragen europese instrumenten nationale wetgeving landen uiteenrafeling werkwijze overheidsdiensten instellingsbesluit staatscommissie gevraagd lichting aandacht besteden werkwijze overheidsinstanties commissie verband gekozen werkwijze benaderen overkoepelend begrip bestaat volgende com ponenten externe kaders intern beleid discretionaire bevoegdheid werkprocessen klacht meldprocedures begrip werkwijze omvat wettelijke kaders taak dracht overheidsorganisatie omschrijven interne richtlijnen handleidingen overheidsorganisatie ruimte ambtena ren kaders eigen inzicht vullen wijze waarop normen regels toegepast praktijk discriminatietoets richt specifiek uiteenrafelen werkwijzen overheidsorganisaties,0.4079181728519452,0.3036338980202611,0.5215366949213526,0.5215366949213526,Modern racism& inequality,0.1136185220694073,high,"13
1. Groepen mensen met (persoons)kenmerken genoemd door interna-
tionale verdragen, de Grondwet en de gelijke behandelingswetgeving. Voorbeelden zijn: godsdienst, levensovertuiging, politieke gezindheid, 
ras, gender, nationaliteit, seksuele oriëntatie, burgerlijke staat, beperking 
of chronische ziekte, leeftijd.13
2. Groepen mensen met een verhoogd risico op armoede en sociale  
uitsluiting, bijvoorbeeld vanwege hun sociaaleconomische status. De keuze voor deze eerste categorie kenmerken is gebaseerd op het feit 
dat deze kenmerken expliciet beschermd worden in zowel nationaal als 
internationaal non-discriminatierecht (discriminatiegronden). Er is daar-
naast voor de tweede categorie kenmerken gekozen omdat, hoewel deze 
kenmerken van specifieke burgers geen expliciete discriminatiegronden 
zijn in de Nederlandse wetgeving, ze wel worden erkend in verschillende 
mensenrechtenverdragen, Europese instrumenten en nationale wetgeving 
in andere landen. 2.2.1  Uiteenrafeling werkwijze van overheidsdiensten
In haar instellingsbesluit is de staatscommissie gevraagd om bij de door-
lichting aandacht te besteden aan de werkwijze van overheidsinstanties. De commissie heeft er in dit verband voor gekozen om ‘werkwijze’ te 
benaderen als een overkoepelend begrip dat bestaat uit de volgende com-
ponenten: ‘externe kaders’, ‘intern beleid’, ‘discretionaire bevoegdheid’, 
en ‘werkprocessen en klacht- en meldprocedures’. Het begrip werkwijze omvat dus de wettelijke kaders die de taak- en op-
dracht van een overheidsorganisatie omschrijven, de interne richtlijnen en 
handleidingen binnen een overheidsorganisatie, de ruimte voor ambtena-
ren om deze kaders naar eigen inzicht in te vullen, en de wijze waarop deze 
normen en regels worden toegepast in de praktijk. De Discriminatietoets richt zich specifiek op het uiteenrafelen van deze 
werkwijzen binnen overheidsorganisaties.",Modern racism& inequality,2,False
Slavery_text\Allen e.a. - 2023 - Staat en slavernij het Nederlandse koloniale slavernijverleden en zijn doorwerkingen.463.txt,7227320e:00000,10.0,"— 463 —
Literatuurlijst
◼ ◼◼  A
‘Adres der Synode,’ Tijdschrift uitgegeven van wege 
de Nederlandsche Maatschappij ter bevordering van de 
afschaffing der slavernij 4 (1858-1859). Aa, Cornelis Van der, Geschiedenis van de 
jongstgeëindigden oorlog 1793-1803, derde deel 
(Amsterdam 1803). Adams, J., The Familial State. Ruling Families and 
Merchant Capitalism in Early Modern Europe 
(Ithaca 2005). Allen, Rose Mary, Di ki manera? A Social History of 
Afro-Curaçaoans, 1863-1917 (Amsterdam 2007). Alofs, Luc, Slaven zonder plantage (Oranjestad / 
Aruba 1996). Anderson, David en David Killingray (red.), 
Policing the Empire. Government, Authority and 
Control, 1830-1940 (Manchester 1992). Antunes, Cátia, ‘From binary narratives to 
diversified tales.",literatuurlijst adres synode tijdschrift uitgegeven wege nederlandsche maatschappij ter bevordering afschaffing slavernij aa cornelis geschiedenis jongstgeëindigden oorlog derde deel amsterdam adams j familial state ruling families merchant capitalism early modern europe ithaca allen rose mary di ki manera social history afro curaçaoans amsterdam alofs luc slaven plantage oranjestad aruba anderson david david killingray red policing empire government authority control manchester antunes cátia binary narratives diversified tales,0.5076557362924156,0.4316556716877656,0.4002248261303758,0.5076557362924156,Colonialism,0.0760000646046499,high,"— 463 —
Literatuurlijst
◼ ◼◼  A
‘Adres der Synode,’ Tijdschrift uitgegeven van wege 
de Nederlandsche Maatschappij ter bevordering van de 
afschaffing der slavernij 4 (1858-1859). Aa, Cornelis Van der, Geschiedenis van de 
jongstgeëindigden oorlog 1793-1803, derde deel 
(Amsterdam 1803). Adams, J., The Familial State. Ruling Families and 
Merchant Capitalism in Early Modern Europe 
(Ithaca 2005). Allen, Rose Mary, Di ki manera? A Social History of 
Afro-Curaçaoans, 1863-1917 (Amsterdam 2007). Alofs, Luc, Slaven zonder plantage (Oranjestad / 
Aruba 1996). Anderson, David en David Killingray (red.), 
Policing the Empire. Government, Authority and 
Control, 1830-1940 (Manchester 1992). Antunes, Cátia, ‘From binary narratives to 
diversified tales.",Colonialism,0,False
Slavery_text\Jouwe e.a. - Slavernij en de stad Utrecht.46.txt,baa0e187:00001,3.0,"Dergelĳke belangen en familiebanden tonen 
aan dat voor veel bestuurders de kolonie en slavernĳ allesbehalve een 
ver verschĳnsel waren. Integendeel: vaak maakten deze een belangrĳk 
onderdeel uit van hun leven en inkomsten. Met veel dank aan de stagiairs Maud Groenewoud, Thomas Markhorst en 
Wesley Verboom voor hun grondige onderzoek in de notariële archieven, 
en aan Matthĳs Kuipers voor zĳn adviezen en begeleiding.",dergelĳke belangen familiebanden tonen bestuurders kolonie slavernĳ allesbehalve ver verschĳnsel integendeel vaak maakten belangrĳk onderdeel leven inkomsten dank stagiairs maud groenewoud thomas markhorst wesley verboom grondige onderzoek notariële archieven matthĳs kuipers zĳn adviezen begeleiding,0.5015574492277587,0.3977183615351336,0.4120067214583963,0.5015574492277587,Colonialism,0.0895507277693624,high,"Dergelĳke belangen en familiebanden tonen 
aan dat voor veel bestuurders de kolonie en slavernĳ allesbehalve een 
ver verschĳnsel waren. Integendeel: vaak maakten deze een belangrĳk 
onderdeel uit van hun leven en inkomsten. Met veel dank aan de stagiairs Maud Groenewoud, Thomas Markhorst en 
Wesley Verboom voor hun grondige onderzoek in de notariële archieven, 
en aan Matthĳs Kuipers voor zĳn adviezen en begeleiding.",Colonialism,0,False
Slavery_text\Jouwe e.a. - Slavernij en de stad Utrecht.77.txt,a79af5e2:00000,10.0,"Utrecht en de slavernĳ onder de voc
Remco Raben
Utrecht en de Verenigde Oost-Indische Compagnie. Het verband lĳkt 
wat vergezocht. Anders dan in Amsterdam, Middelburg, Rotterdam, 
Delft, Hoorn en Enkhuizen, was er in Utrecht geen kamer (afdeling) van 
de voc. Utrecht was geen grote handelsstad en het lag verwĳderd van 
open water. De relatie tussen Utrecht en de zeescheepvaart is moeilĳk 
voor te stellen, laat staan tussen de stad en het Aziatische imperium van 
de voc. Toch had Utrecht grote belangen in de handel van de voc. Niet 
alleen investeerden veel Utrechters er hun geld in, maar ook namen veel 
stadsbewoners dienst bĳ de voc. Relatief veel Utrechters bekleedden 
hoge functies in het Aziatische imperium en streken met hun vergaarde 
koloniale rĳkdommen weer in Utrecht neer. Daar gaat dit hoofdstuk over. Utrecht was in de zeventiende eeuw een vrĳ welvarende provinciestad, 
maar profiteerde niet van de komst van Zuid-Nederlandse migranten 
en de expansie van de zeehandel die daarmee gepaard ging, zoals de 
grote steden in Holland en Zeeland deden.",utrecht slavernĳ voc remco raben utrecht verenigde oost indische compagnie verband lĳkt vergezocht anders amsterdam middelburg rotterdam delft hoorn enkhuizen utrecht kamer afdeling voc utrecht grote handelsstad lag verwĳderd open water relatie utrecht zeescheepvaart moeilĳk stellen laat staan stad aziatische imperium voc utrecht grote belangen handel voc alleen investeerden utrechters geld namen stadsbewoners dienst bĳ voc relatief utrechters bekleedden hoge functies aziatische imperium streken vergaarde koloniale rĳkdommen weer utrecht neer gaat hoofdstuk utrecht zeventiende eeuw vrĳ welvarende provinciestad profiteerde komst zuid nederlandse migranten expansie zeehandel daarmee gepaard ging grote steden holland zeeland deden,0.5225104169757071,0.3839615884225261,0.4527152293733105,0.5225104169757071,Colonialism,0.0697951876023965,high,"Utrecht en de slavernĳ onder de voc
Remco Raben
Utrecht en de Verenigde Oost-Indische Compagnie. Het verband lĳkt 
wat vergezocht. Anders dan in Amsterdam, Middelburg, Rotterdam, 
Delft, Hoorn en Enkhuizen, was er in Utrecht geen kamer (afdeling) van 
de voc. Utrecht was geen grote handelsstad en het lag verwĳderd van 
open water. De relatie tussen Utrecht en de zeescheepvaart is moeilĳk 
voor te stellen, laat staan tussen de stad en het Aziatische imperium van 
de voc. Toch had Utrecht grote belangen in de handel van de voc. Niet 
alleen investeerden veel Utrechters er hun geld in, maar ook namen veel 
stadsbewoners dienst bĳ de voc. Relatief veel Utrechters bekleedden 
hoge functies in het Aziatische imperium en streken met hun vergaarde 
koloniale rĳkdommen weer in Utrecht neer. Daar gaat dit hoofdstuk over. Utrecht was in de zeventiende eeuw een vrĳ welvarende provinciestad, 
maar profiteerde niet van de komst van Zuid-Nederlandse migranten 
en de expansie van de zeehandel die daarmee gepaard ging, zoals de 
grote steden in Holland en Zeeland deden.",Colonialism,0,False
Slavery_text\Allen e.a. - 2023 - Staat en slavernij het Nederlandse koloniale slavernijverleden en zijn doorwerkingen.115.txt,01e8aa30:00000,10.0,"— 115 —
— SLAVERNIJ, AFSCHAFFINGEN EN DOORWERKINGEN —
die zij als pacht aan het gouvernement afstonden (zie hoofdstuk 12 van 
Jan Breman). Het koloniale juridische systeem maakte het mogelijk om tot dwang­
arbeid veroordeelde gevangenen in te zetten bij militaire expedities van 
het Koninklijk Nederlands-Indisch Leger (knil), al gebeurde dat aanvan­
kelijk formeel alleen op vrijwillige basis. Vanaf 1873 mochten dwangarbei­
ders die tot meer dan drie maanden dwangarbeid waren veroordeeld ook 
buiten de eigen regio worden ingezet. Deze dwangarbeiders werden deni­
grerend betiteld als ‘kettingberen’ omdat zij soms aan elkaar geketend 
werden. De sterfte onder de dwangarbeiders bij het knil was hoog. Precie­
ze cijfers zijn niet bekend, maar tijdens de Atjehoorlog (1873-1914) zouden 
zo’n 25 000 van hen zijn omgekomen. Verder werden ze ingezet bij de aan­
leg van wegens en havens, in de mijn- en de landbouw. In de twintigste 
eeuw nam de inzet van dwangarbeiders bij het knil af omdat er minder 
militaire expedities werden georganiseerd, niet omdat er een verbod op 
deze vorm van dwangarbeid kwam in Nederlands-Indië.4 Het cultuurstel­
sel en de inzet van dwangarbeiders bij het knil laten zien dat de opheffing 
van slavernij de continuering van dwangarbeid niet belemmerde. Schrijver en tekenaar W.E.H. Winkels 
dreef in 1863 de spot met de afschaffing 
van de slavernij.",slavernij afschaffingen doorwerkingen pacht gouvernement afstonden zie hoofdstuk jan breman koloniale juridische systeem maakte mogelijk dwang arbeid veroordeelde gevangenen zetten militaire expedities koninklijk nederlands indisch leger knil gebeurde aanvan kelijk formeel alleen vrijwillige basis vanaf mochten dwangarbei ders drie maanden dwangarbeid veroordeeld eigen regio ingezet dwangarbeiders werden deni grerend betiteld kettingberen soms elkaar geketend werden sterfte dwangarbeiders knil hoog precie cijfers bekend atjehoorlog zouden n hen omgekomen verder werden ingezet leg wegens havens landbouw twintigste eeuw nam inzet dwangarbeiders knil af militaire expedities werden georganiseerd verbod vorm dwangarbeid kwam nederlands indië cultuurstel sel inzet dwangarbeiders knil laten zien opheffing slavernij continuering dwangarbeid belemmerde schrijver tekenaar w e h winkels dreef spot afschaffing slavernij,0.4461139641177453,0.5336200977631491,0.3862823236197566,0.5336200977631491,Historical slavery,0.0875061336454037,high,"— 115 —
— SLAVERNIJ, AFSCHAFFINGEN EN DOORWERKINGEN —
die zij als pacht aan het gouvernement afstonden (zie hoofdstuk 12 van 
Jan Breman). Het koloniale juridische systeem maakte het mogelijk om tot dwang­
arbeid veroordeelde gevangenen in te zetten bij militaire expedities van 
het Koninklijk Nederlands-Indisch Leger (knil), al gebeurde dat aanvan­
kelijk formeel alleen op vrijwillige basis. Vanaf 1873 mochten dwangarbei­
ders die tot meer dan drie maanden dwangarbeid waren veroordeeld ook 
buiten de eigen regio worden ingezet. Deze dwangarbeiders werden deni­
grerend betiteld als ‘kettingberen’ omdat zij soms aan elkaar geketend 
werden. De sterfte onder de dwangarbeiders bij het knil was hoog. Precie­
ze cijfers zijn niet bekend, maar tijdens de Atjehoorlog (1873-1914) zouden 
zo’n 25 000 van hen zijn omgekomen. Verder werden ze ingezet bij de aan­
leg van wegens en havens, in de mijn- en de landbouw. In de twintigste 
eeuw nam de inzet van dwangarbeiders bij het knil af omdat er minder 
militaire expedities werden georganiseerd, niet omdat er een verbod op 
deze vorm van dwangarbeid kwam in Nederlands-Indië.4 Het cultuurstel­
sel en de inzet van dwangarbeiders bij het knil laten zien dat de opheffing 
van slavernij de continuering van dwangarbeid niet belemmerde. Schrijver en tekenaar W.E.H. Winkels 
dreef in 1863 de spot met de afschaffing 
van de slavernij.",Historical slavery,1,False
Slavery_text\Jouwe e.a. - Slavernij en de stad Utrecht.307.txt,42310fcd:00002,10.0,"11. François Valentĳn, geciteerd in Poeze, In het land van de overheerser, 
deel 1, 5. 12. Esther Captain en Hans Visser, Wandelgids sporen van slavernĳ in 
Utrecht (Utrecht: Utrecht Centre for the Humanities, 2012), 42-45. 13. Kees Zandvliet, De 500 rĳksten van de Republiek (Zutphen: Walburg 
Pers, 2018), 45 en 408. 14. Oostindie en Maduro, In het land van de overheerser, deel 2, 30. 15. Ibidem, 32.",françois valentĳn geciteerd poeze land overheerser deel esther captain hans visser wandelgids sporen slavernĳ utrecht utrecht utrecht centre humanities kees zandvliet rĳksten republiek zutphen walburg pers oostindie maduro land overheerser deel ibidem,0.5291038651195078,0.3720565698248986,0.4479447932943433,0.5291038651195078,Colonialism,0.0811590718251645,high,"11. François Valentĳn, geciteerd in Poeze, In het land van de overheerser, 
deel 1, 5. 12. Esther Captain en Hans Visser, Wandelgids sporen van slavernĳ in 
Utrecht (Utrecht: Utrecht Centre for the Humanities, 2012), 42-45. 13. Kees Zandvliet, De 500 rĳksten van de Republiek (Zutphen: Walburg 
Pers, 2018), 45 en 408. 14. Oostindie en Maduro, In het land van de overheerser, deel 2, 30. 15. Ibidem, 32.",Colonialism,0,False
Slavery_text\Allen e.a. - 2023 - Staat en slavernij het Nederlandse koloniale slavernijverleden en zijn doorwerkingen.452.txt,5b651f3c:00001,10.0,"◼ ◼◼  12. Het koloniaal profijt van onvrije arbeid 
– Jan Breman
1. Jan Breman, Koloniaal profijt van onvrije arbeid. Het Preangerstelsel van gedwongen koffieteelt op 
Java (Amsterdam 2010) 117. 2. Jan Breman, ‘Control of Land and Labour 
in Colonial Java. A Case Study of Agrarian 
Crisis and Reform During the First Decades 
of the Twentieth Century,’ Verhandelingen van 
het Koninklijk Instituut voor Taal-, Land- en 
Volkenkunde 101 (Dordrecht 1983) 5-22. 3. Breman, Koloniaal profijt van onvrije arbeid, 216. 4.",koloniaal profijt onvrije arbeid jan breman jan breman koloniaal profijt onvrije arbeid preangerstelsel gedwongen koffieteelt java amsterdam case study agrarian crisis reform first decades twentieth century verhandelingen koninklijk instituut taal land volkenkunde dordrecht breman koloniaal profijt onvrije arbeid,0.5778389208025373,0.4792642254451927,0.4343980269964722,0.5778389208025373,Colonialism,0.0985746953573445,high,"◼ ◼◼  12. Het koloniaal profijt van onvrije arbeid 
– Jan Breman
1. Jan Breman, Koloniaal profijt van onvrije arbeid. Het Preangerstelsel van gedwongen koffieteelt op 
Java (Amsterdam 2010) 117. 2. Jan Breman, ‘Control of Land and Labour 
in Colonial Java. A Case Study of Agrarian 
Crisis and Reform During the First Decades 
of the Twentieth Century,’ Verhandelingen van 
het Koninklijk Instituut voor Taal-, Land- en 
Volkenkunde 101 (Dordrecht 1983) 5-22. 3. Breman, Koloniaal profijt van onvrije arbeid, 216. 4.",Colonialism,0,False
Slavery_text\Allen e.a. - 2023 - Staat en slavernij het Nederlandse koloniale slavernijverleden en zijn doorwerkingen.451.txt,d2edef39:00002,10.0,"7. Archief Ministerie van Koloniën (na), inv.nr. 31; Joseph Siwpersad, De Nederlandse regering 
en de afschaffing van de Surinaamse slavernij, 1833-
1863 (Groningen 1979) 14. 8. Duplicaten Bestuursarchieven van Suriname 
(na), inv.nr. 42, scan 157; Dorsey, Slave Traffic 
in the Age of Abolition, 200. 9. Alex van Stipriaan, Surinaams contrast. Roofbouw en overleven in een Caribische 
plantagekolonie, 1750-1863 (Leiden 1993) 314; 
Joseph Siwpersad, De Nederlandse regering en de 
afschaffing, 47. 10.",archief ministerie koloniën inv nr joseph siwpersad nederlandse regering afschaffing surinaamse slavernij groningen duplicaten bestuursarchieven suriname inv nr alex stipriaan surinaams contrast roofbouw overleven caribische plantagekolonie leiden joseph siwpersad nederlandse regering afschaffing,0.5635412674752807,0.4815408209208098,0.3739011153566565,0.5635412674752807,Colonialism,0.0820004465544708,high,"7. Archief Ministerie van Koloniën (na), inv.nr. 31; Joseph Siwpersad, De Nederlandse regering 
en de afschaffing van de Surinaamse slavernij, 1833-
1863 (Groningen 1979) 14. 8. Duplicaten Bestuursarchieven van Suriname 
(na), inv.nr. 42, scan 157; Dorsey, Slave Traffic 
in the Age of Abolition, 200. 9. Alex van Stipriaan, Surinaams contrast. Roofbouw en overleven in een Caribische 
plantagekolonie, 1750-1863 (Leiden 1993) 314; 
Joseph Siwpersad, De Nederlandse regering en de 
afschaffing, 47. 10.",Colonialism,0,False
Slavery_text\Allen e.a. - 2023 - Staat en slavernij het Nederlandse koloniale slavernijverleden en zijn doorwerkingen.455.txt,7bed4e5c:00001,10.0,"The Forgotten History of America’s 
Dutch-Owned Slaves (Jackson 2017); Andrea C. Mosterman, Spaces of Enslavement. A History of 
Slavery and Resistance in Dutch New York (Ithaca 
/ Londen 2021); Nicole Maskiell, Bound by 
Bondage. Slavery and the Creation of a Northern 
Gentry (Ithaca / Londen 2022); Dienke 
Hondius, Nancy Jouwe, Dineke Stam, 
Jennifer Tosch, Geschiedenissen van Nederlands 
New York/Dutch New York Histories. Connecting 
African, Native American and Slavery Heritage 
(Volendam 2017). ◼ ◼◼  19. Nederlands-Brazilië tussen 1630 en 
1654 – Erik Odegard 
1. Archief Oude West-Indische Compagnie 
(owic), 1.05.01.01, Nationaal Archief (na) 
inventarisnummer 68, scan 533. 2. In 2019 bijvoorbeeld was op de 
tentoonstelling over kaartenmaker 
Cornelis Golijath in Middelburg een 
oudere film over Johan Maurits en Brazilië 
van het Mauritshuis te zien waar dit werd 
beweerd.",forgotten history america dutch owned slaves jackson andrea c mosterman spaces enslavement connecting african native american slavery heritage volendam nederlands brazilië erik odegard archief oude west indische compagnie owic nationaal archief inventarisnummer scan bijvoorbeeld tentoonstelling kaartenmaker cornelis golijath middelburg oudere film johan maurits brazilië mauritshuis zien waar beweerd,0.5117333405583159,0.3916129720278648,0.3337172465700471,0.5117333405583159,Colonialism,0.120120368530451,high,"The Forgotten History of America’s 
Dutch-Owned Slaves (Jackson 2017); Andrea C. Mosterman, Spaces of Enslavement. A History of 
Slavery and Resistance in Dutch New York (Ithaca 
/ Londen 2021); Nicole Maskiell, Bound by 
Bondage. Slavery and the Creation of a Northern 
Gentry (Ithaca / Londen 2022); Dienke 
Hondius, Nancy Jouwe, Dineke Stam, 
Jennifer Tosch, Geschiedenissen van Nederlands 
New York/Dutch New York Histories. Connecting 
African, Native American and Slavery Heritage 
(Volendam 2017). ◼ ◼◼  19. Nederlands-Brazilië tussen 1630 en 
1654 – Erik Odegard 
1. Archief Oude West-Indische Compagnie 
(owic), 1.05.01.01, Nationaal Archief (na) 
inventarisnummer 68, scan 533. 2. In 2019 bijvoorbeeld was op de 
tentoonstelling over kaartenmaker 
Cornelis Golijath in Middelburg een 
oudere film over Johan Maurits en Brazilië 
van het Mauritshuis te zien waar dit werd 
beweerd.",Colonialism,0,False
Slavery_text\Allen e.a. - 2023 - Staat en slavernij het Nederlandse koloniale slavernijverleden en zijn doorwerkingen.177.txt,fcd63bf4:00000,10.0,"— 177 —
— SLAVERNIJ, AFSCHAFFINGEN EN DOORWERKINGEN —
vaardigd met het koloniale argument dat het een stimulerende werking 
zou hebben op de zogenaamd ‘povere werklust’ van de boeren. Deze 
­koloniale constructie van de ‘luie Javaan’ kwam de koloniale overheid 
ten goede omdat het op deze manier de bevolking via de dwang van het 
cultuurstelsel de zelfdiscipline bijbracht die zij zou ontberen. In deze 
­uitleg werden de onvrije arbeid en het geweld en de dwang die daarmee 
gepaard gingen een voorwaarde voor maatschappelijke vooruitgang. De vereiste omvang van de productie van handelsgewassen werd steeds 
verder verhoogd en daardoor werden meer boerengezinnen voor het 
­cultuurstelsel ingeschakeld. In 1850 was bijna de helft van de bevolking op 
Java aan het cultuurstelsel onderworpen. Het scala aan gewassen dat boeren voor de Nederlandse overheid moes­
ten verbouwen nam ook steeds verder toe. Koffie was al onder de voc het 
voornaamste gewas dat gedwongen geproduceerd werd rond Batavia en in 
de Preanger Regentschappen (West-Java). De teelt vond aanvankelijk dicht 
bij de boerennederzettingen plaats, maar het bevel om steeds meer van dit 
gewas te leveren maakte de ontginning van plantages in de heuvels en ber­
gen ver weg van de woonlocaties noodzakelijk. Deze scheiding tussen 
wonen en werken voerde de arbeidslast enorm op. Ook suiker was een van de belangrijke gewassen, voornamelijk langs de 
noordelijke kustvlakte van Java.",slavernij afschaffingen doorwerkingen vaardigd koloniale argument stimulerende werking zogenaamd povere werklust boeren koloniale constructie luie javaan kwam koloniale overheid ten goede manier bevolking via dwang cultuurstelsel zelfdiscipline bijbracht ontberen uitleg werden onvrije arbeid geweld dwang daarmee gepaard gingen voorwaarde maatschappelijke vooruitgang vereiste omvang productie handelsgewassen steeds verder verhoogd daardoor werden boerengezinnen cultuurstelsel ingeschakeld bijna helft bevolking java cultuurstelsel onderworpen scala gewassen boeren nederlandse overheid moes ten verbouwen nam steeds verder toe koffie voc voornaamste gewas gedwongen geproduceerd rond batavia preanger regentschappen west java teelt vond aanvankelijk dicht boerennederzettingen plaats bevel steeds gewas leveren maakte ontginning plantages heuvels ber gen ver weg woonlocaties noodzakelijk scheiding wonen werken voerde arbeidslast enorm suiker belangrijke gewassen voornamelijk langs noordelijke kustvlakte java,0.3991263052840695,0.5267663143004112,0.3915966092160764,0.5267663143004112,Historical slavery,0.1276400090163417,high,"— 177 —
— SLAVERNIJ, AFSCHAFFINGEN EN DOORWERKINGEN —
vaardigd met het koloniale argument dat het een stimulerende werking 
zou hebben op de zogenaamd ‘povere werklust’ van de boeren. Deze 
­koloniale constructie van de ‘luie Javaan’ kwam de koloniale overheid 
ten goede omdat het op deze manier de bevolking via de dwang van het 
cultuurstelsel de zelfdiscipline bijbracht die zij zou ontberen. In deze 
­uitleg werden de onvrije arbeid en het geweld en de dwang die daarmee 
gepaard gingen een voorwaarde voor maatschappelijke vooruitgang. De vereiste omvang van de productie van handelsgewassen werd steeds 
verder verhoogd en daardoor werden meer boerengezinnen voor het 
­cultuurstelsel ingeschakeld. In 1850 was bijna de helft van de bevolking op 
Java aan het cultuurstelsel onderworpen. Het scala aan gewassen dat boeren voor de Nederlandse overheid moes­
ten verbouwen nam ook steeds verder toe. Koffie was al onder de voc het 
voornaamste gewas dat gedwongen geproduceerd werd rond Batavia en in 
de Preanger Regentschappen (West-Java). De teelt vond aanvankelijk dicht 
bij de boerennederzettingen plaats, maar het bevel om steeds meer van dit 
gewas te leveren maakte de ontginning van plantages in de heuvels en ber­
gen ver weg van de woonlocaties noodzakelijk. Deze scheiding tussen 
wonen en werken voerde de arbeidslast enorm op. Ook suiker was een van de belangrijke gewassen, voornamelijk langs de 
noordelijke kustvlakte van Java.",Historical slavery,1,False
Slavery_text\Jouwe e.a. - Slavernij en de stad Utrecht.18.txt,49db0f76:00001,8.0,"Het gaat ook over de massale 
investeringen in plantages en compagnieën en over de bestuurlĳke 
bemoeienis met het koloniale bedrĳf. Maar de slavernĳ zit ook in de 
materiële cultuur van de stad, in de museumcollecties, de geschiedenis 
van de universiteit en in de betrokkenheid van kerkelĳke instellingen 
bĳ de slavernĳ. Het Utrechtse aandeel in het Nederlandse kolonialisme en het aandeel 
van de slavernĳ in de Utrechtse samenleving waren tot nu toe zo goed 
als onbekend terrein. Dit boek levert dus in veel opzichten pionierswerk. Het is een begin, een aanzet tot kennis over de koloniale grondslagen 
van de Nederlandse samenleving. Het brengt verschillende expertises 
bĳ elkaar – die van de lokale Utrechtse geschiedenis met die van het 
Nederlandse kolonialisme en de slavernĳ. Vanuit Utrecht trekken de 
auteurs lĳnen naar de Nederlandse koloniën in Brazilië, Suriname, 
Berbice, Essequibo, Demerara, de Antillen, de kusten van West-Afrika, 
Zuid-Afrika, India, Sri Lanka en de Indonesische archipel. Het laat 
vooral zien hoezeer een stad als Utrecht, die schĳnbaar zo buiten het 
commerciële rumoer van de Hollandse en Zeeuwse havensteden lag, 
op de golven van het koloniale fortuin van de Republiek meevoer.",gaat massale investeringen plantages compagnieën bestuurlĳke bemoeienis koloniale bedrĳf slavernĳ zit materiële cultuur stad museumcollecties geschiedenis universiteit betrokkenheid kerkelĳke instellingen bĳ slavernĳ utrechtse aandeel nederlandse kolonialisme aandeel slavernĳ utrechtse samenleving toe goed onbekend terrein boek levert opzichten pionierswerk begin aanzet kennis koloniale grondslagen nederlandse samenleving brengt verschillende expertises bĳ elkaar lokale utrechtse geschiedenis nederlandse kolonialisme slavernĳ vanuit utrecht trekken auteurs lĳnen nederlandse koloniën brazilië suriname berbice essequibo demerara antillen kusten west afrika zuid afrika india sri lanka indonesische archipel laat vooral zien hoezeer stad utrecht schĳnbaar commerciële rumoer hollandse zeeuwse havensteden lag golven koloniale fortuin republiek meevoer,0.5364548458613249,0.4778318010993919,0.420562384016336,0.5364548458613249,Colonialism,0.0586230447619329,high,"Het gaat ook over de massale 
investeringen in plantages en compagnieën en over de bestuurlĳke 
bemoeienis met het koloniale bedrĳf. Maar de slavernĳ zit ook in de 
materiële cultuur van de stad, in de museumcollecties, de geschiedenis 
van de universiteit en in de betrokkenheid van kerkelĳke instellingen 
bĳ de slavernĳ. Het Utrechtse aandeel in het Nederlandse kolonialisme en het aandeel 
van de slavernĳ in de Utrechtse samenleving waren tot nu toe zo goed 
als onbekend terrein. Dit boek levert dus in veel opzichten pionierswerk. Het is een begin, een aanzet tot kennis over de koloniale grondslagen 
van de Nederlandse samenleving. Het brengt verschillende expertises 
bĳ elkaar – die van de lokale Utrechtse geschiedenis met die van het 
Nederlandse kolonialisme en de slavernĳ. Vanuit Utrecht trekken de 
auteurs lĳnen naar de Nederlandse koloniën in Brazilië, Suriname, 
Berbice, Essequibo, Demerara, de Antillen, de kusten van West-Afrika, 
Zuid-Afrika, India, Sri Lanka en de Indonesische archipel. Het laat 
vooral zien hoezeer een stad als Utrecht, die schĳnbaar zo buiten het 
commerciële rumoer van de Hollandse en Zeeuwse havensteden lag, 
op de golven van het koloniale fortuin van de Republiek meevoer.",Colonialism,0,False
Slavery_text\Allen e.a. - 2023 - Staat en slavernij het Nederlandse koloniale slavernijverleden en zijn doorwerkingen.175.txt,dec9fec3:00000,10.0,"— 175 —
— SLAVERNIJ, AFSCHAFFINGEN EN DOORWERKINGEN —
van onvrije en vrije arbeid af. Hoe zou het zijn, zo opperde hij, als de 
Zeeuwse boer gedwongen zou worden zijn producten tegen de helft, een 
vierde of een tiende deel van de werkelijke waarde te leveren? Zeker, traag­
heid en tegenzin bevingen de Javaan zodra hij in opdracht van anderen en 
onder streng toezicht moest werken, maar zou dat bij de Zeeuw onder een 
zelfde systeem niet ook gebeuren? Bij vaststelling van de prijs voor arbeid 
op een te laag peil zou voortgaande dwang nodig blijven. Muntinghe 
sprak daarom opnieuw de stelling tegen dat de Javaan voor elk ander 
­stelsel dan onvrije arbeid de deugden miste en waarschuwde met klem 
voor de hoge kosten van dwang en bewaking voor de verplichte tewerk­
stelling. Ook dit keer was zijn pleitnota voor vrije arbeid tevergeefs, want 
onder het nieuwe Nederlandse koloniale bewind zou het dwangstelsel 
alleen maar worden uitgebreid. Hij gaf echter niet op. In zijn nieuwe nota uit 1817 ging hij ook in op 
de sociale organisatie aan de onderkant van de boerensamenleving. Hij 
beschreef daarbij dorpsgemeenschappen als een homogeen geheel met 
eigenschappen als zelfbestuur en zelfvoorziening, beslotenheid en 
­cohesie. Een dorpsraad koos uit zijn midden bij toerbeurten een dorps­
hoofd om de gemeenschap extern te vertegenwoordigen en in eigen kring 
de gezamenlijke belangen naar behoren te regelen.",slavernij afschaffingen doorwerkingen onvrije vrije arbeid af opperde zeeuwse boer gedwongen producten helft vierde tiende deel werkelijke waarde leveren zeker traag heid tegenzin bevingen javaan zodra opdracht anderen streng toezicht moest werken zeeuw zelfde systeem gebeuren vaststelling prijs arbeid laag peil voortgaande dwang nodig blijven muntinghe sprak daarom opnieuw stelling javaan elk ander stelsel onvrije arbeid deugden miste waarschuwde klem hoge kosten dwang bewaking verplichte tewerk stelling keer pleitnota vrije arbeid tevergeefs nieuwe nederlandse koloniale bewind dwangstelsel alleen uitgebreid gaf echter nieuwe nota ging sociale organisatie onderkant boerensamenleving beschreef daarbij dorpsgemeenschappen homogeen geheel eigenschappen zelfbestuur zelfvoorziening beslotenheid cohesie dorpsraad koos midden toerbeurten dorps hoofd gemeenschap extern vertegenwoordigen eigen kring gezamenlijke belangen behoren regelen,0.3938790631462856,0.5216494315687443,0.3796381750785948,0.5216494315687443,Historical slavery,0.1277703684224587,high,"— 175 —
— SLAVERNIJ, AFSCHAFFINGEN EN DOORWERKINGEN —
van onvrije en vrije arbeid af. Hoe zou het zijn, zo opperde hij, als de 
Zeeuwse boer gedwongen zou worden zijn producten tegen de helft, een 
vierde of een tiende deel van de werkelijke waarde te leveren? Zeker, traag­
heid en tegenzin bevingen de Javaan zodra hij in opdracht van anderen en 
onder streng toezicht moest werken, maar zou dat bij de Zeeuw onder een 
zelfde systeem niet ook gebeuren? Bij vaststelling van de prijs voor arbeid 
op een te laag peil zou voortgaande dwang nodig blijven. Muntinghe 
sprak daarom opnieuw de stelling tegen dat de Javaan voor elk ander 
­stelsel dan onvrije arbeid de deugden miste en waarschuwde met klem 
voor de hoge kosten van dwang en bewaking voor de verplichte tewerk­
stelling. Ook dit keer was zijn pleitnota voor vrije arbeid tevergeefs, want 
onder het nieuwe Nederlandse koloniale bewind zou het dwangstelsel 
alleen maar worden uitgebreid. Hij gaf echter niet op. In zijn nieuwe nota uit 1817 ging hij ook in op 
de sociale organisatie aan de onderkant van de boerensamenleving. Hij 
beschreef daarbij dorpsgemeenschappen als een homogeen geheel met 
eigenschappen als zelfbestuur en zelfvoorziening, beslotenheid en 
­cohesie. Een dorpsraad koos uit zijn midden bij toerbeurten een dorps­
hoofd om de gemeenschap extern te vertegenwoordigen en in eigen kring 
de gezamenlijke belangen naar behoren te regelen.",Historical slavery,1,False
Slavery_text\Allen e.a. - 2023 - Staat en slavernij het Nederlandse koloniale slavernijverleden en zijn doorwerkingen.113.txt,c3e0096d:00000,10.0,"— 113 —
— SLAVERNIJ, AFSCHAFFINGEN EN DOORWERKINGEN —
enerzijds en de verplichte registratie van slaafgemaakten vanaf 1826 
anderzijds effectieve maatregelen om deze praktijk te bestrijden.1
In die Surinaamse plantage-economie, waar slaafgemaakten meer dan 
negentig procent van de bevolking uitmaakten, tonen de demografische 
cijfers niet alleen het gevolg van de slavernij voor de levens van mensen 
maar ook het falen van dat systeem na het stoppen van de handel; nooit 
zou het aantal geboortes de sterfte overstijgen. Vooral het leven op de 
­suikerplantages eiste zijn tol. Toen de invoer van nieuwe slaafgemaakten 
stopte, voelden de planters direct de gevolgen. De slavernij op de eilanden werd daarentegen niet gekenmerkt door een 
sterfteoverschot. Een gezonder klimaat en het ontbreken van een groot­
schalige plantage-economie zoals in Suriname zouden redenen daarvoor 
kunnen zijn. Daarom werd lange tijd aangenomen dat slavernij op 
de eilanden minder zwaar was. Recent archeologisch (bot)onderzoek en 
onderzoek naar het gebruik van orale tradities op de Caribische eilanden 
door onder andere archeoloog Felicia Fricke doen dat beeld kantelen. Beide tonen nieuwe perspectieven op de levensomstandigheden van slaaf­
gemaakten, hun dieet, fysieke gesteldheid, eventuele letsels als gevolg van 
straffen en daarmee ook op verzet en religie. De verschillen tussen de 
eilanden worden zichtbaar. Mogelijk biedt dit onderzoek in de toekomst 
meer informatie over de levensomstandigheden in de laatste fase van de 
slavernij, na de afschaffing van de handel.2 
De afschaffing van de (illegale) slavenhandel vormde de aanzet tot her­
vormingen door het koloniale bestuur.",slavernij afschaffingen doorwerkingen enerzijds verplichte registratie slaafgemaakten vanaf anderzijds effectieve maatregelen praktijk bestrijden surinaamse plantage economie waar slaafgemaakten negentig procent bevolking uitmaakten tonen demografische cijfers alleen gevolg slavernij levens mensen falen systeem stoppen handel nooit aantal geboortes sterfte overstijgen vooral leven suikerplantages eiste tol invoer nieuwe slaafgemaakten stopte voelden planters direct gevolgen slavernij eilanden daarentegen gekenmerkt sterfteoverschot gezonder klimaat ontbreken groot schalige plantage economie suriname zouden redenen daarvoor daarom lange tijd aangenomen slavernij eilanden zwaar recent archeologisch bot onderzoek onderzoek gebruik orale tradities caribische eilanden archeoloog felicia fricke beeld kantelen beide tonen nieuwe perspectieven levensomstandigheden slaaf gemaakten dieet fysieke gesteldheid eventuele letsels gevolg straffen daarmee verzet religie verschillen eilanden zichtbaar mogelijk biedt onderzoek toekomst informatie levensomstandigheden laatste fase slavernij afschaffing handel afschaffing illegale slavenhandel vormde aanzet vormingen koloniale bestuur,0.3946791588810739,0.5490425128220884,0.3094467421829051,0.5490425128220884,Historical slavery,0.1543633539410144,high,"— 113 —
— SLAVERNIJ, AFSCHAFFINGEN EN DOORWERKINGEN —
enerzijds en de verplichte registratie van slaafgemaakten vanaf 1826 
anderzijds effectieve maatregelen om deze praktijk te bestrijden.1
In die Surinaamse plantage-economie, waar slaafgemaakten meer dan 
negentig procent van de bevolking uitmaakten, tonen de demografische 
cijfers niet alleen het gevolg van de slavernij voor de levens van mensen 
maar ook het falen van dat systeem na het stoppen van de handel; nooit 
zou het aantal geboortes de sterfte overstijgen. Vooral het leven op de 
­suikerplantages eiste zijn tol. Toen de invoer van nieuwe slaafgemaakten 
stopte, voelden de planters direct de gevolgen. De slavernij op de eilanden werd daarentegen niet gekenmerkt door een 
sterfteoverschot. Een gezonder klimaat en het ontbreken van een groot­
schalige plantage-economie zoals in Suriname zouden redenen daarvoor 
kunnen zijn. Daarom werd lange tijd aangenomen dat slavernij op 
de eilanden minder zwaar was. Recent archeologisch (bot)onderzoek en 
onderzoek naar het gebruik van orale tradities op de Caribische eilanden 
door onder andere archeoloog Felicia Fricke doen dat beeld kantelen. Beide tonen nieuwe perspectieven op de levensomstandigheden van slaaf­
gemaakten, hun dieet, fysieke gesteldheid, eventuele letsels als gevolg van 
straffen en daarmee ook op verzet en religie. De verschillen tussen de 
eilanden worden zichtbaar. Mogelijk biedt dit onderzoek in de toekomst 
meer informatie over de levensomstandigheden in de laatste fase van de 
slavernij, na de afschaffing van de handel.2 
De afschaffing van de (illegale) slavenhandel vormde de aanzet tot her­
vormingen door het koloniale bestuur.",Historical slavery,1,False
Slavery_text\ketenen van het verleden.152.txt,7456f495:00002,10.0,"Curaçao: Fundashon 
Parke Nashonal. 15 Palm, de L. 1995. E lantamentu di 1795: datos oral: 200 aña lantamentu di katibu. Curaçao, Netherlands 
Antilles: s.n. 16 Stichting Nationale Geschiedenis. 17 Langenfeld, Els. 2007 Verhalen uit het verleden. Curaçao, Netherlands Antilles: De Curaçaosche Courant. 18 http://www.indeknipscheer.com/wp-content/uploads/2013/06/Bibliografie-Els-Langenfeld.pdf 
19 https://www.nationaalarchief.nl/beleven/nieuws/curacaose-slavenregister-en-emancipatieregisters-online 
20  
https://www.creativeeuropedesk.nl/sites/default/files/files/UNESCO%20Aruba%20Heritage%20report%20Luc
%20Alofs%20okt08_0.pdf 
bijlage 4c",curaçao fundashon parke nashonal palm l e lantamentu di datos oral lantamentu di katibu curaçao netherlands antilles n stichting nationale geschiedenis langenfeld els verhalen verleden curaçao netherlands antilles curaçaosche courant http www indeknipscheer com wp content uploads bibliografie els langenfeld pdf https www nationaalarchief nl beleven nieuws curacaose slavenregister emancipatieregisters online https www creativeeuropedesk nl sites default files files unesco 20aruba 20heritage 20report 20luc 20alofs 20okt08_0 pdf 4c,0.5734490465434847,0.5009065815165772,0.4570152039681783,0.5734490465434847,Colonialism,0.0725424650269075,high,"Curaçao: Fundashon 
Parke Nashonal. 15 Palm, de L. 1995. E lantamentu di 1795: datos oral: 200 aña lantamentu di katibu. Curaçao, Netherlands 
Antilles: s.n. 16 Stichting Nationale Geschiedenis. 17 Langenfeld, Els. 2007 Verhalen uit het verleden. Curaçao, Netherlands Antilles: De Curaçaosche Courant. 18 http://www.indeknipscheer.com/wp-content/uploads/2013/06/Bibliografie-Els-Langenfeld.pdf 
19 https://www.nationaalarchief.nl/beleven/nieuws/curacaose-slavenregister-en-emancipatieregisters-online 
20  
https://www.creativeeuropedesk.nl/sites/default/files/files/UNESCO%20Aruba%20Heritage%20report%20Luc
%20Alofs%20okt08_0.pdf 
bijlage 4c",Colonialism,0,False
Slavery_text\ketenen van het verleden.150.txt,9f910fcd:00002,6.0,"2 Römer, René Antonio. 1979. Un pueblo na kaminda. Een sociologisch historische studie van de Curaçaose 
samenleving. Zutphen, Netherlands: De Walburg Pers. [PhD thesis, University of Leiden] 
bijlage 4c",römer rené antonio un pueblo kaminda sociologisch historische studie curaçaose samenleving zutphen netherlands walburg pers phd thesis university leiden 4c,0.5051025762593081,0.3629507697638921,0.4322372359268809,0.5051025762593081,Colonialism,0.0728653403324272,high,"2 Römer, René Antonio. 1979. Un pueblo na kaminda. Een sociologisch historische studie van de Curaçaose 
samenleving. Zutphen, Netherlands: De Walburg Pers. [PhD thesis, University of Leiden] 
bijlage 4c",Colonialism,0,False
Slavery_text\ZWART_MANIFEST.16.txt,4a99f67b:00000,10.0,"16
3> 
HUISVESTING, 
WONEN & 
OMGEVING
ZWART MANIFEST
 
INLEIDING
 
Wonen is een basisrecht voor iedereen in Nederland. Althans, dat zou het moeten zijn. Een rechtvaar-
dige samenleving voorziet in voldoende betaalbare woonruimte, opvang voor vluchtelingen (zonder 
documenten) en huisvesting voor mensen die vanwege welke omstandigheden dan ook, geen veilig 
thuis hebben. Een rechtvaardig Koninkrijk accepteert geen racisme en discriminatie op de woning-
markt. Een rechtvaardig Nederland zorgt ervoor dat al zijn ingezetenen een dak boven het hoofd heb-
ben. Een rechtvaardig Nederland erkent dat ook uitgeprocedeerde asielzoekers, ongedocumenteerde 
vluchtelingen en andere migranten recht hebben op onderdak. ALGEMEEN
A.1> Racisme en andere vormen van discriminatie op de woningmarkt door verhuurders, 
makelaarskantoren, woningbouworganisaties, financiële instellingen en alle andere partijen, 
moeten door de overheid bestraft worden. A.2> Huurders die de Nederlandse taal niet machtig zijn en/of een (tijdelijke) verblijfsvergunning 
hebben moeten beschermd worden tegen racisme en uitsluiting door overheidsinstellingen, 
door bijvoorbeeld het recht op een tolk toe te kennen voor gesprekken met alle 
overheidsorganisaties. BEHEER
B.1> Leegstaande (gemeentelijke) panden moeten ingezet kunnen worden voor de ontwikkeling 
en emancipatie onder Zwarte jongeren. B.2> Leegstaande (gemeentelijke) panden moeten ingezet kunnen worden voor de opvang van 
ongedocumenteerde vluchtelingen en migranten en (uitgeprocedeerde) asielzoekers zoals We 
Are Here.",huisvesting wonen omgeving zwart manifest wonen basisrecht iedereen nederland althans moeten rechtvaar dige samenleving voorziet voldoende betaalbare woonruimte opvang vluchtelingen documenten huisvesting mensen vanwege omstandigheden veilig thuis rechtvaardig koninkrijk accepteert racisme discriminatie woning markt rechtvaardig nederland zorgt ervoor ingezetenen dak hoofd rechtvaardig nederland erkent uitgeprocedeerde asielzoekers ongedocumenteerde vluchtelingen migranten recht onderdak algemeen racisme vormen discriminatie woningmarkt verhuurders makelaarskantoren woningbouworganisaties financiële instellingen partijen moeten overheid bestraft huurders nederlandse taal machtig tijdelijke verblijfsvergunning moeten beschermd racisme uitsluiting overheidsinstellingen bijvoorbeeld recht tolk toe kennen gesprekken overheidsorganisaties beheer b leegstaande gemeentelijke panden moeten ingezet ontwikkeling emancipatie zwarte jongeren b leegstaande gemeentelijke panden moeten ingezet opvang ongedocumenteerde vluchtelingen migranten uitgeprocedeerde asielzoekers,0.412089081068868,0.4090532619458223,0.504278742319271,0.504278742319271,Modern racism& inequality,0.0921896612504029,high,"16
3> 
HUISVESTING, 
WONEN & 
OMGEVING
ZWART MANIFEST
 
INLEIDING
 
Wonen is een basisrecht voor iedereen in Nederland. Althans, dat zou het moeten zijn. Een rechtvaar-
dige samenleving voorziet in voldoende betaalbare woonruimte, opvang voor vluchtelingen (zonder 
documenten) en huisvesting voor mensen die vanwege welke omstandigheden dan ook, geen veilig 
thuis hebben. Een rechtvaardig Koninkrijk accepteert geen racisme en discriminatie op de woning-
markt. Een rechtvaardig Nederland zorgt ervoor dat al zijn ingezetenen een dak boven het hoofd heb-
ben. Een rechtvaardig Nederland erkent dat ook uitgeprocedeerde asielzoekers, ongedocumenteerde 
vluchtelingen en andere migranten recht hebben op onderdak. ALGEMEEN
A.1> Racisme en andere vormen van discriminatie op de woningmarkt door verhuurders, 
makelaarskantoren, woningbouworganisaties, financiële instellingen en alle andere partijen, 
moeten door de overheid bestraft worden. A.2> Huurders die de Nederlandse taal niet machtig zijn en/of een (tijdelijke) verblijfsvergunning 
hebben moeten beschermd worden tegen racisme en uitsluiting door overheidsinstellingen, 
door bijvoorbeeld het recht op een tolk toe te kennen voor gesprekken met alle 
overheidsorganisaties. BEHEER
B.1> Leegstaande (gemeentelijke) panden moeten ingezet kunnen worden voor de ontwikkeling 
en emancipatie onder Zwarte jongeren. B.2> Leegstaande (gemeentelijke) panden moeten ingezet kunnen worden voor de opvang van 
ongedocumenteerde vluchtelingen en migranten en (uitgeprocedeerde) asielzoekers zoals We 
Are Here.",Modern racism& inequality,2,False
Slavery_text\Racisme bij het Ministerie van Buitenlandse Zaken. Een verkennend onderzoek.13.txt,5627df8a:00000,10.0,"RACISME BIJ HET MINISTERIE VAN BUITENLANDSE ZAKEN 
Een verkennend onderzoek 
 
13 
 
Een wijdverbreid probleem 
De laatste jaren zijn veel studies verricht naar racisme. Daaruit komt een beeld naar voren 
dat racisme een wijdverbreid en hardnekkig probleem is binnen de Nederlandse 
samenleving. Zo wordt er bijvoorbeeld gediscrimineerd op de werkvloer (De Jong, e.a., 
2021; Waldering e.a., 2015) en op de arbeidsmarkt (vgl. Andriessen, e.a., 2015; 2020; Berg, 
e.a., 2017; Blommaert, e.a., 2014; Huijnk, 2016; SER, 2019; Thijssen, e.a. 2019; Van Bon & 
Fiere, 2020). Stagiaires ervaren discriminatie in hun zoektocht naar een stageplek 
(Andriessen, e.a. 2014; Klooster, e.a., 2016). Discriminatie is ook aangetoond in de zorg 
(Nhass & Poerwoatmodjo, 2021; Kolste & Venderbos, 2022), op de woningmarkt (Böcker, 
e.a., 2019; Felten, e.a., 2021; Hoogenbosch & Dibbits, 2019) en in uitgaansgelegenheden 
(Andriessen, e.a., 2020). In verschillende studies is verder aangetoond dat er bij de politie 
etnisch wordt geprofileerd (vgl. Andriessen, 2014; 2020, e.a., Çankaya, 2012; Fra, 2009).",racisme ministerie buitenlandse zaken verkennend onderzoek wijdverbreid probleem laatste studies verricht racisme daaruit komt beeld voren racisme wijdverbreid hardnekkig probleem nederlandse samenleving bijvoorbeeld gediscrimineerd werkvloer jong e waldering e arbeidsmarkt vgl andriessen e berg e blommaert e huijnk ser thijssen e bon fiere stagiaires ervaren discriminatie zoektocht stageplek andriessen e klooster e discriminatie aangetoond zorg nhass poerwoatmodjo kolste venderbos woningmarkt böcker e felten e hoogenbosch dibbits uitgaansgelegenheden andriessen e verschillende studies verder aangetoond politie etnisch geprofileerd vgl andriessen e çankaya fra,0.3829298784455848,0.3887364820301439,0.5179557769225361,0.5179557769225361,Modern racism& inequality,0.1292192948923922,high,"RACISME BIJ HET MINISTERIE VAN BUITENLANDSE ZAKEN 
Een verkennend onderzoek 
 
13 
 
Een wijdverbreid probleem 
De laatste jaren zijn veel studies verricht naar racisme. Daaruit komt een beeld naar voren 
dat racisme een wijdverbreid en hardnekkig probleem is binnen de Nederlandse 
samenleving. Zo wordt er bijvoorbeeld gediscrimineerd op de werkvloer (De Jong, e.a., 
2021; Waldering e.a., 2015) en op de arbeidsmarkt (vgl. Andriessen, e.a., 2015; 2020; Berg, 
e.a., 2017; Blommaert, e.a., 2014; Huijnk, 2016; SER, 2019; Thijssen, e.a. 2019; Van Bon & 
Fiere, 2020). Stagiaires ervaren discriminatie in hun zoektocht naar een stageplek 
(Andriessen, e.a. 2014; Klooster, e.a., 2016). Discriminatie is ook aangetoond in de zorg 
(Nhass & Poerwoatmodjo, 2021; Kolste & Venderbos, 2022), op de woningmarkt (Böcker, 
e.a., 2019; Felten, e.a., 2021; Hoogenbosch & Dibbits, 2019) en in uitgaansgelegenheden 
(Andriessen, e.a., 2020). In verschillende studies is verder aangetoond dat er bij de politie 
etnisch wordt geprofileerd (vgl. Andriessen, 2014; 2020, e.a., Çankaya, 2012; Fra, 2009).",Modern racism& inequality,2,False
Slavery_text\Allen e.a. - 2023 - Staat en slavernij het Nederlandse koloniale slavernijverleden en zijn doorwerkingen.468.txt,eb9618c9:00004,10.0,"A Dutch Reformed Church 
Minister and His Congregation Debate African 
American Membership in the Church,’ Early 
American Studies 14, nr. 3 (2016) 610–16. Mosterman, Andrea C., Spaces of Enslavement. A 
History of Slavery and Resistance in Dutch New York 
(Ithaca / Londen 2021). Mout, M.E.H.N. (red.), Plakkaat van Verlatinge 
(Groningen 2006). ◼ ◼◼  N
Nandoe, Vinod, ‘Coronie wil zijn zoet water 
terug,’ Nickerie Suriname, 25 mei 2016: www. nickeriesuriname.com/nieuws/coronie-wil-
zijn-zoet-water-terug. Netscher, Frans, In en om de Tweede Kamer. Parlementaire portretten en schetsen (Amsterdam 
1889).",mosterman andrea c spaces enslavement mout e h n red plakkaat verlatinge groningen n nandoe vinod coronie zoet water terug nickerie suriname mei www nickeriesuriname com nieuws coronie zoet water terug netscher frans tweede kamer parlementaire portretten schetsen amsterdam,0.5155300931611929,0.4289560655682689,0.3971775248472139,0.5155300931611929,Colonialism,0.0865740275929239,high,"A Dutch Reformed Church 
Minister and His Congregation Debate African 
American Membership in the Church,’ Early 
American Studies 14, nr. 3 (2016) 610–16. Mosterman, Andrea C., Spaces of Enslavement. A 
History of Slavery and Resistance in Dutch New York 
(Ithaca / Londen 2021). Mout, M.E.H.N. (red.), Plakkaat van Verlatinge 
(Groningen 2006). ◼ ◼◼  N
Nandoe, Vinod, ‘Coronie wil zijn zoet water 
terug,’ Nickerie Suriname, 25 mei 2016: www. nickeriesuriname.com/nieuws/coronie-wil-
zijn-zoet-water-terug. Netscher, Frans, In en om de Tweede Kamer. Parlementaire portretten en schetsen (Amsterdam 
1889).",Colonialism,0,False
Slavery_text\Allen e.a. - 2023 - Staat en slavernij het Nederlandse koloniale slavernijverleden en zijn doorwerkingen.456.txt,74caee00:00004,10.0,"Matthias van Rossum, Alexander van Geelen 
en Merve Tosun, Enslaveability, ‘Slavery and 
Global Micro Histories. Reflections through 
the Case of Cali,’ Slavery & Abolition 
(2019) 43:3, 482-498; Anjana Singh, Fort Cochin 
in Kerala, 1750-1830 (Leiden 2010). 9. Titas Chakraborty, ‘The Household Workers 
of the East India Company Ports of Pre-
Colonial Bengal,’ International Review of Social 
History (2019) 1-23; Van Rossum et al., 
Enslaveability, ‘Slavery and Global Micro 
Histories’. ◼ ◼◼  22. Slavernij in koloniaal Indonesië – Alicia 
Schrikker
1. anri (Arsip Nasional Republik Indonesia), 
Buitenzorg 49-5 ‘Slaventransporten 
behorende tot den inventaris van Huize 
Buitenzorg, 1808’. 2. Tony Reid, ‘Introduction. Slavery and 
Bondage in Southeast Asia,’ in: Reid, e.a., 
Slavery, Bondage, and Dependency in Southeast Asia 
(New York 1983) 1- 35.",matthias rossum alexander geelen merve tosun enslaveability slavery global micro histories slavernij koloniaal indonesië alicia schrikker anri arsip nasional republik indonesia buitenzorg slaventransporten behorende den inventaris huize buitenzorg tony reid introduction,0.5433889983188162,0.4335029433622612,0.4043810591449695,0.5433889983188162,Colonialism,0.1098860549565549,high,"Matthias van Rossum, Alexander van Geelen 
en Merve Tosun, Enslaveability, ‘Slavery and 
Global Micro Histories. Reflections through 
the Case of Cali,’ Slavery & Abolition 
(2019) 43:3, 482-498; Anjana Singh, Fort Cochin 
in Kerala, 1750-1830 (Leiden 2010). 9. Titas Chakraborty, ‘The Household Workers 
of the East India Company Ports of Pre-
Colonial Bengal,’ International Review of Social 
History (2019) 1-23; Van Rossum et al., 
Enslaveability, ‘Slavery and Global Micro 
Histories’. ◼ ◼◼  22. Slavernij in koloniaal Indonesië – Alicia 
Schrikker
1. anri (Arsip Nasional Republik Indonesia), 
Buitenzorg 49-5 ‘Slaventransporten 
behorende tot den inventaris van Huize 
Buitenzorg, 1808’. 2. Tony Reid, ‘Introduction. Slavery and 
Bondage in Southeast Asia,’ in: Reid, e.a., 
Slavery, Bondage, and Dependency in Southeast Asia 
(New York 1983) 1- 35.",Colonialism,0,False
Slavery_text\Allen e.a. - 2023 - Staat en slavernij het Nederlandse koloniale slavernijverleden en zijn doorwerkingen.167.txt,8dafe96e:00000,10.0,"— 167 —
— SLAVERNIJ, AFSCHAFFINGEN EN DOORWERKINGEN —
in een productiebedrijf in de Nederlandse Republiek.10 Rond de plantages 
ontstond een voor die tijd uniek geïntegreerd systeem van overzeese 
­productieve investeringen, grootschalige inzet van Afrikaanse slaafge­
maakten, een complex van zakelijke en financiële dienstverlening en 
­handels-, verwerkings- en consumptienetwerken tot diep in het Europese 
achterland. Deze grootschalige samenhang tussen (gedwongen) arbeids- 
en kapitaalvoorziening, productieve landbouw, handel en consumptie 
maakt de plantagesector voor velen een belangrijke voorloper van de 
hedendaagse kapitalistische wereldeconomie.11
 
Ook in voc-gebied in Azië waren plantages waarop slaafgemaakten 
gedwongen arbeid verrichtten voor de productie van exportgoederen. Het voc-monopolie op de intercontinentale handel wierp echter een 
grote drempel op voor directe private investeringen vanuit Europa in de 
Aziatische slavernij. Dat neemt niet weg dat handelaren en financiers in 
de Nederlandse Republiek verdienden aan de slavernij in Azië via hun 
investeringen in de voc, het doorverkopen van door slaafgemaakten 
geproduceerde goederen zoals foelie en nootmuskaat of door in Azië zelf 
vermogen op te bouwen. Naar de bijdrage van deze verschillende vormen 
van profiteren van Aziatische slavernij aan de kapitaalvorming in de 
Nederlandse Republiek moet nog systematisch onderzoek gedaan 
­worden. Drie hoofdbronnen kunnen worden aangewezen voor de miljoenen­
investeringen in het plantagestelsel in de Nederlandse Atlantische 
­koloniën. Ten eerste waren er kolonisten die zelf of met behulp van de 
eigen familienetwerken voldoende kapitaal bijeenbrachten om een plan­
tage te stichten en die vervolginvesteringen financierden uit de opbreng­
sten van de plantage. Voor grotere plantages kwam daar een tweede optie 
bij: geld lenen van kapitaalkrachtige kooplieden in de Nederlandse Repu­
bliek of elders. Een derde optie bood een nieuwe investeringsvorm die 
ontstond in de achttiende eeuw: de negotiatielening. Dat was een vorm 
van hypotheekverstrekking waarbij de plantage en slaafgemaakten als 
onderpand dienden.",slavernij afschaffingen doorwerkingen productiebedrijf nederlandse republiek rond plantages ontstond tijd uniek geïntegreerd systeem overzeese productieve investeringen grootschalige inzet afrikaanse slaafge maakten complex zakelijke financiële dienstverlening handels verwerkings consumptienetwerken diep europese achterland grootschalige samenhang gedwongen arbeids kapitaalvoorziening productieve landbouw handel consumptie maakt plantagesector velen belangrijke voorloper hedendaagse kapitalistische wereldeconomie voc gebied azië plantages waarop slaafgemaakten gedwongen arbeid verrichtten productie exportgoederen voc monopolie intercontinentale handel wierp echter grote drempel directe private investeringen vanuit europa aziatische slavernij neemt weg handelaren financiers nederlandse republiek verdienden slavernij azië via investeringen voc doorverkopen slaafgemaakten geproduceerde goederen foelie nootmuskaat azië vermogen bouwen bijdrage verschillende vormen profiteren aziatische slavernij kapitaalvorming nederlandse republiek systematisch onderzoek gedaan drie hoofdbronnen aangewezen miljoenen investeringen plantagestelsel nederlandse atlantische koloniën ten eerste kolonisten behulp eigen familienetwerken voldoende kapitaal bijeenbrachten plan tage stichten vervolginvesteringen financierden opbreng sten plantage grotere plantages kwam tweede optie geld lenen kapitaalkrachtige kooplieden nederlandse repu bliek elders derde optie bood nieuwe investeringsvorm ontstond achttiende eeuw negotiatielening vorm hypotheekverstrekking waarbij plantage slaafgemaakten onderpand dienden,0.4269619016037799,0.5603900304878578,0.3753230826086318,0.5603900304878578,Historical slavery,0.1334281288840779,high,"— 167 —
— SLAVERNIJ, AFSCHAFFINGEN EN DOORWERKINGEN —
in een productiebedrijf in de Nederlandse Republiek.10 Rond de plantages 
ontstond een voor die tijd uniek geïntegreerd systeem van overzeese 
­productieve investeringen, grootschalige inzet van Afrikaanse slaafge­
maakten, een complex van zakelijke en financiële dienstverlening en 
­handels-, verwerkings- en consumptienetwerken tot diep in het Europese 
achterland. Deze grootschalige samenhang tussen (gedwongen) arbeids- 
en kapitaalvoorziening, productieve landbouw, handel en consumptie 
maakt de plantagesector voor velen een belangrijke voorloper van de 
hedendaagse kapitalistische wereldeconomie.11
 
Ook in voc-gebied in Azië waren plantages waarop slaafgemaakten 
gedwongen arbeid verrichtten voor de productie van exportgoederen. Het voc-monopolie op de intercontinentale handel wierp echter een 
grote drempel op voor directe private investeringen vanuit Europa in de 
Aziatische slavernij. Dat neemt niet weg dat handelaren en financiers in 
de Nederlandse Republiek verdienden aan de slavernij in Azië via hun 
investeringen in de voc, het doorverkopen van door slaafgemaakten 
geproduceerde goederen zoals foelie en nootmuskaat of door in Azië zelf 
vermogen op te bouwen. Naar de bijdrage van deze verschillende vormen 
van profiteren van Aziatische slavernij aan de kapitaalvorming in de 
Nederlandse Republiek moet nog systematisch onderzoek gedaan 
­worden. Drie hoofdbronnen kunnen worden aangewezen voor de miljoenen­
investeringen in het plantagestelsel in de Nederlandse Atlantische 
­koloniën. Ten eerste waren er kolonisten die zelf of met behulp van de 
eigen familienetwerken voldoende kapitaal bijeenbrachten om een plan­
tage te stichten en die vervolginvesteringen financierden uit de opbreng­
sten van de plantage. Voor grotere plantages kwam daar een tweede optie 
bij: geld lenen van kapitaalkrachtige kooplieden in de Nederlandse Repu­
bliek of elders. Een derde optie bood een nieuwe investeringsvorm die 
ontstond in de achttiende eeuw: de negotiatielening. Dat was een vorm 
van hypotheekverstrekking waarbij de plantage en slaafgemaakten als 
onderpand dienden.",Historical slavery,1,False
Slavery_text\Allen e.a. - 2023 - Staat en slavernij het Nederlandse koloniale slavernijverleden en zijn doorwerkingen.257.txt,11af219e:00000,10.0,"— 257 —
— NEDERLANDSE KOLONIALE SLAVERNIJ WERELDWIJD —
het huis, zwoegde het merendeel van de volwassen slaafgemaakten zes 
lange dagen per week onder de brandende zon in het veld. Het harde 
werk, zware straffen, en regelmatige honger eisten hun tol. Continu was 
een zesde van de volwassenen niet in staat te werken vanwege ziekte, ver­
wonding of blijvende invaliditeit. In Essequibo en Demerara werd veelal 
suiker verbouwd, in Berbice merendeels koffie. In Berbice begon men pas 
in het laatste kwart van de achttiende eeuw dicht bij de kust plantages aan 
te leggen. In Essequibo en Demerara was dat al voor het midden van de 
achttiende eeuw gebeurd. Om het getij onder controle te houden, zodat 
de velden niet onder zouden stromen, moesten slaafgemaakten kanalen 
en geulen graven en dijken bouwen, wat zwaar en afmattend werk was. Vrouwen zorgden ook, zo goed en zo kwaad als mogelijk naast hun veld­
werk, voor hun kinderen, conform West-Afrikaanse gendernormen die 
ook in de ‘Nieuwe Wereld’ gangbaar bleven. Zwangere vrouwen konden 
op weinig begrip van de planters rekenen. Sterfte onder kinderen was 
hoog, en ouders hadden weinig autonomie om hun kinderen op te voeden 
zoals ze dat wilden.",nederlandse koloniale slavernij wereldwijd huis zwoegde merendeel volwassen slaafgemaakten zes lange dagen per week brandende zon veld harde werk zware straffen regelmatige honger eisten tol continu zesde volwassenen staat werken vanwege ziekte ver wonding blijvende invaliditeit essequibo demerara veelal suiker verbouwd berbice merendeels koffie berbice begon pas laatste kwart achttiende eeuw dicht kust plantages leggen essequibo demerara midden achttiende eeuw gebeurd getij controle houden zodat velden zouden stromen moesten slaafgemaakten kanalen geulen graven dijken bouwen zwaar afmattend werk vrouwen zorgden goed kwaad mogelijk veld werk kinderen conform west afrikaanse gendernormen nieuwe wereld gangbaar bleven zwangere vrouwen konden begrip planters rekenen sterfte kinderen hoog ouders hadden autonomie kinderen voeden wilden,0.4248159116135162,0.5350084523425013,0.3947653826668213,0.5350084523425013,Historical slavery,0.1101925407289851,high,"— 257 —
— NEDERLANDSE KOLONIALE SLAVERNIJ WERELDWIJD —
het huis, zwoegde het merendeel van de volwassen slaafgemaakten zes 
lange dagen per week onder de brandende zon in het veld. Het harde 
werk, zware straffen, en regelmatige honger eisten hun tol. Continu was 
een zesde van de volwassenen niet in staat te werken vanwege ziekte, ver­
wonding of blijvende invaliditeit. In Essequibo en Demerara werd veelal 
suiker verbouwd, in Berbice merendeels koffie. In Berbice begon men pas 
in het laatste kwart van de achttiende eeuw dicht bij de kust plantages aan 
te leggen. In Essequibo en Demerara was dat al voor het midden van de 
achttiende eeuw gebeurd. Om het getij onder controle te houden, zodat 
de velden niet onder zouden stromen, moesten slaafgemaakten kanalen 
en geulen graven en dijken bouwen, wat zwaar en afmattend werk was. Vrouwen zorgden ook, zo goed en zo kwaad als mogelijk naast hun veld­
werk, voor hun kinderen, conform West-Afrikaanse gendernormen die 
ook in de ‘Nieuwe Wereld’ gangbaar bleven. Zwangere vrouwen konden 
op weinig begrip van de planters rekenen. Sterfte onder kinderen was 
hoog, en ouders hadden weinig autonomie om hun kinderen op te voeden 
zoals ze dat wilden.",Historical slavery,1,False
Slavery_text\Allen e.a. - 2023 - Staat en slavernij het Nederlandse koloniale slavernijverleden en zijn doorwerkingen.205.txt,71435725:00000,10.0,"— 205 —
— SLAVERNIJ, AFSCHAFFINGEN EN DOORWERKINGEN —
kunst en kunstnijverheid. Daarmee ontstaat een completer beeld van 
de wording van het hedendaagse Nederland en over de rol die de verbeel­
ding in kunst en categorisering van kunst heeft gespeeld in het vormen 
van noties over de Nederlandse samenleving en de mensen die daar 
­thuishoren. Ik ga eerst in op de relatie tussen slavernij, ras en het koloniale systeem. Ras heeft als sociaal construct de koloniale economische structuur gelegi­
timeerd en tegelijkertijd een lang onderbelichte erfenis achtergelaten in 
ons denken over de samenleving. In de paragraaf ‘Koloniale elites als 
opdrachtgever’ kijk ik naar de groep die profijt trok van het systeem, te 
weten de gegoede klasse die betaalde voor de vervaardiging van kunst en 
gebruiksvoorwerpen. Acht objecten illustreren daarbij de relatie tussen 
koloniaal denken en de ontwikkeling van visuele cultuur. In ‘Thuishoren 
in Nederland’ richt ik aan de hand van nog eens vier objecten de blik op 
een andere groep: de zwarte mens in Nederland. ◼ ◼◼  Slavernij, ras en de verbeelding 
	
van een nieuwe wereldorde
Slavernij is van alle tijden, evenals discriminatie op persoonlijk, indivi­
dueel niveau. In de koloniale periode werden deze fenomenen aan elkaar 
gekoppeld en geïnstitutionaliseerd. ‘Ras’ werd als sociaal construct 
gebruikt om een nieuwe wereldverhouding mogelijk te maken.",slavernij afschaffingen doorwerkingen kunst kunstnijverheid daarmee ontstaat completer beeld wording hedendaagse nederland rol verbeel ding kunst categorisering kunst gespeeld vormen noties nederlandse samenleving mensen thuishoren ga eerst relatie slavernij ras koloniale systeem ras sociaal construct koloniale economische structuur gelegi timeerd tegelijkertijd lang onderbelichte erfenis achtergelaten denken samenleving paragraaf koloniale elites opdrachtgever kijk groep profijt trok systeem weten gegoede klasse betaalde vervaardiging kunst gebruiksvoorwerpen acht objecten illustreren daarbij relatie koloniaal denken ontwikkeling visuele cultuur thuishoren nederland richt hand vier objecten blik groep zwarte mens nederland slavernij ras verbeelding nieuwe wereldorde slavernij tijden evenals discriminatie persoonlijk indivi dueel niveau koloniale periode werden fenomenen elkaar gekoppeld geïnstitutionaliseerd ras sociaal construct gebruikt nieuwe wereldverhouding mogelijk maken,0.4204159970025846,0.507352782268365,0.457253518226714,0.507352782268365,Historical slavery,0.0500992640416509,high,"— 205 —
— SLAVERNIJ, AFSCHAFFINGEN EN DOORWERKINGEN —
kunst en kunstnijverheid. Daarmee ontstaat een completer beeld van 
de wording van het hedendaagse Nederland en over de rol die de verbeel­
ding in kunst en categorisering van kunst heeft gespeeld in het vormen 
van noties over de Nederlandse samenleving en de mensen die daar 
­thuishoren. Ik ga eerst in op de relatie tussen slavernij, ras en het koloniale systeem. Ras heeft als sociaal construct de koloniale economische structuur gelegi­
timeerd en tegelijkertijd een lang onderbelichte erfenis achtergelaten in 
ons denken over de samenleving. In de paragraaf ‘Koloniale elites als 
opdrachtgever’ kijk ik naar de groep die profijt trok van het systeem, te 
weten de gegoede klasse die betaalde voor de vervaardiging van kunst en 
gebruiksvoorwerpen. Acht objecten illustreren daarbij de relatie tussen 
koloniaal denken en de ontwikkeling van visuele cultuur. In ‘Thuishoren 
in Nederland’ richt ik aan de hand van nog eens vier objecten de blik op 
een andere groep: de zwarte mens in Nederland. ◼ ◼◼  Slavernij, ras en de verbeelding 
	
van een nieuwe wereldorde
Slavernij is van alle tijden, evenals discriminatie op persoonlijk, indivi­
dueel niveau. In de koloniale periode werden deze fenomenen aan elkaar 
gekoppeld en geïnstitutionaliseerd. ‘Ras’ werd als sociaal construct 
gebruikt om een nieuwe wereldverhouding mogelijk te maken.",Historical slavery,1,False
Slavery_text\ketenen van het verleden.186.txt,a563ea53:00000,10.0,"6 
 
Referentielijst 
Beckles, H., (2013). Britain’s Black Debt; Reparations for Caribbean Slavery and 
Native Genocide. University of the West Indies Press: Jamaica 
Brooks, R., (1999). When sorry isn’t enough; The controversy over apologies and 
reparations 
for human injustice. New York & London: New York University Press 
Cijntje, G., van Bergen, M., Quirindongo, F., (2000). Demokrasia of Minokrasia? 50 
ana derechi voto general i funshonamentu di e sistema demokrátiko na Kòrsou, Curacao: 
ICUC 
Cijntje, G., van Bergen, M., (2008). Ubi ben, ibi patria: Mi patria ta kaminda mi ta 
sintimi na kas. Curacao: Sentro di Doktor 
Gibney, M., Howard-Hassmann, R., Coicaud, J., & Niklaus Steiner, N., (2007). The age 
of apology: Facing Up to the past.",referentielijst beckles h britain black debt reparations caribbean slavery native genocide university west indies press jamaica brooks r new york london new york university press cijntje g bergen quirindongo f demokrasia minokrasia ana derechi voto general funshonamentu di e sistema demokrátiko kòrsou curacao icuc cijntje g bergen ubi ibi patria mi patria ta kaminda mi ta sintimi kas curacao sentro di doktor gibney howard hassmann r coicaud j niklaus steiner n,0.5199973892587478,0.4258355434736195,0.3993328767516528,0.5199973892587478,Colonialism,0.0941618457851283,high,"6 
 
Referentielijst 
Beckles, H., (2013). Britain’s Black Debt; Reparations for Caribbean Slavery and 
Native Genocide. University of the West Indies Press: Jamaica 
Brooks, R., (1999). When sorry isn’t enough; The controversy over apologies and 
reparations 
for human injustice. New York & London: New York University Press 
Cijntje, G., van Bergen, M., Quirindongo, F., (2000). Demokrasia of Minokrasia? 50 
ana derechi voto general i funshonamentu di e sistema demokrátiko na Kòrsou, Curacao: 
ICUC 
Cijntje, G., van Bergen, M., (2008). Ubi ben, ibi patria: Mi patria ta kaminda mi ta 
sintimi na kas. Curacao: Sentro di Doktor 
Gibney, M., Howard-Hassmann, R., Coicaud, J., & Niklaus Steiner, N., (2007). The age 
of apology: Facing Up to the past.",Colonialism,0,False
Slavery_text\Racisme bij het Ministerie van Buitenlandse Zaken. Een verkennend onderzoek.79.txt,32fe555d:00000,10.0,"RACISME BIJ HET MINISTERIE VAN BUITENLANDSE ZAKEN 
Een verkennend onderzoek 
 
79 
 
wordt wel zo ervaren. We proberen de lieve vrede te bewaren, we zijn 
gericht op de relatie en op harmonie. Zo maak je diplomatie. Je doet 
zaken met andere landen, daar moeten we het van hebben. Dat 
hebben we in de genen. Dat is het soort mensen dat hier werkt. Geen 
rauwdouwers. Geen marktkoopmannen.”  
 
Passief racisme zorgt voor een normalisering van racisme 
Passief racisme draagt niet bij aan een versterking van de norm van non-discriminatie. Als 
omstanders bij racisme toekijken en niet ingrijpen, treedt er een normalisering van racisme 
op. Dit kan ertoe leiden dat mensen juist meer ruimte voelen om racistisch te handelen 
(Broekroelofs & Felten, 2020; Crandall, Eshleman, & O'Brien, 2002).",racisme ministerie buitenlandse zaken verkennend onderzoek ervaren proberen lieve vrede bewaren gericht relatie harmonie maak diplomatie zaken landen moeten genen soort mensen werkt rauwdouwers marktkoopmannen passief racisme zorgt normalisering racisme passief racisme draagt versterking norm non discriminatie omstanders racisme toekijken ingrijpen treedt normalisering racisme ertoe leiden mensen juist ruimte voelen racistisch handelen broekroelofs felten crandall eshleman brien,0.3491448242674783,0.351796016497453,0.5032800511604029,0.5032800511604029,Modern racism& inequality,0.1514840346629498,high,"RACISME BIJ HET MINISTERIE VAN BUITENLANDSE ZAKEN 
Een verkennend onderzoek 
 
79 
 
wordt wel zo ervaren. We proberen de lieve vrede te bewaren, we zijn 
gericht op de relatie en op harmonie. Zo maak je diplomatie. Je doet 
zaken met andere landen, daar moeten we het van hebben. Dat 
hebben we in de genen. Dat is het soort mensen dat hier werkt. Geen 
rauwdouwers. Geen marktkoopmannen.”  
 
Passief racisme zorgt voor een normalisering van racisme 
Passief racisme draagt niet bij aan een versterking van de norm van non-discriminatie. Als 
omstanders bij racisme toekijken en niet ingrijpen, treedt er een normalisering van racisme 
op. Dit kan ertoe leiden dat mensen juist meer ruimte voelen om racistisch te handelen 
(Broekroelofs & Felten, 2020; Crandall, Eshleman, & O'Brien, 2002).",Modern racism& inequality,2,False
Slavery_text\Jouwe e.a. - Slavernij en de stad Utrecht.223.txt,b744832a:00000,10.0,"EDUARD, SITIE, PIETER EN LIZETTE 
223
Lizette van Wicky
Lizette van Wicky van Corrivont (1784-1824) werd geboren in Berbice. Tegenwoordig vormt het gebied, samen met Demerara (of Demerary) en 
Essequibo (vernoemd naar de gelĳknamige rivieren) de onafhankelĳke 
staat Guyana, buurland van Suriname. Het waterrĳke gebied was in de 
zeventiende en achttiende eeuw lange tĳd onder Nederlands koloniaal 
bestuur en stond vol met koffie- en suikerplantages. Diverse Utrechters 
investeerden in plantages aldaar. Lizettes ouders waren Emanuel van 
Corrivont, een plantage-eigenaar en slavenbezitter in Berbice, en een 
onbekende moeder, waarschĳnlĳk een (vrĳgemaakte) slavin. In 1763, een kleine twintig jaar voor Lizettes geboorte, brak in Berbice 
de eerste slavenopstand in Amerika uit waarbĳ de hele kolonie betrok-
ken was (drie jaar eerder was er een slavenopstand in Jamaica, maar 
die besloeg niet het hele eiland). Berbice is wel ‘een van de dodelĳkste 
slavensamenlevingen van de Atlantische wereld’ genoemd.’27 Meer dan 
een jaar lang wisten de tot slaaf gemaakten, onder leiding van Coffy en 
later Atta, de opstand in Berbice gaande te houden.28 De gouverneur van 
Berbice op dat moment was Wolfert Simon van Hoogenheim, die dankzĳ 
hulp van overzee en van inheemse volken uiteindelĳk de opstand de 
kop kon indrukken. Na zĳn gouverneurschap kwam Van Hoogenheim 
naar Utrecht, waar hĳ na wat omzwervingen trouwde op 3 juli 1786 
met Maria Elizabeth de Maleprade.29 In het Nationaal Archief liggen 
archiefstukken over de opstand, waaronder een briefwisseling tussen 
rebellenleider Coffy en gouverneur Van Hoogenheim.30
Lizette kwam als tiener met haar broer Louis Zamore van Wicky naar 
Nederland. Ze woonden eerst op kamers aan de Amstel 95 in Amsterdam 
bĳ de familie Andriessen, een bekende van hun vader. Op 20 juli 1805 
overleed Lizettes broer Louis vrĳ plots.",eduard sitie pieter lizette lizette wicky lizette wicky corrivont geboren berbice tegenwoordig vormt gebied samen demerara demerary essequibo vernoemd gelĳknamige rivieren onafhankelĳke staat guyana buurland suriname waterrĳke gebied zeventiende achttiende eeuw lange tĳd nederlands koloniaal bestuur stond vol koffie suikerplantages diverse utrechters investeerden plantages aldaar lizettes ouders emanuel corrivont plantage eigenaar slavenbezitter berbice onbekende moeder waarschĳnlĳk vrĳgemaakte slavin kleine twintig lizettes geboorte brak berbice eerste slavenopstand amerika waarbĳ hele kolonie betrok ken drie eerder slavenopstand jamaica besloeg hele eiland berbice dodelĳkste slavensamenlevingen atlantische wereld genoemd lang wisten slaaf gemaakten leiding coffy later atta opstand berbice gaande houden gouverneur berbice moment wolfert simon hoogenheim dankzĳ hulp overzee inheemse volken uiteindelĳk opstand kop indrukken zĳn gouverneurschap kwam hoogenheim utrecht waar hĳ omzwervingen trouwde juli maria elizabeth maleprade nationaal archief liggen archiefstukken opstand waaronder briefwisseling rebellenleider coffy gouverneur hoogenheim lizette kwam tiener broer louis zamore wicky nederland woonden eerst kamers amstel amsterdam bĳ familie andriessen bekende vader juli overleed lizettes broer louis vrĳ plots,0.501195342053754,0.4349740608151261,0.3399144250469684,0.501195342053754,Colonialism,0.0662212812386279,high,"EDUARD, SITIE, PIETER EN LIZETTE 
223
Lizette van Wicky
Lizette van Wicky van Corrivont (1784-1824) werd geboren in Berbice. Tegenwoordig vormt het gebied, samen met Demerara (of Demerary) en 
Essequibo (vernoemd naar de gelĳknamige rivieren) de onafhankelĳke 
staat Guyana, buurland van Suriname. Het waterrĳke gebied was in de 
zeventiende en achttiende eeuw lange tĳd onder Nederlands koloniaal 
bestuur en stond vol met koffie- en suikerplantages. Diverse Utrechters 
investeerden in plantages aldaar. Lizettes ouders waren Emanuel van 
Corrivont, een plantage-eigenaar en slavenbezitter in Berbice, en een 
onbekende moeder, waarschĳnlĳk een (vrĳgemaakte) slavin. In 1763, een kleine twintig jaar voor Lizettes geboorte, brak in Berbice 
de eerste slavenopstand in Amerika uit waarbĳ de hele kolonie betrok-
ken was (drie jaar eerder was er een slavenopstand in Jamaica, maar 
die besloeg niet het hele eiland). Berbice is wel ‘een van de dodelĳkste 
slavensamenlevingen van de Atlantische wereld’ genoemd.’27 Meer dan 
een jaar lang wisten de tot slaaf gemaakten, onder leiding van Coffy en 
later Atta, de opstand in Berbice gaande te houden.28 De gouverneur van 
Berbice op dat moment was Wolfert Simon van Hoogenheim, die dankzĳ 
hulp van overzee en van inheemse volken uiteindelĳk de opstand de 
kop kon indrukken. Na zĳn gouverneurschap kwam Van Hoogenheim 
naar Utrecht, waar hĳ na wat omzwervingen trouwde op 3 juli 1786 
met Maria Elizabeth de Maleprade.29 In het Nationaal Archief liggen 
archiefstukken over de opstand, waaronder een briefwisseling tussen 
rebellenleider Coffy en gouverneur Van Hoogenheim.30
Lizette kwam als tiener met haar broer Louis Zamore van Wicky naar 
Nederland. Ze woonden eerst op kamers aan de Amstel 95 in Amsterdam 
bĳ de familie Andriessen, een bekende van hun vader. Op 20 juli 1805 
overleed Lizettes broer Louis vrĳ plots.",Colonialism,0,False
Slavery_text\ZWART_MANIFEST.41.txt,b9cd6e5d:00000,10.0,"41
CISGENDER 
Een term voor mensen wiens genderidentiteit overeenkomt met hun geboortegeslacht en die zich 
daar prettig bij voelen. COMMUNITY-STAGE
In steden en (kwetsbare) buurten waar veel Zwarte mensen en mensen van kleur wonen, komt politie-
geweld en etnisch profileren veelvuldig voor. Om dit tegen te gaan dienen, naast een nieuw normatief 
kader, wetshandhavers zich te verdiepen in de lokale mensen, cultuur en de geschiedenis/DNA van de 
wijk. Om tot gelijke behandeling en de handhaving van Artikel 1 van de Grondwet te komen is het be-
langrijk dat wetshandhavers die veiligheid moeten bieden goed voorbereid zijn. Er dient geïnvesteerd 
te worden in sociaal culturele-/religieuze sensitiviteit-opleidingen en -trainingen. CULTUREEL RACISME
Een vorm van racisme waarin men niet spreekt over ‘ras’ maar over ‘etnische minderheden’ die een 
minderwaardige cultuur zouden hebben. Cultuur wordt hierbij ‘geracialiseerd’. Dat wil zeggen dat cul-
tuur, wat eigenlijk dynamisch is, als onveranderbaar wordt gezien. De dominante cultuur wordt als on-
verenigbaar gepresenteerd ten opzichte van de “andere” cultuur. Bijvoorbeeld: de “westerse” normen 
en waarden en cultuur, worden als superieur of beter gezien dan de “islamitische cultuur”.",cisgender term mensen wiens genderidentiteit overeenkomt geboortegeslacht prettig voelen community stage steden kwetsbare buurten waar zwarte mensen mensen kleur wonen komt politie geweld etnisch profileren veelvuldig gaan dienen nieuw normatief kader wetshandhavers verdiepen lokale mensen cultuur geschiedenis dna wijk gelijke behandeling handhaving artikel grondwet komen langrijk wetshandhavers veiligheid moeten bieden goed voorbereid dient geïnvesteerd sociaal culturele religieuze sensitiviteit opleidingen trainingen cultureel racisme vorm racisme waarin spreekt ras etnische minderheden minderwaardige cultuur zouden cultuur hierbij geracialiseerd zeggen cul tuur eigenlijk dynamisch onveranderbaar gezien dominante cultuur verenigbaar gepresenteerd ten opzichte cultuur bijvoorbeeld westerse normen waarden cultuur superieur beter gezien islamitische cultuur,0.4381305171988185,0.4165990686024201,0.5511528545025085,0.5511528545025085,Modern racism& inequality,0.1130223373036899,high,"41
CISGENDER 
Een term voor mensen wiens genderidentiteit overeenkomt met hun geboortegeslacht en die zich 
daar prettig bij voelen. COMMUNITY-STAGE
In steden en (kwetsbare) buurten waar veel Zwarte mensen en mensen van kleur wonen, komt politie-
geweld en etnisch profileren veelvuldig voor. Om dit tegen te gaan dienen, naast een nieuw normatief 
kader, wetshandhavers zich te verdiepen in de lokale mensen, cultuur en de geschiedenis/DNA van de 
wijk. Om tot gelijke behandeling en de handhaving van Artikel 1 van de Grondwet te komen is het be-
langrijk dat wetshandhavers die veiligheid moeten bieden goed voorbereid zijn. Er dient geïnvesteerd 
te worden in sociaal culturele-/religieuze sensitiviteit-opleidingen en -trainingen. CULTUREEL RACISME
Een vorm van racisme waarin men niet spreekt over ‘ras’ maar over ‘etnische minderheden’ die een 
minderwaardige cultuur zouden hebben. Cultuur wordt hierbij ‘geracialiseerd’. Dat wil zeggen dat cul-
tuur, wat eigenlijk dynamisch is, als onveranderbaar wordt gezien. De dominante cultuur wordt als on-
verenigbaar gepresenteerd ten opzichte van de “andere” cultuur. Bijvoorbeeld: de “westerse” normen 
en waarden en cultuur, worden als superieur of beter gezien dan de “islamitische cultuur”.",Modern racism& inequality,2,False
Slavery_text\Jouwe e.a. - Slavernij en de stad Utrecht.304.txt,a65eacfa:00001,10.0,"In 1856 en 1857 groeide het 
ledental tot 600 en 670, verspreid over het hele land. Groter dan dat 
werd het ledenaantal niet. J.P. Siwpersad, De Nederlandse regering en 
de afschaffing van de Surinaamse slavernĳ (1833-1863) (Groningen en 
Castricum: Bouma’s Boekhuis/Bert Hagen, 1979), 219. 5. R.A.J. van Lier, Samenleving in een grensgebied. Een sociaal-historische 
studie van de maatschappĳ in Suriname (’s-Gravenhage: Martinus 
Nĳhof, 1949), 181. 6. Alex van Stipriaan, ‘Suriname and the Abolition of Slavery’, in: Gert 
Oostindie (red.), Fifty Years Later.",groeide ledental verspreid hele land groter ledenaantal j p siwpersad nederlandse regering afschaffing surinaamse slavernĳ groningen castricum bouma boekhuis bert hagen r j lier samenleving grensgebied sociaal historische studie maatschappĳ suriname gravenhage martinus nĳhof,0.5288510025916012,0.360970055245207,0.4273996968391327,0.5288510025916012,Colonialism,0.1014513057524685,high,"In 1856 en 1857 groeide het 
ledental tot 600 en 670, verspreid over het hele land. Groter dan dat 
werd het ledenaantal niet. J.P. Siwpersad, De Nederlandse regering en 
de afschaffing van de Surinaamse slavernĳ (1833-1863) (Groningen en 
Castricum: Bouma’s Boekhuis/Bert Hagen, 1979), 219. 5. R.A.J. van Lier, Samenleving in een grensgebied. Een sociaal-historische 
studie van de maatschappĳ in Suriname (’s-Gravenhage: Martinus 
Nĳhof, 1949), 181. 6. Alex van Stipriaan, ‘Suriname and the Abolition of Slavery’, in: Gert 
Oostindie (red.), Fifty Years Later.",Colonialism,0,False
Slavery_text\Jouwe e.a. - Slavernij en de stad Utrecht.290.txt,202cf5ac:00004,9.0,"De Sociëteit van Suriname was het samenwerkingsverband van de wic, 
de stad Amsterdam en de familie Van Aerssen van Sommelsdĳck, dat 
de plantagekolonie beheerde en bestuurde. Zie Karwan Fatah-Black, 
Sociëteit van Suriname, 1683-1795. Het bestuur van de kolonie in de acht-
tiende eeuw (Zutphen: Walburg Pers, 2019), 65-67. 9. J.P. van de Voort, De Westindische plantages van 1720 tot 1795: financiën 
en handel (Eindhoven: De Witte, 1973), 185. 10. ‘Berigt en advis van het Hof op het versoek van J. Petsch […]’, Extract uit 
de Resolutien van de Heeren Staaten van Hollandt ende West-Vrieslandt,",sociëteit suriname samenwerkingsverband wic stad amsterdam familie aerssen sommelsdĳck plantagekolonie beheerde bestuurde zie karwan fatah black sociëteit suriname bestuur kolonie acht tiende eeuw zutphen walburg pers j p voort westindische plantages financiën handel eindhoven witte berigt advis hof versoek j petsch extract resolutien heeren staaten hollandt ende west vrieslandt,0.5405354341374603,0.4678730147785297,0.4022309608087548,0.5405354341374603,Colonialism,0.0726624193589305,high,"De Sociëteit van Suriname was het samenwerkingsverband van de wic, 
de stad Amsterdam en de familie Van Aerssen van Sommelsdĳck, dat 
de plantagekolonie beheerde en bestuurde. Zie Karwan Fatah-Black, 
Sociëteit van Suriname, 1683-1795. Het bestuur van de kolonie in de acht-
tiende eeuw (Zutphen: Walburg Pers, 2019), 65-67. 9. J.P. van de Voort, De Westindische plantages van 1720 tot 1795: financiën 
en handel (Eindhoven: De Witte, 1973), 185. 10. ‘Berigt en advis van het Hof op het versoek van J. Petsch […]’, Extract uit 
de Resolutien van de Heeren Staaten van Hollandt ende West-Vrieslandt,",Colonialism,0,False
Slavery_text\Jouwe e.a. - Slavernij en de stad Utrecht.296.txt,6bb2c91a:00000,10.0,"296 
NOTEN 
11. André Nègre, ‘Origines et signification du mot “créole”’, Bulletin de la 
Société d’Histoire de la Guadeloupe 5-6 (1966), 38-42; ‘Créole’, Centre 
National de Ressources Textuelles et Lexicales, https://www.cnrtl.fr/
etymologie/creole (geraadpleegd 02-02-2021). Zie voor de Nederlandse 
context: Annelies Roeleveld, ‘Creool: een woord met geschiedenis’, Tĳd-
schrift voor Nederlandse Taal- en Letterkunde 118 (2002), 342-348. 12. Belle van Zuylen, ‘Drie vrouwen’, 141. 13. Felicity Nussbaum, The Limits of the Human. Fictions of Anomaly, Race, 
and Gender in the Long Eighteenth Century (Cambridge: Cambridge 
University Press, 2003), 188. 14. Christiane Solte-Gresser, ‘Sklavengeschichte als deutsch-französischer 
Dialog.",noten andré nègre origines et signification du mot créole bulletin la société histoire la guadeloupe créole centre national ressources textuelles et lexicales https www cnrtl fr etymologie creole geraadpleegd zie nederlandse context annelies roeleveld creool woord geschiedenis tĳd schrift nederlandse taal letterkunde belle zuylen drie vrouwen christiane solte gresser sklavengeschichte deutsch französischer dialog,0.5384182430029156,0.4147498624948866,0.4246502883764503,0.5384182430029156,Colonialism,0.1137679546264652,high,"296 
NOTEN 
11. André Nègre, ‘Origines et signification du mot “créole”’, Bulletin de la 
Société d’Histoire de la Guadeloupe 5-6 (1966), 38-42; ‘Créole’, Centre 
National de Ressources Textuelles et Lexicales, https://www.cnrtl.fr/
etymologie/creole (geraadpleegd 02-02-2021). Zie voor de Nederlandse 
context: Annelies Roeleveld, ‘Creool: een woord met geschiedenis’, Tĳd-
schrift voor Nederlandse Taal- en Letterkunde 118 (2002), 342-348. 12. Belle van Zuylen, ‘Drie vrouwen’, 141. 13. Felicity Nussbaum, The Limits of the Human. Fictions of Anomaly, Race, 
and Gender in the Long Eighteenth Century (Cambridge: Cambridge 
University Press, 2003), 188. 14. Christiane Solte-Gresser, ‘Sklavengeschichte als deutsch-französischer 
Dialog.",Colonialism,0,False
Slavery_text\Racisme bij het Ministerie van Buitenlandse Zaken. Een verkennend onderzoek.106.txt,0721ec9d:00002,10.0,"Verkuyten, M. (2010) Identiteit en diversiteit. De tegenstellingen voorbij. Amsterdam: 
Amsterdam University Press. Waldering, I. & Crul, M. & Ghorashi, H. (2015) Discrimination of Second-Generation 
Professionals in Leadership, Positions Social Inclusion 3 (4), p. 38-49 
 
Waters, M. (1999) Black identities: West Indian Immigrant Dreams and American Realities, 
Cambridge, Mass: Harvard University Press.",verkuyten identiteit diversiteit tegenstellingen voorbij amsterdam amsterdam university press waldering crul ghorashi h discrimination second generation professionals leadership positions social inclusion p waters black identities west indian immigrant dreams american realities cambridge mass harvard university press,0.4532383467268861,0.3473264917374134,0.512223015038422,0.512223015038422,Modern racism& inequality,0.0589846683115359,high,"Verkuyten, M. (2010) Identiteit en diversiteit. De tegenstellingen voorbij. Amsterdam: 
Amsterdam University Press. Waldering, I. & Crul, M. & Ghorashi, H. (2015) Discrimination of Second-Generation 
Professionals in Leadership, Positions Social Inclusion 3 (4), p. 38-49 
 
Waters, M. (1999) Black identities: West Indian Immigrant Dreams and American Realities, 
Cambridge, Mass: Harvard University Press.",Modern racism& inequality,2,False
Slavery_text\Jouwe e.a. - Slavernij en de stad Utrecht.321.txt,23d8e985:00000,3.0,"REGISTER 
321
Grenada 167
Groenekan 87
GroenLinks 10
Groen van Prinsterer, Guil-
laume 195, 200, 212
Groningen 195, 218
Groot-Brittannië 24
Groot, Ferdinand de 84
Groot, Hugo de 174-176
Groot Vroetseĳn 104
Grote Alliantie 47, 49, 50
Grothe, Willem Eliza 72
Gruyter, Bartholomeus de 98
Gruyter, Pieter de 98
Guerra del Asiento 52
Guinea 45, 155
Gurney, Joseph John 195
Gurney, Samuel 195
Guyana 44, 126, 131, 223
Haagen, Joris van der 140
Haastrecht 81
Haghen, Andries van der 104
Haghen, Steven van der 27, 97, 
103-107, 111
Haïti 160, 185
Hakman, Arie 66
Hall, Catherine 11, 24
Hamburg 122
Hamburgerbrug 223
Hamel, Hendrick 45
Hanegem, Willem van 225
Hangest d’Yvoy, Anna Magdalena, 
barones van 131
Hangest d’Yvoy, Cornelia Maria 
van 25, 131
Hardenbergh, Catharina van 120
Hardenbroek 87, 120
Harlequin, slaafgemaakte 129
Harlingen 58
Harscamp, Everhard van 63, 69, 70
Hartelust, schip 107
Hasselaer, Catharina 165
Hasselaer, Susanna 165
Hatta, Mohammad 232
Hatterman, Nola 262
Haverstraat 221
Heath, Raziyah 262
Heeckeren van Brandsenburg, 
Walraven Robbert baron van 139
Hegel, Georg Wilhelm Friedrich 250
Heĳer, Henk den 49
Heinsius, Anthonie 50, 51
Helder, André 245, 247
Helder, Lulu 251
Hendrix, Jimmy 236
Henghel, Daniël van den 84
Hengst, Cornelis van 143, 144, 148
Hengst, Hendrik Wolter van 144
Hengst, van 150
Heren Zeventien 106
Herrero, Manuel 49
Herrnstein, Richard 253
Heuvel, Jan Cornelis van den 134, 138
Heuvel, Pieter Willem van den 44
Hikayat Tanah Hitu 104
Hildebrand 205, 207
Hitu 97, 104, 107
Hoeufft, Anna Maria 85
Hoeufft, Constantia 87
Hoeufft, Diederik 161
Hoeufft, Gideon 85
Hoëvell, Wolter Robert baron 
van 24, 204, 212
Hogesant 122
Holland 50, 51, 77, 115, 174, 177, 226, 
232, 233
Hollandse Kerk, Batavia 147
Holstein 99
Hondius 115, 120
Hondius, Dienke 217
Hondius, Jodocus 120, 121
Hondius, Johannes 121
Hondius, Lucas 121
Honthorst, Gerrit 140
Hoogenheim, Wolfert Simon 
van 223
Hoogt, ‘t 251
hooks, bell 248, 250, 252, 253
Hoonhout, Bram 135
Hoorn 59, 77
Hoornbeeck 28, 173, 174, 178-182
Hora Siccama, J. 198
Ho Suie Sang, Martin 251
Houtman, Frederik de 106, 108
Howard University 249
Hoytema, W.J. van 198
Hudig 127
Hudson, Henry 120
Hudson Bay 120",register grenada groenekan groenlinks groen prinsterer guil laume groningen groot brittannië groot ferdinand groot hugo groot vroetseĳn grote alliantie grothe willem eliza gruyter bartholomeus gruyter pieter guerra del asiento guinea gurney joseph john gurney samuel guyana haagen joris haastrecht haghen andries haghen steven haïti hakman arie hall catherine hamburg hamburgerbrug hamel hendrick hanegem willem hangest yvoy anna magdalena barones hangest yvoy cornelia maria hardenbergh catharina hardenbroek harlequin slaafgemaakte harlingen harscamp everhard hartelust schip hasselaer catharina hasselaer susanna hatta mohammad hatterman nola haverstraat heath raziyah heeckeren brandsenburg walraven robbert baron hegel georg wilhelm friedrich heĳer henk den heinsius anthonie helder andré helder lulu hendrix jimmy henghel daniël den hengst cornelis hengst hendrik wolter hengst heren zeventien herrero manuel herrnstein richard heuvel jan cornelis den heuvel pieter willem den hikayat tanah hitu hildebrand hitu hoeufft anna maria hoeufft constantia hoeufft diederik hoeufft gideon hoëvell wolter robert baron hogesant holland hollandse kerk batavia holstein hondius hondius dienke hondius jodocus hondius johannes hondius lucas honthorst gerrit hoogenheim wolfert simon hoogt hooks bell hoonhout bram hoorn hoornbeeck hora siccama j ho suie sang martin houtman frederik howard university hoytema w j hudig hudson henry hudson bay,0.5049538855196484,0.3599328701753003,0.3931614373614394,0.5049538855196484,Colonialism,0.1117924481582089,high,"REGISTER 
321
Grenada 167
Groenekan 87
GroenLinks 10
Groen van Prinsterer, Guil-
laume 195, 200, 212
Groningen 195, 218
Groot-Brittannië 24
Groot, Ferdinand de 84
Groot, Hugo de 174-176
Groot Vroetseĳn 104
Grote Alliantie 47, 49, 50
Grothe, Willem Eliza 72
Gruyter, Bartholomeus de 98
Gruyter, Pieter de 98
Guerra del Asiento 52
Guinea 45, 155
Gurney, Joseph John 195
Gurney, Samuel 195
Guyana 44, 126, 131, 223
Haagen, Joris van der 140
Haastrecht 81
Haghen, Andries van der 104
Haghen, Steven van der 27, 97, 
103-107, 111
Haïti 160, 185
Hakman, Arie 66
Hall, Catherine 11, 24
Hamburg 122
Hamburgerbrug 223
Hamel, Hendrick 45
Hanegem, Willem van 225
Hangest d’Yvoy, Anna Magdalena, 
barones van 131
Hangest d’Yvoy, Cornelia Maria 
van 25, 131
Hardenbergh, Catharina van 120
Hardenbroek 87, 120
Harlequin, slaafgemaakte 129
Harlingen 58
Harscamp, Everhard van 63, 69, 70
Hartelust, schip 107
Hasselaer, Catharina 165
Hasselaer, Susanna 165
Hatta, Mohammad 232
Hatterman, Nola 262
Haverstraat 221
Heath, Raziyah 262
Heeckeren van Brandsenburg, 
Walraven Robbert baron van 139
Hegel, Georg Wilhelm Friedrich 250
Heĳer, Henk den 49
Heinsius, Anthonie 50, 51
Helder, André 245, 247
Helder, Lulu 251
Hendrix, Jimmy 236
Henghel, Daniël van den 84
Hengst, Cornelis van 143, 144, 148
Hengst, Hendrik Wolter van 144
Hengst, van 150
Heren Zeventien 106
Herrero, Manuel 49
Herrnstein, Richard 253
Heuvel, Jan Cornelis van den 134, 138
Heuvel, Pieter Willem van den 44
Hikayat Tanah Hitu 104
Hildebrand 205, 207
Hitu 97, 104, 107
Hoeufft, Anna Maria 85
Hoeufft, Constantia 87
Hoeufft, Diederik 161
Hoeufft, Gideon 85
Hoëvell, Wolter Robert baron 
van 24, 204, 212
Hogesant 122
Holland 50, 51, 77, 115, 174, 177, 226, 
232, 233
Hollandse Kerk, Batavia 147
Holstein 99
Hondius 115, 120
Hondius, Dienke 217
Hondius, Jodocus 120, 121
Hondius, Johannes 121
Hondius, Lucas 121
Honthorst, Gerrit 140
Hoogenheim, Wolfert Simon 
van 223
Hoogt, ‘t 251
hooks, bell 248, 250, 252, 253
Hoonhout, Bram 135
Hoorn 59, 77
Hoornbeeck 28, 173, 174, 178-182
Hora Siccama, J. 198
Ho Suie Sang, Martin 251
Houtman, Frederik de 106, 108
Howard University 249
Hoytema, W.J. van 198
Hudig 127
Hudson, Henry 120
Hudson Bay 120",Colonialism,0,False
Slavery_text\Allen e.a. - 2023 - Staat en slavernij het Nederlandse koloniale slavernijverleden en zijn doorwerkingen.468.txt,eb9618c9:00002,10.0,"Vassals, the Petition and Response System, 
and the Creation of Spanish Imperial Caste 
Legislation,’ Hispanic American Historical Review 
98:3 (2018) 377-406. Mbeki, Linda en Matthias van Rossum, ‘The 
Private Slave Trade in the Dutch Indian 
Ocean World. A Study Into the Networks and 
Backgrounds of Slavers and the Enslaved 
in South Asia and South Africa,’ Slavery and 
Abolition 38 (2017) 95–116. Mellegers, J., ‘Public Finance of Indonesia 1817-
1940,’ datafiles iisg, copy of revenues. Met de kracht van de voorouders, Nationaal Trans-
Atlantisch Slavernijmuseum (Amsterdam 
2021). Metry, F., De geschiedenis van de belastingen in 
de kolonie Curaçao en de Nederlandse Antillen, 
(Curaçao 2006). Meuwese, Mark, Brothers in Arms, Partners in Trade 
Dutch-Indigenous Alliances in the Atlantic World, 
1595-1674 (Leiden / Boston 2012). Ministerie van Binnenlandse Zaken en 
Koninkrijksrelaties. ‘Advies Dialooggroep 
Slavernijverleden “Ketenen van het 
Verleden”,’ Rapport | Rijksoverheid.nl, 8 maart 
2023: www.rijksoverheid.nl/documenten/
rapporten/2021/07/01/adviescollege-
dialoogroep-slavernijverleden-presenteert-
eindrapport-ketenen-van-het-verleden. Ministerie van Onderwijs, Cultuur 
en Wetenschap, ‘Kerndoelenboekje 
basisonderwijs,’ Rapport | Rijksoverheid.",mbeki linda matthias rossum private slave trade dutch indian ocean world mellegers j public finance indonesia datafiles iisg copy revenues kracht voorouders nationaal trans atlantisch slavernijmuseum amsterdam metry f geschiedenis belastingen kolonie curaçao nederlandse antillen curaçao meuwese mark brothers arms partners trade dutch indigenous alliances atlantic world leiden boston ministerie binnenlandse zaken koninkrijksrelaties advies dialooggroep slavernijverleden ketenen verleden rapport rijksoverheid nl maart www rijksoverheid nl documenten rapporten adviescollege dialoogroep slavernijverleden presenteert eindrapport ketenen verleden ministerie onderwijs cultuur wetenschap kerndoelenboekje basisonderwijs rapport rijksoverheid,0.5136273506159812,0.4295075252398911,0.3899931160087765,0.5136273506159812,Colonialism,0.08411982537609,high,"Vassals, the Petition and Response System, 
and the Creation of Spanish Imperial Caste 
Legislation,’ Hispanic American Historical Review 
98:3 (2018) 377-406. Mbeki, Linda en Matthias van Rossum, ‘The 
Private Slave Trade in the Dutch Indian 
Ocean World. A Study Into the Networks and 
Backgrounds of Slavers and the Enslaved 
in South Asia and South Africa,’ Slavery and 
Abolition 38 (2017) 95–116. Mellegers, J., ‘Public Finance of Indonesia 1817-
1940,’ datafiles iisg, copy of revenues. Met de kracht van de voorouders, Nationaal Trans-
Atlantisch Slavernijmuseum (Amsterdam 
2021). Metry, F., De geschiedenis van de belastingen in 
de kolonie Curaçao en de Nederlandse Antillen, 
(Curaçao 2006). Meuwese, Mark, Brothers in Arms, Partners in Trade 
Dutch-Indigenous Alliances in the Atlantic World, 
1595-1674 (Leiden / Boston 2012). Ministerie van Binnenlandse Zaken en 
Koninkrijksrelaties. ‘Advies Dialooggroep 
Slavernijverleden “Ketenen van het 
Verleden”,’ Rapport | Rijksoverheid.nl, 8 maart 
2023: www.rijksoverheid.nl/documenten/
rapporten/2021/07/01/adviescollege-
dialoogroep-slavernijverleden-presenteert-
eindrapport-ketenen-van-het-verleden. Ministerie van Onderwijs, Cultuur 
en Wetenschap, ‘Kerndoelenboekje 
basisonderwijs,’ Rapport | Rijksoverheid.",Colonialism,0,False
Slavery_text\Jouwe e.a. - Slavernij en de stad Utrecht.70.txt,b55d1dca:00001,4.0,"Veel slaafgemaakten op de plantage waren oud 
en ziek, claimden ze, en het aantal slaafgemaakten op de plantage was 
tussen de jaren 1755 en 1783 sterk afgenomen: van de 95 ‘koppen’ waren er 
nog 68 over. Op de plantage waren in diezelfde tĳd bĳna 20.000 nieuwe 
koffiebomen bĳgeplant, waardoor het aantal bomen met ruim een derde 
was toegenomen. In de dertig jaar dat de Utrechtse Sociëteit de plantage 
Utrecht beheerde, was de hoeveelheid werk dus toegenomen, terwĳl 
het aantal slaafgemaakten afnam. De extra druk die hier het gevolg",slaafgemaakten plantage oud ziek claimden aantal slaafgemaakten plantage sterk afgenomen koppen plantage diezelfde tĳd bĳna nieuwe koffiebomen bĳgeplant waardoor aantal bomen ruim derde toegenomen dertig utrechtse sociëteit plantage utrecht beheerde hoeveelheid werk toegenomen terwĳl aantal slaafgemaakten afnam extra druk gevolg,0.2979460986748546,0.5294468167025443,0.2561433269019496,0.5294468167025443,Historical slavery,0.2315007180276897,high,"Veel slaafgemaakten op de plantage waren oud 
en ziek, claimden ze, en het aantal slaafgemaakten op de plantage was 
tussen de jaren 1755 en 1783 sterk afgenomen: van de 95 ‘koppen’ waren er 
nog 68 over. Op de plantage waren in diezelfde tĳd bĳna 20.000 nieuwe 
koffiebomen bĳgeplant, waardoor het aantal bomen met ruim een derde 
was toegenomen. In de dertig jaar dat de Utrechtse Sociëteit de plantage 
Utrecht beheerde, was de hoeveelheid werk dus toegenomen, terwĳl 
het aantal slaafgemaakten afnam. De extra druk die hier het gevolg",Historical slavery,1,False
Slavery_text\Allen e.a. - 2023 - Staat en slavernij het Nederlandse koloniale slavernijverleden en zijn doorwerkingen.469.txt,d4f19133:00000,10.0,"— 469 —
— LITERATUURLIJST —
Netscher, P.M., Geschiedenis van de koloniën 
Essequebo, Demerary, en Berbice, van de vestiging der 
Nederlanders aldaar tot op onzen tijd (Den Haag 
1888). NH Nieuws, ‘Burgemeester Zaanstad 
roept kabinet op tot “excuses” voor 
slavernijverleden’: www.nhnieuws.nl/
nieuws/227253/burgemeester-zaanstad-roept-
kabinet-op-tot-excuses-voor-slavernijverleden. Niemeijer, Henk, Calvinisme en koloniale 
stadscultuur Batavia 1619-1725 (Almelo 1996). Niemeijer, Henk, Batavia. Een koloniale 
samenleving in de zeventiende eeuw (Amsterdam 
2005). Nieuwe Nederlandsche Jaerboeken, vierde deel, tweede 
stuk (Leiden 1769). Nimako, Kwame en Glenn Willemsen, The Dutch 
Atlantic. Slavery, Abolition and Emancipation 
(Londen 2011). Nimako, Kwame, Mano Delea en Mitchell Esajas, 
Waarom vrijheid niet kon wachten. Het parlementair 
debat rondom de afschaffing van de slavernij 
(Amsterdam 2020).",literatuurlijst netscher p geschiedenis koloniën essequebo demerary berbice vestiging nederlanders aldaar onzen tijd den haag nh nieuws burgemeester zaanstad roept kabinet excuses slavernijverleden www nhnieuws nl nieuws burgemeester zaanstad roept kabinet excuses slavernijverleden niemeijer henk calvinisme koloniale stadscultuur batavia almelo niemeijer henk batavia koloniale samenleving zeventiende eeuw amsterdam nieuwe nederlandsche jaerboeken vierde deel tweede stuk leiden nimako kwame glenn willemsen dutch atlantic slavery abolition emancipation londen nimako kwame mano delea mitchell esajas waarom vrijheid wachten parlementair debat rondom afschaffing slavernij amsterdam,0.5092519710252295,0.3905031907597751,0.4093239109535241,0.5092519710252295,Colonialism,0.0999280600717053,high,"— 469 —
— LITERATUURLIJST —
Netscher, P.M., Geschiedenis van de koloniën 
Essequebo, Demerary, en Berbice, van de vestiging der 
Nederlanders aldaar tot op onzen tijd (Den Haag 
1888). NH Nieuws, ‘Burgemeester Zaanstad 
roept kabinet op tot “excuses” voor 
slavernijverleden’: www.nhnieuws.nl/
nieuws/227253/burgemeester-zaanstad-roept-
kabinet-op-tot-excuses-voor-slavernijverleden. Niemeijer, Henk, Calvinisme en koloniale 
stadscultuur Batavia 1619-1725 (Almelo 1996). Niemeijer, Henk, Batavia. Een koloniale 
samenleving in de zeventiende eeuw (Amsterdam 
2005). Nieuwe Nederlandsche Jaerboeken, vierde deel, tweede 
stuk (Leiden 1769). Nimako, Kwame en Glenn Willemsen, The Dutch 
Atlantic. Slavery, Abolition and Emancipation 
(Londen 2011). Nimako, Kwame, Mano Delea en Mitchell Esajas, 
Waarom vrijheid niet kon wachten. Het parlementair 
debat rondom de afschaffing van de slavernij 
(Amsterdam 2020).",Colonialism,0,False
Slavery_text\Allen e.a. - 2023 - Staat en slavernij het Nederlandse koloniale slavernijverleden en zijn doorwerkingen.125.txt,b66b961c:00001,4.0,"Slavernij is dus 
onlosmakelijk verbonden met die oorlog. Het ontvoeren en vervoeren van Afrikanen om hen tot slaaf te maken, als­
mede de verschrikkingen die daarmee gepaard gingen, waren primair 
bedoeld om de slaafgemaakten onder dwang en zonder arbeidscontract 
goederen te laten produceren onder toezicht van de slaafmakers. Veel 
wetenschappers gebruikten de benaming ‘planters’ voor de slaafmakers, 
al blijkt uit alle bewijsmateriaal dat zij in werkelijkheid geen sprietje 
plantten. Het waren de slaafgemaakten die hakten, verbouwden en oogst­
ten, die balen droegen, kookten, serveerden, wasten en schoonmaakten, 
zodat de slaafmakers op de plantages, onbekommerd door deze onge­
schoolde tijdsbestedingen, zich konden wijden aan lezen, schrijven, 
­sporten en andere vormen van zelfontplooiing en recreatie.",slavernij onlosmakelijk verbonden oorlog ontvoeren vervoeren afrikanen hen slaaf maken mede verschrikkingen daarmee gepaard gingen primair bedoeld slaafgemaakten dwang arbeidscontract goederen laten produceren toezicht slaafmakers wetenschappers gebruikten benaming planters slaafmakers blijkt bewijsmateriaal werkelijkheid sprietje plantten slaafgemaakten hakten verbouwden oogst ten balen droegen kookten serveerden wasten schoonmaakten zodat slaafmakers plantages onbekommerd onge schoolde tijdsbestedingen konden wijden lezen schrijven sporten vormen zelfontplooiing recreatie,0.3768065666647864,0.5661320967084766,0.361933242628553,0.5661320967084766,Historical slavery,0.1893255300436902,high,"Slavernij is dus 
onlosmakelijk verbonden met die oorlog. Het ontvoeren en vervoeren van Afrikanen om hen tot slaaf te maken, als­
mede de verschrikkingen die daarmee gepaard gingen, waren primair 
bedoeld om de slaafgemaakten onder dwang en zonder arbeidscontract 
goederen te laten produceren onder toezicht van de slaafmakers. Veel 
wetenschappers gebruikten de benaming ‘planters’ voor de slaafmakers, 
al blijkt uit alle bewijsmateriaal dat zij in werkelijkheid geen sprietje 
plantten. Het waren de slaafgemaakten die hakten, verbouwden en oogst­
ten, die balen droegen, kookten, serveerden, wasten en schoonmaakten, 
zodat de slaafmakers op de plantages, onbekommerd door deze onge­
schoolde tijdsbestedingen, zich konden wijden aan lezen, schrijven, 
­sporten en andere vormen van zelfontplooiing en recreatie.",Historical slavery,1,False
Slavery_text\Allen e.a. - 2023 - Staat en slavernij het Nederlandse koloniale slavernijverleden en zijn doorwerkingen.448.txt,059a40e6:00004,10.0,"19. Ron de Bruin en Meereke Bosua, Geschiedenis 
geven. Praktische vakdidactiek en vakinhoud voor 
het basisonderwijs (Assen 2021) 186, 220. 20.Kees van der Kooij en Marjan de Groot-
Reuvekamp, Geschiedenis & samenleving. Kennisbasis inhoud en didactiek (Assen 2021) 158, 
168. ◼ ◼◼  4. Kolonialisme en slavernij in het 
onderwijs: de voormalige koloniën – 
Luc Alofs, Edu Dumasy, Kenny Meyers, 
Elviera Sandie
1. Met medewerking van Arthur Sealy en 
Roman Sillé. 2. ‘Dekolonisatie Surinaams onderwijs in alle 
rust,’ Gfcnieuws.com, 22 augustus 2022: 
https://surinamenieuwscentrale.com/
dekolonisatie-surinaams-onderwijs-alle-
rust.",ron bruin meereke bosua geschiedenis geven praktische vakdidactiek vakinhoud basisonderwijs assen kees kooij marjan groot reuvekamp geschiedenis samenleving kennisbasis inhoud didactiek assen kolonialisme slavernij onderwijs voormalige koloniën luc alofs edu dumasy kenny meyers elviera sandie medewerking arthur sealy roman sillé dekolonisatie surinaams onderwijs rust gfcnieuws com augustus https surinamenieuwscentrale com dekolonisatie surinaams onderwijs rust,0.5162651386899092,0.3518859404586839,0.3525836559457535,0.5162651386899092,Colonialism,0.1636814827441556,high,"19. Ron de Bruin en Meereke Bosua, Geschiedenis 
geven. Praktische vakdidactiek en vakinhoud voor 
het basisonderwijs (Assen 2021) 186, 220. 20.Kees van der Kooij en Marjan de Groot-
Reuvekamp, Geschiedenis & samenleving. Kennisbasis inhoud en didactiek (Assen 2021) 158, 
168. ◼ ◼◼  4. Kolonialisme en slavernij in het 
onderwijs: de voormalige koloniën – 
Luc Alofs, Edu Dumasy, Kenny Meyers, 
Elviera Sandie
1. Met medewerking van Arthur Sealy en 
Roman Sillé. 2. ‘Dekolonisatie Surinaams onderwijs in alle 
rust,’ Gfcnieuws.com, 22 augustus 2022: 
https://surinamenieuwscentrale.com/
dekolonisatie-surinaams-onderwijs-alle-
rust.",Colonialism,0,False
Slavery_text\Nimako et al_2020_Een rapport met betrekking tot het onderzoeksproject over de periode voor de.92.txt,7dcab508:00000,10.0,"NINSEE 
83 
 
worden gerangschikt, betwijfel ik. De plantageslaaf mag niet gaan op de plantage, waar 
hij het liefst is, maar moet blijven in het district, waar hij tot nu toe wasǳ.191   
 
Hierna besloot Van Bosse om meer gedetailleerd in te gaan op de door hem gestelde 
vraag: 
 
ǲVerkiest de vrijgemaakte geene overeenkomst to sluiten, welnu, Mijne (eeren , de 
autoriteit heeft volgens § 4 van art. 24 het regt om den slaaf te werk te stellen, zelfs op 
eene particuliere plantage. Het geval is nu denkbaar dat een slaaf die door zijn meester 
mishandeld is, van deze gelegenheid gebruik zal willen maken om van meester te 
veranderen en dat hij zegt: ik kan geene overeenkomst sluiten. Men kan ook denken aan 
het geval dat de meesters zich onderling verstaan om geene slaven van elkander te 
huren of overeenkomsten met hen aan te gaan. De autoriteit treedt nu tusschen beiden 
en zegt: op die plantage zult gij arbeiders of anders strafarbeid verrigten. Dit is het 
toezigt, zoo als het in deze wet wordt omschreven. Aan de blanken wordt dus een 
krachtig wapen in de hand gegeven, waartegen de slaven geheel weerloos zijn. Ik zal 
niets zeggen van de stadsslaven, waaronder begrepen zijnde dienstboden, die als slaven 
dienst doen. Die personen zullen ook bij den meester moeten blijven, waarvan zij 
misschien gaarne ontslagen waren.",ninsee gerangschikt betwijfel plantageslaaf mag gaan plantage waar liefst blijven district waar toe wasǳ hierna besloot bosse gedetailleerd gaan gestelde vraag ǳverkiest vrijgemaakte geene overeenkomst sluiten welnu mijne eeren autoriteit volgens art regt den slaaf werk stellen zelfs eene particuliere plantage geval denkbaar slaaf meester mishandeld gelegenheid gebruik willen maken meester veranderen zegt geene overeenkomst sluiten denken geval meesters onderling verstaan geene slaven elkander huren overeenkomsten hen gaan autoriteit treedt tusschen beiden zegt plantage zult gij arbeiders anders strafarbeid verrigten toezigt zoo wet omschreven blanken krachtig wapen hand gegeven waartegen slaven geheel weerloos zeggen stadsslaven waaronder begrepen zijnde dienstboden slaven dienst personen zullen den meester moeten blijven waarvan misschien gaarne ontslagen,0.3394867821545688,0.5362199735931605,0.3916926214478757,0.5362199735931605,Historical slavery,0.1445273521452847,high,"NINSEE 
83 
 
worden gerangschikt, betwijfel ik. De plantageslaaf mag niet gaan op de plantage, waar 
hij het liefst is, maar moet blijven in het district, waar hij tot nu toe wasǳ.191   
 
Hierna besloot Van Bosse om meer gedetailleerd in te gaan op de door hem gestelde 
vraag: 
 
ǲVerkiest de vrijgemaakte geene overeenkomst to sluiten, welnu, Mijne (eeren , de 
autoriteit heeft volgens § 4 van art. 24 het regt om den slaaf te werk te stellen, zelfs op 
eene particuliere plantage. Het geval is nu denkbaar dat een slaaf die door zijn meester 
mishandeld is, van deze gelegenheid gebruik zal willen maken om van meester te 
veranderen en dat hij zegt: ik kan geene overeenkomst sluiten. Men kan ook denken aan 
het geval dat de meesters zich onderling verstaan om geene slaven van elkander te 
huren of overeenkomsten met hen aan te gaan. De autoriteit treedt nu tusschen beiden 
en zegt: op die plantage zult gij arbeiders of anders strafarbeid verrigten. Dit is het 
toezigt, zoo als het in deze wet wordt omschreven. Aan de blanken wordt dus een 
krachtig wapen in de hand gegeven, waartegen de slaven geheel weerloos zijn. Ik zal 
niets zeggen van de stadsslaven, waaronder begrepen zijnde dienstboden, die als slaven 
dienst doen. Die personen zullen ook bij den meester moeten blijven, waarvan zij 
misschien gaarne ontslagen waren.",Historical slavery,1,False
Slavery_text\Allen e.a. - 2023 - Staat en slavernij het Nederlandse koloniale slavernijverleden en zijn doorwerkingen.117.txt,5759ea11:00000,10.0,"— 117 —
— SLAVERNIJ, AFSCHAFFINGEN EN DOORWERKINGEN —
geproduceerd. Een uitzondering was Bonaire, waar slaafgemaakten in 
de zoutpannen werkten. Vrije arbeid betekende nog geen gelijke kansen op de eilanden, waar 
kleur, klasse en religie al voor 1 juli 1863 de status van zowel de vrije als de 
onvrije eilandbewoners bepaalden. Er heerste bittere armoede als gevolg 
van schaarste aan werk en land. Vooral de nazaten van slaafgemaakten 
kampten daarmee. Gebrek aan beschikbare vruchtbare grond en werk 
maakte de vrijgemaakten soms afhankelijk van hun voormalige eigenaren. Op Curaçao, bijvoorbeeld, bleven ze om die reden op het land van hun voor­
malige eigenaren wonen. In ruil voor grond werkten zij soms nog voor de 
landeigenaar (het paga tera-systeem). Om aan de armoede op de eilanden te 
ontkomen, emigreerden vooral mannen in groten getale (zie hoofdstuk 15 
van Charles do Rego). Een keerpunt bracht de opkomst van de olie-industrie door de Konink­
lijke Nederlandsche Petroleum Maatschappij Shell, eerst op Curaçao en ver­
volgens op Aruba, in de jaren twintig.",slavernij afschaffingen doorwerkingen geproduceerd uitzondering bonaire waar slaafgemaakten zoutpannen werkten vrije arbeid betekende gelijke kansen eilanden waar kleur klasse religie juli status zowel vrije onvrije eilandbewoners bepaalden heerste bittere armoede gevolg schaarste werk land vooral nazaten slaafgemaakten kampten daarmee gebrek beschikbare vruchtbare grond werk maakte vrijgemaakten soms afhankelijk voormalige eigenaren curaçao bijvoorbeeld bleven reden land malige eigenaren wonen ruil grond werkten soms landeigenaar paga tera systeem armoede eilanden ontkomen emigreerden vooral mannen groten getale zie hoofdstuk charles rego keerpunt bracht opkomst olie industrie konink lijke nederlandsche petroleum maatschappij shell eerst curaçao ver volgens aruba twintig,0.4162260347051942,0.5236934869587905,0.3853651360830387,0.5236934869587905,Historical slavery,0.1074674522535962,high,"— 117 —
— SLAVERNIJ, AFSCHAFFINGEN EN DOORWERKINGEN —
geproduceerd. Een uitzondering was Bonaire, waar slaafgemaakten in 
de zoutpannen werkten. Vrije arbeid betekende nog geen gelijke kansen op de eilanden, waar 
kleur, klasse en religie al voor 1 juli 1863 de status van zowel de vrije als de 
onvrije eilandbewoners bepaalden. Er heerste bittere armoede als gevolg 
van schaarste aan werk en land. Vooral de nazaten van slaafgemaakten 
kampten daarmee. Gebrek aan beschikbare vruchtbare grond en werk 
maakte de vrijgemaakten soms afhankelijk van hun voormalige eigenaren. Op Curaçao, bijvoorbeeld, bleven ze om die reden op het land van hun voor­
malige eigenaren wonen. In ruil voor grond werkten zij soms nog voor de 
landeigenaar (het paga tera-systeem). Om aan de armoede op de eilanden te 
ontkomen, emigreerden vooral mannen in groten getale (zie hoofdstuk 15 
van Charles do Rego). Een keerpunt bracht de opkomst van de olie-industrie door de Konink­
lijke Nederlandsche Petroleum Maatschappij Shell, eerst op Curaçao en ver­
volgens op Aruba, in de jaren twintig.",Historical slavery,1,False
Slavery_text\Jouwe e.a. - Slavernij en de stad Utrecht.283.txt,31f47ed9:00002,10.0,"M.S.C. Bakker, ‘Suiker’, in: H.W. Lintsen (red.), Geschiedenis van de 
techniek in Nederland. De wording van een moderne samenleving 1800-
1890, deel 1: Techniek en modernisering. Landbouw en voeding (Zutphen: 
Walburg Pers, 1992), 215-251, aldaar 219. 33. Tamira Combrink, ‘From French Harbours to German Rivers: Euro-
pean Distribution of Sugar by the Dutch in the Eighteenth Century’, 
in: Marguerite Martin en Maud Villeret (red.), La Diffusion des 
produits ultramarins en Europe. xvie-xviiie siècle (Rennes: Presses 
Universitaires de Rennes, 2018), 39-54, aldaar 40. Veel van de geïm-
porteerde suiker werd overigens doorverhandeld naar het Duitse 
achterland, met als voornaamste bestemming Frankfurt am Main. Ibidem, 44.",c bakker suiker h w lintsen red geschiedenis techniek nederland wording moderne samenleving deel techniek modernisering landbouw voeding zutphen walburg pers aldaar xvie xviiie siècle rennes presses universitaires rennes aldaar geïm porteerde suiker overigens doorverhandeld duitse achterland voornaamste bestemming frankfurt main ibidem,0.5219381779581796,0.4572699130000219,0.4096117307985524,0.5219381779581796,Colonialism,0.0646682649581577,high,"M.S.C. Bakker, ‘Suiker’, in: H.W. Lintsen (red.), Geschiedenis van de 
techniek in Nederland. De wording van een moderne samenleving 1800-
1890, deel 1: Techniek en modernisering. Landbouw en voeding (Zutphen: 
Walburg Pers, 1992), 215-251, aldaar 219. 33. Tamira Combrink, ‘From French Harbours to German Rivers: Euro-
pean Distribution of Sugar by the Dutch in the Eighteenth Century’, 
in: Marguerite Martin en Maud Villeret (red.), La Diffusion des 
produits ultramarins en Europe. xvie-xviiie siècle (Rennes: Presses 
Universitaires de Rennes, 2018), 39-54, aldaar 40. Veel van de geïm-
porteerde suiker werd overigens doorverhandeld naar het Duitse 
achterland, met als voornaamste bestemming Frankfurt am Main. Ibidem, 44.",Colonialism,0,False
Slavery_text\Allen e.a. - 2023 - Staat en slavernij het Nederlandse koloniale slavernijverleden en zijn doorwerkingen.451.txt,d2edef39:00004,10.0,"13. Archieven van Curaçao, Bonaire en Aruba 
(na), inv. 154; Renkema, Het Curaçaose 
plantagebedrijf in de negentiende eeuw (Zutphen 
1981) 119. 14. Renkema, Het Curaçaose plantagebedrijf, 180-
181; 
15. Duplicaten Bestuursarchieven van Suriname 
(na), inv.nr. 48, scan 311; 49, 468, 1091. ◼ ◼◼  11. Slavernij, kolonialisme en de financiële 
sector – Pepijn Brandon
1. Gerhard de Kok en Pepijn Brandon, Het 
slavernijverleden van historische voorlopers van 
abn amro.",archieven curaçao bonaire aruba inv renkema curaçaose plantagebedrijf negentiende eeuw zutphen renkema curaçaose plantagebedrijf duplicaten bestuursarchieven suriname inv nr scan slavernij kolonialisme financiële sector pepijn brandon gerhard kok pepijn brandon slavernijverleden historische voorlopers abn amro,0.5695095451225882,0.4633952918263977,0.3884164266519473,0.5695095451225882,Colonialism,0.1061142532961905,high,"13. Archieven van Curaçao, Bonaire en Aruba 
(na), inv. 154; Renkema, Het Curaçaose 
plantagebedrijf in de negentiende eeuw (Zutphen 
1981) 119. 14. Renkema, Het Curaçaose plantagebedrijf, 180-
181; 
15. Duplicaten Bestuursarchieven van Suriname 
(na), inv.nr. 48, scan 311; 49, 468, 1091. ◼ ◼◼  11. Slavernij, kolonialisme en de financiële 
sector – Pepijn Brandon
1. Gerhard de Kok en Pepijn Brandon, Het 
slavernijverleden van historische voorlopers van 
abn amro.",Colonialism,0,False
Slavery_text\Allen e.a. - 2023 - Staat en slavernij het Nederlandse koloniale slavernijverleden en zijn doorwerkingen.350.txt,c121274b:00001,6.0,"◼ ◼◼  Naar de ‘Nieuwe Wereld’
Over de slavernij op Vlaamse plantages op de Atlantische eilanden hebben 
we doorgaans weinig informatie. Dat is niet het geval voor de suiker­
plantage van Erasmus Schetz, een in Antwerpen gebaseerde koopman-­
financier, op São Vicente, een kusteiland in het huidige Brazilië. Erasmus 
Schetz kocht deze plantage rond 1540. Een uitgebreide maar helaas ano­
nieme brief over de stand van zaken op de plantage in 1548 en een reeks 
andere documenten maken een inkijk in de plantage mogelijk.5 Volgens 
de brief zijn er 130 slaafgemaakte mannen en vrouwen aanwezig op de 
plantage. Deze Antwerpse handelaar handelde dus niet alleen in suiker uit 
Brazilië, maar deed ook zelf aan kolonisatie en slavernij. De arbeiders op 
de plantage bestonden uit een meerderheid aan lokale slaafgemaakten en",nieuwe wereld slavernij vlaamse plantages atlantische eilanden doorgaans informatie geval suiker plantage erasmus schetz antwerpen gebaseerde koopman financier são vicente kusteiland huidige brazilië erasmus schetz kocht plantage rond uitgebreide helaas ano nieme brief stand zaken plantage reeks documenten maken inkijk plantage mogelijk volgens brief slaafgemaakte mannen vrouwen aanwezig plantage antwerpse handelaar handelde alleen suiker brazilië deed kolonisatie slavernij arbeiders plantage bestonden meerderheid lokale slaafgemaakten,0.4352791571358892,0.5393108832177244,0.3153957365232365,0.5393108832177244,Historical slavery,0.1040317260818351,high,"◼ ◼◼  Naar de ‘Nieuwe Wereld’
Over de slavernij op Vlaamse plantages op de Atlantische eilanden hebben 
we doorgaans weinig informatie. Dat is niet het geval voor de suiker­
plantage van Erasmus Schetz, een in Antwerpen gebaseerde koopman-­
financier, op São Vicente, een kusteiland in het huidige Brazilië. Erasmus 
Schetz kocht deze plantage rond 1540. Een uitgebreide maar helaas ano­
nieme brief over de stand van zaken op de plantage in 1548 en een reeks 
andere documenten maken een inkijk in de plantage mogelijk.5 Volgens 
de brief zijn er 130 slaafgemaakte mannen en vrouwen aanwezig op de 
plantage. Deze Antwerpse handelaar handelde dus niet alleen in suiker uit 
Brazilië, maar deed ook zelf aan kolonisatie en slavernij. De arbeiders op 
de plantage bestonden uit een meerderheid aan lokale slaafgemaakten en",Historical slavery,1,False
Slavery_text\Jouwe e.a. - Slavernij en de stad Utrecht.19.txt,d75b5aa5:00000,10.0,"INLEIDING 
19
Slavernĳ
Het is hier niet mogelĳk, en ook niet de bedoeling, om het precieze aan-
deel van de koloniale handel in de Utrechtse economie en kapitaalmarkt 
vast te stellen. Daarvoor zou een grootschalig en tĳdrovend onderzoek 
naar de investeringen, markten en bedrĳfsleven van Utrecht nodig zĳn. Het gehele notariële archief van Utrecht zou doorgespit moeten worden, 
handelshuizen onderzocht, boedels gereconstrueerd. De vraag is of er 
voldoende materiaal voorhanden is om een precieze berekening mogelĳk 
te maken. Het zou bovendien een kunstmatige afbakening vergen van 
wat we ‘koloniaal’ of ‘slavernĳ-gerelateerd’ willen noemen. Uiteindelĳk 
is het zelfs binnen de koloniale economie onmogelĳk het aandeel van 
slavernĳ in zĳn geheel te isoleren. Uiteindelĳk was elke activiteit in de 
koloniën afhankelĳk van de arbeid van tot slaaf gemaakten. Meestal associëren we slavernĳ met plantages. Dat is niet ten on-
rechte. Veel koloniale producten die naar Europa stroomden, waren 
verbouwd op plantages, meestal in Amerika.",slavernĳ mogelĳk bedoeling precieze deel koloniale handel utrechtse economie kapitaalmarkt vast stellen daarvoor grootschalig tĳdrovend onderzoek investeringen markten bedrĳfsleven utrecht nodig zĳn gehele notariële archief utrecht doorgespit moeten handelshuizen onderzocht boedels gereconstrueerd vraag voldoende materiaal voorhanden precieze berekening mogelĳk maken bovendien kunstmatige afbakening vergen koloniaal slavernĳ gerelateerd willen noemen uiteindelĳk zelfs koloniale economie onmogelĳk aandeel slavernĳ zĳn geheel isoleren uiteindelĳk elke activiteit koloniën afhankelĳk arbeid slaaf gemaakten meestal associëren slavernĳ plantages ten rechte koloniale producten europa stroomden verbouwd plantages meestal amerika,0.5044306857127048,0.4282190279824661,0.3741865291850123,0.5044306857127048,Colonialism,0.0762116577302386,high,"INLEIDING 
19
Slavernĳ
Het is hier niet mogelĳk, en ook niet de bedoeling, om het precieze aan-
deel van de koloniale handel in de Utrechtse economie en kapitaalmarkt 
vast te stellen. Daarvoor zou een grootschalig en tĳdrovend onderzoek 
naar de investeringen, markten en bedrĳfsleven van Utrecht nodig zĳn. Het gehele notariële archief van Utrecht zou doorgespit moeten worden, 
handelshuizen onderzocht, boedels gereconstrueerd. De vraag is of er 
voldoende materiaal voorhanden is om een precieze berekening mogelĳk 
te maken. Het zou bovendien een kunstmatige afbakening vergen van 
wat we ‘koloniaal’ of ‘slavernĳ-gerelateerd’ willen noemen. Uiteindelĳk 
is het zelfs binnen de koloniale economie onmogelĳk het aandeel van 
slavernĳ in zĳn geheel te isoleren. Uiteindelĳk was elke activiteit in de 
koloniën afhankelĳk van de arbeid van tot slaaf gemaakten. Meestal associëren we slavernĳ met plantages. Dat is niet ten on-
rechte. Veel koloniale producten die naar Europa stroomden, waren 
verbouwd op plantages, meestal in Amerika.",Colonialism,0,False
Slavery_text\Jouwe e.a. - Slavernij en de stad Utrecht.21.txt,2a69e36e:00000,10.0,"INLEIDING 
21
weggerukt en kregen ze nieuwe namen. De angst voor opstanden was 
reëel onder de plantagehouders en slaveneigenaren, hetgeen zĳ com-
penseerden met een hard regime. Ongehoorzaamheid werd vaak zwaar 
gestraft. Niet voor niets deden veel tot slaaf gemaakten een vluchtpoging. Alles was beter dan een leven in slavernĳ. Zoals Anton de Kom in zĳn 
klassieke aanklacht Wĳ slaven van Suriname benadrukte, was de vlucht 
een laatste wanhoopsdaad van de zwarte arbeiders onder een geweld-
dadig arbeidsregiem.16 De individuele geschiedenissen van tot slaaf 
gemaakten zĳn vaak moeilĳk te achterhalen, maar ze vormen het canvas 
waarop de Utrechtse notabelen, de investeerders, suikerraffinadeurs, 
de kooplieden en matrozen van de voc en de plantage-eigenaren in dit 
boek profiel krĳgen. Racisme en slavernĳ
De opkomst van rasdenken, Europees kolonialisme en slavernĳ zĳn nauw 
met elkaar verweven. Raciale logica was al vroeg in deze geschiedenis 
aanwezig, zelfs al werd racisme – voor het ontstaan van het wetenschap-
pelĳk racisme – meestal in religieuze termen verwoord. De voc zag 
zich in Azië bĳvoorbeeld als een christelĳke overheid, en in de vroege 
Atlantische wereld was er volgens historicus Katharine Gerbner nog 
niet zozeer sprake van een expliciete ideologie van white supremacy als 
wel van protestant supremacy.17 Dat het in de praktĳk toch om raciaal 
onderscheid ging, en niet om religieus onderscheid, blĳkt wel uit wat er 
gebeurde toen het christelĳk geloof zich in toenemende mate onder tot 
slaaf gemaakten begon te verspreiden. Religieuze legitimeringen voor 
de slavernĳ maakten snel plaats voor een meer expliciete racistische 
ideologie.",weggerukt kregen nieuwe namen angst opstanden reëel plantagehouders slaveneigenaren hetgeen zĳ com penseerden hard regime ongehoorzaamheid vaak zwaar gestraft deden slaaf gemaakten vluchtpoging beter leven slavernĳ anton kom zĳn klassieke aanklacht wĳ slaven suriname benadrukte vlucht laatste wanhoopsdaad zwarte arbeiders geweld dadig arbeidsregiem individuele geschiedenissen slaaf gemaakten zĳn vaak moeilĳk achterhalen vormen canvas waarop utrechtse notabelen investeerders suikerraffinadeurs kooplieden matrozen voc plantage eigenaren boek profiel krĳgen racisme slavernĳ opkomst rasdenken europees kolonialisme slavernĳ zĳn nauw elkaar verweven raciale logica vroeg geschiedenis aanwezig zelfs racisme ontstaan wetenschap pelĳk racisme meestal religieuze termen verwoord voc zag azië bĳvoorbeeld christelĳke overheid vroege atlantische wereld volgens historicus katharine gerbner zozeer sprake expliciete ideologie white supremacy protestant supremacy praktĳk raciaal onderscheid ging religieus onderscheid blĳkt gebeurde christelĳk geloof toenemende mate slaaf gemaakten begon verspreiden religieuze legitimeringen slavernĳ maakten snel plaats expliciete racistische ideologie,0.4101513987299244,0.533678019895939,0.385377026810455,0.533678019895939,Historical slavery,0.1235266211660146,high,"INLEIDING 
21
weggerukt en kregen ze nieuwe namen. De angst voor opstanden was 
reëel onder de plantagehouders en slaveneigenaren, hetgeen zĳ com-
penseerden met een hard regime. Ongehoorzaamheid werd vaak zwaar 
gestraft. Niet voor niets deden veel tot slaaf gemaakten een vluchtpoging. Alles was beter dan een leven in slavernĳ. Zoals Anton de Kom in zĳn 
klassieke aanklacht Wĳ slaven van Suriname benadrukte, was de vlucht 
een laatste wanhoopsdaad van de zwarte arbeiders onder een geweld-
dadig arbeidsregiem.16 De individuele geschiedenissen van tot slaaf 
gemaakten zĳn vaak moeilĳk te achterhalen, maar ze vormen het canvas 
waarop de Utrechtse notabelen, de investeerders, suikerraffinadeurs, 
de kooplieden en matrozen van de voc en de plantage-eigenaren in dit 
boek profiel krĳgen. Racisme en slavernĳ
De opkomst van rasdenken, Europees kolonialisme en slavernĳ zĳn nauw 
met elkaar verweven. Raciale logica was al vroeg in deze geschiedenis 
aanwezig, zelfs al werd racisme – voor het ontstaan van het wetenschap-
pelĳk racisme – meestal in religieuze termen verwoord. De voc zag 
zich in Azië bĳvoorbeeld als een christelĳke overheid, en in de vroege 
Atlantische wereld was er volgens historicus Katharine Gerbner nog 
niet zozeer sprake van een expliciete ideologie van white supremacy als 
wel van protestant supremacy.17 Dat het in de praktĳk toch om raciaal 
onderscheid ging, en niet om religieus onderscheid, blĳkt wel uit wat er 
gebeurde toen het christelĳk geloof zich in toenemende mate onder tot 
slaaf gemaakten begon te verspreiden. Religieuze legitimeringen voor 
de slavernĳ maakten snel plaats voor een meer expliciete racistische 
ideologie.",Historical slavery,1,False
Slavery_text\Racisme bij het Ministerie van Buitenlandse Zaken. Een verkennend onderzoek.103.txt,84566479:00000,10.0,"RACISME BIJ HET MINISTERIE VAN BUITENLANDSE ZAKEN 
Een verkennend onderzoek 
 
103 
 
Felten, H., Does, S., De Winter Kocak, S., Asante, A., Andriessen, I., Donker, R., & Brock, A. (2021). Institutioneel racisme in Nederland. Literatuuronderzoek naar de aanwijzingen voor 
institutioneel racisme op de domeinen arbeidsmarkt, woningmarkt, onderwijs en politiek. Utrecht: Kennisplatform Integratie & Samenleving. Fermin, A., Omlo, J., Walz, G., Kromhout, M., Robbers, S. & Butter, E. (2021) Institutioneel 
racisme bij de gemeente Utrecht? Een verkennende studie naar processen van uitsluiting 
op vier beleidsterreinen. Utrecht: Bureau Omlo.",racisme ministerie buitenlandse zaken verkennend onderzoek felten h winter kocak asante andriessen donker r brock institutioneel racisme nederland literatuuronderzoek aanwijzingen institutioneel racisme domeinen arbeidsmarkt woningmarkt onderwijs politiek utrecht kennisplatform integratie samenleving fermin omlo j walz g kromhout robbers butter e institutioneel racisme gemeente utrecht verkennende studie processen uitsluiting vier beleidsterreinen utrecht bureau omlo,0.4087584584781443,0.3884928579866653,0.5316984093748778,0.5316984093748778,Modern racism& inequality,0.1229399508967334,high,"RACISME BIJ HET MINISTERIE VAN BUITENLANDSE ZAKEN 
Een verkennend onderzoek 
 
103 
 
Felten, H., Does, S., De Winter Kocak, S., Asante, A., Andriessen, I., Donker, R., & Brock, A. (2021). Institutioneel racisme in Nederland. Literatuuronderzoek naar de aanwijzingen voor 
institutioneel racisme op de domeinen arbeidsmarkt, woningmarkt, onderwijs en politiek. Utrecht: Kennisplatform Integratie & Samenleving. Fermin, A., Omlo, J., Walz, G., Kromhout, M., Robbers, S. & Butter, E. (2021) Institutioneel 
racisme bij de gemeente Utrecht? Een verkennende studie naar processen van uitsluiting 
op vier beleidsterreinen. Utrecht: Bureau Omlo.",Modern racism& inequality,2,False
Slavery_text\Allen e.a. - 2023 - Staat en slavernij het Nederlandse koloniale slavernijverleden en zijn doorwerkingen.465.txt,580cd0f5:00004,10.0,"Geugten, Tom van der (red.), 
Geschiedeniswerkplaats. 2 vmbo (Groningen 2019). Geugten, Tom van der (red.), 
Geschiedeniswerkplaats. Bovenbouw vwo 
(Groningen 2018). Geugten, Tom van der (red.), 
Geschiedeniswerkplaats. Werkboek 2 vwo 
(Groningen 2019). Gfcnieuws.com, ‘Dekolonisatie Surinaams 
onderwijs in alle rust,’ 22 augustus 2022: 
https://surinamenieuwscentrale.com/
dekolonisatie-surinaams-onderwijs-alle-rust. Goodfriend, Joyce, ‘Burghers and Blacks. The Evolution of a Slave Society At New 
Amsterdam,’ New York History 59 (1978) 129-30. Goodfriend, Joyce, ‘Black Families in New 
Netherland,’ A Beautiful and Fruitful Place, red.",geugten tom red geschiedeniswerkplaats vmbo groningen geugten tom red geschiedeniswerkplaats bovenbouw vwo groningen geugten tom red geschiedeniswerkplaats werkboek vwo groningen gfcnieuws com dekolonisatie surinaams onderwijs rust augustus https surinamenieuwscentrale com dekolonisatie surinaams onderwijs rust goodfriend joyce burghers blacks goodfriend joyce black families new netherland beautiful fruitful place red,0.5906323659466682,0.4743082568795881,0.4688634032550662,0.5906323659466682,Colonialism,0.1163241090670801,high,"Geugten, Tom van der (red.), 
Geschiedeniswerkplaats. 2 vmbo (Groningen 2019). Geugten, Tom van der (red.), 
Geschiedeniswerkplaats. Bovenbouw vwo 
(Groningen 2018). Geugten, Tom van der (red.), 
Geschiedeniswerkplaats. Werkboek 2 vwo 
(Groningen 2019). Gfcnieuws.com, ‘Dekolonisatie Surinaams 
onderwijs in alle rust,’ 22 augustus 2022: 
https://surinamenieuwscentrale.com/
dekolonisatie-surinaams-onderwijs-alle-rust. Goodfriend, Joyce, ‘Burghers and Blacks. The Evolution of a Slave Society At New 
Amsterdam,’ New York History 59 (1978) 129-30. Goodfriend, Joyce, ‘Black Families in New 
Netherland,’ A Beautiful and Fruitful Place, red.",Colonialism,0,False
,,,,,,,,,,,,"Het boek ‘De slavernij in Oost en 
West, het Amsterdam onderzoek’ 
waarop dit publieksboek  
gebaseerd is. Op 1 juli 1863 schafte Nederland de 
slavernij in Suriname af. Nog eens 10 jaar 
later werden mensen in Suriname pas 
echt vrij; zij hadden nog tot 1 juli 1873 
onder staatstoezicht door moeten werken. Daarmee kwam een eind aan bijna 300 jaar 
slavernij. Amsterdam speelde eeuwenlang 
een belangrijke rol in de internationale 
slavenhandel in Noord- en Zuid-Amerika, 
Afrika en Azië. Een deel van de 
Amsterdammers die rijk werden van de 
slavernij, zaten ook in het stadsbestuur. Deze voorloper van de huidige gemeente 
Amsterdam was op allerlei manieren 
betrokken: het bestuur verdiende aan de 
handel, was mede-eigenaar van Suriname 
en burgemeesters en wethouders 
profiteerden ook privé van de slavernij. We zijn nu anderhalve eeuw verder. Dat 
lijkt een lange tijd. Maar nog steeds zijn 
de sporen van de slavernij zichtbaar in 
de stad.",UNLABELED,-1,False
,,,,,,,,,,,,"Gebhardt, W., & Feijten, P. (2022). Mensbeelden bij 
beleid: Bewust worden, 
bespreken en bijstellen. ​
Sociaal en Cultureel 
Planbureau. 30. Ghorashi, H., Boersma, K., 
& Azarhoosh, F. (2023). Tus-
sen-denken en inclusief 
besturen rond armoede. In T. Overmans, M.",UNLABELED,-1,False
,,,,,,,,,,,,"War, Trade, and 
Settlement in the Seventeenth-Century Atlantic 
World (Ithaca 2016); Karwan Fatah-Black, 
Lauren Lauret en Joris van den Tol, 
Dienstbaar aan de Keten? De Nederlandsche Bank 
en de laatste decennia van de slavernij, 1814-1863 
(Leiden 2022) 129-164. ◼ ◼◼  26. De verstrengeling van kolonialisme en 
lokale samenleving: de Sefarden op Curaçao 
– Jeanne Henriquez 
1. Isaac Emmanuel en Suzanne A. Emmanuel, 
History of the Jews of the Netherlands Antilles, 
1970, deel 1, 77; The Alvares Correa Families of 
Curaçao and Brazil (Parijs 1965) 10. 2. Christian Cwik, The Rise of Jewish Merchants 
Capitalists in the Caribbean. The Triangulation of 
Barbados, Jamaica and Curaçao, University of 
the West Indies (Trinidad & Tobago 2016). 3.",UNLABELED,-1,False
,,,,,,,,,,,,"— 91 —
— ACTUELE VRAAGSTUKKEN —
herinneren goed te begrijpen. Het is de hoogste tijd voor meer en uitge­
breider onderzoek naar dergelijke processen. De sterke nadruk op de doorwerking van slavernij (en kolonialisme) op 
het heden roept al gauw vragen op. Over zowel de psychische als de sociale 
en culturele doorwerkingen van de slavernij wordt in het publieke debat 
veel beweerd en gediscussieerd, maar systematisch wetenschappelijk 
onderzoek is nog schaars. Er valt veel te winnen op het gebied van domein­
overstijgend onderzoek naar bijvoorbeeld historisch trauma en andere 
vormen waarin slavernij op cultureel vlak doorwerkt. Als slavernij en 
­kolonialisme ‘de wereld gevormd’ hebben, zoals in het Tropenmuseum 
te lezen en te zien is, zijn er dan ook delen van de wereld en wereldbeelden 
die niet door kolonialisme en slavernij gevormd zijn? En wat is het aandeel 
van andere geschiedenissen, bijvoorbeeld dekolonisatie, neokolonialisme, 
(burger-)oorlogen en (trans)migratie in de vorming van diezelfde wereld? We kunnen concluderen dat ‘de’ doorwerking van het slavernijverleden 
niet bestaat. Ieder individu gaat anders om met trauma’s. De wetenschap 
moet die verschillende doorwerkingen en de omgang met het verleden 
systematisch onderzoeken.",UNLABELED,-1,False
,,,,,,,,,,,,"— 297 —
— NEDERLANDSE KOLONIALE SLAVERNIJ WERELDWIJD —
Slaafgemaakten werden niet alleen door speciale slavenschepen van de 
voc naar de Kaap gebracht, maar ook op passerende voc-schepen en 
buitenlandse schepen die onderweg de Kaap aandeden. Zowel voc-functi­
onarissen als scheepsbemanningen hielden zich bezig met kleinschalige 
slavenhandel naar de Kaap. Ze kochten zelf, of namens anderen, slaafge­
maakten op en brachten die als handelswaar naar de Kaap om ze daar door 
te verkopen. Ook buitenlandse slavenschepen op weg naar de Amerikaan­
se koloniën verkochten een deel van hun menselijke lading op de Kaap. Door deze aanvoer groeide de slavenbevolking op de Kaap gestaag. Maar 
na verloop van tijd groeide de slavenbevolking vooral door de kinderen 
die in slavernij werden geboren. Historisch demograaf Robert Shell schat dat er in de periode 1652 tot 
1808 zo’n drieënzestigduizend slaafgemaakte mannen, vrouwen en kinde­
ren naar de Kaapkolonie werden gebracht.3 Zij waren het bezit van de vrij­
burgers. Er waren aanzienlijke regionale verschillen in het gebruik van 
slaafgemaakten: de meeste woonden in Kaapstad en de wijn- en graan­
districten in de omgeving (Kaapdistrict, Stellenbosch en Swellendam). De veehouders in het binnenland maakten meer gebruik van Khoisan-­
arbeiders en minder van slaafgemaakte mensen. In 1773 had geen enkele 
slavenhouder in de kolonie meer dan 101 slaafgemaakte mensen en slechts 
tien slavenhouders bezaten meer dan vijftig slaafgemaakten.",UNLABELED,-1,False
,,,,,,,,,,,,"Een koopman wilde hen 
gescheiden van de hand doen. Nadat de moeder en haar kind zĳn 
vrĳgekocht volgt de volgende passage:
‘Dat de Zwarten de Blanken wantrouwden, dat vele van hen geene 
vriendschappelĳke neigingen, maar afkeer en wraakzucht in het hart 
voedden, o, dat was natuurlĳk; doch de beide Vrienden deden hun 
best, om allengs meer en meer een gepast ontzag inteboezemen, en het 
gul vertrouwen van deze natuurkinderen te winnen. Zĳ deden hunne 
meerderheid in kennis en beschaving, en vooral in levenswĳsheid 
altĳd duidelĳk gevoelen; doch daar zĳ de waarde van den mensch",UNLABELED,-1,False
,,,,,,,,,,,,"Tweede Kamer, 76ste zitting – 2 julij 1862, vel. 253, p. 923 
68 De Nederlandsche Staats-Courant 1861-1862 (bijblad). Tweede Kamer, 76ste zitting – 2 julij 1862, vel. 253, p. 923",UNLABELED,-1,False
,,,,,,,,,,,,"— 407 —
Raymund Schütz
29. De koloniale winsten van 	
	
de prinsen van Oranje
In 1869 schreef De Navorscher, een tijdschrift over geschiedenis, genealogie 
en de taalkunde, over de inkomsten van de stadhouder in 1772.1 Het stelde 
dat de stadhouder prins Willem v dat jaar van de Verenigde Oost-Indische 
Compagnie (voc) 40 000 gulden en van de Westindische Compagnie (wic) 
10 000 gulden uitgekeerd kreeg. Het inkomen van de stadhouder in 1772 
bedroeg in totaal 383 685,19 gulden. Volgens de resolutie van 11 mei 1674 
van Heren Zeventien (het centrale bestuur van de voc) werd aan Willem 
iii en diens opvolgers de opbrengst van een drieëndertigste deel van alle 
uitbetalingen aan de voc-participanten uitgekeerd. Stadhouder Willem V, 
door Johann Georg 
Ziesenis circa 
1763-1776.",UNLABELED,-1,False
,,,,,,,,,,,,"Hoe wordt elders met het slavernijverleden omgegaan? In de meeste landen die deel zijn geweest van het trans-Atlantisch slavernijverleden zijn er 
fysieke en immateriële elementen in het leven geroepen die bewust dat verleden helpen 
herdenken en daarmee direct of indirect  ook vragen aan het nu stellen. De Verenigde Naties 
c.q. UNESCO hebben drie data in het kalenderjaar aangemerkt als herinneringsdagen: 23 
augustus als 'Internationale Dag ter Herinnering aan de Slavenhandel en de Afschaffing 
ervan', 2 december als de ‘Internationale Dag voor de Afschaffing van Slavernij’, gericht op 
afschaffing van vormen van hedendaagse slavernij en 25 maart de Internationale 
Herdenkingsdag van de Slachtoffers van Slavernij en de trans-Atlantische Slavenhandel. Deze 
dagen zijn op verschillende momenten ingesteld vanaf 1999. Tegelijk startte UNESCO in 
1994 met het “Slave Route Project: Resistance, Liberty, Heritage”, dat nog steeds loopt en 
wordt geadviseerd door een International Scientific Committee.80 Ook heeft de VN het 
Decennium voor Mensen van Afrikaanse Afkomst (2015-2015) uitgeroepen, waaraan onder 
meer Nederland zich heeft gecommitteerd.81 Het doel van dit speciale decennium is de 
grondrechten en de vrijheden van mensen van Afrikaanse afkomst te beschermen. Hoe urgent 
en noodzakelijk dat is, blijkt nu middenin dit decennium Black Lives Matter een wereldwijde 
beweging is geworden. Vrijwel alle landen die direct betrokken zijn geweest bij de trans-Atlantische slavernij 
als slavenmaker of als slavenkolonie hebben een datum waarop de slavernij –meestal de 
afschaffing ervan– wordt herdacht. De mate waarin verschilt echter enorm. Voor Nederland 
en zijn ex-koloniën is dat 1 juli en heeft het de Surinaamse naam Keti Koti (De ketenen zijn 
verbroken) gekregen.",UNLABELED,-1,False
,,,,,,,,,,,,"In Amsterdam was dat niet anders. De slavernijgeschiedenis werd jarenlang 
gezien als iets wat zich ver weg overzee 
afspeelde. Iets wat los stond van het grote 
verhaal van de geschiedenis van de stad. Er werd niet verteld dat de Amsterdamse 
elite langdurig en grootschalig profiteerde 
van wereldwijde slavenhandel en slavernij. Dat is bijvoorbeeld te zien in de indruk­
wekkende boekenreeks, de Geschiedenis 
van Amsterdam. Daarin wordt slavernij 
zelfs in de meest recente uitgave van 
2005 slechts op een aantal pagina’s 
kort besproken. ‘Tolerant’ land
Mensen koesterden – en sommigen doen 
dat nog steeds – bovendien graag het beeld 
van Nederland als tolerant land, waar 
discriminatie op basis van ras niet bestaat. Daarbij past een benadering van de 
geschiedenis waarin slavernij hooguit een 
betekenis in de marge heeft. Slavernij werd 
lange tijd vooral gezien als een thema van 
de Afro-Caraïbische Nederlanders en iets 
wat hoorde bij het verleden van Suriname 
en de Antillen, niet als een belangrijk 
onderdeel van de geschiedenis van alle 
Nederlanders. Jarenlang vond het pleidooi 
voor de publieke erkenning van slavernij 
geen gehoor.",UNLABELED,-1,False
,,,,,,,,,,,,"58 
MATTHIAS LUKKES
deze compagnie en wie waren de betrokkenen? En hoe verhielden de 
verschillende plannen die de compagnie ontwikkelde zich precies tot 
slavernĳ in de Nederlandse koloniën? De aanleiding: speculatiedrift en maritieme ambities
In de zomer van 1720 diende de Utrechtse ondernemer Johan Werner 
Meinertzhagen een plan in bĳ de Staten van Utrecht om een ‘actie-
compagnie’ op te richten, een bedrĳf, vergelĳkbaar met een heden-
daagse beursgenoteerde naamloze vennootschap. Het was een roerige 
zomer: de Republiek bevond zich op dat moment midden in een golf 
van speculatiedrift. Het jaar daarvoor hadden handelaren in Parĳs 
en Londen de winstgevende mogelĳkheden van speculeren ingezien, 
waarna ondernemers in de Republiek, zoals Meinertzhagen, in 1720 kans 
zagen hun eigen slag te slaan. In totaal werden er tussen juni en oktober 
veertig bedrĳfsvoorstellen ingediend bĳ lokale stads- of provinciale 
besturen om een actiecompagnie op te mogen richten. Dit gebeurde 
in heel de Republiek, van Harlingen tot Middelburg.3
Gezicht op de Kromme Nieuwegracht vanuit het noorden met rechts de kapel die diende als 
het Compagnieshuis. Op de plek van de kerk is nu Ottone gehuisvest, op Kromme Nieuwe-
gracht 62. Voordien bekend als Ammunitiehuis. Jan de Bijer, c.1744 (Het Utrechts Archief)",UNLABELED,-1,False
,,,,,,,,,,,,"In dat perspectief ligt het voor de 
hand om erkenning, excuses en herstel in een Nederlandse wet te regelen. Er zijn echter legitieme redenen om niet voor een Nederlandse wet maar voor een 
onderlinge regeling in de vorm van een rijkswet te kiezen, dat wil zeggen kiezen voor een 
wet die op het niveau van het Koninkrijk door alle koninkrijkspartners samen wordt 
vastgesteld. Aangezien erkenning, excuses en herstel een aangelegenheid is die tot de 
autonomie van Nederland behoort, kan alleen voor regeling op koninkrijksniveau worden 
gekozen als alle landen (Nederland, Aruba, Curaçao en Sint Maarten) hiermee instemmen. Er 
moet consensus zijn, zowel over de vorm als over de inhoud. Komt die consensus niet tot 
stand, dan kan er geen sprake zijn van een rijkswet en is Nederland op een Nederlandse wet 
aangewezen.106 Uiteraard moet in de consensusrijkswet nadrukkelijk tot uitdrukking 
gebracht worden dat de verantwoordelijkheid voor het slavernijverleden ligt bij, en 
genomen wordt door het Europese deel van het Koninkrijk der Nederlanden. Een consensusrijkswet laat zien dat het land Nederland niet met een solotoer bezig is, maar 
het belangrijk vindt in dit onderwerp samen op te trekken. Een consensusrijkswet geeft de 
                                                        
105 Zie o.a. Sint Nicolaas 2021, p. 26-28. 106 Zie over de consensusrijkswet: Van Rijn 2019, #107.",UNLABELED,-1,False
,,,,,,,,,,,,"Ook de werkplekken zijn op sommige 
ambassades gescheiden. Een respondent vertelt dat lokaal personeel in de kelder werkt 
en dat de uitgezonden medewerkers op een andere verdieping werken. Een andere 
respondent vertelt dat de lokaal aangenomen medewerkers “in een kluitje in een hoek zijn 
gedrukt”, terwijl de uitgezonden medewerkers in “mooie kamers” hun werk kunnen doen.",UNLABELED,-1,False
,,,,,,,,,,,,"15 
Essay voor de Dialooggroep Slavernijverleden 
Een plaats voor het slavernijverleden in Nederland  
Alex van Stipriaan, 12 maart 2021 
 
De ons voorgelegde vraag van de Dialooggroep Slavernijverleden luidt: “Hoe kan de 
herinnering aan het slavernijverleden levend gehouden worden, c.q. welke zijn de middelen 
om het slavernijverleden in het heden betekenisvol te borgen?” 
“De kwestie betreft de instandhouding van het Nationaal Monument Slavernijverleden, 
oprichting van een Kenniscentrum Slavernijverleden en de vestiging van een 
Slavernijmuseum. Zijn dit voor de samenleving als geheel middelen om het slavernijverleden 
in het heden betekenisvol te borgen? En aan welke (aanvullende) randvoorwaarden moet 
voldaan worden om dit op een succesvolle wijze bij te laten dragen aan de dialoog in de 
samenleving? Zijn hier (internationale) succesvolle voorbeelden van? En dragen andere 
opties, zoals 1 juli als nationale feestdag, of een viering dan wel herdenking van 1 juli 1873 
(in 2023 150 jaar geleden) of 17 augustus 1795 hier in sterkere of juist minder sterke wijze 
aan bij? “ 
 
Vooraf 
Het werkveld en daarmee ook de vraagstelling van de Dialooggroep Slavernijverleden beperkt 
zich impliciet tot het trans-Atlantisch slavernijverleden. In de samenleving klinken echter 
steeds vaker geluiden ook de Nederlandse slavernij in Azië onder het Nederlands 
slavernijverleden te scharen. Dat is terecht. In beide gebieden zijn onder Nederlandse 
verantwoordelijkheid ver over een miljoen mensen in slavernij gebracht.",UNLABELED,-1,False
,,,,,,,,,,,,"aan de orde komen:
- rapporten van het College voor de Rechten van de Mens
- bevindingen van de Ombudsman (inclusief de Ombudsman van Curaçao en die van 
andere gebieden binnen het Koninkrijk)
- feiten die activisten belichten. C.4> Het slavernijverleden en hoe dat doorwerkt, het kolonialisme, het migratieverleden, wit 
privilege en de indeling van het Nederlands Koninkrijk moeten een structurele plek krijgen in het 
curriculum. C.5> Om racisme en uitsluiting tegen te gaan, moeten leerlingen kennis hebben van o.a. de 
verschillende plaatsen, talen, vlaggen, nationale symbolen en culturen binnen het Koninkrijk. • Leerlingen moeten kennis nemen van het ‘Statuut voor het Koninkrijk der Nederlanden’ en 
leren hoe slavernij en ongelijkheid doorwerken als structuren binnen het Koninkrijk. • Onderwijsinstellingen organiseren excursies naar musea en andere culturele instellingen 
met exposities over en activiteiten van Zwarte en andere ‘niet-westerse’ culturen, 
beschavingen en tradities. • Onderwijsinstellingen bieden in hun programma ook activiteiten aan die betrekking 
hebben op racisme en discriminatie. • De onderwerpen racisme en discriminatie moeten een verplicht onderdeel zijn in het 
curriculum van onderwijsinstellingen. In alle klassen van het Primair Onderwijs kan deze 
stof op een kindvriendelijke manier worden behandeld. • Stimuleer leerlingen om zich op een creatieve manier met deze onderwerpen bezig te 
houden bij vakken als muziek, drama, taal en beeldende vorming.",UNLABELED,-1,False
,,,,,,,,,,,,"Dat leidde uiteraard tot een 
gespannen verhouding met de aandeelhouders. Sommigen daarvan pro­
beerden zelfs een eigen onderneming op te zetten om het voc-monopolie 
te doorbreken. De spanningen duurden voort tot 1623. Een combinatie van 
nieuwe garanties van de staat en de doorbraak voor de voc in Azië door 
Jan Pieterszoon Coens brute, en op de Banda-eilanden zelfs genocidale, 
veroveringscampagne besliste de conflicten in het voordeel van de voc-­
bewindhebbers.4 Rond dezelfde tijd verleenden de Staten-Generaal 
ook een octrooi aan de wic, opgezet naar het model van haar Aziatische",UNLABELED,-1,False
,,,,,,,,,,,,"Voor een 
andere islamitische medewerker werd er een afscheidsborrel georganiseerd tijdens de 
ramadan. Een respondent vertelt dat collega’s sociale druk uitoefenen om “eens gezellig 
een keer” ook alcohol te drinken. Ook noemen medewerkers dat het vasten 
geproblematiseerd wordt en dat er gespot werd met het offerfeest. “Voor het offerfeest wilde ik vrij nemen. Er moest per se een overleg 
ingepland worden op die datum. Ik heb aangegeven dat ik uiterlijk op 
een bepaald tijdstip weg moest, anders is de slager dicht en heb ik 
geen offerfeest. Er werd gezegd: daar ben ik niet van onder de indruk, 
koop maar broccoli. En dat was een hooggeplaatste medewerker die 
zogenaamd deed alsof ze diversiteit hoog in het vaandel droeg. Dit 
kan gewoon echt niet.”",UNLABELED,-1,False
,,,,,,,,,,,,"De positie en status van onderdanen uit de koloniën of van zwarte mensen 
speelden nauwelijks een rol in deze ontwikkelingen. Net als de afschaffing van de slavenhandel (oftewel de handel in slaaf-gemaakten) in Brits 
West-Indië in 1807/08, had ook de afschaffing van de slavernij in Brits West-Indië in 1833 
impact op Nederland. Zo vroeg de overheid in 1833 bepaalde delen van, en groepen en 
personen uit de bevolking om voorstellen te doen over de manier waarop de Nederlandse 
slavernij in Suriname en de Antillen afgeschaft kon worden. Ook ongevraagd boden 
personen en groepen een ontwerp aan. Wij identificeren drie fases waarin ontwerpen werden ingediend. In de eerste fase, 
tussen 1833 en 1842, waren dat er elf; in de tweede fase, tussen 1848 en 1851, ook elf 
en in de derde fase, van 1853 tot 1856, waren dat vijf ontwerpen. De eerste fase vond plaats binnen de kaders van de grondwettelijke regelingen van 
1815. Eerste fase van ontwerpen, 1833-1842 
 
Jaar 
 
Aantal 
 
Achtergrond van de Ontwerpers 
1833  
2 
Curator en weesmeester  
1838 
1 
Jurist 
1839 
1 
Onbekend/Burger 
1840  
2 
Koloniale bewindvoerders 
1841  
2 
Onbekend/Burger 
1842 
3 
Onbekend/Burger",UNLABELED,-1,False
,,,,,,,,,,,,"Draag zorg voor voldoende en structurele financiering van herstelmaatregelen waardoor 
er duurzaam geïnvesteerd kan worden in het verminderen van de gevolgen van het 
slavernijverleden. Het adviescollege adviseert de hiervoor genoemde erkenning, excuses 
en herstel te verankeren bij wet, zodat duidelijk is dat er geen sprake is van vrijblijvendheid. Het adviescollege geeft daarbij in overweging voor een consensusrijkswet te kiezen. Dit 
mag echter niet leiden tot vertraging om de zo noodzakelijk geachte herstelmaatregelen 
voortvarend te implementeren. Een consensusrijkswet biedt de Caribische landen de 
mogelijkheid om mee te denken over de wijze waarop Nederland overgaat tot erkenning, 
excuses en herstel. Naarmate erkenning, excuses en herstel meer aanvaard kunnen worden 
door de landen waar de slavernij plaatsvond, hebben zij meer betekenis voor de toekomstige 
samenleving. Daarbij zal in een consensusrijkswet nadrukkelijk tot uitdrukking moeten 
worden gebracht dat de verantwoordelijkheid voor het slavernijverleden uitsluitend ligt bij en 
genomen wordt door het Europese deel van het Koninkrijk. Stel een Koninkrijksfonds ter beschikking van passende, respectvolle omvang, ter structurele 
en duurzame financiering van herstelmaatregelen. De herdenking van de afschaffing van 
de slavernij in het Koninkrijk op 1 juli 2023 zou een bij uitstek geschikt moment zijn voor de 
inwerkingtreding daarvan.",UNLABELED,-1,False
,,,,,,,,,,,,"31 
slavernij en slavenhandel die in het verleden hebben plaatsgevonden, dat wil zeggen voor 
daden die zijn begaan ver voordat het concept van misdrijven tegen de menselijkheid 
algemene ingang vond.78 Een dergelijke erkenning naar het verleden toe heeft echter in 
zoverre geen effect, omdat zij voor de strafbaarheid geen enkel verschil maakt. Het nulla 
poena-beginsel (art. 16 Grondwet) staat aan het met terugwerkende kracht strafbaar stellen 
van misdrijven tegen de menselijkheid in de weg. Ook in de memorie van toelichting bij de 
Wet internationale misdrijven is hierop ingegaan en is het verbod van terugwerkende kracht 
nog eens uitdrukkelijk bevestigd.79 
 
Behalve het verbod van terugwerkende kracht zijn er ook andere factoren die maken dat het 
erkennen van slavenhandel en slavernij als misdrijven tegen de menselijkheid per saldo 
vooral een statement is dat strafrechtelijk en strafvorderlijk bezien geen consequenties kan 
hebben voor het heden. Weliswaar verjaren misdrijven tegen de menselijkheid naar 
Nederlands recht niet, maar als het al mogelijk zou zijn om naar huidige strafvorderlijke 
maatstaven nog op verantwoorde wijze daderschap in een ver verleden vast te stellen, geldt 
hoe dan ook dat de mogelijkheid om het strafrecht toe te passen voor wat betreft de 
strafvordering ophoudt op het moment dat de dader is komen te overlijden.80 Schuld, voor 
zover die nog zou kunnen worden vastgesteld, is per definitie persoonsgebonden en kan niet 
worden overgedragen.81 
 
De kwalificatie nu van de praktijken inzake slavenhandel en slavernij die vroeger hebben 
plaatsgevonden als misdrijven tegen de menselijkheid sluit dus wel aan bij de huidige 
opvattingen hierover en is vanuit dit perspectief volledig correct en vanzelfsprekend, maar 
het strafrechtelijke effect van de erkenning is non-existent. De zin van de kwalificatie ligt dan ook niet in het aanwijzen van individuele schuldigen, maar 
in het vinden van een grondslag voor het nemen van collectieve verantwoordelijkheid voor 
de geschiedenis. Zonder in strafvorderlijke bewijsvraagstukken te hoeven duiken kan 
worden gesteld dat, met de kennis van vandaag, de conclusie gerechtvaardigd is dat zich in 
de huidige landen die samen het Koninkrijk der Nederlanden vormen gedurende enkele 
                                                        
78 Er waren vroeg in de negentiende eeuw al wel publicisten die de slavernij als een ‘misdrijf tegen de 
menselijkheid’ kwalificeerden, daarnaast werd de, te onderscheiden, maar semantisch gerelateerde, juridische 
categorie hostis generis humani (vijanden van de gehele mensheid), oorspronkelijk enkel ingezet voor piraterij, 
maar door de Verenigde Staten en Groot-Brittannië gebruikt in de strijd tegen slavenhandel, door slavenhandel 
als piraterij aan te merken, zie David Luban, ‘The Enemy of All Humanity’, Netherlands Journal of Legal 
Philosophy 2018, vol. 2, p. 112-137 (113 en 122). 79 Kamerstukken II 2001-2002, 28337, nr.",UNLABELED,-1,False
,,,,,,,,,,,,"Jaap Toes, Wanklanken rond een wingewest. In de nadagen van de Suri-
naamse slavernĳ (proefschrift, Vrĳe Universiteit, 1992), 192. 28. Zoals met de ambtenaar in Suriname I.J. Rochussen en met J.C. Muller. Zie ook Toes, Wanklanken rond een wingewest.",UNLABELED,-1,False
,,,,,,,,,,,,"226 
NANCY JOUWE
kregen een prominente positie van schoolmeesters en predikanten. Pieters grootvader was chirurgĳn, zĳn vader predikant. Pieter doorliep 
als tiener een tĳd het seminarie in Colombo, waarna hĳ, net als zĳn 
vader, naar Utrecht kwam om theologie te studeren. Ondaatje woonde 
er aan de Lange Nieuwstraat 18. Een plaquette op het pand vormt een 
korte verwĳzing naar zĳn verblĳf. De patriottenbeweging liet in Utrecht voor het eerst van zich horen 
via een pamflet in 1781 en via het populaire tĳdschrift De post van den 
Neder-Rhyn, waarna de groep steeds meer tot politieke actie overging. Dit werd getriggerd door het machtsmisbruik van het vroedschapslid 
Willem Nicolaas Pesters, die al lange tĳd de lakens uitdeelde in Utrecht 
uit naam van de stadhouder. Een van Pesters bĳnamen was de Stichtse 
Sinterklaas (maar zĳn eigen achternaam was eigenlĳk al goed genoeg). Vroedschapsleden werden door de stadhouder (en dus Pesters) of door 
de leden zelf aangewezen. De patriottenbeweging had een concept-
reglement opgesteld (mede geschreven door Ondaatje) met een nieuwe, 
meer democratische bestuursinrichting.",UNLABELED,-1,False
,,,,,,,,,,,,"NINSEE 
9 
 
In 1631 namen de Nederlanders St. Maarten in en maakten het eigendom van de 
Nederlandse WIC. Twee jaar later, in 1633, verdreven de Spanjaarden de Nederlanders 
van St. Maarten en namen het over. Vervolgens verdreven de Nederlanders in 1634 de 
Spanjaarden van Curaçao en maakten er een Nederlands bezit van. St. Eustatius, Bonaire 
en Aruba kwamen in 1635 in Nederlandse handen, gevolgd door Saba in 1640 (Nimako 
en Willemsen 2011). (et is duidelijk dat de Atlantisch Ǯslavenhandelǯ en Ǯchattel slaveryǯ ȋd.w.z. een systeem 
waar slaaf-gemaakten als eigendom en handelswaar worden bestempeld) een directe rol 
hebben gespeeld in de overzeese handel. Voor de Europese bevolking als geheel 
leverden de koloniën in Ǯde Westǯ ook nog eens allerlei vluchtroutes bij vervolging (door 
de Inquisitie of anderszins).",UNLABELED,-1,False
,,,,,,,,,,,,"van der Eerden et al. (red.), Jaar-
boek Oud-Utrecht 2009 (Utrecht: Vereniging Oud-Utrecht, 2009), 67-108. 3. Koen Ottenheym, ‘Philips Vingboons en Joan Huydecoper van Maars-
seveen, projectontwikkelaars aan de Vecht’, Maandblad Oud-Utrecht 64, 
11-12 (1991), 131-137. 4. Johan E. Elias, De vroedschap van Amsterdam, 1578-1795, deel 1 (Amster-
dam: N. Israel, 1963), 92-93. 5. Ottenheym, ‘Philips Vingboons en Joan Huydecoper’.",UNLABELED,-1,False
,,,,,,,,,,,,"— 308 —
— STAAT EN SLAVERNIJ —
Een ets van Wouter Schouten uit 1676 van gevangengenomen Bengalezen in Pipely,  
Orissa (Baliapal, Odisha). Deze werden door Arakanen verkocht aan vertegenwoordigers 
van de VOC. Waarschijnlijk waren de meeste gevangenen vrouwen.",UNLABELED,-1,False
,,,,,,,,,,,,"Investeer in training van medewerkers 
Uit onderzoek is bekend dat professionalisering van medewerkers door training en 
opleiding een belangrijk waarborg kan bieden voor eerlijke processen en tegen willekeur 
en ongelijke behandeling (Broeklofs & Felten, 2020; Fermin, e.a., 2021). Daarom is het 
belangrijk om te investeren in ambtelijk vakmanschap. De respondenten pleiten hier ook 
voor. Gedacht kan worden aan trainingen gericht op constructief omgaan met 
(onbewuste) vooroordelen, cultuursensitief werken en respectvolle bejegening van bi-",UNLABELED,-1,False
,,,,,,,,,,,,"14 
het bijzonder is zeer beperkt. In haar  2017 master thesis: The Reproduction of Coloniality in 
Learning and Teaching Practices in Primary Education on Curaçao vermeldt  van Heydoorn 
dat in het geschiedenisonderwijs  op de Curaçaose basisscholen heel weinig over slavernij 
wordt gegeven en dat het materiaal dat onderwezen wordt,  ook zeer vertekend is.61  In 
hoeverre  het eerder genoemde lesprogramma over slavernij en mensenrechten  dat in 2016 
ontwikkeld is op Sint Maarten, ook is overgenomen door scholen op de andere eilanden is niet 
duidelijk.62 
 
De COVID-19 pandemie heeft ernstige financiële gevolgen voor de culturele sector, zoals ook 
voor de musea die zich reeds vóór deze periode vanwege afnemende subsidies in financiële 
moeilijkheden bevonden. Ook dit probleem verdient de nodige aandacht in relatie tot de 
omgang met het slavernijverleden. 61 https://dspace.library.uu.nl/handle/1874/354901   
62 https://caribischnetwerk.ntr.nl/2016/05/18/les-over-slavernij-vanuit-caribisch-oogpunt 
bijlage 4c",UNLABELED,-1,False
,,,,,,,,,,,,"RACISME BIJ HET MINISTERIE VAN BUITENLANDSE ZAKEN 
Een verkennend onderzoek 
 
50 
 
werken vanwege een dubbele nationaliteit en/of dubbel paspoort. Een enkeling toont 
hier wel begrip voor, maar verschillende respondenten merken op dat er met twee maten 
wordt gemeten aangezien allerlei andere collega’s met bepaalde Europese 
achtergronden niet tegen zulke belemmeringen aanlopen. Ook zijn er geen twijfels of 
medewerkers met een katholieke achtergrond in Rome kunnen werken, terwijl de 
islamitische achtergrond soms wel aanleiding geeft om medewerkers te wantrouwen. Een medewerker moest voor het verkrijgen van een bepaalde functie uitleggen of zij wel 
loyaal zou kunnen zijn aan het Nederlandse migratiebeleid. Deze vraag werd niet gesteld 
aan witte kandidaten. Een vermeend gebrek aan loyaliteit op basis van afkomst en kleur 
weegt volgens deze respondent mee in posities die worden verdeeld. Er wordt 
gesuggereerd dat bi-culturele medewerkers meer “aan de kant staan” van een ander 
land dan aan de kant van Nederland. Twijfels over neutraliteit  
Verschillende medewerkers ervaren het loyaliteitsdiscours als een vorm van wantrouwen. Ze worden niet gezien worden als “volwaardige Nederlanders”. Hierdoor speelt de 
gedachte vaak mee dat witte medewerkers veronderstellen dat hun bi-culturele collega’s 
een geheime agenda erop nahouden.",UNLABELED,-1,False
,,,,,,,,,,,,"Wil men het beginsel niet, 
dan is het consequent tegen art. 1 te stemmen; wil men het beginsel wèl, dan moet men 
stemmen voor art. 1, en, wordt dat beginsel niet goed uitgewerkt en toegepast in de 
verdere bepalingen der wet, dan stemme men later tegen de wet in haar geheel; dat blijft 
vrij. Maar dat men , bezwaren hebbende tegen de toepassing van het beginsel en niet 
tegen dat beginsel zelf, tegen dat beginsel zou stemmen, dat zou den schijn hebben van 
een protestatio actui contraria. Het is er verre af dat ik den geachten spreker van zoo iets 
zou verdenken, maar als men zegt dat men de emancipatie wil en men gebruikt dan niet 
de eerste gelegenheid om dit hier openlijk uit te spreken, dan is het, dunkt mij , niet 
ernstig met die emancipatie gemeendǳ.141 
 
138 De Nederlandsche Staats-Courant 1861-1862 (bijblad). Tweede Kamer, 77ste zitting – 3 julij 1862, vel. 257, p. 937 
139 De Nederlandsche Staats-Courant 1861-1862 (bijblad). Tweede Kamer, 77ste zitting – 3 julij 1862, vel. 257, p.",UNLABELED,-1,False
,,,,,,,,,,,,"UTRECHTS SLAVENGELD 
131
het Janskerkhof.20 Uiteindelĳk overleed hĳ op zĳn plantage Soestdĳk 
in Demerara. Het laatste slavengeld
Omdat Berbice, Essequibo en Guyana door de Engelsen in bezit waren 
genomen tĳdens de Franse bezetting van Nederland en na 1814 niet meer 
werden teruggegeven, werd de slavernĳ daar veel eerder afgeschaft (1834) 
dan in buurland Suriname (1863). Kenmerkend voor beide afschaffingen 
is de maatregel om niet de vrĳgemaakten als start voor een nieuwe 
toekomst van enig kapitaal te voorzien, maar hun voormalige eigenaars 
te compenseren voor hun verlies. Zo kon het gebeuren dat de eigenaar 
van plantage Toevlugt in Demerara, Gilles Cantzlaar, 45.492 gulden 
ontving omdat ‘zĳn’ negentig slaafgemaakten nu vrĳ waren. Hĳ vestigde 
zich in Utrecht.21
Een generatie later gebeurde hetzelfde in de Nederlandse koloniën. In Utrecht ontvingen dertig personen samen een bedrag van 145.879 
gulden, wat gelĳk stond aan de vrĳheid van 486 mensen à 300 gulden 
per persoon. De bedragen waren overigens zeer verschillend. De 
zes broertjes en zusjes Rammelman Elsevier kregen ieder voor hun 
1/720ste aandeel in de Surinaamse plantage Meerzorg niet meer dan 
tien gulden.22 Johanna C. Planteau daarentegen, die zelf in Suriname 
was opgegroeid maar zich als getrouwde vrouw in Utrecht vestigde, 
ontving in 1863 – na bĳna een halve eeuw medeverantwoordelĳk te 
zĳn geweest voor het leven van enkele honderden slaafgemaakten, 
die zĳ voor een deel persoonlĳk had gekend of op z’n minst met eigen 
ogen gezien – voor haar aandeel in twee plantages 15.844 gulden.23 Dat 
was ongeveer het 35-voudige van wat een Nederlandse arbeider in die 
tĳd per jaar verdiende bĳ een 60-urige werkweek. En ten slotte was 
er Anna Magdalena, barones van Hangest d’Yvoy die met haar man 
zowel in Utrecht woonde als op hun familielandgoed de Salentein bĳ 
Nĳkerk, niet ver van Amersfoort.",UNLABELED,-1,False
,,,,,,,,,,,,"9
een veelzijdige blik. Draag er daarbij zorg voor dat ook in de Caribische landen en Suriname 
dit verleden beter gekend en getoond kan worden. Ontwikkel na afstemming met organisaties van nazaten beleid op basis waarvan er in de 
publieke ruimte meer nieuwe, gemeenschappelijke symbolen voor een gedeelde toekomst 
kunnen worden gecreëerd. Betrek daar ook bestaande, aan het slavernijverleden verbonden 
beelden, monumenten, gebouwen en straatnamen bij om enerzijds het verhaal van de 
geschiedenis te vertellen, en anderzijds de pijn die de confrontatie in de publieke ruimte 
bezorgt, te verzachten. Maak van 1 juli een nationale herdenkingsdag, gesteund en bijgewoond door de koning en de 
regering (minister-president) als erkenning dat het slavernijverleden de hele samenleving aangaat. Het staat ieder deel van het voormalig Koninkrijk uiteraard vrij ook eigen herdenkingsdagen 
te kiezen. Maak van publieke media gebruik om die dag nationaal stil te staan bij de 
verschrikkingen van de slavernij en het leed en lot van de tot slaaf gemaakte mensen in het 
hele voormalige Koninkrijk. In de adviesopdracht is gevraagd ook de rehabilitatie van Tula te betrekken. Gelet op de 
verstrekte adviezen van wetenschappers en bevindingen uit de dialogen, adviseert het 
adviescollege positief over de rehabilitatie van Tula. Het adviescollege merkt daarbij op dat de opdracht zich beperkt heeft tot Tula en dat er 
meer verzetshelden zijn die betrokken dienen te worden in het nationale onderzoek naar het 
slavernijverleden.",UNLABELED,-1,False
,,,,,,,,,,,,"In De Tribune van 26 juni 1933, het 
dagblad van de Communistische Partĳ Holland (later cpn), werd verslag 
gedaan van zĳn rede:
‘Kameraad de kom, de Surinaamsche revolutionair, wordt met de 
Internationale begroet. Hĳ zet uiteen, dat Mussolini, Hitler, Baars, 
Colĳn enz. tenslotte allen hetzelfde willen, namelĳk handhaving van 
het kapitalisme met geweld, ten koste van het proletariaat. Spr. geeft 
een uitvoerig historisch overzicht van den klassenstrĳd in Suriname, 
dat door de zaal met spanning gevolgd wordt. […] De rede van De 
Kom, die telkens door uitroepen van verontwaardiging onderbroken 
werd, besloot met een krachtigen oproep tegen oorlog, fascisme en",UNLABELED,-1,False
,,,,,,,,,,,,"De deelnemers aan deze dialoog 
waren doordrongen van de complexiteit van beeldvorming, en benadrukte dat er geen een­
voudige oplossingen zijn. In de sectorale dialoog Onderwijs was iedereen zich bewust van de bijzondere rol die het 
onderwijs moet hebben met betrekking tot het slavernijverleden. Tegelijkertijd bleek ook 
dat dit geen eenvoudige opgave is. Meer kennis van het slavernijverleden is niet per se beter. De deelnemers benadrukten dat het gaat om het soort kennis. Die moet niet vanuit slechts 
één dominant perspectief onderwezen worden. Om een ander perspectief te bereiken, zijn 
er volgens de deelnemers substantiële en structurele investeringen nodig in het onderwijs 
en de lerarenopleiding. Ook de segregatie in het onderwijs moet volgens de deelnemers 
stevig worden aangepakt, zelf als dit implicaties heeft voor artikel 23 van de Grondwet 
(onderwijsvrijheid). 6.1.3 Gesprekken met jongeren
Ook uit de gesprekken met jongeren bleek de cruciale en tegelijkertijd complexe rol van 
het onderwijs met betrekking tot het thema slavernij. Onder de deelnemers heerste er grote 
overeenstemming over het idee dat het onderwijs een van de belangrijkste instrumenten is 
om negatieve beeldvorming tegen te gaan.",UNLABELED,-1,False
,,,,,,,,,,,,"— 346 —
Jeroen Puttevils (1985) is als hoofddocent verbonden 
aan het Centrum voor Stadsgeschiedenis van de 
Universiteit Antwerpen. Hij doet onderzoek naar 
de economische cultuur van de late middeleeuwen 
en de vroegmoderne periode. Hij is onder meer de 
Principal Investigator van het erc-project Back to the 
Future. Future expectations and actions in late medieval and 
early modern Europe, ca. 1400-ca. 1830.",UNLABELED,-1,False
,,,,,,,,,,,,"In Amsterdam is een straat 
vernoemd naar vader en zoon: 
de Vrolikstraat. De botten en 
preparaten die zij verzamelden, 
deels in de koloniën, zijn nog 
steeds te zien in het Museum 
Vrolik van het Amsterdam UMC. 68
Gerardus Vrolik. C.H. HODGES, W. VAN SENUM, 1848 | 
STADSARCHIEF AMSTERDAM",UNLABELED,-1,False
,,,,,,,,,,,,"Zij lopen vaak tegen fysieke en praktische 
barrières aan die niet worden erkend in dit beleid, zoals sportlocaties 
die voor hen ontoegankelijk zijn of het gebrek aan aangepast vervoer 
om deze locaties te bereiken. Dit voorbeeld laat zien hoe beleidskeuzes die gebaseerd zijn op 
onbevraagde mensbeelden kunnen leiden tot structurele uitsluiting 
van groepen die niet aan deze norm voldoen. Het benadrukt ook het 
belang van diversiteit in beleidsontwikkeling. Als mensen met een 
beperking, bijvoorbeeld als beleidsmedewerker of via burgerparticipa-
tie, betrokken waren geweest bij het ontwikkelen van het sportbeleid, 
hadden zij deze dominante mensbeelden vanuit hun eigen ervaringen 
en perspectieven kunnen uitdagen. 4.1.3  Conclusie
Overheidsorganisaties dragen de verantwoordelijkheid om beleidsmakers 
en publieke professionals bewust te maken van de rol die mensbeelden 
25. Van Montfort, C., Michels, 
A., & Van Dooren, W. (2013). Stille ideologie in beleid en 
bestuur. Bestuurskunde 
22(2), 3-12. 26.",UNLABELED,-1,False
,,,,,,,,,,,,"27. Bĳvoorbeeld Opregte Haerlemsche courant, 17 maart 1687. 28. Willem Flinkenflögel, Nederlandse slavenhandel (1621-1803) (Utrecht en 
Antwerpen: Kosmos, 1997), 89-102; Alex van Stipriaan, ‘Het Nederlandse 
slavernĳdebat in de zeventiende en achttiende eeuw’, in: Pepĳn Bran-
don et al. (red.), De slavernĳ in Oost en West. Het Amsterdam onderzoek 
(Amsterdam: Spectrum, 2020), 300-307. 29. Bély, ‘Behind the Stage’, 52. 30. Esther Captain, ‘The Selective Forgetting and Modelling of the Past.",UNLABELED,-1,False
,,,,,,,,,,,,"The Negro 
in the Americas (New York 1946). Thausing, M., Dürers Briefe, Tagebücher und Reime. 114, na 17 maart en voor 6 april 1521 (1872). Thompson, Janna, Intergenerational Justice. Rights 
and Responsibilities in an Intergenerational Polity 
(New York 2009). Tol, Joris van den, Lobbying in Company. Economic 
Interests and Political Decision Making in the History 
of Dutch Brazil, 1621–1656 (Leiden 2020). Tosun, Merve, ‘Women at Home and Men 
Outdoors? Locating Enslaved People in 
Eighteenth-Century Batavia,’ Gendered empire 
Intersectional perspectives on Dutch post/colonial 
narratives, Jaarboek voor Vrouwengeschiedenis 
39 (Hilversum 2021) 41-56. Trotsopnederland.com: https://web.",UNLABELED,-1,False
,,,,,,,,,,,,"Ten eerste is 
dat fenomeen voor het Afrikaanse continent (met name gebieden in heden­
daags Angola, Ghana en Zuid-Afrika) eigenlijk vrijwel onbekend. Ten 
tweede is, zoals hierboven is gebleken, er wel onderzoek gedaan naar de 
implementatie van koloniale wetgeving in Azië en het Amerikaanse conti­
nent, maar is er relatief weinig aandacht voor de oorsprong ervan. Op basis 
van onderzoek naar andere koloniale rijken valt te verwachten dat deze 
wet- en regelgeving die de sociale en raciale hiërarchie van slavernij in 
stand moest houden mede vorm werd gegeven door niet-Europese groepen 
en groepen met een gemengde achtergrond die hun eigen privileges wil­
den beschermen ten opzichte van andere groepen. Het zou echter ook zo 
kunnen zijn dat het Nederlandse rijk anders in elkaar stak en dat dit veel 
meer aangestuurd werd vanuit Europa – hoewel dat op basis van andere 
voorbeelden over wetgeving zoals gokken niet valt te verwachten. Beide 
scenario’s zouden belangrijke nieuwe inzichten over de dagelijkse sociale 
en raciale realiteit in de koloniale wereld kunnen opleveren.",UNLABELED,-1,False
,,,,,,,,,,,,"— 52 —
Tom van der Geugten (1952) voltooide zijn 
studie geschiedenis aan de Universiteit van 
Amsterdam. Hij was docent in het voortgezet 
onderwijs en hogeschooldocent aan de Hoge­
school van Amsterdam en Fontys Leraren­
opleiding Tilburg. Daarnaast was hij auteur 
van geschiedenisschoolboeken.",UNLABELED,-1,False
,,,,,,,,,,,,"Dit alles leidt tot de volgende aanbeveling: stimuleer en steun groot­
schalig, fundamenteel onderzoek naar de erfenissen en doorwerkingen 
van de slavernij in het heden. ◼◼ ◼◼  Overheden en slavernij
Het behoeft inmiddels geen betoog meer dat Nederlandse overheden 
in alle lagen betrokken zijn geweest, aandeel hebben gehad in en gepro­
fiteerd hebben van slavenhandel en slavernij. Dat is echter voor de over­
heden een pas zeer recent besef en wat zij daar vervolgens mee doen is 
zeer wisselend. De Nederlandse overheid bepaalt de inhoud van het onderwijs door 
aan te geven waarover de leerlingen aan het eind van het primair en 
­voortgezet onderwijs in ieder geval kennis moeten hebben, door middel 
van zogenaamde kerndoelen in het primair onderwijs en eindtermen in 
het voortgezet onderwijs (zie hoofdstuk 3 van Tom van der Geugten). Die",UNLABELED,-1,False
,,,,,,,,,,,,"NINSEE 
55 
 
ǲ)k zeg het den vorigen spreker na: het is overtollig in deze Vergadering breedvoerig aan 
te toonen , dat het noodig is een maatregel te nemen, gelijk ons nu wordt voorgesteld. Wij zijn het allen eens, dat de smet, die op Nederlands wapenschild kleeft doordien de 
slavernij nog in sommige onzer kolonien bestaat, moet uitgewischt worden , ik zou bijna 
zeggen: het koste wat het wil. Ik zie dan ook geen bezwaar in het offer dat men daarvoor 
van ons verlangt. Maar indien ik mijne stem zal geven ten behoeve van dat offer, meen ik 
mij te moeten vereenigen met de bezwaren van zoo velen, die verlangen dat dat offer 
dan wèl besteed worde en in dat opzigt bestaat bij mij nog twijfel. In menig opzigt 
verschil ik met de Regeringǳ.96  
 
Hij gaf de volgende reden voor het feit dat zijn ideeën anders waren dan die van de 
regering, vooral met betrekking tot de kwestie algemeen belang. ǲ)n de stukken, die met de Regering gewisseld zijn, heb ik nog al dikwijls de uitdrukking 
gevonden, dat het algemeen belang bij de zaak betrokken was. Dat het algemeen belang 
in zooverre daarbij betrokken zou zijn, dat men bedoelen kan hetgeen gewoonlijk onder 
algemeen belang van de natie of van de schatkist begrepen wordt, daarop zou, meen ik, 
vrij wat zijn af te dingen. Het algemeen belang is er bij betrokken dat de smet, waarvan 
ik sprak, uitgewischt worde; maar dat de emancipatie der slaven op zich zelve tot stand 
kome en dat de maatregelen om de gevolgen daarvan te regelen in het leven treden zoo 
als zij ons worden voorgesteld, daarbij is hetgeen wij gewoonlijk onder algemeen belang 
verstaan, zeer weinig betrokkenǳ.97  
 
Vervolgens richtte Van Bosse zich in zijn speech op de plaats die slavernij inneemt in de 
Nederlandse geschiedenis en economie. ǲMoest ik den toestand, die nu bestaat, karakteriseren, ik zou zeggen: wij hebben West-
Indische kolonien, overblijfselen van den ouden tijd, toen men in het bezit van kolonien 
de grootste bron van nationale welvaart meende te vinden; maar sedert eene reeks van 
jaren zijn die West-Indische koloniën voor ons lastposten. Waarom?",UNLABELED,-1,False
,,,,,,,,,,,,"— 411 —
— VROEGE VORMING VAN SLAVERNIJ EN KOLONIALISME —
keer (zie tabel 2). In 1675 kreeg Willem Hendrik vijfentwintig procent 
winst op tweehonderdduizend gulden uitgekeerd: vijftigduizend gulden. Als stadhouder van de voc (1675-1701) kreeg hij een bedrag uitgekeerd dat 
vandaag bijna tweehonderd miljoen euro waard is. Ook voor zijn opvol­
gers, Willem iv en Willem v, zijn deze gegevens vastgelegd: zij ontvingen 
in totaal respectievelijk 280 000 gulden (omgerekend 50 176 000 euro) en 
635 000 gulden (113 792 000 euro). De uitkeringen aan de stadhouders uit het archief van 
Gerard van Vredenburch (1710-1784).",UNLABELED,-1,False
,,,,,,,,,,,,"— 376 —
— STAAT EN SLAVERNIJ —
naaste familieleden. De stadsgebonden slavernij is echter veel minder 
onderzocht dan de vormen van slavernij die op plantages ontstonden. Het 
zou dan ook goed zijn dit in vergelijking met de andere belangrijke haven­
steden in het Caribisch gebied nader te bestuderen. Hierbij verdient de",UNLABELED,-1,False
,,,,,,,,,,,,"UTRECHT ALS CENTRUM VAN HET NEDERLANDSE ABOLITIONISME 
199
Vereeniging tot Uitgaaf van het Tĳdschrift Bĳdragen tot de kennis der 
Nederlandsche en vreemde koloniën, bĳzonder betrekkelĳk de vrĳlating 
der slaven. In Ackersdĳcks archief zĳn kopieën van alle ruim twee-
honderd brieven bewaard gebleven die zĳ schreven om mensen uit 
te nodigen om lid te worden, en ook de antwoorden die ze daarop 
ontvingen. Secretaris Rueb schreef bĳvoorbeeld aan een potentieel 
lid in Sneek dat ze pogingen deden er een echt nationale beweging 
van te maken, maar dan wel een van ‘het beschaafdste en verlichtste 
deel der natie’:
‘Hoe meer achtbare mannen wĳ openlĳk als onze medestanders 
kunnen noemen, hoe meer zĳ die in alle oorden van het vaderland 
tellen, des te beter zullen wĳ slagen in ons doel om het bevorderen 
van de vrĳlating der slaven in onze koloniën tot een nationaal werk 
te maken. Daarvan schĳnt ons hoofdzakelĳk het goed gevolg van 
ons pogen afhankelĳk, gelĳk ook in Engeland de groote uitkomst 
eerst verkregen is geworden, toen de zaak der vrĳlating tot eene 
algemeene zaak van het beschaafdste en verlichtste deel der natie 
geworden was.’8
Bestuursleden van de bfass schreven verschillende brieven aan de 
‘the committee of the Utrecht Anti Slavery Society’, waarin ze hun 
waardering lieten blĳken:
‘I consider that you and your colleagues at Utrecht are the guides 
and representatives of the anti-slavery couse in the Netherlands. May the trumpet which you blow give no uncertain sound! – May 
the mighty blast sound the death-knell of slavery in every part of 
the Dutch Empire!’9
In deze brieven spoorde de bfass de Utrechters steeds aan om het Britse 
voorbeeld te volgen. De Britse abolitionisten wilden dat vanuit Utrecht 
een grootschalige petitie zou worden georganiseerd, maar Ackersdĳck 
en Rueb dachten dat dit contraproductief zou werken. Eerst moest de 
afschaffing van de slavernĳ als een respectabele kwestie te boek komen 
te staan. Uiteindelĳk werden 143 mensen openlĳk ‘medeuitgever’ van het 
tĳdschrift, en hun namen werden voorin in het tĳdschrift afgedrukt. De 
oplage van het tĳdschrift was 500, waarvan er 10 jaar later 321 verkocht 
bleken: een succes voor die tĳd.",UNLABELED,-1,False
,,,,,,,,,,,,"Vrij kort na hun aankomst 
aan de Delaware werd Nieuw Nederland 
door de Britten veroverd. De aanwezige 
slaafgemaakten waren deel van hun ‘buit’. 51
Portret van Johan Maurits van 
Nassau-Siegen, gouverneur van 
Brazilië van 1636 tot 1644. Achter 
hem staat een slaaf­gemaakt kind. PIETER NASON, 1675 |  
RIJKSMUSEUM",UNLABELED,-1,False
,,,,,,,,,,,,"25 
engagement with the victimhood argument, visible in the preparatory work for the Taubira law, 
in particular. The purpose of the law is entirely genuine from the standpoint of a culprit state 
voluntarily recognising its colonial atrocities of the past. Yet the French legislative efforts to 
frame its colonial legacy have been accused of carrying more symbolism and anachronistic 
selectivity of the past victimhood as well as for blaming everything exclusively on white 
Europeans, and thus, setting up a simplified dichotomic vision of the colonial past,  in order to 
present a politically constructed idyllic image on the international stage.131  
 
4.2 Memory laws in Poland 
 
Beyond France, the protagonist of the terminology of memory laws, the adoption of memory 
regulations has risen tremendously in Europe in the 2010-2020s under the pretext of 
counteracting historical disinformation, specifically in Central and Eastern Europe (CEE).132 
Furthermore, their mushrooming in CEE, in particular in Poland, has been intertwined with a 
certain democratic decline in the region and the so-called “memory wars”, whereas states have 
been attempting to challenge their divergent views on the matters of past atrocities, Soviet 
occupation and the division of borders by virtue of mutually contrasting legislation on historical 
memory.133 While Polish memory laws, unlike in the French example, did not directly address 
the legacies of colonialism, this country study is particularly relevant for exposing the caveats 
of censorship embedded in both punitive and non-punitive memory laws, and for explaining 
how an expansive governance of historical memory by virtue of memory laws can spoil foreign 
relations and affect minorities. After the fall of communism, Poland adopted a new Constitution134 only in 1997 and a Criminal 
Code135 in 1998. Both the Constitution and the Criminal Code outlawed the propagation of 
fascism and other totalitarian ideologies – a standard clause found in many Council of Europe 
Member States.136 In line with other post-communist transitional democracies in CEE, Poland 
expanded the core of this ban to cover the propagation of ideas and methods of totalitarian 
Stalinist and communist regimes.137 This ban included the display of relevant symbols.138 In 
2016, the Polish parliament adopted the Law that prohibited the propagation of communism 
 
131 Marina Bán, The Legal Governance of Historical Memory and the Rule of Law (doctoral dissertation, defended 
at the University of Amsterdam on 21 October 2020). 106-107. 132 Uladzislau Belavusau, Final Thoughts on Mnemonic Constitutionalism, Verfassungsblog, available 
at: https://verfassungsblog.de/final-thoughts-on-mnemonic-constitutionalism/ (15 January 2018). 133 Marta Bucholc, Commemorative Law-Making: Memory Frames of the Democratic Backsliding in Poland after 
2015, Hague Journal on the Rule of Law, 11, 1, 2018. 85-110; Wojciech Sadurski, Poland’s Constitutional 
Breakdown, Oxford University Press, 2019; Carlos Closa and Dimitry Kochenov, Reinforcing Rule of Law 
Oversight in the European Union, Cambridge University Press, 2016. 134 The Constitution of the Republic of Poland adopted by the National Assembly of Poland on April 2, 1997, 
Journal of Laws of the Republic of Poland, No.",UNLABELED,-1,False
,,,,,,,,,,,,"6. Voor de vastlegging van de rechten: asg, 
1.01.02, na, inventarisnummer 5757, scan 561-
563. Voor de strijd tussen de bondgenoten 
van de Nederlanders en de Portugezen: 
Carolina Monteiro, ‘“Verlos ons van deze 
verdorven mensen,” schreven de 
oorspronkelijke inwoners van Brazilië,’ de 
Volkskrant 15 augustus 2022: https://www. volkskrant.nl/kijkverder/2022/ons-koloniale-
verleden/verlos-ons-van-deze-verdorven-
mensen-schreven-de-oorspronkelijke-
bewoners-van-brazilie~v546010/. 7. E. Odegard, Graaf en Gouverneur. Nederlands-
Brazilië onder het bewind van Johan-Maurits van 
Nassau-Siegen, 1636-1644 (Zutphen 2022) 132-
133. 8. E.",UNLABELED,-1,False
,,,,,,,,,,,,"De combinatie van onderzoek, monument en excuses werkt – zeker als 
het in elkaars verlengde functioneert als wederzijdse inspiratie – als een 
hefboom. Rotterdam en Amsterdam zijn daar voorbeelden van. In Utrecht 
en Den Haag lopen tijdens dit schrijven processen rondom een te onthul­
len monument in 2023. Helaas zijn in Utrecht de inzichten uit het onder­
zoek niet meegenomen in de vertaling naar een monument: daar is het 
monument alleen gericht op de trans-Atlantische slavernij terwijl het 
onderzoek de mondiale reikwijdte van Utrecht en diens koloniale slaver­
nij aantoont, zoals ook uit de speech van de burgemeester bleek.",UNLABELED,-1,False
,,,,,,,,,,,,"Heemskerk was aan het begin van zijn politieke carrière Ǯpragmatischǯ 
liberaal maar verschoof na 1866 richting de conservatieve kant. In 1869 werd hij 
verkozen tot Kamerlid namens kiesdistrict Gorinchem en van 1874 tot 1877 was hij 
minister van Binnenlandse zaken. Hij stelde vragen over het idee dat slavernij op het eiland St. Maarten sinds 1848 met de 
Franse afschaffing van de slavernij niet meer voorkwam en dat slavenhouders daarom 
niet voor een tegemoetkoming in aanmerking kwamen: 
 ǲDe geachte spreker stelt op den voorgrond dat de slavernij op St. Martin sedert ͳͺͶͺ 
niet meer bestaat. De Regering wijst evenwel op twee feiten: vooreerst dat er 
overdragten titulo oneroso hebben plaats gehad na dien tijd; en ten tweede, dat voor 
slaven belasting is betaald. Nog een derde feit, dat er ook manumissien hebben plaats 
gehad, blijkt uit n°. 7 der gewisselde stukken. Er zijn in 1851 en in 1859 slaven 
gemanumitteerd. De stelling dus van den geachten voorsteller aangaande den volkomen 
vrijdom sedert 1848 is meer of min betwistbaar.",UNLABELED,-1,False
,,,,,,,,,,,,"— 127 —
— SLAVERNIJ, AFSCHAFFINGEN EN DOORWERKINGEN —
1751 en 1775 vervoerde Frankrijk 321 500 Afrikanen om tot slaaf te maken; 
tussen 1776 en 1800 bedroeg het aantal vervoerden 419 500. Dit laat zien 
dat de Fransen hun aandeel verhoogden ten koste van de Nederlanders.1
De napoleontische bezetting vond plaats tegen de achtergrond van 
twee ontwikkelingen. Ten eerste waren er opstanden door slaafgemaak­
ten: de succesvolle anti-slavernij-opstand in Haïti in 1791 en de neergesla­
gen opstand geleid door Tula op Curaçao in 1795. Tula werd daarbij 
gemarteld en gedood. Ten tweede breidden de oorlogen op het vasteland 
van Europa zich als direct gevolg van de napoleontische bezetting uit naar 
de Europese koloniën. In dezelfde periode dat Napoleon Europa bezette, 
bezette Engeland Bonaire (in 1804) en Curaçao (in 1805). In de onderhan­
delingen om hun soevereiniteit terug te krijgen en een constitutionele 
vorst aan te stellen, werden de Nederlanders in 1814 verplicht hun deelna­
me in de slavenhandel te staken. Engeland behield Sri Lanka en Kaap de 
Goede Hoop, maar betaalde daarvoor de nieuwe Nederlandse koning Wil­
lem i compensatie waarmee hij zijn leger kon opbouwen. Toen er geen Afrikanen meer waren om de krimpende bevolking in 
Suriname aan te vullen na het afschaffen van de officiële slavenhandel, riep 
de Nederlandse regering een commissie in het leven die in 1844 rappor­
teerde over de staat van de Nederlandse slavenkolonie. De commissie 
bevestigde dat de slaafgemaakte bevolking kromp en adviseerde de Neder­
landse regering de slavernij af te schaffen om Suriname als kolonie te 
behouden.",UNLABELED,-1,False
,,,,,,,,,,,,"— 392 —
Matthias van Rossum (1984) is historicus en als senior 
onderzoeker verbonden aan het Internationaal Instituut 
voor Sociale Geschiedenis (iisg) in Amsterdam. Hij is 
gespecialiseerd in de geschiedenis van slavernij in Azië en 
de verbindingen met het Atlantische slavernij­verleden. Hij is onder meer project­leider van globalise, dat een 
digitale onderzoeksinfrastructuur ontwikkelt voor het 
voc-archief, en medecoördinator van Exploring Slave Trade 
in Asia, dat de Aziatische slavenhandel reconstrueert. Deze zomer start zijn project Resisting Enslavement dat 
verzet door slaafgemaakten onderzoekt aan de hand van 
getuigenissen in rechtszaken.",UNLABELED,-1,False
,,,,,,,,,,,,"[...] Door de ideeën over gelijkheid en demo­
cratie in de tijd van pruiken en revoluties werden de slaven­
handel en de slavernij in de koloniën afgeschaft.9 
Een van de teksten gaat over de opstand van Tula op Curaçao met een foto 
van het Tulamonument en een opdracht over de volgende uitspraak van 
Tula: ‘Zij hebben ons erg slecht behandeld. Wij willen niemand kwaad 
doen maar wij willen vrijheid. Is niet iedereen op aarde een afstammeling 
van Adam en Eva? Zelfs een dier krijgt een betere behandeling.’ De auteurs 
van dit schoolboek kozen voor relatief veel ruimte voor het slavernijverle­
den met aandacht voor het slavenperspectief. Met meer beschikbare onderwijstijd is de aandacht voor het slavernijverle­
den het grootst in de schoolboeken voor de bovenbouw van vwo, met ook 
meer plaats voor multiperspectiviteit en meerstemmigheid. Zo wordt in",UNLABELED,-1,False
,,,,,,,,,,,,"Zijn rechterhand Johannes 
van den Bosch had daarvoor een plan bedacht: versterking van het KNIL 
met compagnieën Zwitsers en Afrikanen. Maar een conflict met het machtige 
Groot-Brittannië kon de koning-koopman-veroveraar zich niet veroorloven. Dus putte de Nederlandse minister van Buitenlandse Zaken Verstolk van 
Soelen zich namens Willem I uit in een stroom nota’s om Palmerston gerust 
te stellen. Keer op keer beklemtoonde hij dat Verveer op pad was gestuurd met 
heldere instructies. De rekrutering richtte zich inderdaad op slaafgemaakte 
Afrikanen, afkomstig uit de buurlanden van Ashanti, maar die kregen zelf 
de keuze. Wilden ze tekenen voor het Nederlandse koloniale leger, dan werden 
ze eerst voor tachtig à honderd gulden per persoon vrijgekocht. Dat bedrag 
zouden ze tijdens hun vijftienjarige diensttijd in termijnen terugbetalen. Na afloop van het contract mochten ze opnieuw zelf beslissen: in ­Nederlands-
Indië blijven of terugkeren naar de Goudkust. Kortom, betoogde Verstolk 
van Soelen, het was geen slavenhandel maar contractarbeid, eigenlijk",UNLABELED,-1,False
,,,,,,,,,,,,"Het Amerikaanse 
continent ontbrak echter in de Bĳbel en was bĳ klassieke christelĳke 
auteurs onbekend, zoals Hoornbeeck opmerkte.37 Hoe kon het bevolkt 
geraakt zĳn? Waar komen de religieuze opvattingen van de heidenen 
vandaan? De oplossing van Hoornbeeck was dat in vroegere tĳden de 
continenten niet gescheiden waren. Dat mensen de waarheid nu niet",UNLABELED,-1,False
,,,,,,,,,,,,"— 327 —
— NEDERLANDSE KOLONIALE SLAVERNIJ WERELDWIJD —
In de praktijk was het getuigen voor de aktes vaak een vriendendienst: 
de ene slavenhandelaar getuigde voor de andere. Zo was het bij Paloepose 
van Makassar gegaan. In andere gevallen werden mensen van de straat 
geplukt om tegen betaling te getuigen. Wat de achtergrond van de slaaf­
gemaakte was, en of die persoon rechtmatig slaaf was gemaakt, deed niet 
ter zake. De transportakte effende de weg om mensen te deporteren van 
Makassar en naar de slavenmarkt in Batavia te brengen, ongeacht hun 
voorgeschiedenis. Het was een publiek geheim, net als dat iedereen wist 
dat de meeste mensen in Makassar via mensenroof op de markt kwamen. Die mensenroof lijkt op het eerste oog betrekkelijk kleinschalig omdat 
bij afzonderlijke roofpartijen meestal maar enkele mensen slachtoffer 
werden, maar bij elkaar opgeteld nam dit in de achttiende eeuw grote 
­vormen aan. Zuid-Sulawesi exporteerde in de achttiende eeuw zo’n drie­
duizend mensen. De koloniale havenstad Makassar had eind achttiende 
eeuw rond de zesduizend inwoners waarvan – overigens net als in Bata­
via en Kota Ambon – de helft vrij en de helft slaafgemaakt was.11
De mensenroof had een banaal karakter: vissers werden in het donker 
op zee uit hun bootjes geplukt, mensen werden in de schemer buiten het 
dorp aangevallen en kinderen werden gelokt met koekjes. Dit laatste 
overkwam twee negenjarige jongetjes, Tapan en Tsjanga, uit de buurt 
van Bulukumba, zo’n 160 kilometer van Makassar, in 1786.",UNLABELED,-1,False
,,,,,,,,,,,,"938 
144 De Nederlandsche Staats-Courant 1861-1862 (bijblad). Tweede Kamer, 77ste zitting – 3 julij 1862, vel. 257, p. 938",UNLABELED,-1,False
,,,,,,,,,,,,"NINSEE 
39 
 
tegen het zogenoemde doffe stelsel45 van voor 1848 waarin het voeren van debatten 
zeer moeizaam verliep (Turpijn 2008). Gebaseerd op het liberale gedachtengoed van Thorbecke, streefden Thorbeckianen naar 
liberalisering door middel van de afschaffing van accijnzen, heffingen en tol. Daarnaast 
vonden ze dat de overheid zich terughoudend moest opstellen tegenover haar burgers. Burgers dienden vrij te zijn om zichzelf te kunnen ontplooien. Thorbeckianen stonden 
kritisch tegen over overheidsuitgaven, met name die voor defensie.46 
 
Over het algemeen kan worden gesteld dat de Conservatieven tegen, in hun ogen, te veel 
volksinvloed op het politieke bestuur waren. Tegenwoordig wordt conservatief eerder 
beschreven als een politieke stroming die behoudend is. Binnen de conservatieve 
stroming kan een onderscheid gemaakt worden tussen ultraconservatieven en 
gematigder conservatieven (dit laatste wordt ook wel pragmatisch Liberalisme 
genoemd). Dit verschil heeft, zoals op te maken is uit de benamingen, te maken met de 
mate van conservatief zijn en uitte zich voornamelijk in 1848 toen de 
ultraconservatieven tegen de Grondwetsherziening van Thorbecke stemden en de 
pragmatisch liberalen voor. De Liberalen waren voorstanders van een grote mate van vrijheid voor het individu. Er 
was pas sprake van partijvorming in 1885.",UNLABELED,-1,False
,,,,,,,,,,,,"asg, na, Bijlagen Resoluties Staten-
Generaal, ‘Provisionele instructie voor de 
regeeringhe van het Suijder district,’ artikel 
43, 11 april 1642, inventarisnummer 5756. 7. Artikel 6 van het octrooi van de Staten-
Generaal aan de wic van 23 september 1682, 
in Groot Placaet-boek iii (Den Haag 1683) 1426. 8. ‘Placaat van de Staaten Generaal, omtrent de 
Vryheid der Neger- en andere Slaaven, welke 
uit de Colonien van den Staat naar dese 
Landen overgebragt of overgesonden 
worden. Den 23 Mey 1776,’ Groot Placaatboek 
ix (Amsterdam 1796) 526. 9. ‘Placaat van de Staaten Generaal, tot 
aanmoediging van den Negerhandel in de 
West-Indische Colonien. Den 24 november 
1789,’ Groot Placaatboek ix (Amsterdam 1796) 
1291. ◼ ◼◼  24.",UNLABELED,-1,False
,,,,,,,,,,,,"Tweede Kamer, 77ste zitting – 3 julij 1862, vel. 257, p. 943 
175 De Nederlandsche Staats-Courant 1861-1862 (bijblad). Tweede Kamer, 77ste zitting – 3 julij 1862, vel. 257, p. 944",UNLABELED,-1,False
,,,,,,,,,,,,"— 461 —
— NOTEN —
(red.), Amstelodamum. Alle Amsterdamse Akten. Ruzie, rouw en roddels bij de notaris, 1578-1915 
(Amsterdam 2022) 130-143. ◼ ◼◼  Zwarte Hollanders / Kanteljaar 1873 – 
Martin Bossenbroek
1. Martin Bossenbroek, Volk voor Indië. De 
werving van Europese militairen voor de 
Nederlandse koloniale dienst 1814-1909 
(Amsterdam 1992); W.M.J. van Kessel, Zwarte 
Hollanders. Afrikaanse soldaten in Nederlands-
Indië (Amsterdam 2005); Griselda Molemans 
en Armando Ello, Zwarte huid, Oranje hart. Afrikaanse knil-nazaten in de diaspora (Zwolle 
2010). 2.",UNLABELED,-1,False
,,,,,,,,,,,,"Ho-
ningh, & M. Noordegraaf 
(Eds.), Maatschappelijke 
Bestuurskunde: Hoe 
verbindende bestuurskun-
digen (kunnen) inspelen op 
maatschappelijke vraagstuk-
ken (pp. 97-112). Uitgeverij 
Boom. 31. NSOB (2018). Een blik 
van buiten: Hoe burgers 
betrokken (kunnen) zijn bij 
controle en verantwoording",UNLABELED,-1,False
,,,,,,,,,,,,"RACISME BIJ HET MINISTERIE VAN BUITENLANDSE ZAKEN 
Een verkennend onderzoek 
 
37 
 
onschuld moest bewijzen. Partners krijgen een uitkering als een compensatie voor 
inkomstenverlies. De voorwaarde is wel dat de partner een aantal maanden per jaar niet 
naar het buitenland reist en een bepaalde periode op de standplaats moet wonen. Een 
collega heeft een melding gedaan waarin een verdenking stond dat haar partner zich 
niet aan de voorwaarde heeft gehouden. Sindsdien moest de medewerker om de zoveel 
weken aan het ministerie rapporteren en het paspoort van haar man overleggen met 
daarin de in- en uitreisstempels. Zij moest “telkens bewijzen dat haar man niet fraudeerde.” 
De medewerker in kwestie vond het onrechtvaardig dat zij de enige op de ambassade 
was aan wie dit werd verzocht. Ze heeft hier ook vragen over gesteld, maar er nooit 
antwoord op gekregen. Ze denkt dat het is vanwege haar afkomst. Beschuldiging van onverdiend succes en oneerlijk verkregen posities binnen de organisatie 
Waar bi-culturele medewerkers nog meer tegen aanlopen is dat ze de beschuldiging 
krijgen dat hun positie binnen de organisatie oneerlijk is verkregen, dat wil zeggen niet op 
basis van goede prestaties, maar vanwege hun etnische achtergrond. Het is een 
beschuldiging dat er sprake zou zijn van onverdiend succes, positieve discriminatie en dat 
mensen hun baan alleen maar te danken hebben aan het diversiteitsbeleid en de druk 
om bepaalde targets te halen.",UNLABELED,-1,False
,,,,,,,,,,,,"Brazilië. We zijn hem eerder in dit boek 
tegengekomen: bij Fort Elmina in Ghana, 
dat hij een jaar veroverde. Terwijl hij in 
Brazilië was, liet hij in Den Haag een 
stadspaleis bouwen: het Mauritshuis. Nu is dat een museum. Er hangen nog 
steeds vooral schilderijen uit de tijd van 
Johan Maurits. Het initiatief tot zijn aanstelling als 
gouverneur-generaal kwam vanuit de 
Amsterdamse Kamer van de WIC. Om 
precies te zijn van Albert Coenraetsz 
Burgh, lid van de vroedschap van 
Amsterdam (een voorloper van de huidige 
gemeenteraad) en later burgemeester. In 
de hofhouding van Johan Maurits werden 
50 ‘’s Compagnies slaven’ aan het werk 
gezet: 35 mannen, 7 vrouwen en 
8 kinderen. Johan Maurits verkocht ook 
zelf slaven, bijvoorbeeld aan de WIC. Brazilië was de eerste plek in het 
Atlantisch gebied waar Nederlandse 
schepen grote groepen slaafgemaakten 
naartoe vervoerden.",UNLABELED,-1,False
,,,,,,,,,,,,"46 
NANCY JOUWE, MATTHIAS LUKKES, REMCO RABEN
en vroedschapslid Gerard gevraagd zĳn financiën te regelen gedurende 
zĳn afwezigheid, hetgeen Gerard deed.20
Conclusie
Utrechtse regenten namen zitting in het bestuur van de voc en de wic 
of trokken oceanen over om fortuin te maken in de koloniën. Zĳ keerden 
vaak met hun vergaarde rĳkdommen naar Utrecht terug. De koloniale 
ondernemingen boden daarnaast een geschikt object van investering, 
waarmee veel Utrechtse regenten hun slag sloegen. Koloniale belangen 
maakten integraal onderdeel uit van de regentenfamilies die Utrecht 
eeuwen hebben geregeerd. Zowel veel vroedschapsleden als hun directe 
familieleden hadden financiële belangen en aandelen, of maakten 
carrière in de koloniën. We kunnen dus concluderen dat de Utrechtse regentenklasse zeer 
grote belangen had in de koloniale handel en slavernĳ. Zelfs als we 
alleen de – aangetoonde – directe betrokkenheid meten, zien we dat 
percentages van 20 tot 40 procent realistisch zĳn. Dat de aard en omvang 
van de belangen per familie en individu verschilden, hoeft geen betoog. Als het onderzoek iets duidelĳk maakt, is het dat de bestuurlĳke elite col-
lectief op verdiensten dreef uit koloniale ondernemingen en op slavernĳ 
gebaseerde productieketens. Bĳna elke regentenfamilie had leden die in 
koloniale zaken investeerden of naar de koloniën reisden, of trouwden 
in koloniale families in.",UNLABELED,-1,False
,,,,,,,,,,,,"— 161 —
Pepijn Brandon	
11. Slavernij,  
	
kolonialisme en  
	
de financiële sector 
In april 2022 bood de abn amro Bank formeel excuses aan voor de rol die 
historische voorlopers van de bank hadden gespeeld in de internationale 
slavernij. Niet veel later volgde De Nederlandsche Bank (dnb). De meest 
markante voorganger van abn amro waarvan de slavernijconnecties 
waren doorgelicht, was de firma Hope & Co. Die moet gerekend worden 
tot de grootste internationale handels- en financiershuizen van de tweede 
helft van de achttiende eeuw. Juist in die periode bleek de financiële gigant 
maar liefst een kwart tot een derde van zijn jaarlijkse opbrengsten te 
­behalen uit slavernijgerelateerde activiteiten. De firma verstrekte en 
beheerde voor eigen rekening leningen aan plantages in Nederlandse, 
Britse en Deense koloniën, verdiende aan de handel in door slaafgemaak­
ten geproduceerde goederen uit het Caribisch gebied en Azië, en was ook 
geldschieter voor andere grote Europese handelshuizen die investeerden 
in de plantagesector. Tot in de negentiende eeuw bleef het inmiddels 
sterk afgeslankte financiershuis betrokken bij de slavernijeconomie, 
onder andere door investeringen in de plantagesector in het zuiden van 
de Verenigde Staten.1 
De direct tot slavernij terug te voeren activiteiten van de firma waren 
i­ngebed in een veel bredere betrokkenheid bij slavernij en kolonialisme. Medeoprichter van de firma Thomas Hope was bewindhebber bij de 
West-Indische Compagnie (wic) en de Verenigde Oost-Indische Compag­
nie (voc), en trad in beide compagnieën op als vertegenwoordiger van 
­respectievelijk de stadhouders Willem iv en Willem v (zie hoofdstuk 29 
van Raymund Schütz). Op de Britse markt speculeerde Hope & Co op grote 
schaal op aandelen van de Britse East India Company.",UNLABELED,-1,False
,,,,,,,,,,,,"— 235 —
— NEDERLANDSE KOLONIALE SLAVERNIJ WERELDWIJD —
◼ ◼◼  Ter afsluiting
Door de politieke emancipatie in de jaren veertig en vijftig, de Antilliaanse 
autonomie in 1954, en de opstand van 30 mei 1969 op Curaçao werden 
geleidelijk de meeste politieke posities door nazaten van de zwarte slaaf­
gemaakten overgenomen. Vergelijkbare ontwikkelingen zien we op de overige eilanden. Het verder 
zoeken naar de eigen identiteit en de ‘herontdekking van creoolse 
­cultuuruitingen’ heeft uiteindelijk geleid tot meer acceptatie van de 
­Afrikaanse afkomst en cultuur. Er is veel en waardevol onderzoek verricht, 
mede door de betere beschikbaarheid van (digitale) bronnen en de ontwik­
keling van het wetenschappelijk en publiek debat. Een groter nationaal 
bewustzijn bracht ook meer lokale onderzoekers voort. Er dient meer aan­
dacht geschonken te worden aan onder meer de rol van de slaafgemaakten 
in de zeventiende eeuw en ontbrekende documenten die de relaties van de 
lokale elite en de vrijheidsstrijders in 1795 blootleggen. Ook de positie van 
vrouwen en gezinsvorming in de slavernij verdient meer aandacht. Op 30 mei 1969 werd er 
gestaakt op Curaçao. De 
stakingen mondden uit in 
een grote volksopstand die 
bekendstaat als Trinta di Mei.",UNLABELED,-1,False
,,,,,,,,,,,,"NINSEE 
 
vi 
 
De implicatie van het als een pakket presenteren van de afschaffing van de slavernij was 
dat elke algemene stem tegen één van de vier componenten de afschaffing kon 
vertragen, omdat de regering dan gedwongen was het wetsontwerp in te trekken. Tijdens het debat werden de parlementsleden daar continu aan herinnerd. Alhoewel 
sommige parlementsleden dit zagen als een vorm van intimidatie, was er over één ding 
consensus in het parlement: vrijheid kon niet wachten. Niet alleen omdat slavernij een 
schandelijk systeem was maar ook omdat slavernij een smet, vloek en kanker was voor 
Nederland en zijn eer. Naar aanleiding van het parlementaire debat nam de regering vier besluiten: 
1. Het besluit tot afschaffing van slavernij werd van 1 oktober 1863 naar 1 juli 1863 
verschoven. Achtergrond van dit besluit waren het intense debat en de verschillende 
gevraagde aanpassingen. Na het debat stemden 47 parlementariërs voor en elf tegen de afschaffing van de 
slavernij in Suriname, en 44 voor en zeven tegen de afschaffing van de slavernij in de 
voormalige Nederlandse Antillen. Er bestond weliswaar overeenstemming over de 
noodzaak de slavernij af te schaffen, maar niet over de procedures en voorwaarden 
omtrent de afschaffing. 2.",UNLABELED,-1,False
,,,,,,,,,,,,"162 
CAROLINE DRIEËNHUIZEN
van een kolonie op Stateneiland in Nieuw Nederland – het huidige 
Staten Island bĳ New York.30 In de Nederlandse koloniën in Noord-
Amerika deden tot slaaf gemaakten het zware werk. En de vader van 
Belle van Zuylen was hoofdparticipant van de Provinciale Utrechtsche 
Geoctroyeerde Compagnie, die vanaf 1736 de Surinaamse koffieplantage 
Utrecht aan de Commewĳnerivier exploiteerde, met ruim tachtig tot 
slaaf gemaakten, onder wie vĳf kinderen.31 De Compagnie investeerde 
bovendien in drie slavenschepen die tussen 1738 en 1746 meerdere 
malen tot slaaf gemaakten uit Afrika naar Amerika vervoerde (zie het 
artikel van Matthias Lukkes). Hoewel het dus duidelĳk is dat Belle van Zuylens geërfde vermogen via 
vaderskant deels voortkwam uit koloniale inkomsten, was het koloniale 
kapitaal van moederskant zo mogelĳk nog groter. Belles grootvader 
René de Vicq (1683-1737) was bewindhebber van de voc en verdiende 
met onroerend goed, zĳn ambten en commissariaten redelĳk, maar het 
was zĳn vrouw, Maria Jacoba van Goor (1687-1737), die het grootste ver-
mogen in het huwelĳk inbracht. Zĳ was een telg uit een zeer succesvolle 
Amsterdamse koopmansfamilie. Belle van Zuylens betovergrootvader 
in vrouwelĳke lĳn, Cornelis van Goor (ca.1600-1675), wordt wel één 
van de tien rĳkste Amsterdammers uit de ‘Gouden Eeuw’ genoemd. Fragment uit de erfenis die Belle van Zuylen ontving, 1778 (Het Utrechts Archief)",UNLABELED,-1,False
,,,,,,,,,,,,"Het aantal personen op deze lijst 
slonk inderdaad van ongeveer twintigduizend in 1820 tot ongeveer tien­
duizend in 1841. De meeste overgebleven slaafgemaakten verrichtten huishoudelijk 
werk, maar een deel werkte op de nootmuskaatperken op de Banda-­
eilanden, die in het bezit waren van Nederlandse afstammelingen. Om 
het tekort aan arbeidskrachten daar op te vangen werd in de jaren dertig 
van de negentiende eeuw nog overwogen vierhonderd slaafgemaakten van 
Bali over te brengen. Dat idee werd echter losgelaten, omdat het feitelijk 
ging om de invoer vanuit een gebied dat niet onder direct Nederlands 
gezag stond, maar onder lokale heersers. Als het al niet naar de letter dan 
was het in ieder geval naar de geest in strijd met het Brits-Nederlandse 
verdrag tegen de slavenhandel. In plaats van Balinezen werd een groeiend 
aantal gestraften en bannelingen uit de Nederlandse koloniën naar Banda 
gezonden, al valt niet uit te sluiten dat er ook illegale slaventransporten 
plaatsvonden.",UNLABELED,-1,False
,,,,,,,,,,,,"ǲDe heer Cool: Dan stel ik als amendement voor art. Ͷ te lezen: ǮDe Regering regelt, leidt 
en ondersteunt immigratie van vrije arbeiders gedurende hoogstens tien jaren, te 
rekenen van den lsten Julij ͳͺ͸͵.ǯ  
 
 
263 De Nederlandsche Staats-Courant 1861-1862 (bijblad). Tweede Kamer, 78ste zitting – 4 julij 1862, vel. 261, p. 960 
264 De Nederlandsche Staats-Courant 1861-1862 (bijblad). Tweede Kamer, 78ste zitting – 4 julij 1862, vel. 261, p. 960 
265 De Nederlandsche Staats-Courant 1861-1862 (bijblad). Tweede Kamer, 78ste zitting – 4 julij 1862, vel. 261, p.",UNLABELED,-1,False
,,,,,,,,,,,,"— 437 —
— BEVINDINGEN —
eilanden ongewenste, neokoloniale bemoeienis bij hun interne politieke 
aangelegenheden en ongelijke behandeling en achterstelling ten opzichte 
van Nederland bij de invoering en toepassing van wetten en regelingen. Doordat de economische kracht van Nederland steeds meer voelbaar 
wordt op de eilanden, die het economisch steeds moeilijker hebben, wordt 
deze ontwikkeling versterkt. Voor de eilanden zelf betekent dat een voort­
durend navigeren tussen het idee van politieke onafhankelijkheid als 
onderdeel van een emancipatieproces en een gedeeld besef dat zij als 
kleinschalige samenlevingen economisch, financieel en politiek kwetsbaar 
kunnen zijn binnen de grotere trans­nationale wereld. Meer en betere kennis van het slavernijverleden en de koloniale geschiedenis biedt 
een rijker inzicht in de (historische) totstandkoming van hedendaagse verhoudingen 
in samenlevingen binnen het Koninkrijk der Nederlanden en tussen Nederland en 
voorheen gekoloniseerde gebieden. Dit boek maakt duidelijk dat er een inhaalslag plaatsvindt in de  ver­
nieuwing van diverse begrips- en interpretatiekaders met betrekking tot 
de geschiedenis van de slavernij en kolonialisme. Die heeft lang op zich 
laten wachten en is nog niet voltooid. Het behelst een verschuiving van 
perspectieven die door koloniale en nationalistische geschiedenissen zijn 
gevormd, waardoor Nederland zichzelf kon blijven zien als een ‘kleine’ en 
‘milde’ kolonisator, waarvoor slavernij slechts een ‘marginaal’ verschijnsel 
zou zijn geweest. De koloniale geschiedenis en slavernijgeschiedenis 
­werden gescheiden van de voorstelling van Nederland als een ‘tolerant’ 
land, als een vroege democratie, als een ‘moderne’ economie gedreven 
door vrije ontwikkeling. De contrasten werden daardoor onzichtbaar. Door middel van nieuwe perspectieven proberen onderzoekers zich te 
ontdoen van de koloniale, haast naïeve en soms bagatelliserende opstel­
ling ten opzichte van dit verleden, om te komen tot een scherper zicht op 
de Nederlandse geschiedenis en de doorwerkingen daarvan tot in het 
heden.",UNLABELED,-1,False
,,,,,,,,,,,,"Natuurlijk kende 
de datum van 19 december een domme en bizarre aanloop: hoe kan dit in 2022 
nog gebeuren? Het is een koloniale blinde vlek dat er niet zorgvuldig is om­­
gegaan met de mensen waar het over ging. Ik denk wel dat de excuses het 
wetenschappelijke onderzoek zullen bevorderen. Het zal ervoor zorgen dat de 
onderzoeksagenda scherper geformuleerd gaat worden en er aandacht komt 
voor de na- en doorwerkingen. Dat Rutte erkende dat systematisch racisme aangepakt moet worden is heel 
belangrijk, want het is zo lang ontkend. Slavernij in Azië werd wel kort genoemd 
in de speech, maar er waren geen echte excuses voor. Dit laat weer zien hoe 
politiek gemotiveerd de excuses zijn. Slavernij in “de Oost” is nooit een groot 
thema geweest. Het einde van het koloniale bewind in Indonesië in de jaren 
1945-1950 wel en daar heeft de koning dan ook excuses voor aangeboden. Maar slavernij is deel van een veel groter verhaal.",UNLABELED,-1,False
,,,,,,,,,,,,"33
De binnenplaats van Fort Elmina. Het 
gebouw in het midden werd gebruikt  
als veilingsgebouw. De duizenden 
Afrikaanse gevangenen werden soms 
wekenlang in het fort vastgebonden aan 
kettingen, in afwachting van een schip 
dat hen zou afvoeren naar de plantages. STIG NYGAARD, 2005 | FLICKR",UNLABELED,-1,False
,,,,,,,,,,,,"WAAROM VRIJHEID NIET KON WACHTEN 
NIMAKO, DELEA & ESAJAS                                                                                                                            50 
  
te maken en hem trapsgewijze de voordeelen eener beschaafde maatschappij te doen 
genieten. Eene vroegere Regering, die dezen weg wilde inslaan, vatte de verdediging van 
haar stelsel in deze woorden zamen: » men schenkt bijval aan de bepaling » lediggang en 
zwerverij worden niet geduld,maar zij is slechts een ijdele en bedriegelijke klank, als 
men tevens omverwerpt al wat werkzaamheid kan verzekeren en vastheid van verblijf 
bevorderen moet. De beschaving gedoogt geene sprongen, en de maatschappelijke 
vrijheid in hare edelste beteekenis is niet bereikbaar dan voor diegenen, die haar door 
inborst of opleiding met zelfbeheersching kunnen genieten. De Regering, die de 
toekomst voor oogen moet houden en deze niet mag opofferen aan schoonklinkende 
woorden, heeft dan ook, zich spiegelendeaan de omstandigheden van elders, begrepen, 
den vrijgemaakte niet onvoorwaardelijk te mogen loslaten in eene rigting waar hij zich 
zelven en anderen zou verdervenǳ. 77 
 
Vervolgens bepleitte hij het volgende bij de minister: 
 
ǲ)k hoop dat de Minister mij nog zal kunnen overtuigen, dat zijn stelsel de voorkeur 
verdient, want ik ontveins niet, dat de onverwijlde opheffing der slavernij, zoo als dit 
wetsvoorstel deze wil tot stand brengen, mij nog niet toeschijnt het lot en de veredeling 
der negerslaven te zullen verzekeren, hunne zedelijke en waarachtige belangen te zullen 
bevorderenǳ. 78  
 
Het Tweede Kamerlid De Raadt stelde in het belang van de Staat en met betrekking tot 
de slavenhouders de volgende vraag: 
 
ǲ)s het voorgestelde emancipatieplan overeen te brengen met de  
belangen onzer schatkist? Het valt niet te ontkennen, dat voor de verwezenlijking van den maatregel, waarvan hier 
sprake is, zeer aanzienlijke offers van het moederland gevorderd worden. Gedreven 
door een billijken afkeer die ons tegen de slavernij moet bezielen, meen ik, dat wij aan 
dien  
maatregel belangrijke offers mogen brengen. Er is meer. De slavernij is in onze West-
Indische kolonien ingevoerd, zij is tot op heden bestendigd en als een regt van den 
meester beschermd.",UNLABELED,-1,False
,,,,,,,,,,,,"27
B.3> De Ambtsinstructie van de politie en Koninklijke Marechaussee, waarin de regels voor de 
toepassing van geweld en geweldsmiddelen vastgelegd zijn, moeten stroken met de mensenrechten. B.4> Verminder geweldstoepassingen door wetshandhavers. •  Verbied de nekklem. De nekklem wordt steeds vaker toegepast,[1] terwijl deze een 
onnodig groot risico met zich meebrengt en niet hoort bij wetshandhavers die in 
verbinding willen staan met burgers. •  Schaf gebruik van de taser af. De taser is op oneigenlijke gronden ingevoerd, na een 
mediacampagne van de politie met feitelijk onjuiste informatie. Medialogica[2] heeft er een 
schokkende uitzending over gemaakt. • Verhoog in de ambtsinstructie de drempel voor het inzetten van de hond. De 
traumatische gevolgen zijn te zien in deze uitzending van Zembla. • Stop met schieten ter aanhouding.",UNLABELED,-1,False
,,,,,,,,,,,,"Ook de wijze waarop objecten in musea gepresenteerd worden, staat ter discussie, met als 
doel tot een andere benadering, interpretatie en presentatie van objecten te komen.50 In de 
slavernijtentoonstelling van het Rijksmuseum (2021) wordt hier specifiek invulling aan gegeven. Andere voorbeelden zijn de controverses over de Gouden Koets, de term ‘Gouden Eeuw’ en 
het taalgebruik dat uitgaat van Europese normen en gezichtspunten. Ook die wijzen op de toe­
nemende aandacht voor het beladen verleden, en het besef van de noodzaak tot verandering. 47	 RADAR (2021a). Nursing.nl is een vakblad en website voor verpleegkundigen, zie Nursing.nl (2015, 2020). 48	 Gorter et al. (2020). 49	 Actieplan Cultuur en Creatief Inclusief (2011, 2019). 50	Het Rijksmuseum, tentoonstelling Slavernij (www.rijksmuseum.nl).",UNLABELED,-1,False
,,,,,,,,,,,,"Omdat de koninkrijken op Timor alleen niet aan de Nederlandse vraag 
konden voldoen, raakten meer en meer vorstendommen verstrikt in het 
web van de Europese slavenhandel. Als er niet genoeg mensen geleverd 
werden, zetten de Nederlanders soms strafexpedities op om zichzelf te 
voorzien van menselijke buit. Uit een analyse van de dagregisters uit het 
einde van de zeventiende eeuw blijkt dat de uitvoer van slaafgemaakte 
mensen fluctueerde tussen de vijfentwintig en driehonderd per jaar. ­Reisbeschrijvingen uit de achttiende eeuw spreken van een gemiddelde 
jaarlijkse uitvoer van tweehonderd mensen. Het is natuurlijk maar de vraag of alle handel in mensen wel geregis­
treerd werd in de dagregisters, en daarnaast waren ook lokale tussen­
handelaren in de regio actief, die slaafgemaakten naar Batavia 
transporteerden. Er waren ook uitschieters, zoals de verscheping van 777 
mensen in 1757 naar Batavia na een strafexpeditie van de voc. De verkoop 
van deze groep mensen leverde de voc in totaal zo’n 50 000 gulden op.7 
Hägerdal stelt dat slavenhandel in die regio leidde tot een sterk ­gewortelde",UNLABELED,-1,False
,,,,,,,,,,,,"Deze schadeloosstelling werd begroot op f. 24.600.000. Pas nadat de 
slaaf-gemaakten deze Ǯschuldǯ hadden betaald, zouden ze in vrijheid worden gesteld.17  
 
Opvallend is dat in geen van deze ontwerpen, op wat voor manier dan ook, verwezen 
wordt naar de menselijkheid van de slaaf-gemaakten. Na het eerste ontwerp van de regering in 1844 duurde het vier jaar voordat een tweede 
ronde van ontwerpen zich aandiende. Deze ronde duurde drie jaar. Tussen 1848 en 
1851 werden elf ontwerpen, de meeste door publieke en religieuze leidinggevende 
 
13 Ibid 2, p. 43-48, originele nadruk. 14 Ibid 2, p. 50-51. 15 Ibid 2, p.",UNLABELED,-1,False
,,,,,,,,,,,,"Hij startte in 1832 
met een opleiding geneeskunde aan de Groningse Hogeschool en werkte na zijn 
promotie als dokter in Akkrum. In 1858 werd hij als Tweede Kamerlid verkozen door het kiesdistrict Akkrum, hij 
bekleedde deze positie tot september 1865. Hij was een van de steunpilaren van 
Thorbecke. Dat jaar werd hij benoemd tot inspecteur van het geneeskundige 
staatstoezicht. Vier jaar later werd hij opnieuw verkozen tot Tweede Kamerlid, dit keer 
namens kiesdistrict Sneek. Hij vervulde deze functie tot zijn overlijden in september 
1869. ǲEngeland is teruggekomen van het stelsel om de immigratie voor eigen rekening te 
doen plaats hebben, uit hoofde van de kosten. Hoewel men erkent dat de immigratie tot 
zekere hoogte groote voordeelen heeft aangebragt, zoo is men toch ook niet blind voor 
de nadelen en is [men] teruggekomen van de vroegere beschouwing dat de Regering 
zich daarmede moet belasten. De Regering zelve is zeker in het bezit van alle gegevens 
en zal ons met de geschiedenis van de twee laatste jaren wel willen bekend maken. Daarop komt het toch aan; wij behooren gebruik te maken van de fouten van anderen.",UNLABELED,-1,False
,,,,,,,,,,,,"‘Zacht’ was dit allesbehalve: het institutionaliseerde de 
superioriteit van witte christenen en diskwalificeerde lokale verwantschappen, 
leefwijzen en opvoeding. Geertje Mak (1961) is hoogleraar Politieke Geschiedenis van  
Gender in Nederland aan de Universiteit van Amsterdam. Marit Monteiro (1964) is hoogleraar Cultuur- en Religiegeschiedenis  
aan de Radboud Universiteit.",UNLABELED,-1,False
,,,,,,,,,,,,"11 
Amerikaanse democratie vastgelegd: ‘equal protection of the laws’ – vlak na de Amerikaanse 
Burgeroorlog met als inzet precies de strijd tegen het gebrek aan die equal protection, in de 
slavernij in de Zuidelijke staten. Dat kunnen we erkennen, terwijl we tegelijkertijd óók 
kunnen constateren dat diezelfde ‘framers’ in hun toepassing van datzelfde principe faalden, 
zoals bij het in standhouden van ‘racial segregation’ op scholen. Aan de principes die de 
‘framers’ in de constitutie vastlegden, zoals ‘equal protection’ zijn we gebonden (en die 
kunnen we prijzen); we zitten niet vast aan hun (foutieve) toepassingen van die principes, 
betoogt Dworkin.37 
 
2.4  
Mogelijke staatsrechtelijke bezwaren: ministeriële verantwoordelijkheid 
 
Een aanpassing van het kabinetsstandpunt in de richting van excuses voor het 
slavernijverleden zou echter wellicht nog wel kunnen afstuiten op staatsrechtelijke 
bezwaren. Het staat de regering uiteraard vrij om – in abstracte zin – excuses aan te bieden 
voor alle zaken waar zij excuses voor wil aanbieden (zeg, de kap van regenwouden in Brazilië 
onder het regime van Bolsonaro),38 uiteindelijk gesanctioneerd door het parlement via de 
vertrouwensregel. Maar de staatsrechtelijke vraag rijst of zij als huidig kabinet op een 
betekenisvolle manier verantwoordelijkheid voor onrecht uit een (verder) verleden kan 
nemen – dat wil zeggen: als de formele (late) vertegenwoordiger van de destijds handelende 
entiteit/staat. Een vereiste voor een volwaardig officieel excuus lijkt te zijn dat ‘the 
apologiser must have standing to make the apology: (…), in official apologies the apologiser 
must be the legitimate representative of the entity responsible for the wrongdoing.’39 Of 
staat de ministeriële verantwoordelijkheid daaraan in de weg? Op basis van de ministeriële verantwoordelijkheid zijn ministers (art. 42 lid 2 Gw) en 
staatsecretarissen (art. 46 lid 2 Gw) verantwoordelijk voor hun handelen en nalaten in brede 
zin. Daar vallen bijvoorbeeld ook zaken onder die, buiten enig verwijt aan hun adres om, 
plaatsvinden op hun ministerie.40 De bewerkte Van der Pot vergelijkt het met de positie van 
                                                        
37 Ronald Dworkin, ‘The Moral Reading of the Constitution’, The New York Review of Books, 21 maart 1996.",UNLABELED,-1,False
,,,,,,,,,,,,"Ibidem, 225; Slechte, ‘De Firma List en Bedrog’, 195; Van Noorle Jansen, 
‘De Provinciale Utrechtsche Geoctroyeerde Compagnie’, 16. 22. Voor een uitvoerig verslag van de corrupte praktĳken van de Utrechtse 
Compagnie evenals een algemene geschiedenis over de Compagnie, 
zie: Slechte, ‘De Firma List en Bedrog’, 179-218. 23. Van Rĳn, Het groote Tafereel der Dwaasheid en zĳn geschiedenis, xxiii. 24. Jacob Hiskia Machado, Frederik Middendorp, Andries Oortman, 
Balthasar Ardinois, Jeremias van Waeĳ en Otto Willem Falck werden 
vervangen. Henri Pagez was al in 1721 vertrokken. Bewindhebbers in de 
jaren daarna waren onder andere Jacques Amiot, François Sweers, Pie-
ter Testas de Jonge, Johan du Quesne, Pierre Cavalhies, Isbrand Vosch 
van Avezaat, Isaac Samuel van Beuningen en Everard Storm: Slechte, 
‘De Firma List en Bedrog’, 209-212, 217; Van Rĳn, Het groote Tafereel der 
Dwaasheid en zĳn geschiedenis, ix. 25.",UNLABELED,-1,False
,,,,,,,,,,,,"3 
 
Inhoudsopgave 
Inhoudsopgave 
Managementsamenvatting ....................................................................................................... 5 
1 
Inleiding ............................................................................................................................... 12 
1.1 
De betekenissen van racisme .................................................................................... 14 
1.2 
Betrokkenheid van ministerie en derden .................................................................. 16 
1.3 
Leeswijzer ...................................................................................................................... 17 
2 
Aanpak van het onderzoek .............................................................................................. 19 
2.1 
Doelstelling en onderzoeksvragen ............................................................................. 19 
2.2 
Een kwalitatieve onderzoekopzet ............................................................................. 20 
2.3 
Interviews en focusgroepen ....................................................................................... 21 
2.4 
Selectie van respondenten ........................................................................................",UNLABELED,-1,False
,,,,,,,,,,,,"SLAAFGEMAAKTEN EN BESTUURDERS VAN DE VOC IN UTRECHT EN AZIË 
97
voc-bewindhebbers, zoals de geleerde Aernout van Buchel of de latere 
burgemeester Aelbert van Benthem. De eerste Utrechtse bewindheb-
ber was Willem van Sypesteyn (1575-1624), een telg uit een voornaam 
koopmans- en regentengeslacht. Willem van Sypesteyn was onder meer 
kanunnik van de Utrechtse dom, raad van de Zeeuwse admiraliteit en 
gedeputeerde in de Staten-Generaal namens Utrecht.3 Als bewindhebber 
kreeg hĳ een vergoeding van maar liefst 800 gulden per jaar van de 
voc – deze nevenfunctie werd dus beloond met ruim zesenhalf keer 
het jaarsalaris van een gewone matroos.4 De activiteiten van Willem 
van Sypesteyn laten zien hoezeer de bestuurlĳke elite van Utrecht via 
de Staten-Generaal en de voc direct betrokken was bĳ het koloniaal 
bewind. Willem van Sypesteyn zat als bewindhebber bĳvoorbeeld in 
commissies die instructies naar bestuurders van de voc in Azië schre-
ven. Zo ondertekende hĳ in maart 1616 met zes andere bewindhebbers 
een brief aan de (kort daarvoor overleden) gouverneur-generaal Gerard 
Reynst en de secondant (en daarmee interim-leider) Jan Pieterszoon 
Coen. Naast aanwĳzingen om fraude te voorkomen, bevatte de brief de 
oproep om de Engelsen ‘met gewelt van wapenen’ uit de Molukken en 
Banda te houden en alle ‘Indianen’ die met ze zouden samenwerken 
‘rigoureuselĳck’ (zeer zwaar) te straffen.5
Ook Van Sypesteyns opvolger, Aernout van Buchel, raakte in koloniale 
politiek betrokken. Als bewindhebber (1619-1621) steunde hĳ bĳvoorbeeld 
de teruggekeerde voc-admiraal Steven van der Haghen (zie ook het 
artikel van Wim Manuhutu). Samen met de remonstrantse gouverneur-
generaal Laurens Reael had Van der Haghen in 1618 in Azië zĳn ontslag 
aangeboden uit verzet tegen de agressieve koloniale veroveringskoers 
die door de bewindhebbers in de Republiek was opgedragen.6 Deze 
conflicten over het beleid van de voc waren onderdeel van een bredere 
machtsstrĳd tussen contraremonstranten en remonstranten die op dat 
moment in de Republiek werd uitgevochten. Hun ontslag maakte Reael 
en Van der Haghen dan ook niet tot heldhaftige antikolonialen, zoals 
sommigen misschien in hen zouden willen zien. Weliswaar spraken zĳ 
zich uit tegen het agressieve en gewelddadige veroveringsbeleid, zoals 
onder gouverneur-generaal Jan Pieterszoon Coen in een stroomver-
snelling zou komen.",UNLABELED,-1,False
,,,,,,,,,,,,"8. Onder orthodoxe protestanten wordt het werk van Voetius nog steeds 
gelezen. 9. Jonathan Israel, The Dutch Republic and Hispanic World (Oxford: 
Clarendon Press, 1982), 60. Remonstranten en contraremonstranten 
verschilden van inzicht over vrĳe wil en uitverkiezing. Die kwestie laat 
ik hier buiten beschouwing, hoewel het een van de belangrĳkste theo-
logische geschilpunten was. 10. Noorlander, Serving God and Mammon, 33. 11. Michiel van Groesen, Amsterdam’s Atlantic.",UNLABELED,-1,False
,,,,,,,,,,,,"— 214 —
— STAAT EN SLAVERNIJ —
Een andere mogelijke invalshoek is de focus op de militaire wereld. Op 
afbeeldingen daarvan zijn mannen van Afrikaanse afkomst in het leger 
vaak ­trommelaar, soms met een stereotyperende halsband. Tegelijkertijd 
lijkt hier meer gelijkwaardigheid mogelijk: de zwarte man is geen bedien­
de maar rijdt te paard voor de andere soldaten uit, zie p. 215. Kort nadat de 
slavernij werd afgeschaft op het Franse Saint Domingue, kwam Nederland 
onder Frans bewind te staan. In Frankrijk werd de zwarte groep van vrije 
en slaafgemaakte mensen die klommen op de maatschappelijke ­ladder 
vereeuwigd in kunst.10 Of die verandering ook in de Bataafse Republiek 
plaatsvond, zou kunnen worden bestudeerd aan de hand van onder meer 
het schilderij op p. 216, waarop een man staat afgebeeld die meer lijkt op 
een adjudant dan op een bediende. Markt met ‘wereldwonderen’ door Jan Verheijen, 1820.",UNLABELED,-1,False
,,,,,,,,,,,,"DE UTRECHTSE COMPAGNIE 
61
en onrealistische plannen bleek een algemeen probleem van de in 
1720 opgerichte compagnieën, en had nog in datzelfde jaar de eerste 
internationale beurskrach in de wereldgeschiedenis tot gevolg.17
De meeste compagnieën die in 1720 opgericht waren in de Republiek, 
hielden hierdoor in hetzelfde jaar alweer op te bestaan. Toch waren er 
ook drie compagnieën die het overleefden: de Middelburgsche Com-
mercie Compagnie, die zich vanaf 1740 zou opwerpen als de belangrĳkste 
private slavenhandelsmaatschappĳ in de achttiende eeuw; de Stad 
Rotterdam, de eerste verzekeringsmaatschappĳ van Nederland, die vanaf 
haar oprichting meerdere slavenschepen zou verzekeren; en de Utrechtse 
Compagnie.18 Om deze laatste levensvatbaar te houden werd ze door de 
Staten van Utrecht ontslagen van de verplichting om de Eemvaart aan 
te leggen.19 De bewindhebbers van de Utrechtse Compagnie bedachten 
daarna nieuwe plannen om de Compagnie rendabel te maken voor 
Plannen voor de constructie van de Eemvaart in 1720. Uit: Het grote tafereel der dwaasheid 
(z.p. 1720). Aaltje Fredericks Ottens (Curiosity Collections, Harvard University)",UNLABELED,-1,False
,,,,,,,,,,,,"Guno Jones, ‘In de Schaduw van Politieke 
Erkenning,’ De slavernij in Oost en West 
(Amsterdam 2020). 5. Piet Emmer, De Nederlandse Slavenhandel 1500-
1850 (Amsterdam 2000). 6. Nancy Jouwe, ‘Van wie is de Nederlandse 
slavernijgeschiedenis?,’De slavernij in Oost en 
West (Amsterdam 2020) 377. 7. Wayne Modest, ‘Slavernij En Kolonialisme 
in Museale Tentoonstellingen,’ De slavernij in 
Oost en West (Amsterdam 2020). 8. Jones, ‘In de Schaduw van Politieke 
Erkenning,’ 368. 9.",UNLABELED,-1,False
,,,,,,,,,,,,"— 343 —
— VROEGE VORMING VAN SLAVERNIJ EN KOLONIALISME —
leden met koloniale belangen of connecties daarbij hun wil doordrukken, 
of juist niet? Met de tweede lijn kan het onderzoek een laag dieper graven om de 
­Staten-Generaal niet alleen als verzameling individuen te analyseren maar 
ook als een op zichzelf staand instituut. Hoe ontwikkelden de Staten-­
Generaal zich als centraal overheidsorgaan en wat was daarbij de rol van 
koloniale politiek, specifiek de besluitvorming rond slavernij? Versterkte 
het optreden van de Staten-Generaal met betrekking tot slavernij en 
­slavenhandel de eigen positie binnen de machtsstructuur van de Neder­
landse Republiek? Verstevigde of verzwakte dit de nationale soevereini­
teitsaanspraken van de centrale overheid? Of met andere woorden: welke 
rol speelde de slavernijgeschiedenis in de uiteindelijke ontwikkeling van 
een Nederlandse eenheidsstaat? De derde lijn ten slotte leidt naar de ideologische achtergrond van het 
Nederlandse slavernijverleden door de ideeën en visies bloot te leggen die 
ten grondslag lagen aan het optreden van de Staten-Generaal. Wat was de 
terminologie die de leden van de Staten-Generaal gebruikten bij hun 
besluitvorming en welke invulling gaven ze daaraan? Wat bedoelden ze 
met concepten als slavernij en vrijheid, en hadden die begrippen voor hen 
een verschillende betekenis in de Nederlandse en in de koloniale context? Door in detail na te gaan in welke discussies de Staten-Generaal zich 
mengden, welke argumenten ze gebruikten en welke inhoudelijke en 
­conceptuele verschuivingen daarbij optraden gedurende de zeventiende 
en achttiende eeuw kan de ideologische legitimering van Nederlandse 
­slavenhandel en slavernij verder in kaart worden gebracht.",UNLABELED,-1,False
,,,,,,,,,,,,"Die kerk was al vroeg, sinds 1558, aanwezig in de 
Nederlanden. Ook in de koloniën was de Lutherse Kerk vaak de eerste die 
naast de Gereformeerde Kerk haar entree maakte, in Suriname al in 1741.6 
Andere delen van het koloniaal rijk volgden niet veel later: in 1745 werd 
een Lutherse predikantsplek gesticht in Batavia en in 1780 één voor de 
Kaapkolonie. Niet alleen qua oorsprong en overtuigingen staat de Luther­
se Kerk dicht bij de Gereformeerde Kerk, ook in haar functioneren lijkt ze 
er sterk op. Net als de Gereformeerde Kerk focuste de Lutherse Kerk zich 
in ‘de West’ op de witte planterselite en was zij weinig actief in de zending 
onder slaafgemaakten of vrijen van kleur. De Lutherse Kerk stond en 
staat in Suriname – evenals de Gereformeerde Kerk – dan ook nog steeds",UNLABELED,-1,False
,,,,,,,,,,,,"Een medewerker heeft bijvoorbeeld gezegd dat 
“we ze in Afrika hadden moeten laten”. Een andere medewerker maakt eveneens 
duidelijk dat vluchtelingen niet thuishoren in Nederland en noemt het “belachelijk” dat we 
zoveel mensen uit Afghanistan in Nederland toelaten. Nadat een medewerker over een 
familielid in Nederland sprak, merkte een leidinggevende op: “wij willen dat soort mensen 
niet in Nederland”. Respondenten vinden het opvallend dat medewerkers zich 
comfortabel voelen om deze uitspraken te doen en dat het ook mogelijk is: 
 
“Als er over migranten wordt gesproken, wordt er over veerdiensten en 
het terugsturen van migranten gesproken. Er is een cultuur dat mensen 
zich op hun gemak voelen om dit soort uitspraken te doen. Soms ook in 
het bijzijn van collega’s met een migratieachtergrond.”  
 
  
3.2 Denigrerend bejegenen  
Naast verbale agressie ervaren respondenten een denigrerende en minderwaardige 
bejegening die voort zou komen uit een superioriteitsgevoel. Zij spreken over een 
kleinerende, neerbuigende en/of onbeschofte manier van communiceren. Medewerkers 
ervaren daarbij soms minachting. Een respectvolle en gelijkwaardige bejegening 
ontbreekt. Gebrek aan een respectvolle bejegening van huishoudelijk personeel 
Meerdere medewerkers die in het verleden op verschillende ambassades hebben 
gewerkt, gaan in het bijzonder in op de bejegening van huishoudelijk personeel dat 
werkzaam is in de woningen van ambassadeurs.",UNLABELED,-1,False
,,,,,,,,,,,,"bestond uit migranten; mensen die uit 
andere regio’s en landen naar Amsterdam 
waren gekomen, op zoek naar werk. Verovering en kolonisatie 
Het was de tijd van de grote 
‘ontdekkings’reizen. Europese landen 
en steden veroverden veel delen van de 
wereld en koloniseerden die: ze maakten 
zichzelf eigenaar van gebieden in Azië, 
Amerika en Afrika. De oorspronkelijke 
bevolking werd onderdrukt of vermoord. Het nieuwe land werd gebruikt voor het 
verbouwen van gewassen als suiker, 
nootmuskaat, peper, koffie en katoen, 
of voor het delven van grondstoffen, 
zoals zilver en goud. Daar kwam veel 
werk bij kijken en de slavenhandel 
werd een van de bronnen voor die 
gedwongen arbeidskracht. De VOC en de WIC 
De Vereenigde Oostindische 
Compagnie (VOC, 1602-1800) 
en de West-Indische Compagnie 
(WIC, 1621-1792) waren grote 
handelsondernemingen die zich 
bezighielden met de handel in 
producten en mensen uit andere 
werelddelen, oorlogsvoering. Met West-Indië bedoelt men het 
Caraïbisch gebied, waaronder 
Suriname, Berbice en de eilanden 
Curaçao, Sint Eustatius en 
Sint Maarten. Zowel van de VOC als de WIC 
stond de machtigste Kamer (zoiets 
als een afdeling) in Amsterdam, 
met net geen meerderheidsstem 
in de directies van beide 
compagnieën. Zij heetten de 
‘Heren XVII’ (Heren 17) bij de VOC 
en de ‘Heren XIX’ (Heren 19, later 
teruggebracht tot de Heren X of 
Heren 10) bij de WIC.",UNLABELED,-1,False
,,,,,,,,,,,,"Zodoende raak­
te de samenleving doordrenkt met een constante preoccupatie met de 
eigen positie in de maatschappelijke structuur en het behoud daarvan. Die preoccupatie, als gevolg van kolonialisme en slavernij, werd een diep­
geworteld element dat vele generaties zou overleven en dat de maat­
schappelijke cohesie bepaald niet bevorderde. Leven in schaarste
Uit een rapport van 1791 blijkt ‘dat de slaven op dit eiland (Curaçao) van 
veel ongelukkiger conditie zijn dan de slaven [...] van Guyana, vanwege 
de ontoereikende voedselvoorziening’.6 In de regenrijke gebieden kon­
den de slaafgemaakten op hun kostgrondjes meestal voldoende voedsel 
produceren voor eigen gebruik. Op Curaçao zijn de cultures nooit goed 
van de grond gekomen en waren de opbrengsten van de plantages margi­
naal.7 Voedselimporten waren noodzakelijk, en zodra het minder goed 
ging met de handel, zoals aan het eind van de achttiende eeuw, kwam de 
voedselvoorziening in gevaar en kreeg het gebrek een algemeen karakter. Het  uitblijven van voedselimporten betekende honger en bracht velen 
tot wanhoop en rebellie, zoals in 1795. De slaafgemaakten bevonden",UNLABELED,-1,False
,,,,,,,,,,,,"Gert Oostindie, Jan Lucassen en Ulbe Bosma, 
‘Introduction. Postcolonial Migrations and 
Identity Politics. Towards a Comparative 
Perspective,’ in: Postcolonial Migrants and 
Identity Politics 18 (New York / Oxford 2022) 
1–22, aldaar 12. 13. Alex van Stipriaan et al., Op zoek naar de stilte 
(2012). ◼ ◼◼  6. Een perspectief op herstel en 
transformative justice – Nicole Immler
1. Naomi Lachman, De meerstemmigheid van ons 
gedeelde verleden. Een intergenerationeel onderzoek 
naar de betekenis en doorwerking van het 
slavernijverleden in verschillende generaties en hoe 
dit zich verhoudt tot het publieke debat over",UNLABELED,-1,False
,,,,,,,,,,,,"De Nederlanders betaalden de menselijke 
‘handelswaar’ met de goederen die ze mee 
hadden gebracht uit Amsterdam. Onder 
meer buskruit en wapens, waarmee 
Afrikaanse stammen hun onderlinge 
oorlogen konden voortzetten. De 
slaafgemaakten moesten naakt aan boord 
gaan en werden gebrandmerkt met het 
31
IJzeren brandstempel met het logo 
van de WIC waarmee Afrikaanse 
gevangenen werden gebrandmerkt. J. VAN DER ULFT, 1653 |  
NATIONALE NUMISMATISCHE COLLECTIE,
DE NEDERLANDSCHE BANK",UNLABELED,-1,False
,,,,,,,,,,,,"— 385 —
— VROEGE VORMING VAN SLAVERNIJ EN KOLONIALISME —
­predikten tegen de maatschappelijke orde (die was zo door God ver­
ordonneerd), wisten zij door onder meer hun solidariteit met de zwarte 
bevolking (waar ze vaak mee samenleefden), het onderwijs dat zij voor 
de zwarte bevolking verzorgde en hun boodschap van de belofte van een 
betere wereld veel (voormalige) slaafgemaakten voor het christendom te 
winnen. Zij vormen in Suriname nog steeds het grootste protestantse 
kerkgenootschap. De rol van de rooms-katholieke kerk in het Nederlandse koloniale rijk 
is complex en verdient nadere bestudering. Vanwege de reformatie en de 
oorlog met het katholieke Spanje zetten de Nederlanden zich doorgaans 
af tegen de katholieke kerk. In eerste instantie werd ook de slavernij afge­
keurd als een katholiek (‘paaps’) en dus slecht of althans afkeurenswaardig 
verschijnsel. In een groot aantal koloniën hadden zich voor de komst van 
de Nederlanders al katholieke Portugezen gevestigd. De Nederlanders 
deden veel moeite om die katholieken tot het calvinisme te bekeren, wat in 
bijvoorbeeld Sri Lanka bijzonder goed lukte. In de meeste koloniën werd 
de aanwezigheid van de katholieke kerk, vroeger of later, echter gedoogd. Als minderheidskerk zette de katholieke kerk zich in sommige delen van 
het Nederlands koloniaal rijk in voor de bekering van de zwarte bevol­
king, zoals na 1840 in Suriname.7 Op Curaçao werd de katholieke kerk 
zelfs de dominante kerk van de zwarte bevolking, maar dat kwam mede 
doordat Curaçao diende als overslaghaven voor slaafgemaakten richting 
de Spaanstalige koloniën van Zuid-Amerika. Die eisten dat de geleverde 
gevangengenomen Afrikanen katholiek en gedoopt waren, voor welk doel 
een handjevol priesters op het eiland mochten verblijven.",UNLABELED,-1,False
,,,,,,,,,,,,"Kunsthistorici wijzen vaak op kopieer­
gedrag als een verklaring voor de destijds ontstane en vigerende beeldtaal. Daarmee blijft een specifiekere analyse vooralsnog achterwege: wat is de 
bron? Waar werd een beeld voor het eerst gebruikt? Wat is de relatie in dat 
specifieke gebied, met lokale regels en economische belangen? Dat zijn 
belangrijke vragen voor vervolgonderzoek, dat ons meer inzicht kan ver­
schaffen in de boodschap die werd overgebracht met deze beeldtaal, en de 
redenen die men daarvoor had. Zoals hierboven al is vermeld is er een ontwikkeling te zien in de beeldtaal 
die samenhangt met het begin en einde van de slavernij.6 In het begin 
diende de verbeelding van slavernij ter legitimatie. Er werd een hiërar­
chisch wereldbeeld gecreëerd waarin ras instrumenteel was, waarbij 
werd verwezen naar de Bijbel. Een voorbeeld hiervan is een kast gemaakt 
tussen 1670 en 1690, afgebeeld op de pagina hiernaast. Het meubel is 
­vervaardigd van materialen uit de tropen en versierd met taferelen uit 
het Oude Testament. In het midden onderaan is Noach te zien, na de",UNLABELED,-1,False
,,,,,,,,,,,,"— 384 —
— STAAT EN SLAVERNIJ —
bekend als een bakra kerki (witte kerk). De Verenigde Protestantse Gemeen­
te in Curaçao, een vroege (1825) fusiekerk van de Gereformeerden en de 
Lutheranen, heeft een vergelijkbare reputatie. Een geheel ander verhaal is dat van de missie van de Hernhutters, ook 
wel Moraviërs of ebg. Deze protestantse, op zending gerichte, stroming 
was vooral actief in ‘de West’. Hoewel de ebg-geschiedenis verder terug­
gaat, begint het voor ons relevante deel met Nikolaus von Zinzendorf 
(1700-1760) en de vestiging van de christelijke kolonie Herrnhut op zijn 
landgoed in Duitsland. Vanuit Herrnhut, en later vanuit Zeist (Zeister 
Zendingsgenootschap, oprichting 1793), werden Moravische broeders en 
zusters uitgezonden naar onder meer de Cariben. Ook in Suriname waren 
ze, dankzij connecties van Von Zinzendorf, al vroeg (1735) aanwezig. In ‘de 
West’ legden ze zich toe op het grootste zendingsveld: de nagenoeg geheel 
niet-christelijke slavenpopulatie. Hoewel de zendelingen geen verzet 
Leden van de Evangelische Broederschap (Hernhutters) voor de Grote Stadskerk  
(links achter de bomen) in Paramaribo in circa 1885.",UNLABELED,-1,False
,,,,,,,,,,,,"NINSEE 
41 
 
 
Ideologische Oriëntatie van de Discussianten 
 
Ideologische Oriëntatie 
Aantal 
Discussianten 
% 
Thorbeckianen 
23 
7 
30 
Conservatieven 
18 
9 
50 
Liberalen 
 
16 
9 
56 
Conservatief-Liberaal 
4 
2 
50 
Antirevolutionairen  
4 
4 
100 
Conservatief-Katholieken 
4 
0 
- 
Conservatief-Protestanten 3 
0 
- 
Totaal 
72 
31 
 
 
Op 25 maart 1848 kreeg Nederland een tijdelijk kabinet. De conservatieve ministers van 
koning Willem II waren afgetreden uit onvrede over stappen die de koning buiten hen 
om had genomen om de Grondwet te herzien. De voorzitter van de Grondwetscommissie 
was Thorbecke. Hij werd echter niet de leider van het kabinet; deze taak ging naar Gerrit 
Schimmelpenninck. Het tweede kabinet Thorbecke trad aan op 31 januari 1862 en bestond uit een geheel 
liberale ministersploeg. Een van de belangrijkste doelstellingen van dit kabinet was de 
versterking van de economie. Het kabinet was succesvol met het aannemen van 
wetsontwerpen met betrekking tot de verbetering van het middelbaar onderwijs, 
waterverbindingen, verlaging van invoerrechten en opheffing van gemeentelijke 
accijnzen. )n ͳͺ͸ͷ kwam het kabinet in moeilijkheden door een affaire, genaamd Ǯde Limburgse 
brievenkwestieǯ. Deze affaire ging over een brief van de minister van Financiën Betz aan 
een oud-collega waaruit duidelijk werd dat de minister een voorgenomen verhoging van 
de grondbelasting in Limburg wilde afblazen voor een verkiezingsoverwinning ten 
gunste van het tweede kabinet Thorbecke. Door deze affaire werd de minister van 
Financiën gedwongen om af te treden.",UNLABELED,-1,False
,,,,,,,,,,,,"2014. Gemengd Amsterdam in Cijfers. Ongepubliceerd artikel gebaseerd op presentatie in de Balie 
Amsterdam. Dohmen, Anne. 2013. Waar horen onze kinderen dan bij? NRC.NEXT, 18-06-2013. Beck, Annemiek, 
Ting Chan, Betty de Hart, Corinne van Middelkoop en Dineke Stam. 2010. Mix.",UNLABELED,-1,False
,,,,,,,,,,,,"46
Motie-Nicolaï
8. Het adviescollege adviseert, met inachtneming van de hiervoor genoemde overwegingen 
en aanbevelingen, de voorstellen die in de motie-Nicolaï onderwerp waren van onderzoek, 
uit te voeren. Suriname
9. Het adviescollege betreurt het dat de dialoog over het slavernijverleden in Suriname 
en de doorwerking daarvan in het heden geen onderdeel van de aan het adviescollege 
verstrekte opdracht was. Deze was immers beperkt tot het huidige Koninkrijk. Gelet op 
de aanzienlijke rol die de Nederlandse trans-Atlantische slavernij heeft gespeeld in de 
voormalige kolonie Suriname en de actieve rol die de diaspora in Nederland speelt bij 
zowel het herdenken als verwerken van het slavernijverleden, wordt geadviseerd om 
Suriname te betrekken bij de uitvoering van dit advies en de totstandkoming van het 
beleid daartoe. Oost-Indië
10. Het slavernijverleden van Nederland betreft zowel Oost- als West-Indië. De opdracht 
van het adviescollege beperkte zich tot het trans-Atlantische slavernijverleden. Om een 
integraal beeld van de Nederlandse betrokkenheid in de slavernij te hebben, is nader 
onderzoek naar slavernij in Oost-Indië wenselijk.",UNLABELED,-1,False
,,,,,,,,,,,,"Oneerlijke processen die bijdragen aan de uitstroming  
Voor sommige medewerkers vormt de assimilatiedruk en het waargenomen gebrek aan 
doorgroeimogelijkheden een reden om de organisatie te verlaten. Mensen voelen zich 
hierdoor niet thuis en zijn teleurgesteld dat er weinig mogelijkheden lijken te zijn om door te 
groeien. Een ander punt van aandacht vormt de zwakke rechtspositie van het 
huishoudelijk personeel van ambassadeurs en het risico dat ze relatief eenvoudig 
ontslagen kunnen worden. Verder zijn verschillende lokaal aangenomen medewerkers 
bang om kritiek te uiten en hun leidinggevende tegen te spreken, omdat ze vrezen voor 
ontslag. Afwezigheid van een sterke sociale norm van non-discriminatie  
Dat veel medewerkers racisme op grote schaal ervaren en waarnemen wijst op een 
organisatie(sub)cultuur waarin er een bepaalde ruimte bestaat voor medewerkers om zich 
racistisch te uiten. In dit hoofdstuk hebben we in dit verband gezien dat respondenten 
aangeven dat de meerderheid racisme niet erkent als een probleem binnen de 
organisatie. Sterker nog, als medewerkers ervaringen van racisme bespreekbaar maken, 
bestaat de neiging om dergelijke ervaringen te relativeren, te bagatelliseren of te",UNLABELED,-1,False
,,,,,,,,,,,,"van den Berg en J.J. Vis, De eerste 
honderdvijftig jaar: parlementaire geschiedenis van Nederland, Amsterdam: Bert Bakker 2013, p. 333-346; Wim 
Voermans, Het verhaal van de Grondwet: Zoeken naar wij, Amsterdam: Prometheus 2019, p. 179-180: ‘Het zijn 
met name deze rechten [(politieke) vrijheidsrechten] waardoor de Nederlandse Grondwet van 1848 zeker als 
een voorbeeld van de liberale grondwetten van die tijd kan worden gerekend.’ 
36 Gert Oostindie en Karwan Fatah-Black, Sporen van de slavernij in Leiden, Leiden: Leiden University Press 2017, 
p. 61; over de afschaffing, zie ook: Van den Berg en Vis 2013, p. 393.",UNLABELED,-1,False
,,,,,,,,,,,,"DE VREDE VAN UTRECHT (1713) EN HET ASIENTO 
55
Zo werd het lot van vele duizenden slaafgemaakten in de achttiende 
eeuw voor een belangrĳk deel bepaald door diplomatieke onderonsjes 
in de Utrechtse binnenstad. De Vrede van Utrecht lĳkt een paradox 
te vormen in de geschiedenis van de trans-Atlantische slavenhandel. Bedienden en Utrechtse burgers tussen twee lange tafels met broden en schotels met 
gebraden vogels, aangeboden door de graaf van Osuna, Spaans gezant bij de Vrede van 
Utrecht, 23 september 1713. N. Chevalier, c.1713 (Het Utrechts Archief)",UNLABELED,-1,False
,,,,,,,,,,,,"Een respondent 
kreeg zelfs een verwijtende reactie en concludeert daarom dat melden “geen enkele zin” 
heeft. Het gesprek met de vertrouwenspersoon gaf een andere medewerker het gevoel 
dat ze tegen een “muur” sprak. 13  Onderzoekers van het Sociaal en Cultureel Planbureau schatten in dat slechts drie procent van de slachtoffers met 
discriminatie-ervaringen hier ook daadwerkelijk melding van maakt (Andriessen, 2020).",UNLABELED,-1,False
,,,,,,,,,,,,"Vanwege de grondwettelijke 
vrijheid van onderwijsinrichting omschrijven de voorschriften alleen wat 
leerlingen moeten leren. Niet hoe. Zo vermelden de eerste kerndoelen uit 
1993 ‘de koloniale en postkoloniale verhouding tussen Nederland en Oost- 
en West-Indië’.2 In 2006 kwamen er nieuwe kerndoelen, die in 2023 nog 
steeds gelden.3 Daarin wordt verwezen naar de volgende onderwerpen: (1) 
voc, slavernij en de dekolonisatie van Indonesië, Suriname en de Neder­
landse Antillen (vanaf 2020: voc en wic, slavernij, Anton de Kom en de",UNLABELED,-1,False
,,,,,,,,,,,,"HERSTEL
H.1> Indien er sprake is van geroofde kunst en cultureel erfgoed, moeten regelingen getroffen 
worden zodat de kunst op veilige wijze in eigendom en beheer teruggegeven kan worden aan 
de rechtmatige eigenaren. Bij gebruik moet er een bruikleenovereenkomst op gelijkwaardig 
niveau komen. Pas met toestemming van het land van herkomst, en waar mogelijk de 
kunstenaar, kan er een 3D kopie of replica gemaakt worden. H.2> Er moet in de kosten tegemoet gekomen worden voor goed onderhoud en beheer van 
geroofde kunstobjecten in het land van herkomst. Een onafhankelijke beoordelingscommissie 
moet hierover adviseren. Deze moet divers zijn en met vertegenwoordiging uit de betrokken ge-
meenschappen en landen.",UNLABELED,-1,False
,,,,,,,,,,,,"RACISME BIJ HET MINISTERIE VAN BUITENLANDSE ZAKEN 
Een verkennend onderzoek 
 
81 
 
 
“Ons vertrouwen is gebroken. De Nederlanders zeggen altijd dat ze 
direct zijn, maar ze vinden het niet leuk als anderen direct zijn tegen 
hen. En zeker met onze tijdelijke contracten, ben je beter af door stil te 
blijven.” 
 
Een andere lokaal aangenomen medewerker concludeert eveneens dat het 
onverstandig is om je uit te spreken, omdat het consequenties kan hebben voor je 
dienstverband. Steun zoeken bij lotgenoten 
In plaats van het aan hun leidinggevende te vertellen, delen medewerkers het liever in 
vertrouwen met hun collega’s bij wie ze zich wel veilig voelen. In die gesprekken geeft 
men elkaar soms ook advies hoe ze met deze ervaringen kunnen omgaan. Het uitwisselen 
van ervaringen levert soms steun en troost op. Het nadeel is dat de lage 
meldingsbereidheid niet helpt om de sociale norm van non-discriminatie actief uit te 
dragen. Er is al met al om verschillende redenen een hoge drempel voor medewerkers om racisme 
te bespreken met leidinggevenden. De ongelijke machtsverhoudingen en de 
afhankelijkheidsrelatie ten opzichte van de werkgever is een van de belangrijkste redenen 
dat mensen negatieve ervaringen verzwijgen, omdat ze belang hechten aan het behoud 
van hun baan, inkomen en carrièreperspectieven (vgl. Omlo, 2020).",UNLABELED,-1,False
,,,,,,,,,,,,"Anderen kregen kritiek op hun kleurrijke kleding of juist te 
conservatieve kleding. 4.7   Conclusie  
Aan het begin van dit hoofdstuk stelden we de vraag of er binnen het ministerie van 
Buitenlandse Zaken ook sprake is van institutioneel racisme. Hiervan is sprake als “de 
processen, het beleid en de (geschreven en ongeschreven) regels van instituten leiden tot 
structurele ongelijkheid tussen mensen met verschillende achtergrond, huidskleur of 
religie”. Het gaat daarbij om twee typen regels of processen: (1) “regels of processen die 
expliciet onderscheid maken en de bedoeling hebben om ongelijkheid te creëren, en (2) 
regels of processen (geschreven of ongeschreven) die niet expliciet onderscheid maken 
tussen groepen, maar er in de praktijk wel voor zorgen dat de ene groep benadeeld 
wordt en de andere groep bevoordeeld” (Felten, et al., 2021, p. 7). Institutioneel racisme kan zowel gevonden worden in formele, geschreven regels als in de 
meer informele regels die in de organisatiecultuur tot uiting komen (Fermin, e.a. 2021). Aangezien we geen analyse hebben gedaan van formeel beleid, lag de nadruk in deze 
verkenning op ongeschreven, informele regels. In dit hoofdstuk hebben we verschillende 
processen en mechanismen in de organisatiecultuur aangetroffen die (institutioneel) 
racisme mogelijk maken, in stand houden en verergeren. Er zijn in ieder geval 
onvoldoende waarborgen tegen racisme.",UNLABELED,-1,False
,,,,,,,,,,,,"Zijn reactie was als volgt:  
 
ǲMijnheer de Voorzitter, als voorstander van het staatstoezigt moet ik tegen dit 
amendement opkomen, te meer daar ik niet alleen het vervallen maar ook zelfs het 
verkorten van den voorgestelden termijn van staatstoezigt bedenkelijk achtǳ.194 
 
191 De Nederlandsche Staats-Courant 1861-1862 (bijblad). Tweede Kamer, 78ste zitting – 4 julij 1862, vel. 261, p. 949 
192 De Nederlandsche Staats-Courant 1861-1862 (bijblad). Tweede Kamer, 78ste zitting – 4 julij 1862, vel. 261, p. 949 
193 De Nederlandsche Staats-Courant 1861-1862 (bijblad). Tweede Kamer, 78ste zitting – 4 julij 1862, vel. 261, p. 949 
194 De Nederlandsche Staats-Courant 1861-1862 (bijblad).",UNLABELED,-1,False
,,,,,,,,,,,,"— 20 —
— STAAT EN SLAVERNIJ —
bestaand werk opgenomen. Het verzoek was ingegeven door het besef 
dat – zeker als het gaat om een sensitieve geschiedenis als het koloniale 
slavernijverleden – woorden van groot belang zijn, maar dat ze ook tekort 
­kunnen schieten. Waar tekst niet (meer) voldoet, kan het domein van de 
kunst andere perspectieven op het slavernijverleden presenteren. Een 
korte toelichting waarin de kunstenaars op hun creatie reflecteren is te 
vinden bij het betreffende kunstwerk. De negenentwintig hoofdstukken verkennen belangrijke deelterreinen 
van de doorwerking en het verleden van de Nederlandse koloniale slaver­
nij. De wetenschap is op al deze deelterreinen niet in gelijke mate ontwik­
keld. Waar veel onderzoek is gedaan is het van belang dat de stand van 
kennis kritisch wordt bevraagd op de mate van zekerheid, de gehanteerde 
perspectieven, mogelijke blinde vlekken of onderontwikkelde deel­
thema’s. Voor deelgebieden waar nog maar weinig onderzoek is gedaan 
is het soms belangrijker om te bespreken waarom deze kennis onder­
ontwikkeld is gebleven, welke veronderstellingen er rond bepaalde 
­thema’s bestaan, welke inzichten afgeleid kunnen worden uit onderzoeks­
resultaten die wel beschikbaar zijn, en wat belangrijke vragen, (nieuwe) 
bronnen en methoden kunnen zijn voor toekomstig onderzoek. De hoofdstukken zijn aangevuld met kortere teksten die aanvullende 
aspecten belichten. In deze informatieve kaderteksten wordt aandacht 
besteed aan thema’s en bronnen die nog onvoldoende onderzocht zijn en 
meer aandacht verdienen.",UNLABELED,-1,False
,,,,,,,,,,,,"2013. Multipolarity, Multilateralism and Beyond …? EU– China Understandings of the 
International System. International relations Vol.27 (1), p.30-51. Wade, Robert H. 2011. Emerging World Order? From Multipolarity to Multilateralism in the G20, the World Bank, and the IMF. Politics & Society, Vol.39 (3): 
p.347-378. Over de roep naar erkenning en reparaties, zie, Brandon, Pepijn, Guno Jones, Nancy Jouwe en Matthias 
van Rossum met beeldredactie van Merve Tosun.",UNLABELED,-1,False
,,,,,,,,,,,,"2. Esther Schreuder, Cupido en Sideron, Twee 
Moren aan het hof van Oranje (Amsterdam 
2017). 3. Leendert van der Valk, ‘Jongens van goeden 
begrijpe,’ De Groene Amsterdammer, nr. 25, 
(22 juni 2022). 4. Mark Ponte, ‘Zwarte vrouwen in het midden 
van de zeventiende eeuw,’ in: Maarten Hell",UNLABELED,-1,False
,,,,,,,,,,,,"Dat zien we aan de 
vele verwijzingen naar de slavernij bij de 
Black Lives Matter protesten van 2020 
en bij protesten tegen het fenomeen 
Zwarte Piet. Veel hedendaags racisme en 
stereotyperingen over zwarte mensen zijn 
terug te voeren tot de tijd van de slavernij. Daarover gaat dit publieksboek ook. •
Veel 
hedendaags 
racisme 
en stereo­
typeringen 
over zwarte 
mensen zijn 
terug te 
voeren tot 
de tijd van 
de slavernij. 16
In juni 2020 vonden in Amsterdam 
meerdere demonstraties plaats tegen 
racisme en politiegeweld. GUUS DUBBELMAN, 2020 | DE BEELDUNIE",UNLABELED,-1,False
,,,,,,,,,,,,"WAAROM VRIJHEID NIET KON WACHTEN 
NIMAKO, DELEA & ESAJAS                                                                                                                            20 
  
 
Hieronder behandelen we de verschillende ontwerpen in chronologische volgorde. Doordat ze gericht waren aan het kabinet en het parlement, droegen ze bij aan het 
toenemende belang van het parlement. 1) Ontwerp van de heer W.H. Lans, 1833. De heer Lans was Curator en Weesmeester 
van het Departement der Onbeheerde Boedels der Weezen in Suriname. Hij is in ieder 
geval één keer op speciaal verlof in Nederland geweest.1 Op basis van observatie van de 
gang van zaken in de Britse koloniën wordt er in dit ontwerp vanuit gegaan dat de 
suiker-, koffie-, en katoenplantages na afschaffing van de slavernij ten gronde zullen 
gaan. Daarom stelde Lans voor de economie te richten op Ǯandere takken van nijverheidǯ, 
die beter aansloten bij de vrijgemaakte slaaf-gemaakten. Lans was er voorstander van 
dat de slaaf-gemaakten betaalden voor hun emancipatie op basis van een schatting van 
de regering. Dit voorstel lijkt op het dan in gebruik zijnde manumissiesysteem 
waarbinnen slaaf-gemaakten de afgenomen vrijheid konden terugkopen tegen een 
eenmalige betaling van minimaal f. 200.",UNLABELED,-1,False
,,,,,,,,,,,,"Zodoende 
regeerde het kabinet vanaf 17 mei verder met een nieuwe minister van Buitenlandse 
Zaken en Financiën en een nieuwe minister van Oorlog. De koloniale politiek werd overigens gezien als een onderdeel van het Ministerie 
van Buitenlandse zaken. Dit roept de vraag op wie de eigenaar was van de koloniën. Was 
dat de Koning of waren dat de Nederlandse burgers? In ieder geval niet de koloniale 
onderdanen. Wat betreft de koloniale politiek bestond er al sinds 1848 verdeeldheid tussen de 
doctrinaire en de pragmatische liberalen. Het waren de doctrinairen onder leiding van 
Thorbecke, die zoveel mogelijk koloniale bezittingen onder de Nederlandse constitutie 
wilden brengen en zodoende onder het beheer van de wetgever. (Van den Berg en Vis, 
2013: 355)  
 
Kabinet Donker Curtius/De Kempenaer (1848) 
Als minister van Justitie loodste D. Donker Curtius de Grondwetsherzieningen door de 
Eerste en de Tweede Kamer. De leden van beide Kamers behoorden destijds grotendeels 
tot de conservatieven.",UNLABELED,-1,False
,,,,,,,,,,,,"27 
the historical policy of the current ‘Law and Justice’ government, this amendment also reflects 
the government’s approach to democratic norms and political process, including the exercise 
of rights and civil liberties.144  
 
This memory policies resulted in the domestic and international outcry briefly mentioned 
above. In particular, the Law caused a deterioration of Polish-Israeli relations on an 
unprecedented scale since Poland’s transition to democracy in 1989. International media 
frequently referred to the 2018 Law as the ‘Holocaust law’, which may incorrectly insinuate 
that the Law introduced criminal prohibitions on the denial of the Holocaust in the Polish legal 
system, or new, related legislation with a parallel aim. However, the 2018 Law belongs to an 
entirely different category of criminal memory laws. It is an insult law which aims to protect 
the reputation of abstract entities such as the State and the nation. The Law introduced a new 
system of criminal and civil means, which were adopted to counter allegedly defamatory 
statements about the Polish State and the nation’s involvement in World War II atrocities when 
such statements were considered to be contrary to established historical facts and disparage the 
reputation of Poles and their country. The 2018 Law initially amended the 1998 law that established the IPN, adding, inter alia, 
Article 55a, Clause 1, which states: 
 
Whoever accuses, publicly and against the facts, the Polish nation, or the Polish state, 
of being responsible or complicit in the Nazi crimes committed by the Third German 
Reich or other crimes against peace and humanity, or war crimes, or otherwise grossly 
diminishes the actual perpetrators thereof, shall be subject to a fine or a penalty of 
imprisonment of up to three years.145  
 
Clause 2 of the 2018 Law also stipulates that persons who ‘act unintentionally’ may be liable 
to punishment. Clause 3 introduced artistic and scientific exceptions: ‘the perpetrator of the 
offence referred to in clauses 1 and 2 is not committing a crime if he or she commits such an 
act as part of artistic or scientific activities.’146  
 
The 2018 Law is the Polish government’s second attempt to introduce a specific criminal 
offence of defaming the State and nation. The first attempt was temporarily successful in 2006 
when Article 132a was incorporated into the Criminal Code of the Republic of Poland. The 
Article provided: ‘[…] whoever publicly slanders the Polish Nation for participating, 
organizing or being responsible for communist or Nazi crimes, is subject to a restriction of 
liberty up to 3 years’.",UNLABELED,-1,False
,,,,,,,,,,,,"Epiloog
‘Het belangrĳke woord is legacy.’
Een gesprek met Natalja Macnack en Leroy Lucas, 
opgetekend door Nancy Jouwe
Samen met Natalja Macnack en Leroy Lucas keek ik in februari 2021 
terug en vooruit. Macnack en Lucas zĳn beide Utrechters van Afro-
Caraïbische komaf die zich lokaal inzetten om meer zichtbaarheid te 
geven aan de Afro-Caraïbische cultuur en geschiedenis, inclusief de 
geschiedenis van slavernĳ. Ze spelen beiden een centrale rol in Keti 
Koti Utrecht, de jaarlĳkse herdenking en viering van de afschaffing 
van de trans-Atlantische slavernĳ door Nederland, die sinds 2018 in de 
laatste week van juni plaatsvindt in het centrum van Utrecht. In het 
Sranantongo (de taal van Suriname) betekenen de woorden Keti Koti 
‘verbreek de ketenen’ of ‘ketenen verbroken’. Natalja Macnack (1974) is van Surinaamse komaf en werkt bĳ de Uni-
versiteit Utrecht als marketing- en communicatiemedewerker bĳ de 
Faculteit Recht, Economie, Bestuur en Organisatie. Met haar eigen 
bedrĳf organiseert ze events, doet ze pr en marketing en ondersteunt 
ze muzikanten en performers. Ze is bestuurslid bĳ Tori Oso Utrecht, een 
Surinaamse stichting in Utrecht die sinds 2001 bestaat. Tori betekent 
verhaal en Oso staat voor huis, woorden uit het Sranantongo die tezamen 
‘praathuis’ betekenen. Tori Oso Utrecht was eerst een vriendenclub en werd later een stichting, 
opgericht door de heer Macnack. Tegenwoordig richt Tori Oso Utrecht zich 
naar eigen zeggen op kunst, cultuur, kennisoverdracht en gezelligheid, 
met Suriname als rode draad.",UNLABELED,-1,False
,,,,,,,,,,,,"— 150 —
— STAAT EN SLAVERNIJ —
West-Afrika ingelijfd als soldaten in het Nederlands-Indische, en vijftig in 
het Surinaamse leger.6 Het ging hierbij veelal om krijgsgevangenen van 
Ashanti-vorsten, die door de Nederlanders werden vrijgekocht, waarna de 
rekruut het afkoopbedrag van zijn soldij moest terugbetalen. In theorie 
was de Afrikaanse soldaat in Nederlandse dienst vrij, maar in de praktijk 
viel hij onder de krijgstucht en werd desertie streng bestraft. Ook toen deze vorm van werving onder Britse druk werd gestaakt, ging 
het in stilte op bescheidener schaal door. In een nieuw protest in 1861 
beklemtoonde Engeland dat deze rekrutering de slavenjacht in de hand 
werkte. Overigens hadden de Britten wat betreft het aankopen van slaafge­
maakten ten eigen dienste boter op hun hoofd. Planters op de Britse 
West-Indische eilanden kochten namelijk soms slaafgemaakten op de 
Twee portretten van Isaac Israëls 
van voormalige Afrikaanse 
militairen van het KNIL. Links ‘Jan Kooi’ en rechts ‘Kees 
Pop’. De eigen, Afrikaanse namen 
van militairen werden niet 
genoteerd.",UNLABELED,-1,False
,,,,,,,,,,,,"Wel kan de 
bereidheid worden uitgesproken om dit historisch onrecht, dat tot de dag van vandaag als 
onrecht wordt ervaren en waarvan de nadelige gevolgen nog steeds worden gevoeld, zoveel 
mogelijk te herstellen, en deze bereidheid tot uitgangspunt te maken voor het beleid. Het gaat om verantwoordelijkheid nemen voor de nadelige gevolgen van dit verleden. Het adviescollege deelt de overtuiging van wetenschappers en dialoogdeelnemers dat de 
slavernij tot grote sociale, culturele, economische en psychologische schade heeft geleid. Hierbij is van belang ook specifiek aandacht te besteden aan de verschillende gevolgen voor 
nakomelingen. Vandaag de dag bestaat institutioneel racisme dat niet los te zien is van eeu­
wen slavernij en kolonialisme en de denkbeelden die in deze context zijn ontstaan. Herstel 
betekent in onze ogen dat de gevolgen integraal en systemisch aangepakt moeten worden. In de visie van het adviescollege volgt herstel op excuses en geeft inhoud aan de gemaakte 
excuses. Dit moet wettelijk geregeld worden. Het gaat dus niet om financiële compensatie voor alle schade uit het verleden, maar wel om 
passende structurele financiering voor het tegengaan van de schadelijke doorwerking van dat 
verleden in het heden. Er zijn tal van voorstellen gedaan door zowel de wetenschappelijke adviseurs als ook de deel­
nemers aan de dialogen.",UNLABELED,-1,False
,,,,,,,,,,,,"(2007) Racial microaggressions in everyday life: Implications for clinical 
practice. American Psychologist, 62(4), p. 271–286.",UNLABELED,-1,False
,,,,,,,,,,,,"Yale LJ, 109, 1135. Wekker, G. (2020). Witte onschuld: Paradoxen van kolonialisme en ras, herziene editie 
Amsterdam University Press. 9 
Majors, R., Carberry, K., & Ransaw, T. (2020). The International Handbook of Black 
Community Mental Health Emerald Publishing Limited. Marrus, M. R. (2007).",UNLABELED,-1,False
,,,,,,,,,,,,"Ik kan niet goedkeuren, dat ten behoeve dergenen, aan 
wie vergoeding wordt gegeven voor de werkkrachten die zij zullen missen, nu nog 
bovendien de Staat aan eene bezwarende voorwaarde zou onderworpen worden. Met 
den vorigen spreker  houd ik het aanvoeren van immigranten voor eene taak, die de 
Regering niet kan of moet vervullen; eene taak die daarenboven wanneer zij door haar 
wordt vervuld oneindig meer kosten zal veroorzaken dan wanneer zij door particulieren 
wordt volbragt, wier eigenbelang hen wel voor die zaak zal moeten doen zorgen. De 
berekening van kosten, welke de Regering ons heeft medegedeeld, komt mij bovendien 
gebrekkig voor. Zij heeft er in de gewisselde stukken op gewezen , dat, om niet zulk 
schuim te krijgen als waarvan de vorige spreker melding heeft gemaakt, het noodig zou 
zijn familien over te voeren, doch dan verkrijgt men niet al de  werkkrachten waarop 
gerekend wordt, of de kosten van aanvoer zullen, dunkt mij, nog aanmerkelijk moeten 
stijgenǳ.262  
 
 
260 De Nederlandsche Staats-Courant 1861-1862 (bijblad). Tweede Kamer, 78ste zitting – 4 julij 1862, vel. 261, p. 960 
261 De Nederlandsche Staats-Courant 1861-1862 (bijblad). Tweede Kamer, 78ste zitting – 4 julij 1862, vel. 261, p. 960 
262 De Nederlandsche Staats-Courant 1861-1862 (bijblad).",UNLABELED,-1,False
,,,,,,,,,,,,"Een deel ging met Willem V, de laatste 
stadhouder, mee in ballingschap naar Engeland en Duitsland. Het grootste deel 
werd als oorlogsbuit naar Parijs gebracht en een klein deel bleef behouden voor 
de Bataafse Republiek. Wat achterbleef in de paleizen werd geveild. Inmiddels 
bevinden zich objecten uit voormalig stadhouderlijk bezit in onder andere de 
Koninklijke Bibliotheek, Rijksmuseum Amsterdam, Rijksmuseum van Oudheden, 
Nationaal Archief, Koninklijk Huisarchief, Paleis het Loo, Mauritshuis, Rijks­
museum voor Volkenkunde, Naturalis, Museum Boerhaave en in het Parijse 
Musée national d’Histoire naturelle. Tot nu toe is er geen overkoepelend, interdisciplinair onderzoek gedaan naar 
de herkomst van de collecties van de stadhouders en is er geen eenduidig",UNLABELED,-1,False
,,,,,,,,,,,,"Zoo de geachte 
spreker gezegd had dat de eene mensch de eigendom niet mag zijn van den anderen. ik 
zou het met hem eens zijn. Maar dat het niet kan, mij dunkt, het feit spreekt het tegen. De 
eene mensch is thans de eigendom van den ander. En nu vraag ik, of dit feit geene 
burgerlijke gevolgen heeft. Wanneer er een verkoop van slaven was geschied, zou de 
geachte spreker dan meenen, dat de nieuwe eigenaar zelfs in Nederland met goed gevolg 
eene condictio indebiti zal kunnen instellen tegen den verkooper, op grond, dat hij iets 
betaald heeft dat hij, als geen eigendom zijnde, niet behoorde te betalen? De 
tegenwoordige toestand heeft dus werkelijk burgerlijke gevolgenǳ.164 
 
 
161 De Nederlandsche Staats-Courant 1861-1862 (bijblad). Tweede Kamer, 77ste zitting – 3 julij 1862, vel. 257, p. 941 
162 De Nederlandsche Staats-Courant 1861-1862 (bijblad).",UNLABELED,-1,False
,,,,,,,,,,,,"The resolution further calls for positive measures so that 
people of African descent in Europe can fully and equally enjoy their rights. 97 Point 5 in the preamble to the Council Framework Decision on Combating Certain Forms and Expression of 
Racism and Xenophobia by Means of Criminal Law, 2008/913/JHA, suggests that ‘it is necessary to define a 
common criminal-law approach in the European Union to this phenomenon in order to ensure that the same 
behaviour constitutes an offence in all Member States and that effective, proportionate and dissuasive penalties 
are provided for natural and legal persons having committed or being liable for such offences.’ 
98 COM (2001) 664 final, [2002] OJ C 75E, submitted by the Commission on 29 November 2001. The seminal 
idea for criminalisation stems from the earlier Council Joint Action 96/443/JHA of 15 July 1996 concerning action 
to combat racism and xenophobia (OJ L 185, 24 July 1996). The latter instrument is now obsolete. 99 Council Framework Decision on Combating Certain Forms and Expression of Racism and Xenophobia by 
Means of Criminal Law, 2008/913/JHA. For a detailed account of the controversial history of the Decision’s 
adoption, see Mark Bell, Racism and Equality in the European Union, OUP, 2008. 164–68. 100 Laurent Pech, The Law of the Holocaust Denial in Europe: Towards a (Qualified) EU-Wide Criminal 
Prohibition, Jean Monnet Working Paper, 3, 200. 101 Tribunal Constitucional de España 235/2007. For a commentary, see María Lidia Suárez Espino, Comentario 
a la sentencia 235/2007 por la que se declara la inconstitucionalidad del delito de negación de genocidio, Revista 
para el análisis del derecho, 2, 2008.",UNLABELED,-1,False
,,,,,,,,,,,,"2018. Russia and global governance: the challenge 
to the existing liberal order, International Politics volume 55, pages177–188; Ikenberry, G. John. 2017. The plot 
against American foreign policy; can the liberal order survive?, Foreign affairs Vol.96 (3), p.2-9  
6 Over de dreiging van multipolariteit, zie, Pavlova. Elena. 2018. A Russian Challenge to Multipolarity?: The 
Prospects for Political Cooperation between Russia and Latin America. Problems of post-communism, Vol.65 (6): 
p.394-408. Scott, David, A.",UNLABELED,-1,False
,,,,,,,,,,,,"Er zijn verschillende procedures en formele en informele kanalen om ervaringen van 
racisme te delen. Het is volgens respondenten belangrijk dat deze kanalen elkaar 
versterken en aanvullen. Onnodige versnippering dient te worden tegengegaan, omdat",UNLABELED,-1,False
,,,,,,,,,,,,"Volgens Geyl: ǲThis was the beginning of an enormous expansion. Stimulated by the 
overseas trade and by the money it brought into the country, activity and prosperity 
increased by leaps and bounds on all sidesǳ ȋGeyl ͳͻ͵ʹ: ʹ͵Ͷ, nadruk toegevoegdȌ. De doorwerking van deze activiteiten op de rest van de economie is ook het volgende 
bekeken:    
  
ǲThe towns were enlarged, new harbours were dug, in North Holland there began 
the reclamations which in a few decades, by the removal of the lakes, were to 
change the face of the land. In the Zaan region thousands found work in the 
shipbuilding yards. Haarlem and Leyden became centres for the linen and woolen 
industries which had to leave Flanders when life grew insecure there and access 
to the sea was barred (Geyl 1932: 234). Dit werd allemaal ondersteund door de Nederlandse vaardigheden op het gebied van 
navigatie - en hydrologie. Oftewel de wetenschap die de kringloop van het water boven-, 
op- en onder het aardoppervlak bestudeert. Geyl omschrijft dit met:   
 
ǲthe sea was a great factor in this amazing development. It was in their traffic 
with the sea that the Hollanders could make the most of the possibilities of their 
new [Atlantic] condition. It was the sea that opened them the way to wealth and 
to power, to adventure and to greatness.",UNLABELED,-1,False
,,,,,,,,,,,,"21
betekent dat niet dat er geen risico’s op discriminatie in onze selecties zijn. Ons handelingskader helpt douaniers om weloverwogen selecties te ma-
ken van reizigers, maar we zien ook dat we het handelingskader nog beter 
kunnen maken. Zo hielp de Discriminatietoets ons bij de realisatie dat niet alleen het 
selecteren van reizigers van belang is, maar ook de afhandeling daarna. En 
we hebben ontdekt dat het goed toepassen van onze selectiemethoden 
soms lastig is wanneer er topdrukte is op de luchthaven of wanneer er 
onvoldoende medewerkers zijn. Ten slotte zijn we dankzij de gesprekken 
in de klankbordgroep van de staatscommissie getriggerd om nog eens 
kritisch te kijken naar wat wij als douaniers verstaan onder ‘waarneembaar 
afwijkend gedrag’. Uit de casus van de controle van DUO bij de uitwonen-
denbeurs die in het afgelopen jaar in het nieuws was hebben we geleerd 
dat ook schijnbaar objectieve criteria onbedoelde discriminerende effec-
ten kunnen hebben. Daarom willen we verder onderzoek doen naar de 
criteria die wij hebben voor waarneembaar afwijkend gedrag en de mate 
waarin dit onbedoelde, indirecte discriminatie in de hand kan werken. Niemand wil discrimineren, en het is  
altijd moeilijk als iemand je aanspreekt 
op de manier waarop je jouw werk 
uitvoert, helemaal als het gaat over 
mogelijke discriminatie. Wat wil je overheidsorganisaties meegeven die zelf onderzoek  
willen doen naar discriminatie in hun eigen dienstverlening? Maarten: Verplaats je goed in het perspectief van je medewerkers wanneer 
je het gesprek aangaat over risico’s op discriminatie.",UNLABELED,-1,False
,,,,,,,,,,,,"Werk met 
andere woorden outreachend en investeer in de relaties met lokaal aangenomen 
medewerkers. Cruciaal volgens respondenten is het wegnemen van het gevoel dat lokaal 
aangenomen medewerkers minderwaardig zouden zijn en hen waardering en erkenning 
te bieden voor het werk dat zij leveren. Verder is het belangrijk om helder uit te leggen wat 
de redenen zijn om in bepaalde gevallen lokaal aangenomen medewerkers niet uit te 
nodigen voor informele en formele aangelegenheden. Tenslotte wordt aangegeven dat 
het gemak waarmee huishoudelijk personeel ontslagen kan worden, aangepast moet 
worden. 7. Versterk het lerende vermogen van de organisatie 
Het lerend vermogen van de organisatie ten aanzien van het bevorderen van diversiteit 
en inclusie en het tegengaan van racisme kan op verschillende manieren versterkt 
worden. Allereerst is het volgens respondenten van belang om consequent exitgesprekken 
te voeren met medewerkers die de organisatie verlaten. In het geval van bi-culturele en 
lokaal aangenomen medewerkers is het dan belangrijk om stil te staan bij de vraag in 
hoeverre ervaringen van racisme mee hebben gespeeld bij de beslissing om de 
organisatie te verlaten. Exitgesprekken leveren niet alleen inzichten op in vertrekmotieven 
van medewerkers. Het is ook een kans om feedback te ontvangen hoe mensen 
behouden kunnen worden en andere aanbevelingen die kunnen helpen om racisme te 
voorkomen en aan te pakken.",UNLABELED,-1,False
,,,,,,,,,,,,"— STAAT EN SLAVERNIJ —
— 378 —
geweest op Curaçao. Ondanks alle militaire interventies en zeker negen 
gepubliceerde plakkaten gericht op het tegengaan van vluchten, in de 
periode tussen 1710 en 1766, bleven de slaafgemaakten massaal in groepjes 
wegvluchten. Bijzondere aandacht zal geschonken moeten worden aan de 
rol van vrouwen en kinderen in de strijd voor vrijheid en gelijkheid, zoals 
die bijvoorbeeld tot uiting kwam in de vluchtpogingen van vrouwen met 
hun kinderen, daarbij geholpen door de zeevarende slaafgemaakten. We 
weten dat informatie over de zwarte bevolking altijd afhankelijk was van 
wat belangrijk was voor de Europese machthebber. Zij schreven immers de 
bronnen die we nu lezen. Desondanks kan de stem van de slaafgemaakten 
indirect naar voren komen via documenten die weliswaar vanuit het oog­
punt van de slaveneigenaren en koloniaal bestuur geschreven zijn, maar 
die we ‘tegendraads’ kunnen lezen. De documenten over de handelsmis­
sies van de Sefardische Joden geven ook informatie over de geschiedenis 
van de zeevarende zwarte bevolking. Via deze invalshoek krijgen we 
inzicht op de levenssferen van de Sefardische Joden en de zwarte gemeen­
schap. Tegelijkertijd kan de verkregen informatie vergeleken worden 
met de intermediaire rol van andere lokale elites in andere koloniale 
werelddelen. ◼ ◼◼  Tot slot
Het aandeel van lokale Europese en gemengde elites, zoals de Sefardische 
Joden op Curaçao, bij de groei van het Nederlandse handels- en plantage­
kapitalisme is nog niet voldoende belicht.",UNLABELED,-1,False
,,,,,,,,,,,,"74 
MATTHIAS LUKKES
vonden plaats in een hotel op de Ganzenmarkt. Terwĳl bewindhebbers 
en aandeelhouders kwamen en gingen, bleven de Utrechtse straten 
en gebouwen het decor waar alle plannen van de Compagnie werden 
bedacht en uitgewerkt. Het was dus ook in de schaduw van de Domtoren waar werd beslist 
over het lot van slaafgemaakten. De besluitvorming van een aanzienlĳke 
groep prominente Utrechters was onlosmakelĳk verbonden met de 
levens van slaafgemaakten in de Amerika’s, die daar de koffiebonen 
plukten op de plantage Utrecht, of de suiker produceerden voor het 
Suikerhuis. De zucht naar winstmaximalisatie van aandeelhouders 
die woonden op het Janskerkhof, aan de Plompetorengracht of aan de 
Kromme Nieuwegracht lag daarmee aan de basis van de uitbuiting van 
mensen als Agatha, Koffie en Avontuur. Met grote dank aan Pepĳn Brandon, Alex van Stipriaan, Marjet Douze, 
Christiaan van Bochove en de redacteuren Nancy Jouwe, Matthĳs Kuipers 
en Remco Raben voor hun hulp bĳ de totstandkoming van dit stuk.",UNLABELED,-1,False
,,,,,,,,,,,,"21 
across the continent by the end of the millennium.108 Essentially the paradigm of such laws has 
been confirmed via the prohibition on genocide denialism in the secondary law of the European 
Union by virtue of the Framework Decision on xenophobic speech, addressed in the previous 
section of this study. The second and third French laws established as lois mémorielles were declaratory rather than 
criminal in nature. The 2001 ‘loi Arménie’ recognized the Armenian genocide.109 The ‘loi 
Taubira’ (adopted in 2001 as well and mentioned as the major relevant protagonist in the Dutch 
Motie Nicolaï), recognised slavery and the transatlantic slave trade as constituting a crime 
against humanity.110 Finally, the French set of lois mémorielles concluded with the ‘loi 
Rapatrié’, a now defunct law that required schools to teach about the positive aspects of French 
colonialism (especially in North Africa).111  
 
The initial academic examination of French lois mémorielles focused on their impact on the 
freedom of historical research, and was carried out mainly by historians who considered 
themselves affected by these measures. Local historian organizations have also had significant 
influence on the French public opinion on memory laws. Through tenacious lobbying, they 
have managed to convince the French parliament that the lack of clarity with which the four 
lois mémorielles had been introduced represents a serious threat to academic freedom of 
expression. As a result, in 2008, the French parliament ordered a comprehensive review of 
French memory laws, leading to the term becoming mired in controversy. Nowadays, when 
French legislators attempt to adopt similar laws, they tend to make specific efforts to prove that 
they are not, in fact, enacting memory laws per se – even if the content of the prospective 
measure aligns perfectly with previous lois mémorielles. As the French debate on memory laws 
evolved, it was reoriented towards the potential impact of criminalizing the denial of the 
Armenian genocide (and potentially other genocides), and the issue of equal treatment between 
that tragedy and the Holocaust.112  
 
The 2008 French bill on the criminalisation of the Armenian genocide denial was drafted as an 
initiative ‘transposing EU anti-racist law in national legislation’, i.e. the Council Framework 
Decision, detailed in the previous section of this study.113 Completely ignoring the issue of EU 
harmonisation in criminal law, the French Conseil Constitutionnel struck the law as per se 
contradictory to the constitutional protection of freedom of expression.114  
 
108 Emanuela Fronza, Memory and Punishment: Historical Denialism, Free Speech and the Limits of Criminal 
Law, Springer, 2018. 109 Loi du 29 janvier 2001 relative à la reconnaissance du génocide arménien de 1915.",UNLABELED,-1,False
,,,,,,,,,,,,"10 
offensive remarks are only punishable by Dutch law if they equate to discrimination against a 
particular group.39  
 
2.2 Competences of the Kingdom of the Netherlands (scope of the rijkswet) 
 
In case the Motie Nicolaï leads to a legislative response from parliament, the question emerges 
on whether such a regulation recognising slavery and slave trade as a crime against humanity 
is to be adopted as a rijkswet applicable to the Kingdom of the Netherlands as a whole or rather 
as a regular law only applicable to the Netherlands. The Koninkrijk der Nederlanden currently consists of four autonomous countries (landen), 
namely the Netherlands, Aruba, Curaçao and Sint Maarten, with the latter three located in the 
Caribbean. The country of the Netherlands, in contrast, consists of a territory in Europe and the 
islands of Bonaire, Saba and St. Eustatius, also located in the Caribbean. Both the Kingdom of 
the Netherlands and the Netherlands as such, therefore, comprise a European and a Caribbean 
part. From the analysis of the Charter of the Kingdom of the Netherlands (Statuut voor het Koninkrijk 
der Nederlanden, 1954), regulating the status of the Kingdom, the Kingdom of the Netherlands 
can be considered a State (staat). Only the Kingdom – not its individual autonomous countries 
(landen) or the public bodies – possesses international legal personality. The Constitution of 
the Kingdom of the Netherlands (Grondwet voor het Koninkrijk der Nederlanden) along with 
the Basic Laws of the three other countries are legally subordinate to the Charter. The 1954 
Charter of the Kingdom of the Netherlands is the overarching legal instrument for the Kingdom 
as a whole, prescribing the division of competencies and specifying the areas of internal 
competences for each of the autonomous countries. In this regard, all areas are considered to be 
internal competences of each of the autonomous countries unless the Charter explicitly states 
otherwise.",UNLABELED,-1,False
,,,,,,,,,,,,"Daar is duidelijk gemarkeerd dat dit 
verleden bij Nederland hoort en dat Nederland zich er toe moet verhouden. Het 
tweede publiek was het Caribisch deel van het Koninkrijk. Daar werd vooral 
gevoeld dat de excuses haastig en snel werden doorgedrukt en is het nu vooral 
van belang wat er ná de excuses gaat gebeuren. Het derde publiek was dat in 
Suriname. De excuses zijn daar het minst goed ontvangen, omdat de 
ambassade en het bestuur van Suriname helemaal niet betrokken zijn geweest 
bij de excuses. De Nederlandse overheid lijkt op tal van niveaus nog altijd niet 
goed in staat om Suriname te behandelen als een soevereine staat. Nederland 
ziet Suriname nog te veel als een onderdeel van het koninkrijk.’
	
 
Mercedes Zandwijken (1957), oprichter en directeur van de Stichting Keti Koti 
Dialoog Tafel, kwam pas op late leeftijd in aanraking met het slavernij­
verleden: ‘Toen ik bij de eerste slavernijherdenking in het Amsterdamse 
Oosterpark was, viel het me op dat er geen moment van reflectie was na het 
leggen van de krans. Zo is de Keti Koti Dialoog Tafel ontstaan: een nieuwe 
traditie waarbij witte en zwarte mensen met elkaar in gesprek gaan over 
de sporen die het slavernijverleden heeft achtergelaten. In mijn eigen gezin waren er veel onbesproken emoties. De plantage­
cultuur, die voor een groot deel bepaald werd door ideeën over macht en 
onmacht, zijn nog steeds terug te vinden in de Afro-Surinaamse gezins­
structuur.",UNLABELED,-1,False
,,,,,,,,,,,,"Wekker, Gloria. 2016. White Innocence: Paradoxes of Colonialism and Race. Durham: Duke 
University Press. 13. Sharpe, Micheal O. 2020. ‘Extending Postcolonial Sovereignty Games: The Multilevel Negotiation of Autonomy 
and Integration in the 2010 Dissolution of the Netherlands Antilles and Dutch Kingdom Relations,’ Ethnopolitics, 
p.1-26. Jones. Guno.",UNLABELED,-1,False
,,,,,,,,,,,,"In het hoofdstuk over de Nederlandse Antillen staat een kadertekst 
over slavenverzet.8 Aspecten van deze vernieuwende aanpak zijn in andere 
schoolboeken nagevolgd. ◼◼ ◼◼  Kennis én vaardigheden
Bij de invoering van de basisvorming in 1993 werd ook het aanleren van 
vaardigheden verplicht gesteld, bijvoorbeeld ‘rekening houden met de 
standplaatsgebondenheid van bronnen en met de eigen standplaatsge­
bondenheid’. Zodoende werd geschiedenis meer een denk- en doevak en 
minder een kennisvak, met minder tekst in de schoolboeken en meer 
opdrachten, vaak in aparte werkboeken. De verplichting inhoudelijk 
­aandacht te besteden aan ‘de verhouding tussen Nederland en Oost-",UNLABELED,-1,False
,,,,,,,,,,,,"In die overtuiging zal ik tegen dit artikel stemmen, tenzij de 
Minister mij van het onjuiste mijner meening mogt overtuigen. Wat nu het amendement 
van den geachten afgevaardigde uit Arnhem (van Lynden) aangaat, zoo kan ik evenmin 
zeggen, dat dit mij toelachtǳ.209   
 
Hij stelde hierna: 
 
ǲDe bezwaren, die ik heb tegen den gedwongen arbeid gedurende ͳͲ jaren, bestaan 
evenzeer bij gedwongen arbeid gedurende 4 jaren. En ik deel geheel in de vrees van den 
geachten afgevaardigde uit Zutphen (van Bosse) , dat het gevoel van teleurstelling voor 
den neger, wanneer hij zal ondervinden dat de vrijheid, die hem 30 jaar voorgespiegeld 
is, zoo weinig om liet lijf  heeft, even groot zal zijn wanneer het staatstoezigt vier jaren, 
als wanneer het tien jaren zal duren, omdat de neger nimmer aan de vrijheid zal 
gelooven, tenzij hij wezenlijk vrijheid bezitteǳ.210   
 
De conservatief-liberaal sprak hierna de woorden uit: 
 
208 De Nederlandsche Staats-Courant 1861-1862 (bijblad). Tweede Kamer, 78ste zitting – 4 julij 1862, vel. 261, p. 951 
209 De Nederlandsche Staats-Courant 1861-1862 (bijblad). Tweede Kamer, 78ste zitting – 4 julij 1862, vel. 261, p. 951 
210 De Nederlandsche Staats-Courant 1861-1862 (bijblad). Tweede Kamer, 78ste zitting – 4 julij 1862, vel.",UNLABELED,-1,False
,,,,,,,,,,,,"25. Zie: Marĳke Huisman, Verhalen van vrĳheid. Autobiografieën van slaven 
in transnationaal perspectief 1789-2013 (Hilversum: Verloren, 2015), 60-61. 26. Vooraanstaande leden van het Réveil brachten hun zomers door in hun 
zomerhuis in Heemstede. Toen Wolbers 21 jaar oud was, werd Nicolaas 
Beets daar aangesteld als predikant. Hĳ bracht Wolbers in contact met 
mensen van het Réveil. Zie ook Fenna Ĳtsma, ‘Een geschiedenis van Su-
riname geschreven door twee negentiende-eeuwse buitenstaanders. Hoe 
maatschappelĳke ontwikkelingen en persoonlĳke opvattingen doorspe-
len in de door Maria Vlier en Julien Wolbers geschreven grondlegging van 
de Surinaamse geschiedenis’ (masterscriptie, Universiteit Leiden, 2021). 27.",UNLABELED,-1,False
,,,,,,,,,,,,"Herleidbaarheid beperken 
De achtergrondkenmerken van respondenten worden niet of zo min mogelijk genoemd 
om herleidbaarheid te voorkomen. Zonder de inhoud tekort te doen, worden er soms 
bepaalde onbelangrijke details aangepast om de herleidbaarheid van verhalen te 
beperken. Dat is vooral gedaan bij die respondenten die daar belang aan hechten. Verwijzingen naar specifieke directies, ambassades en personen zijn achterwege gelaten. Ook zijn verwijzingen naar medewerkers in bepaalde functies waar mogelijk algemener 
geformuleerd. Als het voor de context van belang is of als er opvallende verschillen zijn 
tussen (uitgezonden) bi-culturele medewerkers en lokaal aangenomen medewerkers, 
zullen we expliciet aangeven of een uitspraak afkomstig is van een lokaal aangenomen 
medewerker, een bi-culturele medewerker in Den Haag dan wel op de ambassade. Daarnaast wordt soms ook aangegeven als bepaalde uitspraken zijn gedaan door witte 
medewerkers. In dit onderzoek is overigens niet gekeken of bepaalde ervaringen samenhangen met 
specifieke werelddelen, landen of directies. Dat valt buiten het doel van dit onderzoek. Bovendien is het onderzoek hier ook te kleinschalig voor om hier onderbouwde uitspraken 
over te kunnen doen.",UNLABELED,-1,False
,,,,,,,,,,,,"— 92 —
Annemarie de Wildt
De Gouden Koets
Op 13 januari 2022 kondigde koning Willem-Alexander aan dat de Gouden Koets 
‘voorlopig’ niet meer gebruikt zal worden op Prinsjesdag. Zeven maanden eerder 
had hij in het Amsterdam Museum bij de opening van de tentoonstelling over het 
iconische koninklijke voertuig gesproken met kunstenaars die daar hun kritische 
reflecties op de koets toonden. De Amsterdamse kunstenaar AiRich noemde bij 
die gelegenheid het paneel Hulde der Koloniën een misleidende en ‘verzachte’ 
versie van de geschiedenis. In haar eigen versie toont ze wél de dwang en 
onmenselijkheid van het Nederlandse kolonialisme. De Ghanese kunstenaar 
Bernard Akoi-Jackson stelde in zijn installatie de vraag: ‘where does this gold 
come from?’  
De Amsterdamse bevolking heeft de koets geschonken aan Wilhelmina, die in 
1898 werd ingehuldigd als de eerste koningin op de Nederlandse troon. Voor de 
vervaardiging van het rijtuig is betaald met de kwartjes die waren ingezameld 
onder de bevolking van de Jordaan én de ruime donaties van de Amsterdamse 
elite, waaronder de commissarissen van rijtuigenfabriek Spijker. De koets moest 
het hele koninkrijk representeren, inclusief de koloniën. De archieven van Spijker, 
die van de kunstenaar Nicolaas van der Waay, die het rijtuig heeft beschilderd, 
en die van het comité dat het initiatief nam zijn grotendeels verloren gegaan, dus 
we weten niet hoe de opdracht aan Van der Waay luidde. Op het linkerpaneel gaf 
hij inwoners weer van Nederlands-Indië en de Caribische koloniën die producten 
en geschenken overhandigen aan een witte vrouw op een troon. Dergelijke 
iconografie waarin ondergeschiktheid wordt getoond dateert al uit het begin van 
de Europese kolonisatie.",UNLABELED,-1,False
,,,,,,,,,,,,"— 77 —
Samenleving 
‘Er is zoveel veranderd in het debat rondom het slavernijverleden en zijn door­
werkingen de afgelopen vijf jaar: van het taalgebruik tot de afschaffing van 
Zwarte Piet in grote delen van het land en het begrijpen van de noodzaak van de 
slavernij-excuses. Het belangrijkste is dat we minder snel in een kramp schieten 
als we over het slavernijverleden praten. Tien jaar geleden was er bij witte Nederlanders nog vooral schuld en 
schaamte, waardoor de gesprekken over hen gingen en niet over wat er met óns 
gebeurd is. Nu lijken witte Nederlanders actiever te luisteren en zijn ze zich meer 
bewust van de grote rol die racisme speelt in het leven van zwarte Nederlanders. Dat is een hoopvolle ontwikkeling die ertoe heeft geleid dat veel witte mensen 
nu zeggen: “Daar wil ik iets aan doen.” 
	
Overigens komt het dekolonisatieproces, de druk om onderzoek te doen 
naar het slavernijverleden en de roep om slavernijmonumenten uit de zwarte 
gemeenschappen. Grote veranderingen zijn in gang gezet door de lange strijd 
van onder meer grassroots-organisaties, activisten en zwarte wetenschappers. Een nieuwe generatie is mondiger dan ooit en gaat als het moet de barricade op.’
Wetenschap
‘Wat belangrijk is om te onderzoeken is het collectief intergenerationeel trauma 
dat slavernij en kolonialisme heeft achtergelaten in de samenleving. Bestaat er 
zoiets als een post traumatic slave syndrome? En wat is precies intergene­ra­tio­
neel trauma? Hier is nog nauwelijks onderzoek naar gedaan.",UNLABELED,-1,False
,,,,,,,,,,,,"— 164 —
— STAAT EN SLAVERNIJ —
partners de compagnie en ontvingen zij hun startkapitaal terug, waarbij 
ze de winsten of verliezen onderling verdeelden. Op deze wijze organi­
seerde een ondernemer als Balthazar de Moucheron (circa 1552-circa 1630), 
zijdelings betrokken bij slavenhandel op de Afrikaanse kust, verschillende 
vloten naar Azië voor de oprichting van de voc. Johan van der Veken 
­(1549-1616), een van de eerste bekende Nederlandse participanten in de 
trans-Atlantische slavenhandel, richtte vergelijkbare tijdelijke compagnie­
ën op voor zijn handelsreizen in suiker en mensen in het Atlantisch 
gebied. De organisatie van de handel op Azië via gelegenheidscompagnieën 
bleek echter al snel een beperking voor de economische en militaire ambi­
ties van de Nederlanders. Vooral door de inzet van raadspensionaris Johan 
van Oldenbarnevelt verenigden de verschillende ‘voorcompagnieën’ zich 
in 1602 tot een enkele door de Staten-Generaal gesteunde compagnie. Deze voc kreeg het alleenrecht op de Nederlandse handel tussen Azië en 
Europa, en mocht daarnaast haar door de uitgifte van aandelen verkregen 
startkapitaal van 6,4 miljoen gulden inzetten om uit naam van de 
­Staten-Generaal oorlog te voeren, koloniën te stichten en recht te spreken 
in door haar veroverde gebieden. De financieringsvorm bleef echter lijken 
op die van een traditionele compagnie: na tien jaar zou de voc geliqui­
deerd worden ten gunste van de aandeelhouders, die vervolgens zouden 
kunnen besluiten om een nieuwe compagnie op te richten. De enorme 
kosten van oorlog en verovering drukten echter op de handelswinsten en 
daarmee op de uitgekeerde dividenden. De Staten-Generaal waren bang 
dat de financiers van de voc bij liquidatie van de Compagnie eieren voor 
hun geld zouden kiezen, en niet opnieuw zouden willen deelnemen in een 
vergelijkbare onderneming. Daarom namen ze een radicaal nieuwe stap: 
de staat stond de Compagnie in 1612 toe om de beloofde opheffingsdatum 
te negeren en de terugbetaling van het oorspronkelijk geïnvesteerde 
­kapitaal uit te stellen voor onbepaalde tijd.",UNLABELED,-1,False
,,,,,,,,,,,,"i 
 
Woord vooraf 
 
Voor u ligt het onderzoeksrapport over de afschaffing van Nederlandse slavernij met de 
titel Waarom vrijheid niet kon wachten: het parlementair debat rondom de afschaffing van 
de slavernij. De titel van het rapport weerspiegelt de stemming van de parlementsleden ten 
tijde van het parlementair debat. Sommige van de parlementsleden spraken niet alleen 
over de slavernij als een schandelijk systeem maar tevens als zijnde een smet, vloek en 
kanker voor Nederland en de Nederlandse eer. Toch was dit een debat met een twist, 
zoals zal blijken. Nederland en de Caraïbische koloniën. Een fase waarin - vermeende - kennis van de 
toestand in de West-Indische koloniën, stellingnames, belangen en analyses intensief en 
openlijk besproken werden, was de lang slepende parlementaire worsteling met de 
wettelijke afschaffing van de slavernij. In 1862 culmineerde deze fase uiteindelijk in het 
parlementair debat. Het was een debat tussen louter welgestelde heren - sommige 
familieleden van hen staan op de lijst van plantage-eigenaren - en biedt een duidelijke 
inkijk in wat bestuurders en ondernemers destijds van de West-Indische koloniale 
verhoudingen vonden. Hierover gaat dit onderzoeksrapport. Het behelst een systematische analyse van het 
debat over de afschaffing van de slavernij (1 juli 1863), en biedt inzicht in het proces, het 
debat en de besluitvorming in Nederland met betrekking tot die afschaffing.",UNLABELED,-1,False
,,,,,,,,,,,,"De gevolgen van de slavernij beperken zich niet tot enkele sectoren, maar hebben een 
reikwijdte in de hele maatschappij. Beeldvorming speelt een cruciale rol in het voortleven van raciaal denken en is diepgewor­
teld in maatschappijen met een slavernijverleden, zoals de Nederlandse. Beeldvorming is een 
complex cultureel fenomeen dat geen eenduidige bron heeft en dat daardoor niet eenvoudig 
tegen te gaan is. Toch is beeldvorming niet onveranderlijk. Het is daarom zaak om meer te 
weten te komen over hoe verandering teweeggebracht kan worden. Dit kan alleen met een integrale, systemische aanpak. 7.1 Erkenning
Het adviescollege is ervan overtuigd dat erkenning van het slavernijverleden een noodza­
kelijke eerste stap is. Daarbij is het de visie van het adviescollege dat niet alleen het bestaan 
van de slavernij en haar gruwelen erkend en veroordeeld moeten worden, maar dat het ook 
eenduidig als misdaad tegen de menselijkheid aangemerkt moet worden. Daarnaast moet 
ook het aandeel in de slavernij van het Nederlands gezag erkend worden. Het adviescollege 
is van mening dat dit niet een veroordeling van groepen mensen inhoudt (bijvoorbeeld ‘witte 
mensen’) en daarmee een raciale logica omarmt.",UNLABELED,-1,False
,,,,,,,,,,,,"(2009). Political 
Ethnography: What Im-
mersion Contributes to the 
Study of Power. University 
of Chicago press.",UNLABELED,-1,False
,,,,,,,,,,,,"Na de afschaffing van de slavernij 
was niet plotseling iedereen gelijk. Tot op de dag van vandaag werken 
eeuwenlange achterstelling en 
racistische denkbeelden door in 
de samenleving. Nadat groepen 
nazaten van slaaf­gemaakten zich 
in Nederland vestigden, ontstond 
een maatschappelijke discussie. Slavernij en 
de relatie met 
het Amsterdam 
van nu
89",UNLABELED,-1,False
,,,,,,,,,,,,"In de georganiseerde dialogen kwam naar voren dat de kennis over het Nederlandse 
slavernijverleden gering is. Dat geldt voor Nederland als geheel, maar ook voor de 
gemeenschappen van nazaten. Er zal dus veel meer kennis en collectief bewustzijn moeten 
worden verworven om een gezamenlijke, nationale geschiedenis te kunnen beleven.",UNLABELED,-1,False
,,,,,,,,,,,,"SLAAFGEMAAKTEN EN BESTUURDERS VAN DE VOC IN UTRECHT EN AZIË 
101
ook op andere manieren, zoals via wisselbrieven, naar Utrecht werden 
verzonden ten behoeve van vader Pieter of andere familieleden. Ten slotte
Zo laat het leven van een Utrechtse commandeur de verwevenheden 
zien die op individueel niveau ontstonden tussen Utrecht en de slavernĳ: 
Utrechtse koopmanszonen zoals Van Spall raakten eenmaal overzees 
direct betrokken bĳ de slavenhandel, terwĳl financieel profĳt daarvan 
weer terugkeerde naar achterblĳvers in Utrecht zelf. De stedelĳke re-
gentenelite van de domstad had een direct belang bĳ en invloed op het 
koloniaal bestuur, de koloniale handel en de overzeese slavernĳ onder 
het voc-bestuur. De effecten strekten van de landhuizen in de groene 
polders en bossen rond Utrecht tot aan de kust van India, waar een 
slaafgemaakte dertienjarige rondliep met de opvallende naam ‘Utrecht’.",UNLABELED,-1,False
,,,,,,,,,,,,"— 96 —
— STAAT EN SLAVERNIJ —
­bestuderen ontstond in de jaren negentig een nieuwe discipline: transitio-
nal ­justice. Hierbij werd in eerste instantie met name gefocust op ervarin­
gen uit de Tweede Wereldoorlog. Daarbij werd gekeken hoe bijvoorbeeld 
strafprocessen, waarheids- en verzoeningscommissies, excuses, restitutie, 
­herstelbetalingen, oprichting van musea en monumenten, herdenkingen 
en aandacht voor het verleden in het onderwijs en de politiek een samen­
leving konden helpen in het reine te komen met haar gewelddadige 
­verleden. Uit dergelijk onderzoek kwam naar voren dat gezien worden als 
slachtoffer van de Tweede Wereldoorlog voor sommige groepen weinig 
heeft bijgedragen aan het gevoel een ‘gelijkwaardig burger’ te zijn. In deze 
gevallen plaatste erkenning mensen juist terug in hun gemarginaliseerde 
positie en bevestigde het sociale hiërarchieën, in plaats van sociale posities 
en beeldvorming te veranderen. Sociale wetenschappers begonnen daar­
om te zoeken naar manieren waarop onrecht in het verleden erkend kon 
worden zodat het kon bijdragen aan het creëren van gelijkwaardig burger­
schap voor gemarginaliseerde groepen. Filosoof Nancy Fraser spreekt van 
‘transformatieve erkenning’: een vorm van erkenning die de positie van 
gemarginaliseerde groepen in de maatschappij substantieel (sociaal en 
economisch gezien) verbetert.3
Mensenrechtenwetenschappers Paul Gready en Simon Robins popula­
riseerden een even belangrijk concept, transformative justice, dat historisch 
onrecht op een systemische manier benadert: ‘It seeks a form of participa­
tion that engages with but transforms victimhood’.4 Een erkenningspro­
ces zou agency moeten creëren, participatie en relatievorming zouden 
centraal moeten staan en de machtsverhoudingen moeten veranderen. Herstelmaatregelen kunnen immers alleen herstel bevorderen als ze deze 
de gemarginaliseerde groepen centraal stellen en gelijkwaardig burger­
schap creëren. Volgens jurist Lisa Laplante is het essentieel voor een goed­
lopend erkennings- en herstelproces om eerst vast te stellen welke vorm 
van rechtvaardigheid beoogd wordt. Streeft men naar herstelbetalingen 
van een specifieke schade in het verleden met een oorzakelijk verband 
(reparative justice), het herstel van de relatie tussen alle betrokkenen (restora-
tive justice) of een breder idee van gelijkheid met betrekking tot participa­
tie en ­inclusie in de samenleving (civic justice) of sociaaleconomische 
recht­vaardigheid (socio-economic justice)?5 Als we vanuit dit onderscheid het 
Nederlandse ­slavernijdebat bekijken dan zien we dat de betrokken 
­groepen uit ­Suriname en het Caribisch gebied civic justice en socio-economic 
justice ­nastreven, door misrepresentatie, discriminatie en racisme op",UNLABELED,-1,False
,,,,,,,,,,,,"— 340 —
— STAAT EN SLAVERNIJ —
Daarnaast benadrukten de Staten-Generaal dat de oorspronkelijke 
bewoners van Brazilië onder geen beding tot slaaf mochten worden 
gemaakt (zie hoofdstuk 19 van Erik Odegard). De gedachte daarachter was 
dat inheemse Braziliaanse volkeren zoals de Potiguara als bondgenoten 
van de wic konden worden aangemerkt in de strijd tegen de Portugezen. Eenzelfde instructie ging uit naar de kust van Angola, waar de wic-­
dienaren in 1642 op het hart werd gedrukt dat de vrije lokale bewoners 
‘in geenderleij wijse tot slaven worden gemaect’.6 Die instructies laten 
zien dat de Staten-Generaal probeerden om de Nederlandse deelname 
aan slavenhandel en slavernij te voorzien van een wettelijk kader: door 
aan te geven dat totslaafmaking aan bepaalde voorwaarden was verbonden 
(en door slavernij dus niet ipso facto te verbieden) kon de handel in en uit­
buiting van slaafgemaakte personen worden geïnstitutionaliseerd in 
de koloniën. Cruciale beslissingen van de Staten-Generaal leidden niet alleen tot 
­normalisering maar ook tot intensivering van de trans-Atlantische slaven­
handel en de exploitatie van slaafgemaakten. Dat gold met name voor het 
beleid dat de leden van de Staten-Generaal maakten ten aanzien van de 
Tweede wic, die in 1675 werd opgericht nadat de Eerste wic failliet was 
verklaard. Toen de nieuwe compagnie in 1682 het bestuur over de kolonie 
Suriname kreeg toebedeeld, vermeldde het daartoe opgestelde octrooi van 
de Staten-Generaal expliciet dat de kolonie ‘niet wel kan worden voortge­
set, dan door middel van swarte Slaven of Negros’. Daarbij benadrukten 
de Staten-Generaal dat de wic ‘geobligeert’ was om de kolonie te voorzien 
van een continue instroom van slaafgemaakten afkomstig uit Afrika.7 
Daaruit blijkt dat de Staten-Generaal niet alleen de voorwaarden creëer­
den waarbinnen slavenhandel en slavernij konden voortbestaan, maar 
dat zij de mensenhandel en arbeidsexploitatie op de plantages ook actief 
probeerden te bevorderen. Het beleid van de Staten-Generaal had daarnaast belangrijke gevolgen 
voor de rol van private handelaren en buitenlandse schepen in de slaven­
handel. Zo werd de haven van Curaçao in 1675 met een resolutie van de 
Staten-Generaal formeel opengesteld voor alle handelaren, wat ertoe 
­leidde dat Curaçao zich kon consolideren als een van de belangrijkste 
internationale slavenmarkten in het Caribisch gebied. Met de uiteinde­
lijke ontmanteling van het handelsmonopolie van de wic en de defini­tieve 
openstelling van de handel met Afrika voor alle ingezeten van de 
­Republiek in 1734 gaven de Staten-Generaal een nieuwe impuls aan",UNLABELED,-1,False
,,,,,,,,,,,,"Deze 
districten veranderden meerdere malen qua indeling. Het fundamentele uitgangspunt na 
de grondwetsherziening was dat er voor elke 45.000 inwoners ten minste één 
afgevaardigde in de Tweede Kamer diende te zijn. 34 Ibid 2, p. 89. 35 Ibid 2, p. 89. 36 B. E. C. Belmonte onder dossier Rebecca David met betrekking tot tegemoetkoming emancipatie, 1863, het 
Nationaal Archief, nummer toegang: 2.02.09.08, inventarisnummer: 223.",UNLABELED,-1,False
,,,,,,,,,,,,"De arbeidsinzet 
van mensen die met dit doel tot slaaf waren gemaakt was cruciaal. De tot­
slaafmaking en de regulering, dat wil zeggen de vaststelling wie tot slaaf 
gemaakt mocht worden – in de Nederlandse koloniale taal zelfs ‘slaafbaar­
heid’ genoemd – werd door de koloniale heerser onderbouwd met denk­
beelden over de vermeende superioriteit van de eigen groep versus de 
inferioriteit van gekoloniseerden. Dat koloniaal racisme produceerde 
zodoende vermeende verschillen tussen mensen op grond van ras en was 
onderdeel van een productiemaatschappij die feitelijk was gebaseerd op 
onderdrukking en segregatie. Het koloniale bewind bevestigde deze maat­
schappelijke ordening verder door deze te voorzien van een juridische 
onderbouwing: het vastleggen van afspraken en overeenkomsten in",UNLABELED,-1,False
,,,,,,,,,,,,"Slechte, ‘De Firma List en Bedrog. De Provinciale 
Utrechtsche Geoctroyeerde Compagnie (1720-1752)’, in: R. van der 
Eerden et al. (red.), Jaarboek Oud-Utrecht 1998 (Utrecht: Vereniging 
Oud-Utrecht, 1998), 179-218, aldaar 212. 32. Hermann Wätjen, Abhandlungen zur Verkehrs- und Seegeschichte, im 
Auftrage des hansischen Geschichtsvereins, deel 2: Die Niederländer im 
Mittelmeergebiet zur Zeit ihrer höchsten Machtstellung (Berlĳn: Karl 
Curtius, 1909), 218; Martĳn de Meulder, ‘Aan de gracht’ (2013), 59, zie: 
http://martĳndemeulder.com/pdf/grachtengordel.pdf. 33. Stadsarchief Amsterdam (hierna: nl-asdsaa), Archief van de Notaris-
sen ter standplaats Amsterdam, toegangsnummer 5075, inv.nr. 4764, 
aktenr. 58059, Transport op 5 november 1768.",UNLABELED,-1,False
,,,,,,,,,,,,"35 
leven lang van al hun rechten en vrijheden, van menselijke waardigheid en lichamelijke 
integriteit beroofd en als objecten behandeld.90 Dit extreem zware en langdurige onrecht 
maakt dat excuses voor de slavenhandel en de slavernij en het daardoor veroorzaakte leed 
een vanzelfsprekende aanvulling behoren te vormen op de erkenning van slavenhandel en 
slavernij als misdrijven tegen de menselijkheid. Zonder excuses blijft die erkenning vaal. De 
precieze formulering van de excuses is een politiek-maatschappelijke kwestie. Van belang 
voor het draagvlak is dat de groep van afstammelingen van de tot slaaf gemaakten zich 
daarin kan vinden.91 Daarbij moet de formulering zodanig zijn dat de excuses een eigen en 
welgemeende overtuiging reflecteren. De erkenning van slavenhandel en slavernij als misdrijven tegen de menselijkheid zou 
bijvoorbeeld als volgt kunnen worden aangevuld: 
 
Erkend wordt tevens het leed van alle mensen die slachtoffer van deze misdrijven zijn 
geworden, alsmede het leed van hun afstammelingen. De Staat der Nederlanden, mede 
als rechtsopvolger van eerdere Nederlandse gezagen, die slavenhandel en slavernij 
direct of indirect heeft toegestaan, mogelijk gemaakt, bevorderd of bedreven, biedt 
hiervoor zijn excuses aan. Met de formulering van de tweede zin wordt ook duidelijk dat de huidige entiteit Nederland 
niet rechtstreeks verantwoordelijk is voor het veroorzaakte leed in de periode tot aan haar 
vestiging met de Grondwet van 1814,92 maar als rechtsopvolger van eerdere Nederlanden 
die verantwoordelijkheid tot en met de allereerste aanvang van de Nederlandse 
betrokkenheid bij slavenhandel en slavernij wel ten volle neemt. Het nemen van die laatste 
verantwoordelijkheid is tevens een kwestie van morele en herinneringsconsistentie: het is 
moeilijk vol te houden om enerzijds het Plakkaat van Verlatinge uit 1581 expliciet als begin 
van het huidige Nederland te presenteren, maar anderzijds de slavenhandel en slavernij van 
de 17e en de 18e eeuw niet als iets van Nederland te zien.93 Voor de slavernij die juridisch 
toegestaan was tussen 1814 en 1863 ligt het nog eenvoudiger: weinigen zullen willen 
ontkennen dat er een sterke continuïteit bestaat tussen de Nederlandse staat van de 
Grondwet van 1814 en de huidige Staat der Nederlanden. Civielrechtelijke aspecten 
Uit recent juridisch-empirisch onderzoek van Wijntjens blijkt dat excuses vanwege 
aangedaan onrecht, net zomin als erkenning van dat onrecht, als misdrijf leidt tot 
civielrechtelijke aansprakelijkheid. De rechter kan in het kader van de beoordeling van een 
                                                        
90 Zie o.a.",UNLABELED,-1,False
,,,,,,,,,,,,"Ik miste de zwarte wetenschappers die over 
racisme schreven. Waar was Philomena Essed, Paul Gilroy? Waar was 
bell hooks? Ik bekeek de auteurs een voor een, en kwam tot de conclusie 
dat we over racisme moesten nadenken door de ogen van uitsluitend 
witte mannen. Dat leek mĳ nogal beperkt. Aan het eind van het college liep ik naar de docent en legde de paradox 
van een compleet witte literatuurlĳst voor. De docent was niet erg 
begripvol. Sterker nog, hĳ werd woedend toen ik de vraag stelde, en 
begon letterlĳk te schreeuwen. Een medestudent kwam erbĳ staan. Ze herhaalde mĳn standpunt, en probeerde hem rustig te krĳgen.",UNLABELED,-1,False
,,,,,,,,,,,,"Portugese Natie
Speciale regels van Amsterdamse stads­
bestuurders maakten het bovendien 
mogelijk om het verbod op het houden 
van slaven te omzeilen. De eersten die 
hiervan gebruik maakten waren leden 
van de ‘Portugese Natie’. Deze joden, 
christenen en ‘nieuwe christenen’ 
(officieel bekeerd, maar in de praktijk 
hielden zij het joodse geloof aan) konden 
zich vanaf de jaren 1590 in Amsterdam 
vestigen vanwege hun uitgebreide 
handels­netwerken in Europa en de 
Atlantische wereld. Ook Vlamingen en 
Duitsers die handel dreven tussen Europa, 
West-Afrika en Brazilië, waren van harte 
welkom. Families van de Portugese Natie 
hielden slaafgemaakte Afrikanen als 
bedienden in Amsterdam. Amsterdamse 
handelaren kregen al snel in de gaten dat 
leden van de Natie betrokken waren bij de 
inter­nationale handel in slaafgemaakte 
Afrikanen en wilden een graantje 
meepikken. Zij leverden bijvoorbeeld 
kortetermijnleningen voor de onder­
nemingen, verzekeringen of schepen. Zo raakten ook zij al vroeg in de 17e eeuw 
betrokken bij de trans-Atlantische 
slavenhandel. Kleine gemeenschap
In Amsterdam leefde al in de eerste helft 
van de 17e eeuw een kleine gemeenschap 
van (voormalige) slaafgemaakten. Dit waren deels vrije en deels nog slaaf­
gemaakte mensen uit gekoloniseerde 
gebieden in Azië, Afrika en de Caraïben, 
die bij elkaar in de buurt woonden, 
met elkaar trouwden en elkaar hielpen.",UNLABELED,-1,False
,,,,,,,,,,,,"122 
MYRTHE MINNAERT
De ‘Portugese Natie’ in Maarssen: handel, uitsluiting en een 
Compagnie
Al met al vestigden zich in Maarssen veel Amsterdamse kooplieden 
die rĳk waren geworden van de koloniale handel of er een intensieve 
bemoeienis mee hadden. Opvallend is ook de prominente aanwezigheid 
van joden uit Amsterdam. Vanaf het eind van de zestiende eeuw kwamen 
uit Portugal verdreven joden naar de Republiek. Deze zogenoemde 
‘Portugese Natie’ speelde een belangrĳke rol in de slavenhandel.14 Veel 
van hen namen handelsrelaties en vergunningen mee uit Portugal en 
konden zo hun ondernemingen voortzetten vanuit Amsterdam, waar 
zĳ ook een belangrĳke rol speelden in de Amsterdamse slavenhandel. Een van die joodse handelaren was Abraham Aboab (ca. 1596-1664), 
die vanuit Portugal, via Hamburg en Amsterdam, in 1652 in Maars-
sen kwam wonen. Hĳ importeerde suiker en indigo en handelde met 
Portugese joden in verschillende delen van Europa. Met de aankoop van 
het huis Hogesant in de Breedstraat in Maarssen was hĳ de eerste joodse 
inwoner van Maarssen en mogelĳk ook de eerste joodse grondbezitter 
in de Republiek.15 Hĳ was waarschĳnlĳk naar Maarssen vertrokken uit 
handelsbelang en vanwege de anti-joodse beperkingen die golden in 
Amsterdam, zoals het verbod op tabakshandel voor joden en de uitslui-
ting van joden uit de zĳdegildes.16 Gelegen langs een op dat moment 
belangrĳke vaarweg, was Maarssen een aantrekkelĳk alternatief. Zeker 
ook door de nabĳheid van de stad Utrecht. Daar waren de anti-joodse 
maatregelen sterker dan in Amsterdam – joden mochten in Utrecht geen 
huizen bezitten en dus niet binnen de muren wonen – maar paradoxaal 
genoeg werkten op de universiteit theologen die een grote belangstelling 
voor en kennis van het Hebreeuws, de joodse geschriften en religie 
hadden.17
Vanuit Maarssen verhandelde Aboab onder andere tabak uit Brazilië, 
suiker, olie, wĳn, sukade en graan.",UNLABELED,-1,False
,,,,,,,,,,,,"Bij aankomst had het plaatselijke bestuur verordonneerd dat 
zij allen in vrijheid moesten worden gesteld. Maar de leden van de Staten-­
Generaal beschikten anders. Na zich herhaaldelijk te hebben gebogen over 
het verzoek van koopman Van der Hagen om weer uit te mogen varen met 
zijn menselijke handelswaar, verklaarden de Staten-Generaal dat hij",UNLABELED,-1,False
,,,,,,,,,,,,"— 369 —
Coenraads Burgh, bewindhebber van de WIC, burgemeester van Amsterdam, 
gedeputeerde van de Raad van State en ambassadeur, Samuel Blommaert, 
bewindhebber van de WIC en Samuel Godijn, bewindhebber van de WIC en de 
Noordsche Compagnie, hadden in de Republiek inspraak in het bestuur van het 
land en de koloniale compagnieën. Het netwerk achter deze mannen vergrootte 
hun macht nog meer. Door zijn contacten binnen de Republiek wist Van 
Rensselaer zijn neef, Wouter van Twiller, tot directeur van Nieuw-Nederland te 
benoemen. Zijn nauwe contact met deze en andere directeuren van Nieuw-
Nederland is ongetwijfeld een van de redenen geweest dat Van Rensselaer zo 
succesvol was als patroon. Ook andere prominente kolonisten waren onderdeel van familienetwerken met 
veel geld en macht in de Republiek. Cornelis van Aerssen van Sommelsdijck was 
de kleinzoon van een diplomaat en griffier van de Staten-Generaal, Samuel 
Godijn was de schoonvader van telgen van het bekende Amsterdamse 
regenten­geslacht Trip, en ook leden van de familie Van Pere en Bicker zaten 
in alle bestuursorganen van de Republiek. Door de politieke macht die deze 
kolonisten hadden in de Republiek wisten zij hun rijkdom en hun macht in de rest 
van de wereld tactisch uit te breiden. Door het verlengen van octrooien en het verlenen van financiële en militaire 
steun gaven de Staten-Generaal, de provincies en de steden aan individuen en 
organisaties niet alleen de mogelijkheid tot het drijven van handel, maar ook tot 
het koloniseren van gebieden. Daarmee kregen ‘handelaren’ het recht tot het 
gebruiken van geweld, het exploiteren van gebieden in de Amerika’s, Afrika en 
Azië en het besturen van de koloniën die zij daar stichtten. Deze mannen waren 
ook actief als bestuurders in koloniale organisaties en de bestuurs­organen van 
de Republiek en/of waren deel van families en netwerken waarin velen dergelijke 
bestuursfuncties bezaten.",UNLABELED,-1,False
,,,,,,,,,,,,"RACISME BIJ HET MINISTERIE VAN BUITENLANDSE ZAKEN 
Een verkennend onderzoek 
 
99 
 
voorgesteld om vroegtijdig managementtrajecten in te zetten voor talenvolle bi-culturele 
medewerkers en mentorprogramma’s op te zetten. Daarnaast wordt aangegeven dat het 
rechtvaardig zou zijn als lokaal aangenomen medewerkers ook meer en vaker 
mogelijkheden krijgen om zitting te nemen in het managementteam en door te groeien 
binnen de organisatie. 11. Werk aan vertrouwen van lokaal aangenomen medewerkers 
Een volgende aanbeveling is om het gevoelde wantrouwen onder lokaal aangenomen 
medewerkers van kleur zo veel mogelijk te keren. Respondenten geven aan dat het 
ministerie proactief ambassades zou moeten benaderen om te polsen wat er speelt in 
plaats van af te wachten totdat er meldingen van racisme binnenkomen. Werk met 
andere woorden outreachend en investeer in de relaties met lokaal aangenomen 
medewerkers. Cruciaal volgens respondenten is het wegnemen van het gevoel dat lokaal 
aangenomen medewerkers minderwaardig zouden zijn en hen waardering en erkenning 
te bieden voor het werk dat zij leveren. Verder is het belangrijk om helder uit te leggen wat 
de redenen zijn om in bepaalde gevallen lokaal aangenomen medewerkers niet uit te 
nodigen voor informele en formele aangelegenheden. Tenslotte wordt aangegeven dat 
het gemak waarmee huishoudelijk personeel ontslagen kan worden, aangepast moet 
worden. 12.",UNLABELED,-1,False
,,,,,,,,,,,,"Vrĳ van slavernĳ
Petronella Moens mengt zich in de slavernĳdiscussie
Ans Veltman-van den Bos
In de jaren veertig en vĳftig van de negentiende eeuw werd de stad 
Utrecht een klein centrum van abolitionistische schrĳvers en denkers. Toch klonken er al veel eerder in Utrecht stemmen die voor afschaffing 
van de slavernĳ pleitten. Voordat er in Nederland sprake was van ook 
maar enig georganiseerd protest tegen de slavernĳ, schreef Petronella 
Moens (Kubaard 1762 – Utrecht 1843) in 1791 al een vlammend protest 
tegen de slavenhandel. Moens, die de laatste decennia van haar leven 
in Utrecht woonde en daar als schrĳfster buitengewoon productief was, 
was een gevierd dichteres, en een van de intellectuelen die destĳds hun 
afkeer van de slavernĳ lieten merken. Ze liet een omvangrĳk oeuvre 
na van meer dan 150 gedrukte werken, bestaande uit toneelstukken, 
dichtbundels, pamfletten, romans, bĳdragen aan almanakken, boekjes 
voor jonge kinderen en een eigen tĳdschrift, De Vriendin van ’t Vaderland 
(1798-1799), dat in zĳn geheel door haar gevuld werd. Het tĳdschrift gaf 
haar de mogelĳkheid haar verlichtingsidealen en haar afschuw van de 
slavernĳ voor een breder lezerspubliek te brengen. Dat deed ze ook 
vele jaren later, op een heel andere manier, in haar utopistische roman 
Aardenburg (1817), waarin zĳ een – we zouden nu zeggen: multiculturele 
– samenleving schetste die vrĳ was van slavernĳ. Daarmee was ze haar 
tĳd ver vooruit, al was ze niet helemaal de enige. Anders dan Engeland 
kende Nederland geen sterke abolitionistische beweging.1 Opvallend is 
wel dat het vaak vrouwen waren die in Nederland aan het einde van 
de achttiende eeuw een kritische stem lieten horen jegens de slavernĳ, 
zoals Betje Wolff, Elisabeth Maria Post, Adriana van Overstraten en 
dus ook Petronella Moens. In Moens’ tĳd was de handel in tot slaaf gemaakten onderdeel van 
de trans-Atlantische handel tussen Europa, West-Afrika en Amerika.",UNLABELED,-1,False
,,,,,,,,,,,,"NINSEE 
61 
 
ǲAdressanten zijn van oordeel dat de bij het wets-ontwerp tot afschaffing der slavernij in 
Suriname voorgestelde tegemoetkomen aan de eigenaars van slaven te gering is. Zij 
gronden deze meening daarop, dat de slaaf werkelijk het eigendom van zijn meester is en 
dus de opheffing der slavernij eene onteigening is, terwijl ook de afschaffing van den 
slavenhandel op dit beginsel geene inbreuk heeft kunnen makenǳ.113  
 
De adressanten wijdden verder uit dat: 
 
ǲVroeger, en zelfs nog niet zeer lang geleden, werd het houden en aankoopen van slaven 
in de kolonie van overheidswege niet alleen aangemoedigd en beschermd, maar zelfs 
verpligtend gemaakt. Bovendien werd het mamumitteren moeijelijk gemaakt en was het 
den slaven zelfs verboden zich vrij te koopen. De slavernij werd toen dus niet alleen als 
wettig beschouwd, maar ook beschermd; de slaaf is dus het bij de wet erkend eigendom 
van zijn meesterǳ,114  
 
De parlementariërs werden door de adressanten herinnerd aan hun belangen door het 
volgende te stellen:  
 
ǲAdressanten meenen dat het in het belang ook der kolonie zou zijn om hun verzoek toe 
te staan, daar zij anders moeijelijk in staat zullen zijn om hunne industrie daar voort te 
zetten , door het gemis aan arbeiders en de zware kosten voor hen aan het huren van 
immigranten verbondenǳ.115 
 
Dit was duidelijk een sterk argument voor hun eis en geeft de kern aan van het 
slavernijsysteem. Een systeem dat was vervlochten met zowel de maatschappij als de 
staat. Om hun eisen te onderbouwen, stelde één van de vertegenwoordigers van de 
slavenhouders, J.B. de Mesquita uit Paramribo, een bedrag voor van f. 400,-.116  
 
De heer Dunbar vervolgde met:  
  
ǲZij achten de betaling eener bijdrage voor de aanhuring van een vrijgemaakte of 
immigrant onbillijk [  ] Zij wenschen eindelijk, dat de immigratie van Nederlanders in de 
kolonie van rijkswege zal worden aangemoedigdǳ.117 
 
Vanaf dit moment verschoof de discussie -nog voordat het parlementaire debat gestart 
was- van de kwestie omtrent de vrijheid voor de slaaf-gemaakten, naar de compensatie 
voor de slavenhouders. 113 De Nederlandsche Staats-Courant 1861-1862 (bijblad). Tweede Kamer, 76ste zitting – 2 julij 1862, vel.",UNLABELED,-1,False
,,,,,,,,,,,,"Rembrandt van Rijn portretteerde in 
totaal minstens 20 zwarte mannen en 
vrouwen. Dit kunnen heel goed buren 
van hem zijn geweest, want in de 
buurt van de Jodenbreestraat, waar 
Rembrandt woonde, woonden in die 
tijd ook tientallen mensen van 
Afrikaanse en Aziatische afkomst. REMBRANDT VAN RIJN, 1661 | 
MAURITSHUIS
53",UNLABELED,-1,False
,,,,,,,,,,,,"Een aantal voorbeelden hiervan is de ontwikkeling van een 
nationale museale voorziening slavernijverleden, de voortaan structurele financiering van de jaarlijkse 
herdenking bij het Nationaal Monument Slavernijverleden en de Nederlandse invulling van het 
decennium voor mensen van Afrikaanse afkomst (januari 2015–december 2024), dat zich richt op de 
versterking van de aanpak van racisme in Nederland. In diezelfde Kamerbrief over het slavernijverleden schreef de minister van BZK ook dat het kabinet het 
van groot belang acht dat er een dialoog over het slavernijverleden, en over de doorwerking daarvan 
in de hedendaagse samenleving plaatsvindt. Een dialoog die gericht is op verbinding en op een 
bredere erkenning en inbedding van dit gedeelde verleden. Een onafhankelijke dialooggroep (‘Adviescollege dialooggroep slavernijverleden’) zal via verschillende 
gesprekstafels de dialoog voeren. De dialoog richt zich niet alleen op Nederlanders van Afrikaanse 
afkomst, maar op de Nederlandse samenleving in zijn geheel en in het bijzonder ook op de Caribische 
delen van het Koninkrijk. Voor 1 mei 2021 zal de dialooggroep een rapportage aan de minister van BZK 
aanbieden met de bevindingen van de dialoog. Deze regeling strekt tot het instellen van de dialoog-
groep. 3. Adviescollege 
Het Adviescollege dialooggroep slavernijverleden heeft tot taak het organiseren van een dialoog over 
het slavernijverleden en het opstellen van een rapport met bevindingen van de dialoog. Daartoe zal 
het adviescollege:
1.",UNLABELED,-1,False
,,,,,,,,,,,,"— 59 —
— ACTUELE VRAAGSTUKKEN —
Tegenwoordig wordt door sommigen het woord ‘slaaf’ vermeden 
en vervangen door ‘tot-slaaf-gemaakte’. Daarmee wil men uit­
drukken dat slaven onvrijwillig door anderen tot hun rol werden 
veroordeeld en dat ze het dus eigenlijk niet waren. De schrijvers 
van dit boek kiezen ervoor om het woord ‘slaaf’ te gebruiken. Als 
je een woord uit de geschiedenis niet gebruikt omdat je het er 
niet mee eens bent, probeer je het verleden eigenlijk achteraf te 
veranderen. Het kwam vroeger vaker voor dat mensen iets waren 
tegen hun zin, bijvoorbeeld middeleeuwse horigen, dienst­
knechten van bezitters van rijke landhuizen, of dienstplichtige 
soldaten in oorlogen. Het is nogal omslachtig om die allemaal 
‘tot-horigen-gemaakten’, ‘tot-dienstknecht-gemaakten’ en 
‘tot-soldaat-gemaakten’ te gaan noemen. De schrijvers van dit 
boek vinden het vanzelfsprekend dat slavernij in onze ogen iets 
verkeerds is en dat ­slaven er niet zelf voor gekozen hebben het te 
zijn. Opdracht: ‘Aan welke aanduiding zou je zelf de voorkeur 
geven en ­waarom?11
Er wordt steeds meer en steeds beter aandacht gegeven aan het Nederlandse 
slavernij­verleden in de Nederlandse schoolboeken. Op deze pagina’s is te zien hoe 
hiervoor in Sprekend verleden (1987) door een combinatie van tekst en afbeeldingen  
ruimte is gecreëerd.",UNLABELED,-1,False
,,,,,,,,,,,,"A. (Jules) graaf van Zuylen van Nijevelt (1819 – 1894) 
Jules graaf van Zuylen van Nijevelt werd geboren in Luxemburg en kwam uit een 
Rotterdamse regentenfamilie. Na een loopbaan in de diplomatiek in Brussel en 
Constantinopel werd hij in april 1860 benoemd tot minister van Buitenlandse Zaken. Een jaar later, in mei 1861werd hij verkozen tot Tweede Kamerlid namens het 
kiesdistrict Zwolle en sloot zich als volger van Groen van Prinsterer aan bij de 
 
272 https://www.dbnl.org/tekst/_bij005197801_01/_bij005197801_01_0003.php",UNLABELED,-1,False
,,,,,,,,,,,,"— 309 —
— NEDERLANDSE KOLONIALE SLAVERNIJ WERELDWIJD —
al in 1608 in het Arakanese koninkrijk Mrauk U (tegenwoordig Myanmar) 
aangeland en in 1635 hadden ze een permanente factorij (een nederzetting 
die diende als steunpunt voor overzeese handel) in Arakan gebouwd. Vanaf het begin van de jaren twintig van de zeventiende eeuw kocht de 
voc in dat gebied grote aantallen slaafgemaakten, die ze afvoerden naar 
met name Batavia en Banda. Arakan kon aan deze vraag naar slaafgemaak­
ten voldoen door te putten uit drie bronnen: de havens van Chittagong en 
Dianga, het eiland Sandwip, en via de zamindaris (adellijke grootgrondbe­
zitters) de kuststreken van Bhalua en Hijli. Het aantal slaafgemaakten dat 
de voc uit Arakan kon aanvoeren, varieerde sterk. Soms konden de Neder­
landers er meer dan duizend slaafgemaakten per jaar kopen, soms maar 
net honderd. De Arakanese heersers waren afhankelijk van onafhankelijke 
Portugese kooplieden en piraten met wie zij van oudsher al zaken deden 
om slaafgemaakten naar de markt te brengen. Tussen 1647 en 1653, toen de 
verhouding met Arakan verzuurd was en de Nederlanders hun factorij in 
de steek hadden gelaten, verkochten de Portugese slavenhandelaren hun 
‘waren’ rechtstreeks aan de Nederlanders in de Bengaalse voc-nederzet­
ting. Juist toen de Nederlanders in 1647 hun goede relatie met Mrauk U 
verstierden, vonden ze een andere, zeer belangrijke bron van slaafgemaak­
ten langs de Golf van Bengalen, aan de zuidoostkust van het Indisch 
Schiereiland, de Coromandelkust.1
Gedurende de hele zeventiende eeuw kocht de voc slaafgemaakten 
in verschillende havens langs de Coromandelkust. De compagnie had in 
eerste instantie vooral belangstelling voor goederen die ze kon inzetten 
in de specerijenhandel in de Indonesische archipel, met name katoenen 
stoffen. Maar na de stichting van Batavia in 1619 werd ook de slavenhandel 
in dit gebied van groot belang voor de voc.",UNLABELED,-1,False
,,,,,,,,,,,,"— 333 —
Arthur Weststeijn
23. Slavernij van  
	
overheidswege:  
	
de Staten-Generaal  
	
tussen 1581 en 1796
Het geldt als een sleuteltekst in de Nederlandse geschiedenis: de verkla­
ring waarmee de Staten-Generaal van de Verenigde Nederlanden op 26 juli 
1581 publiekelijk bekend maakten dat ze de Spaanse koning Filips ii niet 
langer erkenden als soevereine vorst. Het document, dat is bekend komen 
te staan als het Plakkaat van Verlatinghe, wordt wel gezien als het begin­
punt van Nederland als onafhankelijke staat. In een vrij land is geen 
­ruimte voor politieke slavernij, zo benadrukt de tekst. Onderdanen zijn 
er namelijk niet ter wille van de vorst, ‘om hem als slaven te dienen’, maar 
de vorst is er ter wille van de onderdanen. Verzaakt hij zijn plicht om hun 
rechten te beschermen en probeert hij hen daarentegen ‘als slaven te beve­
len en te gebruiken’, dan moet hij ‘niet als een vorst, maar als een tiran 
worden beschouwd’.1 Met die woorden eisten de Staten-Generaal, het ver­
tegenwoordigende orgaan van de verschillende Nederlandse gewesten die 
in opstand waren gekomen tegen Spanje, niet alleen het recht op om het 
gezag van Filips ii te verwerpen, ze schoven ook zichzelf naar voren als 
de belichaming van een vrije republiek waarin geen enkel individu als een 
tiran zou kunnen heersen over anderen en hen, al was het maar in meta­
forische zin, als slaafgemaakten zou kunnen behandelen. Vijftien jaar later, op 28 november 1596, deden de Staten-Generaal een 
andere verklaring uitgaan die veel minder aandacht heeft gekregen. Het 
betrof de reactie op een verzoek van de Rotterdamse koopman Pieter van 
der Hagen. Twee weken tevoren was een schip van Van der Hagen de 
haven van Middelburg binnengevaren. Aan boord: 130 slaafgemaakte 
­Afrikanen.",UNLABELED,-1,False
,,,,,,,,,,,,"— 233 —
— NEDERLANDSE KOLONIALE SLAVERNIJ WERELDWIJD —
zwarten en gekleurden. Deze houding tegenover vrouwen vond navolging 
in de man-vrouwrelaties binnen de zwarte gemeenschap. De positie van de 
vrouw was dus enerzijds onderhevig aan de grillen van mannen, terwijl zij 
anderzijds binnen de plantagesamenleving een centrale figuur was. Niet 
alleen was haar rol als moeder belangrijk, zij was vaak betrokken bij de 
kleine handel door de verkoop van producten in de stad. Om aan de armoede en uitzichtloosheid te ontsnappen die zich ook na 
de Emancipatie had aangediend, gingen veel voormalige slaafgemaakten, 
met name op de Bovenwindse eilanden, aan de slag als seizoenswerker, 
onder meer bij de verbouwing van suikerriet op omliggende eilanden en 
in de Verenigde Staten. Ook voor dat werk werden ze vaak slecht betaald, 
en ze werden gemarginaliseerd en gediscrimineerd. De arbeiders voelden 
dat zij weinig te zeggen hadden door de bestaande verhoudingen en mis­
ten vaak de motivatie om zich voor de volle honderd procent in te zetten. Olie-industrie en autonomie 
Vanaf 1918 bracht de vestiging van een grote raffinaderij van de multi­
national Shell veel verandering op Curaçao. Hoewel de arbeiders, vooral 
voortgekomen uit de vroegere slaafgemaakten, in de olie-industrie ook te 
maken kregen met nieuwe vormen van discriminatie en vooringenomen­
heid, konden zij zich vanaf dat moment makkelijker losmaken van de 
knellende banden op de plantages. Op Aruba bouwde men in 1924 een 
­raffinaderij van de Amerikaanse Esso (later Exxon).",UNLABELED,-1,False
,,,,,,,,,,,,"WAAROM VRIJHEID NIET KON WACHTEN 
NIMAKO, DELEA & ESAJAS                                                                                                                            18 
  
Net als andere Europese machthebbers en de Franse Lodewijk Napoleon, in zijn korte 
tijd als koning van Nederland, voerde ook Willem Frederik in 1814 de troonrede in. Uit 
die invoering kunnen we opmaken dat de Bataafse republiek zich niet wist te handhaven 
zonder een vorm van bescherming door een koning of keizer als Napoleon. Het feit dat 
Nederland een koning had, leidde er bijvoorbeeld toe dat de relaties met Groot-
Brittannië en Duitsland veranderden. Zo werd men het in 1814 in Londen eens: ǲ[…] 
over teruggave van alle [koloniale] bezittingen, zoals bekend, minus Kaap de Goede Hoop 
en Ceylon, aan de Hollanders. Voor de niet teruggegeven gebieden werd Willem financieel 
gecompenseerd, wat hem de mogelijk gaf de defensie in het zuiden te versterken.ǳ ȋVan 
den Berg en Vis, 2013: 195) 
 
Voordat Willem Frederik van vorst tot koning werd uitgeroepen, moest hij nog: ǲ[…] drie 
dingen tot stand zien te brengen: [1] er moest een groot aantal besluiten worden genomen 
over ofwel verwijdering of handhaving van eerdere Franse voorschriften; [2] voorts moest 
een nieuwe Grondwet tot stand worden gebracht. [3] Vooral, er moest worden gewerkt aan 
de uitbreiding van het Hollandse koninkrijkje van Lodewijk Napoleon, zeker omdat het 
Willem I al snel duidelijk werd dat de Oostenrijkse keizer inderdaad meer in Italiaans 
gebied was geïnteresseerd dan in blijvend bezit van de Zuid-Nederlandse gebieden.ǳ ȋVan 
den Berg en Vis, 2013: 193) 
 
Er lag al een ontwerp voor een grondwet, een ǮSchetsǯ van Van Hogendorp, lid van 
de Eerste Nationale Vergadering van 1797, waaraan hij jaren had gewerkt. Na enige 
amendementen werd dit de Grondwet van 1815. Daarin staat onder meer de door Van 
Hogendorp geformuleerde zin ǮDe Staten-Generaal vertegenwoordigen het gehele 
Nederlandse volkǯ, een zin die nog steeds in de Grondwet is opgenomen en die blijk geeft 
van een nieuwe stap in de richting van eenheid en constitutionele ontwikkeling. Net als aan de latere Grondwetshervormingen lag aan deze Grondwet de 
grondwettelijke regeling van 1798 ten grondslag: 
ǲ[  ] de meest uitgebreide grondwet is zonder twijfel die van ͳ͹ͻͺ met haar ʹ͹ algemene 
beginselen en 308 artikelen die de eigenlijke staatsregeling bevatten. Daarna worden 
het er steeds minder: 106 artikelen in 1801, 87 in 1805 en 79 (plus 13 kleinere 
institutionele arrangementen) in 1806.",UNLABELED,-1,False
,,,,,,,,,,,,"(2001). Calei-
doscopische Visies. Zwarte, 
Migranten- en Vluchte-
lingen Vrouwenbeweging 
in Nederland. Koninklijk 
Instituut voor de Tropen. 28. Blijleven, W., Schaper, J., 
Mangus, A., De Koning, F., & 
Van Geldere, S. (2024). Niets 
moet: Mensbeelden en be-
leidsvoorkeuren van burgers 
en beleidsmakers bij sport- 
en beweegbeleid. Sociaal en 
Cultureel Planbureau.",UNLABELED,-1,False
,,,,,,,,,,,,"5
1 . Woord vooraf
‘Not everything that is faced can be changed, 
but nothing can be changed until it is faced.’
James Baldwin
Op 1 juli 2020 werd het Adviescollege Dialooggroep Slavernijverleden ingesteld. Het 
adviescollege kreeg als taak om binnen het Koninkrijk der Nederlanden een dialoog te 
organiseren over het slavernijverleden en de doorwerking daarvan in de hedendaagse 
samenleving. Een dialoog gericht op verbinding en op een bredere erkenning en inbedding 
van dit gedeelde verleden. Een opdracht als deze is in de huidige tijdgeest niet eenvoudig; een dialoog organiseren die 
verbindend moet zijn over een gedeeld verleden waarvan de belevingen zo uit elkaar lopen. Een verleden dat nog steeds diepe sporen nalaat in de hedendaagse samenleving. Voor een 
deel van de bevolking gaat dit verleden over hoogtepunten in de Nederlandse geschiedenis, 
over voorspoed en welvaart. Maar voor een ander deel van de bevolking gaat het over 
voorspoed en welvaart die verdiend werden over de rug van hun voorouders. Zij ondervinden 
daar in hun dagelijks leven nog steeds de gevolgen van. Het slavernijverleden gaat niet alleen over slachtofferschap, maar ook over moed, veerkracht 
en verzet.",UNLABELED,-1,False
,,,,,,,,,,,,"Korte tijd 
daarna werd de Tweede Kamer door het kabinet ontbonden. De Tweede 
Kamerverkiezingen van mei 1853 leverden winst op voor de conservatieven en de 
antirevolutionairen, waarna er een overwegend conservatief c.q. conservatief-liberale 
ministerploeg aantrad. Dit kabinet zou drie jaar later, in 1856, aftreden nadat de 
antirevolutionairen onder leiding van Groen van Prinsterer, kritiek hadden geuit op een 
wetsontwerp van minister Van Reenen met betrekking tot het lager onderwijs. De 
koning koos in die kritiek de kant van de oppositie. Los daarvan werd op 29 november 1853 bij Koninklijk besluit de 
Staatscommissie Ǯtot het voorstellen van maatregelen ten aanzien van de slaven in de 
Nederlandsche Koloniënǯ, ook wel de Staatscommissie voor Slavenemancipatie",UNLABELED,-1,False
,,,,,,,,,,,,"RACISME BIJ HET MINISTERIE VAN BUITENLANDSE ZAKEN 
Een verkennend onderzoek 
 
94 
 
5.2 Aanbevelingen 
De aanbevelingen zijn voor een belangrijk deel gebaseerd op de aangedragen 
oplossingsrichtingen van de respondenten zelf. Benadrukt dient te worden dat 
onderstaande aanbevelingen geen compleet antwoord bieden op de vraag hoe de 
organisatie effectief racisme kan bestrijden. Aangezien dit onderzoek een verkennende 
studie is, bieden de aanbevelingen een eerste overzicht van mogelijk passende 
maatregelen. De aanbevelingen vormen een voorlopig antwoord op de vraag wat het 
ministerie zou kunnen doen om verschillende vormen van racisme succesvol te voorkomen 
en te bestrijden. Het doen van wetenschappelijke onderbouwde aanbevelingen met 
aandacht voor effectieve interventies vraagt om de nodige zorgvuldigheid en is een 
studie op zich. Dit neemt niet weg dat we een deel van de aanbevelingen van de 
respondenten wel aanvullen op basis van de belangrijkste uitkomsten van het onderzoek 
en een beperkt aantal relevante inzichten uit de wetenschappelijke literatuur. 1. Neem de signalen uit het huidige onderzoek serieus  
Respondenten benadrukken dat het belangrijk is om de signalen uit dit onderzoek serieus 
te nemen. Zij zijn al meerdere keren teleurgesteld geraakt in de organisatie, omdat er niets 
is gedaan nadat zij zich kwetsbaar hadden opgesteld door hun ervaringen te delen met 
leidinggevenden, vertrouwenspersonen en andere medewerkers. Dat werkt cynisme in de 
hand en weinig geloof in de bereidheid van het ministerie om organisatieveranderingen 
door te voeren.",UNLABELED,-1,False
,,,,,,,,,,,,25 maart 2021 – versie 1. 47p. bijlage 7,UNLABELED,-1,False
,,,,,,,,,,,,"Het adviescollege 
heeft de belangenorganisaties naar hun mening gevraagd over de opdracht van de minister. Ook is aan hen de vraag voorgelegd op welke wijze de aanbevelingen tot een blijvend resul­
taat zouden kunnen leiden. In de gesprekken brachten de belangenorganisaties verschillende aandachtspunten naar 
voren. De vertegenwoordigers van de organisaties vroegen met name aandacht voor een 
doelgerichte bestrijding van discriminatie en vooral ook van institutioneel racisme; voor ver­
groting van representativiteit zowel in het bestuur als in alle maatschappelijke sectoren; voor 
de bevordering van kennis binnen het onderwijs over onderwerpen als slavernijverleden en 
discriminatie; en voor het belang van excuses, erkenning en herstel van de schade door het 
slavernijverleden. De belangenorganisaties benadrukken het belang van de dialoog voor de 
bewustwording van het slavernijverleden en de doorwerking ervan. 4	 Het adviescollege sprak met de volgende belangenorganisaties: Landelijk Platform Slavernijverleden, Nationaal 
instituut Nederlands slavernijverleden en erfenis (NiNsee), OCAN, Kenniscentrum Immaterieel Erfgoed Nederland, 
The Black Archives, Kick Out Zwarte Piet, Initiatief Museale Voorziening (gemeente Amsterdam), Profor, Comité 21 
Maart. Tevens sprak het adviescollege met Mercedes Zandwijken, initiatiefneemster van Keti Koti Dialoog Tafel.",UNLABELED,-1,False
,,,,,,,,,,,,"— 157 —
het geboortejaar en de naam van de moeder van een slaafgemaakte vermeld. In Nederlands-Indië en door de Britten in Zuid-Afrika werd daarnaast ook de 
geboorteplaats of land van afkomst vermeld, informatie die in Suriname en de 
Antillen ontbreekt. In Suriname werd ook de plantage vermeld, omdat er een 
strikt juridisch onderscheid bestond tussen ‘plantageslaven’ en ‘particuliere 
slaven’. In de Britse koloniën in Zuid-Afrika en Guyana werd bovendien informatie 
gegeven over beroep en huidskleur of etniciteit. Die informatie ontbrak in 
Nederlandse slavenregisters, waarschijnlijk omdat huidskleur formeel geen rol 
speelde in de juridische status van een slaafgemaakte. De slavenregisters zijn dankzij deze informatie een rijke bron voor onder meer 
sociaalhistorisch, demografisch en genealogisch onderzoek. Slaafgemaakten 
werden niet als lid van een familie geregistreerd, en vaders werden nooit 
genoemd. Familieonderzoek kan dus alleen in de vrouwelijke lijn gedaan worden, 
tenzij een koppeling kan worden gemaakt met andere archieven, zoals de 
Burgerlijke Stand en doopregisters. Het late ontstaan van de slavenregisters, 
ruim na de afschaffing van de trans-Atlantische slavenhandel, maakt het vrijwel 
onmogelijk om mensen te verbinden aan het specifieke slavenschip waarmee ze 
uit Afrika kwamen. Een laatste beperkende factor in het onderzoek is het 
ontbreken van sommige registers.",UNLABELED,-1,False
,,,,,,,,,,,,"Maar het was te merken dat 
De Salontay ook werd beïnvloed door de 
Verlichting. In hetzelfde epistel spreekt hij 
van ‘de natuurlyke Zugt tot vryheid, die 
in alle redelyke Schepselen, gevolgelyk 
ook in de Slaaven is’. Toneelstukken
Amsterdamse theatergezelschappen 
voerden vanaf de tweede helft van de 
18e eeuw regelmatig stukken op waarin 
kritiek op de slavernij naar voren kwam. Ze waren daarin niet vrij van stereotypen 
en misinformatie. Het idee dat slavernij 
in Azië vooral ‘huishoudelijk’ van aard 
was, waarbij slaafgemaakten als bedienden 
in rijke gezinnen werkten, is al in 1801 
terug te vinden in het toneelstuk 
Kraspoekol van Dirk van Hogendorp. Toneelstukken over de slavernij in 
Noord- en Zuid-Amerika boden het 
publiek naast kritiek op slavernij ook 
denigrerende en racistische weergaven 
van de slaaf­gemaakte Afrikanen, gespeeld 
door witte acteurs in blackface, die 
bijvoorbeeld de lachers op hun hand 
moesten krijgen. 80",UNLABELED,-1,False
,,,,,,,,,,,,"RACISME BIJ HET MINISTERIE VAN BUITENLANDSE ZAKEN 
Een verkennend onderzoek 
 
85 
 
Kritiek op personeelszaken 
Ook naar personeelszaken is er onder meerdere respondenten wantrouwen. Een 
respondent heeft ervaren dat vertrouwelijke informatie over ervaringen van racisme gelekt 
is. Een oud-medewerker noemt dat ze wel een goed gesprek had met een medewerker 
van personeelszaken, maar het vervolg stelde haar teleur: 
 
“Ik heb het met personeelszaken besproken. Die heb ik in vertrouwen 
genomen over de kwestie. Maar het is bij een gesprek gebleven. Ik 
had op zich een goed gesprek, maar het was jammer….ik had graag 
gezien dat ik een follow up had gehad. Dat ze mij hadden verteld: we 
trekken er lering uit of dat ze zouden vertellen wat ze ermee gedaan 
hebben. Daardoor voel ik mij beschadigd. Het is niet goed afgesloten 
voor mijn gevoel. Misschien is er achter de schermen wat mee 
gedaan.",UNLABELED,-1,False
,,,,,,,,,,,,"Bianca weigert vervolgens zelfbewust elke vorm van hulp 
van Victor. Zĳ beschouwt haar daad als gerechtvaardigd en weigert als 
slachtoffer of als een onnozel kind gezien te worden. Daarmee tekent 
ze haar eigen doodvonnis. Uit deze passages wordt een aantal dingen duidelĳk. Ten eerste 
laat Belle van Zuylen de persoonlĳke gevolgen zien van koloniale en 
patriarchale systemen en machtsverhoudingen die over lands- en 
zelfs continentale grenzen heen doorwerkten.14 Door het personage 
Constance in Frankrĳk te situeren werden Europa en zĳn overzeese 
gebieden (in dit geval Martinique) samengebracht in één gedeelde 
ervaring. Die ervaring werd op zeer individuele wĳze in de roman 
weergegeven door, en dat was bĳzonder voor die tĳd, een gesprek tussen 
vrouwen in uiteenlopende sociale posities, die allen in hun eigen strĳd 
om erkenning gevangen zaten en slachtoffer werden van patriarchale en 
koloniaal-raciale machtsverhoudingen. Bĳvoorbeeld de zwarte vrouw 
Bianca, wier naam en die van haar kind hun ‘grappend’ opgedrongen 
werden door de kolonisatoren.15 Hoewel Bianca zich als autonome vrouw 
tegen een dergelĳke behandeling verzette en het lot in eigen handen 
hield, betekende haar ongelĳke verhouding met een witte mannelĳke 
kolonisator uiteindelĳk haar ondergang. Belle van Zuylen bracht hiermee 
niet alleen het lot van voor erkenning en vrĳheid strĳdende vrouwen",UNLABELED,-1,False
,,,,,,,,,,,,"20 
interpretations of the concrete clauses, leading to the poor transposition of the instrument into 
the legislation of the EU Member States.103  
The formulation of the Framework Decision covers not only incitement to violence but also the 
very expression of hatred.104 Other grounds for criminalisation are the expression of historical 
revisionism, since the punishable conduct includes:  
 
(1) Publicly condoning, denying or grossly trivialising crimes of genocide, crimes 
against humanity and war crimes as defined in Articles 6, 7 and 8 of the Statute of the 
International Criminal Court, directed against a group of persons or a member of such 
a group defined by reference to race, colour, religion, descent or national or ethnic origin 
when the conduct is carried out in a manner likely to incite to violence or hatred against 
such a group or a member of such a group;  
(2) Publicly condoning, denying or grossly trivialising the crimes defined in Article 6 
of the Charter of the International Military Tribunal appended to the London Agreement 
of 8 August 1945, directed against a group of persons or a member of such a group 
defined by reference to race, colour, religion, descent or national or ethnic origin when 
the conduct is carried out in a manner likely to incite to violence or hatred against such 
a group or a member of such a group. In the absence of specification by the Court of Justice of the European Union of what constitutes 
‘the conduct carried out in a manner likely to incite to violence or hatred against such a group’, 
it remains difficult to assess the potential of the severe and unequivocal criminalisation of 
historical revisionism in the EU. What is striking on the surface is the extremely broad scope 
of the criminalised offence. Although the Directive clearly maintains that it does not require 
States to take measures that contravene the fundamental right to freedom of expression,105 the 
yardstick of the compatibility with freedom of expression is unclear. The only reasonable 
assessment solution in the situation of a potential clash seems to be the analysis of the case law 
of the ECtHR on Article 10 of the ECHR (freedom of expression). 4. Relevant country studies  
  
4.1 Memory laws in France 
 
The current popular terminology of memory laws amongst scholars originates from the French 
lois mémorielles (literally ‘memorial laws’) and was devised by French historians who were 
protesting the increasing number of measures that forced them to consider the past through a 
specific lens. Memory laws were, thus, first publicly discussed in a December Le Monde 
magazine in 2005.106  
 
At the time of their inception, four provisions were labelled as lois mémorielles. Firstly, the 
1990 ‘loi Gayssot’ introduced a prohibition on the contestation of crimes against humanity.107 
It should be mentioned that laws similar to this one – targeting essentially Holocaust denial in 
the epoch –  mushroomed in the 1980s and 1990s in Europe, spreading beyond Germany and 
 
103 For similar conclusions on the over-broadness of the Decision, see John C Knechtle, ‘Holocaust Denial and the 
Concept of Dignity in the European Union’ Florida State University Law Review, 2008, 36.41–65. 104 Article 1(a) Framework Decision (2008): ‘[Each Member State shall take the measures necessary to ensure that 
the following conduct is punishable:] publicly inciting to violence or hatred directed against a group of persons or 
a member of such a group defined by reference to race, colour, religion, descent or national or ethnic origin.’  
105 Article 7 Framework Decision (2008).",UNLABELED,-1,False
,,,,,,,,,,,,"NINSEE 
33 
 
zo zou blijven. Dat maakte de uitkomst van parlementaire stemmingen, net als altijd, 
onvoorspelbaar. Het sociale karakter van de Kamers bleef vergelijkbaar met dat van een 
sociëteit van notabelen. (Van den Berg en Vis, 2013: 351) 
 
Kabinet Thorbecke I (1849-1853)  
Het eerste kabinet-Thorbecke trad aan op 1 november 1849. De koning had een afkeer 
van de liberaal Thorbecke en probeerde hem daarom buiten het kabinet te houden, 
maar Donker Curtius was daartegen. Toen de koning Donker Curtius machtigde een 
kabinet samen te stellen, vroeg deze het gematigd liberale Kamerlid Nedermeijer van 
Rosenthal en Thorbecke om die opdracht uit te voeren. De formatieopdracht kwam op 
die manier niet direct van de koning. Thorbecke en Nedermeijer slaagden erin om een 
vrijwel geheel nieuwe, overwegend liberale ministersploeg te formeren. Na enige 
tegenwerking van de koning met betrekking tot de keuze voor de minister van Oorlog en 
Marine en na een mislukte poging om een andere formateur (Van Goltstein) aan te 
stellen, kreeg Thorbecke uiteindelijk een tweede kans om een kabinet te formeren, en 
met succes. Hoewel dit kabinet, gedomineerd door Thorbecke, veel tegenslagen te verwerken 
kreeg, was het redelijk succesvol in het uitwerken van verschillende bepalingen uit de 
herziene Grondwet van 1848, de zogenaamde organieke wetten.",UNLABELED,-1,False
,,,,,,,,,,,,"Dat het ook voorkomt 
binnen directies die zich richten op ontwikkelingssamenwerking in Afrikaanse landen 
noemt een respondent ironisch. Juist in een dergelijke werkomgeving is het volgens deze 
respondent van groot belang dat medewerkers sensitief zijn in hun taalgebruik. Het n-woord is vanwege de slavernij en de koloniale onderdrukking een historisch beladen 
scheldwoord dat door veel mensen in Nederland en in het buitenland als zeer 
aanstootgevend wordt beschouwd. Toch lijkt dit bewustzijn niet bij alle medewerkers 
aanwezig. Een respondent vertelt bijvoorbeeld dat een collega het woord bewust 
gebruikt en van mening is dat hij dit kan en mag gebruiken. Een lokaal aangenomen 
medewerker geeft aan dat het voor Nederlanders “heel gewoon” is om de term te 
gebruiken: 
 
“Er wordt gesproken over negers. Soms hoor ik opmerkingen die in 
Nederland heel gewoon zijn, maar in ons land kun je dat niet maken. Bijvoorbeeld: ‘er zit een hele grote neger daar’. Natuurlijk gaat 
diegene zich dan aangevallen voelen. Als we bij de lunchtafel zitten, 
dan hoor je dat soort dingen.",UNLABELED,-1,False
,,,,,,,,,,,,"NOTEN 
293
23. Zĳn weduwe Anna Gilliana van Taack plaatste een overlĳdensadver-
tentie, waarin ze overigens verzocht om van rouwcorrespondentie 
verschoond te blĳven: Rotterdamse Courant, 28 juli 1801, 2. 24. Van Stipriaan, Surinaams contrast, 71. 25. nl-hana, Archief van de Algemene Rekenkamer 1814-1919: Comptabel 
Beheer, toegangsnummer 2.02.09.08, inv.nr. 226, Stukken tot opheffing 
der slavernĳ in West-Indië, Plantage-slaven Suriname: plantages M-O. De vĳf vrĳgemaakte slaven kregen allemaal de achternaam ‘Zorg’, een 
bewerking van de naam van de plantage waar ze vandaan kwamen. Het 
was bĳ zulke vrĳmakingen, of manumissies, gebruikelĳk de naam van 
de plantage, of een bewerking daarvan, te krĳgen. 26.",UNLABELED,-1,False
,,,,,,,,,,,,"5
ODE
De Zwarte gemeenschap kent een lange traditie van Zwart verzet, onafhankelijk van de reden of om-
standigheden waaronder we hier zijn. Zij het als (kennis)migrant, als vluchteling, als (nakomeling van) 
een tot slaaf gemaakte, als oud-bewoner of als nieuwkomer; alle generaties hebben gestreden voor 
Zwarte emancipatie in Nederland en binnen het Koninkrijk. We staan op de schouders van strijders als 
Virginia Dementricia, Boni, Tula, Karpata en Sablika, Thico, Janey Tetary, Anton de Kom, Hermina en 
Otto Huiswoud, Perez Jongloy en vele anderen die een onmisbare bijdrage hebben geleverd aan de 
verbetering van de positie van de Zwarte gemeenschap. Het Zwart verzet van onze voorouders leeft in ons voort. Dit document is daarom een ode aan Zwart 
verzet: Zwarte mensen die opkwamen tegen onderdrukking en ontmenselijking van Zwarte mensen in 
en door Nederland. Hun gedenkwaardige acties in onmenselijke omstandigheden, zijn tot op heden 
onbekend bij het grote publiek en dreigen gewist te worden uit het collectieve geheugen. Ons verzet is 
de erkenning van hun strijd. WIJ ZIJN 
SOLIDAIR
De strijd tegen anti-zwart racisme en voor Zwarte emancipatie blijft onvoltooid, zolang andere ge-
meenschappen gebukt gaan onder geschiedvervalsing, discriminatie, uitsluiting, de gevolgen van 
kolonialisme en slavernij en andere vormen van onrechtvaardigheid. Bij het beëindigen van het onge-
kend onrecht van anti-zwart racisme dat Zwarte mensen ondervinden als nalatenschap van ons kolo-
niale en slavernijverleden, maakt Nederland en de wereld een stuk mooier, maar ons werk zal onaf zijn 
zolang andere gemeenschappen soortgelijk onrecht of andere vorm van onrecht wordt aangedaan. Wij zullen te allen tijden achter en naast alle individuen of groepen staan die net als ons voor hun 
vrijheid vechten, met onrecht te maken hebben e/o ermee te maken krijgen in de samenleving.",UNLABELED,-1,False
,,,,,,,,,,,,"Dr. Evert du Marchie van Voorthuysen werd geboren in Amsterdam. Evert van 
Voorthuysen studeerde van 1843 tot 1845 in Amsterdam en van 1844 tot 1848 in 
Utrecht. Hij promoveerde in de rechtswetenschap op de eerste dissertatie die in 
Nederland in het Nederlands was geschreven: ǮOver de directe belastingen, inzonderheid 
die op de inkomstenǯ. Twee jaar later promoveerde Van Voorthuysen aan de faculteit der 
letteren. Na het afronden van zijn opleidingen werkte hij eerst als kantonrechter in Maarssen, In 
januari 1856 werd hij verkozen tot lid van de Provinciale Staten namens het kiesdistrict 
Breukelen. Een jaar later trad hij toe tot de Eerste Kamer. Hier kreeg hij vanwege zijn 
relatief jong leeftijd de bijnaam Ǯde Utrechtsche jongenǯ. Lang bleef hij echter niet in de 
Eerste Kamer omdat hij in april 1858 tot Tweede Kamerlid werd verkozen namens 
kiesdistrict Utrecht. Wegens gezondheidsredenen kon hij echter minder goed presteren 
dan verwacht.",UNLABELED,-1,False
,,,,,,,,,,,,"(Van den Berg en Vis, 2013: 353) 
 
Hoe dan ook, in 1848 traden de conservatieve ministers van koning Willem II af 
uit onvrede over de stappen die de koning buiten hen om had genomen met betrekking 
tot een Grondwetsherziening. Hoewel de voorzitter van de Grondwetscommissie 
Thorbecke was, werd niet hij maar Gerrit Schimmelpenninck de leider van het nieuwe 
kabinet. De samenstelling van de Kamer zag er tussen 1848 en 1868 in grote lijnen als volgt uit: 
 
Liberalen 
Tot 1885 bestond de liberale stroming uit meerdere subcategorieën; onder andere 
liberalen, conservatief-liberalen, radicalen en moderaten. De liberalen waren 
voorstanders van een grote mate van vrijheid voor het individu. Hun belangrijkste punt 
was de realisatie van een overheid die zich zo min mogelijk bemoeide met 
maatschappelijke en economische aangelegenheden. Haar belangrijkste taak moest 
liggen in de zorg voor rust en orde Zoǯn Ǯuitgekledeǯ staat werd ook wel een 
nachtwakerstaat genoemd.38  
 
Pragmatische liberalen en conservatieven zagen niets in zoǯn nachtwakersstaat. De pragmatici vonden zoǯn staat onpraktisch, gezien de fundamentele verschillen met, 
en de afstand tot Nederlands-Indië maar ook tot de Nederlandse eilanden in het 
Caraïbisch gebied. Volgens de conservatieve Kamerleden moest het koloniale gezag van 
de gouverneurs onder het Ǯoppergezagǯ van de Koning komen. Ze waren, net als vele 
anderen, geen voorstanders van parlementaire bemoeienis door Ǯonbevoegdenǯ. Met 
enig recht van spreken verwezen ze daarbij naar de minimale belangstelling voor de 
koloniën ȋǮde landen overzeeǯȌ, zowel in als buiten het parlement.",UNLABELED,-1,False
,,,,,,,,,,,,"Meer lezen
Uit De slavernij in Oost en West, het 
Amsterdam onderzoek (2020, SPECTRUM):
•	 Markus Balkenhol, Humanisme en 
paternalisme in de Amsterdamse 
slavernijdiscussie. •	 Nancy Jouwe, Van wie is de 
Nederlandse slavernijgeschiedenis? •	 Guno Jones, In de schaduw van 
publieke erkenning. •	 Ana Lucia Araujo, Het internationale 
debat over genoegdoening. •	 Nancy Jouwe, Slavernijerfgoed vanuit 
de grassroots. •	 Wayne Modest, Slavernij en 
kolonialisme in museale 
tentoonstellingen. Griselda Molemans, ‘De Indische 
Nederlanders zijn geofferd voor grotere 
belangen’. (2020, FOLLOW THE MONEY)
het college bij een besluit over excuses en 
verschenen in september 2020 in het boek 
‘De slavernij in Oost en West, het 
Amsterdam onderzoek’. Dit boek is daar 
een bewerkte samenvatting van. Historische stap
Op 1 juli 2021, tijdens Keti Koti, de 
nationale herdenking van het trans-
Atlantische slavernijverleden, hield 
burgemeester Femke Halsema een 
toespraak in het Oosterpark.",UNLABELED,-1,False
,,,,,,,,,,,,"4 
 
3.9 
Collega’s de uitzondering op de regel noemen ..................................................... 46 
3.10 
Collega’s niet als Nederlander zien en behandelen ........................................... 47 
3.11 
Twijfelen aan de loyaliteit van collega’s ............................................................... 49 
3.12 
Gebrek aan culturele sensitiviteit ........................................................................... 51 
3.13 
Onrechtvaardige beslissingen ................................................................................ 53 
3.14 
Insluiting ...................................................................................................................... 54 
3.15 
Ervaren omvang van racisme ................................................................................. 55 
3.16 
 Impact op medewerkers ........................................................................................ 57 
3.17 
 Conclusie .................................................................................................................. 61 
4 
Institutioneel racisme .........................................................................................................",UNLABELED,-1,False
,,,,,,,,,,,,"Daarmee had ze grote 
invloed op het beleid in onder 
meer Nederlands-Indië. Een ander 
voorbeeld: de kolonie Curaçao viel 
rechtstreeks onder het bestuur van 
de Kamer Amsterdam van de WIC. •	 Privédeelname van Amsterdamse 
bestuurders en hun directe 
verwanten 
Vele Amsterdamse bestuurders 
investeerden hun geld in slaven­
schepen en plantages, waren 
grootaandeelhouders van de 
VOC, of hadden via hun familie­
connecties belangen in het 
wereldwijde slavernijsysteem. 66
Amsterdam-
mers waren 
ook actief
betrokken bij 
de bouw van 
slavenschepen.",UNLABELED,-1,False
,,,,,,,,,,,,"Met veel dank aan:
uitgeverij Athenaeum—Polak & Van Gennep
Sander van Vlerken
Rob Zweedijk
Gaia Cerpac
Laura Spijkers 
 
dr. Guno Jones voor het meelezen van de inleiding en bevindingen
 
de klankbordgroep ‘Staat en slavernij’
drs. Xiomara Balentina, voorzitter commissie Cultureel Erfgoed 
Sint-Eustatius
drs. Kathleen Ferrier, voorzitter Unesco Commissie Nederland
drs. Cynthia Ortega-Martijn, projectcoördinator Stichting Ocan
prof. dr. Henk te Velde, hoogleraar geschiedenis Universiteit Leiden
drs. Bert Wijbenga-van Nieuwenhuizen, burgemeester van Vlaardingen",UNLABELED,-1,False
,,,,,,,,,,,,"WAAROM VRIJHEID NIET KON WACHTEN 
NIMAKO, DELEA & ESAJAS                                                                                                                            88 
  
dat er weer iets werd samengevoegd of plots bestempelt werd als het hoofddoel van de 
wet. Het kamerlid Van Zuylen van Nyevelt had hierin een aandeel door, na 
bovenstaande, te stellen: 
  
ǲ)k vraag mij dus af: wat is het groote doel van deze wet? Wij wenschen opofferingen te 
doen om de slaven vrij te maken. En nu erken ik slechts ééne beperking: het belang van 
den Staat, het belang van rust on orde. Maar ik erken in deze quaestie geene beperking, 
ontleend aan het bijzonder belang; en ik geloof dat de geachte afgevaardigde uit 
Nijmegen [Van Nispen van Sevenaer] zeer juist gezegd heeft, dat men bij die geheele 
toepassing van den gedwongen arbeid is uitgegaan van de gedachte om op eene 
zijdelingsche wijze de compensatie, aan de slaveneigenaars verleend, nog te 
vermeerderen. Dat komt, mijns inziens, niet te pas. Nadat wij aan de slaveneigenaars 
hunne tegemoetkoming uitbetaald hebben, hebben wij met hen afgerekend en behoeven 
wij hen niet nog op eene andere wijze te bevoordeelen. Ik wensch, dat het groote 
beginsel van vrijheid, aan de slaven toegekend, alleen worde beperkt door hetgeen orde 
en rust in de kolonie vorderen. En nu komt het mij voor, dat al die bepalingen van het 
staatstoezigt. behalve die welke betrekking hebben op den gedwongen arbeid, die ik niet 
beschouw als noodig in het belang van orde en rust, kunnen in het leven geroepen 
worden als maatregelen van bestuur, zonder dat zij in deze wet behoeven nedergelegd 
te worden; mij dunkt, dat zij zelfs met de wet eenigzins in strijd zijnǳ.208   
 
Na dit pleidooi voor orde en rust oordeelde hij: 
 
ǲ)k wensch daarom den Minister, dien ik met zeer veel ernst heb hooren spreken van de 
moeijelijke positie waarin de Regering zich zou bevinden waneer de artikelen, die 
betrekking hebben op het staatstoezigt, uit de wet geligt worden, te vragen, of niet alles 
wat betrekking heeft op de handhaving van orde en rust, op eene andere wijze kan 
worden tot stand gebragt.",UNLABELED,-1,False
,,,,,,,,,,,,"Die ‘verplaatsingen’ duurden voort tot in 1962, toen Neder­
land ook uit West-Papoea vertrok. Mede door de bloedovergoten Indonesische onafhankelijkheidsstrijd 
wilde Nederland een herhaling van een dergelijk trauma voorkomen en 
bereidde het de onafhankelijkheid van Suriname nauwgezet voor in over­
leg met de betrokken politici in dat land, dat sinds het Statuut van 1954 
zelfstandig was geworden binnen Nederlands koninkrijksverband. Op 
25 november 1975 werd Suriname een onafhankelijke republiek. Het 
‘Gebiedsdeel Curaçao’, in 1948 hernoemd tot de ‘Nederlandse Antillen’, 
bleef binnen het Koninkrijk der Nederlanden. In 1986 verwierf Aruba 
de status aparte: het kreeg de status van land binnen het Koninkrijk. Op 
10 oktober 2010 werden de Nederlandse Antillen opgeheven. Curaçao en 
Sint-Maarten werden, net als Aruba eerder, zelfstandige landen binnen 
het Koninkrijk. Bonaire, Sint-Eustatius en Saba werden bijzondere Neder­
landse gemeenten. De huidige relatie tussen Aruba, Curaçao, Sint-Maar­
ten, Bonaire, Sint-Eustatius, Saba en Nederland wordt gekenmerkt door 
ongemak en teleurstellingen. Waar Nederland steevast hamert op transpa­
rant bestuur en de bestrijding van corruptie, ervaren de overheden op de",UNLABELED,-1,False
,,,,,,,,,,,,"NINSEE 
49 
 
baar en verontrustend voor de maatschappij, zullen voortlevenǳ. 73 
 
De observaties van het kamerlid De Raadt lieten de contradicties zien in het document 
van de regering. ǲ)k vrees met velen, dat geene verordeningen of maatregelen van politie bij magte zullen 
zijn, om die neiging tot lediggang en zwerverij krachtig genoeg te beteugelen. Ik voeg 
hierbij, dat de planter arbeiders naar de kolonie zal doen immigreren; dit is nuttig en 
noodig, maar hiervan zal tevens het gevolg wezen, dat de blanke meer en meer 
onafhankelijk wordt van den neger en ook deze hem niet meer zoeken zal. Daarbij wijs 
ik op het bekende vooroordeel van kleur, dat volgens ervaring in hooge mate toeneemt, 
zoodra de slavernij wordt afgeschaftǳ. 74 
 
Hij vroeg ook om aandacht voor de vooroordelen die uit de slavernij zijn voortgekomen. ǲVermindert het verkeer tusschen beide rassen, dan zal ook zeer zeker dat vooroordeel 
in dubbele mate vermeerderen. Kan nu een dusdanige toestand, dien de aanhangige wet 
zal scheppen, bevorderlijk zijn aan de veredeling en ontwikkeling van den 
geëmancipeerde? Zal de genezing, die men op deze wijze wil aanbrengen, niet 
verderfelijker zijn, dan de wonde die men wil heelen? Mij dunkt, men ziet reeds dezelfde 
klippen in het verschiet, waarop anderen schipbreuk leden.",UNLABELED,-1,False
,,,,,,,,,,,,"Het jaar na zĳn aankomst in 
Utrecht kocht Hendrik het uitgestrekte landgoed Schoonoord in Doorn 
voor 26.000 gulden. Het bestond uit een hofstee, stallen, koetshuis, 
duifhuis, tuinen, boomgaarden, lanen, vĳvers en bossen, akkerland, 
een boerderĳ en een herberg. Het gezin zou er de zomers verblĳven. Een 
jaar later kocht hĳ een huis in de Korte Breedstraat, nu het Predikhe-
renkerkhof, met een koetshuis en stallen aan de Jacobĳnenstraat. Het 
huis was daarvoor van Johan Daniel d’Ablaing geweest, de raad van de 
Staten van Utrecht en lid van de Staten-Generaal. Het was maar een 
deel van Swellengrebels fortuin, want hĳ had nog tientallen duizenden 
guldens geïnvesteerd in obligaties, vooral van de Staten van Utrecht. Die dienden, zo lĳkt het, vooral als een veilige spaarpot. Dat bleek 
toen Hendriks vrouw Helena Wilhelmina ten Damme in 1755 overleed. Hendrik deed aan zĳn drie onvolwassen kinderen een schuldbekentenis 
van elk 30.000 gulden voor hun moeders erfdeel. Elk kind kon aanspraak 
maken op een bedrag dat nu meer dan 323.000 euro zou bedragen.",UNLABELED,-1,False
,,,,,,,,,,,,"Men beweert dat het staatstoezigt drukkend zal zijn voor 
de vrijgemaakten. Ik geloof het ook, namelijk voor degenen die zich voorstellen — en ik 
vrees dat deze het grootste getal zullen uitmaken — dat vrijheid is vrijheid om niet; te 
arbeiden. Men vreest voor misbruiken van het gezag dat aan de Regering door het 
staatstoezigt zal worden gegeven. Ik ontken al weder de mogelijkheid daarvan niet. Er is 
geen gezag ter wereld waarvan niet misbruik kan gemaakt worden. Maar ik vrees nog 
veel meer het misbruik dat zal kunnen worden gemaakt van onbeperkte, 
onvoorwaardelijke vrijheid door menschen, die geen denkbeeld hebben van ware 
vrijheid, noch van het gebruik daarvanǳ. 232   
  
Na deze debatbijdrage presenteerde kamerlid Schimmelpenninck een amendement met 
de volgende tekst: 
 
ǲDe Voorzitter: De heer Schimmelpenninck heeft een amendement voorgesteld, 
strekkende om het artikel aldus te lezen: » De krachtens art. 1 vrijgemaakten staan van 
den lsten Julij 1863 onder een bijzonder toezigt van den Staat voor den tijd van 
hoogstens tien jaren.""  
 
Het amendement door den heer Schimmelpenninck voorgedragen, wordt ondersteund 
door de heeren: Lycklama à Nyeholt, Dirks, Tutein Nolthenius, Mijer, Idzerda en de 
Bieberstein, en maakt mitsdien een onderwerp van beraadslaging uitǳ.233 
 
 
231 De Nederlandsche Staats-Courant 1861-1862 (bijblad). Tweede Kamer, 78ste zitting – 4 julij 1862, vel. 261, p.",UNLABELED,-1,False
,,,,,,,,,,,,"Bijna 300 jaar speelde Amsterdam een 
belangrijke rol in de wereldwijde slaven­
handel en slavernij, een misdaad tegen 
de mensheid. Mensen werden tegen hun 
wil weggehaald uit hun land, over grote 
afstanden vervoerd en te werk gesteld op 
plantages in koloniale gebieden. Hun 
kinderen en kleinkinderen werden bij hun 
geboorte ‘automatisch’ tot slaaf gemaakt. Wat was precies de rol van het bestuur 
van Amsterdam in dit afschuwelijke 
slavernijverleden? Hoe maakten 
Amsterdamse bestuurders – die vaak 
ook koopmannen waren – de slavernij 
mogelijk? Hoe profiteerden zij er 
persoonlijk van? Hoe zijn mensen zich 
altijd blijven verzetten tegen hun slavernij? Hoe kwam de slavernij tot een einde? De gemeente heeft dit grondig laten 
uitzoeken door een grote groep 
wetenschappers. Samen schreven zij het 
boek De Slavernij in Oost en West, het 
Amsterdam Onderzoek.",UNLABELED,-1,False
,,,,,,,,,,,,"300 per persoon. In het 
geval van Suriname zou hier een totaal van f. 12.000.000 voor nodig zijn. Net als in het 
voorstel van baron Van Raders moest dit bedrag worden verkregen door het uitzetten 
van staatsleningen tegen 5% rente. Vervolgens zouden de houders van de slaaf-
gemaakten de slaaf-gemaakten van het Gouvernement kunnen huren voor f. 50 per jaar, 
waardoor de schuld in acht jaar afbetaald kon worden. Met aftrek van rente zou er dan 
nog een bedrag van f. 160.150 overblijven. De regering geloofde hier niet in en 
reageerde met de tekst: ǲ[…]dat de verhuring der slaven aan hunne vorige meesters, 
geen toereikende fondsen kan opleveren, om de voor hunne overname door het 
Gouvernement te creëren schuld met renten af te betalenǳ.27    
 
22) Ontwerp van de heer J.C. van der Smissen, 1849.",UNLABELED,-1,False
,,,,,,,,,,,,"9 
national subsidies to the institute in 2012 and the organisation is now operating on 10% of its 
previous budget via support from the municipality of Amsterdam. In many countries, including the United States and UK, museums and restitution of artwork 
play a significant role in highlighting the experiences of enslavement. However, this discourse 
has been largely moderate in law and in practice in the Netherlands. Many museums possess 
objects, artefacts and art acquired during the period of slavery and the Golden Age but arguably 
fail to acknowledge the significance of enslavement. The few museums that have engaged with 
this area have done so with temporary exhibitions: for example, the Tropical Museum (KIT) in 
Amsterdam organized a small photography exhibition in 2003 called Sporen van Slavenhandel 
(‘Traces of the Slave Trade’) which referenced the 140th anniversary of the abolition of Dutch 
slavery.34 In May 2021, the major Dutch museum, Rijksmuseum in Amsterdam, organized an 
exhibition on Dutch slavery, exposing its brutality.35  
 
Similarly, the Netherlands has also withheld from issuing public and formal apologies as other 
states have done. Such statements typically involve a formal acknowledgement of slave trade 
and its abolition and include a ‘call for redemption’ or a future path forward. In 1999, the City 
Council of Liverpool formally apologised for its involvement in slavery and promised to work 
with Black communities on racial inequality.36 There have been no such formal apologies from 
officials or government in the Netherlands, despite black organisations calling for them.37 The 
biggest involvement from government officials has been their presence in the July 1 ceremonies 
in Amsterdam and brief expressions of sorrow with no mention of responsibility. For example, 
on 1 July 2008, at the Emancipation Day Activities in Oosterpark, the Dutch prime minister, 
Jan Peter Balkenende, referred to slavery as ‘a shameful episode in our history, a stain on the 
country’s character’.38  
 
Beyond the theme of colonialism, the most eminent example of Dutch memory law pertains to 
Article 137 (c and d) of the Criminal Code of the Netherlands (Wetboek van Strafrecht). This 
provision is essentially about incitement of hatred (including on racial and sexual grounds). While Holocaust denial is not explicitly illegal in the Netherlands, the courts consider it a form 
of spreading hatred and therefore an offence.",UNLABELED,-1,False
,,,,,,,,,,,,"En andere 
respondent stelt dat er op het niveau van afdelingshoofden nauwelijks sprake is van 
etnische diversiteit. Exacte cijfers over de doorstroom ontbreken, zoals genoemd. Duidelijk 
is wel dat het beeld dat de doorstroming stokt, breed leeft onder de respondenten. Bovendien zijn er net als bij de instroming verschillende oneerlijke processen binnen de 
organisatie die een verklaring bieden voor het gebrek aan de doorstroming. Cultuurbehoud belemmert doorstroomkansen 
Veel medewerkers in Den Haag en uitgezonden personeel op de ambassades – inclusief 
witte medewerkers - concluderen dat gebrek aan conformisme en assimilatie aan 
bepaalde gedragsnormen binnen de organisatie een belangrijke reden is waarom de 
doorstroming stokt. Wanneer medewerkers te veel vasthouden aan de culturele 
achtergrond, beperken ze hun carrièrekansen. Een uitgezonden medewerker vertelt hoe 
culturele vooroordelen een negatieve invloed hebben op de doorgroeimogelijkheden. Zo 
zijn er beelden zijn dat medewerkers te ingetogen zijn vanwege hun culturele 
achtergrond. Het belang van conformeren geldt voor alle medewerkers, waaronder ook vrouwen. Het 
aantal vrouwen in topposities neemt toe, maar er stroomt volgens een respondent alleen 
een bepaald type vrouw door naar de top: de “alfa, rode, dominante vrouwen”.",UNLABELED,-1,False
,,,,,,,,,,,,"45
de onderzoeksresultaten van een doorlichting concrete aanknopings-
punten te bieden om hun aanpak van discriminatie aan te scherpen, te 
veranderen, te verduurzamen en transparanter richting de burger en de 
samenleving te maken. Stap 5: Monitor en evalueer de voortgang van maatregelen  
en acties
De verantwoordelijke uit het senior management uit het interne project-
team is in beginsel verantwoordelijk voor het monitoren en evalueren van 
de voortgang van de maatregelen en acties. Het is daarbij belangrijk dat de 
overheidsorganisatie de Discriminatietoets periodiek toepast, om erachter 
te komen in hoeverre de genomen maatregelen effect hebben gehad.",UNLABELED,-1,False
,,,,,,,,,,,,"De studie van de literaturen heeft intussen ook een grote vlucht 
­genomen met tal van literatuurgeschiedenissen die nadrukkelijk aan­
dacht vragen voor de dekoloniserende kracht van de eigen literaturen van 
de koloniën. Zo schreef Wim Rutgers over de Nederlandse Antillen (1996), 
Michiel van Kempen over Suriname (2003) en Henry Habibe (2014) over 
Aruba, werden de Indische letteren in verschillende studies beschreven, 
en liet Alfred ­Birney dan weer een eigenzinnig tegengeluid horen met 
zijn selectie van teksten in de monumentale uitgave Oost-Indische inkt: 
400 jaar Indië in de Nederlandse letteren (1998) en in zijn Yournael van Cyberney 
(2001). Het herlezen van Indische literatuur vanuit postkoloniaal stand­
punt werd beproefd in de zesentwintig opstellen van De postkoloniale 
­spiegel (2021) onder redactie van Rick Honings, Coen van ’t Veer en",UNLABELED,-1,False
,,,,,,,,,,,,"Dat is wellicht bedoeld als compliment, maar voor de 
medewerkers in kwestie is het eerder een pijnlijke en frustrerende ervaring aangezien zulke 
negatieve stigma’s betrekking hebben op een gemeenschap waar zij zich in een 
bepaalde mate mee verbonden voelen. Het is bovendien de religieuze of etnische 
identiteit van hun ouders, familie en mogelijk ook vrienden die geproblematiseerd wordt. Medewerkers lopen verder aan tegen een gebrek aan culturele sensitiviteit, 
onrechtvaardige beslissingen, niet gezien worden als Nederlander, lage verwachtingen en 
onderschatting. Verder ervaren medewerkers dat hun loyaliteit aan de Nederlandse 
belangen in twijfel wordt getrokken. Subtiel versus openlijk racisme 
Zoals we in de inleiding van dit rapport aangaven kan racisme agressief, direct, openlijk en 
bewust plaatsvinden, maar het kan ook subtiel, indirect, verborgen, onbedoeld of 
onbewust zijn. In dit hoofdstuk hebben we bij het beschrijven van de ervaringen dergelijke 
kwalificaties achterwege gelaten, omdat het niet altijd eenvoudig is vast te stellen of 
racisme openlijk dan wel subtiel is. De vraag is ook wie dat bepaalt. Is dat afhankelijk van 
de intenties van de boodschapper of is de manier waarop de gedupeerde het 
interpreteert en verwerkt bepalend? Duidelijk is dat de context, intenties en interpretaties 
per situatie kunnen verschillen, waardoor het ingewikkeld is om bepaalde kwalificaties te",UNLABELED,-1,False
,,,,,,,,,,,,"EEN AANEENRIJGING VAN PERSOONLIJKE ARCHIEVEN 
243
Het waren deze houding en deze woorden die mĳ aanspoorden om 
het project verder uit te bouwen en mensen erbĳ te betrekken. Met als 
resultaat de arrestatie van vier van ons op 12 november 2012 tĳdens 
de Sinterklaasintocht in Dordrecht.9 De arrestatie werd gefilmd door 
Paola Lacle, die in de video in het Papiamentu zegt dat ze het snel zal 
uploaden op YouTube, voordat de politie haar video komt wissen. In alle 
berichtgeving over de arrestatie is dit belangrĳke feitje altĳd over het 
hoofd gezien. Het is de meertaligheid die ik van huis uit heb meekregen, 
waardoor ik het kon oppikken. Haar quick thinking zorgde ervoor dat 
het viraal kon gaan, met alle gevolgen van dien. Maar dat is voor een 
ander moment. Next
Het verhaal van Zwarte aanwezigheid is een aaneenrĳging van per-
soonlĳke archieven. Op zolder of in de kelder geplaatst omdat er ruimte 
gemaakt moest worden, omdat het leven doorgaat. En daarom deze 
oproep: praat met de generatie boven jou. Zĳ hebben verhalen of objecten 
waarvan ze regelmatig hoorden dat deze niets waard waren.",UNLABELED,-1,False
