filename,chunk_id,sentence_count,raw_text,text_for_scoring,cos_Colonialism,cos_Historical Slavery,cos_Modern Racism & Inequality,max_score,primary_topic,score_margin,text,predicted_label_id,predicted_label,confidence,prob_Colonialism,prob_Historical Slavery,prob_Modern Racism & Inequality,prediction_margin,bert_confidence_tier
C:\Users\Home\policy-analysis\Slavery_text\Allen e.a. - 2023 - Staat en slavernij het Nederlandse koloniale slavernijverleden en zijn doorwerkingen.13.txt,99712b86:00000,10,"— 13 —
— INLEIDING —
tijd voor nodig. Het vormt wel de opstap naar verder onderzoek. Staat 
en slavernij geeft op wetenschappelijk verantwoorde en toegankelijke wijze 
­duiding aan de bestaande kennis en draagt bij aan de reflectie die nodig is 
voor verdere kennisvorming en voor het creëren van mogelijke vormen 
van herstel en heling. Het kan zodoende dienen als een kompas voor 
samenleving, politiek en wetenschap. De volgende vragen staan in Staat en slavernij centraal:
–	Wat waren de sociaaleconomische, politieke en maatschappelijke 
omstandigheden en de gevolgen van de betrokkenheid van de (voor­
lopers van) Nederlandse staat en samenleving bij het koloniale 
­slavernijverleden en de doorwerking, zowel in Nederland als in 
de gekoloniseerde samenlevingen? –	Hoe is daar in het verleden en het heden op gereageerd en mee omge­
gaan door verschillende betrokkenen, zoals slaafgemaakten, bestuur­
ders, ondernemers en anderen in de gekoloniseerde samenlevingen? –	Hoe kan ten aanzien van deze geschiedenissen en hun doorwerkingen 
ruimte ontstaan voor herstel en heling? ◼◼ ◼◼  Een nieuwe blik
Het Nederlandse koloniale slavernijverleden heeft decennialang in de 
marges van het publieke domein verkeerd, hoewel het van grote betekenis 
was voor de diverse gemeenschappen van nazaten. Momenteel staat het in 
het brandpunt van de belangstelling. Dit boek bouwt voort op verschillen­
de projecten die dit thema bij een groter publiek en tevens bij de rijks­
overheid onder de aandacht hebben gebracht, zoals het hoofdstuk van 
Nancy Jouwe laat zien.",tijd nodig vormt opstap verder staat slavernij geeft wetenschappelijk verantwoorde toegankelijke wijze duiding bestaande kennis draagt reflectie nodig verdere kennisvorming creëren mogelijke vormen herstel heling zodoende dienen kompas samenleving politiek wetenschap volgende staan staat slavernij centraal sociaaleconomische politieke maatschappelijke omstandigheden gevolgen betrokkenheid lopers nederlandse staat samenleving koloniale slavernijverleden doorwerking zowel nederland gekoloniseerde samenlevingen verleden heden gereageerd mee omge gaan verschillende betrokkenen slaafgemaakten bestuur ders ondernemers anderen gekoloniseerde samenlevingen ten aanzien geschiedenissen doorwerkingen ruimte ontstaan herstel heling nieuwe blik nederlandse koloniale slavernijverleden decennialang marges publieke domein verkeerd hoewel grote betekenis diverse gemeenschappen nazaten momenteel staat brandpunt belangstelling boek bouwt voort verschillen projecten thema groter publiek tevens rijks overheid aandacht gebracht hoofdstuk nancy jouwe laat zien,0.4589293337559333,0.46983532180979265,0.42560644328510405,0.46983532180979265,Historical Slavery,0.010905988053859339,tijd nodig vormt opstap verder staat slavernij geeft wetenschappelijk verantwoorde toegankelijke wijze duiding bestaande kennis draagt reflectie nodig verdere kennisvorming creëren mogelijke vormen herstel heling zodoende dienen kompas samenleving politiek wetenschap volgende staan staat slavernij centraal sociaaleconomische politieke maatschappelijke omstandigheden gevolgen betrokkenheid lopers nederlandse staat samenleving koloniale slavernijverleden doorwerking zowel nederland gekoloniseerde samenlevingen verleden heden gereageerd mee omge gaan verschillende betrokkenen slaafgemaakten bestuur ders ondernemers anderen gekoloniseerde samenlevingen ten aanzien geschiedenissen doorwerkingen ruimte ontstaan herstel heling nieuwe blik nederlandse koloniale slavernijverleden decennialang marges publieke domein verkeerd hoewel grote betekenis diverse gemeenschappen nazaten momenteel staat brandpunt belangstelling boek bouwt voort verschillen projecten thema groter publiek tevens rijks overheid aandacht gebracht hoofdstuk nancy jouwe laat zien,0,Colonialism,0.56364673,0.56364673,0.0064338525,0.42991945,0.13372728,low
C:\Users\Home\policy-analysis\Slavery_text\Allen e.a. - 2023 - Staat en slavernij het Nederlandse koloniale slavernijverleden en zijn doorwerkingen.143.txt,16ab4620:00000,6,"— 143 —
— SLAVERNIJ, AFSCHAFFINGEN EN DOORWERKINGEN —
­Onderzoekers die de arbeidsgeschiedenis van het Britse rijk hebben 
­bestudeerd stellen bijvoorbeeld dat de afschaffing van slavernij leidde 
tot een intensivering van kolonisatie en het overstappen op een productie­
systeem gebaseerd op onvrije contractarbeid. In haar studie over de 
arbeidsmigratie vanuit Brits-Indië en Java naar Suriname heeft Rose­
marijn HÖfte al aangetoond dat het juridisch instrumentarium om de 
goedkope arbeid te controleren bepalender was dan de economische 
motieven van de migranten en het op papier waarborgen van hun welzijn. Ook historicus Ulbe Bosma heeft gewezen op de overeenkomsten in de 
behandeling van arbeiders door koloniale mogendheden in de tweede 
helft van de negentiende eeuw. Maar in tegenstelling tot andere landen 
beschouwde Nederland de voormalig slaafgemaakten na hun emancipatie 
niet als Nederlands staatsburger. Ook de politieke besluitvorming die ten 
grondslag lag aan deze keuze en de alternatieve vormen van burgerschap 
die er later voor in de plaats kwamen, vragen om meer duiding. Pas daarna 
zullen we de doorwerking van het slavernijverleden op de lange termijn 
beter kunnen begrijpen.",slavernij afschaffingen doorwerkingen onderzoekers arbeidsgeschiedenis britse rijk bestudeerd stellen bijvoorbeeld afschaffing slavernij leidde intensivering kolonisatie overstappen productie systeem gebaseerd onvrije contractarbeid studie arbeidsmigratie vanuit brits indië java suriname rose marijn höfte aangetoond juridisch instrumentarium goedkope arbeid controleren bepalender economische motieven migranten papier waarborgen welzijn historicus ulbe bosma gewezen overeenkomsten behandeling arbeiders koloniale mogendheden tweede helft negentiende eeuw tegenstelling landen beschouwde nederland voormalig slaafgemaakten emancipatie nederlands staatsburger politieke besluitvorming ten grondslag lag keuze alternatieve vormen burgerschap later plaats kwamen duiding pas daarna zullen doorwerking slavernijverleden lange termijn beter begrijpen,0.49975951537405056,0.5043337344640316,0.49285713340120246,0.5043337344640316,Historical Slavery,0.004574219089981069,slavernij afschaffingen doorwerkingen onderzoekers arbeidsgeschiedenis britse rijk bestudeerd stellen bijvoorbeeld afschaffing slavernij leidde intensivering kolonisatie overstappen productie systeem gebaseerd onvrije contractarbeid studie arbeidsmigratie vanuit brits indië java suriname rose marijn höfte aangetoond juridisch instrumentarium goedkope arbeid controleren bepalender economische motieven migranten papier waarborgen welzijn historicus ulbe bosma gewezen overeenkomsten behandeling arbeiders koloniale mogendheden tweede helft negentiende eeuw tegenstelling landen beschouwde nederland voormalig slaafgemaakten emancipatie nederlands staatsburger politieke besluitvorming ten grondslag lag keuze alternatieve vormen burgerschap later plaats kwamen duiding pas daarna zullen doorwerking slavernijverleden lange termijn beter begrijpen,1,Historical Slavery,0.5126691,0.079358086,0.5126691,0.40797284,0.104696244,low
C:\Users\Home\policy-analysis\Slavery_text\Allen e.a. - 2023 - Staat en slavernij het Nederlandse koloniale slavernijverleden en zijn doorwerkingen.144.txt,6e9965a9:00000,3,"— 144 —
Ulbe Bosma (1962) is senior onderzoeker bij 
het Internationaal Instituut voor Sociale 
Geschiedenis en bijzonder hoogleraar 
Internationale Comparatieve Sociale 
Geschiedenis bij de Vrije Universiteit. Hij 
schreef een groot aantal boeken en artikelen 
over de koloniale geschiedenis. Zijn meest 
recente boek The World of Sugar, verscheen in 
2023 bij Harvard University Press.",ulbe bosma senior onderzoeker internationaal instituut sociale geschiedenis bijzonder hoogleraar internationale comparatieve sociale geschiedenis vrije universiteit schreef groot boeken artikelen koloniale geschiedenis meest recente boek world sugar verscheen harvard university press,0.5448166244934708,0.39741643458695586,0.5303917982816766,0.5448166244934708,Colonialism,0.014424826211794195,ulbe bosma senior onderzoeker internationaal instituut sociale geschiedenis bijzonder hoogleraar internationale comparatieve sociale geschiedenis vrije universiteit schreef groot boeken artikelen koloniale geschiedenis meest recente boek world sugar verscheen harvard university press,2,Modern Racism & Inequality,0.5962385,0.40190738,0.0018541446,0.5962385,0.19433111,low
C:\Users\Home\policy-analysis\Slavery_text\Allen e.a. - 2023 - Staat en slavernij het Nederlandse koloniale slavernijverleden en zijn doorwerkingen.165.txt,8c5efa4a:00000,10,"— 165 —
— SLAVERNIJ, AFSCHAFFINGEN EN DOORWERKINGEN —
­voorganger. De gelijktijdige strijd om het kapitaal van de voc zorgde er 
wel voor dat investeerders in eerste instantie veel minder toeschietelijk 
waren, maar in de loop van 1623 was het startkapitaal van 7,1 miljoen 
­gulden bijeen.5 Vanaf het begin had de wic echter nog veel directer 
­concurrentie van private ondernemers dan de voc. Verschillende goederen 
waren uitgezonderd van het monopolie en voor de organisatie van de 
eigen ­handelsvloten was de wic sterk afhankelijk van zelfstandige 
­onder­nemers. In de geschiedschrijving van de Nederlandse overzeese expansie is 
­traditioneel veruit de meeste aandacht besteed aan de twee grote handels­
compagnieën. Over hun financiële structuur, winsten en verliezen en de 
conflicten tussen compagnieën en aandeelhouders is dan ook veel bekend. Maar investeren in een handelscompagnie was zeker niet de enige manier 
om winst te maken uit koloniale expansie. In het Atlantisch gebied en 
in Azië opereerden de voc en wic als de paraplu voor allerlei private acti­
viteiten, legaal en illegaal. Daaronder vielen – ook in het door de voc 
beheerste gebied – investeringen in slavenhandel en door slaafgemaakten 
geproduceerde goederen door compagniesdienaren en vrije burgers ter 
plaatse. Recent onderzoek naar koloniale betrokkenheid richt zich daarom 
minder op de geldstromen die rechtstreeks via de Compagnieën liepen en 
meer op de private kapitaalstromen daarachter en -omheen.6 
 
◼ ◼◼  Het kapitaal voor de plantages
De voc en wic ontvingen van de Staten-Generaal monopolies op (een deel 
van) de handel en verregaande bevoegdheden bij het opzetten van een 
koloniaal bestuur. De compagnieën hadden geen monopolie op de pro­
ductie van koloniale landbouwgoederen.",slavernij afschaffingen doorwerkingen voorganger gelijktijdige strijd kapitaal voc zorgde investeerders eerste instantie toeschietelijk loop startkapitaal miljoen gulden bijeen vanaf begin wic echter directer concurrentie private ondernemers voc verschillende goederen uitgezonderd monopolie eigen handelsvloten wic sterk afhankelijk zelfstandige nemers geschiedschrijving nederlandse overzeese expansie traditioneel veruit meeste aandacht besteed twee grote handels compagnieën financiële structuur winsten verliezen conflicten compagnieën aandeelhouders bekend investeren handelscompagnie zeker enige manier winst maken koloniale expansie atlantisch gebied azië opereerden voc wic paraplu allerlei private acti viteiten legaal illegaal daaronder vielen voc beheerste gebied investeringen slavenhandel slaafgemaakten geproduceerde goederen compagniesdienaren vrije burgers ter plaatse recent koloniale betrokkenheid richt daarom geldstromen rechtstreeks via compagnieën liepen private kapitaalstromen daarachter omheen kapitaal plantages voc wic ontvingen staten generaal monopolies handel verregaande bevoegdheden opzetten koloniaal bestuur compagnieën hadden monopolie pro ductie koloniale landbouwgoederen,0.4984326781393218,0.5187432564226309,0.3034121897464645,0.5187432564226309,Historical Slavery,0.020310578283309066,slavernij afschaffingen doorwerkingen voorganger gelijktijdige strijd kapitaal voc zorgde investeerders eerste instantie toeschietelijk loop startkapitaal miljoen gulden bijeen vanaf begin wic echter directer concurrentie private ondernemers voc verschillende goederen uitgezonderd monopolie eigen handelsvloten wic sterk afhankelijk zelfstandige nemers geschiedschrijving nederlandse overzeese expansie traditioneel veruit meeste aandacht besteed twee grote handels compagnieën financiële structuur winsten verliezen conflicten compagnieën aandeelhouders bekend investeren handelscompagnie zeker enige manier winst maken koloniale expansie atlantisch gebied azië opereerden voc wic paraplu allerlei private acti viteiten legaal illegaal daaronder vielen voc beheerste gebied investeringen slavenhandel slaafgemaakten geproduceerde goederen compagniesdienaren vrije burgers ter plaatse recent koloniale betrokkenheid richt daarom geldstromen rechtstreeks via compagnieën liepen private kapitaalstromen daarachter omheen kapitaal plantages voc wic ontvingen staten generaal monopolies handel verregaande bevoegdheden opzetten koloniaal bestuur compagnieën hadden monopolie pro ductie koloniale landbouwgoederen,0,Colonialism,0.54265624,0.54265624,0.4511838,0.006159924,0.09147245,low
C:\Users\Home\policy-analysis\Slavery_text\Allen e.a. - 2023 - Staat en slavernij het Nederlandse koloniale slavernijverleden en zijn doorwerkingen.189.txt,1cc1f5d8:00001,3,"Aan de Kaap voltrokken zich processen van creolisering (vermenging 
van culturen en talen) en is de situatie gecompliceerd door het ontstaan 
van een ‘oude’ variant van het Nederlands in de vorm van het Zuid-Afri­
kaans, tegenover het Engels, twee talen die vanaf circa 1900 door de witte 
bovenlaag van de maatschappij als dominante taal werden gehanteerd. Hierbij geldt de aantekening dat gaandeweg de geschiedenis negentig 
procent van de Afrikaanssprekenden ging behoren tot de zogenoemde 
‘bruin­mensen’ van de Kaap. De zwarte en gekleurde bevolking maakte 
overigens gebruik van een waaier aan volkstalen, maar pas tegen het einde 
van de twintigste eeuw verwierf een aantal daarvan een officiële status.",kaap voltrokken processen creolisering vermenging culturen talen situatie gecompliceerd ontstaan oude variant nederlands vorm zuid afri kaans tegenover engels twee talen vanaf circa witte bovenlaag maatschappij dominante taal werden gehanteerd hierbij geldt aantekening gaandeweg geschiedenis negentig procent afrikaanssprekenden ging behoren zogenoemde bruin mensen kaap zwarte gekleurde bevolking maakte overigens waaier volkstalen pas einde twintigste eeuw verwierf daarvan officiële status,0.5844517817141307,0.42069988183628326,0.5913826425435054,0.5913826425435054,Modern Racism & Inequality,0.006930860829374663,kaap voltrokken processen creolisering vermenging culturen talen situatie gecompliceerd ontstaan oude variant nederlands vorm zuid afri kaans tegenover engels twee talen vanaf circa witte bovenlaag maatschappij dominante taal werden gehanteerd hierbij geldt aantekening gaandeweg geschiedenis negentig procent afrikaanssprekenden ging behoren zogenoemde bruin mensen kaap zwarte gekleurde bevolking maakte overigens waaier volkstalen pas einde twintigste eeuw verwierf daarvan officiële status,2,Modern Racism & Inequality,0.546857,0.44745672,0.0056862882,0.546857,0.09940028,low
C:\Users\Home\policy-analysis\Slavery_text\Allen e.a. - 2023 - Staat en slavernij het Nederlandse koloniale slavernijverleden en zijn doorwerkingen.211.txt,b3e07192:00000,6,"— 211 —
— SLAVERNIJ, AFSCHAFFINGEN EN DOORWERKINGEN —
bijfiguren op portretten van de elite in de kunsthistorische literatuur 
‘pages’, dan wel ‘tropes’ genoemd. De eerste aanduiding is een eufemisme, 
omdat page een functie was die slechts was weggelegd voor jonge mannen 
uit de hogere klasse. De opleiding en carrièrevooruitzichten van een page 
stroken niet met de omstandigheden waaronder jonge mannen uit Afrika 
in Nederland leefden. De tweede classificatie, die op een louter symboli­
sche aanwezigheid doelt, bleek eveneens onterecht. Archiefonderzoek 
(scheepsoverzichten, notariële en kerkelijke bronnen) heeft inmiddels 
aangetoond dat er wel degelijk een zwarte aanwezigheid in Nederland 
was en soms kan er een relatie gelegd worden tussen een schilderij en 
­specifieke families met hun zwarte bedienden.7 Dat betekent niet dat elke 
afgebeelde Afrikaanse jongere ook echt naar het leven is geschilderd en 
neemt niet weg dat verder onderzoek nodig is om meer zicht te krijgen 
op het verschil tussen modellen en nabootsingen om de reden achter een 
dergelijk portret te kunnen duiden. Portret van Maria van Oranje met een Afrikaanse bediende,  
door Jan Mijtens, 1665.",slavernij afschaffingen doorwerkingen bijfiguren portretten elite kunsthistorische literatuur pages tropes genoemd eerste aanduiding eufemisme page functie slechts weggelegd jonge mannen hogere klasse opleiding carrièrevooruitzichten page stroken omstandigheden waaronder jonge mannen afrika nederland leefden tweede classificatie louter symboli sche aanwezigheid doelt bleek eveneens onterecht archiefonderzoek scheepsoverzichten notariële kerkelijke bronnen inmiddels aangetoond degelijk zwarte aanwezigheid nederland soms relatie gelegd schilderij specifieke families zwarte bedienden betekent elke afgebeelde afrikaanse jongere echt leven geschilderd neemt weg verder nodig zicht krijgen verschil modellen nabootsingen reden dergelijk portret duiden portret maria oranje afrikaanse bediende jan mijtens,0.5162427689072139,0.5367711579967227,0.49942594014327496,0.5367711579967227,Historical Slavery,0.020528389089508825,slavernij afschaffingen doorwerkingen bijfiguren portretten elite kunsthistorische literatuur pages tropes genoemd eerste aanduiding eufemisme page functie slechts weggelegd jonge mannen hogere klasse opleiding carrièrevooruitzichten page stroken omstandigheden waaronder jonge mannen afrika nederland leefden tweede classificatie louter symboli sche aanwezigheid doelt bleek eveneens onterecht archiefonderzoek scheepsoverzichten notariële kerkelijke bronnen inmiddels aangetoond degelijk zwarte aanwezigheid nederland soms relatie gelegd schilderij specifieke families zwarte bedienden betekent elke afgebeelde afrikaanse jongere echt leven geschilderd neemt weg verder nodig zicht krijgen verschil modellen nabootsingen reden dergelijk portret duiden portret maria oranje afrikaanse bediende jan mijtens,1,Historical Slavery,0.5405093,0.12417356,0.5405093,0.33531716,0.20519212,low
C:\Users\Home\policy-analysis\Slavery_text\Allen e.a. - 2023 - Staat en slavernij het Nederlandse koloniale slavernijverleden en zijn doorwerkingen.250.txt,8dbda623:00000,3,"— 250 —
Marjoleine Kars (1959) is professor in de geschie­
denis aan mit in de vs. Ze schreef het bekroonde 
Blood in the River (2020) over de slavenopstand in 
Berbice in 1763 dat in het Nederlands verscheen 
als Bloed in de rivier (2021). Ze werkt nu aan een 
­biografie van twee achttiende-eeuwse Afrikaanse 
mannen in Berbice, de Republiek en Suriname.",marjoleine kars professor geschie denis mit vs schreef bekroonde blood river slavenopstand berbice nederlands verscheen bloed rivier werkt biografie twee achttiende eeuwse afrikaanse mannen berbice republiek suriname,0.5288212434380981,0.536807057263129,0.5355128035494867,0.536807057263129,Historical Slavery,0.0012942537136423349,marjoleine kars professor geschie denis mit vs schreef bekroonde blood river slavenopstand berbice nederlands verscheen bloed rivier werkt biografie twee achttiende eeuwse afrikaanse mannen berbice republiek suriname,0,Colonialism,0.45015666,0.45015666,0.17777094,0.37207237,0.07808429,low
C:\Users\Home\policy-analysis\Slavery_text\Allen e.a. - 2023 - Staat en slavernij het Nederlandse koloniale slavernijverleden en zijn doorwerkingen.254.txt,79e769c9:00000,10,"— 254 —
— STAAT EN SLAVERNIJ —
Omdat de Nederlanders de Republiek wilden beschermen tegen buiten­
landse concurrentie, moesten de kolonisten hun producten verkopen in 
de Republiek. Tegelijkertijd mochten de Wilde Kust-koloniën alleen bij 
Nederlandse handelaren inkopen, zodat de prijzen er, bij gebrek aan com­
petitie, hoog waren en het aanbod altijd te laag was. Bovendien voerden de 
Europese koloniale machten in het gebied constant oorlog en waren er ook 
veel interne geschillen binnen de wic, waardoor de aanvoer uit de Repu­
bliek afnam. Alles bij elkaar leidde dat tot honger onder de slaafgemaak­
ten en tot een smokkelhandel van aanzienlijke omvang, met name met 
Britten en Amerikanen.3 
De suikerindustrie in Essequibo, en na 1746 ook in Demerara, werd 
gestimuleerd door de immigratie van Britten van de Caribische eilanden, 
zoals Barbados en Antigua, waar de grond aan vruchtbaarheid verloor. Velen van hen begonnen suikerplantages aan de Demerara-rivier, daartoe 
uitgenodigd door de gouverneur van Essequibo. Aanvankelijk werd 
Demerara bestuurd door Essequibo, maar in 1750 kreeg het een ‘comman­
deur’ en in 1772 zijn eigen gouverneur en raad. De kolonie, gezegend met 
vruchtbare grond, groeide snel met behulp van Brits kapitaal en overscha­
duwde uiteindelijk zowel Essequibo als Berbice. De nieuwe plantages wer­
den, net als in Essequibo, vooral aan de benedenrivier aangelegd, wat voor 
de slaafgemaakten betekende dat zij naast het rooien van bos en het aan­
leggen van akkers de velden moesten inpolderen ter kering van het getij.4 
Dat afbeulende werk veranderde het landschap ingrijpend. ◼ ◼◼  Een groeiende bevolking
Vanaf 1730 nam de bevolking van de koloniën toe. Een overweldigende 
meerderheid was van West-Afrikaanse afkomst.",staat slavernij nederlanders republiek wilden beschermen landse concurrentie moesten kolonisten producten verkopen republiek tegelijkertijd mochten wilde kust koloniën alleen nederlandse handelaren inkopen zodat prijzen gebrek com petitie hoog aanbod laag bovendien voerden europese koloniale machten gebied constant oorlog interne geschillen wic waardoor aanvoer repu bliek afnam elkaar leidde honger slaafgemaak ten smokkelhandel aanzienlijke omvang name britten amerikanen suikerindustrie essequibo demerara gestimuleerd immigratie britten caribische eilanden barbados antigua waar grond vruchtbaarheid verloor velen hen begonnen suikerplantages demerara rivier daartoe uitgenodigd gouverneur essequibo aanvankelijk demerara bestuurd essequibo kreeg comman deur eigen gouverneur raad kolonie gezegend vruchtbare grond groeide snel behulp brits kapitaal overscha duwde uiteindelijk zowel essequibo berbice nieuwe plantages wer den net essequibo vooral benedenrivier aangelegd slaafgemaakten betekende rooien bos leggen akkers velden moesten inpolderen ter kering getij afbeulende werk veranderde landschap ingrijpend groeiende bevolking vanaf nam bevolking koloniën toe overweldigende meerderheid west afrikaanse afkomst,0.4927018553801803,0.4848368948274812,0.29271084386177637,0.4927018553801803,Colonialism,0.007864960552699085,staat slavernij nederlanders republiek wilden beschermen landse concurrentie moesten kolonisten producten verkopen republiek tegelijkertijd mochten wilde kust koloniën alleen nederlandse handelaren inkopen zodat prijzen gebrek com petitie hoog aanbod laag bovendien voerden europese koloniale machten gebied constant oorlog interne geschillen wic waardoor aanvoer repu bliek afnam elkaar leidde honger slaafgemaak ten smokkelhandel aanzienlijke omvang name britten amerikanen suikerindustrie essequibo demerara gestimuleerd immigratie britten caribische eilanden barbados antigua waar grond vruchtbaarheid verloor velen hen begonnen suikerplantages demerara rivier daartoe uitgenodigd gouverneur essequibo aanvankelijk demerara bestuurd essequibo kreeg comman deur eigen gouverneur raad kolonie gezegend vruchtbare grond groeide snel behulp brits kapitaal overscha duwde uiteindelijk zowel essequibo berbice nieuwe plantages wer den net essequibo vooral benedenrivier aangelegd slaafgemaakten betekende rooien bos leggen akkers velden moesten inpolderen ter kering getij afbeulende werk veranderde landschap ingrijpend groeiende bevolking vanaf nam bevolking koloniën toe overweldigende meerderheid west afrikaanse afkomst,1,Historical Slavery,0.5514125,0.44378132,0.5514125,0.004806158,0.10763121,low
C:\Users\Home\policy-analysis\Slavery_text\Allen e.a. - 2023 - Staat en slavernij het Nederlandse koloniale slavernijverleden en zijn doorwerkingen.261.txt,eac1902f:00000,10,"— 261 —
— NEDERLANDSE KOLONIALE SLAVERNIJ WERELDWIJD —
van nieuwe geweren en strijders. Toch duurde het tot de zomer van 1764 
voor de Nederlanders hun gehavende kolonie weer geheel in handen 
­hadden. Tegen die tijd had een derde of mogelijk een vijfde van de slaaf­
gemaakten het leven verloren.10 Hoe de overlevenden het trauma van de 
oorlog verwerkten weten we nog niet. Hadden de rebellen gewonnen – wat bijna was gelukt – dan had de 
geschiedenis van het Atlantische gebied er heel anders uitgezien. In plaats 
daarvan besefte de Nederlandse regering steeds meer dat het veel geld 
kostte om opstanden en Marrons te bestrijden ten gunste van private 
ondernemingen zoals de Sociëteit van Suriname en de Sociëteit van 
­Berbice. In 1795 nam de staat het directe beheer van de koloniën op de 
Wilde Kust, inclusief Suriname, op zich. Binnen enkele jaren gingen 
­Berbice, Essequibo en Demerara over in Britse handen. Veel van de plan­
ters in die koloniën waren Brits of pro-Brits. Zij waren ontevreden over 
het onvermogen van het Nederlandse bedrijfsleven om hun voldoende 
kapitaal en slaafgemaakten te bezorgen. De Britten pompten veel geld in 
de koloniën en voerden grote aantallen slaafgemaakten aan.",nederlandse koloniale slavernij wereldwijd nieuwe geweren strijders duurde zomer nederlanders gehavende kolonie weer geheel handen hadden tijd derde mogelijk vijfde slaaf gemaakten leven verloren overlevenden trauma oorlog verwerkten weten hadden rebellen gewonnen bijna gelukt geschiedenis atlantische gebied heel anders uitgezien plaats daarvan besefte nederlandse regering steeds geld kostte opstanden marrons bestrijden ten gunste private ondernemingen sociëteit suriname sociëteit berbice nam staat directe beheer koloniën wilde kust inclusief suriname enkele gingen berbice essequibo demerara britse handen plan ters koloniën brits pro brits ontevreden onvermogen nederlandse bedrijfsleven voldoende kapitaal slaafgemaakten bezorgen britten pompten geld koloniën voerden grote aantallen slaafgemaakten,0.45453122701791643,0.45056853864549534,0.21153533594232105,0.45453122701791643,Colonialism,0.003962688372421086,nederlandse koloniale slavernij wereldwijd nieuwe geweren strijders duurde zomer nederlanders gehavende kolonie weer geheel handen hadden tijd derde mogelijk vijfde slaaf gemaakten leven verloren overlevenden trauma oorlog verwerkten weten hadden rebellen gewonnen bijna gelukt geschiedenis atlantische gebied heel anders uitgezien plaats daarvan besefte nederlandse regering steeds geld kostte opstanden marrons bestrijden ten gunste private ondernemingen sociëteit suriname sociëteit berbice nam staat directe beheer koloniën wilde kust inclusief suriname enkele gingen berbice essequibo demerara britse handen plan ters koloniën brits pro brits ontevreden onvermogen nederlandse bedrijfsleven voldoende kapitaal slaafgemaakten bezorgen britten pompten geld koloniën voerden grote aantallen slaafgemaakten,0,Colonialism,0.55982804,0.55982804,0.437011,0.0031609791,0.12281704,low
C:\Users\Home\policy-analysis\Slavery_text\Allen e.a. - 2023 - Staat en slavernij het Nederlandse koloniale slavernijverleden en zijn doorwerkingen.28.txt,8bea8a5a:00001,10,"Deze bekritiseert niet alleen de nog steeds koloniale dimen­
sies, perspectieven en vanzelfsprekendheden van het nu gepresenteerde 
slavernijverhaal, maar evenzeer de gebruikte methodes en de onderzoe­
kers zelf. Bij de nieuwe slavernijgeschiedenis gaat het niet meer alleen 
over wat er tot aan 1863/1873 gebeurde, maar evenzeer over de processen, 
erfenissen en doorwerkingen als gevolg van die geschiedenis tot in het 
hier, daar en nu. Onderzoekers en organisaties van kleur zijn belangrijk 
in deze veranderingen. Het hedendaagse Nederlandse slavernijonderzoek, waarin ruimte is 
voor culturele en dekoloniale onderzoeksmethodes, is nog steeds vooral 
op Suriname gericht. De geschiedschrijving van het Nederlandse slavernij­
verleden in Azië betreft op het moment nog vooral sociale en economische 
geschiedenis. Daarin is de slaafgemaakte mens al wel in beeld, maar van 
een focus op diens cultuur lijkt (nog) geen sprake. Een recente ontwikkeling is de thuiskomst van de slavernij­geschiede­
nis in Nederland zelf. Dat begon aan het begin van deze eeuw met het 
nationaal slavernijmonument en verschillende grote tentoonstellingen 
en audiovisuele producties waaraan ook historici meewerkten. Het kreeg 
vaart met het wetenschappelijk onderzoek uitmondend in het project 
Mapping Slavery, dat vanaf 2013/2014 de slavernijrelatie van locaties in 
Nederland in kaart bracht. Vanaf 2018 hebben daarnaast verschillende",bekritiseert alleen steeds koloniale dimen sies perspectieven vanzelfsprekendheden gepresenteerde slavernijverhaal evenzeer gebruikte methodes onderzoe kers nieuwe slavernijgeschiedenis gaat alleen gebeurde evenzeer processen erfenissen doorwerkingen gevolg geschiedenis onderzoekers organisaties kleur belangrijk veranderingen hedendaagse nederlandse slavernijonderzoek waarin ruimte culturele dekoloniale onderzoeksmethodes steeds vooral suriname gericht geschiedschrijving nederlandse slavernij verleden azië betreft moment vooral sociale economische geschiedenis daarin slaafgemaakte mens beeld focus diens cultuur lijkt sprake recente ontwikkeling thuiskomst slavernij geschiede nis nederland begon begin eeuw nationaal slavernijmonument verschillende grote tentoonstellingen audiovisuele producties waaraan historici meewerkten kreeg vaart wetenschappelijk uitmondend mapping slavery vanaf slavernijrelatie locaties nederland kaart bracht vanaf daarnaast verschillende,0.4988043081398732,0.5155801907157861,0.40785753853884393,0.5155801907157861,Historical Slavery,0.016775882575912893,bekritiseert alleen steeds koloniale dimen sies perspectieven vanzelfsprekendheden gepresenteerde slavernijverhaal evenzeer gebruikte methodes onderzoe kers nieuwe slavernijgeschiedenis gaat alleen gebeurde evenzeer processen erfenissen doorwerkingen gevolg geschiedenis onderzoekers organisaties kleur belangrijk veranderingen hedendaagse nederlandse slavernijonderzoek waarin ruimte culturele dekoloniale onderzoeksmethodes steeds vooral suriname gericht geschiedschrijving nederlandse slavernij verleden azië betreft moment vooral sociale economische geschiedenis daarin slaafgemaakte mens beeld focus diens cultuur lijkt sprake recente ontwikkeling thuiskomst slavernij geschiede nis nederland begon begin eeuw nationaal slavernijmonument verschillende grote tentoonstellingen audiovisuele producties waaraan historici meewerkten kreeg vaart wetenschappelijk uitmondend mapping slavery vanaf slavernijrelatie locaties nederland kaart bracht vanaf daarnaast verschillende,0,Colonialism,0.5378612,0.5378612,0.43333527,0.02880352,0.10452595,low
C:\Users\Home\policy-analysis\Slavery_text\Allen e.a. - 2023 - Staat en slavernij het Nederlandse koloniale slavernijverleden en zijn doorwerkingen.282.txt,0376ac79:00000,10,"— 282 —
— STAAT EN SLAVERNIJ —
Na de verovering van Pernambuco en de andere noordoostelijke Capi­
tanías vanaf 1630 heeft de wic het tot slaaf maken en in slavernij houden 
van de inheemse bevolking verboden. Dit was een belangrijke voorwaarde 
om de alliantie in stand te houden. Toch was deze relatie niet vlekkeloos. In 1641 werd het idee opgevat om Potiguar-kinderen door Nederlandse 
onderwijzers les te laten geven. Er werd een soort kostschool ingericht in 
een klooster in Paraiba, maar de ouders noch de dorpsoudsten waren hier­
van op de hoogte gebracht. Het wekt weinig verbazing dat ze niet veel heil 
zagen in hun kinderen door vreemden te laten opvoeden. Ook het gebruik van de inheemse bevolking als bondgenoten van de 
wic stuitte op problemen. Op de expeditie naar Luanda en Sao Thomé in 
1641 was een contingent inheemse troepen aanwezig. Maar de sterfte die 
ook onder de Europese soldaten veel slachtoffers maakte trof hen extra 
hard. De Heren xix, het hoogste bestuur van de wic, riepen hierna het 
Braziliaanse bestuur op om niet langer inheemse bondgenoten buiten 
Brazilië in te zetten.5 
In het in 1641 veroverde Maranhão kwam van oudsher meer inheemse 
slavernij voor omdat het gebied nauwelijks door schepen uit Afrika werd 
aangedaan.",staat slavernij verovering pernambuco noordoostelijke capi tanías vanaf wic slaaf maken slavernij houden inheemse bevolking verboden belangrijke voorwaarde alliantie stand houden relatie vlekkeloos idee opgevat potiguar kinderen nederlandse onderwijzers les laten geven soort kostschool ingericht klooster paraiba ouders noch dorpsoudsten hoogte gebracht wekt verbazing heil zagen kinderen vreemden laten opvoeden inheemse bevolking bondgenoten wic stuitte problemen expeditie luanda sao thomé contingent inheemse troepen aanwezig sterfte europese soldaten slachtoffers maakte trof hen extra hard heren xix hoogste bestuur wic riepen hierna braziliaanse bestuur langer inheemse bondgenoten brazilië zetten veroverde maranhão kwam oudsher inheemse slavernij gebied nauwelijks schepen afrika aangedaan,0.5129458488819127,0.4975651088496559,0.35977859422861747,0.5129458488819127,Colonialism,0.015380740032256868,staat slavernij verovering pernambuco noordoostelijke capi tanías vanaf wic slaaf maken slavernij houden inheemse bevolking verboden belangrijke voorwaarde alliantie stand houden relatie vlekkeloos idee opgevat potiguar kinderen nederlandse onderwijzers les laten geven soort kostschool ingericht klooster paraiba ouders noch dorpsoudsten hoogte gebracht wekt verbazing heil zagen kinderen vreemden laten opvoeden inheemse bevolking bondgenoten wic stuitte problemen expeditie luanda sao thomé contingent inheemse troepen aanwezig sterfte europese soldaten slachtoffers maakte trof hen extra hard heren xix hoogste bestuur wic riepen hierna braziliaanse bestuur langer inheemse bondgenoten brazilië zetten veroverde maranhão kwam oudsher inheemse slavernij gebied nauwelijks schepen afrika aangedaan,0,Colonialism,0.5327113,0.5327113,0.44889146,0.018397285,0.083819866,low
C:\Users\Home\policy-analysis\Slavery_text\Allen e.a. - 2023 - Staat en slavernij het Nederlandse koloniale slavernijverleden en zijn doorwerkingen.282.txt,0376ac79:00001,10,"De Portugese kolonie was dunbevolkt en het gebied was eigen­
lijk voor de wic, die al in grote financiële problemen verkeerde, niet 
­rendabel. Verschillende groepen in Maranhão praktiseerden ook ritueel 
kannibalisme en dit gebruik vormde een reden om het tot slaaf maken van 
Indianen in Maranhão toch toe te staan. Als mensen te koop werden aan­
geboden maar door de Nederlanders niet werden gekocht zouden ze, zo 
luidde het argument, worden opgegeten. Was het dan niet beter om hen te 
redden door ze te kopen? Waarschijnlijk was dit argument een excuus om 
in Maranhão wel inheemse slavernij toe te staan, waar dat verder in Neder­
lands-Brazilië verboden was. Soortgelijke argumenten werden ook in de 
Spaanse koloniën gebezigd nadat het in 1512 was verboden om de oor­
spronkelijke bevolking in slavernij te houden. Maar het doorzetten van 
de tot slaaf making van inheemse groepen zette ook kwaad bloed onder 
lokale bondgenoten in Maranhão. Uiteindelijk zouden zij zich zelfs bij de 
Portugezen aansluiten en hun steun zou beslissend zijn voor het slagen 
van een Portugese opstand in het gebied, in 1642-43. De lokale bondgenoten van de Nederlanders in Pernambuco zagen in 
dezelfde periode juist hun rechten en relatie tot het Nederlandse koloniaal 
bestuur op papier vastgelegd. Zo zouden de Brasilianen onder eigen 
­leiders en eigen recht blijven leven en zouden ze als gelijk aan de Neder­",portugese kolonie dunbevolkt gebied eigen lijk wic grote financiële problemen verkeerde rendabel verschillende groepen maranhão praktiseerden ritueel kannibalisme vormde reden slaaf maken indianen maranhão toe staan mensen koop werden geboden nederlanders werden gekocht zouden luidde argument opgegeten beter hen redden kopen waarschijnlijk argument excuus maranhão inheemse slavernij toe staan waar verder neder lands brazilië verboden soortgelijke argumenten werden spaanse koloniën gebezigd nadat verboden oor spronkelijke bevolking slavernij houden doorzetten slaaf making inheemse groepen zette kwaad bloed lokale bondgenoten maranhão uiteindelijk zouden zelfs portugezen aansluiten steun beslissend slagen portugese opstand gebied lokale bondgenoten nederlanders pernambuco zagen dezelfde periode juist rechten relatie nederlandse koloniaal bestuur papier vastgelegd zouden brasilianen eigen leiders eigen recht blijven leven zouden gelijk neder,0.5335081791356973,0.5324026318301079,0.39083441009186554,0.5335081791356973,Colonialism,0.0011055473055893161,portugese kolonie dunbevolkt gebied eigen lijk wic grote financiële problemen verkeerde rendabel verschillende groepen maranhão praktiseerden ritueel kannibalisme vormde reden slaaf maken indianen maranhão toe staan mensen koop werden geboden nederlanders werden gekocht zouden luidde argument opgegeten beter hen redden kopen waarschijnlijk argument excuus maranhão inheemse slavernij toe staan waar verder neder lands brazilië verboden soortgelijke argumenten werden spaanse koloniën gebezigd nadat verboden oor spronkelijke bevolking slavernij houden doorzetten slaaf making inheemse groepen zette kwaad bloed lokale bondgenoten maranhão uiteindelijk zouden zelfs portugezen aansluiten steun beslissend slagen portugese opstand gebied lokale bondgenoten nederlanders pernambuco zagen dezelfde periode juist rechten relatie nederlandse koloniaal bestuur papier vastgelegd zouden brasilianen eigen leiders eigen recht blijven leven zouden gelijk neder,0,Colonialism,0.5867322,0.5867322,0.3947465,0.018521266,0.1919857,low
C:\Users\Home\policy-analysis\Slavery_text\Allen e.a. - 2023 - Staat en slavernij het Nederlandse koloniale slavernijverleden en zijn doorwerkingen.288.txt,492a07f2:00000,3,"— 288 —
Toch is er nog maar weinig onderzoek gedaan naar de activiteiten van de 
Nederlanders in deze gebieden en de rol van Afrikanen in deze geschiedenis. Er 
is meer onderzoek nodig naar de relatie van de Nederlanders met de Afrikaanse 
autoriteiten, de economische elites en de gewone mensen die rond de 
Nederlandse forten en nederzettingen woonden en naar slavenhandel en het 
houden van slaafgemaakten door de Nederlanders aan de kust van Afrika. Filipa Ribeiro da Silva (1974) is senior onderzoeker bij het Internationaal 
Instituut voor Sociale Geschiedenis (IISG) en is gespecialiseerd in Global 
labour history, de slavenhandel en de geschiedenis van het zakenleven.",gedaan activiteiten nederlanders gebieden rol afrikanen geschiedenis nodig relatie nederlanders afrikaanse autoriteiten economische elites gewone mensen rond nederlandse forten nederzettingen woonden slavenhandel houden slaafgemaakten nederlanders kust afrika filipa ribeiro da silva senior onderzoeker internationaal instituut sociale geschiedenis iisg gespecialiseerd global labour history slavenhandel geschiedenis zakenleven,0.5465963289963787,0.5589842593854644,0.4291570288774304,0.5589842593854644,Historical Slavery,0.0123879303890857,gedaan activiteiten nederlanders gebieden rol afrikanen geschiedenis nodig relatie nederlanders afrikaanse autoriteiten economische elites gewone mensen rond nederlandse forten nederzettingen woonden slavenhandel houden slaafgemaakten nederlanders kust afrika filipa ribeiro da silva senior onderzoeker internationaal instituut sociale geschiedenis iisg gespecialiseerd global labour history slavenhandel geschiedenis zakenleven,0,Colonialism,0.53775525,0.53775525,0.3356595,0.12658529,0.20209575,low
C:\Users\Home\policy-analysis\Slavery_text\Allen e.a. - 2023 - Staat en slavernij het Nederlandse koloniale slavernijverleden en zijn doorwerkingen.298.txt,d9e934a8:00001,5,"De geschiedenis van de botsing tussen de Nederlanders en de 
Khoisan-gemeenschappen in zuidelijk Afrika is doordrenkt van onteige­
ning, desintegratie en moorddadig geweld. De voc eigende zich het recht 
toe het land weg te geven aan de vrijburgers in een dubbel eigendomssys­
teem, zowel in volle eigendom als in pacht (met jaarlijkse betaling voor 
gebruik). Deze eigendoms- en gebruiksrechten stonden lijnrecht tegen­
over de Khoisan-tradities waarin land en hulpbronnen voor gemeenschap­
pelijk gebruik waren. Vanaf 1652 tot diep in de achttiende eeuw leidde de 
koloniale expansiedrift van de Nederlanders steeds vaker tot verzet en 
conflicten. Na de Eerste en Tweede Khoikhoi-Nederlandse oorlog 
­(1659-1660, 1673-1677) bleven de Khoikhoi op het Kaapse schiereiland en",geschiedenis botsing nederlanders khoisan gemeenschappen zuidelijk afrika doordrenkt onteige ning desintegratie moorddadig geweld voc eigende recht toe land weg geven vrijburgers dubbel eigendomssys teem zowel volle eigendom pacht jaarlijkse betaling eigendoms gebruiksrechten stonden lijnrecht khoisan tradities waarin land hulpbronnen gemeenschap pelijk vanaf diep achttiende eeuw leidde koloniale expansiedrift nederlanders steeds vaker verzet conflicten eerste tweede khoikhoi nederlandse oorlog bleven khoikhoi kaapse schiereiland,0.5416532765369089,0.5130264015552615,0.3999739257301699,0.5416532765369089,Colonialism,0.0286268749816474,geschiedenis botsing nederlanders khoisan gemeenschappen zuidelijk afrika doordrenkt onteige ning desintegratie moorddadig geweld voc eigende recht toe land weg geven vrijburgers dubbel eigendomssys teem zowel volle eigendom pacht jaarlijkse betaling eigendoms gebruiksrechten stonden lijnrecht khoisan tradities waarin land hulpbronnen gemeenschap pelijk vanaf diep achttiende eeuw leidde koloniale expansiedrift nederlanders steeds vaker verzet conflicten eerste tweede khoikhoi nederlandse oorlog bleven khoikhoi kaapse schiereiland,1,Historical Slavery,0.5639364,0.42659044,0.5639364,0.009473104,0.13734597,low
C:\Users\Home\policy-analysis\Slavery_text\Allen e.a. - 2023 - Staat en slavernij het Nederlandse koloniale slavernijverleden en zijn doorwerkingen.33.txt,67f480dc:00001,5,"Dit alles leidt tot de volgende aanbeveling: stimuleer en steun groot­
schalig, fundamenteel onderzoek naar de erfenissen en doorwerkingen 
van de slavernij in het heden. ◼◼ ◼◼  Overheden en slavernij
Het behoeft inmiddels geen betoog meer dat Nederlandse overheden 
in alle lagen betrokken zijn geweest, aandeel hebben gehad in en gepro­
fiteerd hebben van slavenhandel en slavernij. Dat is echter voor de over­
heden een pas zeer recent besef en wat zij daar vervolgens mee doen is 
zeer wisselend. De Nederlandse overheid bepaalt de inhoud van het onderwijs door 
aan te geven waarover de leerlingen aan het eind van het primair en 
­voortgezet onderwijs in ieder geval kennis moeten hebben, door middel 
van zogenaamde kerndoelen in het primair onderwijs en eindtermen in 
het voortgezet onderwijs (zie hoofdstuk 3 van Tom van der Geugten). Die",leidt volgende aanbeveling stimuleer steun groot schalig fundamenteel erfenissen doorwerkingen slavernij heden overheden slavernij behoeft inmiddels betoog nederlandse overheden lagen betrokken aandeel gehad gepro fiteerd slavenhandel slavernij echter heden pas zeer recent besef vervolgens mee zeer wisselend nederlandse overheid bepaalt inhoud onderwijs geven waarover leerlingen eind primair voortgezet onderwijs ieder geval kennis moeten middel zogenaamde kerndoelen primair onderwijs eindtermen voortgezet onderwijs zie hoofdstuk tom geugten,0.5247330933481592,0.5342681708692469,0.45141449792434063,0.5342681708692469,Historical Slavery,0.009535077521087731,leidt volgende aanbeveling stimuleer steun groot schalig fundamenteel erfenissen doorwerkingen slavernij heden overheden slavernij behoeft inmiddels betoog nederlandse overheden lagen betrokken aandeel gehad gepro fiteerd slavenhandel slavernij echter heden pas zeer recent besef vervolgens mee zeer wisselend nederlandse overheid bepaalt inhoud onderwijs geven waarover leerlingen eind primair voortgezet onderwijs ieder geval kennis moeten middel zogenaamde kerndoelen primair onderwijs eindtermen voortgezet onderwijs zie hoofdstuk tom geugten,1,Historical Slavery,0.5674045,0.36807662,0.5674045,0.064518906,0.19932789,low
C:\Users\Home\policy-analysis\Slavery_text\Allen e.a. - 2023 - Staat en slavernij het Nederlandse koloniale slavernijverleden en zijn doorwerkingen.34.txt,9d62abeb:00001,6,"Met instemming van een aantal bewindspersonen en op initia­
tief van het Prins Clausfonds verschenen twee bundels met essays van 
witte én zwarte betrokkenen, nationaal en internationaal, over hoe het 
­slavernijverleden te herdenken. Zeer betekenisvol was dat de presentatie 
plaatsvond in de net gerenoveerde oude zaal van de Tweede Kamer.5
Voorwaarde voor de totstandkoming van een monument was overigens 
wel dat de overheid slechts met één partij wilde praten. Vrijwel alle voor­
vechters verzamelden zich daarom in één platform. Kennelijk schrok de 
overheid van haar eigen beleid en probeerde een soort buffer te plaatsen 
tussen dit platform en de regering door de installatie van een gezelschap 
‘ambassadeurs’, met gerenommeerde, niet als radicaal bekendstaande 
Bekende Nederlanders erin. Ondanks dat deze onverwachte extra buf­
fer door velen – en zeker het platform van organisaties – als niet erg 
­betrouwbaar werd ervaren, stond er in 2002 wel een Nationaal Monument 
Slavernij­verleden in het Amsterdamse Oosterpark. Tevens in Amsterdam 
werd een jaar later de dynamische dimensie daarvan, het Nationaal Insti­
tuut Nederlands Slavernijverleden en Erfenis (NiNsee), geopend.",instemming bewindspersonen initia tief prins clausfonds verschenen twee bundels essays witte én zwarte betrokkenen nationaal internationaal slavernijverleden herdenken zeer betekenisvol presentatie plaatsvond net gerenoveerde oude zaal tweede kamer voorwaarde totstandkoming monument overigens overheid slechts één partij wilde praten vrijwel vechters verzamelden daarom één platform kennelijk schrok overheid eigen probeerde soort buffer plaatsen platform regering installatie gezelschap ambassadeurs gerenommeerde radicaal bekendstaande bekende nederlanders erin ondanks onverwachte extra buf fer velen zeker platform organisaties erg betrouwbaar ervaren stond nationaal monument slavernij verleden amsterdamse oosterpark tevens amsterdam later dynamische dimensie daarvan nationaal insti tuut nederlands slavernijverleden erfenis ninsee geopend,0.4771075977710296,0.4761930341631941,0.38328163768044204,0.4771075977710296,Colonialism,0.000914563607835539,instemming bewindspersonen initia tief prins clausfonds verschenen twee bundels essays witte én zwarte betrokkenen nationaal internationaal slavernijverleden herdenken zeer betekenisvol presentatie plaatsvond net gerenoveerde oude zaal tweede kamer voorwaarde totstandkoming monument overigens overheid slechts één partij wilde praten vrijwel vechters verzamelden daarom één platform kennelijk schrok overheid eigen probeerde soort buffer plaatsen platform regering installatie gezelschap ambassadeurs gerenommeerde radicaal bekendstaande bekende nederlanders erin ondanks onverwachte extra buf fer velen zeker platform organisaties erg betrouwbaar ervaren stond nationaal monument slavernij verleden amsterdamse oosterpark tevens amsterdam later dynamische dimensie daarvan nationaal insti tuut nederlands slavernijverleden erfenis ninsee geopend,1,Historical Slavery,0.5830654,0.33684298,0.5830654,0.08009161,0.2462224,low
C:\Users\Home\policy-analysis\Slavery_text\Allen e.a. - 2023 - Staat en slavernij het Nederlandse koloniale slavernijverleden en zijn doorwerkingen.36.txt,14c0f778:00000,6,"— 36 —
— STAAT EN SLAVERNIJ —
Matter-­demonstraties in 2020. Maar dat begrip heeft er nog niet toe geleid 
dat ­bijvoorbeeld openbare optochten met Zwarte Pieten worden gestopt, 
of dat burgemeesters dringend wordt verzocht geen Zwarte Pieten meer 
te ontvangen. Kortom, de houding van ‘de’ Nederlandse overheid ten aanzien van ‘het’ 
slavernijverleden vertoont een heel diffuus en heterogeen beeld, al lijkt er 
steeds meer aandacht te komen voor het slavernijverleden en de eventuele 
doorwerkingen daarvan. De zorgvuldig gekozen woorden waarmee de 
nationale excuses door de minister-president op 19 december 2022 werden 
uitgesproken zijn door zeer velen als waardevol en historisch ervaren. Nu 
zal het zaak zijn het proces van bewustwording, verwerking, herstel en 
heling verder te stimuleren en langdurig te borgen. Processen als deze, die het gevolg zijn van ruim tweeënhalve eeuw 
actieve betrokkenheid van de staat bij wat nu ook als een misdaad tegen 
de menselijkheid wordt erkend en daaropvolgend anderhalve eeuw actief 
Tijdens de Keti Koti-viering van 2021 eisten mensen de excuses 
van koning Willem-Alexander.",staat slavernij matter demonstraties begrip toe geleid bijvoorbeeld openbare optochten zwarte pieten gestopt burgemeesters dringend verzocht zwarte pieten ontvangen kortom houding nederlandse overheid ten aanzien slavernijverleden vertoont heel diffuus heterogeen beeld lijkt steeds aandacht komen slavernijverleden eventuele doorwerkingen daarvan zorgvuldig gekozen woorden waarmee nationale excuses minister president december werden uitgesproken zeer velen waardevol historisch ervaren zaak proces bewustwording verwerking herstel heling verder stimuleren langdurig borgen processen gevolg ruim tweeënhalve eeuw actieve betrokkenheid staat misdaad menselijkheid erkend daaropvolgend anderhalve eeuw actief keti koti viering eisten mensen excuses koning willem alexander,0.4370225985955633,0.4922396717491247,0.46816806722487936,0.4922396717491247,Historical Slavery,0.024071604524245338,staat slavernij matter demonstraties begrip toe geleid bijvoorbeeld openbare optochten zwarte pieten gestopt burgemeesters dringend verzocht zwarte pieten ontvangen kortom houding nederlandse overheid ten aanzien slavernijverleden vertoont heel diffuus heterogeen beeld lijkt steeds aandacht komen slavernijverleden eventuele doorwerkingen daarvan zorgvuldig gekozen woorden waarmee nationale excuses minister president december werden uitgesproken zeer velen waardevol historisch ervaren zaak proces bewustwording verwerking herstel heling verder stimuleren langdurig borgen processen gevolg ruim tweeënhalve eeuw actieve betrokkenheid staat misdaad menselijkheid erkend daaropvolgend anderhalve eeuw actief keti koti viering eisten mensen excuses koning willem alexander,1,Historical Slavery,0.5587289,0.010321413,0.5587289,0.43094975,0.12777913,low
C:\Users\Home\policy-analysis\Slavery_text\Allen e.a. - 2023 - Staat en slavernij het Nederlandse koloniale slavernijverleden en zijn doorwerkingen.37.txt,978209d0:00000,6,"— 37 —
— ACTUELE VRAAGSTUKKEN —
zwijgen, zijn niet in korte tijd afgerond. Dat kost decennia, misschien 
zelfs enkele generaties. Ieder initiatief van de overheid op dit gebied zal 
daar dan ook rekening mee moeten houden en vanuit een langetermijn­
perspectief moeten worden opgezet en gegarandeerd. Daarmee wordt 
tegelijk vertrouwen gekweekt. Kortetermijnprojecten en eenmalige geld­
bedragen lossen de structurele ongelijkheid van nazaten van slaafgemaak­
ten op sociaal, economisch, cultureel, medisch en andere maatschappelijke 
terreinen niet op. Het is een continu proces, dat continu moet worden 
gevoed.",actuele vraagstukken zwijgen korte tijd afgerond kost decennia misschien zelfs enkele generaties ieder initiatief overheid gebied rekening mee moeten houden vanuit langetermijn perspectief moeten opgezet gegarandeerd daarmee tegelijk vertrouwen gekweekt kortetermijnprojecten eenmalige geld bedragen lossen structurele ongelijkheid nazaten slaafgemaak ten sociaal economisch cultureel medisch maatschappelijke terreinen continu proces continu gevoed,0.42658636937166355,0.48760576036806463,0.4212380163967016,0.48760576036806463,Historical Slavery,0.06101939099640108,actuele vraagstukken zwijgen korte tijd afgerond kost decennia misschien zelfs enkele generaties ieder initiatief overheid gebied rekening mee moeten houden vanuit langetermijn perspectief moeten opgezet gegarandeerd daarmee tegelijk vertrouwen gekweekt kortetermijnprojecten eenmalige geld bedragen lossen structurele ongelijkheid nazaten slaafgemaak ten sociaal economisch cultureel medisch maatschappelijke terreinen continu proces continu gevoed,2,Modern Racism & Inequality,0.5168078,0.0334255,0.4497667,0.5168078,0.0670411,low
C:\Users\Home\policy-analysis\Slavery_text\Allen e.a. - 2023 - Staat en slavernij het Nederlandse koloniale slavernijverleden en zijn doorwerkingen.383.txt,f7fb639c:00001,5,"Die kerk was al vroeg, sinds 1558, aanwezig in de 
Nederlanden. Ook in de koloniën was de Lutherse Kerk vaak de eerste die 
naast de Gereformeerde Kerk haar entree maakte, in Suriname al in 1741.6 
Andere delen van het koloniaal rijk volgden niet veel later: in 1745 werd 
een Lutherse predikantsplek gesticht in Batavia en in 1780 één voor de 
Kaapkolonie. Niet alleen qua oorsprong en overtuigingen staat de Luther­
se Kerk dicht bij de Gereformeerde Kerk, ook in haar functioneren lijkt ze 
er sterk op. Net als de Gereformeerde Kerk focuste de Lutherse Kerk zich 
in ‘de West’ op de witte planterselite en was zij weinig actief in de zending 
onder slaafgemaakten of vrijen van kleur. De Lutherse Kerk stond en 
staat in Suriname – evenals de Gereformeerde Kerk – dan ook nog steeds",kerk vroeg aanwezig nederlanden koloniën lutherse kerk vaak eerste gereformeerde kerk entree maakte suriname koloniaal rijk volgden later lutherse predikantsplek gesticht batavia één kaapkolonie alleen qua oorsprong overtuigingen staat luther se kerk dicht gereformeerde kerk functioneren lijkt sterk net gereformeerde kerk focuste lutherse kerk west witte planterselite actief zending slaafgemaakten vrijen kleur lutherse kerk stond staat suriname evenals gereformeerde kerk steeds,0.5119694728570734,0.33084558893713467,0.4241570634636022,0.5119694728570734,Colonialism,0.08781240939347118,kerk vroeg aanwezig nederlanden koloniën lutherse kerk vaak eerste gereformeerde kerk entree maakte suriname koloniaal rijk volgden later lutherse predikantsplek gesticht batavia één kaapkolonie alleen qua oorsprong overtuigingen staat luther se kerk dicht gereformeerde kerk functioneren lijkt sterk net gereformeerde kerk focuste lutherse kerk west witte planterselite actief zending slaafgemaakten vrijen kleur lutherse kerk stond staat suriname evenals gereformeerde kerk steeds,0,Colonialism,0.5931842,0.5931842,0.0022397286,0.40457615,0.18860802,low
C:\Users\Home\policy-analysis\Slavery_text\Allen e.a. - 2023 - Staat en slavernij het Nederlandse koloniale slavernijverleden en zijn doorwerkingen.388.txt,eb19e00d:00000,10,"— 388 —
— STAAT EN SLAVERNIJ —
(Cham) vervloekt en hem opdraagt zijn broers te dienen. Sommige 
­theologen uit de koloniale periode, bijvoorbeeld Johan Picardt, zagen 
Cham als de voorvader van de (zwarte) Afrikaanse volkeren, waardoor de 
Bijbelpassage als legitimatie kon dienen van de slavernij van Afrikanen
Anderen, zoals de zwarte predikant Jacobus Capitein, benadrukten het 
onderscheid tussen geestelijke en lichamelijke slavernij, waarbij de kerk 
zich volgens hen zou moeten richten op de eerste vorm (vrij van zonde 
zijn), en de tweede er niet wezenlijk toe doet. Theologen die kritisch 
waren op slavenhandel en slavernij wezen bijvoorbeeld op het feit dat alle 
mensen één en dezelfde natuur delen (Jacobus Hondius) en op het Bijbels 
verbod op (mensen)diefstal (Bernardus Smytegelt). De rol van Bijbel en 
theologie bij legitimatie van en kritiek op slavernij verdient echter syste­
matischer en breder onderzoek. Daarnaast is er nog nauwelijks tot geen 
aandacht besteed aan het perspectief van slaafgemaakten en andere groe­
pen van kleur (de markante figuur van Capitein daargelaten), terwijl die 
wel degelijk – ook onder theologen – vertegenwoordigd waren, bijvoor­
beeld Johannes King in Suriname, Black Harry op Sint-Eustatius en Petrus 
Kafiar in Papua. ◼ ◼◼  Doorwerking
Binnen organisaties van nazaten van slaafgemaakten en binnen de kerken 
zelf (onder meer de interkerkelijke werkgroep Heilzame verwerking van 
het slavernijverleden voor ‘wit’ en ‘zwart’), leeft er sterk de behoefte om 
het onderzoek naar de relatie tussen kerk en slavernij niet te beperken 
tot de koloniale geschiedenis, maar ook de – wat zij noemen – culturele 
erfenis ervan onder de loep te nemen. Die erfenis heeft verschillende 
dimensies. Zo wordt er al onderzoek gedaan naar de wijze waarop de sla­
vernijgeschiedenis zichtbaar is in kerkgebouwen en op begraafplaatsen, 
naar de relatie tussen Bijbel, slavernij en racisme in de hermeneutische 
praktijken van hedendaagse witte en zwarte kerken, en naar de relatie 
­tussen ras en religie/zending/kerk. Binnen het onderzoeksveld van de 
doorwerking kan ook de vraag gesteld worden naar trauma, discriminatie 
en reparatie. Voor systematisch-theologisch dan wel wijsgerig onderzoek 
liggen hier mogelijkheden tot reflectie op concepten als boete en schuld, 
(erf)zonde, vrijheid en slavernij.",staat slavernij cham vervloekt opdraagt broers dienen sommige theologen koloniale periode bijvoorbeeld johan picardt zagen cham voorvader zwarte afrikaanse volkeren waardoor bijbelpassage legitimatie dienen slavernij afrikanen anderen zwarte predikant jacobus capitein benadrukten onderscheid geestelijke lichamelijke slavernij waarbij kerk volgens hen moeten richten eerste vorm vrij zonde tweede wezenlijk toe theologen kritisch slavenhandel slavernij bijvoorbeeld feit mensen één dezelfde natuur jacobus hondius bijbels verbod mensen diefstal bernardus smytegelt rol bijbel theologie legitimatie kritiek slavernij verdient echter syste matischer breder daarnaast nauwelijks aandacht besteed perspectief slaafgemaakten groe pen kleur markante figuur capitein daargelaten terwijl degelijk theologen vertegenwoordigd bijvoor beeld johannes king suriname black harry sint eustatius petrus kafiar papua doorwerking organisaties nazaten slaafgemaakten kerken interkerkelijke werkgroep heilzame verwerking slavernijverleden wit zwart leeft sterk behoefte relatie kerk slavernij beperken koloniale geschiedenis noemen culturele erfenis ervan loep nemen erfenis verschillende dimensies gedaan wijze waarop sla vernijgeschiedenis zichtbaar kerkgebouwen begraafplaatsen relatie bijbel slavernij racisme hermeneutische praktijken hedendaagse witte zwarte kerken relatie ras religie zending kerk onderzoeksveld doorwerking gesteld trauma discriminatie reparatie systematisch theologisch wijsgerig liggen mogelijkheden reflectie concepten boete schuld erf zonde vrijheid slavernij,0.4351864258465297,0.46859586925869273,0.4979192510229691,0.4979192510229691,Modern Racism & Inequality,0.029323381764276346,staat slavernij cham vervloekt opdraagt broers dienen sommige theologen koloniale periode bijvoorbeeld johan picardt zagen cham voorvader zwarte afrikaanse volkeren waardoor bijbelpassage legitimatie dienen slavernij afrikanen anderen zwarte predikant jacobus capitein benadrukten onderscheid geestelijke lichamelijke slavernij waarbij kerk volgens hen moeten richten eerste vorm vrij zonde tweede wezenlijk toe theologen kritisch slavenhandel slavernij bijvoorbeeld feit mensen één dezelfde natuur jacobus hondius bijbels verbod mensen diefstal bernardus smytegelt rol bijbel theologie legitimatie kritiek slavernij verdient echter syste matischer breder daarnaast nauwelijks aandacht besteed perspectief slaafgemaakten groe pen kleur markante figuur capitein daargelaten terwijl degelijk theologen vertegenwoordigd bijvoor beeld johannes king suriname black harry sint eustatius petrus kafiar papua doorwerking organisaties nazaten slaafgemaakten kerken interkerkelijke werkgroep heilzame verwerking slavernijverleden wit zwart leeft sterk behoefte relatie kerk slavernij beperken koloniale geschiedenis noemen culturele erfenis ervan loep nemen erfenis verschillende dimensies gedaan wijze waarop sla vernijgeschiedenis zichtbaar kerkgebouwen begraafplaatsen relatie bijbel slavernij racisme hermeneutische praktijken hedendaagse witte zwarte kerken relatie ras religie zending kerk onderzoeksveld doorwerking gesteld trauma discriminatie reparatie systematisch theologisch wijsgerig liggen mogelijkheden reflectie concepten boete schuld erf zonde vrijheid slavernij,2,Modern Racism & Inequality,0.59274894,0.010055286,0.39719576,0.59274894,0.19555318,low
C:\Users\Home\policy-analysis\Slavery_text\Allen e.a. - 2023 - Staat en slavernij het Nederlandse koloniale slavernijverleden en zijn doorwerkingen.411.txt,547e022a:00000,5,"— 411 —
— VROEGE VORMING VAN SLAVERNIJ EN KOLONIALISME —
keer (zie tabel 2). In 1675 kreeg Willem Hendrik vijfentwintig procent 
winst op tweehonderdduizend gulden uitgekeerd: vijftigduizend gulden. Als stadhouder van de voc (1675-1701) kreeg hij een bedrag uitgekeerd dat 
vandaag bijna tweehonderd miljoen euro waard is. Ook voor zijn opvol­
gers, Willem iv en Willem v, zijn deze gegevens vastgelegd: zij ontvingen 
in totaal respectievelijk 280 000 gulden (omgerekend 50 176 000 euro) en 
635 000 gulden (113 792 000 euro). De uitkeringen aan de stadhouders uit het archief van 
Gerard van Vredenburch (1710-1784).",vroege vorming slavernij kolonialisme keer zie kreeg willem hendrik vijfentwintig procent winst tweehonderdduizend gulden uitgekeerd vijftigduizend gulden stadhouder voc kreeg bedrag uitgekeerd vandaag bijna tweehonderd miljoen euro waard opvol gers willem iv willem v vastgelegd ontvingen respectievelijk gulden omgerekend euro gulden euro uitkeringen stadhouders archief gerard vredenburch,0.49985951532085054,0.4998388284151693,0.2906591037833203,0.49985951532085054,Colonialism,2.0686905681244205e-05,vroege vorming slavernij kolonialisme keer zie kreeg willem hendrik vijfentwintig procent winst tweehonderdduizend gulden uitgekeerd vijftigduizend gulden stadhouder voc kreeg bedrag uitgekeerd vandaag bijna tweehonderd miljoen euro waard opvol gers willem iv willem v vastgelegd ontvingen respectievelijk gulden omgerekend euro gulden euro uitkeringen stadhouders archief gerard vredenburch,0,Colonialism,0.5413025,0.5413025,0.4518747,0.0068227947,0.0894278,low
C:\Users\Home\policy-analysis\Slavery_text\Allen e.a. - 2023 - Staat en slavernij het Nederlandse koloniale slavernijverleden en zijn doorwerkingen.439.txt,a65c99a9:00000,10,"— 439 —
— BEVINDINGEN —
is eveneens een alternatieve datum van belang. Op 1 januari 1860, ruim 
drie jaar vóór de afschaffing van slavernij in Suriname en de Cariben, had 
de Tweede Kamer een wet doorgevoerd tot afschaffing van de slavernij in 
Nederlands-Indië. Die datum lijkt meer van betekenis voor nazaten uit 
Indonesië, die in toenemende mate aandacht tonen voor het slavernijver­
leden in Azië. Omdat de discussies over herdenkingen zich in het publieke domein 
afspelen zijn die het meest zichtbaar, maar ze zijn niet de enige vormen 
van doorwerking. Zo trof de gemeente Utrecht enige tijd geleden een rege­
ling met inwoners die hun achternaam wilden veranderen omdat die in 
verband staat met slavernij. Ondertussen heeft de rijksoverheid laten 
onderzoeken of het wenselijk is om een vergelijkbare landelijke regeling 
voor het Koninkrijk in het leven te roepen. Zo wordt de veelzijdigheid 
van het slavernijverleden duidelijk, en komen zijn doorwerkingen en de 
verwevenheid met de overkoepelende geschiedenis van kolonialisme 
aan het licht. Daarnaast wordt zichtbaar dat de effecten van het verleden 
raken aan concrete en urgente maatschappelijke problematiek, zoals 
­discriminatie op de arbeidsmarkt op basis van naam en achtergrond. ­Herdenkingen, monumenten en wettelijke regelingen kunnen worden 
beschouwd als de zichtbare, maar overwegend culturele vormen waarmee 
de samenleving en vooral de politiek proberen om gestalte te geven aan de 
omgang met en het zich rekenschap geven van het slavernijverleden en 
zijn doorwerkingen. In de excuses van het kabinet op 19 december 2022 
zei premier Rutte dat het ging om ‘het zetten van een komma, geen punt’.",bevindingen eveneens alternatieve datum belang januari ruim drie vóór afschaffing slavernij suriname cariben tweede kamer wet doorgevoerd afschaffing slavernij nederlands indië datum lijkt betekenis nazaten indonesië toenemende mate aandacht tonen slavernijver leden azië discussies herdenkingen publieke domein afspelen meest zichtbaar enige vormen doorwerking trof gemeente utrecht enige tijd geleden rege ling inwoners achternaam wilden veranderen verband staat slavernij ondertussen rijksoverheid laten onderzoeken wenselijk vergelijkbare landelijke regeling koninkrijk leven roepen veelzijdigheid slavernijverleden duidelijk komen doorwerkingen verwevenheid overkoepelende geschiedenis kolonialisme licht daarnaast zichtbaar effecten verleden raken concrete urgente maatschappelijke problematiek discriminatie arbeidsmarkt basis naam achtergrond herdenkingen monumenten wettelijke regelingen beschouwd zichtbare overwegend culturele vormen waarmee samenleving vooral politiek proberen gestalte geven omgang rekenschap geven slavernijverleden doorwerkingen excuses kabinet december zei premier rutte ging zetten komma punt,0.48953669003626055,0.45495770482920767,0.4080233534907925,0.48953669003626055,Colonialism,0.03457898520705288,bevindingen eveneens alternatieve datum belang januari ruim drie vóór afschaffing slavernij suriname cariben tweede kamer wet doorgevoerd afschaffing slavernij nederlands indië datum lijkt betekenis nazaten indonesië toenemende mate aandacht tonen slavernijver leden azië discussies herdenkingen publieke domein afspelen meest zichtbaar enige vormen doorwerking trof gemeente utrecht enige tijd geleden rege ling inwoners achternaam wilden veranderen verband staat slavernij ondertussen rijksoverheid laten onderzoeken wenselijk vergelijkbare landelijke regeling koninkrijk leven roepen veelzijdigheid slavernijverleden duidelijk komen doorwerkingen verwevenheid overkoepelende geschiedenis kolonialisme licht daarnaast zichtbaar effecten verleden raken concrete urgente maatschappelijke problematiek discriminatie arbeidsmarkt basis naam achtergrond herdenkingen monumenten wettelijke regelingen beschouwd zichtbare overwegend culturele vormen waarmee samenleving vooral politiek proberen gestalte geven omgang rekenschap geven slavernijverleden doorwerkingen excuses kabinet december zei premier rutte ging zetten komma punt,0,Colonialism,0.5996292,0.5996292,0.17312333,0.22724748,0.37238175,low
C:\Users\Home\policy-analysis\Slavery_text\Allen e.a. - 2023 - Staat en slavernij het Nederlandse koloniale slavernijverleden en zijn doorwerkingen.442.txt,42380e20:00000,10,"— 442 —
— STAAT EN SLAVERNIJ —
op de maatschappelijke impact van onderzoek en het hebben van relevan­
te netwerken binnen diverse gemeenschappen zou ook mee kunnen 
wegen. In Nederland vraagt het tevens om een herziening van het perso­
neelsbeleid op universiteiten en onderzoeksinstituten om structurele ver­
anderingen in het personeelsbestand van docenten en onderzoekers te 
realiseren. Praktische obstakels tussen Nederland en de eilanden – zoals 
procedures voor het verkrijgen van reisbeurzen, visa en woonruimte – 
kunnen zoveel mogelijk worden weggenomen, bijvoorbeeld door het aan­
stellen van functionarissen die hierbij kunnen ondersteunen. Ook deze 
aspecten ­kunnen we beschouwen als een lange en ongewenste doorwer­
king van het slavernijverleden en koloniale slavernijverleden. Inzicht in de slavernijgeschiedenis in al zijn diversiteit kan 
­aanknopingspunten bieden voor een beter begrip van de veelomvattend­
heid en vergaande doorwerking van het koloniale slavernijverleden. Door 
ruimte te bieden voor verdieping en aan uiteenlopende perspectieven kan 
een vruchtbare grond ontstaan voor dialoog en wederzijds begrip. In Staat 
en slavernij pleiten de auteurs voor het doen van onderzoek dat gebaseerd 
is op nauwe samenwerking tussen universitaire en andere onderzoeks- en 
kennisinstituten, archieven, musea, erfgoedinstellingen en organisaties 
van nazaten. Als vervolg op Staat en slavernij zal later een onderzoeks­
agenda gepubliceerd worden. Alleen door minder gefragmenteerd en ad 
hoc te werk te gaan, kan een ambitieuze kennisagenda tot stand komen, 
niet alleen voor bewustwording en kennisdeling, maar ook voor nieuw 
fundamenteel wetenschappelijk onderzoek. Daarbij gaat het om langduri­
ge onderzoeken op verschillende terreinen en vanuit verschillende disci­
plines.",staat slavernij maatschappelijke impact relevan netwerken diverse gemeenschappen mee wegen nederland vraagt tevens herziening perso neelsbeleid universiteiten onderzoeksinstituten structurele ver anderingen personeelsbestand docenten onderzoekers realiseren praktische obstakels nederland eilanden procedures verkrijgen reisbeurzen visa woonruimte zoveel mogelijk weggenomen bijvoorbeeld stellen functionarissen hierbij ondersteunen aspecten beschouwen lange ongewenste doorwer king slavernijverleden koloniale slavernijverleden inzicht slavernijgeschiedenis diversiteit aanknopingspunten bieden beter begrip veelomvattend heid vergaande doorwerking koloniale slavernijverleden ruimte bieden verdieping uiteenlopende perspectieven vruchtbare grond ontstaan dialoog wederzijds begrip staat slavernij pleiten auteurs gebaseerd nauwe samenwerking universitaire onderzoeks kennisinstituten archieven musea erfgoedinstellingen organisaties nazaten vervolg staat slavernij later onderzoeks agenda gepubliceerd alleen gefragmenteerd ad hoc werk gaan ambitieuze kennisagenda stand komen alleen bewustwording kennisdeling nieuw fundamenteel wetenschappelijk daarbij gaat langduri onderzoeken verschillende terreinen vanuit verschillende disci plines,0.46304159137317974,0.4831679522464129,0.4218044780110732,0.4831679522464129,Historical Slavery,0.020126360873233162,staat slavernij maatschappelijke impact relevan netwerken diverse gemeenschappen mee wegen nederland vraagt tevens herziening perso neelsbeleid universiteiten onderzoeksinstituten structurele ver anderingen personeelsbestand docenten onderzoekers realiseren praktische obstakels nederland eilanden procedures verkrijgen reisbeurzen visa woonruimte zoveel mogelijk weggenomen bijvoorbeeld stellen functionarissen hierbij ondersteunen aspecten beschouwen lange ongewenste doorwer king slavernijverleden koloniale slavernijverleden inzicht slavernijgeschiedenis diversiteit aanknopingspunten bieden beter begrip veelomvattend heid vergaande doorwerking koloniale slavernijverleden ruimte bieden verdieping uiteenlopende perspectieven vruchtbare grond ontstaan dialoog wederzijds begrip staat slavernij pleiten auteurs gebaseerd nauwe samenwerking universitaire onderzoeks kennisinstituten archieven musea erfgoedinstellingen organisaties nazaten vervolg staat slavernij later onderzoeks agenda gepubliceerd alleen gefragmenteerd ad hoc werk gaan ambitieuze kennisagenda stand komen alleen bewustwording kennisdeling nieuw fundamenteel wetenschappelijk daarbij gaat langduri onderzoeken verschillende terreinen vanuit verschillende disci plines,1,Historical Slavery,0.58040696,0.09518761,0.58040696,0.3244054,0.25600156,low
C:\Users\Home\policy-analysis\Slavery_text\Allen e.a. - 2023 - Staat en slavernij het Nederlandse koloniale slavernijverleden en zijn doorwerkingen.449.txt,429e64cb:00002,10,"De Keti Koti-lezing wordt georganiseerd 
door het NiNsee. Hilary Beckles, De Keti 
Koti-lezing 2021 (30 juni 2021): www. youtube.com/watch?v=uWFe4t3FPZU. 9. Armand Zunder, Herstelbetalingen. De 
‘Wiedergutmachung’ voor de schade die Suriname 
en haar bevolking hebben geleden onder het 
Nederlands kolonialisme (Den Haag 2010). 10. Deelnemer aan de Reparation Summit in 
New York in 2015, interview door auteur, 
14 juni 2018, interview Dataset ‘Narrated (In)
Justice’: https://doi.org/10.17026/dans-ze8-
yg84. 11. Barryl A.",keti koti lezing georganiseerd ninsee hilary beckles keti koti lezing juni www youtube com watch v uwfe4t3fpzu armand zunder herstelbetalingen wiedergutmachung schade suriname bevolking geleden nederlands kolonialisme den haag deelnemer reparation summit new york interview auteur juni interview dataset narrated justice https doi org dans ze8 yg84 barryl,0.5419096270929814,0.4819955803951236,0.5112334993294645,0.5419096270929814,Colonialism,0.030676127763516914,keti koti lezing georganiseerd ninsee hilary beckles keti koti lezing juni www youtube com watch v uwfe4t3fpzu armand zunder herstelbetalingen wiedergutmachung schade suriname bevolking geleden nederlands kolonialisme den haag deelnemer reparation summit new york interview auteur juni interview dataset narrated justice https doi org dans ze8 yg84 barryl,0,Colonialism,0.536609,0.536609,0.016537897,0.44685307,0.08975592,low
C:\Users\Home\policy-analysis\Slavery_text\Allen e.a. - 2023 - Staat en slavernij het Nederlandse koloniale slavernijverleden en zijn doorwerkingen.450.txt,3f46e62e:00008,3,"622, W.M. de Brauw aan AE. Mackay, 27 maart 1891.",w brauw ae mackay maart,0.5207914182819313,0.481559868458281,0.44917880031701823,0.5207914182819313,Colonialism,0.03923154982365029,w brauw ae mackay maart,1,Historical Slavery,0.5313111,0.41813836,0.5313111,0.050550528,0.11317274,low
C:\Users\Home\policy-analysis\Slavery_text\Allen e.a. - 2023 - Staat en slavernij het Nederlandse koloniale slavernijverleden en zijn doorwerkingen.454.txt,f5782318:00005,10,"nycm, nysa, Court Proceedings, 8 
september 1644, inventarisnummer iv, 202, 
nysa; Documents Relative to the Colonial 
History of the State of New York, nysa, 
‘Journal of Esopus War; by Capt. Martin 
Cregier,’ in v.13, (vert.) E.B. O’Callaghan en 
Berthold Fernow (Albany: Weed, Parsons 
and Company 1853), 323-354: 328, 330, 338; 
nycm, nysa, Stuyvesant to the vice-director 
of Curaçao, 12 juli 1660, inventarisnummer 
xiii, 10. 3. De Nieuw Amsterdamse dooplijsten zijn 
gepubliceerd in Francis Sypher, Liber A of the 
Collegiate Churches of New York, part 2 (Grand 
Rapids, William B. Eerdmans 2015). Voor 
meer over Manuel de Gerrit de Reus zie 
nycm, nysa, Court Proceedings, 17 januari 
1641, inventarisnummer iv, 83; nycm, nysa, 
Sentence of Manuel de Gerrit de Reus, 
24 januari 1641, inventarisnummer, iv, 84; 
nycm, nysa, Council Minutes, 24 januari 
1641, inventarisnummer iv, 85; nycm, nysa, 
Minutes, 25 februari 1644, 
inventarisnummer iv, 183; A.J. Van Laer, 
Council Minutes 1638-1649 (Baltimore 1974) 
213. 4. E.B.",martin cregier v vert e b nieuw amsterdamse dooplijsten gepubliceerd francis sypher liber collegiate churches new york part grand rapids william b eerdmans manuel gerrit reus zie nycm nysa court proceedings januari inventarisnummer iv nycm nysa sentence manuel gerrit reus januari inventarisnummer iv nycm nysa council minutes januari inventarisnummer iv nycm nysa minutes februari inventarisnummer iv j laer council minutes baltimore e b,0.4686812839277824,0.4495149930511802,0.36035127454367344,0.4686812839277824,Colonialism,0.01916629087660221,martin cregier v vert e b nieuw amsterdamse dooplijsten gepubliceerd francis sypher liber collegiate churches new york part grand rapids william b eerdmans manuel gerrit reus zie nycm nysa court proceedings januari inventarisnummer iv nycm nysa sentence manuel gerrit reus januari inventarisnummer iv nycm nysa council minutes januari inventarisnummer iv nycm nysa minutes februari inventarisnummer iv j laer council minutes baltimore e b,1,Historical Slavery,0.5502715,0.35674956,0.5502715,0.0929789,0.19352195,low
C:\Users\Home\policy-analysis\Slavery_text\Allen e.a. - 2023 - Staat en slavernij het Nederlandse koloniale slavernijverleden en zijn doorwerkingen.457.txt,caa09e52:00006,10,"Een vergeten bladzijde? De vroege 
participatie van de Zuidelijke Nederlanden 
aan slavernij – Jeroen Puttevils
1. Hugo Soly, Capital at Work in Antwerp’s Golden 
Age (Turnhout 2021). 2. F. Donnet, ‘Les Anversois aux Canaries, un 
voyage mouvementé au xvie siècle,’ Bulletin 
de la Société de Géographie d’Anvers 18-19 (1895-
1896) 276-311, 202-365. 3. Origineel document is in Archivo General de 
Indias, Indiferente General, 419, libro 7, folio 
735r-v. Editie in: G. Scelle, La Traité négrière 
aux Indes de Castille (Parijs 1906) 755.",vergeten bladzijde vroege participatie zuidelijke nederlanden slavernij jeroen puttevils hugo soly capital work antwerp golden age turnhout f donnet les anversois aux canaries un voyage mouvementé au xvie siècle bulletin la société géographie anvers origineel document archivo general indias indiferente general libro folio 735r v editie g scelle la traité négrière aux indes castille parijs,0.44984818897613915,0.40316654973323407,0.3765342416285812,0.44984818897613915,Colonialism,0.04668163924290508,vergeten bladzijde vroege participatie zuidelijke nederlanden slavernij jeroen puttevils hugo soly capital work antwerp golden age turnhout f donnet les anversois aux canaries un voyage mouvementé au xvie siècle bulletin la société géographie anvers origineel document archivo general indias indiferente general libro folio 735r v editie g scelle la traité négrière aux indes castille parijs,2,Modern Racism & Inequality,0.5237378,0.44911352,0.027148664,0.5237378,0.07462427,low
C:\Users\Home\policy-analysis\Slavery_text\Allen e.a. - 2023 - Staat en slavernij het Nederlandse koloniale slavernijverleden en zijn doorwerkingen.458.txt,89721aa3:00006,10,"War, Trade, and 
Settlement in the Seventeenth-Century Atlantic 
World (Ithaca 2016); Karwan Fatah-Black, 
Lauren Lauret en Joris van den Tol, 
Dienstbaar aan de Keten? De Nederlandsche Bank 
en de laatste decennia van de slavernij, 1814-1863 
(Leiden 2022) 129-164. ◼ ◼◼  26. De verstrengeling van kolonialisme en 
lokale samenleving: de Sefarden op Curaçao 
– Jeanne Henriquez 
1. Isaac Emmanuel en Suzanne A. Emmanuel, 
History of the Jews of the Netherlands Antilles, 
1970, deel 1, 77; The Alvares Correa Families of 
Curaçao and Brazil (Parijs 1965) 10. 2. Christian Cwik, The Rise of Jewish Merchants 
Capitalists in the Caribbean. The Triangulation of 
Barbados, Jamaica and Curaçao, University of 
the West Indies (Trinidad & Tobago 2016). 3.",war trade settlement seventeenth century atlantic world ithaca karwan fatah black lauren lauret joris den tol dienstbaar keten nederlandsche bank laatste decennia slavernij leiden verstrengeling kolonialisme lokale samenleving sefarden curaçao jeanne henriquez isaac emmanuel suzanne,0.5152570857706132,0.4644865414806415,0.47888641828878664,0.5152570857706132,Colonialism,0.0363706674818266,war trade settlement seventeenth century atlantic world ithaca karwan fatah black lauren lauret joris den tol dienstbaar keten nederlandsche bank laatste decennia slavernij leiden verstrengeling kolonialisme lokale samenleving sefarden curaçao jeanne henriquez isaac emmanuel suzanne,0,Colonialism,0.56395686,0.56395686,0.0034377105,0.43260545,0.13135141,low
C:\Users\Home\policy-analysis\Slavery_text\Allen e.a. - 2023 - Staat en slavernij het Nederlandse koloniale slavernijverleden en zijn doorwerkingen.459.txt,c85d3571:00001,10,"5. Janneke Stegeman, ‘“De kinderen der 
heydenen.” Utrecht, de kerk en slavernij,’ in: 
Nancy Jouwe, Matthijs Kuipers en Remco 
Raben (red.), Slavernij en de stad Utrecht 
(Zutphen 2021) 173. 6. Pearl I. Gerding, Op weg naar grotere hoogten. Een geschiedenis van een kerk (Paramaribo 2019 
[vernieuwde editie]) 25-29. 7. In veel Spaanse koloniën was de katholieke 
kerk juist de dominante kerk. Over de vraag 
of slavernij in een ‘katholieke’ kolonie beter 
zou zijn dan in een ‘protestantse’ kolonie is 
al veel gedebatteerd. Zie hierover Frank 
Tannenbaum, Slave and Citizen.",janneke stegeman kinderen heydenen utrecht kerk slavernij nancy jouwe matthijs kuipers remco raben red slavernij stad utrecht zutphen pearl gerding weg grotere hoogten geschiedenis kerk paramaribo vernieuwde editie spaanse koloniën katholieke kerk juist dominante kerk slavernij katholieke kolonie beter protestantse kolonie gedebatteerd zie hierover frank tannenbaum slave citizen,0.5419161399994739,0.4529716496358993,0.47438121518608084,0.5419161399994739,Colonialism,0.06753492481339302,janneke stegeman kinderen heydenen utrecht kerk slavernij nancy jouwe matthijs kuipers remco raben red slavernij stad utrecht zutphen pearl gerding weg grotere hoogten geschiedenis kerk paramaribo vernieuwde editie spaanse koloniën katholieke kerk juist dominante kerk slavernij katholieke kolonie beter protestantse kolonie gedebatteerd zie hierover frank tannenbaum slave citizen,0,Colonialism,0.57080626,0.57080626,0.006073756,0.42311993,0.14768633,low
C:\Users\Home\policy-analysis\Slavery_text\Allen e.a. - 2023 - Staat en slavernij het Nederlandse koloniale slavernijverleden en zijn doorwerkingen.459.txt,c85d3571:00005,7,"5. Gerhard de Kok, ‘Cursed Capital. The 
Economic Impact of the Transatlantic Slave 
Trade on Walcheren around 1770,’ tseg/ Low 
Countries Journal of Social and Economic History 
13:3 (2016) 1-27; Felicia Fricke, ‘Productie en 
handel van glazen kralen in Amsterdam,’ in: 
Pepijn Brandon, Guno Jones, Nancy Jouwe 
en Matthias van Rossum (red.), Slavernij in 
Oost en West. Het Amsterdam onderzoek 
(Amsterdam 2019) 257-263; Merel Blok, 
‘Schiedam en het Atlantische 
slavernijverleden,’ Schiedams Historisch 
Jaarboek (2021) 16-37. 6. Tamira Combrink, ‘Slave-Based Coffee in the 
Eighteenth Century and the Role of the 
Dutch in Global Commodity Chains,’ Slavery 
& Abolition 42:1 (2021) 15-42; Karwan Fatah-
Black, Lauren Lauret en Joris van den Tol, 
Dienstbaar aan de keten? De Nederlandsche Bank",gerhard kok cursed capital economic impact transatlantic slave trade walcheren around tseg low countries journal social economic history felicia fricke productie handel glazen kralen amsterdam pepijn brandon guno jones nancy jouwe matthias rossum red slavernij oost west amsterdam amsterdam merel blok schiedam atlantische slavernijverleden schiedams historisch jaarboek tamira combrink slave based coffee eighteenth century role dutch global commodity chains slavery abolition karwan fatah black lauren lauret joris den tol dienstbaar keten nederlandsche bank,0.44150245279364614,0.4660282323257737,0.35363497366642155,0.4660282323257737,Historical Slavery,0.024525779532127534,gerhard kok cursed capital economic impact transatlantic slave trade walcheren around tseg low countries journal social economic history felicia fricke productie handel glazen kralen amsterdam pepijn brandon guno jones nancy jouwe matthias rossum red slavernij oost west amsterdam amsterdam merel blok schiedam atlantische slavernijverleden schiedams historisch jaarboek tamira combrink slave based coffee eighteenth century role dutch global commodity chains slavery abolition karwan fatah black lauren lauret joris den tol dienstbaar keten nederlandsche bank,0,Colonialism,0.5672041,0.5672041,0.21430655,0.21848938,0.34871474,low
C:\Users\Home\policy-analysis\Slavery_text\Allen e.a. - 2023 - Staat en slavernij het Nederlandse koloniale slavernijverleden en zijn doorwerkingen.460.txt,81d0b74d:00002,10,"10. J. Haverkamp, ’s Lands verydelde hoope ter 
geheugenisse der ingezetenen vertoont in een kort 
begrip der historie van het leven van Willem Karel 
Hendrik Friso (Amsterdam 1853) 55. ◼ ◼◼  Het koloniale slavernijverleden en 
doorwerkingen: bevindingen  – Rose Mary 
Allen, Esther Captain, Matthias van Rossum 
en Urwin Vyent
1. Trouw, 5 april 2023. 2. Algemeen Dagblad, 20 december 2022. Kaderteksten 
◼ ◼◼  Methode: archeologie – Felicia Fricke 
1. Zie onder meer: David R. Carlson en Amy 
Jordan, ‘Visibility and Power.",j haverkamp lands verydelde hoope ter geheugenisse ingezetenen vertoont kort begrip historie leven willem karel hendrik friso amsterdam koloniale slavernijverleden doorwerkingen bevindingen rose mary allen esther captain matthias rossum urwin vyent trouw april algemeen dagblad december kaderteksten methode archeologie felicia fricke zie david r carlson amy jordan visibility power,0.49032411274934523,0.462330134772222,0.4744306690567999,0.49032411274934523,Colonialism,0.015893443692545306,j haverkamp lands verydelde hoope ter geheugenisse ingezetenen vertoont kort begrip historie leven willem karel hendrik friso amsterdam koloniale slavernijverleden doorwerkingen bevindingen rose mary allen esther captain matthias rossum urwin vyent trouw april algemeen dagblad december kaderteksten methode archeologie felicia fricke zie david r carlson amy jordan visibility power,2,Modern Racism & Inequality,0.5423751,0.23103079,0.22659415,0.5423751,0.3113443,low
C:\Users\Home\policy-analysis\Slavery_text\Allen e.a. - 2023 - Staat en slavernij het Nederlandse koloniale slavernijverleden en zijn doorwerkingen.465.txt,f2e5f4e4:00003,10,"A 
Thematic Analysis of Archeological, Osteological, and 
Oral Historical Data (Kent 2019). Frijhoff, Willem, Wegen van Evert Willemsz. Een 
Hollands weeskind op zoek naar zichzelf (Nijmegen 
1995). ◼ ◼◼  G
Galen, S.E.A. van, Arakan and Bengal. The Rise 
and Decline of the Mrauk U Kingdom (Burma) 
from the Fifteenth to the Seventeenth Century AD 
(proefschrift, Universiteit Leiden 2008). Gelderblom, Oscar, Abe de Jong, en Joost 
Jonker, ‘The Formative Years of the Modern 
Corporation. The Dutch East India Company 
voc, 1602-1623,’ The Journal of Economic History 
73:4 (2013) 1050-1076. Gerding, Pearl I., Op weg naar grotere hoogten. Een geschiedenis van een kerk (Paramaribo 2019 
[vernieuwde editie]).",thematic analysis archeological osteological oral historical data kent frijhoff willem wegen evert willemsz hollands weeskind zoek zichzelf nijmegen g galen e arakan bengal gelderblom oscar abe jong joost jonker formative years modern corporation gerding pearl weg grotere hoogten geschiedenis kerk paramaribo vernieuwde editie,0.500845435951902,0.4329364629781877,0.4593853172753781,0.500845435951902,Colonialism,0.04146011867652388,thematic analysis archeological osteological oral historical data kent frijhoff willem wegen evert willemsz hollands weeskind zoek zichzelf nijmegen g galen e arakan bengal gelderblom oscar abe jong joost jonker formative years modern corporation gerding pearl weg grotere hoogten geschiedenis kerk paramaribo vernieuwde editie,2,Modern Racism & Inequality,0.54763085,0.3911113,0.061257828,0.54763085,0.15651953,low
C:\Users\Home\policy-analysis\Slavery_text\Allen e.a. - 2023 - Staat en slavernij het Nederlandse koloniale slavernijverleden en zijn doorwerkingen.465.txt,f2e5f4e4:00005,10,"Nancy McClure Zeller (Albany 1991). Goodfriend, Joyce, Before the Melting Pot. Society 
and Culture in Colonial New York City, 1644-1730 
(Princeton 1992). Gready, Paul en Simon Robins, ‘From 
Transitional to Transformative Justice. A New 
Agenda for Practice,’ The International Journal of 
Transitional Justice 8(3) (2014) 339-361. Greene, J.P., Negotiated Authorities. Essays in 
Colonial Political and Constitutional History 
(Charlottesville 1994). Groen, Petra e.a., Krijgsgeweld en kolonie. Opkomst en ondergang van Nederland als koloniale 
mogendheid, 1816-2010 (2021). Grovestins, Willem van en W.",nancy mcclure zeller albany goodfriend joyce melting pot society culture colonial new york city princeton gready paul simon robins transitional transformative justice greene j p negotiated authorities essays colonial political constitutional history charlottesville groen petra e krijgsgeweld kolonie opkomst ondergang nederland koloniale mogendheid grovestins willem w,0.534002861853993,0.3376901232920875,0.4611596364484424,0.534002861853993,Colonialism,0.07284322540555066,nancy mcclure zeller albany goodfriend joyce melting pot society culture colonial new york city princeton gready paul simon robins transitional transformative justice greene j p negotiated authorities essays colonial political constitutional history charlottesville groen petra e krijgsgeweld kolonie opkomst ondergang nederland koloniale mogendheid grovestins willem w,2,Modern Racism & Inequality,0.5297516,0.46839967,0.0018486883,0.5297516,0.061351925,low
C:\Users\Home\policy-analysis\Slavery_text\Allen e.a. - 2023 - Staat en slavernij het Nederlandse koloniale slavernijverleden en zijn doorwerkingen.468.txt,e901a1fa:00000,10,"— 468 —
— STAAT EN SLAVERNIJ —
en het apostolaat der Moravische Broeders in 
Suriname 1735-1863 (Paramaribo 1956). Linde, Johan M. van der, Surinaamse suikerheren en 
hun kerk (Wageningen 1966). Linde, Johan M. van der, Jan Willem Kals 1700-1781. Leraar der hervormden, advocaat van indiaan en 
neger (Kampen 1987). Lurvink, Karin, ‘The Insurance of Mass Murder. The Development of Slave Life Insurance 
Policies of Dutch Private Slave Ships, 1720–
1780,’ Enterprise & Society 21:1 (2020) 210-238. Lyna, D. en L.",staat slavernij apostolaat moravische broeders suriname paramaribo linde johan surinaamse suikerheren kerk wageningen linde johan jan willem kals leraar hervormden advocaat indiaan neger kampen lurvink karin insurance mass murder lyna l,0.5434840322582979,0.4971409332022462,0.4858329657467378,0.5434840322582979,Colonialism,0.04634309905605166,staat slavernij apostolaat moravische broeders suriname paramaribo linde johan surinaamse suikerheren kerk wageningen linde johan jan willem kals leraar hervormden advocaat indiaan neger kampen lurvink karin insurance mass murder lyna l,2,Modern Racism & Inequality,0.5806569,0.366286,0.053057164,0.5806569,0.21437088,low
C:\Users\Home\policy-analysis\Slavery_text\Allen e.a. - 2023 - Staat en slavernij het Nederlandse koloniale slavernijverleden en zijn doorwerkingen.470.txt,0817b8e7:00004,10,"Sources on Slavery from 
the Indian Ocean World (Londen 2020). Rothberg, Michael, The Implicated Subject. Beyond 
Victims and Perpetrators (Stanford 2019). Rutgers, Wim, Het nulde hoofdstuk van de 
Antilliaanse literatuur. Koloniale poëzie in de 
Curaçaosche Courant (Oranjestad 1988). ◼ ◼◼  S
Said, Edward, Culture and Imperialism (New York 
1993). Salm, Harriët, ‘Het slavernijverleden drukt nog 
altijd een stempel op de samenleving, zegt 
organisator herdenking,’ Trouw (1 juli 2020). Scelle, G., La Traité négrière aux Indes de Castille 
(Parijs 1906). Scheurleer, Lunsingh, ‘De Stadhouderlijke 
verzamelingen,’ 150 Jaar Koninklijk Kabinet van 
Schilderijen, Koninklijke Bibliotheek, Koninklijk 
Penningkabinet (1967). Schreuder, Esther, Cupido en Sideron, Twee Moren 
aan het hof van Oranje (Amsterdam 2017).",rothberg michael implicated subject beyond victims perpetrators stanford rutgers wim nulde hoofdstuk antilliaanse literatuur koloniale poëzie curaçaosche courant oranjestad said edward culture imperialism new york salm harriët slavernijverleden drukt stempel samenleving zegt organisator herdenking trouw juli scelle g la traité négrière aux indes castille parijs scheurleer lunsingh stadhouderlijke verzamelingen koninklijk kabinet schilderijen koninklijke bibliotheek koninklijk penningkabinet schreuder esther cupido sideron twee moren hof oranje amsterdam,0.48716507487096117,0.43558188399019226,0.4539780278207748,0.48716507487096117,Colonialism,0.03318704705018638,rothberg michael implicated subject beyond victims perpetrators stanford rutgers wim nulde hoofdstuk antilliaanse literatuur koloniale poëzie curaçaosche courant oranjestad said edward culture imperialism new york salm harriët slavernijverleden drukt stempel samenleving zegt organisator herdenking trouw juli scelle g la traité négrière aux indes castille parijs scheurleer lunsingh stadhouderlijke verzamelingen koninklijk kabinet schilderijen koninklijke bibliotheek koninklijk penningkabinet schreuder esther cupido sideron twee moren hof oranje amsterdam,0,Colonialism,0.5800495,0.5800495,0.008171096,0.4117794,0.16827011,low
C:\Users\Home\policy-analysis\Slavery_text\Allen e.a. - 2023 - Staat en slavernij het Nederlandse koloniale slavernijverleden en zijn doorwerkingen.471.txt,22a99499:00002,10,"Subrahmanyam, Sanjay, ‘Slaves and Tyrants. Dutch Tribulations in Seventeenth century 
Mrauk-U,’ Journal of Early Modern History 1, 3 
(1997) 201-253. Sungur, Mahmut, interview met de auteur, 17 
november 2022, Utrecht. Sutherland, Heather, ‘Slavery and the Slave 
Trade in South Sulawesi, 1660s-1800s,’ in: Reid, 
e.a., Slavery, Bondage, and Dependency in Southeast 
Asia (New York 1983) 261-283. Swart, Sandra, ‘Riding High. Horses, Power and 
Settler Society, c. 1654-1840,’ Kronos 29 (2003) 
47-63. ◼ ◼◼  T
Tang, Dirk J., Met Hollandse bedaardheid. Hoe 
Nederland tussen 1800 en 1873 slavernij in de koloniën 
afschafte (Zutphen 2021). Tannenbaum, Frank, Slave and Citizen.",subrahmanyam sanjay slaves tyrants dutch tribulations seventeenth century mrauk journal early modern history sungur mahmut interview auteur november utrecht swart sandra riding high horses power settler society c kronos tang dirk j hollandse bedaardheid nederland slavernij koloniën afschafte zutphen tannenbaum frank slave citizen,0.4655340345965225,0.42623619037628147,0.39631947186091493,0.4655340345965225,Colonialism,0.03929784422024102,subrahmanyam sanjay slaves tyrants dutch tribulations seventeenth century mrauk journal early modern history sungur mahmut interview auteur november utrecht swart sandra riding high horses power settler society c kronos tang dirk j hollandse bedaardheid nederland slavernij koloniën afschafte zutphen tannenbaum frank slave citizen,0,Colonialism,0.525467,0.525467,0.019165732,0.45536727,0.07009971,low
C:\Users\Home\policy-analysis\Slavery_text\Allen e.a. - 2023 - Staat en slavernij het Nederlandse koloniale slavernijverleden en zijn doorwerkingen.472.txt,f36b9966:00001,10,"◼ ◼◼  W
Wekker, Gloria, White Innocence. Paradoxes of 
Colonialism and Race (Londen 2016). Wickramasinghe, N., Slave in a Palanquin. Colonial 
Servitude and Resistance in Sri Lanka (New York 2020). Wijntuin, Peggy, interview met de auteur, 4 
november 2022, Rotterdam. Williams, Eric, Capitalism and slavery (Chapel Hill 
1944). Wilschut, Arie e.a., Forum. Bovenbouw havo 
(Groningen 2019). Winkels, W.E.H., Publicatiën en verordeningen 
betrekkelijk Surinam, res. 26 november 1749 
(Paramaribo 1816).",w wekker gloria white innocence paradoxes colonialism race londen wickramasinghe n slave palanquin colonial servitude resistance sri lanka new york wijntuin peggy interview auteur november rotterdam williams eric capitalism slavery chapel hill wilschut arie e forum bovenbouw havo groningen winkels w e h publicatiën verordeningen betrekkelijk surinam res november paramaribo,0.5042587200933657,0.4211570406411062,0.4544129453639008,0.5042587200933657,Colonialism,0.04984577472946489,w wekker gloria white innocence paradoxes colonialism race londen wickramasinghe n slave palanquin colonial servitude resistance sri lanka new york wijntuin peggy interview auteur november rotterdam williams eric capitalism slavery chapel hill wilschut arie e forum bovenbouw havo groningen winkels w e h publicatiën verordeningen betrekkelijk surinam res november paramaribo,2,Modern Racism & Inequality,0.5812616,0.41161025,0.007128227,0.5812616,0.16965133,low
C:\Users\Home\policy-analysis\Slavery_text\Allen e.a. - 2023 - Staat en slavernij het Nederlandse koloniale slavernijverleden en zijn doorwerkingen.54.txt,87cc7860:00000,8,"— 54 —
— STAAT EN SLAVERNIJ —
dekolonisatie van Indonesië, Suriname en het Caribische gebied) en  
(2) slavenarbeid op plantages en de opkomst van het abolitionisme.4
De manier waarop naar deze onderwerpen wordt verwezen (‘vensters 
van de canon van Nederland’ en ‘kenmerkende aspecten van tijdvakken’) 
maakt de behandeling ervan voor het basisonderwijs en de onderbouw 
van het voortgezet onderwijs nogal vrijblijvend, waardoor leraren de 
ruimte hebben om te doen en laten wat ze willen. Het laatstgenoemde 
onderwerp wordt bovendien expliciet genoemd in de examenprogram­
ma’s van havo en vwo, maar niet in dat van het vmbo. In 2021 deed een commissie voorstellen voor toekomstige kerndoelen 
met een beperkte omvang, waarin ter vervanging van de plantageslavernij 
en het abolitionisme gekozen is voor de minder eurocentrische vermel­
ding ‘ontstaan van mensenhandel tussen werelddelen’.5
◼◼ ◼◼  Schoolboeken 
Er zijn in Nederland zo’n zes commerciële educatieve uitgeverijen die 
series schoolboeken (gedrukte en digitale ‘methoden’) voor geschiedenis 
produceren. Zij en hun auteurs hebben de vrijheid om de inhoud daarvan 
te bepalen, maar zij hebben er natuurlijk belang bij om te voldoen aan de 
voorschriften. Zo mag je verwachten dat Anton de Kom na 2020 in alle 
schoolboeken, die meestal om 
de vijf jaar worden herzien, 
wordt behandeld. Maar hoe de 
voorgeschreven onder­werpen 
worden behandeld zal divers 
blijven, variërend van nauw­
gezet tot oppervlakkig. Het maakt dus veel uit voor 
welk schoolboek de leraren 
van een school kiezen en hoe 
uitgebreid de individuele 
leraar bij een onderwerp kan 
of wil stilstaan. Tussen 1878 en 1960 werd er op alle 
Nederlandse scholen ‘vaderlandse 
geschiedenis’ gegeven.",staat slavernij dekolonisatie indonesië suriname caribische gebied slavenarbeid plantages opkomst abolitionisme manier waarop onderwerpen verwezen vensters canon nederland kenmerkende aspecten tijdvakken maakt behandeling ervan basisonderwijs onderbouw voortgezet onderwijs nogal vrijblijvend waardoor leraren ruimte laten willen laatstgenoemde onderwerp bovendien expliciet genoemd examenprogram havo vwo vmbo deed commissie voorstellen toekomstige kerndoelen beperkte omvang waarin ter vervanging plantageslavernij abolitionisme gekozen eurocentrische vermel ding ontstaan mensenhandel werelddelen schoolboeken nederland n zes commerciële educatieve uitgeverijen series schoolboeken gedrukte digitale methoden geschiedenis produceren auteurs vrijheid inhoud daarvan bepalen natuurlijk belang voldoen voorschriften mag verwachten anton kom schoolboeken meestal vijf herzien behandeld voorgeschreven werpen behandeld divers blijven variërend nauw gezet oppervlakkig maakt welk schoolboek leraren school kiezen uitgebreid individuele leraar onderwerp stilstaan nederlandse scholen vaderlandse geschiedenis,0.5197805602329837,0.5129512394258452,0.5018055541433669,0.5197805602329837,Colonialism,0.006829320807138495,staat slavernij dekolonisatie indonesië suriname caribische gebied slavenarbeid plantages opkomst abolitionisme manier waarop onderwerpen verwezen vensters canon nederland kenmerkende aspecten tijdvakken maakt behandeling ervan basisonderwijs onderbouw voortgezet onderwijs nogal vrijblijvend waardoor leraren ruimte laten willen laatstgenoemde onderwerp bovendien expliciet genoemd examenprogram havo vwo vmbo deed commissie voorstellen toekomstige kerndoelen beperkte omvang waarin ter vervanging plantageslavernij abolitionisme gekozen eurocentrische vermel ding ontstaan mensenhandel werelddelen schoolboeken nederland n zes commerciële educatieve uitgeverijen series schoolboeken gedrukte digitale methoden geschiedenis produceren auteurs vrijheid inhoud daarvan bepalen natuurlijk belang voldoen voorschriften mag verwachten anton kom schoolboeken meestal vijf herzien behandeld voorgeschreven werpen behandeld divers blijven variërend nauw gezet oppervlakkig maakt welk schoolboek leraren school kiezen uitgebreid individuele leraar onderwerp stilstaan nederlandse scholen vaderlandse geschiedenis,1,Historical Slavery,0.43060568,0.25039572,0.43060568,0.31899858,0.111607105,low
C:\Users\Home\policy-analysis\Slavery_text\Allen e.a. - 2023 - Staat en slavernij het Nederlandse koloniale slavernijverleden en zijn doorwerkingen.63.txt,2684c5b7:00000,10,"— 63 —
— ACTUELE VRAAGSTUKKEN —
◼◼ ◼◼  Conclusie
Schoolboeken zijn sturend in het Nederlandse geschiedenisonderwijs – 
en daarin is het slavernijverleden nooit verzwegen. Toch is het onderwerp 
meestal beperkt en vanuit een zakelijk perspectief behandeld, wat de 
vraag oproept welke beelden van het Nederlandse slavernijverleden door 
Nederlanders in hun schooljaren zijn ontwikkeld en welke mogelijke 
gevolgen dat heeft gehad. Om een beter beeld te krijgen van de effecten 
van het vroegere en huidige geschiedenisonderwijs op het maatschappe­
lijk beeld en begrip van het slavernijverleden is nader onderzoek nood­
zakelijk. In de afgelopen decennia is in schoolboeken over dit onderwerp door 
maatschappelijke, onderwijspolitieke, didactische en historiografische 
ontwikkelingen meer en beter geschreven, met meer aandacht voor sociale 
en culturele aspecten en voor multiperspectiviteit en meerstemmigheid. In deze ontwikkeling profileerde een deel van de schoolboeken zich in 
bepaalde opzichten als koploper, terwijl andere schoolboeken meer volger 
of achterblijver waren. Voorbeelden uit de eerste twee categorieën tonen 
aan welke kant het in het algemeen opgaat. Dat wil niet zeggen dat aan 
die boeken niets mankeert, integendeel. Het omvangrijke Nederlandse 
slavernijverleden in Azië verdient bijvoorbeeld veel meer aandacht. Het is te verwachten dat alle schoolboeken voortdurend worden verbe­
terd, maar dat onderlinge kwaliteitsverschillen zullen blijven bestaan. Een 
structureel probleem in het geschiedenisonderwijs is de beperkte onder­
wijstijd, waardoor veel leerlingen over menig onderwerp (te) weinig leren.",actuele vraagstukken schoolboeken sturend nederlandse geschiedenisonderwijs daarin slavernijverleden nooit verzwegen onderwerp meestal beperkt vanuit zakelijk perspectief behandeld oproept beelden nederlandse slavernijverleden nederlanders schooljaren ontwikkeld mogelijke gevolgen gehad beter beeld krijgen effecten vroegere huidige geschiedenisonderwijs maatschappe lijk beeld begrip slavernijverleden nader nood zakelijk afgelopen decennia schoolboeken onderwerp maatschappelijke onderwijspolitieke didactische historiografische ontwikkelingen beter geschreven aandacht sociale culturele aspecten multiperspectiviteit meerstemmigheid ontwikkeling profileerde schoolboeken bepaalde opzichten koploper terwijl schoolboeken volger achterblijver voorbeelden eerste twee categorieën tonen kant algemeen opgaat zeggen boeken mankeert integendeel omvangrijke nederlandse slavernijverleden azië verdient bijvoorbeeld aandacht verwachten schoolboeken voortdurend verbe terd onderlinge kwaliteitsverschillen zullen blijven bestaan structureel probleem geschiedenisonderwijs beperkte wijstijd waardoor leerlingen menig onderwerp leren,0.4213304389298443,0.3971957727984964,0.4300372721197764,0.4300372721197764,Modern Racism & Inequality,0.008706833189932095,actuele vraagstukken schoolboeken sturend nederlandse geschiedenisonderwijs daarin slavernijverleden nooit verzwegen onderwerp meestal beperkt vanuit zakelijk perspectief behandeld oproept beelden nederlandse slavernijverleden nederlanders schooljaren ontwikkeld mogelijke gevolgen gehad beter beeld krijgen effecten vroegere huidige geschiedenisonderwijs maatschappe lijk beeld begrip slavernijverleden nader nood zakelijk afgelopen decennia schoolboeken onderwerp maatschappelijke onderwijspolitieke didactische historiografische ontwikkelingen beter geschreven aandacht sociale culturele aspecten multiperspectiviteit meerstemmigheid ontwikkeling profileerde schoolboeken bepaalde opzichten koploper terwijl schoolboeken volger achterblijver voorbeelden eerste twee categorieën tonen kant algemeen opgaat zeggen boeken mankeert integendeel omvangrijke nederlandse slavernijverleden azië verdient bijvoorbeeld aandacht verwachten schoolboeken voortdurend verbe terd onderlinge kwaliteitsverschillen zullen blijven bestaan structureel probleem geschiedenisonderwijs beperkte wijstijd waardoor leerlingen menig onderwerp leren,2,Modern Racism & Inequality,0.5367165,0.3021182,0.16116525,0.5367165,0.23459831,low
C:\Users\Home\policy-analysis\Slavery_text\Allen e.a. - 2023 - Staat en slavernij het Nederlandse koloniale slavernijverleden en zijn doorwerkingen.75.txt,0f81d120:00001,10,"Dit maakt het 
voor mij heel moeilijk om te bepalen welke rol ik als historicus wil vervullen in de 
media. Onder het mom van “aandacht voor het slavernijverleden” komen ook 
onzinnige dingen voorbij. Ik las laatst een boek dat werd aangekondigd als “een 
slavernijgeschiedenis”, maar het bleek gewoon een hervertelling van een 
reisverslag van een paar Europese ontdekkingsreizigers.’
Wetenschap
‘Ik zie nog allerlei gebieden waarop het onderzoek naar het slavernijverleden 
verbeterd kan worden. Nederlandse historici laten zich nogal meeslepen door de 
hype bij de overheid rond dit thema. Dat resulteert in onderzoeken waarin het 
nationale kader belangrijker wordt dan het in het verleden is geweest. Het is wat 
mij betreft beter om te bedenken dat handelaren en bestuurders in de koloniën 
helemaal niet zo bezig waren met Nederland, net zo min als de slaafgemaakten 
zelf. Je ziet dat de specifieke vlag van het bestuur er niet erg toe deed. Migratie, 
uitwisseling van kennis en de eigen identiteit werden niet bepaald door de 
koloniale vlag. Historici doen er goed aan dit voor ogen te houden, ook al zijn de 
beurzen waarmee zij hun onderzoek doen en de archieven die ze onderzoeken 
vaak nationaal van aard. Er worden mooie interdisciplinaire onderzoeken gedaan, bijvoorbeeld waarin 
archeologie een grote rol speelt.",maakt heel moeilijk bepalen rol historicus vervullen media mom aandacht slavernijverleden komen onzinnige dingen voorbij las laatst boek aangekondigd slavernijgeschiedenis bleek gewoon hervertelling reisverslag paar europese ontdekkingsreizigers wetenschap zie allerlei gebieden waarop slavernijverleden verbeterd nederlandse historici laten nogal meeslepen hype overheid rond thema resulteert onderzoeken waarin nationale kader belangrijker verleden betreft beter bedenken handelaren bestuurders koloniën helemaal bezig nederland net min slaafgemaakten ziet specifieke vlag bestuur erg toe deed migratie uitwisseling kennis eigen identiteit werden bepaald koloniale vlag historici goed ogen houden beurzen waarmee archieven onderzoeken vaak nationaal aard mooie interdisciplinaire onderzoeken gedaan bijvoorbeeld waarin archeologie grote rol speelt,0.5031897801019861,0.4875764099213165,0.40904512529474524,0.5031897801019861,Colonialism,0.015613370180669606,maakt heel moeilijk bepalen rol historicus vervullen media mom aandacht slavernijverleden komen onzinnige dingen voorbij las laatst boek aangekondigd slavernijgeschiedenis bleek gewoon hervertelling reisverslag paar europese ontdekkingsreizigers wetenschap zie allerlei gebieden waarop slavernijverleden verbeterd nederlandse historici laten nogal meeslepen hype overheid rond thema resulteert onderzoeken waarin nationale kader belangrijker verleden betreft beter bedenken handelaren bestuurders koloniën helemaal bezig nederland net min slaafgemaakten ziet specifieke vlag bestuur erg toe deed migratie uitwisseling kennis eigen identiteit werden bepaald koloniale vlag historici goed ogen houden beurzen waarmee archieven onderzoeken vaak nationaal aard mooie interdisciplinaire onderzoeken gedaan bijvoorbeeld waarin archeologie grote rol speelt,1,Historical Slavery,0.54240584,0.33405605,0.54240584,0.12353807,0.2083498,low
C:\Users\Home\policy-analysis\Slavery_text\Allen e.a. - 2023 - Staat en slavernij het Nederlandse koloniale slavernijverleden en zijn doorwerkingen.92.txt,350b91fc:00001,6,"Een vergelijkbare voorstelling staat op het timpaan op 
de achterkant van het Amsterdamse stadhuis (nu het Paleis) op de Dam. Vanaf het begin was er kritiek op de koets, die symbool zou staan voor de 
ondemocratische en geldverslindende monarchie. Maar vrijwel niemand leek de 
voorstelling op het linkerpaneel echt te zien. Al sinds 2009 bekritiseerde Jeffry 
Pondaag (voorzitter van het Comité Nederlandse Ereschulden) de Gouden Koets 
en de omgang met het Nederlands kolonialisme. In september 2011 riep hij in 
een ingezonden brief koningin Beatrix op het paneel te laten verwijderen. Medeondertekenaar Barryl Biekman van het Landelijk Platform Slavernijverleden 
bestookte daarna jarenlang de regering en de koning met kritische brieven,",vergelijkbare voorstelling staat timpaan achterkant amsterdamse stadhuis paleis dam vanaf begin kritiek koets symbool staan ondemocratische geldverslindende monarchie vrijwel niemand leek voorstelling linkerpaneel echt zien bekritiseerde jeffry pondaag voorzitter comité nederlandse ereschulden gouden koets omgang nederlands kolonialisme september riep ingezonden brief koningin beatrix paneel laten verwijderen medeondertekenaar barryl biekman landelijk platform slavernijverleden bestookte daarna jarenlang regering koning kritische brieven,0.5273034504655377,0.5192271345344812,0.47054171145853885,0.5273034504655377,Colonialism,0.00807631593105651,vergelijkbare voorstelling staat timpaan achterkant amsterdamse stadhuis paleis dam vanaf begin kritiek koets symbool staan ondemocratische geldverslindende monarchie vrijwel niemand leek voorstelling linkerpaneel echt zien bekritiseerde jeffry pondaag voorzitter comité nederlandse ereschulden gouden koets omgang nederlands kolonialisme september riep ingezonden brief koningin beatrix paneel laten verwijderen medeondertekenaar barryl biekman landelijk platform slavernijverleden bestookte daarna jarenlang regering koning kritische brieven,2,Modern Racism & Inequality,0.5218353,0.42113817,0.05702656,0.5218353,0.10069716,low
C:\Users\Home\policy-analysis\Slavery_text\Allen e.a. - 2023 - Staat en slavernij het Nederlandse koloniale slavernijverleden en zijn doorwerkingen.93.txt,508a89c0:00000,10,"— 93 —
maar toch werd in 2015 besloten de Gouden Koets te restaureren en te blijven 
gebruiken. Black Lives Matter intensiveerde vervolgens het debat over 
racistische beelden. Het Amsterdam Museum riep bezoekers op hun mening te 
geven over de toekomst van de koets. Die werd nog meer een ‘koloniaal object’ 
toen in september 2022 na natuurwetenschappelijk onderzoek vastgesteld 
werd dat het bladgoud afkomstig is uit Suriname. Toen had de koning de Gouden 
Koets inmiddels al ongeschikt verklaard voor ceremonieel gebruik. De Gouden Koets is exemplarisch voor de manier waarop de koloniale 
geschiedenis van nationale objecten lang ogenschijnlijk onzichtbaar kon blijven, 
nota bene in de publieke ruimte. De gecombineerde kracht van activisten én een 
museum dat besloot de koloniale aspecten van de koets zichtbaar te maken 
leidde tot intense maar genuanceerde gesprekken, nieuwe perspectieven, 
en uiteindelijk tot het besluit van de koning. Annemarie de Wildt (1956) is sinds 1995 conservator bij het Amsterdam 
Museum. Hier werkte ze onder meer mee aan de tentoonstelling over de 
Gouden Koets. Ze heeft ook meegewerkt aan de Gids Slavernijverleden  
Amsterdam.",besloten gouden koets restaureren blijven gebruiken black lives matter intensiveerde vervolgens debat racistische beelden amsterdam museum riep bezoekers mening geven toekomst koets koloniaal object september natuurwetenschappelijk vastgesteld bladgoud afkomstig suriname koning gouden koets inmiddels ongeschikt verklaard ceremonieel gouden koets exemplarisch manier waarop koloniale geschiedenis nationale objecten lang ogenschijnlijk onzichtbaar blijven nota bene publieke ruimte gecombineerde kracht activisten én museum besloot koloniale aspecten koets zichtbaar maken leidde intense genuanceerde gesprekken nieuwe perspectieven uiteindelijk besluit koning annemarie wildt conservator amsterdam museum werkte mee tentoonstelling gouden koets meegewerkt gids slavernijverleden amsterdam,0.5454195596409627,0.5527397999388017,0.4316730297503843,0.5527397999388017,Historical Slavery,0.007320240297839065,besloten gouden koets restaureren blijven gebruiken black lives matter intensiveerde vervolgens debat racistische beelden amsterdam museum riep bezoekers mening geven toekomst koets koloniaal object september natuurwetenschappelijk vastgesteld bladgoud afkomstig suriname koning gouden koets inmiddels ongeschikt verklaard ceremonieel gouden koets exemplarisch manier waarop koloniale geschiedenis nationale objecten lang ogenschijnlijk onzichtbaar blijven nota bene publieke ruimte gecombineerde kracht activisten én museum besloot koloniale aspecten koets zichtbaar maken leidde intense genuanceerde gesprekken nieuwe perspectieven uiteindelijk besluit koning annemarie wildt conservator amsterdam museum werkte mee tentoonstelling gouden koets meegewerkt gids slavernijverleden amsterdam,0,Colonialism,0.5725325,0.5725325,0.34856078,0.07890676,0.2239717,low
C:\Users\Home\policy-analysis\Slavery_text\Amsterdam en het slavernijverleden.94.txt,9a9112c8:00000,10,"Initiatieven uit de samenleving
Er kwamen de afgelopen decennia nog 
veel meer initiatieven uit de samenleving. Zo ontstonden Buku Surinamica (1985, 
een collectie van Surinaamse boeken en 
prenten), The Black Heritage Amsterdam 
Tours (2013, een rondleiding over het 
koloniale verleden van Amsterdam) en 
The Black Archives (2015, een historisch 
archief vanuit zwart perspectief). In 2018 
startte ook het Dekoloniaal Netwerk 
Nederlands-Indië. Dit soort initiatieven 
delen kennis over de slavernij en de 
doorwerking ervan in het heden, vanuit 
het perspectief van de nazaten van tot 
slaafgemaakten. Ze breken zo met de 
traditionele perspectieven waarin de 
ervaring van de witte Nederlander 
centraal staat. Met name de laatste 
tien jaar ver­schenen er allerlei films, 
boeken, podcasts, televisieseries en 
tentoon­stellingen over de slavernij. Keti Koti
Keti Koti betekent Verbroken 
Ketenen. Het is zowel de 
herdenking van het trans-
Atlantische slavernijverleden als de 
viering van de afschaffing ervan. Keti Koti is op 1 juli, zowel in 
Suriname en delen van het 
Caraïbisch gebied, als in Nederland. De Nederlandse nationale 
herdenking vindt plaats in het 
Amsterdamse Oosterpark bij het 
Slavernijmonument, waar landelijke 
en gemeentelijke bestuurders zich 
uitspreken.",initiatieven samenleving kwamen afgelopen decennia initiatieven samenleving ontstonden buku surinamica collectie surinaamse boeken prenten black heritage amsterdam tours rondleiding koloniale verleden amsterdam black archives historisch archief vanuit zwart perspectief startte dekoloniaal netwerk nederlands indië soort initiatieven kennis slavernij doorwerking ervan heden vanuit perspectief nazaten slaafgemaakten breken traditionele perspectieven waarin ervaring witte nederlander centraal staat name laatste tien ver schenen allerlei films boeken podcasts televisieseries tentoon stellingen slavernij keti koti keti koti betekent verbroken ketenen zowel herdenking trans atlantische slavernijverleden viering afschaffing ervan keti koti juli zowel suriname caraïbisch gebied nederland nederlandse nationale herdenking vindt plaats amsterdamse oosterpark slavernijmonument waar landelijke gemeentelijke bestuurders uitspreken,0.5161369305010226,0.5219197339574753,0.37342476286938553,0.5219197339574753,Historical Slavery,0.0057828034564526565,initiatieven samenleving kwamen afgelopen decennia initiatieven samenleving ontstonden buku surinamica collectie surinaamse boeken prenten black heritage amsterdam tours rondleiding koloniale verleden amsterdam black archives historisch archief vanuit zwart perspectief startte dekoloniaal netwerk nederlands indië soort initiatieven kennis slavernij doorwerking ervan heden vanuit perspectief nazaten slaafgemaakten breken traditionele perspectieven waarin ervaring witte nederlander centraal staat name laatste tien ver schenen allerlei films boeken podcasts televisieseries tentoon stellingen slavernij keti koti keti koti betekent verbroken ketenen zowel herdenking trans atlantische slavernijverleden viering afschaffing ervan keti koti juli zowel suriname caraïbisch gebied nederland nederlandse nationale herdenking vindt plaats amsterdamse oosterpark slavernijmonument waar landelijke gemeentelijke bestuurders uitspreken,1,Historical Slavery,0.57138765,0.40212768,0.57138765,0.026484735,0.16925997,low
C:\Users\Home\policy-analysis\Slavery_text\Amsterdam en het slavernijverleden.97.txt,d5e2ef28:00000,10,"hier kwamen, maar ook Peranakan-
Chinezen, Indo-Afrikanen, Molukkers, 
Papoea’s, Toegoenezen en Indonesiërs. Met elk hun eigen verhaal, hun eigen 
ervaringen. Deze gemengde groep moest 
de kosten voor de overtocht en hun opvang 
vaak zelf betalen, ze werden ontslagen uit 
het leger of hun oude diploma’s werden 
ongeldig verklaard. De cultuur en geschiedenis van Indische 
Nederlanders werd vooral binnen de eigen 
gemeenschap verteld, gevierd en gedeeld, 
maar kreeg nooit brede bekendheid in de 
rest van Nederland. Daarnaast was een 
deel van de Indische gemeenschap wit 
genoeg om voor een ‘gewone’ Nederlander 
aangezien te worden, waardoor ‘ras’ er 
minder of zelfs niet toe deed en men erbij 
kon horen. Omdat zij in het nieuwe 
Indonesië niet meer welkom waren, 
moesten zij in Nederland zo snel mogelijk 
hun plek vinden. Voor velen ging dat 
gepaard met zwijgen en aanpassen. Over 
oorlogstrauma’s werd amper gesproken. Die trauma’s duren soms generaties lang 
voort. Veel Indische Nederlanders 
konden hier niet aarden en zijn vanuit 
Nederland naar Canada, de VS, Brazilië 
of Australië vertrokken.",kwamen peranakan chinezen indo afrikanen molukkers papoea toegoenezen indonesiërs elk eigen verhaal eigen ervaringen gemengde moest kosten overtocht opvang vaak betalen werden ontslagen leger oude diploma werden ongeldig verklaard cultuur geschiedenis indische nederlanders vooral eigen gemeenschap verteld gevierd gedeeld kreeg nooit brede bekendheid rest nederland daarnaast indische gemeenschap wit genoeg gewone nederlander aangezien waardoor ras zelfs toe deed erbij horen nieuwe indonesië welkom moesten nederland snel mogelijk plek vinden velen ging gepaard zwijgen aanpassen oorlogstrauma amper gesproken trauma duren soms generaties lang voort indische nederlanders konden aarden vanuit nederland canada vs brazilië australië vertrokken,0.5105988240740398,0.4578212447811344,0.42976218686376355,0.5105988240740398,Colonialism,0.052777579292905386,kwamen peranakan chinezen indo afrikanen molukkers papoea toegoenezen indonesiërs elk eigen verhaal eigen ervaringen gemengde moest kosten overtocht opvang vaak betalen werden ontslagen leger oude diploma werden ongeldig verklaard cultuur geschiedenis indische nederlanders vooral eigen gemeenschap verteld gevierd gedeeld kreeg nooit brede bekendheid rest nederland daarnaast indische gemeenschap wit genoeg gewone nederlander aangezien waardoor ras zelfs toe deed erbij horen nieuwe indonesië welkom moesten nederland snel mogelijk plek vinden velen ging gepaard zwijgen aanpassen oorlogstrauma amper gesproken trauma duren soms generaties lang voort indische nederlanders konden aarden vanuit nederland canada vs brazilië australië vertrokken,0,Colonialism,0.52366215,0.52366215,0.16741373,0.3089242,0.21473795,low
C:\Users\Home\policy-analysis\Slavery_text\Jouwe e.a. - Slavernij en de stad Utrecht.159.txt,45867670:00000,10,"BELLE VAN ZUYLEN IN KOLONIALE ZAKEN 
159
haar Franse vader in ‘Oost-Indië’ een enorm fortuin heeft gemaakt. Haar moeder, waar ze veel op lĳkt, is creoolse, geboren op het eiland 
Martinique. Betekende dit, zoals hierboven gesteld, dat ze een Europese 
was, geboren in de kolonie, of dat ze van Afrikaans-Europese afkomst 
was? We weten het niet zeker. Ook de geschiedenis van haar oom Victor 
wordt uit de doeken gedaan: deze man was smoorverliefd geworden op 
het mooiste meisje van Martinique, de tot slaaf gemaakte Bianca, een 
naam die wit betekent en die haar door de Europese bevolking ‘gek-
scherend’ was toebedeeld. In de roman wordt zĳ omschreven als mooi, 
zorgzaam, lief en goed in ‘vrouwenwerk’, maar zonder ontwikkeling van 
geest. Victor vraagt toestemming aan zĳn tante haar aan hem mee te 
‘geven’ en Bianca en hĳ krĳgen een dochter, Biondina, oftewel ‘de blonde’ 
– wederom een naam die verwĳst naar witheid. Als twee Europese 
actrices langskomen en zĳ Bianca als een tot slaaf gemaakte behandelen, 
waarbĳ Victor niet ingrĳpt, overweegt Bianca gedesillusioneerd te 
vluchten. Zĳ realiseert zich echter dat zĳ als vermeende gevluchte tot 
slaaf gemaakte zal worden opgepakt. Ze wordt zo wanhopig dat ze op 
het punt staat Victor te vermoorden, maar deinst daar uiteindelĳk toch 
voor terug.",belle zuylen koloniale zaken franse vader oost indië enorm fortuin gemaakt moeder waar lĳkt creoolse geboren eiland martinique betekende hierboven gesteld europese geboren kolonie afrikaans europese afkomst weten zeker geschiedenis oom victor doeken gedaan man smoorverliefd geworden mooiste meisje martinique slaaf gemaakte bianca naam wit betekent europese bevolking gek scherend toebedeeld roman zĳ omschreven mooi zorgzaam lief goed vrouwenwerk ontwikkeling geest victor vraagt toestemming zĳn tante mee geven bianca hĳ krĳgen dochter biondina oftewel blonde wederom naam verwĳst witheid twee europese actrices langskomen zĳ bianca slaaf gemaakte behandelen waarbĳ victor ingrĳpt overweegt bianca gedesillusioneerd vluchten zĳ realiseert echter zĳ vermeende gevluchte slaaf gemaakte opgepakt wanhopig punt staat victor vermoorden deinst uiteindelĳk terug,0.505047187936482,0.480211945351791,0.3500152696999687,0.505047187936482,Colonialism,0.024835242584690942,belle zuylen koloniale zaken franse vader oost indië enorm fortuin gemaakt moeder waar lĳkt creoolse geboren eiland martinique betekende hierboven gesteld europese geboren kolonie afrikaans europese afkomst weten zeker geschiedenis oom victor doeken gedaan man smoorverliefd geworden mooiste meisje martinique slaaf gemaakte bianca naam wit betekent europese bevolking gek scherend toebedeeld roman zĳ omschreven mooi zorgzaam lief goed vrouwenwerk ontwikkeling geest victor vraagt toestemming zĳn tante mee geven bianca hĳ krĳgen dochter biondina oftewel blonde wederom naam verwĳst witheid twee europese actrices langskomen zĳ bianca slaaf gemaakte behandelen waarbĳ victor ingrĳpt overweegt bianca gedesillusioneerd vluchten zĳ realiseert echter zĳ vermeende gevluchte slaaf gemaakte opgepakt wanhopig punt staat victor vermoorden deinst uiteindelĳk terug,0,Colonialism,0.5328501,0.5328501,0.4383115,0.02883845,0.0945386,low
C:\Users\Home\policy-analysis\Slavery_text\Jouwe e.a. - Slavernij en de stad Utrecht.205.txt,775bae80:00000,10,"NICOLAAS BEETS EN JULIEN WOLBERS 
205
Nicolaas Beets (1814-1903). Van deze vier woonden Beets en Wolbers 
in Utrecht. Nicolaas Beets als abolitionist
Nicolaas Beets was predikant, dichter, hoogleraar, vertaler en schrĳver. Zĳn biograaf noemde hem in één adem met die andere belangrĳke 
negentiende-eeuwse auteur, Multatuli.7 De verzamelde gedichten van 
Beets beslaan meer dan zestienhonderd pagina’s. Ook schreef Beets 
meer dan vierhonderd preken, religieuze verhandelingen, letterkundige 
opstellen, verhalen, romans, brieven en andere geschriften.8 Beets 
heeft een omvangrĳk oeuvre nagelaten, en is vooral beroemd geworden 
vanwege zĳn verhalenbundel Camera Obscura (1839), die hĳ onder het 
pseudoniem Hildebrand schreef. Alleen al in de negentiende eeuw 
verschenen er van dat boek twintig drukken. Tot in de eenentwintigste 
eeuw werd het talloze malen herdrukt. Vanaf 1854 woonde en werkte de in de theologie gepromoveerde 
apothekerszoon Nicolaas Beets als predikant in Utrecht. Samen met 
zĳn gezin betrok hĳ een huurhuis in de Boothstraat 6. Tot zĳn dood, 
bĳna vĳftig jaar later, zou hĳ hier blĳven wonen.",nicolaas beets julien wolbers nicolaas beets vier woonden beets wolbers utrecht nicolaas beets abolitionist nicolaas beets predikant dichter hoogleraar vertaler schrĳver zĳn biograaf noemde één adem belangrĳke negentiende eeuwse auteur multatuli verzamelde gedichten beets beslaan zestienhonderd pagina schreef beets vierhonderd preken religieuze verhandelingen letterkundige opstellen verhalen romans brieven geschriften beets omvangrĳk oeuvre nagelaten vooral beroemd geworden vanwege zĳn verhalenbundel camera obscura hĳ pseudoniem hildebrand schreef alleen negentiende eeuw verschenen boek twintig drukken eenentwintigste eeuw talloze malen herdrukt vanaf woonde werkte theologie gepromoveerde apothekerszoon nicolaas beets predikant utrecht samen zĳn gezin betrok hĳ huurhuis boothstraat zĳn dood bĳna vĳftig later hĳ blĳven wonen,0.45667270421273354,0.469204982682993,0.38064063098102857,0.469204982682993,Historical Slavery,0.01253227847025945,nicolaas beets julien wolbers nicolaas beets vier woonden beets wolbers utrecht nicolaas beets abolitionist nicolaas beets predikant dichter hoogleraar vertaler schrĳver zĳn biograaf noemde één adem belangrĳke negentiende eeuwse auteur multatuli verzamelde gedichten beets beslaan zestienhonderd pagina schreef beets vierhonderd preken religieuze verhandelingen letterkundige opstellen verhalen romans brieven geschriften beets omvangrĳk oeuvre nagelaten vooral beroemd geworden vanwege zĳn verhalenbundel camera obscura hĳ pseudoniem hildebrand schreef alleen negentiende eeuw verschenen boek twintig drukken eenentwintigste eeuw talloze malen herdrukt vanaf woonde werkte theologie gepromoveerde apothekerszoon nicolaas beets predikant utrecht samen zĳn gezin betrok hĳ huurhuis boothstraat zĳn dood bĳna vĳftig later hĳ blĳven wonen,0,Colonialism,0.51914793,0.51914793,0.3224765,0.15837559,0.19667143,low
C:\Users\Home\policy-analysis\Slavery_text\Jouwe e.a. - Slavernij en de stad Utrecht.218.txt,7a0aec5b:00000,10,"218 
NANCY JOUWE
gebied. Meestal wordt naar Amsterdam verwezen als het gaat om deze 
zwarte aanwezigheid, maar de Gids Slavernĳverleden Nederland (2019) 
laat ook voorbeelden van zwarte aanwezigheid in heel Nederland zien: 
van Groningen tot Middelburg en van Friesland tot Gelderland. De 
stadswandeling die Esther Captain samen met Kosmopolis Utrecht in 
november 2011 lanceerde, toonde met een paar voorbeelden aan dat ook 
Utrecht ten tĳde van de Republiek al zwarte bewoners kende. Behalve 
geschreven bronnen kent Utrecht, voor zover we nu weten, relatief weinig 
visuele bronnen die op vroegmoderne zwarte aanwezigheid wĳzen. Een 
uitzondering is het wapenschild met morenhoofden op Janskerkhof 12. In schilderĳen uit deze periode zien we – naast contemporaine zwarte 
figuren – vooral in allegorieën zwarte figuren. Abraham Bloemaert, 
spil van de Utrechtse School, schilderde de drie koningen die Jezus 
kwamen begroeten bĳ diens geboorte. Koning Caspar wordt vaak als 
zwarte man afgebeeld. Utrecht een witte stad? Van de vier grootste steden in Nederland wordt Utrecht doorgaans als 
de witste stad gezien.",nancy jouwe gebied meestal amsterdam verwezen gaat zwarte aanwezigheid gids slavernĳverleden nederland laat voorbeelden zwarte aanwezigheid heel nederland zien groningen middelburg friesland gelderland stadswandeling esther captain samen kosmopolis utrecht november lanceerde toonde paar voorbeelden utrecht ten tĳde republiek zwarte bewoners kende behalve geschreven bronnen kent utrecht zover weten relatief visuele bronnen vroegmoderne zwarte aanwezigheid wĳzen uitzondering wapenschild morenhoofden janskerkhof schilderĳen periode zien contemporaine zwarte figuren vooral allegorieën zwarte figuren abraham bloemaert spil utrechtse school schilderde drie koningen jezus kwamen begroeten bĳ diens geboorte koning caspar vaak zwarte man afgebeeld utrecht witte stad vier grootste steden nederland utrecht doorgaans witste stad gezien,0.5301841074435911,0.4341337483751798,0.5084253691600521,0.5301841074435911,Colonialism,0.021758738283539025,nancy jouwe gebied meestal amsterdam verwezen gaat zwarte aanwezigheid gids slavernĳverleden nederland laat voorbeelden zwarte aanwezigheid heel nederland zien groningen middelburg friesland gelderland stadswandeling esther captain samen kosmopolis utrecht november lanceerde toonde paar voorbeelden utrecht ten tĳde republiek zwarte bewoners kende behalve geschreven bronnen kent utrecht zover weten relatief visuele bronnen vroegmoderne zwarte aanwezigheid wĳzen uitzondering wapenschild morenhoofden janskerkhof schilderĳen periode zien contemporaine zwarte figuren vooral allegorieën zwarte figuren abraham bloemaert spil utrechtse school schilderde drie koningen jezus kwamen begroeten bĳ diens geboorte koning caspar vaak zwarte man afgebeeld utrecht witte stad vier grootste steden nederland utrecht doorgaans witste stad gezien,0,Colonialism,0.5321689,0.5321689,0.03097031,0.43686074,0.095308185,low
C:\Users\Home\policy-analysis\Slavery_text\Jouwe e.a. - Slavernij en de stad Utrecht.218.txt,7a0aec5b:00001,10,"Toch is er al in de zeventiende eeuw sprake van 
zwarte en bruine aanwezigheid, in stad en provincie. In 1620 werden 
vĳf Ambonese jongens naar de Republiek verscheept. De groep kwam 
in 1621 aan en ging in Amersfoort wonen, waar ze van een dominee 
onderwĳs kregen in de christelĳke religie. Ze deden verschillende steden 
aan, waaronder waarschĳnlĳk Utrecht. Hun namen waren Marcus de 
Roy, Andrea de Castro, Laurens de Fretis, Laurens Queljo en Jan Tak. Eenmaal terug op hun geboortegrond zouden zĳ dan – hoopten de 
Nederlanders – het christelĳk geloof verder verspreiden. Maar terug 
op Ambon was bĳ deze jongemannen echter ‘gans geen yver tot de 
christelĳke religie’ te bespeuren.11
In de stad Utrecht woonde de vrĳe zwarte man Eduard van Akaboa 
met zĳn gezin in de Drieharingstraat, een zĳstraat van de Oudegracht, 
op een steenworp van het stadhuis. Van Akaboa kwam uit Angola en 
was waarschĳnlĳk een voormalige tot slaaf gemaakte. Hĳ staat in 1652 
in het leerjongensboek van het Utrechtse zilversmedengilde genoemd. In 
Utrecht werkte hĳ als wapengraveerder, en deze kennis werd doorgege-
ven aan zĳn nazaten, waaronder zoon Gerrit, die hĳ met zĳn vrouw Ida 
van Voorst kreeg.",zeventiende eeuw sprake zwarte bruine aanwezigheid stad provincie werden vĳf ambonese jongens republiek verscheept kwam ging amersfoort wonen waar dominee onderwĳs kregen christelĳke religie deden verschillende steden waaronder waarschĳnlĳk utrecht namen marcus roy andrea castro laurens fretis laurens queljo jan tak eenmaal terug geboortegrond zouden zĳ hoopten nederlanders christelĳk geloof verder verspreiden terug ambon bĳ jongemannen echter gans yver christelĳke religie bespeuren stad utrecht woonde vrĳe zwarte man eduard akaboa zĳn gezin drieharingstraat zĳstraat oudegracht steenworp stadhuis akaboa kwam angola waarschĳnlĳk voormalige slaaf gemaakte hĳ staat leerjongensboek utrechtse zilversmedengilde genoemd utrecht werkte hĳ wapengraveerder kennis doorgege ven zĳn nazaten waaronder zoon gerrit hĳ zĳn vrouw ida voorst kreeg,0.4931194091140237,0.4745039401100271,0.44275614014798037,0.4931194091140237,Colonialism,0.018615469003996576,zeventiende eeuw sprake zwarte bruine aanwezigheid stad provincie werden vĳf ambonese jongens republiek verscheept kwam ging amersfoort wonen waar dominee onderwĳs kregen christelĳke religie deden verschillende steden waaronder waarschĳnlĳk utrecht namen marcus roy andrea castro laurens fretis laurens queljo jan tak eenmaal terug geboortegrond zouden zĳ hoopten nederlanders christelĳk geloof verder verspreiden terug ambon bĳ jongemannen echter gans yver christelĳke religie bespeuren stad utrecht woonde vrĳe zwarte man eduard akaboa zĳn gezin drieharingstraat zĳstraat oudegracht steenworp stadhuis akaboa kwam angola waarschĳnlĳk voormalige slaaf gemaakte hĳ staat leerjongensboek utrechtse zilversmedengilde genoemd utrecht werkte hĳ wapengraveerder kennis doorgege ven zĳn nazaten waaronder zoon gerrit hĳ zĳn vrouw ida voorst kreeg,0,Colonialism,0.5573337,0.5573337,0.25037837,0.19228792,0.30695534,low
C:\Users\Home\policy-analysis\Slavery_text\Jouwe e.a. - Slavernij en de stad Utrecht.224.txt,0f79f649:00000,7,"224 
NANCY JOUWE
Nieuwegracht 35. Helaas sloeg toen het noodlot toe, want zowel peuter 
Erich als moeder Lizette overleden beiden in april 1824.31 Vermoedelĳk 
was dit het gevolg van een besmettelĳke ziekte of epidemie, iets wat 
vaker voorkwam in Nederlandse steden, en zeker in Utrecht. Bĳ haar 
overlĳden was Lizette ongeveer veertig jaar oud. Dochter Johanna 
vertrok daarna naar Indië met haar vader, die inmiddels commissionair 
(bemiddelaar) was. Jaren later keerde Johanna waarschĳnlĳk zonder 
haar vader terug naar Utrecht, waar ze ging wonen bĳ familieleden 
van haar vader. In 1868 overleed ze.32 De bewegingen van Lizette en 
haar dochter Johanna over drie continenten: Amerika, Europa en 
Azië, en met een voormoeder uit Afrika, laten zien dat vrouwen met 
Lizette van Wicky meldt het overlijden van broer Louis, Amsterdamsche Courant, 23 juli 1805 
(Delpher)
Lizette bij het doodsbed van broer Louis. Uit het dagboek van Christiaan Andriessen, 19 juli 
1805 (Collectie Koninklijk Oudheidkundig Genootschap)",nancy jouwe nieuwegracht helaas sloeg noodlot toe zowel peuter erich moeder lizette overleden beiden april vermoedelĳk gevolg besmettelĳke ziekte epidemie vaker voorkwam nederlandse steden zeker utrecht bĳ overlĳden lizette ongeveer veertig oud dochter johanna vertrok daarna indië vader inmiddels commissionair bemiddelaar later keerde johanna waarschĳnlĳk vader terug utrecht waar ging wonen bĳ familieleden vader overleed bewegingen lizette dochter johanna drie continenten amerika europa azië voormoeder afrika laten zien vrouwen lizette wicky meldt overlijden broer louis amsterdamsche courant juli delpher lizette doodsbed broer louis dagboek christiaan andriessen juli collectie koninklijk oudheidkundig genootschap,0.47488539718537837,0.43447194639645637,0.27302866375357837,0.47488539718537837,Colonialism,0.040413450788922,nancy jouwe nieuwegracht helaas sloeg noodlot toe zowel peuter erich moeder lizette overleden beiden april vermoedelĳk gevolg besmettelĳke ziekte epidemie vaker voorkwam nederlandse steden zeker utrecht bĳ overlĳden lizette ongeveer veertig oud dochter johanna vertrok daarna indië vader inmiddels commissionair bemiddelaar later keerde johanna waarschĳnlĳk vader terug utrecht waar ging wonen bĳ familieleden vader overleed bewegingen lizette dochter johanna drie continenten amerika europa azië voormoeder afrika laten zien vrouwen lizette wicky meldt overlijden broer louis amsterdamsche courant juli delpher lizette doodsbed broer louis dagboek christiaan andriessen juli collectie koninklijk oudheidkundig genootschap,1,Historical Slavery,0.5548434,0.42898172,0.5548434,0.016174877,0.1258617,low
C:\Users\Home\policy-analysis\Slavery_text\Jouwe e.a. - Slavernij en de stad Utrecht.247.txt,19363a78:00000,9,"NIEUW PERSPECTIEF VRAAGT ZICH AF HOE HET NOU EIGENLIJK ZIT 
247
doorbreken. Dat de studenten de elite zouden vormen in Suriname 
was een realistische voorspelling: de meeste Surinaamse studenten in 
Utrecht studeerden rechten, en bĳna de volledige rechterlĳke macht in 
Suriname was aan de Universiteit Utrecht afgestudeerd.2
Ze kwamen regelmatig samen om actie te voeren met andere Su-
rinaamse studenten uit Leiden, Delft en Wageningen, en met leden 
van het Aktiecomité Surinaamse Arbeiders. In drie bussen reden ze 
op 18 augustus 1970 naar Den Haag, en bezetten een gebouw van de 
Surinaamse regering. Ze verzetten zich tegen de slechte leefomstan-
digheden van Surinamers in Nederland, en spraken over de uitbuiting 
door de regering van premier Jules Sedney.3
Ze wilden kennis delen en inzetten voor de ontwikkeling van Suri-
name. In 1969 schrĳft een Utrechtse student geologie dat de kern van 
Surinaamse studentenverenigingen een studiewerkgroep vormde. Wekelĳks kwamen ze bĳeen om literatuur te bespreken, die relevant 
moest zĳn voor de analyse van het kolonialisme in Suriname.4 Het werk 
van Anton de Kom stond hoog op de literatuurlĳst.5
Hun sociale betrokkenheid strekte zich verder uit in Nederland. Ze tekenden protest aan tegen het sociologisch onderzoek dat door 
Rudolphine Kenswil treedt met een bandje op tijdens een bijeenkomst in een katholiek 
gemeenschapshuis in Limetz (Frankrijk). V.l.n.r.: Ronald Venetiaan, Rudolphine Kenswil, 
André Helder. c.1965 (IISG)",nieuw perspectief vraagt af nou eigenlijk zit doorbreken studenten elite zouden vormen suriname realistische voorspelling meeste surinaamse studenten utrecht studeerden rechten bĳna volledige rechterlĳke macht suriname universiteit utrecht afgestudeerd kwamen regelmatig samen actie voeren su rinaamse studenten leiden delft wageningen leden aktiecomité surinaamse arbeiders drie bussen reden augustus den haag bezetten gebouw surinaamse regering verzetten slechte leefomstan digheden surinamers nederland spraken uitbuiting regering premier jules sedney wilden kennis inzetten ontwikkeling suri name schrĳft utrechtse student geologie kern surinaamse studentenverenigingen studiewerkgroep vormde wekelĳks kwamen bĳeen literatuur bespreken relevant moest zĳn analyse kolonialisme suriname werk anton kom stond hoog literatuurlĳst sociale betrokkenheid strekte verder nederland tekenden protest sociologisch rudolphine kenswil treedt bandje bijeenkomst katholiek gemeenschapshuis limetz frankrijk v l n r ronald venetiaan rudolphine kenswil andré helder c iisg,0.4971235833568282,0.3514004431100869,0.48717918700928103,0.4971235833568282,Colonialism,0.00994439634754718,nieuw perspectief vraagt af nou eigenlijk zit doorbreken studenten elite zouden vormen suriname realistische voorspelling meeste surinaamse studenten utrecht studeerden rechten bĳna volledige rechterlĳke macht suriname universiteit utrecht afgestudeerd kwamen regelmatig samen actie voeren su rinaamse studenten leiden delft wageningen leden aktiecomité surinaamse arbeiders drie bussen reden augustus den haag bezetten gebouw surinaamse regering verzetten slechte leefomstan digheden surinamers nederland spraken uitbuiting regering premier jules sedney wilden kennis inzetten ontwikkeling suri name schrĳft utrechtse student geologie kern surinaamse studentenverenigingen studiewerkgroep vormde wekelĳks kwamen bĳeen literatuur bespreken relevant moest zĳn analyse kolonialisme suriname werk anton kom stond hoog literatuurlĳst sociale betrokkenheid strekte verder nederland tekenden protest sociologisch rudolphine kenswil treedt bandje bijeenkomst katholiek gemeenschapshuis limetz frankrijk v l n r ronald venetiaan rudolphine kenswil andré helder c iisg,2,Modern Racism & Inequality,0.5377158,0.45727926,0.00500495,0.5377158,0.08043653,low
C:\Users\Home\policy-analysis\Slavery_text\Jouwe e.a. - Slavernij en de stad Utrecht.273.txt,34fc6128:00003,4,"9. R.E. de Bruin et al., ‘Een paradĳs vol weelde’. Geschiedenis van de stad 
Utrecht (Utrecht: Matrĳs, 2000).",r e bruin et paradĳs vol weelde geschiedenis stad utrecht utrecht matrĳs,0.5140472884759125,0.4830565397370061,0.4784137699202808,0.5140472884759125,Colonialism,0.03099074873890645,r e bruin et paradĳs vol weelde geschiedenis stad utrecht utrecht matrĳs,0,Colonialism,0.5279362,0.5279362,0.40579793,0.066265844,0.12213829,low
C:\Users\Home\policy-analysis\Slavery_text\Jouwe e.a. - Slavernij en de stad Utrecht.277.txt,9b02fd04:00002,10,"27; Idem, inv.nr. U194a013, aktenr. 47. 13. Internationaal Instituut voor Sociale Geschiedenis, Amsterdam, 
Kopieën van akten, brieven e.a. betreffende de plantage Vreedesteyn, 
1774-1780: https://access.iisg.amsterdam/universalviewer/#?manifest=h
ttps://access.iisg.amsterdam/iiif/presentation/ARCH03520.27/manifest. 14. 15.000 gulden in 1782 is omgerekend 125.000 hedendaagse euro’s. Zie 
International Institute of Social History, ‘Value of the Guilder versus 
Euro’, https://iisg.amsterdam/en/research/projects/hpw/calculate.php 
(geraadpleegd 17-02-2021). 15.",idem inv nr u194a013 aktenr internationaal instituut sociale geschiedenis amsterdam kopieën akten brieven e betreffende plantage vreedesteyn https access iisg amsterdam universalviewer manifest h ttps access iisg amsterdam iiif presentation arch03520 manifest gulden omgerekend hedendaagse euro,0.5052057216177016,0.48330131391613457,0.42100589025396906,0.5052057216177016,Colonialism,0.02190440770156704,idem inv nr u194a013 aktenr internationaal instituut sociale geschiedenis amsterdam kopieën akten brieven e betreffende plantage vreedesteyn https access iisg amsterdam universalviewer manifest h ttps access iisg amsterdam iiif presentation arch03520 manifest gulden omgerekend hedendaagse euro,0,Colonialism,0.59424895,0.59424895,0.019988306,0.38576275,0.2084862,low
C:\Users\Home\policy-analysis\Slavery_text\Jouwe e.a. - Slavernij en de stad Utrecht.277.txt,9b02fd04:00003,10,"nl-uthua, Notarissen, 34-4, inv.nr. U139a027, aktenr. 66. 16. Ibidem, inv.nr. U247a013, aktenr. 205. 17. https://sites.google.com/site/geneabiografie/iii-1-cate-marius-ten/
iv-2-sanders-cornelia-gerhardina/v-4-voorhorst-marie-anne/vi-8-van-
raab-van-canstein-cornelia-g/vii-15-van-raab-van-canstein-johan-jacob-
willem/viii-30-van-blĳdenbergh-anna-aleida/ix-59-blĳdenbergh-jacob-
hendrik/x-117-blĳdenbergh-gerard-drĳver. 18.",nl uthua notarissen inv nr u139a027 aktenr ibidem inv nr u247a013 aktenr https sites google com site geneabiografie iii cate marius ten iv sanders cornelia gerhardina v voorhorst marie anne vi raab canstein cornelia g vii raab canstein johan jacob willem viii blĳdenbergh anna aleida ix blĳdenbergh jacob hendrik x blĳdenbergh gerard drĳver,0.4439364549885534,0.4247241088697065,0.3565937749046902,0.4439364549885534,Colonialism,0.019212346118846868,nl uthua notarissen inv nr u139a027 aktenr ibidem inv nr u247a013 aktenr https sites google com site geneabiografie iii cate marius ten iv sanders cornelia gerhardina v voorhorst marie anne vi raab canstein cornelia g vii raab canstein johan jacob willem viii blĳdenbergh anna aleida ix blĳdenbergh jacob hendrik x blĳdenbergh gerard drĳver,0,Colonialism,0.44965938,0.44965938,0.24710873,0.3032319,0.14642748,low
C:\Users\Home\policy-analysis\Slavery_text\Jouwe e.a. - Slavernij en de stad Utrecht.279.txt,57d4def7:00001,10,"García 
García (red.), En nombre de la paz. La Guerra de Sucesión española y los 
tratados de Madrid, Utrecht, Rastatt y Baden 1713-1715 (Madrid: Funda-
ción Carlos de Amberes, 2013), 125-138, aldaar 133-134. 12. Willem Buys aan Anthonie Heinsius, 24 november 1711, in: Briefwisse-
ling, Veenendaal (red.), deel 11, 519; Reyes Fernández Durán, La corona 
española y el tráfico de negros, 179. 13. Bruno van der Dussen aan Anthonie Heinsius, 18 en 31 januari 1712, in: 
Briefwisseling, Veenendaal (red.), deel 12, 675 en 709; Anthonie Heinsius 
aan Bruno van der Dussen 10 maart 1712, in: Briefwisseling, Veenendaal 
(red.), deel 13, 130. 14. John Drummond aan Robert Harley, 19 april 1712, geciteerd in Lucien 
Bély, ‘Behind the Stage: The Global Dimension of the Negotiations’, 
in: Renger E. de Bruin, Cornelis van der Haven, Lotte Jensen en David 
Onnekink (red.), Performances of Peace. Utrecht 1713 (Leiden en Boston: 
Brill, 2015), 49; Henry St John aan Robert Harley, 10 mei 1712, geciteerd 
in H.G.",garcía garcía red nombre la paz la guerra sucesión española los tratados madrid utrecht rastatt baden madrid funda ción carlos amberes aldaar willem buys anthonie heinsius november briefwisse ling veenendaal red reyes fernández durán la corona española el tráfico negros bruno dussen anthonie heinsius januari briefwisseling veenendaal red anthonie heinsius bruno dussen maart briefwisseling veenendaal red bruin cornelis lotte jensen david onnekink red performances peace utrecht leiden boston brill henry st john robert harley mei geciteerd h g,0.40659033402994593,0.37365947792123394,0.32270160060332015,0.40659033402994593,Colonialism,0.03293085610871199,garcía garcía red nombre la paz la guerra sucesión española los tratados madrid utrecht rastatt baden madrid funda ción carlos amberes aldaar willem buys anthonie heinsius november briefwisse ling veenendaal red reyes fernández durán la corona española el tráfico negros bruno dussen anthonie heinsius januari briefwisseling veenendaal red anthonie heinsius bruno dussen maart briefwisseling veenendaal red bruin cornelis lotte jensen david onnekink red performances peace utrecht leiden boston brill henry st john robert harley mei geciteerd h g,0,Colonialism,0.58811235,0.58811235,0.33209386,0.07979381,0.2560185,low
C:\Users\Home\policy-analysis\Slavery_text\Jouwe e.a. - Slavernij en de stad Utrecht.282.txt,bf0f0896:00004,10,"Ibidem, 225; Slechte, ‘De Firma List en Bedrog’, 195; Van Noorle Jansen, 
‘De Provinciale Utrechtsche Geoctroyeerde Compagnie’, 16. 22. Voor een uitvoerig verslag van de corrupte praktĳken van de Utrechtse 
Compagnie evenals een algemene geschiedenis over de Compagnie, 
zie: Slechte, ‘De Firma List en Bedrog’, 179-218. 23. Van Rĳn, Het groote Tafereel der Dwaasheid en zĳn geschiedenis, xxiii. 24. Jacob Hiskia Machado, Frederik Middendorp, Andries Oortman, 
Balthasar Ardinois, Jeremias van Waeĳ en Otto Willem Falck werden 
vervangen. Henri Pagez was al in 1721 vertrokken. Bewindhebbers in de 
jaren daarna waren onder andere Jacques Amiot, François Sweers, Pie-
ter Testas de Jonge, Johan du Quesne, Pierre Cavalhies, Isbrand Vosch 
van Avezaat, Isaac Samuel van Beuningen en Everard Storm: Slechte, 
‘De Firma List en Bedrog’, 209-212, 217; Van Rĳn, Het groote Tafereel der 
Dwaasheid en zĳn geschiedenis, ix. 25.",ibidem slechte firma list bedrog noorle jansen provinciale utrechtsche geoctroyeerde compagnie uitvoerig verslag corrupte praktĳken utrechtse compagnie evenals algemene geschiedenis compagnie zie slechte firma list bedrog rĳn groote tafereel dwaasheid zĳn geschiedenis xxiii jacob hiskia machado frederik middendorp andries oortman balthasar ardinois jeremias waeĳ otto willem falck werden vervangen henri pagez vertrokken bewindhebbers daarna jacques amiot françois sweers pie ter testas jonge johan du quesne pierre cavalhies isbrand vosch avezaat isaac samuel beuningen everard storm slechte firma list bedrog rĳn groote tafereel dwaasheid zĳn geschiedenis ix,0.5036192423513383,0.4570853472248966,0.3919861513637699,0.5036192423513383,Colonialism,0.04653389512644168,ibidem slechte firma list bedrog noorle jansen provinciale utrechtsche geoctroyeerde compagnie uitvoerig verslag corrupte praktĳken utrechtse compagnie evenals algemene geschiedenis compagnie zie slechte firma list bedrog rĳn groote tafereel dwaasheid zĳn geschiedenis xxiii jacob hiskia machado frederik middendorp andries oortman balthasar ardinois jeremias waeĳ otto willem falck werden vervangen henri pagez vertrokken bewindhebbers daarna jacques amiot françois sweers pie ter testas jonge johan du quesne pierre cavalhies isbrand vosch avezaat isaac samuel beuningen everard storm slechte firma list bedrog rĳn groote tafereel dwaasheid zĳn geschiedenis ix,0,Colonialism,0.5344024,0.5344024,0.43076858,0.034829054,0.10363379,low
C:\Users\Home\policy-analysis\Slavery_text\Jouwe e.a. - Slavernij en de stad Utrecht.284.txt,eec614a7:00001,10,"Geschie-
denis van een koffieplantage’, https://plantagerustenburg.wordpress. com/ontstaan-van-de-plantage-rustenburg/ (geraadpleegd 17-02-2021). 46. Naamboekje van de weled. Heeren der hooge Indische regering […] op 
Batavia […] gelykze in wezen zyn geweest 26 maart 1732 […]. Nevens de 
hooge regeeringe […] op Suriname (Amsterdam: Gerrit Bos, 1733), 44. 47. nl-uthua, Notarissen, 34-4, inv.nr. U167a005, aktenr. 87.",geschie denis koffieplantage https plantagerustenburg wordpress com ontstaan plantage rustenburg geraadpleegd naamboekje weled heeren hooge indische regering batavia gelykze zyn maart nevens hooge regeeringe suriname amsterdam gerrit bos nl uthua notarissen inv nr u167a005 aktenr,0.4989742380096544,0.4624044505201465,0.2934504415468005,0.4989742380096544,Colonialism,0.0365697874895079,geschie denis koffieplantage https plantagerustenburg wordpress com ontstaan plantage rustenburg geraadpleegd naamboekje weled heeren hooge indische regering batavia gelykze zyn maart nevens hooge regeeringe suriname amsterdam gerrit bos nl uthua notarissen inv nr u167a005 aktenr,0,Colonialism,0.5898594,0.5898594,0.40558332,0.004557202,0.1842761,low
C:\Users\Home\policy-analysis\Slavery_text\Jouwe e.a. - Slavernij en de stad Utrecht.284.txt,eec614a7:00004,10,"55. nl-uthua, catalogusnummer 32422, vervaardiger: P.J. Muller, tekenaar/
graficus. 56. nl-uthua, Notarissen, 34-4, inv.nr. U270a011, aktenr. 63. 57. Ibidem, inv.nr. U270a011, aktenr.",nl uthua catalogusnummer vervaardiger p j muller tekenaar graficus nl uthua notarissen inv nr u270a011 aktenr ibidem inv nr u270a011 aktenr,0.4977203022401743,0.49111732512428413,0.3967287489217604,0.4977203022401743,Colonialism,0.006602977115890141,nl uthua catalogusnummer vervaardiger p j muller tekenaar graficus nl uthua notarissen inv nr u270a011 aktenr ibidem inv nr u270a011 aktenr,0,Colonialism,0.5135703,0.5135703,0.44409004,0.04233967,0.06948027,low
C:\Users\Home\policy-analysis\Slavery_text\Jouwe e.a. - Slavernij en de stad Utrecht.285.txt,e8b42ddb:00002,10,"Max de Bruĳn en Remco Raben, The World of Jan Brandes. Drawings 
of a Dutch Traveller in Batavia, Ceylon and Southern Africa (Zwolle en 
Amsterdam: Waanders Publishers en Rĳksmuseum, 2004), 235-238. 11. Barbara Watson Andaya, To Live as Brothers. Southeast Sumatra in the 
Seventeenth and Eighteenth Centuries (Honolulu: The University of 
Hawai’i Press, 1993), 97. 12. Raben, ‘Cities and the Slave Trade’, 123 en 135. 13. Zie https://www.nationaalarchief.nl/onderzoeken/index/
nt00444?searchTerm= (geraadpleegd 16-03-2021). 14.",max bruĳn remco raben world jan brandes drawings dutch traveller batavia ceylon southern africa zwolle amsterdam waanders publishers rĳksmuseum barbara watson andaya live brothers raben cities slave trade zie https www nationaalarchief nl onderzoeken index nt00444 searchterm geraadpleegd,0.4571218360175553,0.46332718073242274,0.39909518484852813,0.46332718073242274,Historical Slavery,0.0062053447148674445,max bruĳn remco raben world jan brandes drawings dutch traveller batavia ceylon southern africa zwolle amsterdam waanders publishers rĳksmuseum barbara watson andaya live brothers raben cities slave trade zie https www nationaalarchief nl onderzoeken index nt00444 searchterm geraadpleegd,2,Modern Racism & Inequality,0.4711297,0.3061246,0.22274578,0.4711297,0.16500509,low
C:\Users\Home\policy-analysis\Slavery_text\Jouwe e.a. - Slavernij en de stad Utrecht.286.txt,e687f580:00000,10,"286 
NOTEN 
18. F.S. Gaastra, ‘The Independent Fiscaals of the voc, 1689-1719’, Itinerario 
9, 2 (1985), 92-107. 19. Ibidem. 20. Stadsarchief Amsterdam (nl-asdsaa), Archief Ondertrouwregisters 
1565-1811, toegangsnummer 5001, inv.nr. 554, Huwelĳksinteekening van 
de kerk, 1 juli 1717-31 mei 1718, 1 oktober 1717. 21. Zie https://www.huizenaanhetjanskerkhof.nl/huizen/janskerkhof-nz/
janskerkhof-13/ (geraadpleegd 16-02-2021); nl-uthua, Archief Nota-
rissen in de stad Utrecht, 1560-1905, toegangsnummer 34-4, inv.nr.",noten f ibidem stadsarchief amsterdam nl asdsaa archief ondertrouwregisters toegangsnummer inv nr huwelĳksinteekening kerk juli mei oktober zie https www huizenaanhetjanskerkhof nl huizen janskerkhof nz janskerkhof geraadpleegd nl uthua archief nota rissen stad utrecht toegangsnummer inv nr,0.4089439116933551,0.41036022337987754,0.24630304330842687,0.41036022337987754,Historical Slavery,0.0014163116865224534,noten f ibidem stadsarchief amsterdam nl asdsaa archief ondertrouwregisters toegangsnummer inv nr huwelĳksinteekening kerk juli mei oktober zie https www huizenaanhetjanskerkhof nl huizen janskerkhof nz janskerkhof geraadpleegd nl uthua archief nota rissen stad utrecht toegangsnummer inv nr,0,Colonialism,0.5539025,0.5539025,0.43853888,0.007558642,0.11536363,low
C:\Users\Home\policy-analysis\Slavery_text\Jouwe e.a. - Slavernij en de stad Utrecht.287.txt,9616a043:00004,10,"Israel, 
1963), 633, 1013. 9. ‘Het doop/trouwboek van Cochin’, Gens Nostra 47, 1 (1992), 1-30. 10. Waarschĳnlĳk Philippus Bers, Nationaal Archief, Den Haag (hierna: 
NL-HaNA), Archief van de Verenigde Oost-Indische Compagnie (voc), 
1602-1795 (1811), toegangsnummer 1.04.02, inv.nr. 12975, f. 89. 11. Thiel was al sinds 1748 in Cochin werkzaam. NL-HaNA, Archief voc, 
1.04.02, inv.nr.",israel doop trouwboek cochin gens nostra waarschĳnlĳk philippus bers nationaal archief den haag hierna nl hana archief verenigde oost indische compagnie voc toegangsnummer inv nr f thiel cochin werkzaam nl hana archief voc inv nr,0.4535186672753721,0.4222846699037399,0.2624299429418717,0.4535186672753721,Colonialism,0.031233997371632183,israel doop trouwboek cochin gens nostra waarschĳnlĳk philippus bers nationaal archief den haag hierna nl hana archief verenigde oost indische compagnie voc toegangsnummer inv nr f thiel cochin werkzaam nl hana archief voc inv nr,0,Colonialism,0.5517205,0.5517205,0.44128576,0.0069937264,0.11043474,low
C:\Users\Home\policy-analysis\Slavery_text\Jouwe e.a. - Slavernij en de stad Utrecht.289.txt,df8c1898:00001,10,"12. Ibidem, 33. Langs de Vecht 
1. C.H. Slechte, ‘De Firma List en Bedrog. De Provinciale Utrechtsche Geoc-
troyeerde Compagnie (1720-1752)’, in: R. van der Eerden et al. (red.), Jaar-
boek Oud-Utrecht 1998 (Utrecht: Vereniging Oud-Utrecht, 1998), 179-218. 2. Renger de Bruin, ‘Leven als een edelman: Kasteelbezit van Utrechtse 
burgers en patriciërs, 1600-1850’, in: R.",ibidem langs vecht c h slechte firma list bedrog provinciale utrechtsche geoc troyeerde compagnie r eerden et red boek oud utrecht utrecht vereniging oud utrecht renger bruin leven edelman kasteelbezit utrechtse burgers patriciërs r,0.5260997395498713,0.4850013242104353,0.41402605965536754,0.5260997395498713,Colonialism,0.041098415339436034,ibidem langs vecht c h slechte firma list bedrog provinciale utrechtsche geoc troyeerde compagnie r eerden et red boek oud utrecht utrecht vereniging oud utrecht renger bruin leven edelman kasteelbezit utrechtse burgers patriciërs r,0,Colonialism,0.5239294,0.5239294,0.46927723,0.0067933737,0.054652184,low
C:\Users\Home\policy-analysis\Slavery_text\Jouwe e.a. - Slavernij en de stad Utrecht.289.txt,df8c1898:00003,10,"6. E.A.J. van der Wal, ‘Johan Huydecoper (1600-1661). Regent en bouw-
heer’, in: A.A. van Baal-de Vries et al. (red.), Utrechtse biografieën: De 
Vechtstreek. Levensbeschrĳvingen van bekende en onbekende mensen uit 
de Vechtstreek (Utrecht: SPOU, 1997),73-77, aldaar 74. 7. Van der Wal, ‘Johan Huydecoper’, 76. 8.",e j wal johan huydecoper regent bouw heer baal vries et red utrechtse biografieën vechtstreek levensbeschrĳvingen bekende onbekende mensen vechtstreek utrecht spou aldaar wal johan huydecoper,0.4904903054251575,0.5204876177906945,0.45395554355708395,0.5204876177906945,Historical Slavery,0.029997312365537043,e j wal johan huydecoper regent bouw heer baal vries et red utrechtse biografieën vechtstreek levensbeschrĳvingen bekende onbekende mensen vechtstreek utrecht spou aldaar wal johan huydecoper,1,Historical Slavery,0.5293938,0.13589072,0.5293938,0.3347155,0.1946783,low
C:\Users\Home\policy-analysis\Slavery_text\Jouwe e.a. - Slavernij en de stad Utrecht.291.txt,e1752de7:00001,10,"13. Dat is de plek waar in 1897 het USC zĳn studentensociëteit bouwde. 14. Zie de website www.huizenaanhetjanskerkhof.nl/stamboom/nepveu 
(geraadpleegd 21-01-2021). 15. iisg-neha, arch03522, Nepveu, inv.nr. 42, Brief aan directeur Martini, 
30 september 1785. 16. Dat lag toen op 1,87 procent. Zie Alex van Stipriaan, Surinaams con-
trast.",plek waar usc zĳn studentensociëteit bouwde zie website www huizenaanhetjanskerkhof nl stamboom nepveu geraadpleegd iisg neha arch03522 nepveu inv nr brief directeur martini september lag procent zie alex stipriaan surinaams con trast,0.49406763488126115,0.4603600429352303,0.43742547414033983,0.49406763488126115,Colonialism,0.033707591946030846,plek waar usc zĳn studentensociëteit bouwde zie website www huizenaanhetjanskerkhof nl stamboom nepveu geraadpleegd iisg neha arch03522 nepveu inv nr brief directeur martini september lag procent zie alex stipriaan surinaams con trast,0,Colonialism,0.5114821,0.5114821,0.21736962,0.27114823,0.24033388,low
C:\Users\Home\policy-analysis\Slavery_text\Jouwe e.a. - Slavernij en de stad Utrecht.293.txt,78cb59fd:00004,10,"124. 2. A.B.R. du Croo de Vries, ‘Sara Sibilla Verdion of Indische welstand in 
Utrecht’, Maandblad Oud-Utrecht 59, 12 (1986), 236-239. 3. Pepĳn Brandon et al. (red.). De slavernĳ in Oost en West. Het Amsterdam 
onderzoek (Amsterdam: Spectrum, 2020); Esther Captain, Wandelgids 
sporen van slavernĳ in Utrecht / Traces of Slavery in Utrecht. A Walking",b r du croo vries sara sibilla verdion indische welstand utrecht maandblad oud utrecht pepĳn brandon et red slavernĳ oost west amsterdam amsterdam spectrum esther captain wandelgids sporen slavernĳ utrecht traces slavery utrecht walking,0.5304787232251242,0.4762563948724774,0.40201752244657035,0.5304787232251242,Colonialism,0.05422232835264684,b r du croo vries sara sibilla verdion indische welstand utrecht maandblad oud utrecht pepĳn brandon et red slavernĳ oost west amsterdam amsterdam spectrum esther captain wandelgids sporen slavernĳ utrecht traces slavery utrecht walking,0,Colonialism,0.5527112,0.5527112,0.33174163,0.115547225,0.22096956,low
C:\Users\Home\policy-analysis\Slavery_text\Jouwe e.a. - Slavernij en de stad Utrecht.294.txt,887ca9bf:00003,10,"13. 15. Du Croo de Vries, ‘Sara Sibilla Verdion’, 239. 16. Ibidem. 17. nl-uthua, Burgerlĳke stand, 711, inv. nr. 138. 18.",du croo vries sara sibilla verdion ibidem nl uthua burgerlĳke stand inv nr,0.48022732873492013,0.44569132264322797,0.4318446973231946,0.48022732873492013,Colonialism,0.03453600609169216,du croo vries sara sibilla verdion ibidem nl uthua burgerlĳke stand inv nr,0,Colonialism,0.47794425,0.47794425,0.2157277,0.30632806,0.1716162,low
C:\Users\Home\policy-analysis\Slavery_text\Jouwe e.a. - Slavernij en de stad Utrecht.296.txt,ffefcb8a:00001,10,"Spuren der Sklaverei im Erzählen der Spätaufklärung am Bei-
spiel von Isabelle de Charrières “Histoire de Constance”’, in: Natascha 
Ueckmann en Romana Weiershausen (red.), Sklavenaufstände in der 
Literatur/Les Révoltes d’esclaves dans la littérature (Berlĳn: J.B. Metzler, 
2020), 63-80, aldaar 75-76; Judith A. Vega, Isabelle de Charrière en de 
kritiek van de verlichting. Filosofie, politiek, cultuur (Kampen: Klement, 
2006), 112. 15. Solte-Gresser, ‘Sklavengeschichte’, 72; Vega, Isabelle de Charrière, 125 en 132. 16. Solte-Gresser, ‘Sklavengeschichte’, 75; Vega, Isabelle de Charrière, 122. 17. Vega, Isabelle de Charrière, 122; Solte-Gresser, ‘Sklavengeschichte’, 66.",spuren sklaverei im erzählen spätaufklärung bei spiel von isabelle charrières histoire constance natascha ueckmann romana weiershausen red sklavenaufstände literatur les révoltes esclaves dans la littérature berlĳn j b metzler aldaar judith vega isabelle charrière kritiek verlichting filosofie politiek cultuur kampen klement solte gresser sklavengeschichte vega isabelle charrière solte gresser sklavengeschichte vega isabelle charrière vega isabelle charrière solte gresser sklavengeschichte,0.40686804658213277,0.41198687419933633,0.38971424258014226,0.41198687419933633,Historical Slavery,0.0051188276172035585,spuren sklaverei im erzählen spätaufklärung bei spiel von isabelle charrières histoire constance natascha ueckmann romana weiershausen red sklavenaufstände literatur les révoltes esclaves dans la littérature berlĳn j b metzler aldaar judith vega isabelle charrière kritiek verlichting filosofie politiek cultuur kampen klement solte gresser sklavengeschichte vega isabelle charrière solte gresser sklavengeschichte vega isabelle charrière vega isabelle charrière solte gresser sklavengeschichte,2,Modern Racism & Inequality,0.58909905,0.19554222,0.21535873,0.58909905,0.37374032,low
C:\Users\Home\policy-analysis\Slavery_text\Jouwe e.a. - Slavernij en de stad Utrecht.296.txt,ffefcb8a:00002,10,"18. ‘Histoire de Constance (suite)’, Genootschap Belle van Zuylen, http://
www.belle-van-zuylen.eu/site-charriere/articles/3fem-17.htm (geraad-
pleegd 02-02-2021). 19. Solte-Gresser, ‘Sklavengeschichte’, 74-75. 20. Belle van Zuylen, ‘Drie vrouwen’, 144. 21. ‘Histoire de Constance’, Genootschap Belle van Zuylen, http://www. belle-van-zuylen.eu/site-charriere/articles/3fem-16.htm (geraadpleegd 
02-02-2021). 22.",histoire constance suite genootschap belle zuylen http www belle zuylen eu site charriere articles 3fem htm geraad pleegd solte gresser sklavengeschichte belle zuylen drie vrouwen histoire constance genootschap belle zuylen http www belle zuylen eu site charriere articles 3fem htm geraadpleegd,0.4184124814434671,0.41651019465398387,0.31476710276693187,0.4184124814434671,Colonialism,0.0019022867894832318,histoire constance suite genootschap belle zuylen http www belle zuylen eu site charriere articles 3fem htm geraad pleegd solte gresser sklavengeschichte belle zuylen drie vrouwen histoire constance genootschap belle zuylen http www belle zuylen eu site charriere articles 3fem htm geraadpleegd,0,Colonialism,0.5139114,0.5139114,0.09918857,0.38689995,0.12701148,low
C:\Users\Home\policy-analysis\Slavery_text\Jouwe e.a. - Slavernij en de stad Utrecht.302.txt,1738da88:00001,10,"Katharine Gerbner, Christian Slavery. Conversion and Race in the Prot-
estant Atlantic World (Philadelphia University of Pennsylvania Press, 
2018), 11. 3. P. Moens en A. van Overstraaten, Dichterlĳke mengelingen (Utrecht: 
G.T. v. Paddenburg en Zoon, 1791), 22-27. 4. P.",katharine gerbner christian slavery p moens overstraaten dichterlĳke mengelingen utrecht g v paddenburg zoon p,0.4919638252436518,0.49317837886326277,0.5221692791009984,0.5221692791009984,Modern Racism & Inequality,0.02899090023773565,katharine gerbner christian slavery p moens overstraaten dichterlĳke mengelingen utrecht g v paddenburg zoon p,1,Historical Slavery,0.58959377,0.1021414,0.58959377,0.3082648,0.28132898,low
C:\Users\Home\policy-analysis\Slavery_text\Jouwe e.a. - Slavernij en de stad Utrecht.302.txt,1738da88:00002,10,"Moens, ‘Nog eenige gedachten over de waare gelĳkheid’, De Men-
schenvriend 7 (1794), 393-400, aldaar 400. 5. Petronella Moens, Vruchten der eenzaamheid (Amsterdam: A.B. Saakes 
en J. Tiel, 1798), 24. 6. Albert Soboul, De Franse Revolutie I (Amsterdam: Van Gennep, 1979), 
146. 7. Petronella Moens, Eerkrans voor Aardenburg (Amsterdam: A. Fokke, 
Sim.z., 1788).",moens eenige gedachten waare gelĳkheid schenvriend aldaar petronella moens vruchten eenzaamheid amsterdam b saakes j tiel albert soboul franse revolutie amsterdam gennep petronella moens eerkrans aardenburg amsterdam fokke sim z,0.4707132705766452,0.41125285577921966,0.35985549926900634,0.4707132705766452,Colonialism,0.05946041479742553,moens eenige gedachten waare gelĳkheid schenvriend aldaar petronella moens vruchten eenzaamheid amsterdam b saakes j tiel albert soboul franse revolutie amsterdam gennep petronella moens eerkrans aardenburg amsterdam fokke sim z,1,Historical Slavery,0.4889208,0.41417906,0.4889208,0.09690005,0.07474175,low
C:\Users\Home\policy-analysis\Slavery_text\Jouwe e.a. - Slavernij en de stad Utrecht.302.txt,1738da88:00003,10,"8. Petronella Moens, De jonge Sofia (tweede druk; Amsterdam: G.J.A. Beĳerinck, 1837 [1820]). 9. Moens, De Jonge Sofia, 35. 10. Petronella Moens, Aardenburg, of de onbekende volksplanting in Zuid-
Amerika (Haarlem: François Bohn, 1817), 118-119. 11. Ibidem. 12.",petronella moens jonge sofia tweede druk amsterdam g j beĳerinck moens jonge sofia petronella moens aardenburg onbekende volksplanting zuid amerika haarlem françois bohn ibidem,0.538944887125365,0.5239191504194252,0.45841104916679537,0.538944887125365,Colonialism,0.015025736705939874,petronella moens jonge sofia tweede druk amsterdam g j beĳerinck moens jonge sofia petronella moens aardenburg onbekende volksplanting zuid amerika haarlem françois bohn ibidem,1,Historical Slavery,0.47823364,0.27804494,0.47823364,0.24372141,0.2001887,low
C:\Users\Home\policy-analysis\Slavery_text\Jouwe e.a. - Slavernij en de stad Utrecht.302.txt,1738da88:00004,8,"Siep Stuurman, De uitvinding van de mensheid. Korte wereldgeschiede-
nis van het denken over gelĳkheid en cultuurverschil (Amsterdam: Bert 
Bakker, 2010), 268-294. 13. Tresoar, Leeuwarden, Hs. Nr. 1206; Koninklĳke Bibliotheek, Den 
Haag, Collectie 133B 9 iii, Brief van P. Moens aan H. Frĳlink, 30 april 
1836.",siep stuurman uitvinding mensheid korte wereldgeschiede nis denken gelĳkheid cultuurverschil amsterdam bert bakker tresoar leeuwarden hs nr koninklĳke bibliotheek den haag collectie 133b iii brief p moens h frĳlink april,0.5169798601915885,0.5105727519975711,0.5104234694142862,0.5169798601915885,Colonialism,0.006407108194017352,siep stuurman uitvinding mensheid korte wereldgeschiede nis denken gelĳkheid cultuurverschil amsterdam bert bakker tresoar leeuwarden hs nr koninklĳke bibliotheek den haag collectie 133b iii brief p moens h frĳlink april,0,Colonialism,0.5826758,0.5826758,0.07675006,0.34057406,0.24210176,low
C:\Users\Home\policy-analysis\Slavery_text\Jouwe e.a. - Slavernij en de stad Utrecht.305.txt,6e0a2d73:00004,7,"Jaap Toes, Wanklanken rond een wingewest. In de nadagen van de Suri-
naamse slavernĳ (proefschrift, Vrĳe Universiteit, 1992), 192. 28. Zoals met de ambtenaar in Suriname I.J. Rochussen en met J.C. Muller. Zie ook Toes, Wanklanken rond een wingewest.",jaap toes wanklanken rond wingewest nadagen suri naamse slavernĳ proefschrift vrĳe universiteit ambtenaar suriname j rochussen j c muller zie toes wanklanken rond wingewest,0.6076423127060161,0.4841838086365607,0.5373758048469534,0.6076423127060161,Colonialism,0.07026650785906274,jaap toes wanklanken rond wingewest nadagen suri naamse slavernĳ proefschrift vrĳe universiteit ambtenaar suriname j rochussen j c muller zie toes wanklanken rond wingewest,0,Colonialism,0.47750935,0.47750935,0.1337425,0.38874817,0.08876118,low
C:\Users\Home\policy-analysis\Slavery_text\Jouwe e.a. - Slavernij en de stad Utrecht.307.txt,22a307cc:00004,10,"391-09, 17. 20. Kosmopolis Utrecht organiseerde in 2011 het China Festival, dat 100 jaar 
Chinezen in Utrecht memoreerde en vierde. 21. Rob van Scheers, De Kleine Parade. Een verborgen geschiedenis van 
Utrecht (Amsterdam: Meulenhoff, 2008), 160-162. 22. Zie https://3voor12.vpro.nl/lokaal/utrecht/artikelen/overzicht/2004/
juni/de-vergane-glorie-van-de-utrechtse-jazzscene.html (geraadpleegd 
31-01-2021)
23. Captain en Visser, Wandelgids sporen van slavernĳ in Utrecht, 23. 24.",kosmopolis utrecht organiseerde china festival chinezen utrecht memoreerde vierde rob scheers kleine parade verborgen geschiedenis utrecht amsterdam meulenhoff zie https 3voor12 vpro nl lokaal utrecht artikelen juni vergane glorie utrechtse jazzscene html geraadpleegd captain visser wandelgids sporen slavernĳ utrecht,0.4822388020326973,0.4301570676583793,0.39646388688265144,0.4822388020326973,Colonialism,0.05208173437431801,kosmopolis utrecht organiseerde china festival chinezen utrecht memoreerde vierde rob scheers kleine parade verborgen geschiedenis utrecht amsterdam meulenhoff zie https 3voor12 vpro nl lokaal utrecht artikelen juni vergane glorie utrechtse jazzscene html geraadpleegd captain visser wandelgids sporen slavernĳ utrecht,0,Colonialism,0.5457746,0.5457746,0.17752567,0.27669978,0.2690748,low
C:\Users\Home\policy-analysis\Slavery_text\Jouwe e.a. - Slavernij en de stad Utrecht.309.txt,3e05faf6:00000,10,"NOTEN 
309
derlandse koloniale onderdrukking op de gekoloniseerde en bezette ei-
landen in de Caraïbische Zee. Anderzĳds om de gecreëerde en in stand 
gehouden onderlinge verdeeldheid tussen Aruba, Bonaire, Curaçao, St. Eustatius, St. Maarten en Saba en de impact daarvan op de gemeen-
schap hier in Nederland niet uit het oog te verliezen. 2. Het benoemen van Shell is ook hier een provocatie. 3. Toen ik haar in 2018 in het echt ontmoette in het kader van het week-
lange event ‘Moving Together: Activism, Art & Education’ geïnitieerd 
door Bojana Mladenović en mede gecureerd door Amal Alhaag, Miki 
Stelder, Nadia Bekkers en mĳzelf en geproduceerd door Sènami 
Awunou, moest ik me inhouden om niet te vertellen over de muur-
schildering in het huis van mĳn opa en oma. Hĳ had het in de jaren 70 
geschilderd zoals zĳ toen was, en ik had begrepen dat ze nog te vaak 
geconfronteerd werd met het idee dat men dacht dat zĳ in een tĳdma-
chine was blĳven hangen. Maar zowel Angela Davis als het ouderlĳk 
huis van mĳn oom zĳn in de tussentĳd veranderd.",noten derlandse koloniale onderdrukking gekoloniseerde bezette ei landen caraïbische zee anderzĳds gecreëerde stand gehouden onderlinge verdeeldheid aruba bonaire curaçao st eustatius st maarten saba impact daarvan gemeen schap nederland oog verliezen benoemen shell provocatie echt ontmoette kader week lange event moving together activism art education geïnitieerd bojana mladenović mede gecureerd amal alhaag miki stelder nadia bekkers mĳzelf geproduceerd sènami awunou moest inhouden vertellen muur schildering huis mĳn opa oma hĳ geschilderd zĳ begrepen vaak geconfronteerd idee dacht zĳ tĳdma chine blĳven hangen zowel angela davis ouderlĳk huis mĳn oom zĳn tussentĳd veranderd,0.5221218099105674,0.44976270593073375,0.4864292366606969,0.5221218099105674,Colonialism,0.035692573249870574,noten derlandse koloniale onderdrukking gekoloniseerde bezette ei landen caraïbische zee anderzĳds gecreëerde stand gehouden onderlinge verdeeldheid aruba bonaire curaçao st eustatius st maarten saba impact daarvan gemeen schap nederland oog verliezen benoemen shell provocatie echt ontmoette kader week lange event moving together activism art education geïnitieerd bojana mladenović mede gecureerd amal alhaag miki stelder nadia bekkers mĳzelf geproduceerd sènami awunou moest inhouden vertellen muur schildering huis mĳn opa oma hĳ geschilderd zĳ begrepen vaak geconfronteerd idee dacht zĳ tĳdma chine blĳven hangen zowel angela davis ouderlĳk huis mĳn oom zĳn tussentĳd veranderd,0,Colonialism,0.5617655,0.5617655,0.0041510216,0.43408346,0.12768203,low
C:\Users\Home\policy-analysis\Slavery_text\Jouwe e.a. - Slavernij en de stad Utrecht.316.txt,5580af9e:00002,5,"Ans J. Veltman-van den Bos (1943) is docente Nederlands en filosofie 
en promoveerde in 2000 op een biografie getiteld Petronella Moens 
(1762-1843), De Vriendin van ’t Vaderland. Zĳ bewerkte tevens primaire 
teksten van Moens voor dbnl. Met enige regelmaat verschĳnen er 
publicaties en een jaarlĳkse nieuwsbrief rond deze blinde schrĳfster 
en opiniemaker. Voor meer informatie zie www.petronella-moens.nl.",ans j veltman den bos docente nederlands filosofie promoveerde biografie getiteld petronella moens vriendin vaderland zĳ bewerkte tevens primaire teksten moens dbnl enige regelmaat verschĳnen publicaties jaarlĳkse nieuwsbrief rond blinde schrĳfster opiniemaker informatie zie www petronella moens nl,0.5666182277984416,0.5100113576860734,0.5349030482937196,0.5666182277984416,Colonialism,0.031715179504722024,ans j veltman den bos docente nederlands filosofie promoveerde biografie getiteld petronella moens vriendin vaderland zĳ bewerkte tevens primaire teksten moens dbnl enige regelmaat verschĳnen publicaties jaarlĳkse nieuwsbrief rond blinde schrĳfster opiniemaker informatie zie www petronella moens nl,0,Colonialism,0.59534144,0.59534144,0.009911603,0.39474693,0.20059451,low
C:\Users\Home\policy-analysis\Slavery_text\Jouwe e.a. - Slavernij en de stad Utrecht.45.txt,065ff5fa:00001,5,"Uit enkele documenten is op te maken dat Gerard Drĳver 
op de terugweg naar de Republiek tĳdens een tussenstop in Kaapstad 
twee slaafgemaakten verkocht: Jan van Makassar en Liesbeth van 
Tonkin.17 Ook Blydenbergh’s overgrootvader, Hendrick Hamel, voer 
reeds als wic-bewindhebber van de kamer Amsterdam naar Brazilië. Daar gaf hĳ vanaf 1646 korte tĳd leiding aan deze kersverse kolonie van 
de Republiek.18 De familiebanden met de overzeese koloniën in Oost 
en West gingen dus al ver terug. Ook andere familieleden van Gerard Blydenbergh waren actief in de 
koloniën. Zo was zĳn neef, Gerard Willem Blydenbergh, oppercommies 
in de raad van de Kust Guinea en had hĳ de leiding over een van de drie 
forten Axim, Mouree of Accra of van de factorĳ in Fida.19 Vanaf deze 
forten werden gedurende de zeventiende en achttiende eeuw talloze 
slaafgemaakten ingescheept naar Amerika. Gerard Willem had zĳn oom",enkele documenten maken gerard drĳver terugweg republiek tĳdens tussenstop kaapstad twee slaafgemaakten verkocht jan makassar liesbeth tonkin blydenbergh overgrootvader hendrick hamel voer wic bewindhebber kamer amsterdam brazilië gaf hĳ vanaf korte tĳd leiding kersverse kolonie republiek familiebanden overzeese koloniën oost west gingen ver terug familieleden gerard blydenbergh actief koloniën zĳn neef gerard willem blydenbergh oppercommies raad kust guinea hĳ leiding drie forten axim mouree accra factorĳ fida vanaf forten werden gedurende zeventiende achttiende eeuw talloze slaafgemaakten ingescheept amerika gerard willem zĳn oom,0.49204372806691,0.4657772713626402,0.23926348270185743,0.49204372806691,Colonialism,0.026266456704269803,enkele documenten maken gerard drĳver terugweg republiek tĳdens tussenstop kaapstad twee slaafgemaakten verkocht jan makassar liesbeth tonkin blydenbergh overgrootvader hendrick hamel voer wic bewindhebber kamer amsterdam brazilië gaf hĳ vanaf korte tĳd leiding kersverse kolonie republiek familiebanden overzeese koloniën oost west gingen ver terug familieleden gerard blydenbergh actief koloniën zĳn neef gerard willem blydenbergh oppercommies raad kust guinea hĳ leiding drie forten axim mouree accra factorĳ fida vanaf forten werden gedurende zeventiende achttiende eeuw talloze slaafgemaakten ingescheept amerika gerard willem zĳn oom,0,Colonialism,0.541534,0.541534,0.45497793,0.0034880154,0.08655608,low
C:\Users\Home\policy-analysis\Slavery_text\Jouwe e.a. - Slavernij en de stad Utrecht.50.txt,df8fe868:00001,3,"Vanaf 1710 
begonnen de Engelsen daarom directe geheime onderhandelingen met 
de Fransen, die de basis zouden vormen voor de vredesonderhandelingen 
in Utrecht. In augustus 1711 reisde een Franse gezant naar Londen en 
zegde hĳ het asiento in het geheim toe aan de Engelsen als onderdeel 
van een pakket aan vredesvoorwaarden. De Nederlandse gezant in 
Londen, Willem Buys, wist hier niets van af en was juist van plan ‘om 
met Englant t’saemen te handelen met coningh Carel over d’assiento 
en de negroshandel’.12",vanaf begonnen engelsen daarom directe geheime onderhandelingen fransen basis zouden vormen vredesonderhandelingen utrecht augustus reisde franse gezant londen zegde hĳ asiento geheim toe engelsen pakket vredesvoorwaarden nederlandse gezant londen willem buys wist af juist plan englant saemen handelen coningh carel assiento negroshandel,0.4479091038786464,0.41894752450424555,0.4522862876539046,0.4522862876539046,Modern Racism & Inequality,0.004377183775258198,vanaf begonnen engelsen daarom directe geheime onderhandelingen fransen basis zouden vormen vredesonderhandelingen utrecht augustus reisde franse gezant londen zegde hĳ asiento geheim toe engelsen pakket vredesvoorwaarden nederlandse gezant londen willem buys wist af juist plan englant saemen handelen coningh carel assiento negroshandel,2,Modern Racism & Inequality,0.4611714,0.24101721,0.29781142,0.4611714,0.16335997,low
C:\Users\Home\policy-analysis\Slavery_text\Jouwe e.a. - Slavernij en de stad Utrecht.90.txt,cab5ce3c:00000,10,"90 
REMCO RABEN
Hendrik Swellengrebel
Het octrooigebied van de voc – het deel van de wereld waar de voc 
handel mocht drĳven en een monopolie bezat – strekte zich uit van Japan 
tot Kaap de Goede Hoop, de zuidelĳke punt van huidig Zuid-Afrika. De 
Kaap was een beetje een buitenbeentje in het voc-imperium, omdat de 
vestiging niet belangrĳk was voor de exploitatie van producten op de 
Europese markt, maar zich van een verversingsstation ontwikkelde tot 
een vestigingskolonie, een plek waar veel Europeanen zich vestigden. Onder hen natuurlĳk ook Utrechters. Een van hen was Hendrik Swel-
lengrebel. Zĳn leven begon in Kaap de Goede Hoop, maar zou wel in 
Utrecht eindigen. De voorouders van Hendrik kwamen uit Stettin, in 
het huidige Polen, en waren handelaars. Zĳn vader, Johannes Balthasar, 
was geboren in Moskou en was naar de Republiek getrokken om dienst 
te nemen bĳ de voc. Hĳ kwam in Kaap de Goede Hoop terecht en klom 
op tot lid van de politieke raad. In 1716 nam hĳ ontslag en werd een 
zogenoemde vrĳburger. Hĳ concentreerde zich op het beheer van zĳn 
grote landgoederen bĳ de Tĳgerberg en de Liesbeekrivier.",remco raben hendrik swellengrebel octrooigebied voc wereld waar voc handel mocht drĳven monopolie bezat strekte japan kaap goede hoop zuidelĳke punt huidig zuid afrika kaap beetje buitenbeentje voc imperium vestiging belangrĳk exploitatie producten europese markt verversingsstation ontwikkelde vestigingskolonie plek waar europeanen vestigden hen natuurlĳk utrechters hen hendrik swel lengrebel zĳn leven begon kaap goede hoop utrecht eindigen voorouders hendrik kwamen stettin huidige polen handelaars zĳn vader johannes balthasar geboren moskou republiek getrokken dienst nemen bĳ voc hĳ kwam kaap goede hoop terecht klom lid politieke raad nam hĳ ontslag zogenoemde vrĳburger hĳ concentreerde beheer zĳn grote landgoederen bĳ tĳgerberg liesbeekrivier,0.4904021301263432,0.48658846342549983,0.36510653976720703,0.4904021301263432,Colonialism,0.0038136667008433767,remco raben hendrik swellengrebel octrooigebied voc wereld waar voc handel mocht drĳven monopolie bezat strekte japan kaap goede hoop zuidelĳke punt huidig zuid afrika kaap beetje buitenbeentje voc imperium vestiging belangrĳk exploitatie producten europese markt verversingsstation ontwikkelde vestigingskolonie plek waar europeanen vestigden hen natuurlĳk utrechters hen hendrik swel lengrebel zĳn leven begon kaap goede hoop utrecht eindigen voorouders hendrik kwamen stettin huidige polen handelaars zĳn vader johannes balthasar geboren moskou republiek getrokken dienst nemen bĳ voc hĳ kwam kaap goede hoop terecht klom lid politieke raad nam hĳ ontslag zogenoemde vrĳburger hĳ concentreerde beheer zĳn grote landgoederen bĳ tĳgerberg liesbeekrivier,0,Colonialism,0.51186234,0.51186234,0.44237015,0.045767535,0.06949219,low
C:\Users\Home\policy-analysis\Slavery_text\ketenen van het verleden.101.txt,4f40e3d5:00001,10,"Een toegevoegde waarde zou alleen zijn gelegen in de erkenning dat slavenhandel en 
slavernij niet slechts in de hierboven weergegeven vormen strafbaar zijn gesteld, maar dat 
de kwalificatie ‘misdrijf tegen de menselijkheid’ met terugwerkende kracht geldt voor 
                                                        
76 Zie o.a. Arend H. Huussen, ‘The Dutch Constitution of 1798 and the Problem of Slavery’, Tijdschrift voor 
Rechtsgeschiedenis/Legal History Review 1999, vol. 67 nr. 1/2, p. 99-114 (p. 104: ‘The moral tension between 
personal freedom and owning slaves, which the Dutch citizen must have felt if he thought about the problem 
at all, is reflected in legal culture. (…) The colonial statute books bear witness to the intensive legislative 
involvement of the authorities with their slave-owning societies. Looking into the judical textbooks published in 
the Republic, however, one seldom finds any trace of slavery at all’); het themanummer van Acta Historica, 
gemaakt door Matthias van Rossum en Karwan Fatah-Black samen met Leidse geschiedenisstudenten waarin 
juridische bronnen centraal staan: ‘Amok in Batavia: Over Amok in Nederlands-Indische Rechtszaken’ (2014, 
vol. 3, nr.",toegevoegde waarde alleen gelegen erkenning slavenhandel slavernij slechts hierboven weergegeven vormen strafbaar gesteld kwalificatie misdrijf menselijkheid terugwerkende kracht geldt zie arend h nr p p looking judical textbooks published republic however one seldom finds trace slavery themanummer acta historica gemaakt matthias rossum karwan fatah black samen leidse geschiedenisstudenten waarin juridische bronnen centraal staan amok batavia amok nederlands indische rechtszaken vol nr,0.4957389863521263,0.5089740525896344,0.5478815337510206,0.5478815337510206,Modern Racism & Inequality,0.038907481161386204,toegevoegde waarde alleen gelegen erkenning slavenhandel slavernij slechts hierboven weergegeven vormen strafbaar gesteld kwalificatie misdrijf menselijkheid terugwerkende kracht geldt zie arend h nr p p looking judical textbooks published republic however one seldom finds trace slavery themanummer acta historica gemaakt matthias rossum karwan fatah black samen leidse geschiedenisstudenten waarin juridische bronnen centraal staan amok batavia amok nederlands indische rechtszaken vol nr,2,Modern Racism & Inequality,0.5786709,0.012912275,0.40841678,0.5786709,0.17025414,low
C:\Users\Home\policy-analysis\Slavery_text\ketenen van het verleden.112.txt,015a9f50:00000,10,"41 
Hoofdstuk 4: Conclusies 
 
4.1 
 Inleiding 
 
In deze studie is getracht de hoofdlijnen van de ‘juridische routekaart’ bij de verwerking van 
het slavernijverleden in beeld te brengen. Daarbij is zo concreet mogelijk bezien hoe de 
‘alledaagse rechtsorde’108 van betekenis kan zijn bij de erkenning, excuses en herstel 
van/voor het slavernijverleden. Centraal stond de vraag wat de juridische vormgeving en de 
juridische consequenties van erkenning, excuses en herstel zouden kunnen zijn naar 
Nederlands en Koninkrijksrecht. De studie kende als beperkingen dat 1) de keuze voor erkenning, excuses en herstel een 
politieke en maatschappelijke vraag is die buiten de onderhavige studie valt, 2) de studie 
juridisch van aard is (zich daarbij richtend op Nederlands en Koninkrijksrecht) en 3) zij 
verkennend van opzet is, waarmee nadrukkelijk de mogelijkheid van aanvullingen wordt 
opengehouden. Een aantal vragen dat wel nader aandacht verdient kon daardoor noodzakelijkerwijs niet 
binnen deze studie beantwoord worden. Daarbij valt vooral te denken aan de vraag of 
erkenning, excuses en herstel niet ook het Nederlandse kolonialisme (naast de slavernij als 
onderdeel daarvan) zouden moeten omvatten,109 de vraag of aan de erkenning van het 
Nederlandse slavernijverleden niet gevolg zou moeten worden gegeven met het verankeren 
van de ‘menselijke waardigheid’ (datgene dat zo precies getroffen werd door de slavernij) op 
enigerlei wijze in onze Grondwet (zoals in artikel 1 van de Duitse Grondwet),110 en de vraag 
naar de aanvullende betekenis van Europees en Internationaal recht voor erkenning, 
excuses en herstel.111  
 
De belangrijkste conclusies uit de studie worden hieronder ter afronding puntsgewijs 
weergegeven, steeds onder verwijzing naar de relevante hoofdstukken en paragrafen. 108 Veraart 2010. 109 De Franse wet Mekachera ziet op de koloniale overheersing van Algerije; hoewel de wet juist ingezet lijkt te 
zijn ‘to protect the memory of French colonialism’ en een (nu ingetrokken) artikel bevatte waarin scholen de 
opdracht werd gegeven aandacht te besteden aan ‘the positive role of the French presence overseas’, zie 
Koposov 2017, p. 113-114; Forsdick 2015, p. 423-424, zie verder o.a.",hoofdstuk studie getracht hoofdlijnen juridische routekaart verwerking slavernijverleden beeld brengen daarbij concreet mogelijk bezien alledaagse rechtsorde betekenis erkenning excuses herstel slavernijverleden centraal stond juridische vormgeving juridische consequenties erkenning excuses herstel zouden nederlands koninkrijksrecht studie kende beperkingen keuze erkenning excuses herstel politieke maatschappelijke onderhavige studie valt studie juridisch aard daarbij richtend nederlands koninkrijksrecht verkennend opzet waarmee nadrukkelijk mogelijkheid aanvullingen opengehouden nader aandacht verdient daardoor noodzakelijkerwijs studie beantwoord daarbij valt vooral denken erkenning excuses herstel nederlandse kolonialisme slavernij daarvan zouden moeten omvatten erkenning nederlandse slavernijverleden gevolg moeten verankeren menselijke waardigheid datgene precies getroffen slavernij enigerlei wijze onze grondwet artikel duitse grondwet aanvullende betekenis europees internationaal recht erkenning excuses herstel belangrijkste studie hieronder ter afronding puntsgewijs weergegeven steeds verwijzing relevante hoofdstukken paragrafen veraart franse wet mekachera ziet koloniale overheersing algerije hoewel wet juist ingezet lijkt protect memory french colonialism ingetrokken artikel bevatte waarin scholen opdracht aandacht besteden positive role french presence overseas zie koposov p forsdick p zie verder,0.49223658315697977,0.48955328641472795,0.414005657528424,0.49223658315697977,Colonialism,0.0026832967422518172,hoofdstuk studie getracht hoofdlijnen juridische routekaart verwerking slavernijverleden beeld brengen daarbij concreet mogelijk bezien alledaagse rechtsorde betekenis erkenning excuses herstel slavernijverleden centraal stond juridische vormgeving juridische consequenties erkenning excuses herstel zouden nederlands koninkrijksrecht studie kende beperkingen keuze erkenning excuses herstel politieke maatschappelijke onderhavige studie valt studie juridisch aard daarbij richtend nederlands koninkrijksrecht verkennend opzet waarmee nadrukkelijk mogelijkheid aanvullingen opengehouden nader aandacht verdient daardoor noodzakelijkerwijs studie beantwoord daarbij valt vooral denken erkenning excuses herstel nederlandse kolonialisme slavernij daarvan zouden moeten omvatten erkenning nederlandse slavernijverleden gevolg moeten verankeren menselijke waardigheid datgene precies getroffen slavernij enigerlei wijze onze grondwet artikel duitse grondwet aanvullende betekenis europees internationaal recht erkenning excuses herstel belangrijkste studie hieronder ter afronding puntsgewijs weergegeven steeds verwijzing relevante hoofdstukken paragrafen veraart franse wet mekachera ziet koloniale overheersing algerije hoewel wet juist ingezet lijkt protect memory french colonialism ingetrokken artikel bevatte waarin scholen opdracht aandacht besteden positive role french presence overseas zie koposov p forsdick p zie verder,0,Colonialism,0.56693864,0.56693864,0.40552014,0.027541146,0.1614185,low
C:\Users\Home\policy-analysis\Slavery_text\ketenen van het verleden.118.txt,18b07e4e:00001,10,"The author has delivered the report in 
cooperation with Prof. Janne Nijman, Chairperson of the Executive Board and Academic Director of the T.M.C. Asser Instituut, and Dr. Christophe Paulussen, Senior Researcher at the T.M.C. Asser Instituut. He would also like 
to thank Prof. Ernst Hirsch Ballin (University of Tilburg) for his valuable comments on the scope of the Rijkswet 
and Chianna Shah BSc, intern at the T.M.C. Asser Instituut, for her valuable research assistance. 1 Following the wording of the Motie Nicolaï (infra note 2): “[…] verzoekt de regering om na te gaan of er reden 
bestaat om – net zoals in Frankrijk – bij wet de slavernij en de slavenhandel die in het verleden heeft 
plaatsgevonden als een misdaad tegen de menselijkheid aan te merken”. 2 35 300 VI, Motie van het lid Nicolaï c.s.",asser instituut dr christophe paulussen senior researcher c asser instituut would also like thank prof asser instituut valuable research assistance following wording motie nicolaï infra note verzoekt regering gaan reden bestaat net frankrijk wet slavernij slavenhandel verleden plaatsgevonden misdaad menselijkheid merken vi motie lid nicolaï c,0.5790094637513914,0.5308893997570625,0.5330235023875028,0.5790094637513914,Colonialism,0.04598596136388855,asser instituut dr christophe paulussen senior researcher c asser instituut would also like thank prof asser instituut valuable research assistance following wording motie nicolaï infra note verzoekt regering gaan reden bestaat net frankrijk wet slavernij slavenhandel verleden plaatsgevonden misdaad menselijkheid merken vi motie lid nicolaï c,1,Historical Slavery,0.4347409,0.32162747,0.4347409,0.24363165,0.11311343,low
C:\Users\Home\policy-analysis\Slavery_text\ketenen van het verleden.128.txt,fd4a929f:00001,10,"separate 
from ‘hate speech’) provisions on Holocaust denial exist these days in various countries, from Israel to France. 56 Steve Mertl and John Ward, Keegstra: The Trial, the Issues, the Consequences (Western Producer Prairie Books 
1985). 57 Robert Lenski, The Holocaust on Trial: the Case of Ernst Zündel (Reporter Press 1990). 58 Later on, Irving was convicted in Austria (2006). Dr Lipstadt chronicled her 5-year legal battle in History on 
Trial: My Day in Court with David Irving (Ecco 2005). 59 Case Robert Faurisson v France, Communication no 550/1993, UN Doc CCPR/C/58/D/550/1993(1996). 60 To give just one, out of many European examples, s 86a (use of symbols of the unconstitutional organizations) 
of the German Criminal Code outlaws Nazi symbols and insignia. 61 See Theodor W. Adorno, ‘What Does Coming to Terms with the Past Mean?’ in Geoffrey Hartman (ed), Bitburg 
in Moral and Political Perspective, Indiana University Press, 1986. 114–29.",later irving convicted austria case robert faurisson v france communication un doc ccpr c see theodor w,0.4951938637672019,0.41757296176785,0.41792197645355145,0.4951938637672019,Colonialism,0.07727188731365048,later irving convicted austria case robert faurisson v france communication un doc ccpr c see theodor w,2,Modern Racism & Inequality,0.5550917,0.43020454,0.014703784,0.5550917,0.12488714,low
C:\Users\Home\policy-analysis\Slavery_text\ketenen van het verleden.129.txt,d8154d0f:00000,10,"14 
Practices Similar to Slavery in 1956 which elaborated upon the 1926 laws through additional 
guidelines.64 Notably, Article 3 of the Supplementary Convention criminalised slave trafficking 
and Article 6 criminalised enslavement and selling individuals into slavery. This international 
agreement is still operative today and has 124 parties as of 2021, including the Netherlands 
which ratified the Convention in 1957. These historical conventions highlight the increasing international intolerance of and the 
movement of the international community towards the criminalisation of enslavement.65 
Culminating in the Rome Statute (1998, entering into force in 2002), this instrument established 
the International Criminal Court (ICC) in The Hague (the Netherlands) and provided for the 
ICC to have jurisdiction over war crimes, genocide and crimes against humanity.66 Most 
relevantly, Article 7 of the Rome Statute categorises acts that constitute a crime against 
humanity with the explicit addition of enslavement in 7 (1) (c). While enslavement is 
specifically mentioned, numerous acts categorised as crimes against humanity have also been 
committed by perpetrators of the slave trade.67 European individuals, including ones from the 
Netherlands, participating in the slave trade forcibly deported and transported African people 
to Western lands (that would have been considered these days in violation of 7 (1) (d) of the 
Rome Statute), forcibly imprisoned Africans on the coasts of Africa and severely deprived them 
of their physical liberty (in violation of 7 (1) (e) of the Rome Statute).68 Moreover, it can be 
argued that slavery and the slave trade constituted persecution against an identifiable group on 
racial and ethnic grounds (violation of 7 (1) (h)) as 17th century Europeans no longer deemed 
it morally acceptable to enslave fellow Europeans but intensively participated in the slave trade 
for people of African and Asian descent.69  
 
Moreover, while slavery has not been adjudicated upon in court proceedings, trafficking as part 
of enslavement has been tried in the already-mentioned Kunarac case before the ICTY.70 The 
Trial Chamber in that case considered the exercise of ownership of the persons and the duration 
of the suspected exercise of powers, both of which are extensively present in enslavement due 
to the long-term ownership of persons. 64 Patricia M. Muhammad Esq, The Trans-Atlantic Slave Trade: A Forgotten Crime Against Humanity as Defined 
by International Law, American University International Law Review 19, 2003. 883-947. 65 For the explanation of the terminological difference between slave trade and enslavement, see section 1.3. in the 
present study. 66 The Rome Statute of the International Criminal Court (1998), available at: 
https://legal.un.org/icc/statute/99_corr/cstatute.htm.",patricia present study,0.6423518984307481,0.5480845207292409,0.5719434620432793,0.6423518984307481,Colonialism,0.07040843638746885,patricia present study,0,Colonialism,0.51478684,0.51478684,0.14277491,0.34243828,0.17234856,low
C:\Users\Home\policy-analysis\Slavery_text\ketenen van het verleden.131.txt,1b3a84db:00001,10,"While the 2013 
decision focused mainly on Article 10 ECHR, striking a balance between freedom of speech 
(paragraph 1 of Article 10 ECHR) and its legitimate limitations (paragraph 2 of Article 10 
ECHR), in its 2015 judgment, the Grand Chamber assessed the conflict between the protection 
of dignity for the Armenian community (Article 8 ECHR) and the freedom of speech for 
Perinçek (Article 10 ECHR). The Grand Chamber withdrew from determining whether 
“massacres and mass deportations” suffered by the Armenian people at the hands of the 
Ottoman Empire could be referred to as genocide. In contrast, the Grand Chamber focused on 
the dignity of both the victims and the present-day Armenian community as a possible 
legitimate aim in justifying the Swiss criminal provision. To support its argument, the Court 
 
(FRA) and disseminated on its website and to its national monitors. Units of the Organization for Security and Co-
operation in Europe (OSCE) concerned with combating anti-Semitism also employ the definition. 74 Most of the cases reaching the ECtHR on the issue had been found inadmissible, including T v Belgium (App 
no 9777/82); FP v Germany (App no 19459/92); Honsik v Austria (App no 25062/94); Remer v Germany (App no 
25096/94); Nachtmann v Austria (App no 36773/97); Witzsch v Germany (App no 41448/98). 75 Hoffer and Annen v Germany (App nos 397/07 and 2322/07, 13 January 2011). 76 PETA v Germany (App no 43481/09, 8 November 2012). 77 Perinçek v. Switzerland, (App no 27510/08, 17 December 2013) 
78 Perinçek v.",hoffer annen v germany app nos january peta v germany app november perinçek v switzerland app december perinçek v,0.47871171667668194,0.4160098725133606,0.40200055434119436,0.47871171667668194,Colonialism,0.06270184416332136,hoffer annen v germany app nos january peta v germany app november perinçek v switzerland app december perinçek v,0,Colonialism,0.4449619,0.4449619,0.38866085,0.16637723,0.056301057,low
C:\Users\Home\policy-analysis\Slavery_text\ketenen van het verleden.132.txt,e618728d:00002,10,"¶¶ 291-300. 88 E.g., Council of Europe Parliamentary Assembly, Written Declaration of 24 April 2001 No. 320 – Recognition 
of the Armenian Genocide, Doc. 9056 (2001), available at http://assembly.coe.int/nw/xml/XRef/X2H-Xref-
ViewHTML.asp?FileID=9280&lang=en; Resolution on a Political Solution to the Armenian Question, EUR. PARL. DOC. A2-33/87 (1987); European Parliament Resolution of 15 April 2015 on the Centenary of the Armenian 
genocide, EUR. PARL. DOC. 2015/2590(RSP) (2015).",e g council europe parliamentary assembly written declaration april recognition armenian genocide doc parl doc parl doc rsp,0.4862315858405766,0.38449959290868135,0.4246394591353576,0.4862315858405766,Colonialism,0.061592126705218964,e g council europe parliamentary assembly written declaration april recognition armenian genocide doc parl doc parl doc rsp,0,Colonialism,0.5778813,0.5778813,0.032971192,0.3891475,0.18873379,low
C:\Users\Home\policy-analysis\Slavery_text\ketenen van het verleden.149.txt,53662d50:00000,10,"bijlage 4c
 
1 
Levend slavernijverleden in Nederland en de Nederlandse 
Cariben 
Rose Mary Allen en Alex van Stipriaan 
 
 
In opdracht van de Dialooggroep Slavernijverleden schreven Prof. dr. Rose Mary Allen en 
Prof. dr. Alex van Stipriaan ieder een essay over de vraag hoe het slavernijverleden in de 
Nederlandse Cariben, respectievelijk Nederland levend wordt gehouden en hoe dat nog beter 
zou kunnen worden geborgd. Rose Mary Allen (p. 2-14) geeft uitgebreid inzicht in wat er door Antillianen al is gedaan aan 
geschiedschrijving over de slavernij. Ook de orale geschiedenis en cultuur is daarbij 
belangrijk, onder meer vanwege de  insiders view. Daarnaast behandelt zij de zichtbaarheid 
van de slavernij in de Caribische samenlevingen aan de hand van herdenkingsdagen en 
monumenten. Andere vormen van  zichtbaarheid komen eveneens aan bod, zoals film, theater 
en tentoonstellingen.",4c levend slavernijverleden nederland nederlandse cariben rose mary allen alex stipriaan opdracht dialooggroep slavernijverleden schreven prof dr rose mary allen prof dr alex stipriaan ieder essay slavernijverleden nederlandse cariben respectievelijk nederland levend gehouden beter geborgd rose mary allen p geeft uitgebreid inzicht antillianen gedaan geschiedschrijving slavernij orale geschiedenis cultuur daarbij belangrijk vanwege insiders view daarnaast behandelt zichtbaarheid slavernij caribische samenlevingen hand herdenkingsdagen monumenten vormen zichtbaarheid komen eveneens bod film theater tentoonstellingen,0.4754536050448973,0.5279251689116589,0.3250859153312194,0.5279251689116589,Historical Slavery,0.05247156386676155,4c levend slavernijverleden nederland nederlandse cariben rose mary allen alex stipriaan opdracht dialooggroep slavernijverleden schreven prof dr rose mary allen prof dr alex stipriaan ieder essay slavernijverleden nederlandse cariben respectievelijk nederland levend gehouden beter geborgd rose mary allen p geeft uitgebreid inzicht antillianen gedaan geschiedschrijving slavernij orale geschiedenis cultuur daarbij belangrijk vanwege insiders view daarnaast behandelt zichtbaarheid slavernij caribische samenlevingen hand herdenkingsdagen monumenten vormen zichtbaarheid komen eveneens bod film theater tentoonstellingen,1,Historical Slavery,0.5495478,0.4309167,0.5495478,0.019535497,0.118631095,low
C:\Users\Home\policy-analysis\Slavery_text\ketenen van het verleden.156.txt,fecf90b5:00001,10,"Een voorbeeld hiervan is de studie 
van Armando Lampe (1988) waarin hij kijkt naar de rol van de Rooms-Katholieke Kerk in het 
sociale leven van de tot slaafgemaakten. Aan de hand van Anansi-verhalen (kuentanan di 
Nanzi) analyseerde hij de mate van protest en verzet van deze groep tegen het bestaande 
systeem. Frank Martinus Arions studie A Kiss of the Slave (1997) gebruikte de gegevens van 
Juliana en Brenneker om de Guene taal te kunnen ontcijferen. De huidige kennis van de 
Guene taal is voornamelijk gebaseerd op de door Juliana en Brenneker verzamelde liederen 
waarin slaven en hun nakomelingen op een verborgen manier over hun sociale 
omstandigheden zongen. Het proefschrift van René Rosalia uit 1997 over de muzikale expressie tambú gaat ook terug 
tot de slavernijperiode en is gebaseerd op interviews die hijzelf met mensen heeft gevoerd 
over dit onderwerp. Een en ander is verwerkt in zijn boek Tambú. De legale en kerkelijke 
repressie van Afro-Curaçaose volksuitingen. Rosalia verzamelde deze mondelinge 
overleveringen via zijn  culturele groep, Grupo Trinchera. Dit werk is onder zijn leiding 
voortgezet door de Kas di Kultura, een cultureel instituut dat door het overheid werd 
gesubsidieerd en in 2020 is opgeheven. Ook Rose Mary Allens studie uit 2007, Di Ki Manera.",voorbeeld hiervan studie armando lampe waarin kijkt rol rooms katholieke kerk sociale leven slaafgemaakten hand anansi verhalen kuentanan di nanzi analyseerde mate protest verzet bestaande systeem frank martinus arions studie kiss slave gebruikte juliana brenneker guene taal ontcijferen huidige kennis guene taal voornamelijk gebaseerd juliana brenneker verzamelde liederen waarin slaven nakomelingen verborgen manier sociale omstandigheden zongen proefschrift rené rosalia muzikale expressie tambú gaat terug slavernijperiode gebaseerd interviews hijzelf mensen gevoerd onderwerp ander verwerkt boek tambú legale kerkelijke repressie afro curaçaose volksuitingen rosalia verzamelde mondelinge overleveringen via culturele grupo trinchera werk leiding voortgezet kas di kultura cultureel instituut overheid gesubsidieerd opgeheven rose mary allens studie di ki manera,0.5028730254107112,0.5399931238502025,0.46950945742593836,0.5399931238502025,Historical Slavery,0.03712009843949127,voorbeeld hiervan studie armando lampe waarin kijkt rol rooms katholieke kerk sociale leven slaafgemaakten hand anansi verhalen kuentanan di nanzi analyseerde mate protest verzet bestaande systeem frank martinus arions studie kiss slave gebruikte juliana brenneker guene taal ontcijferen huidige kennis guene taal voornamelijk gebaseerd juliana brenneker verzamelde liederen waarin slaven nakomelingen verborgen manier sociale omstandigheden zongen proefschrift rené rosalia muzikale expressie tambú gaat terug slavernijperiode gebaseerd interviews hijzelf mensen gevoerd onderwerp ander verwerkt boek tambú legale kerkelijke repressie afro curaçaose volksuitingen rosalia verzamelde mondelinge overleveringen via culturele grupo trinchera werk leiding voortgezet kas di kultura cultureel instituut overheid gesubsidieerd opgeheven rose mary allens studie di ki manera,1,Historical Slavery,0.52173495,0.051137537,0.52173495,0.4271275,0.09460744,low
C:\Users\Home\policy-analysis\Slavery_text\ketenen van het verleden.178.txt,67ae780e:00000,10,"30 
c) Slavernij en zijn erfenissen en doorwerkingen dient een focus-onderwerp te zijn in het 
onderwijs van PO t/m WO en niet in het minst ook daar waar leraren worden opgeleid. Daarvoor moet een handzame docententoolbox worden ontwikkeld, zodat het hen ook 
gemakkelijk wordt gemaakt om op een actieve en activerende manier dit thema te 
kunnen behandelen; 
d) Onderwijs, musea en onderzoek moeten samen optrekken en producten maken die de 
kennis over slavernijverleden, erfenissen en doorwerking naar een groot publiek 
vertalen; 
e) Het houdt niet op bij herinneren en herdenken (en schuldig voelen), er moet tegelijk 
verantwoordelijkheid worden genomen van hoog tot laag en van welke achtergrond 
dan ook, om de negatieve hedendaagse erfenissen en doorwerkingen aan te pakken en 
de positieve te koesteren; ook hierin spelen onderwijs, de cultuurwereld en de 
onderzoekswereld een cruciale rol;  
f) Het is van essentieel belang dat er een museaal centrum/museum is waar op ruime en 
toegankelijke wijze dat verleden en zijn hedendaagse doorwerkingen worden getoond 
op een niet eurocentrische manier. Dat wil zeggen, bezien door de ogen van 
slaafgemaakten en hun nazaten, met een inclusieve en uitnodigende blik: kijk met me 
mee, denk met me mee. En bovendien een multiperspectieve blik: meerdere zwarte, 
meerdere witte, meerdere Inheemse perspectieven binnen en op dit verleden. g) Bij zo’n museum hoort, onlosmakelijk verbonden, een onderzoekscentrum dat in ieder 
geval alle onderzoek dat al is gedaan state of the art verzamelt en daarnaast nieuwe 
onderzoeksprojecten entameert, want er valt nog heel erg veel uit te zoeken. Dat 
onderzoekscentrum werkt niet op zichzelf, of alleen met het museum, maar het werkt 
in zijn projecten nauw samen met andere wetenschappelijke onderzoekscentra 
(universiteiten en erfgoedinstellingen) enerzijds en met onderwijs en populaire media 
anderzijds om de vertaalslag van alle kennis voor iedereen toegankelijk te maken. h) Er wordt een nationaal onderzoeksprogramma opgestart (NWO / KNAW) op het 
thema Slavernij En Zijn Hedendaagse Erfenissen & Doorwerkingen, waarvan de 
opstellers en uitvoerders uit zowel de hoek van slavennazaten als van niet-nazaten 
afkomstig zijn. Het perspectief dient niet-eurocentrisch te zijn en toekomstgericht, 
d.w.z. niet slachtofferschap maar kracht en emancipatie worden de focus. Dat betekent 
ook witte emancipatie, namelijk bevrijding uit de ketenen van racistische denkwijzen.",c slavernij erfenissen doorwerkingen dient focus onderwerp onderwijs po wo minst waar leraren opgeleid daarvoor handzame docententoolbox ontwikkeld zodat hen gemakkelijk gemaakt actieve activerende manier thema behandelen onderwijs musea moeten samen optrekken producten maken kennis slavernijverleden erfenissen doorwerking groot publiek vertalen e houdt herinneren herdenken schuldig voelen tegelijk verantwoordelijkheid genomen hoog laag achtergrond negatieve hedendaagse erfenissen doorwerkingen pakken positieve koesteren hierin spelen onderwijs cultuurwereld onderzoekswereld cruciale rol f essentieel belang museaal centrum museum waar ruime toegankelijke wijze verleden hedendaagse doorwerkingen getoond eurocentrische manier zeggen bezien ogen slaafgemaakten nazaten inclusieve uitnodigende blik kijk mee denk mee bovendien multiperspectieve blik meerdere zwarte meerdere witte meerdere inheemse perspectieven verleden g n museum hoort onlosmakelijk verbonden onderzoekscentrum ieder geval gedaan state art verzamelt daarnaast nieuwe onderzoeksprojecten entameert valt heel erg zoeken onderzoekscentrum werkt zichzelf alleen museum werkt projecten nauw samen wetenschappelijke onderzoekscentra universiteiten erfgoedinstellingen enerzijds onderwijs populaire media anderzijds vertaalslag kennis iedereen toegankelijk maken h nationaal onderzoeksprogramma opgestart nwo knaw thema slavernij hedendaagse erfenissen doorwerkingen waarvan opstellers uitvoerders zowel hoek slavennazaten nazaten afkomstig perspectief dient eurocentrisch toekomstgericht w z slachtofferschap kracht emancipatie focus betekent witte emancipatie namelijk bevrijding ketenen racistische denkwijzen,0.3867533468603327,0.43971078229307137,0.44890963646701537,0.44890963646701537,Modern Racism & Inequality,0.009198854173944004,c slavernij erfenissen doorwerkingen dient focus onderwerp onderwijs po wo minst waar leraren opgeleid daarvoor handzame docententoolbox ontwikkeld zodat hen gemakkelijk gemaakt actieve activerende manier thema behandelen onderwijs musea moeten samen optrekken producten maken kennis slavernijverleden erfenissen doorwerking groot publiek vertalen e houdt herinneren herdenken schuldig voelen tegelijk verantwoordelijkheid genomen hoog laag achtergrond negatieve hedendaagse erfenissen doorwerkingen pakken positieve koesteren hierin spelen onderwijs cultuurwereld onderzoekswereld cruciale rol f essentieel belang museaal centrum museum waar ruime toegankelijke wijze verleden hedendaagse doorwerkingen getoond eurocentrische manier zeggen bezien ogen slaafgemaakten nazaten inclusieve uitnodigende blik kijk mee denk mee bovendien multiperspectieve blik meerdere zwarte meerdere witte meerdere inheemse perspectieven verleden g n museum hoort onlosmakelijk verbonden onderzoekscentrum ieder geval gedaan state art verzamelt daarnaast nieuwe onderzoeksprojecten entameert valt heel erg zoeken onderzoekscentrum werkt zichzelf alleen museum werkt projecten nauw samen wetenschappelijke onderzoekscentra universiteiten erfgoedinstellingen enerzijds onderwijs populaire media anderzijds vertaalslag kennis iedereen toegankelijk maken h nationaal onderzoeksprogramma opgestart nwo knaw thema slavernij hedendaagse erfenissen doorwerkingen waarvan opstellers uitvoerders zowel hoek slavennazaten nazaten afkomstig perspectief dient eurocentrisch toekomstgericht w z slachtofferschap kracht emancipatie focus betekent witte emancipatie namelijk bevrijding ketenen racistische denkwijzen,2,Modern Racism & Inequality,0.59648293,0.009450866,0.39406618,0.59648293,0.20241675,low
C:\Users\Home\policy-analysis\Slavery_text\ketenen van het verleden.198.txt,fd23cc7d:00003,10,dr. G.A.E. Thodé prof. mr. L.F.M. Verhey mr. drs. F.H.H. Weekers. 2015.,dr g e thodé prof mr l f verhey mr drs f h h weekers,0.5197926087434394,0.47974044910991925,0.47166833593700797,0.5197926087434394,Colonialism,0.0400521596335201,dr g e thodé prof mr l f verhey mr drs f h h weekers,1,Historical Slavery,0.51864654,0.37172166,0.51864654,0.109631754,0.14692488,low
C:\Users\Home\policy-analysis\Slavery_text\ketenen van het verleden.206.txt,f1048b2f:00001,4,"De dag van de viering van de vlag, 2 juli, steekt in schril kontrast af 
met de viering van Koningsdag terwijl 1 juli, de dag van de afschaffing van de slavernij, 
niet eens een nationale feestdag is. Het bedrijfsleven op Curaçao e.g. zal zeker tegen 
stemmen om van 1 juli een nationale feestdag te maken indien zo’n voorstel ooit op 
tafel komt omdat één (1) extra vrije dag hen ‘altijd geld kost’, de traditionele argument 
van het Curaçaose bedrijfsleven. De genoemde evenementen kunnen in tegenstelling 
bijlage 4g",dag viering vlag juli steekt schril kontrast af viering koningsdag terwijl juli dag afschaffing slavernij nationale feestdag bedrijfsleven curaçao e g zeker stemmen juli nationale feestdag maken indien n voorstel ooit tafel komt één extra vrije dag hen geld kost traditionele argument curaçaose bedrijfsleven genoemde evenementen tegenstelling 4g,0.5177671104851175,0.5071404717499756,0.46895416990167443,0.5177671104851175,Colonialism,0.010626638735141913,dag viering vlag juli steekt schril kontrast af viering koningsdag terwijl juli dag afschaffing slavernij nationale feestdag bedrijfsleven curaçao e g zeker stemmen juli nationale feestdag maken indien n voorstel ooit tafel komt één extra vrije dag hen geld kost traditionele argument curaçaose bedrijfsleven genoemde evenementen tegenstelling 4g,1,Historical Slavery,0.53040695,0.29715517,0.53040695,0.17243789,0.23325178,low
C:\Users\Home\policy-analysis\Slavery_text\ketenen van het verleden.220.txt,9b772ac3:00001,10,"De 
ontwikkelingen die hierna volgden met tal van referenda op de eilanden en ronde-tafel-
conferenties hebben Nederland meer macht over de eilanden gegeven met als gevolg het 
uiteenspatten van de Nederlandse Antillen. Bonaire heeft gekozen voor een directe band met Nederland en is sinds 2010 een 
bijzondere gemeente van Nederland. In 2015 heeft de meerderheid van de 
stemgerechtigden in een referendum duidelijk gemaakt niet blij te zijn met deze status. Tegenwoordig 
Uit de reacties van de aanwezigen tijdens de bijeenkomsten van de dialooggroep is duidelijk 
geworden dat de nieuwe status van Bonaire gezien wordt als een voortzetting van het 
slavernijverleden. De echo van dat verleden wordt steeds luider hoorbaar. Vele punten, zowel negatief als positief hebben aandacht gekregen. De positieve punten 
van het verleden, die nog steeds aanwezig zijn; 
• 
Op gebied van gezondheidszorg zoals het gebruik van kruiden en behandeling van 
bepaalde ziektes die niet bekend zijn bij westerse artsen. Denk aan Padrehon en 
Madrehon. Is een pijn in de onderbuik die door middel van gebed, zalfjes en 
massages behandeld wordt door een “Kurandero” (kruidendokter). • 
Op gebied van voeding Uit Afrika komen; okra, “funchi” (maismeel), bonen, (met een 
zwarte navel), mangusá; soort gerecht bestaande uit gekookte pinda’s, bonen en 
maïs, geitensoep, het roosteren van vlees op het vuur (barbecue).",ontwikkelingen hierna volgden tal referenda eilanden ronde tafel conferenties nederland macht eilanden gevolg uiteenspatten nederlandse antillen bonaire gekozen directe band nederland bijzondere gemeente nederland meerderheid stemgerechtigden referendum duidelijk gemaakt blij status tegenwoordig reacties aanwezigen bijeenkomsten dialooggroep duidelijk geworden nieuwe status bonaire gezien voortzetting slavernijverleden echo verleden steeds luider hoorbaar vele punten zowel negatief positief aandacht gekregen positieve punten verleden steeds aanwezig gebied gezondheidszorg kruiden behandeling bepaalde ziektes bekend westerse artsen denk padrehon madrehon pijn onderbuik middel gebed zalfjes massages behandeld kurandero kruidendokter gebied voeding afrika komen okra funchi maismeel bonen zwarte navel mangusá soort gerecht bestaande gekookte pinda bonen maïs geitensoep roosteren vlees vuur barbecue,0.5092886590116887,0.39241996081406927,0.4764787053017444,0.5092886590116887,Colonialism,0.03280995370994433,ontwikkelingen hierna volgden tal referenda eilanden ronde tafel conferenties nederland macht eilanden gevolg uiteenspatten nederlandse antillen bonaire gekozen directe band nederland bijzondere gemeente nederland meerderheid stemgerechtigden referendum duidelijk gemaakt blij status tegenwoordig reacties aanwezigen bijeenkomsten dialooggroep duidelijk geworden nieuwe status bonaire gezien voortzetting slavernijverleden echo verleden steeds luider hoorbaar vele punten zowel negatief positief aandacht gekregen positieve punten verleden steeds aanwezig gebied gezondheidszorg kruiden behandeling bepaalde ziektes bekend westerse artsen denk padrehon madrehon pijn onderbuik middel gebed zalfjes massages behandeld kurandero kruidendokter gebied voeding afrika komen okra funchi maismeel bonen zwarte navel mangusá soort gerecht bestaande gekookte pinda bonen maïs geitensoep roosteren vlees vuur barbecue,2,Modern Racism & Inequality,0.5332623,0.4591913,0.0075463476,0.5332623,0.07407102,low
C:\Users\Home\policy-analysis\Slavery_text\ketenen van het verleden.268.txt,a46d8933:00001,10,"9p. •	 RADAR (2021b). Factsheet Discriminatie en Sport. Rotterdam: RADAR. 7p
•	 Rooy, P. de (2001). Verleden, heden en toekomst. Advies van de Commissie historische en 
maatschappelijke vorming [Rapport Commissie De Rooy]. Enschede: SLO. 187p.",9p radar 2021b factsheet discriminatie sport rotterdam radar 7p rooy p verleden heden toekomst advies commissie historische maatschappelijke vorming commissie rooy enschede slo 187p,0.5134093212305029,0.45741936591474675,0.5796580119642031,0.5796580119642031,Modern Racism & Inequality,0.06624869073370021,9p radar 2021b factsheet discriminatie sport rotterdam radar 7p rooy p verleden heden toekomst advies commissie historische maatschappelijke vorming commissie rooy enschede slo 187p,2,Modern Racism & Inequality,0.44192958,0.27150884,0.28656155,0.44192958,0.15536803,low
C:\Users\Home\policy-analysis\Slavery_text\ketenen van het verleden.268.txt,a46d8933:00005,3,25 maart 2021 – versie 1. 47p. bijlage 7,maart versie 47p,0.5909666265338295,0.6012615152880052,0.5832868152174164,0.6012615152880052,Historical Slavery,0.010294888754175724,maart versie 47p,1,Historical Slavery,0.52235615,0.2726106,0.52235615,0.20503324,0.24974555,low
C:\Users\Home\policy-analysis\Slavery_text\ketenen van het verleden.32.txt,75ef45bc:00001,10,"Volgens de deelnemers aan deze dialoog is dit tot op de dag van vandaag voelbaar. In de 
discussies bleek dat weinig deelnemers kennis hadden van de slavernij op Saba. Desondanks 
vond een aantal deelnemers dat er op het eiland racisme is, en dat dit een gevolg is van het 
slavernijverleden. Om dit tegen te gaan werd onder andere aanbevolen om meer te investe­
ren in het onderwijs over en onderzoek naar het slavernijverleden. Ook vonden deelnemers 
dat excuses door de Nederlandse regering op hun plaats zijn. 6.1.5 Slot
Tijdens de dialogen, zowel met jongeren als met volwassen deelnemers, kwam er een diepe 
afkeer van slavernij tot uitdrukking. Jongeren noemden de slavernij ‘asociaal’ en ‘egoïstisch’, 
en in de dialogen in algemene groepen bestond er geen twijfel dat de slavernij onmenselijk, 
mensonterend, en een misdaad tegen de menselijkheid is geweest. Dit te erkennen en onder 
ogen te zien was voor de meeste deelnemers een vanzelfsprekendheid. Een meerderheid vond ook dat de Nederlandse regering excuses moet aanbieden voor 
het veroorzaakte leed. Volgens de deelnemers zou dat een belangrijk signaal zijn in het 
helingsproces, zowel voor nazaten van tot slaaf gemaakte mensen, als voor nazaten van 
slavenhouders en -handelaren.",volgens deelnemers dialoog dag vandaag voelbaar discussies bleek deelnemers kennis hadden slavernij saba desondanks vond deelnemers eiland racisme gevolg slavernijverleden gaan aanbevolen investe ren onderwijs slavernijverleden vonden deelnemers excuses nederlandse regering plaats slot dialogen zowel jongeren volwassen deelnemers kwam diepe afkeer slavernij uitdrukking jongeren noemden slavernij asociaal egoïstisch dialogen algemene groepen bestond twijfel slavernij onmenselijk mensonterend misdaad menselijkheid erkennen ogen zien meeste deelnemers vanzelfsprekendheid meerderheid vond nederlandse regering excuses aanbieden veroorzaakte leed volgens deelnemers belangrijk signaal helingsproces zowel nazaten slaaf gemaakte mensen nazaten slavenhouders handelaren,0.4019055595527004,0.4871933552676839,0.49684270125951013,0.49684270125951013,Modern Racism & Inequality,0.009649345991826208,volgens deelnemers dialoog dag vandaag voelbaar discussies bleek deelnemers kennis hadden slavernij saba desondanks vond deelnemers eiland racisme gevolg slavernijverleden gaan aanbevolen investe ren onderwijs slavernijverleden vonden deelnemers excuses nederlandse regering plaats slot dialogen zowel jongeren volwassen deelnemers kwam diepe afkeer slavernij uitdrukking jongeren noemden slavernij asociaal egoïstisch dialogen algemene groepen bestond twijfel slavernij onmenselijk mensonterend misdaad menselijkheid erkennen ogen zien meeste deelnemers vanzelfsprekendheid meerderheid vond nederlandse regering excuses aanbieden veroorzaakte leed volgens deelnemers belangrijk signaal helingsproces zowel nazaten slaaf gemaakte mensen nazaten slavenhouders handelaren,2,Modern Racism & Inequality,0.54421294,0.0046843044,0.4511028,0.54421294,0.093110144,low
C:\Users\Home\policy-analysis\Slavery_text\ketenen van het verleden.6.txt,615315b5:00001,5,"Gonçalves-Ho Kang You 
Dr. J.L. Kool-Blokland
G. de Randamie	
R.R. Severina",gonçalves ho kang dr j l kool blokland g randamie r r severina,0.48069591326651906,0.4151243652745197,0.42063861039567596,0.48069591326651906,Colonialism,0.0600573028708431,gonçalves ho kang dr j l kool blokland g randamie r r severina,0,Colonialism,0.52093136,0.52093136,0.3082321,0.17083654,0.21269926,low
C:\Users\Home\policy-analysis\Slavery_text\ketenen van het verleden.81.txt,7f8b5014:00001,10,"274. 34 Overigens gaat het niet eens enkel om een oordeel vanuit het nu, want ook ten tijde van de slavernij is er 
altijd verzet en kritiek geweest, ook ten aanzien van de Nederlandse slavernijpraktijk, zie Van Stipriaan 2020, p. 376 over ‘het veelgehoorde argument dat slavernij toen niet met de maten van nu moet worden gemeten’; 
daarnaast zijn er serieuze kanttekeningen te plaatsen bij het verwante argument dat het ten tijde van de 
slavernij legaal (d.w.z. juridisch in orde) was, zie Richard Croucher & Didier Michel, ‘“Legal at the Time”?: 
Companies, Governments and Reparations for Mauritian Slavery’, Journal of African Law 2014 vol. 58 nr. 1, p. 89-108 (met specifieke aandacht voor Nederland, weliswaar niet in de tijd van Thorbecke en 
Schimmelpenninck, maar van de VOC op p. 95-96 en 106). 35 Voor een genuanceerd oordeel over de bijdrage van Thorbecke: J.Th. J.",overigens gaat enkel oordeel vanuit ten tijde slavernij verzet kritiek ten aanzien nederlandse slavernijpraktijk zie stipriaan p veelgehoorde argument slavernij maten gemeten daarnaast serieuze kanttekeningen plaatsen verwante argument ten tijde slavernij legaal w z nr p specifieke aandacht nederland weliswaar tijd thorbecke schimmelpenninck voc p genuanceerd oordeel bijdrage thorbecke j th j,0.46778115911985413,0.5615411813478974,0.5316969442769112,0.5615411813478974,Historical Slavery,0.029844237070986268,overigens gaat enkel oordeel vanuit ten tijde slavernij verzet kritiek ten aanzien nederlandse slavernijpraktijk zie stipriaan p veelgehoorde argument slavernij maten gemeten daarnaast serieuze kanttekeningen plaatsen verwante argument ten tijde slavernij legaal w z nr p specifieke aandacht nederland weliswaar tijd thorbecke schimmelpenninck voc p genuanceerd oordeel bijdrage thorbecke j th j,2,Modern Racism & Inequality,0.54090726,0.014526423,0.4445663,0.54090726,0.096340954,low
C:\Users\Home\policy-analysis\Slavery_text\ketenen van het verleden.85.txt,9fab4eeb:00001,8,"Een belangrijke beperking is gelegen 
in de interpretatie van excuses als daadwerkelijke excuses: daarbij is steeds in principe de 
interpretatie door de genoemde bronnen gevolgd, tenzij er aanleiding was om te denken dat 
                                                        
58 Zie Dölle en Elzinga 1994, p. 126, zie ook noot 23 hierboven. 59 Gezien het bestek van deze studie was het niet mogelijk een grotere periode in kaart te brengen; voor het 
doel van het onderhavige onderzoek (bestaat er een enigszins ontwikkelde praktijk van excuses voor het 
handelen van (verre) voorgangers?) was vijf jaar voldoende. 60 Ruim opgevat als: verschenen in een nieuwsmedium/publicatie, ook andersoortige stukken zoals 
commentaren en achtergrondstukken worden door Nexis Uni meegenomen. 61 Daaronder vielen ook Vlaamse media; deze berichten vielen uiteraard af. Er is eerst gezocht naar berichten 
waar de woorden ‘excuus’ of ‘excuses’ binnen 25 woorden in het bericht stonden van het woord ‘minister’ 
(4509 nieuwsberichten); daarna is dezelfde opdracht uitgevoerd maar dan met ‘staatssecretaris’ in plaats van 
‘minister’ (834 nieuwsberichten). Omdat de Nexis Uni database een omvangrijke hoeveelheid landelijke (zoals 
NRC Handelsblad en De Volkskrant), regionale (zoals de Provinciale Zeeuwse Courant en Noordhollands 
Dagblad) en vak- (zoals Pluimveeweb en de Accountant) publicaties bevat, is geacht te kunnen volstaan met 
het zoeken op ‘excuus’ en ‘excuses’ en niet op ook op bijvoorbeeld ‘sorry’; de eerste twee varianten lijken 
vaker te worden gebruikt vanwege hun formelere karakter en gezien de hoeveelheid bronnen is de kans klein 
te achten dat een excuus-geval door alle in Nexis Uni aanwezig bronnen louter in termen van ‘sorry’ 
beschreven wordt. Dat geldt mutatis mutandis ook voor de term ‘verontschuldingingen’.",belangrijke beperking gelegen interpretatie excuses daadwerkelijke excuses daarbij steeds principe interpretatie genoemde bronnen gevolgd tenzij aanleiding denken zie dölle elzinga p zie noot hierboven gezien bestek studie mogelijk grotere periode kaart brengen doel onderhavige bestaat enigszins ontwikkelde praktijk excuses handelen verre voorgangers vijf voldoende ruim opgevat verschenen nieuwsmedium publicatie andersoortige stukken commentaren achtergrondstukken nexis uni meegenomen daaronder vielen vlaamse media berichten vielen uiteraard af eerst gezocht berichten waar woorden excuus excuses woorden bericht stonden woord minister nieuwsberichten daarna dezelfde opdracht uitgevoerd staatssecretaris plaats minister nieuwsberichten nexis uni database omvangrijke hoeveelheid landelijke nrc handelsblad volkskrant regionale provinciale zeeuwse courant noordhollands dagblad vak pluimveeweb accountant publicaties bevat geacht volstaan zoeken excuus excuses bijvoorbeeld sorry eerste twee varianten lijken vaker vanwege formelere karakter gezien hoeveelheid bronnen kans klein achten excuus geval nexis uni aanwezig bronnen louter termen sorry beschreven geldt mutatis mutandis term verontschuldingingen,0.4279328873987771,0.431355552663275,0.4159984815957589,0.431355552663275,Historical Slavery,0.003422665264497915,belangrijke beperking gelegen interpretatie excuses daadwerkelijke excuses daarbij steeds principe interpretatie genoemde bronnen gevolgd tenzij aanleiding denken zie dölle elzinga p zie noot hierboven gezien bestek studie mogelijk grotere periode kaart brengen doel onderhavige bestaat enigszins ontwikkelde praktijk excuses handelen verre voorgangers vijf voldoende ruim opgevat verschenen nieuwsmedium publicatie andersoortige stukken commentaren achtergrondstukken nexis uni meegenomen daaronder vielen vlaamse media berichten vielen uiteraard af eerst gezocht berichten waar woorden excuus excuses woorden bericht stonden woord minister nieuwsberichten daarna dezelfde opdracht uitgevoerd staatssecretaris plaats minister nieuwsberichten nexis uni database omvangrijke hoeveelheid landelijke nrc handelsblad volkskrant regionale provinciale zeeuwse courant noordhollands dagblad vak pluimveeweb accountant publicaties bevat geacht volstaan zoeken excuus excuses bijvoorbeeld sorry eerste twee varianten lijken vaker vanwege formelere karakter gezien hoeveelheid bronnen kans klein achten excuus geval nexis uni aanwezig bronnen louter termen sorry beschreven geldt mutatis mutandis term verontschuldingingen,2,Modern Racism & Inequality,0.45769015,0.39411193,0.14819789,0.45769015,0.06357822,low
C:\Users\Home\policy-analysis\Slavery_text\ketenen van het verleden.89.txt,34b6d613:00000,6,"18 
11 
november 
2017 
Geluidsoverlast niet 
actief gemeld aan 
omwonenden 
vliegveld Lelystad; 
fouten 
milieueffectrapportage 
Van Nieuwenhuizen, 
Infrastructuur en 
Waterstaat (VVD) 
Eigen 
handelen 
Voor zover wij 
konden nagaan 
maakt alleen het 
hoofdredactionee
l van de Tubantia 
melding van 
expliciet 
aangeboden 
‘excuses’. ‘Eerlijk over 
vliegveld 
Lelystad’, 
Tubantia, 11 
november 2017. 1 
december 
2017 
Stemverheffing door 
minister nadat een 
volgens de minister 
onware voorstelling 
van zaken gegeven 
werd 
Grapperhaus, Justitie & 
Veiligheid (CDA) 
Eigen 
handelen 
 
Sjoerd Mouissie, 
‘Een tam debat, 
met vijf minuten 
vrij worstelen’, 
Nederlands 
Dagblad, 1 
december 2017. 14 januari 
2018 
Geen aandacht gehad 
voor veiligheid 
gaswinning Groningen 
Rutte, Algemene 
Zaken; Kamp, 
Economische Zaken 
(beiden VVD) 
Eigen 
handelen 
Gedaan in 
Buitenhof, Rutte 
zegt dat Kamp en 
hij (‘namens het 
kabinet’): ‘diep 
spijt hebben van 
het feit, excuses 
maken voor het 
feit, dat zo lang in 
onze geschiedenis 
de veiligheid in 
Groningen geen 
hoofdrol heeft 
gespeeld in de 
discussie.’ 
‘Rutte: 
Groningen, het 
spijt ons diep’, 
Dagblad van het 
Noorden, 15 
januari 2018; 
Buitenhof, 14 
januari 2018 
(minuut 12:48 
e.v.), 
https://www.vpro
.nl/buitenhof/spe
el~VPWON_1283
462~mark-rutte-
buitenhof~.html 
13 
februari 
2018 
Onwaarheid over 
bijwonen bijeenkomst 
in Poetins ‘datsja’ 
(buitenhuis) 
Zijlstra, Buitenlandse 
Zaken (VVD) 
Eigen 
handelen 
 
Ontmoeting in 
Poetins ‘datsja’, 
Metro, 13 
februari 2018; 
Tobias den 
Hartog, ‘”Dom is 
de slotsom en 
weg is Zijlstra’, 
Het Parool, 14 
februari 2018. 10 maart 
2018 
Boeren onterecht als 
fraudeur aangemerkt 
Schouten, Landbouw 
(CU) 
Eigen 
handelen 
Niet 
meegenomen: 
minister heeft 
‘spijt’, maar biedt 
geen excuses aan. ‘Aangeven 
geboorte kalf 
moet beter’, 
Utrechts 
Nieuwsblad, 25 
augustus 2018; 
‘Wel spijt, maar 
geen excuses 
voor boeren na 
harde woorden 
van minister 
Schouten over 
kalverfraude’, 10 
maart 2018,",november geluidsoverlast actief gemeld omwonenden vliegveld lelystad fouten milieueffectrapportage nieuwenhuizen infrastructuur waterstaat vvd eigen handelen zover konden nagaan maakt alleen hoofdredactionee l tubantia melding expliciet aangeboden excuses eerlijk vliegveld lelystad tubantia november december stemverheffing minister nadat volgens minister onware voorstelling zaken grapperhaus justitie veiligheid cda eigen handelen sjoerd mouissie tam debat vijf minuten vrij worstelen nederlands dagblad december januari aandacht gehad veiligheid gaswinning groningen rutte algemene zaken kamp economische zaken beiden vvd eigen handelen gedaan buitenhof rutte zegt kamp namens kabinet diep spijt feit excuses maken feit lang onze geschiedenis veiligheid groningen hoofdrol gespeeld discussie rutte groningen spijt diep dagblad noorden januari buitenhof januari minuut e v https www vpro nl buitenhof spe el vpwon_1283 mark rutte buitenhof html februari onwaarheid bijwonen bijeenkomst poetins datsja buitenhuis zijlstra buitenlandse zaken vvd eigen handelen ontmoeting poetins datsja metro februari tobias den hartog dom slotsom weg zijlstra parool februari maart boeren onterecht fraudeur aangemerkt schouten landbouw cu eigen handelen meegenomen minister spijt biedt excuses aangeven geboorte kalf beter utrechts nieuwsblad augustus spijt excuses boeren harde woorden minister schouten kalverfraude maart,0.3995926506049445,0.397731608272098,0.3705518351717441,0.3995926506049445,Colonialism,0.001861042332846452,november geluidsoverlast actief gemeld omwonenden vliegveld lelystad fouten milieueffectrapportage nieuwenhuizen infrastructuur waterstaat vvd eigen handelen zover konden nagaan maakt alleen hoofdredactionee l tubantia melding expliciet aangeboden excuses eerlijk vliegveld lelystad tubantia november december stemverheffing minister nadat volgens minister onware voorstelling zaken grapperhaus justitie veiligheid cda eigen handelen sjoerd mouissie tam debat vijf minuten vrij worstelen nederlands dagblad december januari aandacht gehad veiligheid gaswinning groningen rutte algemene zaken kamp economische zaken beiden vvd eigen handelen gedaan buitenhof rutte zegt kamp namens kabinet diep spijt feit excuses maken feit lang onze geschiedenis veiligheid groningen hoofdrol gespeeld discussie rutte groningen spijt diep dagblad noorden januari buitenhof januari minuut e v https www vpro nl buitenhof spe el vpwon_1283 mark rutte buitenhof html februari onwaarheid bijwonen bijeenkomst poetins datsja buitenhuis zijlstra buitenlandse zaken vvd eigen handelen ontmoeting poetins datsja metro februari tobias den hartog dom slotsom weg zijlstra parool februari maart boeren onterecht fraudeur aangemerkt schouten landbouw cu eigen handelen meegenomen minister spijt biedt excuses aangeven geboorte kalf beter utrechts nieuwsblad augustus spijt excuses boeren harde woorden minister schouten kalverfraude maart,1,Historical Slavery,0.44840124,0.24459223,0.44840124,0.3070065,0.14139473,low
C:\Users\Home\policy-analysis\Slavery_text\ketenen van het verleden.94.txt,8e270af6:00000,8,"23 
25 maart 
2020 
Nieuwe fout in 
informatievoorziening 
Kamer burgerdoden 
Hawija 
Bijleveld, Defensie 
(CDA) 
Eigen 
handelen 
Zie ook 5 
november 2019; 
verschil in taxatie 
of het excuses 
waren 
(‘betreuren’). ‘Minister Bijleveld 
zal zich opnieuw 
moeten 
verantwoorden; 
Commentaar’, 
NRC Handelsblad, 
3 april 2020; 
‘Bijleveld door 
het stof om 
burgerslachtoffer
s’, Dagblad van 
het Noorden, 25 
maart 2020. 31 maart 
2020 
Opstelling Nederland 
in onderhandelingen 
over Europese corona-
aanpak (‘Eurobonds’-
discussie) 
Hoekstra, Financiën 
(CDA)  
Eigen 
handelen 
Niet 
meegenomen: 
berichtgeving 
dubbelzinnig; 
NOS stelt expliciet 
dat Hoekstra 
geen excuses 
heeft 
aangeboden. Hanneke Keultjes 
en Hans van 
Soest, ‘Nederland 
zegt snel sorry 
tegen Zuid-
Europa’, 
Provinciale 
Zeeuwse Courant, 
1 april 2020; 
‘Hoekstra: te 
weinig 
empathisch 
geweest, 
schouder aan 
schouder met 
Zuid-Europa’, 
NOS.nl, 31 maart 
2020. 2 juli 2020 
Fouten omtrent 
meldpunt adoptie 
onder druk of dwang 
Dekker, 
Rechtsbescherming 
(VVD) 
Eigen 
handelen 
Niet 
meegenomen: 
geen expliciete 
‘excuses’, wel 
‘betreur ik ten 
zeerste’ en ‘dat 
spijt me’. ‘Minister biedt 
excuses aan voor 
fouten meldpunt 
gedwongen 
adoptie’, Trouw, 2 
juli 2020; ‘Dekker 
maakt excuses 
voor fouten 
meldpunt 
gedwongen 
adoptie’, NOS.nl, 
2 juli 2020. 18 juli 
2020 
Toeslagenaffaire, 
Discriminatie door de 
Belastingdienst 
Van Huffelen, (Stas) 
Financiën (D66) 
Voorgange
r(s) 
 
‘Excuses 
staatssecretaris 
voor discriminatie 
door de 
Belastingdienst’, 
De Limburger, 18 
juli 2020. 25 
augustus 
2020 
Vrouwen opgesloten 
in gestichten van De 
Goede Herder (1860-
1978), excuses 
aangeboden aan de 
nog in leven zijnde 
Dekker, 
Rechtsbescherming 
(VVD) 
Voorgange
r(s) 
 
‘Proces tegen de 
staat na “hel op 
aarde” bij 
nonnen”, 
Rotterdams 
Dagblad, 29 
bijlage 4A",maart nieuwe fout informatievoorziening kamer burgerdoden hawija bijleveld defensie cda eigen handelen zie november verschil taxatie excuses betreuren minister bijleveld opnieuw moeten verantwoorden commentaar nrc handelsblad april bijleveld stof burgerslachtoffer dagblad noorden maart maart opstelling nederland onderhandelingen europese corona aanpak eurobonds discussie hoekstra financiën cda eigen handelen meegenomen berichtgeving dubbelzinnig nos stelt expliciet hoekstra excuses aangeboden hanneke keultjes hans soest nederland zegt snel sorry zuid europa provinciale zeeuwse courant april hoekstra empathisch schouder schouder zuid europa nos nl maart juli fouten omtrent meldpunt adoptie druk dwang dekker rechtsbescherming vvd eigen handelen meegenomen expliciete excuses betreur ten zeerste spijt minister biedt excuses fouten meldpunt gedwongen adoptie trouw juli dekker maakt excuses fouten meldpunt gedwongen adoptie nos nl juli juli toeslagenaffaire discriminatie belastingdienst huffelen stas financiën d66 voorgange r excuses staatssecretaris discriminatie belastingdienst limburger juli augustus vrouwen opgesloten gestichten goede herder excuses aangeboden leven zijnde dekker rechtsbescherming vvd voorgange r proces staat hel aarde nonnen rotterdams dagblad 4a,0.4312771658831709,0.4351162856178178,0.4253920962472254,0.4351162856178178,Historical Slavery,0.003839119734646901,maart nieuwe fout informatievoorziening kamer burgerdoden hawija bijleveld defensie cda eigen handelen zie november verschil taxatie excuses betreuren minister bijleveld opnieuw moeten verantwoorden commentaar nrc handelsblad april bijleveld stof burgerslachtoffer dagblad noorden maart maart opstelling nederland onderhandelingen europese corona aanpak eurobonds discussie hoekstra financiën cda eigen handelen meegenomen berichtgeving dubbelzinnig nos stelt expliciet hoekstra excuses aangeboden hanneke keultjes hans soest nederland zegt snel sorry zuid europa provinciale zeeuwse courant april hoekstra empathisch schouder schouder zuid europa nos nl maart juli fouten omtrent meldpunt adoptie druk dwang dekker rechtsbescherming vvd eigen handelen meegenomen expliciete excuses betreur ten zeerste spijt minister biedt excuses fouten meldpunt gedwongen adoptie trouw juli dekker maakt excuses fouten meldpunt gedwongen adoptie nos nl juli juli toeslagenaffaire discriminatie belastingdienst huffelen stas financiën d66 voorgange r excuses staatssecretaris discriminatie belastingdienst limburger juli augustus vrouwen opgesloten gestichten goede herder excuses aangeboden leven zijnde dekker rechtsbescherming vvd voorgange r proces staat hel aarde nonnen rotterdams dagblad 4a,2,Modern Racism & Inequality,0.5308079,0.085295096,0.38389698,0.5308079,0.14691094,low
C:\Users\Home\policy-analysis\Slavery_text\Nimako et al_2020_Een rapport met betrekking tot het onderzoeksproject over de periode voor de.123.txt,bfe1dd25:00001,8,"Na een carrière als advocaat en rechter werd 
hij lid van de Tweede Kamer en was onderdeel van het parlement dat in 1848 over de 
wijziging van de Grondwet besliste. Ook zijn woordkeuze ten aanzien van de tot-slaaf-gemaakte bevolking verschilde van dat 
van de andere parlementsleden. Zo sprak hij over een Ǯzwarte bevolkingǯ: 
ǲ)k meen ook dat de Regering te veel uit het oog verliest met welke klassen van menschen 
zij daar te doen heeft; dat zij te doen heeft met menschen die dezen grooten maatregel 
zeer noode zullen zien ten uitvoer leggen, en van welke men dus weinig medewerking, 
veel eer tegenwerking te wachten heeft. Deze Regering beschouwt naar mijn inzien, de 
geheele zaak der emancipatie te veel uit een financieel oogpunt. Haar doel is — het blijkt 
uit de praemissen der wet — niet zoo zeer om de slavernij, als smet op de natie klevende, 
op te heffen, maar om in het belang van de landbouwende kolonie te handelen. De 
Regering stelt zich als ideaal voor, dat Suriname nog eenmaal zal kunnen opleveren, 
hetgeen Java thans oplevert, namelijk batige sloten, en tracht op alle mogelijke wijzen dat 
ideaal te bereiken. Ik hoop dat zij daarin zal slagen; maar dit moet niet zijn ten koste van 
de zaak, die mij boven alles ter harte gaat, het belang der zwarte bevolking.ǳ 
We zullen later terugkeren naar de kwesties omtrent woordkeuze en immigratie. We 
gaan nu eerst nu proberen om twee vragen te beantwoorden, namelijk:",carrière advocaat rechter lid tweede kamer parlement wijziging grondwet besliste woordkeuze ten aanzien slaaf gemaakte bevolking verschilde parlementsleden sprak ǯzwarte bevolkingǯ ǳ k meen regering oog verliest klassen menschen menschen dezen grooten maatregel zeer noode zullen zien ten uitvoer leggen medewerking eer tegenwerking wachten regering beschouwt inzien geheele zaak emancipatie financieel oogpunt doel blijkt praemissen wet zoo zeer slavernij smet natie klevende heffen belang landbouwende kolonie handelen regering stelt ideaal suriname eenmaal opleveren hetgeen java thans oplevert namelijk batige sloten tracht mogelijke wijzen ideaal bereiken hoop daarin slagen ten koste zaak ter harte gaat belang zwarte bevolking ǳ zullen later terugkeren kwesties omtrent woordkeuze immigratie gaan eerst proberen twee beantwoorden namelijk,0.5488273855437792,0.47682332853124504,0.5422093367169887,0.5488273855437792,Colonialism,0.006618048826790512,carrière advocaat rechter lid tweede kamer parlement wijziging grondwet besliste woordkeuze ten aanzien slaaf gemaakte bevolking verschilde parlementsleden sprak ǯzwarte bevolkingǯ ǳ k meen regering oog verliest klassen menschen menschen dezen grooten maatregel zeer noode zullen zien ten uitvoer leggen medewerking eer tegenwerking wachten regering beschouwt inzien geheele zaak emancipatie financieel oogpunt doel blijkt praemissen wet zoo zeer slavernij smet natie klevende heffen belang landbouwende kolonie handelen regering stelt ideaal suriname eenmaal opleveren hetgeen java thans oplevert namelijk batige sloten tracht mogelijke wijzen ideaal bereiken hoop daarin slagen ten koste zaak ter harte gaat belang zwarte bevolking ǳ zullen later terugkeren kwesties omtrent woordkeuze immigratie gaan eerst proberen twee beantwoorden namelijk,0,Colonialism,0.5814136,0.5814136,0.03379803,0.3847884,0.19662523,low
C:\Users\Home\policy-analysis\Slavery_text\Nimako et al_2020_Een rapport met betrekking tot het onderzoeksproject over de periode voor de.129.txt,7f7a88ce:00000,10,"WAAROM VRIJHEID NIET KON WACHTEN 
NIMAKO, DELEA & ESAJAS                                                                                                                            120 
  
antirevolutionairen. In 1865 werd hij herkozen namens kiesdistrict Arnhem. En jaar 
later in 1866 werd hij benoemd tot minister van Buitenlandse Zaken nadat hij afstand 
nam van Groen van Prinsterer die naar de conservatieve kant opschoof.273 
 
Van Zuylen van Nyevelt behoorde tot de antislavernij stroming binnen de Tweede 
Kamer. Tijdens het debat over afschaffing van de slavernij stelde hij als reactie op een 
betoog voor Staatstoezicht van de heer van Twist het volgende voor:ǯ 
 
ǲDie vrees behoeft niet te bestaan als men aan de vrijgemaakten behoorlijken toestand 
van vrijheid aanbiedt. Immers wat beweegt de slaven om naar de bosschen te vlugten? Niets anders dan de slavernij, maar, laat men hen vrij, waarom zouden zij dan niet met 
evenveel genoegen van die vrijheid gebruik maken in de kolonie als in de bosschen, die 
dan toch niet zoo bijzonder aantrekkelijk zijn.ǳ  ȋWillemsen, p. ͳͲͲȌ 
 
De heer Van Zuylen van Nyevelt:  
ǲMet een enkel woord wensch ik te antwoorden op eene uitdrukking van den geachten 
spreker uit Rotterdam, die mij zoo verwonderd heeft, dat ik waarlijk niet weet of hij ze 
in ernst of uit ironie heeft gebezigd. Het staatstoezigt moest dienen, zeide hij, om den 
slaaf te leeren werken. Mijnheer de Voorzitter, heeft dan het verschrikkelijke juk, 
waaronder de slaaf gedurende zoo vele jaren gebukt ging, hem hierin nog niet genoeg 
onderwijs gegeven, zoodat het noodzakelijk zou zijn nog tien jaar lang hem te leeren 
werken? Indien hij eenige vatbaarheid heeft om door gedwongen arbeid zedelijk 
verbeterd te worden, dan geloof ik dat de les lang genoeg heeft geduurd en ik voor mij 
verlang niet haar nog langer voort te zetten.ǳ 
 
Hierna merkte Van Zuylen van Nyevelt op: 
 
ǲNadat ik van onderscheidene zijden het stelsel van het staatstoezigt heb hooren 
verdedigen, moet ik toch opmerken dat wat ik in dat stelsel bestrijd niets anders is dan 
de gedwongen arbeid.",waarom vrijheid wachten nimako delea esajas antirevolutionairen herkozen namens kiesdistrict arnhem later benoemd minister buitenlandse zaken nadat afstand nam groen prinsterer conservatieve kant opschoof zuylen nyevelt behoorde antislavernij stroming tweede kamer debat afschaffing slavernij stelde reactie betoog staatstoezicht heer twist volgende ǯ ǳdie vrees behoeft bestaan vrijgemaakten behoorlijken toestand vrijheid aanbiedt immers beweegt slaven bosschen vlugten anders slavernij laat hen vrij waarom zouden evenveel genoegen vrijheid maken kolonie bosschen zoo bijzonder aantrekkelijk ǳ ȋwillemsen p ͳͳͳȍ heer zuylen nyevelt ǳmet enkel woord wensch eene uitdrukking den geachten spreker rotterdam zoo verwonderd waarlijk weet ernst ironie gebezigd staatstoezigt moest dienen zeide den slaaf leeren werken mijnheer voorzitter verschrikkelijke juk waaronder slaaf gedurende zoo vele gebukt ging hierin genoeg onderwijs zoodat noodzakelijk tien lang leeren werken indien eenige vatbaarheid gedwongen arbeid zedelijk verbeterd geloof les lang genoeg geduurd verlang langer voort zetten ǳ hierna merkte zuylen nyevelt ǳnadat onderscheidene zijden stelsel staatstoezigt hooren verdedigen opmerken stelsel bestrijd anders gedwongen arbeid,0.5445629762178265,0.5548142001551941,0.469097054511073,0.5548142001551941,Historical Slavery,0.01025122393736766,waarom vrijheid wachten nimako delea esajas antirevolutionairen herkozen namens kiesdistrict arnhem later benoemd minister buitenlandse zaken nadat afstand nam groen prinsterer conservatieve kant opschoof zuylen nyevelt behoorde antislavernij stroming tweede kamer debat afschaffing slavernij stelde reactie betoog staatstoezicht heer twist volgende ǯ ǳdie vrees behoeft bestaan vrijgemaakten behoorlijken toestand vrijheid aanbiedt immers beweegt slaven bosschen vlugten anders slavernij laat hen vrij waarom zouden evenveel genoegen vrijheid maken kolonie bosschen zoo bijzonder aantrekkelijk ǳ ȋwillemsen p ͳͳͳȍ heer zuylen nyevelt ǳmet enkel woord wensch eene uitdrukking den geachten spreker rotterdam zoo verwonderd waarlijk weet ernst ironie gebezigd staatstoezigt moest dienen zeide den slaaf leeren werken mijnheer voorzitter verschrikkelijke juk waaronder slaaf gedurende zoo vele gebukt ging hierin genoeg onderwijs zoodat noodzakelijk tien lang leeren werken indien eenige vatbaarheid gedwongen arbeid zedelijk verbeterd geloof les lang genoeg geduurd verlang langer voort zetten ǳ hierna merkte zuylen nyevelt ǳnadat onderscheidene zijden stelsel staatstoezigt hooren verdedigen opmerken stelsel bestrijd anders gedwongen arbeid,1,Historical Slavery,0.5859465,0.2108127,0.5859465,0.20324081,0.3751338,low
C:\Users\Home\policy-analysis\Slavery_text\Nimako et al_2020_Een rapport met betrekking tot het onderzoeksproject over de periode voor de.132.txt,9b656087:00000,10,"NINSEE 
123 
 
Van 1848 tot 1866 was hij lid van de Tweede Kamer, eerst namens het kiesdistrict 
Franeker en erna namens Leeuwarden. In de Tweede Kamer behoorde hij tot de 
conservatieve hoek. Hij was onder meer lid van de Staatscommissie die in 1952 het 
jaarlijkse onderzoek deed naar de koloniale financiën en hij was van 1855 tot 1859 lid 
van de Staatscommissie die onderzoek deed naar de Maatschappij van Weldadigheid. Dirks nam enorm actief deel aan het debat over de afschaffing van de slavernij. Zo stelde 
hij dat de afschaffing gepaard diende te gaan met een tegemoetkoming voor de 
Ǯslavenhouders; dat het niet op stapsgewijze manier moest geschieden maar direct en 
dat het gepaard moest gaan met de aanlevering van nieuwe werkkrachten. Dirks 
betoogde dat de term tegemoetkoming gebruikt diende te worden in plaats van de term 
schadeloosstelling omdat het onmogelijk was om een tot-slaaf-gemaakte te taxeren op 
basis van zijn werkkracht of moraliteit. Daarnaast vond Dirks dat de periode van 
Staatstoezicht op Curaçao niet nodig was. Met betrekking tot immigratie stelde Dirks het volgende: 
ǲSlechts eene enkele opmerking. Ik heb in mijne rede bij den aanvang der discussien te 
kennen gegeven, dat bij mij bezwaren bestonden tegen de immigratie gelijk zij door de 
Regering in het wets-ontwerp zelve was voorgedragen. Die bezwaren hadden echter 
meer betrekking op de waarborgen welke, naar mijn oordeel, het stelsel der Regering 
moest opleveren, bij voorbeeld omtrent de rigtige besteding van het geld, het niet 
overschrijden der drie millioen voor de immigratie bestemd, enz.; maar die bezwaren 
gingen niet zoo ver dat ik het geheele stelsel der Regering veranderd zou willen zien en 
in plaats van eene immigratie van wege de Regering, er eene buiten de Regering zou 
wenschen.",ninsee lid tweede kamer eerst namens kiesdistrict franeker erna namens leeuwarden tweede kamer behoorde conservatieve hoek lid staatscommissie jaarlijkse deed koloniale financiën lid staatscommissie deed maatschappij weldadigheid dirks nam enorm actief debat afschaffing slavernij stelde afschaffing gepaard diende gaan tegemoetkoming ǯslavenhouders stapsgewijze manier moest geschieden direct gepaard moest gaan aanlevering nieuwe werkkrachten dirks betoogde term tegemoetkoming diende plaats term schadeloosstelling onmogelijk slaaf gemaakte taxeren basis werkkracht moraliteit daarnaast vond dirks periode staatstoezicht curaçao nodig betrekking immigratie stelde dirks volgende ǳslechts eene enkele opmerking mijne rede den aanvang discussien kennen bezwaren bestonden immigratie gelijk regering wets ontwerp zelve voorgedragen bezwaren hadden echter betrekking waarborgen oordeel stelsel regering moest opleveren voorbeeld omtrent rigtige besteding geld overschrijden drie millioen immigratie bestemd enz bezwaren gingen zoo ver geheele stelsel regering veranderd willen zien plaats eene immigratie wege regering eene regering wenschen,0.5221414111990286,0.47460593725965494,0.4808209459398108,0.5221414111990286,Colonialism,0.04132046525921779,ninsee lid tweede kamer eerst namens kiesdistrict franeker erna namens leeuwarden tweede kamer behoorde conservatieve hoek lid staatscommissie jaarlijkse deed koloniale financiën lid staatscommissie deed maatschappij weldadigheid dirks nam enorm actief debat afschaffing slavernij stelde afschaffing gepaard diende gaan tegemoetkoming ǯslavenhouders stapsgewijze manier moest geschieden direct gepaard moest gaan aanlevering nieuwe werkkrachten dirks betoogde term tegemoetkoming diende plaats term schadeloosstelling onmogelijk slaaf gemaakte taxeren basis werkkracht moraliteit daarnaast vond dirks periode staatstoezicht curaçao nodig betrekking immigratie stelde dirks volgende ǳslechts eene enkele opmerking mijne rede den aanvang discussien kennen bezwaren bestonden immigratie gelijk regering wets ontwerp zelve voorgedragen bezwaren hadden echter betrekking waarborgen oordeel stelsel regering moest opleveren voorbeeld omtrent rigtige besteding geld overschrijden drie millioen immigratie bestemd enz bezwaren gingen zoo ver geheele stelsel regering veranderd willen zien plaats eene immigratie wege regering eene regering wenschen,2,Modern Racism & Inequality,0.43985447,0.26406246,0.29608303,0.43985447,0.14377144,low
C:\Users\Home\policy-analysis\Slavery_text\Nimako et al_2020_Een rapport met betrekking tot het onderzoeksproject over de periode voor de.28.txt,4f81af44:00001,8,"De positie en status van onderdanen uit de koloniën of van zwarte mensen 
speelden nauwelijks een rol in deze ontwikkelingen. Net als de afschaffing van de slavenhandel (oftewel de handel in slaaf-gemaakten) in Brits 
West-Indië in 1807/08, had ook de afschaffing van de slavernij in Brits West-Indië in 1833 
impact op Nederland. Zo vroeg de overheid in 1833 bepaalde delen van, en groepen en 
personen uit de bevolking om voorstellen te doen over de manier waarop de Nederlandse 
slavernij in Suriname en de Antillen afgeschaft kon worden. Ook ongevraagd boden 
personen en groepen een ontwerp aan. Wij identificeren drie fases waarin ontwerpen werden ingediend. In de eerste fase, 
tussen 1833 en 1842, waren dat er elf; in de tweede fase, tussen 1848 en 1851, ook elf 
en in de derde fase, van 1853 tot 1856, waren dat vijf ontwerpen. De eerste fase vond plaats binnen de kaders van de grondwettelijke regelingen van 
1815. Eerste fase van ontwerpen, 1833-1842 
 
Jaar 
 
Aantal 
 
Achtergrond van de Ontwerpers 
1833  
2 
Curator en weesmeester  
1838 
1 
Jurist 
1839 
1 
Onbekend/Burger 
1840  
2 
Koloniale bewindvoerders 
1841  
2 
Onbekend/Burger 
1842 
3 
Onbekend/Burger",positie status onderdanen koloniën zwarte mensen speelden nauwelijks rol ontwikkelingen net afschaffing slavenhandel oftewel handel slaaf gemaakten brits west indië afschaffing slavernij brits west indië impact nederland vroeg overheid bepaalde groepen personen bevolking voorstellen manier waarop nederlandse slavernij suriname antillen afgeschaft ongevraagd boden personen groepen ontwerp identificeren drie fases waarin ontwerpen werden ingediend eerste fase elf tweede fase elf derde fase vijf ontwerpen eerste fase vond plaats kaders grondwettelijke regelingen eerste fase ontwerpen achtergrond ontwerpers curator weesmeester jurist onbekend burger koloniale bewindvoerders onbekend burger onbekend burger,0.5223387461465635,0.49622234297799256,0.4281476430256954,0.5223387461465635,Colonialism,0.026116403168570945,positie status onderdanen koloniën zwarte mensen speelden nauwelijks rol ontwikkelingen net afschaffing slavenhandel oftewel handel slaaf gemaakten brits west indië afschaffing slavernij brits west indië impact nederland vroeg overheid bepaalde groepen personen bevolking voorstellen manier waarop nederlandse slavernij suriname antillen afgeschaft ongevraagd boden personen groepen ontwerp identificeren drie fases waarin ontwerpen werden ingediend eerste fase elf tweede fase elf derde fase vijf ontwerpen eerste fase vond plaats kaders grondwettelijke regelingen eerste fase ontwerpen achtergrond ontwerpers curator weesmeester jurist onbekend burger koloniale bewindvoerders onbekend burger onbekend burger,0,Colonialism,0.50453323,0.50453323,0.4190484,0.07641835,0.08548483,low
C:\Users\Home\policy-analysis\Slavery_text\Nimako et al_2020_Een rapport met betrekking tot het onderzoeksproject over de periode voor de.29.txt,ed7dbfb5:00003,4,"p. 33-34. 3 Ibid 2, p. 34-35.",p ibid p,0.5258123196061492,0.5265781411914685,0.5100444905179179,0.5265781411914685,Historical Slavery,0.0007658215853193484,p ibid p,2,Modern Racism & Inequality,0.5884388,0.28019935,0.13136192,0.5884388,0.30823946,low
C:\Users\Home\policy-analysis\Slavery_text\Nimako et al_2020_Een rapport met betrekking tot het onderzoeksproject over de periode voor de.50.txt,26614963:00000,10,"NINSEE 
41 
 
 
Ideologische Oriëntatie van de Discussianten 
 
Ideologische Oriëntatie 
Aantal 
Discussianten 
% 
Thorbeckianen 
23 
7 
30 
Conservatieven 
18 
9 
50 
Liberalen 
 
16 
9 
56 
Conservatief-Liberaal 
4 
2 
50 
Antirevolutionairen  
4 
4 
100 
Conservatief-Katholieken 
4 
0 
- 
Conservatief-Protestanten 3 
0 
- 
Totaal 
72 
31 
 
 
Op 25 maart 1848 kreeg Nederland een tijdelijk kabinet. De conservatieve ministers van 
koning Willem II waren afgetreden uit onvrede over stappen die de koning buiten hen 
om had genomen om de Grondwet te herzien. De voorzitter van de Grondwetscommissie 
was Thorbecke. Hij werd echter niet de leider van het kabinet; deze taak ging naar Gerrit 
Schimmelpenninck. Het tweede kabinet Thorbecke trad aan op 31 januari 1862 en bestond uit een geheel 
liberale ministersploeg. Een van de belangrijkste doelstellingen van dit kabinet was de 
versterking van de economie. Het kabinet was succesvol met het aannemen van 
wetsontwerpen met betrekking tot de verbetering van het middelbaar onderwijs, 
waterverbindingen, verlaging van invoerrechten en opheffing van gemeentelijke 
accijnzen. )n ͳͺ͸ͷ kwam het kabinet in moeilijkheden door een affaire, genaamd Ǯde Limburgse 
brievenkwestieǯ. Deze affaire ging over een brief van de minister van Financiën Betz aan 
een oud-collega waaruit duidelijk werd dat de minister een voorgenomen verhoging van 
de grondbelasting in Limburg wilde afblazen voor een verkiezingsoverwinning ten 
gunste van het tweede kabinet Thorbecke. Door deze affaire werd de minister van 
Financiën gedwongen om af te treden.",ninsee ideologische oriëntatie discussianten ideologische oriëntatie discussianten thorbeckianen conservatieven liberalen conservatief liberaal antirevolutionairen conservatief katholieken conservatief protestanten maart kreeg nederland tijdelijk kabinet conservatieve ministers koning willem ii afgetreden onvrede stappen koning hen genomen grondwet herzien voorzitter grondwetscommissie thorbecke echter leider kabinet taak ging gerrit schimmelpenninck tweede kabinet thorbecke trad januari bestond geheel liberale ministersploeg belangrijkste doelstellingen kabinet versterking economie kabinet succesvol aannemen wetsontwerpen betrekking verbetering middelbaar onderwijs waterverbindingen verlaging invoerrechten opheffing gemeentelijke accijnzen n ͳͺ ͷ kwam kabinet moeilijkheden affaire genaamd ǯde limburgse brievenkwestieǯ affaire ging brief minister financiën betz oud collega waaruit duidelijk minister voorgenomen verhoging grondbelasting limburg wilde afblazen verkiezingsoverwinning ten gunste tweede kabinet thorbecke affaire minister financiën gedwongen af treden,0.4896278261443749,0.29190792632040263,0.47268202364803114,0.4896278261443749,Colonialism,0.016945802496343754,ninsee ideologische oriëntatie discussianten ideologische oriëntatie discussianten thorbeckianen conservatieven liberalen conservatief liberaal antirevolutionairen conservatief katholieken conservatief protestanten maart kreeg nederland tijdelijk kabinet conservatieve ministers koning willem ii afgetreden onvrede stappen koning hen genomen grondwet herzien voorzitter grondwetscommissie thorbecke echter leider kabinet taak ging gerrit schimmelpenninck tweede kabinet thorbecke trad januari bestond geheel liberale ministersploeg belangrijkste doelstellingen kabinet versterking economie kabinet succesvol aannemen wetsontwerpen betrekking verbetering middelbaar onderwijs waterverbindingen verlaging invoerrechten opheffing gemeentelijke accijnzen n ͳͺ ͷ kwam kabinet moeilijkheden affaire genaamd ǯde limburgse brievenkwestieǯ affaire ging brief minister financiën betz oud collega waaruit duidelijk minister voorgenomen verhoging grondbelasting limburg wilde afblazen verkiezingsoverwinning ten gunste tweede kabinet thorbecke affaire minister financiën gedwongen af treden,0,Colonialism,0.5830065,0.5830065,0.0019705584,0.415023,0.1679835,low
C:\Users\Home\policy-analysis\Slavery_text\Nimako et al_2020_Een rapport met betrekking tot het onderzoeksproject over de periode voor de.53.txt,e60e1744:00001,10,"De  blanke,  zegt 
men  in  Suriname,  arbeidt  niet  op  het  veld ,  adqui  ergo  is  zulks 
eene schande. Een  vrij  man ,   zegt de  slaaf,  draagt  schoenen  en een 
blaauwen of gelen hoed , maar een vrij man werkt niet; vrij is ge- 
lijk:  ik  mag  alles  doen  en  behoef  niet  te  arbeidenǳ. 56 
 
Hij probeerde aan bovenstaande gedachtegang meer context te geven met de 
woorden: 
 
ǲDit is geene definitie  van  mij ,  maar  van  een  der  Gouverneurs-Generaal  van West-
Indië. En dat dit geene theorie is , heeft de ondervinding in  Britsch Guyana  bewezen. Ik  
zal  thans, kortheidshalve,  slechts op de rapporten en  brochures verwijzenǳ. 57 
 
2) De tweede persoon die een openingsstatement maakte was Peter Marius Tutein 
Nolthenius, een Conservatief uit Hoorn. Tutein Nolthenius bevestigde niet alleen de 
positie waarin de regering zich bevond, maar maakte ook een samenvatting van de 
doelstellingen van het afschaffingsplan in de volgende woorden: 
 
ǲ)k kan mij met dit wets-ontwerp vereenigen, omdat het eenvoudig en in hoofdtrekken 
den tijd en de wijze van emancipatie bepaalt, zonder angstvallig in kleine détails te 
treden, die men zeker zeer goed op het papier kan regelen, maar waarvan niets in de 
praktijk de uitvoering kan verzekeren. Alle utopieën om- 
trent de phalanstères en andere maatschappelijke droombeelden zijn thans geheel uit 
dit wets-ontwerp gelaten, en er is niets in behouden dan hetgeen het behoort te 
bevatten om tot het hoofddoel te leiden. De hoofdbeginselen omtrent tijd en wijze van 
emancipatie, schadevergoeding of tegemoetkoming, staatstoezigt en immigratie van 
vreemde arbeiders zijn in generale trekken geregeld en dit is mij voldoendeǳ. 58 
 
55 De Nederlandsche Staats-Courant 1861-1862 (bijblad).",blanke zegt suriname arbeidt veld adqui ergo zulks eene schande vrij man zegt slaaf draagt schoenen blaauwen gelen hoed vrij man werkt vrij lijk mag behoef arbeidenǳ probeerde bovenstaande gedachtegang context geven woorden ǳdit geene definitie gouverneurs generaal west indië geene theorie ondervinding britsch guyana bewezen thans kortheidshalve slechts rapporten brochures verwijzenǳ tweede persoon openingsstatement maakte peter marius tutein nolthenius conservatief hoorn tutein nolthenius bevestigde alleen positie waarin regering bevond maakte doelstellingen afschaffingsplan volgende woorden ǳ k wets ontwerp vereenigen eenvoudig hoofdtrekken den tijd wijze emancipatie bepaalt angstvallig kleine détails treden zeker zeer goed papier regelen waarvan praktijk uitvoering verzekeren utopieën trent phalanstères maatschappelijke droombeelden thans geheel wets ontwerp gelaten behouden hetgeen behoort bevatten hoofddoel leiden hoofdbeginselen omtrent tijd wijze emancipatie schadevergoeding tegemoetkoming staatstoezigt immigratie vreemde arbeiders generale trekken geregeld voldoendeǳ nederlandsche staats courant bijblad,0.527343908349865,0.47084719967276534,0.5334488653060727,0.5334488653060727,Modern Racism & Inequality,0.006104956956207719,blanke zegt suriname arbeidt veld adqui ergo zulks eene schande vrij man zegt slaaf draagt schoenen blaauwen gelen hoed vrij man werkt vrij lijk mag behoef arbeidenǳ probeerde bovenstaande gedachtegang context geven woorden ǳdit geene definitie gouverneurs generaal west indië geene theorie ondervinding britsch guyana bewezen thans kortheidshalve slechts rapporten brochures verwijzenǳ tweede persoon openingsstatement maakte peter marius tutein nolthenius conservatief hoorn tutein nolthenius bevestigde alleen positie waarin regering bevond maakte doelstellingen afschaffingsplan volgende woorden ǳ k wets ontwerp vereenigen eenvoudig hoofdtrekken den tijd wijze emancipatie bepaalt angstvallig kleine détails treden zeker zeer goed papier regelen waarvan praktijk uitvoering verzekeren utopieën trent phalanstères maatschappelijke droombeelden thans geheel wets ontwerp gelaten behouden hetgeen behoort bevatten hoofddoel leiden hoofdbeginselen omtrent tijd wijze emancipatie schadevergoeding tegemoetkoming staatstoezigt immigratie vreemde arbeiders generale trekken geregeld voldoendeǳ nederlandsche staats courant bijblad,2,Modern Racism & Inequality,0.48994264,0.42421356,0.08584377,0.48994264,0.06572908,low
C:\Users\Home\policy-analysis\Slavery_text\Nimako et al_2020_Een rapport met betrekking tot het onderzoeksproject over de periode voor de.59.txt,a08a92a1:00000,10,"WAAROM VRIJHEID NIET KON WACHTEN 
NIMAKO, DELEA & ESAJAS                                                                                                                            50 
  
te maken en hem trapsgewijze de voordeelen eener beschaafde maatschappij te doen 
genieten. Eene vroegere Regering, die dezen weg wilde inslaan, vatte de verdediging van 
haar stelsel in deze woorden zamen: » men schenkt bijval aan de bepaling » lediggang en 
zwerverij worden niet geduld,maar zij is slechts een ijdele en bedriegelijke klank, als 
men tevens omverwerpt al wat werkzaamheid kan verzekeren en vastheid van verblijf 
bevorderen moet. De beschaving gedoogt geene sprongen, en de maatschappelijke 
vrijheid in hare edelste beteekenis is niet bereikbaar dan voor diegenen, die haar door 
inborst of opleiding met zelfbeheersching kunnen genieten. De Regering, die de 
toekomst voor oogen moet houden en deze niet mag opofferen aan schoonklinkende 
woorden, heeft dan ook, zich spiegelendeaan de omstandigheden van elders, begrepen, 
den vrijgemaakte niet onvoorwaardelijk te mogen loslaten in eene rigting waar hij zich 
zelven en anderen zou verdervenǳ. 77 
 
Vervolgens bepleitte hij het volgende bij de minister: 
 
ǲ)k hoop dat de Minister mij nog zal kunnen overtuigen, dat zijn stelsel de voorkeur 
verdient, want ik ontveins niet, dat de onverwijlde opheffing der slavernij, zoo als dit 
wetsvoorstel deze wil tot stand brengen, mij nog niet toeschijnt het lot en de veredeling 
der negerslaven te zullen verzekeren, hunne zedelijke en waarachtige belangen te zullen 
bevorderenǳ. 78  
 
Het Tweede Kamerlid De Raadt stelde in het belang van de Staat en met betrekking tot 
de slavenhouders de volgende vraag: 
 
ǲ)s het voorgestelde emancipatieplan overeen te brengen met de  
belangen onzer schatkist? Het valt niet te ontkennen, dat voor de verwezenlijking van den maatregel, waarvan hier 
sprake is, zeer aanzienlijke offers van het moederland gevorderd worden. Gedreven 
door een billijken afkeer die ons tegen de slavernij moet bezielen, meen ik, dat wij aan 
dien  
maatregel belangrijke offers mogen brengen. Er is meer. De slavernij is in onze West-
Indische kolonien ingevoerd, zij is tot op heden bestendigd en als een regt van den 
meester beschermd.",waarom vrijheid wachten nimako delea esajas maken trapsgewijze voordeelen eener beschaafde maatschappij genieten eene vroegere regering dezen weg wilde inslaan vatte verdediging stelsel woorden zamen schenkt bijval bepaling lediggang zwerverij geduld slechts ijdele bedriegelijke klank tevens omverwerpt werkzaamheid verzekeren vastheid verblijf bevorderen beschaving gedoogt geene sprongen maatschappelijke vrijheid hare edelste beteekenis bereikbaar diegenen inborst opleiding zelfbeheersching genieten regering toekomst oogen houden mag opofferen schoonklinkende woorden spiegelendeaan omstandigheden elders begrepen den vrijgemaakte onvoorwaardelijk mogen loslaten eene rigting waar zelven anderen verdervenǳ vervolgens bepleitte volgende minister ǳ k hoop minister overtuigen stelsel voorkeur verdient ontveins onverwijlde opheffing slavernij zoo wetsvoorstel stand brengen toeschijnt lot veredeling negerslaven zullen verzekeren hunne zedelijke waarachtige belangen zullen bevorderenǳ tweede kamerlid raadt stelde belang staat betrekking slavenhouders volgende ǳ voorgestelde emancipatieplan overeen brengen belangen onzer schatkist valt ontkennen verwezenlijking den maatregel waarvan sprake zeer aanzienlijke offers moederland gevorderd gedreven billijken afkeer slavernij bezielen meen dien maatregel belangrijke offers mogen brengen slavernij onze west indische kolonien ingevoerd heden bestendigd regt den meester beschermd,0.45693968101189136,0.5051614306213542,0.5028320672425717,0.5051614306213542,Historical Slavery,0.002329363378782534,waarom vrijheid wachten nimako delea esajas maken trapsgewijze voordeelen eener beschaafde maatschappij genieten eene vroegere regering dezen weg wilde inslaan vatte verdediging stelsel woorden zamen schenkt bijval bepaling lediggang zwerverij geduld slechts ijdele bedriegelijke klank tevens omverwerpt werkzaamheid verzekeren vastheid verblijf bevorderen beschaving gedoogt geene sprongen maatschappelijke vrijheid hare edelste beteekenis bereikbaar diegenen inborst opleiding zelfbeheersching genieten regering toekomst oogen houden mag opofferen schoonklinkende woorden spiegelendeaan omstandigheden elders begrepen den vrijgemaakte onvoorwaardelijk mogen loslaten eene rigting waar zelven anderen verdervenǳ vervolgens bepleitte volgende minister ǳ k hoop minister overtuigen stelsel voorkeur verdient ontveins onverwijlde opheffing slavernij zoo wetsvoorstel stand brengen toeschijnt lot veredeling negerslaven zullen verzekeren hunne zedelijke waarachtige belangen zullen bevorderenǳ tweede kamerlid raadt stelde belang staat betrekking slavenhouders volgende ǳ voorgestelde emancipatieplan overeen brengen belangen onzer schatkist valt ontkennen verwezenlijking den maatregel waarvan sprake zeer aanzienlijke offers moederland gevorderd gedreven billijken afkeer slavernij bezielen meen dien maatregel belangrijke offers mogen brengen slavernij onze west indische kolonien ingevoerd heden bestendigd regt den meester beschermd,2,Modern Racism & Inequality,0.5660059,0.10233511,0.33165896,0.5660059,0.23434693,low
C:\Users\Home\policy-analysis\Slavery_text\Nimako et al_2020_Een rapport met betrekking tot het onderzoeksproject over de periode voor de.96.txt,134eb2b5:00001,10,"Ik kan althans den geachten spreker uit Hoorn verzekeren, dat die 
Afrikaansche slaven en zeer leelijk zijn en zeer zwart. Ik zal echter geen misbruik maken 
van die kennis, maar ik meen dat het volstrekt niet noodig is de slaven te kennen om te 
kunnen oordeelen over de beginselen van deze wet. Mij dunkt, bij deze wet even als bij 
elke andere voordragt, behoort men zich een duidelijk denkbeeld te maken van het 
hoofdbeginsel, waarop dezelve rust en aan dat hoofdbeginsel behooren de 
ondergeschikte punten getoetst te wordenǳ.207  
 
Met dergelijke bijdragen werd een vorm van debateren gecreërd die moeilijk was te 
ontwarren. En als er eenmaal een (deel)onderwerp was ontrafeld kon het voorkomen 
 
205 De Nederlandsche Staats-Courant 1861-1862 (bijblad). Tweede Kamer, 78ste zitting – 4 julij 1862, vel. 261, p. 950 
206 De Nederlandsche Staats-Courant 1861-1862 (bijblad). Tweede Kamer, 78ste zitting – 4 julij 1862, vel. 261, p. 950-51 
207 De Nederlandsche Staats-Courant 1861-1862 (bijblad).",althans den geachten spreker hoorn verzekeren afrikaansche slaven zeer leelijk zeer zwart echter misbruik maken kennis meen volstrekt noodig slaven kennen oordeelen beginselen wet dunkt wet even elke voordragt behoort duidelijk denkbeeld maken hoofdbeginsel waarop dezelve rust hoofdbeginsel behooren ondergeschikte punten getoetst wordenǳ dergelijke bijdragen vorm debateren gecreërd moeilijk ontwarren eenmaal onderwerp ontrafeld voorkomen nederlandsche staats courant bijblad tweede kamer 78ste zitting julij vel p nederlandsche staats courant bijblad tweede kamer 78ste zitting julij vel p nederlandsche staats courant bijblad,0.4857495513905457,0.5408381188108362,0.4669344539933667,0.5408381188108362,Historical Slavery,0.0550885674202905,althans den geachten spreker hoorn verzekeren afrikaansche slaven zeer leelijk zeer zwart echter misbruik maken kennis meen volstrekt noodig slaven kennen oordeelen beginselen wet dunkt wet even elke voordragt behoort duidelijk denkbeeld maken hoofdbeginsel waarop dezelve rust hoofdbeginsel behooren ondergeschikte punten getoetst wordenǳ dergelijke bijdragen vorm debateren gecreërd moeilijk ontwarren eenmaal onderwerp ontrafeld voorkomen nederlandsche staats courant bijblad tweede kamer 78ste zitting julij vel p nederlandsche staats courant bijblad tweede kamer 78ste zitting julij vel p nederlandsche staats courant bijblad,2,Modern Racism & Inequality,0.5685836,0.07402769,0.35738868,0.5685836,0.21119493,low
C:\Users\Home\policy-analysis\Slavery_text\Nimako et al_2020_Een rapport met betrekking tot het onderzoeksproject over de periode voor de.97.txt,2be599e3:00001,10,"In die overtuiging zal ik tegen dit artikel stemmen, tenzij de 
Minister mij van het onjuiste mijner meening mogt overtuigen. Wat nu het amendement 
van den geachten afgevaardigde uit Arnhem (van Lynden) aangaat, zoo kan ik evenmin 
zeggen, dat dit mij toelachtǳ.209   
 
Hij stelde hierna: 
 
ǲDe bezwaren, die ik heb tegen den gedwongen arbeid gedurende ͳͲ jaren, bestaan 
evenzeer bij gedwongen arbeid gedurende 4 jaren. En ik deel geheel in de vrees van den 
geachten afgevaardigde uit Zutphen (van Bosse) , dat het gevoel van teleurstelling voor 
den neger, wanneer hij zal ondervinden dat de vrijheid, die hem 30 jaar voorgespiegeld 
is, zoo weinig om liet lijf  heeft, even groot zal zijn wanneer het staatstoezigt vier jaren, 
als wanneer het tien jaren zal duren, omdat de neger nimmer aan de vrijheid zal 
gelooven, tenzij hij wezenlijk vrijheid bezitteǳ.210   
 
De conservatief-liberaal sprak hierna de woorden uit: 
 
208 De Nederlandsche Staats-Courant 1861-1862 (bijblad). Tweede Kamer, 78ste zitting – 4 julij 1862, vel. 261, p. 951 
209 De Nederlandsche Staats-Courant 1861-1862 (bijblad). Tweede Kamer, 78ste zitting – 4 julij 1862, vel. 261, p. 951 
210 De Nederlandsche Staats-Courant 1861-1862 (bijblad). Tweede Kamer, 78ste zitting – 4 julij 1862, vel.",overtuiging artikel stemmen tenzij minister onjuiste mijner meening mogt overtuigen amendement den geachten afgevaardigde arnhem lynden aangaat zoo evenmin zeggen toelachtǳ stelde hierna ǳde bezwaren den gedwongen arbeid gedurende ͳͳ bestaan evenzeer gedwongen arbeid gedurende geheel vrees den geachten afgevaardigde zutphen bosse gevoel teleurstelling den neger wanneer ondervinden vrijheid voorgespiegeld zoo liet lijf even groot wanneer staatstoezigt vier wanneer tien duren neger nimmer vrijheid gelooven tenzij wezenlijk vrijheid bezitteǳ conservatief liberaal sprak hierna woorden nederlandsche staats courant bijblad tweede kamer 78ste zitting julij vel p nederlandsche staats courant bijblad tweede kamer 78ste zitting julij vel p nederlandsche staats courant bijblad tweede kamer 78ste zitting julij vel,0.4961975676521487,0.49149890558679477,0.42429240154364073,0.4961975676521487,Colonialism,0.004698662065353909,overtuiging artikel stemmen tenzij minister onjuiste mijner meening mogt overtuigen amendement den geachten afgevaardigde arnhem lynden aangaat zoo evenmin zeggen toelachtǳ stelde hierna ǳde bezwaren den gedwongen arbeid gedurende ͳͳ bestaan evenzeer gedwongen arbeid gedurende geheel vrees den geachten afgevaardigde zutphen bosse gevoel teleurstelling den neger wanneer ondervinden vrijheid voorgespiegeld zoo liet lijf even groot wanneer staatstoezigt vier wanneer tien duren neger nimmer vrijheid gelooven tenzij wezenlijk vrijheid bezitteǳ conservatief liberaal sprak hierna woorden nederlandsche staats courant bijblad tweede kamer 78ste zitting julij vel p nederlandsche staats courant bijblad tweede kamer 78ste zitting julij vel p nederlandsche staats courant bijblad tweede kamer 78ste zitting julij vel,2,Modern Racism & Inequality,0.4148944,0.27755618,0.30754936,0.4148944,0.107345045,low
C:\Users\Home\policy-analysis\Slavery_text\Nimako et al_2020_Een rapport met betrekking tot het onderzoeksproject over de periode voor de.98.txt,d482ed34:00001,10,"Ik 
beschouw dit toezigt niet, zoo als sommigen misschien, als uitsluitend bestemd om de 
vrijgemaakten te beheerschen, alleen om hen van het kwade af te houden, om hen in 
toom te houden. Maar ik meen dat in de wet geschreven moet worden het beginsel van 
bijzondere bemoeijenis van de Regering met de vrijgemaakten, voornamelijk om hen te 
helpen en te beschermen. Het moet zijn eene voogdijschap over volwassenen, want den 
dag na de vrijmaking zullen voor de minderjarigen de regelen van het gewone regt 
gelden. Wij hebben hier dus te doen met het beginsel van voogdij over volwassenen en 
die voogdij moet niet zijn om den baas te kunnen spelen over die personen ten behoeve 
van vroegere eigenaren, maar moet in de eerste en voornaamste, plaats een tutelair 
karakter dragen. Of nu de voorschriften van dit ontwerp aan dit denkbeeld 
beantwoorden is eene vraag, die wij later zullen behandelen. Naar mijn inzien moet men 
wel doordrongen zijn van de gedachte, dat de natie zich voor deze vrijverklaring wel 
opofferingen wil getroosten, doch er moet werkelijk vrijheid door ontstaanǳ.213   
 
 
211 De Nederlandsche Staats-Courant 1861-1862 (bijblad). Tweede Kamer, 78ste zitting – 4 julij 1862, vel. 261, p. 951 
212 De Nederlandsche Staats-Courant 1861-1862 (bijblad). Tweede Kamer, 78ste zitting – 4 julij 1862, vel.",beschouw toezigt zoo sommigen misschien uitsluitend bestemd vrijgemaakten beheerschen alleen hen kwade af houden hen toom houden meen wet geschreven beginsel bijzondere bemoeijenis regering vrijgemaakten voornamelijk hen helpen beschermen eene voogdijschap volwassenen den dag vrijmaking zullen minderjarigen regelen gewone regt gelden beginsel voogdij volwassenen voogdij den baas spelen personen ten behoeve vroegere eigenaren eerste voornaamste plaats tutelair karakter dragen voorschriften ontwerp denkbeeld beantwoorden eene later zullen behandelen inzien doordrongen gedachte natie vrijverklaring opofferingen getroosten werkelijk vrijheid ontstaanǳ nederlandsche staats courant bijblad tweede kamer 78ste zitting julij vel p nederlandsche staats courant bijblad tweede kamer 78ste zitting julij vel,0.4972044027863969,0.48752008345803965,0.3892340193524501,0.4972044027863969,Colonialism,0.009684319328357227,beschouw toezigt zoo sommigen misschien uitsluitend bestemd vrijgemaakten beheerschen alleen hen kwade af houden hen toom houden meen wet geschreven beginsel bijzondere bemoeijenis regering vrijgemaakten voornamelijk hen helpen beschermen eene voogdijschap volwassenen den dag vrijmaking zullen minderjarigen regelen gewone regt gelden beginsel voogdij volwassenen voogdij den baas spelen personen ten behoeve vroegere eigenaren eerste voornaamste plaats tutelair karakter dragen voorschriften ontwerp denkbeeld beantwoorden eene later zullen behandelen inzien doordrongen gedachte natie vrijverklaring opofferingen getroosten werkelijk vrijheid ontstaanǳ nederlandsche staats courant bijblad tweede kamer 78ste zitting julij vel p nederlandsche staats courant bijblad tweede kamer 78ste zitting julij vel,1,Historical Slavery,0.5566201,0.37805614,0.5566201,0.06532373,0.17856398,low
C:\Users\Home\policy-analysis\Slavery_text\Racisme bij het Ministerie van Buitenlandse Zaken. Een verkennend onderzoek.43.txt,9b8e3e60:00002,3,"Ook de werkplekken zijn op sommige 
ambassades gescheiden. Een respondent vertelt dat lokaal personeel in de kelder werkt 
en dat de uitgezonden medewerkers op een andere verdieping werken. Een andere 
respondent vertelt dat de lokaal aangenomen medewerkers “in een kluitje in een hoek zijn 
gedrukt”, terwijl de uitgezonden medewerkers in “mooie kamers” hun werk kunnen doen.",werkplekken sommige ambassades gescheiden respondent vertelt lokaal personeel kelder werkt uitgezonden medewerkers verdieping werken respondent vertelt lokaal aangenomen medewerkers kluitje hoek gedrukt terwijl uitgezonden medewerkers mooie kamers werk,0.45234300906162134,0.48892763266758654,0.37409078960687814,0.48892763266758654,Historical Slavery,0.036584623605965205,werkplekken sommige ambassades gescheiden respondent vertelt lokaal personeel kelder werkt uitgezonden medewerkers verdieping werken respondent vertelt lokaal aangenomen medewerkers kluitje hoek gedrukt terwijl uitgezonden medewerkers mooie kamers werk,1,Historical Slavery,0.5477747,0.108614706,0.5477747,0.34361067,0.204164,low
C:\Users\Home\policy-analysis\Slavery_text\Voortgangsrapportage+-+Ervaringen+en+lessen+om+discriminatie+in+publieke+dienstverlening+te+voorkomen+en+te+bestrijden.32.txt,f6a54c37:00005,4,"50. Omlo, J., Kaya, A., Charif, S., 
Butter, E., Kromhout, M., 
& Ramlakhan, K. (2022). Racisme bij het ministerie 
van Buitenlandse Zaken: Een 
verkennend onderzoek.",omlo j kaya charif butter e kromhout ramlakhan k racisme ministerie buitenlandse zaken verkennend,0.5220977783375724,0.5239687790586615,0.5128872988133476,0.5239687790586615,Historical Slavery,0.0018710007210890334,omlo j kaya charif butter e kromhout ramlakhan k racisme ministerie buitenlandse zaken verkennend,2,Modern Racism & Inequality,0.53746516,0.36387506,0.0986598,0.53746516,0.1735901,low
C:\Users\Home\policy-analysis\Slavery_text\Voortgangsrapportage+-+Ervaringen+en+lessen+om+discriminatie+in+publieke+dienstverlening+te+voorkomen+en+te+bestrijden.50.txt,da419e58:00001,10,"(Sennay) Ghebreab
Prof. dr. H (Halleh) Ghorashi
Prof. dr. P.L.H. (Peer) Scheepers
Drs. E.F. (Errol) Stoové 
Prof. dr. L.",sennay ghebreab prof dr h halleh ghorashi prof dr p l h peer scheepers drs e f errol stoové prof dr l,0.5034049412718299,0.43241661047308994,0.5135788161852255,0.5135788161852255,Modern Racism & Inequality,0.010173874913395609,sennay ghebreab prof dr h halleh ghorashi prof dr p l h peer scheepers drs e f errol stoové prof dr l,2,Modern Racism & Inequality,0.505677,0.39018163,0.10414143,0.505677,0.115495354,low
C:\Users\Home\policy-analysis\Slavery_text\ZWART_MANIFEST.45.txt,6c523f13:00001,10,"Amnesty, 
Nederlands Juristen Comité voor de Mensenrechten en Controle Alt Delete vinden dat etniciteit geen 
onderdeel mag zijn van een (geautomatiseerde) risicoprofiel. RODE LIJST  
Wij spreken niet meer van een zwarte lijst. De institiutioneel en maatschappelijke geaccepteerde ‘zwarte 
lijst’ heeft een negatieve connotatie met betrekking tot Zwarte mensen. In het Zwart Manifest gebruiken wij 
‘rode lijst’ om bijvoorbeeld organisaties in overtreding en koloniaal lesmateriaal en boeken te registreren. STATUUT VOOR HET KONINKRIJK DER NEDERLANDEN
Het Statuut voor het Koninkrijk der Nederlanden regelt de staatkundige relatie tussen Nederland, Ar-
uba, Curaçao en Sint Maarten. In het Statuut staat dat de landen zelfstandig hun eigen aangelegen-
heden behartigen. Samen verzorgen ze de koninkrijksaangelegenheden. Daarnaast geeft het Statuut 
regels voor onderlinge samenwerking, bijstand, overleg en staatsinrichting van de landen. Het Statuut 
kwam in 1954 tot stand. Sindsdien hebben de landen van het Koninkrijk een gelijkwaardige positie.",amnesty nederlands juristen comité mensenrechten controle alt delete vinden etniciteit mag geautomatiseerde risicoprofiel rode lijst spreken zwarte lijst institiutioneel maatschappelijke geaccepteerde zwarte lijst negatieve connotatie betrekking zwarte mensen zwart manifest gebruiken rode lijst bijvoorbeeld organisaties overtreding koloniaal lesmateriaal boeken registreren statuut koninkrijk nederlanden statuut koninkrijk nederlanden regelt staatkundige relatie nederland ar uba curaçao sint maarten statuut staat landen zelfstandig eigen aangelegen heden behartigen samen verzorgen koninkrijksaangelegenheden daarnaast geeft statuut regels onderlinge samenwerking bijstand overleg staatsinrichting landen statuut kwam stand sindsdien landen koninkrijk gelijkwaardige positie,0.5183421120588634,0.40068746231432134,0.516038837649366,0.5183421120588634,Colonialism,0.0023032744094974023,amnesty nederlands juristen comité mensenrechten controle alt delete vinden etniciteit mag geautomatiseerde risicoprofiel rode lijst spreken zwarte lijst institiutioneel maatschappelijke geaccepteerde zwarte lijst negatieve connotatie betrekking zwarte mensen zwart manifest gebruiken rode lijst bijvoorbeeld organisaties overtreding koloniaal lesmateriaal boeken registreren statuut koninkrijk nederlanden statuut koninkrijk nederlanden regelt staatkundige relatie nederland ar uba curaçao sint maarten statuut staat landen zelfstandig eigen aangelegen heden behartigen samen verzorgen koninkrijksaangelegenheden daarnaast geeft statuut regels onderlinge samenwerking bijstand overleg staatsinrichting landen statuut kwam stand sindsdien landen koninkrijk gelijkwaardige positie,0,Colonialism,0.5759267,0.5759267,0.0051459568,0.41892728,0.15699944,low
