filename,filepath,document_type,year,chunk_num,chunk_text,topic,cosine,cosine_weighted,topic_probs,topic_assigned,cosine_per_topic,labels,chunk_id
jaarverslag-buitenlandse-zaken-2022.106.txt,Policyarchive_text\jaarverslagen\2023\jaarverslag-buitenlandse-zaken-2022\jaarverslag-buitenlandse-zaken-2022.106.txt,2023,jaarverslag-buitenlandse-zaken-2022,0,mac moderniser activiteitencyclus matra programma maatschapp transformatie mfk meerjar financieel kader minusma united nation multidimensional integrated stabilization mission mali mrf mensenrechtenfond mrr mission sustainabl mto medewerkerstevredenheidsonderzoek mvv machtig voorlop verblijf mvoi maatschapp verantwoord ondernem inkop misbruik oneigen navo verdragsorganisatie ncif national coordinator international functies nfrp nederland fond regional partnerschapp nimh nederland institut militair historie nla non lethal assistanc npdi disarmament initiativ npv verdrag nvr national veiligheidsrad ocw cultur wetenschap oda official development assistanc ohchr offic high commissioner human right opcw verbod chemisch wapen ondernemingsrad ontwikkelingssamenwerk osa open strategisch autonomie ovs samenwerk europa plooi platform open overheidsinformatie pobb programma ondersteun buitenland permanent vertegenwoord europes unie rhb rijkshoofdboekhoud rvo rijksdienst ondernem rwt rechtsperson wettelijk tak sdgs sustainabl development goal sea strategisch evaluatie agenda ssc standard contractual clauses sso shared serviceorganisatie ssr security sector reform stp shiraka training program ucaptf ukrain comprehensiv assistanc packag trust fund usd dollar vbs vervang bedrijfsvoeringssystem vci crisiscoordinatie integriteit verenigd koninkrijk verenigd naties verenigd stat wnt wet normer topinkomen wopt wet openbaarmak middel gefinancierd topinkomen zbo zelfstand bestuursorgan twed kamer vergaderjar,Reparations and Remembrance|Modern & Everyday Racism,0.0968495996958186,"[0.008128456983026252, 0.02180360929704404, 0.004094217065287404]","[False, True, True]","[False, True, True]","[0.0968495996958186, 0.0968495996958186, 0.0968495996958186]","[0, 1, 1]",jaarverslag-buitenlandse-zaken-2022.106.txt__0
jaarverslag-ezk-2022.63.txt,Policyarchive_text\jaarverslagen\2023\jaarverslag-ezk-2022\jaarverslag-ezk-2022.63.txt,2023,jaarverslag-ezk-2022,0,national groeifond ngf nederland veerkrachtplan werkt kabinet herstel economisch groei bred welvaart komend verder versterk via gericht investeringsagenda verbind national groeistrategie ondersteun economisch transities liser verduurzam vernieuw stat daarin central via ngf mld uitgetrok innovatie keling eerst rond plaatsgevond indien projectvoorstell daaran gekoppeld definitiev toekenn voorwaard toekenn reserver middel nam pijler ontwikkel innovatie drag groen digital transities war stat hvp draagt ambities kabinet gebied groen digital transitie bevat grootschal gebied woningbouw arbeidsmarkt belastingstelsel keurd financien europes unie uitvoeringsbesluit goed hierdor slag uitvoer plan bestat waarvan hervorm invester ring bedrag mld coronacrisis een ding duidelijk gemaakt kwetsbar onz manier lev werk belangrijk rol bedrijv daarbij spel welvaartsgroei kendheid gat onz gezond beschik voldoend zorg inkom werk winstgev bedrijv goed oner bedrijv bied werk inkom maatschapp verband war werknemer gewaardeerd betrok voel zichzelf ontplooi war vermog bijdrag maatschapp vooruitgang bedrijv maatschapp verantwoord mogelijk nadel gevolg economisch activiteit kwaliteit onz leefomgev samenlev beperk drag bedrijv scholing maatschapp verantwoord product eerlijk prijz goed lon pensioenvoorzien hoogwaard leefomgev nieuw product dienst technologieen drag grot maatschapp vraagstuk tijd energietransitie verduurzam industrie digitaliser crisis pakt bedrijv maatschapp verantwoord samenwerk maatschapp betrok cruciaal onz welvaartsgroei samenwerk grot international operer ondernem kleinbedrijf essentieel nemerssucces international samenwerk onmis open economie onz strategisch samenwerk bedrijv wetenschap hoger belangrijk wetenschap hoger fundamentel ideeen capaciteit bied bedrijfslev mogelijk ziet war nieuw technologieen toegepast nieuw product dienst productieprocess definitief nederland veerkrachtplan twed kamer vergaderjar xiii,"Colonial Exploitation, Slavery & Economic Inequality|Reparations and Remembrance|Modern & Everyday Racism",0.098058067569092,"[0.016819204600264027, 0.018630938001512852, 0.005148787407512805]","[True, True, True]","[True, True, True]","[0.098058067569092, 0.098058067569092, 0.098058067569092]","[1, 1, 1]",jaarverslag-ezk-2022.63.txt__0
beslisnota-bij-voorhang-conceptregeling-regionaal-investeringsfonds-mbo-2024-2027.8.txt,Policyarchive_text\beleidsnotas\2023\beslisnota-bij-voorhang-conceptregeling-regionaal-investeringsfonds-mbo-2024-2027\beslisnota-bij-voorhang-conceptregeling-regionaal-investeringsfonds-mbo-2024-2027.8.txt,2023,beslisnota-bij-voorhang-conceptregeling-regionaal-investeringsfonds-mbo-2024-2027,0,inzet werkvloer ler opleid modern faciliteit techniek gebruik daarbij onderscheidt rif geld beschik stell samenwerkingsverband goed inhoud ondersteun bied samenwerkingsverband aanvrag will indien verschill manier ondersteun gebod zowel starter opschaler mogelijk voorafgaand indien aanvrag voorschouw lat uitvoer voorlop voorstel dienst uitvoer subsidies platform talent technologie ptvt ondersteun gevraagd uitvoeringsfas verschill wijz vraaggestuurd ondersteun gebod kennisontwikkel via collectief kennisprogramma katapult samenwerkingsverband ontwikkeld hart welkom participer netwerk activiteit katapult aanvrag del practorat start bouw daarnaast vlak voorlicht advies krijg via stichting ieder mbo practorat grondslag subsidieregel grondslag regel kaderregel subsidies ocw szw vws bestat risico ongeoorloofd staatssteun bekostigd aanvrag verbeter aansluit bekostigd arbeidsmarkt bedrijfslev gezien wettelijk onderwijstak bekostigd instell open national onderwijsstelsel gefinancierd stat staatstoezicht stat economisch activiteit beschouwd samenwerkingsverband opgericht student lat ler oefen beroepspraktijk waarbij reken gehoud recent ontwikkel techniek zover subsidie verstrekt partij pps onderwijsinstell subsidie bedoeld activiteit ondersteun activiteit onderwijsinstell uitvoer beargumenteerd sprak economisch activiteit daarom risico ongeoorloofd staatssteun toekenn bekostigd welk sprak verantwoord,"Colonial Exploitation, Slavery & Economic Inequality|Reparations and Remembrance|Modern & Everyday Racism",0.0883672164336924,"[0.014312069229624911, 0.0028427209267470246, 0.013686788295208537]","[True, True, True]","[True, True, True]","[0.0883672164336924, 0.0883672164336924, 0.0883672164336924]","[1, 1, 1]",beslisnota-bij-voorhang-conceptregeling-regionaal-investeringsfonds-mbo-2024-2027.8.txt__0
bijlage-2-memorie-van-toelichting-wetsvoorstel-wet-versterking-waarborgfunctie-awb.20.txt,Policyarchive_text\besluiten\2023\bijlage-2-memorie-van-toelichting-wetsvoorstel-wet-versterking-waarborgfunctie-awb\bijlage-2-memorie-van-toelichting-wetsvoorstel-wet-versterking-waarborgfunctie-awb.20.txt,2023,bijlage-2-memorie-van-toelichting-wetsvoorstel-wet-versterking-waarborgfunctie-awb,0,versie bestuursorgan voorsprong bevoegd beschikt informatie punt ongelijkheidscompensatie extra belang koenrad beschrijft problematiek bewijsachterstand mens volgt les derd evaluatie awb namelijk pijnlijk duidelijk rechter partij meestal althan volstrekt onvoldo inzicht verschaft bewijsposities daardor kreg vooral mens advocat procedeerd lat gat had stelling feit rechter voldoend aannem mak enig regelmat pas einduitsprak duidelijk rechter advies accepteerd burger tegenbewijs vorm omtrent nieuw zaaksbehandel kwam vor bewijsposities zitting slecht toe werd schlossel stelt wenselijk bevoegd gev formel bewijsopdracht toe kenn bestuursrechter verschill bevoegd feit bestuursrechter burger verplicht inlicht schriftelijk stuk daarnaast rechter ambtshalv feit aanvull maakt rechter nieuw zaaksbehandel rechtbank amsterdam opgemerkt eiser bijna nooit geleg krijg alsnog nader bewijs sted blijkt bestuursrechter toe bewijsvoorlicht burger tak communicatie informatie burger beroepsprocedur verbeterd bestaand praktijk verander wijzig awb wenselijk burger lus voorgesteld daarom bestuursrechter bevoegd toe kenn belanghebb specifiek mogelijk gev aangedrag stelling procedur aannem mak apart bevoegd geeft bestuursrechter middel vorm bewijsvoorlicht gev stimuleert bestaand mogelijk gebeurt burger geleg gev alsnog nader bewijs lever procespositie versterk burger lus hiervor kader geregeld nieuw afdel awb voeg afdel bestur lus nieuw voorgesteld afdel geeft invull wen kom verstev positie burger procedur bestuursrechter hoewel bestuursrechter onderzoeksbevoegd mogelijk vergar informatie wenselijk belanghebb expliciet geleg gev ingebracht stelling aannem mak mogelijk stelling aannem mak ander herstel gebrek beroepschrift grond awb bevoegd eerder procedur gemaakt bewijsopdracht tussenuitsprak nieuw beroepsgrond gat nader onderbouw aannem mak aangevoerd grond net bestur lus rechter burger lus best toepass tussenuitsprak praktijk blijkt behoeft dergelijk vorm burger lus uitsprak rechtbank rechtbank tussenuitsprak gedan hierbij awb bestuursorgan opdracht gebrek herstell bewijsopdracht burger afdel bestuursrechtsprak rad stat eerder schuurman eig aard bestuursrecht bewijsrecht bestuursrecht bewijsrecht wetgever rechter koenrad deskund bestuursrecht rechter control deskundigenadviser gebaseerd preadviez veren vergelijk studie recht bom juridisch marseill waard tollenar laskewit boxum praktijk nieuw zaaksbehandel bestuursrecht schlossel vrij kenbar bewijsler bestuursrecht bewijsrecht wetgever,"Colonial Exploitation, Slavery & Economic Inequality|Modern & Everyday Racism",0.091900749728098,"[0.011615316620693102, 0.004201262528386873, 0.014412654012427683]","[True, False, True]","[True, False, True]","[0.091900749728098, 0.091900749728098, 0.091900749728098]","[1, 0, 1]",bijlage-2-memorie-van-toelichting-wetsvoorstel-wet-versterking-waarborgfunctie-awb.20.txt__0
jaarverslag-financien-2022.50.txt,Policyarchive_text\jaarverslagen\2023\jaarverslag-financien-2022\jaarverslag-financien-2022.50.txt,2023,jaarverslag-financien-2022,0,beleidsconclusies beleidsverslag beleidsresultat belastingdienst geschetst begin effect coronacrisis regulier process belastingdienst goed merkbar desondank dienstverlen doorgan som aangepast vorm belastingdienst stapp gezet dienstverlen structurel verbeter uitbreid team loketfuncties belastingdienstkantor belastingdienst daarnaast gewerkt versterk fraudeaanpak oploss problem signalenproces dienst stapp gezet verder vormgev uitvoer operaties ten aanzien zak verled goed gegan fraudesignaleringsvoorzien fsv minnelijk nering natur person msnp box betreft box eerst fas herstel succesvol afgerond operaties gevolg uitvoer regulier tak belastingdienst waardor rond afhandeltermijn bezwaarschrift bereik telefon gehaald overleg politiek teit gesteld betrek inzet beschik personel capaciteit herijk kpi ontwerpbegrot ontwerpbegrot beter inzicht verkreg mat waarin belastingdienst nalev bevordert burger bedrijv adequat behandel gev effectief informer gemak bied gepast wijz corriger tred belastingdienst gerapporteerd aangepast set kpi twed kamer vergaderjar,Reparations and Remembrance|Modern & Everyday Racism,0.080582296402538,"[0.0018646841990666838, 0.01003569080064446, 0.02362865012217161]","[False, True, True]","[False, True, True]","[0.080582296402538, 0.080582296402538, 0.080582296402538]","[0, 1, 1]",jaarverslag-financien-2022.50.txt__0
jaarverslag-onderwijs-cultuur-wetenschap-2022.34.txt,Policyarchive_text\jaarverslagen\2023\jaarverslag-onderwijs-cultuur-wetenschap-2022\jaarverslag-onderwijs-cultuur-wetenschap-2022.34.txt,2023,jaarverslag-onderwijs-cultuur-wetenschap-2022,0,ten derd maatschapp impact vergrot samenwerk economisch zak klimat geinvesteerd deelnam europes partnerschapp gemiddeld circa miljoen per fond wetenschap financiel impuls ingezet kennisveil open scienc education kennisbenut wetenschapscommunicatie voorbeeld kennisbenut invester faculty impact programma ondersteun vertal nieuw kennis startup maatschapp impact verder gewerkt voorbereid centrum expertis wetenschapscommunicatie wetenschap maakt kabinet sterk hoger hoger bevat beleidsbrief omvangrijk financiel impul aflop kwaliteitsafsprak middel instell ten behoev kwaliteit voortgezet gat hierbij structurel bedrag ongever miljoen per daarnaast kondigt brief eig regie kwaliteitszorgstelsel invester ontwikkel integral aanpak studentenwelzijn miljoen per versterk beroepsonderwijs samenwerk regio miljoen oplop miljoen structurel kabinet stelt daarnaast structurel miljoen per beschik aansluit arbeidsmarkt verbeter hbo brief miljoen aangekondigd hbo gio gevestigd eerst tranch geld inmiddel bested hoger kabinet verder wetsvoorstel ingedi basisbeur opnieuw voer komt kabinet tegemoetkom jonger gestudeerd leenstelsel herinvoer basisbeur aanvull beur hoger verbred zodat student mak hernieuwd basisbeur belangrijk stap versterk financiel positie jonger najar ocw expertconsultatie lat uitvoer internationaliser hoger oog beleidsbrief internationaliser verkenn instrument ingezet groeiend instrom international student beheers mak verder financiel ondersteun deelnem hoger onderwijsinstell europes universiteit initiatief aangekondigd per kamerbrief vanaf ontvang deelnemer financier instell komend period aanvrag initiatief indien financier cedur ontvang cultur stond tek uitwerk plann coalitieakkoord kabinet investeert miljoen structurel extra cultur bovenop regulier miljard nieuw middel blijvend invester positie cultur maker versterk zorg toegank kwaliteit cultur hel land meerjarenbrief cultur kracht creativiteit stat uitwerk komend vijf prioriteit versterk arbeidsmarkt positie culturel creatiev professional denkkracht maker creatiev beter benut grot twed kamer vergaderjar viii,"Colonial Exploitation, Slavery & Economic Inequality|Reparations and Remembrance|Modern & Everyday Racism",0.082502864732539,"[0.009830174972415735, 0.008813417857137209, 0.051068556942324476]","[True, True, True]","[True, True, True]","[0.082502864732539, 0.082502864732539, 0.082502864732539]","[1, 1, 1]",jaarverslag-onderwijs-cultuur-wetenschap-2022.34.txt__0
jaarverslag-buitenlandse-zaken-2022.15.txt,Policyarchive_text\jaarverslagen\2023\jaarverslag-buitenlandse-zaken-2022\jaarverslag-buitenlandse-zaken-2022.15.txt,2023,jaarverslag-buitenlandse-zaken-2022,0,adviescolleg dialooggroep slavernijverled namen reger excuses uitgesprok handel stat verled postum slaf gemaakt wereldwijd handel geled dochter zon nazat bod kabinet diep excuses structurel extrem geweld zijd indonesie aanleid publicatie gezamen onderzoeksprogramma onafhank dekolonisatie geweld oorlog indonesie konink institut volkenkund kitlv nederland institut militair historie nimh niod institut genocidestudies volgd twed uitgebreider kabinetsreactie waarin eerst maatschapp debat onderzoeksprogramma meegenom contact india hel linie verder versterkt waarin india diplomatiek betrek vierd punt succesvoll deelnam hoekstra raisina dialog inkom staatsbezoek president kovind uitnod india indiaas voorzitterschap richt leidrad strategie samenwerk versterk samenwerk partner azie europes belang economisch politiek veiligheidsgebied beter behart belangrijkst mondial groeiregio samenwerk association south east asian nation asean verder versterkt trad toe southeast asia treaty amity cooperation stap strategisch partnerschap asean vond eerst top plat brussel waaran rut deelnam najar tild korea bezoek buitenland zak seoul bilateral relatie hoger plan vorm strategisch partnerschap afghanistan sprak verder verslechter situatie nam gebied vrouwenrecht international verband sterk ingezet bescherm mensenrecht land ondersteun bevolk doorgegan naslep evacuatie kaboel middel overbreng person daarvor aanmerk kwam ging person instabiliteit hoorn afrika nam begin verder toe voortdur conflict ethiopie diplomatiek inzet ethiopie nauw samensprak partner gericht lever oploss conflict soedan somalie process nieuw lev ingeblaz sahel onverminderd prioritair regio regio sprak toenem instabiliteit jihadistisch aanslag mensenrechtenschend grep burkina faso land trok troep terug twed kamer vergaderjar,"Colonial Exploitation, Slavery & Economic Inequality|Reparations and Remembrance|Modern & Everyday Racism",0.1228590233667902,"[0.04883866662436384, 0.11345902294021791, 0.016980410382068697]","[True, True, True]","[True, True, True]","[0.1228590233667902, 0.1228590233667902, 0.1228590233667902]","[1, 1, 1]",jaarverslag-buitenlandse-zaken-2022.15.txt__0
jaarverslag-szw-2022.259.txt,Policyarchive_text\jaarverslagen\2023\jaarverslag-szw-2022\jaarverslag-szw-2022.259.txt,2023,jaarverslag-szw-2022,0,kot kinderopvangtoeslag kpi key performanc indicator lav landelijk asbestvolgsystem lcr landelijk clientenrad lexces landelijk expertisecentrum stoffengerelateerd beroepsziekt liv lkk landelijk kwaliteitsmonitor kinderopvang lks loonkostensubsidie lkv loonkostenvoordel llo lev lang ontwikkel lrk landelijk register kinderopvang misbruik oneigen mbo middel beroepsonderwijs mckw mobiliteit centrum kolenket westhav maatwerkregel duurzam inzet eerder uittred mev verkenn mip meerjar investeringsprogramma mit maatschapp impact team mkb kleinbedrijf mln miljoen nba konink beroepsorganisatie accountant ncdr national coordinator discriminatie racism ngf national groeifond nhr nieuw handelsregister nibud national institut budgetvoorlicht nla arbeidsinspectie tijdelijk noodmaatregel overbrugg behoud werkgeleg nederland twed tal nvvk veren schuldhulpverlen nvw nota wijzig ontwikkelingsfond obr overbruggingsregel aow octas onafhank toekomst arbeidsongeschiktheidsstelsel ocw cultur wetenschap olaf europes bureau fraudebestrijd ops organo psycho syndrom ondernemingsrad ongevallenverzeker pbl planbureau leefomgev pgb persoonsgebond budget pgv stichting projectenbureau gezond plooi platform open overheidsinformatie pok parlementair ondervragingscommissie kinderopvangtoeslag pow perspectief werk psa psychosocial arbeidsbelast psg plaatsvervang pwri pensioenfond werk plafond rijksbegrot rbv rijksbegrotingsvoorschrift rcn rijksdienst unit social zak werkgeleg rhb rijkshoofdboekhoud toet rivm rijksinstitut volksgezond milieu rmt regional mobiliteitsteam twed kamer vergaderjar,Reparations and Remembrance|Modern & Everyday Racism,0.0877058019307029,"[0.0019916042359398225, 0.021055012233750704, 0.1100440623081656]","[False, True, True]","[False, True, True]","[0.0877058019307029, 0.0877058019307029, 0.0877058019307029]","[0, 1, 1]",jaarverslag-szw-2022.259.txt__0
jaarverslag-vws-2022.57.txt,Policyarchive_text\jaarverslagen\2023\jaarverslag-vws-2022\jaarverslag-vws-2022.57.txt,2023,jaarverslag-vws-2022,0,passend zorg betal wmo afgelop period lang lijn gewerkt passend ondersteun betal wmo eig huishoud hulp passend eig noodzak aanzuig werking huishoud hulp remm financiel druk bred zin verminder zorg ondersteun kader wmo beschik gewerkt voorbereid wetgev regeerakkoord verbeter professionel goed nerend noodzak kwaliteit passend steuning waarborg sneller verbeter duidelijker schrijving mee gev igj vng tsd gewerkt beleidskader via ketenbureau sociaal domein gewerkt satie uitvoer contracter ant hierdor process gemeent aanbieder eenduidiger eenvoudiger waardor tijd ontstat focus legg kwaliteit ondersteun onbeperkt meedoen beleidswijz aangegev aanpak programma onbeperkt meedoen period geevalueerd med basis evaluatie vervolgaanpak implementatie recht mens beperk hierna handicap period bepal evaluatie plaatsgevond kamerstuk evaluatie komt belangrijk stapp gezet gebied toegang inclusie volgen evaluatie belangrijk stapp gezet toenam toegank station verbeteraanpak passend aanpass wajong bouwregelgev ondank vel gang gezet blijkt evaluatie uitdag aangegev ontwikkel nodig thema open ruimt toegank mak sportgebouw bevorder liteit rijk thema zull komend stapp zet een hoofdconclusies evaluatie urgentie afgelop verhoogd thema inclusie toegank komend aangewakkerd hierbij nodig werk langer tijdshorizon echt effect crer specifiek aanbevel evaluatie organiser inzet ervaringsdeskund ontwikkel rond handicap inzet vergrot maatschapp bewustword langdur zorg sport coordiner bewindsperson handicap kabinet vervolgaanpak aangekondigd kamerstuk hierin aanbevel vanuit evaluatie vertaald vervolgaanpak omvat actielijn verkenn start inclusiepact diver maatschapp initiatiefnemer voortzet samenwerk gemeent bedrijfslev ment verbeter inzet ervaringsdeskund verder ontwikkel kennisstructur rondom handicap twed kamer vergaderjar xvi,"Colonial Exploitation, Slavery & Economic Inequality|Reparations and Remembrance|Modern & Everyday Racism",0.0997509336107632,"[0.00332211475108165, 0.004538608541773769, 0.02201243166517853]","[True, True, True]","[True, True, True]","[0.0997509336107632, 0.0997509336107632, 0.0997509336107632]","[1, 1, 1]",jaarverslag-vws-2022.57.txt__0
jaarverslag-koninkrijksrelaties-2022.35.txt,Policyarchive_text\jaarverslagen\2023\jaarverslag-koninkrijksrelaties-2022\jaarverslag-koninkrijksrelaties-2022.35.txt,2023,jaarverslag-koninkrijksrelaties-2022,0,budgettair gevolg budgettair gevolg bevorder sociaaleconomisch structur bedrag realisatie vastgesteld verschil verplicht uitgav curaçao maart aruba subsidies regel diver subsidies noodpakket national recovery program bureau coho opdracht opdracht land coho inkomensoverdracht toeslag pensioen tijdelijk werkorganisatie two medeover land onderwijshuisvest curaçao tijdelijk werkorganisatie two organisaties diver bijdrag subsidies regel subsidies international airport opdracht versterk uitvoeringskracht opdracht inkomensoverdracht pensioen uitker politiek ambtsdrager medeover sociaaleconomisch initiatiev versterk uitvoeringskracht agentschapp kennisoverdracht communicatie begrotingshoofdstuk kennisoverdracht communicatie ontvangst stand inclusief nota wijzig ontwerpbegrot kamerstuk twed kamer vergaderjar,Reparations and Remembrance,0.1149391542265381,"[0.0, 0.018795867142095305, 0.002064074186982741]","[False, True, False]","[False, True, False]","[0.1149391542265381, 0.1149391542265381, 0.1149391542265381]","[0, 1, 0]",jaarverslag-koninkrijksrelaties-2022.35.txt__0
beslisnota-bij-kamerbrief-uitvoering-motie-ellian-wijziging-ambtseed-rijksambtenaren.4.txt,Policyarchive_text\beleidsnotas\2023\beslisnota-bij-kamerbrief-uitvoering-motie-ellian-wijziging-ambtseed-rijksambtenaren\beslisnota-bij-kamerbrief-uitvoering-motie-ellian-wijziging-ambtseed-rijksambtenaren.4.txt,2023,beslisnota-bij-kamerbrief-uitvoering-motie-ellian-wijziging-ambtseed-rijksambtenaren,0,onz referentie datum rbj extra processtap tussengevoegd gevolg stuk extra lang cbj gan onvermeld geblev aangegev kamerbrief opgenom bekracht eed ongewijzigd aangezien gesprek kamer verwacht invoeringsdatum genoemd verband vereist wijzigingstraject per amvb overleg kamerbrief war mogelijk alternatief opnem begrip burger woord brief stan war verschil uitdruk gebracht ambtenar politici voorstel extra gev relatie democratisch rechtsstat grondwet verder akkoord concept kamerbrief tekstvoorstel procesvoorstel cbj sgo cbj aandacht gevraagd juridisch duiding scherpt tekst specifiek gevraagd juistheid begrip ambtsed relatie koninkrijk nederland land koninkrijk rijksambtenar dienst stat nederland werk inclusief ofwel eiland land koninkrijk aruba curaçao maart autonom eig reger eig grondwet staatsregel ambtsed rijksambtenar strekt direct land rijksambtenar werk gebied opdracht huidig ambtsed valt leid betreft verzoek sgo zin drag open wet vertrouw informatie geheim houd woord vervang woord aangezien gat tegenstell juist aanvull aanpass tekst betrek uitleg begripp algemen belang samenlev doorgevoerd rbj agender,Reparations and Remembrance|Modern & Everyday Racism,0.104640912985271,"[0.009037158471690388, 0.019856544845983717, 0.005172950822133543]","[False, True, True]","[False, True, True]","[0.104640912985271, 0.104640912985271, 0.104640912985271]","[0, 1, 1]",beslisnota-bij-kamerbrief-uitvoering-motie-ellian-wijziging-ambtseed-rijksambtenaren.4.txt__0
tk-beslisnota-bij-integriteits-en-anti-corruptiebeleid-caribisch-nederland.3.txt,Policyarchive_text\beleidsnotas\2023\tk-beslisnota-bij-integriteits-en-anti-corruptiebeleid-caribisch-nederland\tk-beslisnota-bij-integriteits-en-anti-corruptiebeleid-caribisch-nederland.3.txt,2023,tk-beslisnota-bij-integriteits-en-anti-corruptiebeleid-caribisch-nederland,0,rechtspleg rechtshandhav directie rechtshandhav criminaliteitsbestrijd datum kenmerk documentatiecentrum eerder genoemd aard oorzak ambtelijk corruptie gestart verwacht afgerond rad ded slot diver aanbevel betreff integriteitsbeleid binnenland zak koninkrijksrelaties verkiez zull bestur afsprak eiland geactualiseerd gesprek zull aanbevel rad nadruk meegenom uitsluit aandacht integriteitsbeleid juist integriteitsbeleid versterk goed weerbar bestur hierbij gelet aanwez uitvoeringskracht ondertuss integriteitsbeleid per eiland doorontwikkeld toegelicht kamerbrief politiek context aanbevel rad rak diver punt beleidsagenda juridisch overweg benodigd wetswijz themaverwerk ambtelijk omkop mogelijk mak betrok breder verzamelbesluit wijzig besluit politiegegeven zie hiervor krachtenveld twed beleidsreactie afgestemd justitie drc drb dvb deia dwjz binnenland zak koninkrijksrelaties vertegenwoordiger open licham rijksrecherch liaison justitie informatie open gemaakt persoonsgegeven ambtenar open ter bescherm person levenssfer,Reparations and Remembrance|Modern & Everyday Racism,0.0919866211007799,"[0.009720876717928782, 0.005539921819249855, 0.018307268548320908]","[False, True, True]","[False, True, True]","[0.0919866211007799, 0.0919866211007799, 0.0919866211007799]","[0, 1, 1]",tk-beslisnota-bij-integriteits-en-anti-corruptiebeleid-caribisch-nederland.3.txt__0
jaarverslag-ienw-2022.14.txt,Policyarchive_text\jaarverslagen\2023\jaarverslag-ienw-2022\jaarverslag-ienw-2022.14.txt,2023,jaarverslag-ienw-2022,0,uitgesteld onderhoud zichtbar kunstwerk nadert eind verwacht technisch levensdur overschred kunstwerk ontworp huidig omstand intensiever infrastructur waterstat werkt opgav var weg satiefas gestart renovatieproject zandkreeksluis zeeland hoofdwegennet gat gestart realisatiefas draaibrugg den oever afsluitdijk geluidscherm harderwijk daarnaast meerder planfases gestart object ijsselmeergebied ketelbrug ramspolbrug sluiz afsluitdijk diver sluiscomplex vlaketunnel dampoortaquaduct verkeersveil kabinet miljoen beschik gesteld ligheid verder verbeter twed kamer geinformeerd aanpak daaropvolg hierbij verdel gemaakt twee tranches tranch teerd snell uitvoer gemaakt inzicht integral mobiliteitsanalys tranch gekoz grootschal integral aanpak beperkt traject daarbij gemaakt inzicht ima arcadis fysiek daarnaast basis beschik middel waaronder miljoen bermmaatregel diver uitgevoerd afleid verker verhoogt risico ongeval hardnekk problem hiervor sterk social norm nodig zowel bestuurder vriend familie collega werkgever nieuw campagn nie app maakt infrastructur waterstat verzender bewust rol roept bestuurder telefon zet grot kilometer werkgever gered holder hard gewerkt operationalisatie central hierbij stat bewust onderweg reiz reist welk moment rij veilig verkeersveil daarmee verankerd cultur werkgever lift mee thema klimat goed werkgeverschap harber oproep gedan aandel werkgever actief werk maakt verdubbel kabinetsperiod duurzam personenvervoer invester duurzam vervoer versnell infrastructur waterstat hardgemaakt ambitieuz doelstell ling verorden licht voertuig alternativ fuel infrastructur regulation afir renewabl energy directiv iii red iii baarheid hernieuw brandstoff verbeter behaald war lang tijd inzet per emissievrij bestelauto markt gebracht daarnaast subsidieregel miljoen aangekondigd kamerstuk kamerstuk kamerstuk twed kamer vergaderjar xii,"Colonial Exploitation, Slavery & Economic Inequality|Reparations and Remembrance|Modern & Everyday Racism",0.08125,"[0.013765378751806766, 0.0031799083216766913, 0.01646200106164925]","[True, True, True]","[True, True, True]","[0.08125, 0.08125, 0.08125]","[1, 1, 1]",jaarverslag-ienw-2022.14.txt__0
afschrift-adviesaanvraag-cultuurbestel-van-de-toekomst.3.txt,Policyarchive_text\brieven\2023\afschrift-adviesaanvraag-cultuurbestel-van-de-toekomst\afschrift-adviesaanvraag-cultuurbestel-van-de-toekomst.3.txt,2023,afschrift-adviesaanvraag-cultuurbestel-van-de-toekomst,0,agina onz referentie zie merk smaakvoorkeur groep samenlev doorlop verander huidig naoorlog generatie ouder opgegroeid popcultur bekend aanbod demand doelgroep voorkeur generaties hen jonger zie voortdur wissel voorkeur ontstan vak sterk digital toepass gericht bestel anticiper dergelijk ontwikkel med oog verander afgelop rijk over stapp gezet zorg beter spreiding bereik culturel aanbod toekomst spreiding bereik culturel aanbod koninkrijk belangrijk vraagstuk benader verschill land medebestuurder hor som oog context waarbinn aanbod stand komt hierbij vind belangrijk verder kijk spreiding bestaand fysiek voorzien nieuw distributievorm digitaliser rol cultuurbred instell afgelop gemeent ontstan war meerder culturel functies samenkom bied wellicht mogelijk benut kans ziet vlak betekent bestel zie gebied kansrijk initiatiev moment projectmat ondersteund via privat fonds rijkscultuurfonds culturel lev koninkrijk verdient structurel ondersteun daarom aandacht belang cultur koninkrijk ontwikkel trend vlak kunstdisciplines werkwijz maker culturel instell kent rijk bred culturel creatief lev afgelop rijkscultuurfonds over ruimt gebod nieuw ontwikkel werkwijz ingeslag pad volg zie volgend vraagstuk instell maker disciplines genres minder mat uitmak huidig bestel ervar ongelijk moeilijk toegank speelveld verscheid meerstemm culturel aanbod zie grot goed verzoek adviser bereik open bestel zodat toekomst zowel ruimt gevestigd gevestigd opkom kunstdisciplines daarbij verschill groter sted rest land advies betrek gat talentontwikkel aandacht gesignaleerd klof amateur professionel maker verzoek daarbij oog hel ket starter talent gevestigd nam regional huishoudensprognos planbureau leefomgev pbl cbs lat zien ruim procent bevolk ouder procent vier grot sted vergrijsd kleiner gemeent neemt vergrijz komend toe land gat vergrijz echter sneller,Reparations and Remembrance|Modern & Everyday Racism,0.1035853609700679,"[0.008800190582263997, 0.012924279058329245, 0.12064875093353186]","[False, True, True]","[False, True, True]","[0.1035853609700679, 0.1035853609700679, 0.1035853609700679]","[0, 1, 1]",afschrift-adviesaanvraag-cultuurbestel-van-de-toekomst.3.txt__0
jaarverslag-vws-2022.120.txt,Policyarchive_text\jaarverslagen\2023\jaarverslag-vws-2022\jaarverslag-vws-2022.120.txt,2023,jaarverslag-vws-2022,0,daarnaast inhaalslag gemaakt betrek voer review review opdracht vws uitgevoerd adr inzicht krijg kwaliteit toereik instellingsaccountant afgegev controleverklar keling inricht zogenaamd subsidielab stat verder beschrev departemental check balances dieregel risicomanagement fraudemanagement begrip fraud bestat uniform definitie aangeslot waarnar rijksbegrotingsvoorschrift verwez opzet handel led management governanc belast person werknemer derd waarbij gemaakt misleid onrechtmat onwett voordel verkrijg hierbij gan zowel frauduleuz financiel geving alsok onterecht onttrek waard voorbeeld fraud manipuler financiel informatie waardor overeenstemm werkelijk diefstal geld goeder misbruik subsidies ongepast lat beinvloed inkoper waardor leverancierskeuz kom fraud levert integriteitsschend sprak vermoed integriteitsschend medewerker belang gemeld zodat hierover duidelijk verkreg eventuel integriteitsschend aangepakt meld belang duidelijk krijg specifiek geval generiek inzicht krijg kwetsbar hierop indien nodig beheersmaatregel nem vorm procedures voorlicht melding basis goed registratie noodzak intern extern verantwoord legg vastlegg melding geschiedt volgen uniform registratie vermoeden schending uri vindt uitsluit plat nator betrok concern icc wijz aard opvolg afdoen melding vastgelegd vastlegg opgenom registratie melding vermoeden integriteitschend kader fraud geregistreerd per nieuw meldprocedur vermoeden integriteitsschend vws hierna meldprocedur inwerk getred meldprocedur beschrev melding omgegan aanleid voornoemd meldprocedur matieblad integriteitsmeld leidinggev verschen matieblad bevat informatie meldprocedur benadrukt grot belang integriteit intern besprek mak gewerkt informatieblad medewerker model bedrijfsvoeringsparagraf algemen punt handreik melding integriteitsschend potentieel significant financiel gevolg rijk twed kamer vergaderjar xvi,"Colonial Exploitation, Slavery & Economic Inequality|Reparations and Remembrance|Modern & Everyday Racism",0.1457896174153888,"[0.021240373375238215, 0.0006225766327874001, 0.030514878915647296]","[True, True, True]","[True, True, True]","[0.1457896174153888, 0.1457896174153888, 0.1457896174153888]","[1, 1, 1]",jaarverslag-vws-2022.120.txt__0
openbaar-jaarverslag-mivd-2022.23.txt,Policyarchive_text\jaarverslagen\2023\openbaar-jaarverslag-mivd-2022\openbaar-jaarverslag-mivd-2022.23.txt,2023,openbaar-jaarverslag-mivd-2022,0,missie dreiging national politiek draagvlak land inzet factor invloed effectief optred eenheid central oogmerk tijdig volled informer militair commandant verantwoord besluitvormer relevant dreiging uitgan statelijk actor zogehet area responsibility gebied waarvor verantwoord aandachtsgebied mivd monitort teven ontstan conflict risico vorm veiligheidsbelang gat hierbij ring instabiliteit rond europa grensoverschrijd gevolg veiligheidssituatie krijgsmacht missiegebied oostflank russisch invasie oekrain verenigd stat beducht additionel europes brandhaard intermediat reserv forc eufor althea geactiveerd kwam overen status krijgt mit voorwaard voldoet ondank sterk retoriek zowel kroatisch zijd blev grootschal incident social onrust aanlop verkiez verwacht dreigend afscheid republika srpska national politiek komend dominer kosovo reger russisch invasie oekrain aangegrep transitie kosovo security forces kosovo armed forces zet toenader versnell vroeg kosovo lidmaatschap rad europa blef onrust onen aangekondigd ten aanzien kentekenplat leid eind begin hog oplop spanning significant diplomatiek druk zowel waarschijn verder gewelddad escalatie voorkom spanning pass trend waarbij subversiev activiteit toenem kosovar reger vanuit pristina kader aanpak corruptie georganiseerd misdad autoriteit probeert geld verwacht dergelijk spanning periodiek oplaai totdat kosovo servie kader dialog duurzam vergelijk kom president zelensky politiek international machtspositie russisch invasie oekrain versterk consolider med dankzij mediageniek optreden buitenland onophoud steunverzoek international partner zogenaamd rally round flag effect werk gevolg verbod partij feit berichtgev conflict gedomineerd reger united new politiek oppositie zer beperkt invloed oligarch afgelop drastisch ingeperkt merendel significant financiel verliez geled oorlog waardor politiek invloed gereduceerd merendel oekraien bevolk ondank tegenslag gelov oekraien overwinn geregistreerd vluchtel liep miljoen groei afgevlakt ondank onveil situatie onzeker verlop conflict twed kwartal toenam terugkeerder zichtbar escalatie russisch offensief nam massal inzet ballistisch raket kruisvluchtwapen drones oekraien civiel militair vooralsnog toenam vluchtel geleid militair veiligheidsdienst,"Colonial Exploitation, Slavery & Economic Inequality|Reparations and Remembrance|Modern & Everyday Racism",0.0809640904752736,"[0.019598361390217398, 0.01502723131627, 0.0074083887220193325]","[True, True, True]","[True, True, True]","[0.0809640904752736, 0.0809640904752736, 0.0809640904752736]","[1, 1, 1]",openbaar-jaarverslag-mivd-2022.23.txt__0
briefwisseling-ap-belastingdienst-deel-25.35.txt,Policyarchive_text\brieven\2023\briefwisseling-ap-belastingdienst-deel-25\briefwisseling-ap-belastingdienst-deel-25.35.txt,2023,briefwisseling-ap-belastingdienst-deel-25,0,segment mkb grot ondernem dergelijk benader ver ontwikkeld onderzocht vanuit handhav relevant doelgroep segment eruit zoud zien inning laatst schakel fiscal proces effectief optred echter noodzak inning planning handhavingsactiviteit vanaf begin mee nem evenzer belang inning sluit kennis belastingplicht breder handhav beschik via ketenaanpak invorder aanpak verder verbeterd integral aanpak vroegtijd signaler mak mogelijk beter stur beperk bedrag openstaand belastingschuld percentag onin optred belang sted uiteind effect toekomst gedrag burger ondernemer oog houd international aspect kom onz handhav sted vaker beeld segment maarok mkb particulier categorie zer vermog krijgt ihek aandacht via eenheid buitenland clo isvel informatie beschik handhav krijgt element international integral aandacht planning uitvoer activiteit uitbouw samenwerk buitenland qdministraties gezamen daarom uitermat belangrijk handhav stat bereik effect central corriger geblek onjuist daarom belang waarborg fot volgend ker herhaald aangebracht correctie verrek toekomst aangift balan handhav nodig daarmee aanpak gericht structurel gedragsverbeter aandachtspunt verminder nalevingstekort nem zorg hoger mat zeker juistheid votled kasstrom complianc map genoemd kwaliteit voorkant bevorder verbeter breng regelgev verder uitbouw vooringevuld aangift via toepass horizontal voer vooroverleg ontwikkel gecertificeerd softwar zorgdrag correct registratie belastingplicht laatst poort sluit mogelijk malafid ondernemer aanvrag btw nummer uitgangspunt burger ondernemer eig verantwoord nalev fiscal wetgev belastingdienst ondersteunt hen daarbij nalev gemak mogelijk mak daarbij gat gerechtvaardigd vertrouw degen slordig nalev corriger opgetred vroeg mogelijk stadium voorhen zet belastingdienst detecter opspor belastingplicht bewust verplicht nakom daarbij corriger segment pdb complianc map samengesteld complianc map mkb respectiev ontwikkel verwacht,"Colonial Exploitation, Slavery & Economic Inequality|Reparations and Remembrance|Modern & Everyday Racism",0.0908688222502242,"[0.006555315639528511, 0.007547595657922732, 0.0251397452927195]","[True, True, True]","[True, True, True]","[0.0908688222502242, 0.0908688222502242, 0.0908688222502242]","[1, 1, 1]",briefwisseling-ap-belastingdienst-deel-25.35.txt__0
jaarverslag-ienw-2022.292.txt,Policyarchive_text\jaarverslagen\2023\jaarverslag-ienw-2022\jaarverslag-ienw-2022.292.txt,2023,jaarverslag-ienw-2022,0,thema subthema typ afrond status aanbevel begrotingsartikel vliegtuig vliegtuigmotor brandstoff leefomgev duurzam central basis interview enquêtes workshop betrokken casuss airport energy hub uspac multimodal transport trajectory based operation geluidadaptief bouw belangrijkst barrières oplossingsricht innovatie kaart gebracht scheepvaart haven algemen scheepvaart haven beleidsdoorlicht scheepvaart haven lopend beleidsdoorlicht scheepvaart haven haven evaluatie nieuw loodsplichtregelgev afgerond betreft evaluatie nieuw loodsplichtregelgev inwerkingtred evaluatie geconcludeerd invoer nieuw loodsplichtregelgev algemen goed verlop hieran zowel regional bevoegd autoriteit registerloods sector geleverd daarbij aangegev invoer zeker tijdsdruk ervar med bepaald tak tijd gekost vooraf verwacht lucht geluid lucht verkenn aanvull houtstok rhdv lopend verkenn loopt nauw samengewerkt stakeholder med over verwacht zomer brief stur twed kamer vervolgproces geluid synthes beleidsdoorlicht geluid afgerond kamer gestuurd kabinetsreactie reactie toegezegd evaluaties opgenom sea duurzam circulair economie beleidsevaluatie loopt opgeleverd beleidsevaluatie regel groenproejct buitenland loopt opgeleverd plastic verkenn stimuler biogebaseerd plastic afgerond minimal biogebaseerd plastic tov fossiel mogelijk vormgegev stimuleringsmechanism lijkt renewabl energy directiv monitor plastic pact lopend monitor platic pact kamer gestuurd staatssecretaris stuurgroep gevraagd aandachtspunt voortgangscommissie pak adviesrout circulair economie kunststoff afgerond routekaart drie productgroep plastic verpak tuinbouwplastic plastic bouw acties voorgesteld gestuurd duurzam alternatiev geotextiel afgerond geeft geotextiel volgen huidig duurzaamst keuz geeft aanbevel microplastic integral nem zodra technisch mogelijk zonmw programma microplastic health loopt looptijd inzicht gev effect microplastic menselijk gezond kennisagenda microplastic rivm afgerond rivm brengt kennishiat kaart microplastic milieu aanbevel effect microplastic milieu twed kamer vergaderjar xii,Reparations and Remembrance|Modern & Everyday Racism,0.08794395358869,"[0.0, 0.0013090536012584425, 0.021631180623540597]","[False, True, True]","[False, True, True]","[0.08794395358869, 0.08794395358869, 0.08794395358869]","[0, 1, 1]",jaarverslag-ienw-2022.292.txt__0
jaarverslag-koninkrijksrelaties-2022.37.txt,Policyarchive_text\jaarverslagen\2023\jaarverslag-koninkrijksrelaties-2022\jaarverslag-koninkrijksrelaties-2022.37.txt,2023,jaarverslag-koninkrijksrelaties-2022,0,tijdelijk werkorganisatie two begrot budget two geraamd instrument zbo eerst suppletoir begrot budget verdeeld instrument opdracht subsidies bijdrag medeover apparaatsartikel begrot bzk medeover bijdrag land kader landspakket curaçao beschik gesteld curaçao individuel steun curaçao volled bedrag aangew invester scheepswerf bezit cdm holding bedrag infrastructur droogdok verbeterd schuld afgelost concurrentiepositie werf verbeterd werkgeleg behoud noodzak stapp afwegingskader individuel bedrijfssteun doorlop voordat curaçao verstrekt daarnaast uitbreid verbouw vreemdelingenbewar curaçao bijgedrag aruba zev bijstandsproject opgeleverd vastgesteld bijdrag kwam gereserveerd middel ondersteun aruba curaçao gevolg situatie venezuela kamerstuk onderwijshuisvest curaçao kader landspakket meerjar toegezegd onderhoud schoolgebouw curaçao hiervan beschik gesteld waarvan circa onderhoudswerkzam eerst schol gestart tijdelijk werkorganisatie two uitvoer hervorm ket aruba curaçao maart circa beschik gesteld voorbeeld hiervan invester transformatie belastingdienst maart invester enterpris resourc planning erp system maart invester moderniser dienst aruba bijdrag verbeter wetgevingsfunctie programma verbeter functie curaçao mln verschil realisatie vastgesteld begrot verklaard diver reallocaties plaatsgevond eerst twed suppletoir begrot inter national organisaties diver bijdrag betreft kleinprojectenfond vertegenwoord curaçao aruba maart hiermee klein eiland bekostigd twed kamer vergaderjar,"Colonial Exploitation, Slavery & Economic Inequality|Reparations and Remembrance|Modern & Everyday Racism",0.1068871856974504,"[0.007615166668657134, 0.020532472319679262, 0.0016769733932367947]","[True, True, True]","[True, True, True]","[0.1068871856974504, 0.1068871856974504, 0.1068871856974504]","[1, 1, 1]",jaarverslag-koninkrijksrelaties-2022.37.txt__0
financieel-jaarverslag-rijk-2022-bijlagen.22.txt,Policyarchive_text\jaarverslagen\2023\financieel-jaarverslag-rijk-2022-bijlagen\financieel-jaarverslag-rijk-2022-bijlagen.22.txt,2023,financieel-jaarverslag-rijk-2022-bijlagen,0,uitgavenplafond miljoen euro fjr verschil koninkrijksrelaties buitenland zak justitie binnenland zak cultur wetenschap national schuld transactiebasis financien defensie infrastructur waterstat economisch zak klimat social zak werkgeleg volksgezond welzijn sport buitenland handel ontwikkelingssamenwerk national groeifond mobiliteitsfond diergezondheidsfond aanvull post hgis international plafond geeft total international samenwerk hgis per begrotingshoofdstuk uitgav international samenwerk gecoordineerd buitenland zak verantwoord individuel begrot staand middel total per begrot onderan stat begrot netto begrot miljoen euro fjr verschil buitenland zak justitie binnenland zak koninkrijksrelaties cultur wetenschap financien defensie infrastructur waterstat economisch zak klimat landbouw natur voedselkwaliteit social zak werkgeleg volksgezond welzijn sport buitenland handel ontwikkelingssamenwerk algemen plafondrelevant hgis defensie buitenland handel ontwikkelingssamenwerk defensiematerieelbegrotingsfond hgis hgis twed kamer vergaderjar,Modern & Everyday Racism,0.0902893898143269,"[0.04246980968723532, 0.012409132772158007, 0.02441952475275046]","[False, False, True]","[False, False, True]","[0.0902893898143269, 0.0902893898143269, 0.0902893898143269]","[0, 0, 1]",financieel-jaarverslag-rijk-2022-bijlagen.22.txt__0
jaarverslag-ienw-2022.120.txt,Policyarchive_text\jaarverslagen\2023\jaarverslag-ienw-2022\jaarverslag-ienw-2022.120.txt,2023,jaarverslag-ienw-2022,0,uitvoer milieubeleid international algemen doelstell ienw zet international domein klimaatbestend duurzam infrastructur leefomgev agender ontwikkel international ment uitwissel kennis expertis crer draagvlak versterk marktkans zet ienw gericht international samenwerk over lev kennisinstell klimaatwer duurzam waterbeher slimm groen mobiliteit circulair economie buitenland versterk budgettair gevolg realisatie vastgesteld begrot verschil verplicht uitgav international coordinatie samenwerk ontvangst rol verantwoord regisser ienw regisseert inhoud lijn national inbreng ontwikkel europes mondial milieubeleid specifiek ienw verantwoord uitvoer ienw relevant agenda duurzam ontwikkel regie international aspect inclusief politiek optred vertegenwoord betreff national gremia daartoe hor milieurad unec oeso environment opstell uitdrag inzet international kader vaststell norm plafond vertal daarvan regelgev verdel ling sector national europes beleidscoordinatie gebied lietnavigatie satellietdata lietnavigatie international vindt grondslag specifiek roll verantwoord verschill beleidsterrein ienw betreff vermeld twed kamer vergaderjar xii,Modern & Everyday Racism,0.1071428571428571,"[0.00544224237701536, 0.021439484691876697, 0.006241039825962894]","[False, False, True]","[False, False, True]","[0.1071428571428571, 0.1071428571428571, 0.1071428571428571]","[0, 0, 1]",jaarverslag-ienw-2022.120.txt__0
jaarverslag-onderwijs-cultuur-wetenschap-2022.175.txt,Policyarchive_text\jaarverslagen\2023\jaarverslag-onderwijs-cultuur-wetenschap-2022\jaarverslag-onderwijs-cultuur-wetenschap-2022.175.txt,2023,jaarverslag-onderwijs-cultuur-wetenschap-2022,0,thema subthema typ afrond status volwassenenonderwijs vavo geschat procent hoger verwacht ruim bandbreedt procent procent welbevind motivatie zelfregulatie leerling coronapandemie afgerond bespreekt ervar coronapandemie gat welbevind motivatie ler blijkt leerling eind schooljar vrij positief welbevind onderbouw meest minst waarder dagelijk lev waarder dagelijk lev lager naarmat leerjar onderwijsniveau hoger onderzoeksrapport organisatorisch ondersteuningsbehoeft schol uitvoer national programma afgerond bevat bevind organisatorisch ondersteuningsbehoeft schol basisonderwijs voortgezet aanleid voortgangsrapportag national programma blijkt schol categorie vak aangev behoeft ondersteun schol categorie daarenteg gev schol vaker uitvoer druk stat wegen tekort personel welbevind motivatie zelfregulatie leerling coronapandemie afgerond bevat vragenlijst kader programma inhal achterstand basisonderwijs voortgezet blijkt leerling eind schooljar dagelijk lev waarder meest leerling redelijk tevred thuiswerkplek hulp thuisler leerijver leervertrouw worstel opbreng concentratie zeker onlineless mak huiswerk aanpassingsvaard implementatiemonitor national programma twed deelonderzoek funder afgerond implementatiemonitor volgt inzet budget schol blijkt merendel gekoz interventies momentel uitvoer schoolniveau bezien procent interventies uitvoer geldt procent procent over schol interventies start afgerond schoolleider algemen positief uitvoer plann meent procent zer goed lukt plann uitvoer breng procent procent implementatiemonitor national programma derd meting funder afgerond blikt terug uitvoer schooljar blijkt gemiddeld gekoz interventies per schol schooljar vijf interventies ligt acht interventies meest positiev ontwikkel interventies ervar welbevind leerling innovatie effectmet evaluatieonderzoek regel schoolkracht afgerond evaluatieonderzoek effectmet subsidieregel schoolkracht regel stimuler duurzam schoolontwikkel lerend cultur schol primair voortgezet blijkt subsidie schol grot rol speeld start uitvoer plann schol tijd ruimt focus gaf invull gev schoolontwikkel effectmet evaluatieonderzoek regel schoolkracht tussenrapportag eerst meting afgerond regel schoolkracht opgesteld kond schol primair voortgezet aanmeld looptijd subsidieregel evaluatieonderzoek effectmet uitgevoerd less trek blijkt betrok vernieuw gebruiksniveau centraliteit vernieuw indicator duurzam invoer ervan startmet zien schoolleider experiment twed kamer vergaderjar viii,Reparations and Remembrance|Modern & Everyday Racism,0.0806149582817698,"[0.006240871801973143, 0.01394570109874217, 0.006945841788455339]","[False, True, True]","[False, True, True]","[0.0806149582817698, 0.0806149582817698, 0.0806149582817698]","[0, 1, 1]",jaarverslag-onderwijs-cultuur-wetenschap-2022.175.txt__0
openbaar-jaarverslag-mivd-2022.25.txt,Policyarchive_text\jaarverslagen\2023\openbaar-jaarverslag-mivd-2022\openbaar-jaarverslag-mivd-2022.25.txt,2023,openbaar-jaarverslag-mivd-2022,0,veiligheidssituatie vel melding burgerslachtoffer jnim maakt propagandistisch gewelddad jihad implementatie sharia presenter enig oploss led burgerbevolk daarbij verspreidt jihadistisch geweld sted verder land rek aanslag legerbases direct nabij malines hoofdstad bamako volgen jnim gepleegd bloed burger wrek burkina faso lijk militair machthebber stat toenam jihadistisch geweld ker inmiddel reger grot land garander daarbij vooral zuid burkina faso springplank geword verder verspreid geweld richting land ivoorkust togo benin hoewel veiligheidssituatie niger ernstig buurland mali burkina faso zowel issp jnim actief vooral west daarnaast kampt niger jihadistisch geweld zuidoost land war islamic stat west africa provinc grensoverschrijd nigeria tsjad kameroen actief kijkend strategisch ontwikkel afrika komt vrij somber beeld vor laatst sprak toenam conflict afrika hangt del expansie jihadistisch organisaties geopolitiek domein langer tijd sprak toenem economisch politiek orientatie land waarbij vooral genoemd rol china rusland opvalt rusland manifesteert nadruk afrikan veiligheidsdomein hanteert hierbij antiwester agenda beid land prober middel activiteit informatiedomein beeldvorm zichzelf west beinvloed waarschijn groeiend invloed autocratisch land belang democratie mensenrecht afrika verder druk kom stan ontwikkel spel achtergrond aanzien economisch terugval gevolg coronapandemie ernstig verslechter humanitair situatie verschill regio problem verergerd explosiev groei bevolk gevolg klimaatverander toenem uitzichtlos vertaalt sterk toegenom wen emigrer nabur continent europa komend waarschijn gevolg ondervind inlichtingenondersteun missies ligt zwaartepunt irak war bijdraagt operation inherent resolv oir nato mission iraq nmi missie verlengd eind gezien schrijdend karakter activiteit isis ondersteun inzet bondgenot syrie gekek daarnaast mivd inlichtingenondersteun verleend missie maritim awarenes mission strait hormuz emasoh perzisch golf strat hormuz bijdrag kleiner missies inzet golan libanon geschiedt vorm dreigingsappreciaties focus personel missies isis afgelop isis irak syrie grot personel materiel verliez geled gevolg aanhoud druk verschill veiligheidstroep gesteund coalitie desondank isis beid land stat maandelijk enkel tientall aanslag pleg betrof vooral kleinschal aanslag eenvoud tactiek gericht veiligheidstroep burger lokal autoriteit aanvall vond nam plat koerd,"Colonial Exploitation, Slavery & Economic Inequality|Reparations and Remembrance|Modern & Everyday Racism",0.0913081729531204,"[0.030748505677982343, 0.006304206448874194, 0.008404181933465645]","[True, True, True]","[True, True, True]","[0.0913081729531204, 0.0913081729531204, 0.0913081729531204]","[1, 1, 1]",openbaar-jaarverslag-mivd-2022.25.txt__0
jaarverslag-vws-2022.124.txt,Policyarchive_text\jaarverslagen\2023\jaarverslag-vws-2022\jaarverslag-vws-2022.124.txt,2023,jaarverslag-vws-2022,0,over aspect bedrijfsvoer informatiebeveil verantwoordingsonderzoek constateerd onvoldo vooruitgang geboekt verder ontwikkel informatiebeveiligingsbeleid helder vastlegg tak woordelijk belangrijk gebied risicomanagement verder vormgev hieran zag verbeterpunt geleid handhav onvolkom informatiebeveil gebied vastlegg tak verantwoord belangrijk stapp gezet concern stijgend lijn zien volwass organisaties ingezet versterk besturingsvraagstuk vws saties ontwikkeld zelfstand gewaarborgd techniek mens process voortgezet verstevigd vws strategisch focus reducer problem voortvloei ransomwar versterk traject tak per verdel delijk concern niveau helder weergegev risicomanagement geword procesverander control verklar icv informatiebeveiligingsbeeld transitie icv menteerd tegelijkertijd ruimt verder ontwikkel beveil derhalv structurel gezocht samenwerk diver directies departement vws breedt lat groei gebied informatiebeveil strategisch oploss specifiek knelpunt positief vlindereffect ontstan aansluit hierop vws start gegan wijz waarop virtual security operation center vsoc evoluer central capaciteit vws concern capaciteit vws dreigingsanalyses effectiever verwerk optimaler vws concern verschill overheidsdienst vanuit vws concern volled inzicht risico per vws ciso concern gestopt central risicokaart bijhoud lijst liep pas registraties lifecyclemanagement lcm proces overbod geword nieuw ontwikkeld procedur central rond beeld vorm behulp nieuw werkwijz risico vws inzicht gemaakt concern niveau hiermee teven start gemaakt continu controler mat risico veilig beheerst lifecyclemanagement verantwoordingsonderzoek richt hoeverr vws voldoend grip lifecyl primair process risico bestaand gement onvolkom geregistreerd concernbred vakgroep lifecyclemanagement bedrijfskritisch applicaties opgenom central register gestart structurel inricht twed kamer vergaderjar xvi,"Colonial Exploitation, Slavery & Economic Inequality|Reparations and Remembrance|Modern & Everyday Racism",0.1009838606560194,"[0.007826382457164103, 0.0012823393775106533, 0.03259196287558377]","[True, True, True]","[True, True, True]","[0.1009838606560194, 0.1009838606560194, 0.1009838606560194]","[1, 1, 1]",jaarverslag-vws-2022.124.txt__0
jaarverslag-onderwijs-cultuur-wetenschap-2022.48.txt,Policyarchive_text\jaarverslagen\2023\jaarverslag-onderwijs-cultuur-wetenschap-2022\jaarverslag-onderwijs-cultuur-wetenschap-2022.48.txt,2023,jaarverslag-onderwijs-cultuur-wetenschap-2022,0,budgettair gevolg budgettair gevolg bedrag realisatie vastgesteld begrot verschil verplicht uitgav bekost hoofdbekost bekost primair bekost prestatiebox aanvull bekost aanpak lerarentekort aanvull bekost national programma subsidies regel regel onderwijsvoorzien jonggehandicapt nederland buitenland basis prester schol zet bèta techniek humanistisch vormend godsdienstonderwijs extra hulp klas schol omgev basisvaard over opdracht opdracht zelftest over agentschapp dienst uitvoer stichting vervangingsfond participatiefond uwv medeover gemeent onderwijsachterstandenbeleid aanvull goa convenant verhog taalniveau pedagogisch medewerker klein gemeent ventilatie schol scholenprogramma groning national programma spuk huisvest noodlocaties oekrain begrotingshoofdstuk bred schol twed kamer vergaderjar viii,Reparations and Remembrance|Modern & Everyday Racism,0.0842927230423524,"[0.0, 0.016681126970629734, 0.01463198624032203]","[False, True, True]","[False, True, True]","[0.0842927230423524, 0.0842927230423524, 0.0842927230423524]","[0, 1, 1]",jaarverslag-onderwijs-cultuur-wetenschap-2022.48.txt__0
jaarrapportage-bedrijfsvoering-rijk-2022.25.txt,Policyarchive_text\jaarverslagen\2023\jaarrapportage-bedrijfsvoering-rijk-2022\jaarrapportage-bedrijfsvoering-rijk-2022.25.txt,2023,jaarrapportage-bedrijfsvoering-rijk-2022,0,hal werkgever medewerker individuel afsprek vergt maatwerk tijdelijk regel werknemer leeftijd bereik inclusie social werkgever rijk vakbond volgend afsprak gemaakt social inclusie versterk komt pilot transitieverlof transgender pilot waarbij verlofsystem ruimt gecreeerd religieuz culturel achtergrond medewerker pilot leid aanpass volgend cao ministeries gan looptijd cao experimenter onafhank voorzien social denk ombudsfunctionaris personeelsraadgever ministeries eventuel kwesties hierdor ontstan doorzet ambtelijk hoogst niveau elk medewerker krijgt toegang onafhank integriteitscommissie medewerker rijk vanweg uitoefen functie betrok strafrecht procedur krijg juridisch ondersteun verduurzam cao daarnaast stapp gezet verder verduurzam rijk regel fiet zak aangepast stimuleert medewerker langer bestaand elektrisch fiet automatisch nieuw kiez medewerker vergoed inricht thuiswerkplek vanaf bested verduurzam woning hiermee stimuler medewerker invester energiebespar duurzam opwek vorm verduurzam privewon grot medewerker rijk hybrid werkt ligt verantwoord gedur looptijd cao start rijk vakbond drie pilot verder verduurzam arbeidsvoorwaard stimuler medewerker werkgever ideeen aandrag bedoel stapp verduurzam zet verder gan huidig cao rijk wendbar flexibel medewerker maatschapp opgav rijk realiser wendbar opgavegericht werk complexiteit omvang grensoverstijg opgav toegenom verwacht daarom medewerker meebeweg verander behoeft waarmee rijk aanrak komt daarbij goed balan stabiliteit capaciteit regulier werkzam flexibiliteit capaciteit rijk bred opgav net eerder toond rijk hog mat biliteit wendbar coronacrisis oorlog oekrain leid som noodgedwong verschuiv werk kwam wegvall capaciteit prioriteit extra ander werk rijksbred rondom flexconcept detacher vastgesteld flexibel inzet personel capaciteit structurel verbeter detacher richt vooral jaarrapportag bedrijfsvoer rijk,"Colonial Exploitation, Slavery & Economic Inequality|Reparations and Remembrance|Modern & Everyday Racism",0.0940652074579828,"[0.0044266165747389435, 0.0035833183235935867, 0.06701719217621105]","[True, True, True]","[True, True, True]","[0.0940652074579828, 0.0940652074579828, 0.0940652074579828]","[1, 1, 1]",jaarrapportage-bedrijfsvoering-rijk-2022.25.txt__0
jaarverslag-financien-2022.117.txt,Policyarchive_text\jaarverslagen\2023\jaarverslag-financien-2022\jaarverslag-financien-2022.117.txt,2023,jaarverslag-financien-2022,0,losgelat per belastingplan twee termaatregel opgenom ten aanzien aansprak toeslag indien partner woont uitzonder toeslagpartnerbegrip person noodopvang toeslag knelpunt signaler proactief agender richting opdrachtgever stand uitvoer beschrev mogelijk ander toeslagenstelsel nader uitgewerkt scenariostudie vormgev kindvoorzien svk portag alternatiev toeslagenstelsel kabinetsreactie parlementair ondervragingscommissie toeslag pok kabinet aangegev problem huidig toeslagenstelsel huidig stelsel opgelost toe ander stelsel kabinet aangegev termijn verantwoord financier kinderopvang volled ouder gelegd hiermee vervall complex voorwaard hen toeslag uitvoeringsgevolg verschill variant beeld gebracht daarmee bereidt toeslag goed mogelijk mogelijk verander opdracht social zak werkgeleg szw gedan potentiel uitvoerder nieuw financieringsstelsel kinderopvang dienst toeslag constructief meegedacht basis advies beslot zogenoemd greenfieldtraject start waarbinn szw uitvoeringsorganisaties duo dienst toeslag svb uwv sector nieuw kinderopvangstelsel ontwerp toeslag actief inzicht ingebracht opstart uitvoer traject kader motie lodder weyenberg kabinetsreactie pok gekek oploss knelpunt huidig stelsel verbeter uitvoer dienstverlen huidig stelsel verbeter mogelijk zowel vereenvoud grondslag beter dienstverlen ruimt maatwerk toe werk stelsel zeker voorspel biedt waarbij problematisch schuld zovel mogelijk voorkom kader verbetertraject huurtoeslag beoogd huurder brancheorganisaties binnenland zak woningcorporaties bijeenkomst input hal tertraject verbetertraject kinderopvangtoeslag periodiek panelbijeenkomst georganiseerd war dienst toeslag social zak werkgeleg aanschov twed kamer vergaderjar,Reparations and Remembrance|Modern & Everyday Racism,0.0828236445561349,"[0.002451274728405679, 0.0022570378210882746, 0.014223760120886723]","[False, True, True]","[False, True, True]","[0.0828236445561349, 0.0828236445561349, 0.0828236445561349]","[0, 1, 1]",jaarverslag-financien-2022.117.txt__0
financieel-jaarverslag-rijk-2022.75.txt,Policyarchive_text\jaarverslagen\2023\financieel-jaarverslag-rijk-2022\financieel-jaarverslag-rijk-2022.75.txt,2023,financieel-jaarverslag-rijk-2022,0,verder gehel nieuw handboek financiel informatie administratie hafir toegevoegd visualisaties geplaatst achterkant gewerkt impul datakwaliteit stond tek afsluit evaluatie doorontwikkel evaluatie kwam vor doelgroep financiel professional goed bediend gebruik sit snel budget stuk zoek begrotingsproces echter behoeft context duiding thematisch dwarsdoorsnedes hierop komend nieuw volop ingezet programma toekomst financiel administratie tfa programma toekomst financiel administratie tfa begonn formuler afstemm interdepartemental gedrag toekomstvisie financiel administratie vervolgen initiatiefas begonn verwezen visie hulp financial traines hiertoe via pilot verkenn uitgevoerd gericht crer opstell cloudkader adviser samenwerk waard rijk gehel verkenn programmaplan kom tussentijd blijkt belang departement gericht gan samenwerk gebied financieel beher verstev daarnaast aandacht uitgan robotica tijd personeelstekort werkdruk verlicht cloudkader nodig departement financieel system vervang marktontwikkel will volg cloud ambitieuz interdepartemental verandertraject kom middellang termijn voort gericht eenduid taxonomie informatiestrom levert blauwdruk financiel administratie basis architectuurprincipes daarnaast gat programma tfa slag data analys huidig werk verbeter bouwblok crer datagedrev werk digital koppel begrotingsgegeven wit stuk verder gewerkt automatiser budgettair begrot jaarverslag gebeurt basis koppel interdepartemental budgettair overleg system ibos hiermee wit stuk begrotingsbeheersystem digital auteursomgev direct gekoppeld basis linked data vermindert bewerk foutgevoel opstell wit stuk verwacht koppel genom rechtmatigheidsdashboard verder gewerkt ontwikkel rijksbred digital rechtmatigheidsdashboard stelt departement stat rapporter henzelf geconstateerd onrechtmat lopend begrotingsjar rechtmatigheidsdashboard biedt departement inzicht basis waarvan treff control begrotingsuitvoer twed kamer vergaderjar,"Colonial Exploitation, Slavery & Economic Inequality|Reparations and Remembrance|Modern & Everyday Racism",0.081348921681996,"[0.008614634793536677, 0.0011641216524604047, 0.01722687634962172]","[True, True, True]","[True, True, True]","[0.081348921681996, 0.081348921681996, 0.081348921681996]","[1, 1, 1]",financieel-jaarverslag-rijk-2022.75.txt__0
jaarplan-2023-kustwacht-caribisch-gebied.4.txt,Policyarchive_text\jaarplannen\2023\jaarplan-2023-kustwacht-caribisch-gebied\jaarplan-2023-kustwacht-caribisch-gebied.4.txt,2023,jaarplan-2023-kustwacht-caribisch-gebied,0,kustwacht koninkrijk nederland gebied jaarplan jaarplan zet uiten kustwacht tak uitvoert daarin accent teven geeft inzicht samenhang lang termijn plan materieel lang termijn plan personel vervaard jaarplan verplicht rijkswet presidium kustwachtcommissie belast afstemm hoofdlijn beher middel kustwacht kustwachtcommissie bereidt basis daarvan beleidsplan operationel jaarplan begrot jaarverslag jaarlijk financiel verantwoord kustwacht kustwachtcommissie stemt hierbij kustwacht betrok ministeries vier land koninkrijk conform rijksministerrad stelt jaarplan vast conform rijkswet kustwacht jaarplan daarmee overleg besluitvorm vier land aruba curaçao maart koninkrijk nederland algemen algemen zak president algemen zak president binnenland zak defensie justitie social zak justitie buitenland zak financien cultur financien volkshuisvest ruimtelijk orden milieu infrastructur infrastructur waterstat transport integriteit natur ouderenzak verker vervoer ruimtelijk planning toerism economisch zak verker telecommunicatie economisch zak klimat gezond milieu natur kustwacht betrok ministeries koninkrijk jaarplan beschouwt allereerst meest actuel invloedrijk omgevingsfactor werkveld kustwacht med bepal gat algemen kader kustwacht missie visie strategie geeft duiding prioriteitstell kustwacht zet vervolgen plann uiten operationel personel materieel kwaliteit communicatie gebied financiel dekking jaarplan weergegev begrot vind over beschrijv algemen tak middel samenwerk jaarplan beschrijft plann financieel gedekt begrot kustwacht separat over ambities beschrev daarmee biedt kustwacht inzicht mogelijk concret plann komend onderzocht effect consequenties evident termijn keuzes vergt tak middel formel stat plan bekend lang termijn plan ltp totstandkom leesbar onderscheid gemaakt rijkswet houdend regel tak bevoegd evenal beher kustwacht antill aruba rijkswet kustwacht aruba curaçao maart evenal open licham geldend algemen zak vertegenwoordigt teven ministeries aruba deelbetrok kustwacht zitting presidium kustwachtcommissie binnenland zak koninkrijksrelaties informeert overlegt ministeries deelbetrok kustwacht zitting presidium kustwachtcommissie justitie vertegenwoordigt teven ministeries curaçao deelbetrok kustwacht zitting presidium kustwachtcommissie justitie vertegenwoordigt teven ministeries maart deelbetrok kustwacht zitting presidium kustwachtcommissie,"Colonial Exploitation, Slavery & Economic Inequality|Reparations and Remembrance|Modern & Everyday Racism",0.0915079363888473,"[0.005830968156163923, 0.01602072936652979, 0.013321283945291598]","[True, True, True]","[True, True, True]","[0.0915079363888473, 0.0915079363888473, 0.0915079363888473]","[1, 1, 1]",jaarplan-2023-kustwacht-caribisch-gebied.4.txt__0
jaarverslag-buitenlandse-zaken-2022.105.txt,Policyarchive_text\jaarverslagen\2023\jaarverslag-buitenlandse-zaken-2022\jaarverslag-buitenlandse-zaken-2022.105.txt,2023,jaarverslag-buitenlandse-zaken-2022,0,lijst afkort lijst afkort adr auditdienst rijk aiv adviesrad international vraagstuk autoriteit persoonsgegeven algemen rekenkamer asean association south east asian nation att arm trad treaty avg algemen verorden gegevensbescherm bhos buitenland handel ontwikkelingssamenwerk bit bureau bni bruto national inkom buitenland zak cavv advies inzak volkenrecht vraagstuk cdi coordiner directeur inkop celac community latin american caribbean states ctbt alomvat kernstopverdrag comptabiliteitswet dab draft amend budget dcc departemental crisiscoordinatie centrum dhf directie huisvest facilitair zak drc democratisch republiek congo dtia data transfer impact assessment diversity inclusion ecm expertisecentrum malversaties eer europes economisch ruimt ehrm europes hof recht men eof europes ontwikkelingsfond epf europes vredesfaciliteit europes rad europes unie fbb feministisch buitenlandbeleid fez directie zak fobo front offic back offic gbvs geintegreerd veiligheidsstrategie grc governanc risk management complianc government government hbbz handboek bedrijfsvoer buitenland zak hdpo hoofddirectie personel hgis homog international samenwerk hvp veerkrachtplann hram adviseur medewerker iaea international atoomenergie agentschap informatiebeveil icao international burgerluchtvaartorganisatie icb international cultuurbeleid icc international strafhof idi directie informatievoorzien digital innovatie ihh informatiehuishoud international iob directie international beleidsevaluatie ipndv international partnership nuclear disarmament verification isb signaler begeleid kitlv konink institut volkenkund twed kamer vergaderjar,"Colonial Exploitation, Slavery & Economic Inequality|Reparations and Remembrance|Modern & Everyday Racism",0.0804679798767224,"[0.02147483142254668, 0.011897902726210958, 0.016926645857708172]","[True, True, True]","[True, True, True]","[0.0804679798767224, 0.0804679798767224, 0.0804679798767224]","[1, 1, 1]",jaarverslag-buitenlandse-zaken-2022.105.txt__0
tk-beslisnota-veiligheidsstrategie-voor-het-koninkrijk-voor-het-nederlanden.1.txt,Policyarchive_text\beleidsnotas\2023\tk-beslisnota-veiligheidsstrategie-voor-het-koninkrijk-voor-het-nederlanden\tk-beslisnota-veiligheidsstrategie-voor-het-koninkrijk-voor-het-nederlanden.1.txt,2023,tk-beslisnota-veiligheidsstrategie-voor-het-koninkrijk-voor-het-nederlanden,0,justitie veiligheidsstrategie koninkrijk nederland aanleid veiligheidsstrategie koninkrijk nederland hierna strategie kabinet basis legg toekomst waarin weerbar voorbereid dreiging onz national strategie voegt geintegreerd veiligheidsstrategie national strategie samenvoeg conform aanbevel wrr wereld verbind aanbevol verbind intern binnenland extern buitenland veiligheidsbeleid versterk national international veiligheidsstrategie voeg geadviseerd besluit grag akkoord bijgaand strategie grag akkoord aanbiedingsbrief namen buitenland zak uzelf twed kamer verstur maandag akkoord rijksministerrad vrijdag grag akkoord onafhank analys gevolg russisch oorlog oekrain national koninkrijk nederland focus europes opgesteld analistennetwerk national gelijktijd twed kamer bied evenal bevind justitie werking national veiligheidsstrategie kernpunt strategie zet uiten komend zes gan onz national bescherm toont national veiligheidsbelang will bescherm belang moment bedreigd wijz dreiging hoofd bied koer concret uitgevoerd komt stan datum kenmerk,"Colonial Exploitation, Slavery & Economic Inequality|Modern & Everyday Racism",0.1002229657171591,"[0.0015172275088365299, 0.03417961720586685, 0.009735570325662796]","[True, False, True]","[True, False, True]","[0.1002229657171591, 0.1002229657171591, 0.1002229657171591]","[1, 0, 1]",tk-beslisnota-veiligheidsstrategie-voor-het-koninkrijk-voor-het-nederlanden.1.txt__0
jaarverslag-lnv-2022.205.txt,Policyarchive_text\jaarverslagen\2023\jaarverslag-lnv-2022\jaarverslag-lnv-2022.205.txt,2023,jaarverslag-lnv-2022,0,uitbreid actiev openbaarmak beslisnota uitbreid actiev openbaarmak beslisnota volled geimplementeerd waardor categorieen kamerstuk bijbehor beslisnota open gemaakt actiev openbaarmak categorieen woo analys gedan status eerst categorieen verplicht open gemaakt vanaf hierin nodig qua proces openbaarmak eerst ervar verkenn proactiev openbaarmak vanuit stikstof stuk besluitvorm proactief open gemaakt evaluaties uitgevoerd intern extern impact manier openbaarmak vanuit ervar geluid politiek samenlev openbaarmak eerst verkenn gestart proactief open mak informatie vanuit lnv kamerstukkenmodul gemaakt kamerstukkenmodul kamerbriev beslisnota eerst kamer twed kamer stur tegelijkertijd lnv ezk meest geavanceerd gebruiker system passiev openbaarmak passiev openbaarmak openbaarmak informatie aanleid hierin meest bekend vorm vanuit integral aanpak lag focus terugdr afhandelingstermijn volgend activiteit uitgevoerd gerealiseerd terugbreng afhandeltermijn middel integral optimalisatietraject gewerkt procesoptimalisaties ondersteun tooling zie hierbov extra capaciteit zie hieronder accurat informatie hal knelpunt proces afhandel workshop georganiseerd bred vertegenwoord hieruit terthema gedefinieerd war vervolg gev inzag basis strikt voorwaard list wetenschapper inzag krijg ongelakt document inzag plaatsgevond kwantum dossier journalist bevind vorm input ontwikkel uitvoer contactperson woo eerst ervar contactperson woo opgedan laagdrempel contact burger journalist overheidsinformatie basis hiervan kijk rol contactperson woo nader vorm gev onz overkoepel inspann bovenstaand activiteit werk overkoepel kwantitatiev informatie woo gedeeld jaarrapportag bedrijfsvoer rijk kwantitatiev detail verzoek ander woo verwijz burgercorrespondentie jaarverslag twed kamer vergaderjar xiv,Reparations and Remembrance|Modern & Everyday Racism,0.0874817765279706,"[0.008631633888754873, 0.004350646283166383, 0.02785658802558118]","[False, True, True]","[False, True, True]","[0.0874817765279706, 0.0874817765279706, 0.0874817765279706]","[0, 1, 1]",jaarverslag-lnv-2022.205.txt__0
jaarverslag-szw-2022.55.txt,Policyarchive_text\jaarverslagen\2023\jaarverslag-szw-2022\jaarverslag-szw-2022.55.txt,2023,jaarverslag-szw-2022,0,bijstand participatiewet toeslagenwet algemen doelstell ondersteunt vind werk biedt steuning aangepast arbeid hen nodig werk eerst plat belang betrok werk zorgt economisch financiel digheid draagt gevoel eigenwaard biedt kans volop mee samenlev streeft transparant activer sociaal zekerheidsstelsel mens enerzijd ondersteunt prikkelt wer werk gan hen anderzijd zeker biedt adequaat vangnet echt nodig mens verantwoord eig inkom voorzien nem daartoe initiatief vind werk eig kracht lukt helpt hierbij ondersteun beschut werk bied mens tijdelijk eig levensonderhoud voorzien biedt sociaal vangnet vorm bijstand daarbij streeft ernar loket war uitkeringsgerechtigd mee mak beperk biedt inwoner war nodig tieondersteun inkomensondersteun grond standsregel rol verantwoord systeemverantwoord kader stimuleert vind werk middel beschik stell gemeent ten behoev social ziening loonkostensubsidies financiert inkomensondersteun loonkostensubsidies verantwoord vormgev onderhoud werking stelsel regelgev vaststell hoogt algemen bijstandsniveaus ter beschik stell verdel middel gemeent inkomensvoorzien loonkostensubsidies vanuit participatiewet waarin begrep ioaw ioaz algemen bijstand zelfstand ter beschik stell verdel middel gemeent uitvoer besluit bijstandverlen dig houd systeemtoezicht toepass interbestur toezichtinstrument indien medeover ernstig wijz onrechtmat handel nalat rechtmat handel verzamel informatie landelijk geaggregeerd niveau beoordel system werkt wanner vorm aanpass system wenselijk twed kamer vergaderjar,"Colonial Exploitation, Slavery & Economic Inequality|Reparations and Remembrance|Modern & Everyday Racism",0.0908738934795303,"[0.039607902431228824, 0.002531308783381284, 0.014543702418402322]","[True, True, True]","[True, True, True]","[0.0908738934795303, 0.0908738934795303, 0.0908738934795303]","[1, 1, 1]",jaarverslag-szw-2022.55.txt__0
jaarverslag-lnv-2022.141.txt,Policyarchive_text\jaarverslagen\2023\jaarverslag-lnv-2022\jaarverslag-lnv-2022.141.txt,2023,jaarverslag-lnv-2022,0,verzoekt reger juridisch analys onafhank expert rechtmat kap sterrebos parlementair agenda tmd natur onderhand verzoekt reger aantrek vrijwill stoppersregel ontwikkel drempel fiscaliteit mogelijk weg nem alsok mogelijk verplaats agrarisch ondernemer beschik innovatiemog beweg breng verzoekt reger behaald emissiereductie ruim inzet ten goed lat kom natuurherstel middel registratie via stikstofbank vrij gev duurzam economie bouw landbouw bijzonder parlementair agenda tmd hoofdlijnendebat lnv onderhand verzoekt reger positie boer gebiedsprocess dusdan borg zowel praktisch gebruikmak juist ondersteun deelnem gebiedsprocess kamer hierover informer presentatie national programma landelijk gebied parlementair agenda tmd hoofdlijnendebat lnv onderhand verzoekt reger stikstofdoel snel mogelijk uiter eerst helft wet natuurbescherm omgevingswet vast legg parlementair agenda tmd hoofdlijnendebat lnv twed kamer nader geinformeerd wetsvoorstel waarin motie betrok uitgaand brief voortgang integral aanpak landelijk gebied nplg wetsvoorstel verwacht eerst helft ingedi twed kamer verzoekt reger uitdaagrecht gebiedsgericht aanpak opgenom zodat agrarisch natuurbeher eig bezit extensiver omschakel innovatie legaliser verplaats volwaard opties gelang opgav gebied parlementair agenda tmd hoofdlijnendebat lnv onderhand verzoekt reger mogelijk satelliet toe pass aanvull bestaand techniek parlementair agenda tmd landbouw klimat voedsel onderhand stand zak motie kamer gestuurd kamerstuk verzoekt reger rol spel opzet herstelproject verdroogd natuurgebied samenwerk land trekrout parlementair agenda tmd visserijrad onderhand verzoekt reger rad spann vasthoud vastgesteld hoevel kwantificer controles ontbossingsverorden product soort risicoland bepleit europa parlementair agenda tmd milieurad onderhand verzoekt landbouw stikstof werkbezoek breng agrarier duit gren won vervolgen kamer eind zomer voorstell verschill gren klein mogelijk gemaakt parlementair agenda stikstofdebat onderhand werkbezoek afgelegd brief stand zak moties toezegg inzak landelijk gebied stikstof gat kabinet nader stapp gezet buurland verschill land beter verklar war mogelijk verklein twed kamer genoemd stapp nader geinformeerd twed kamer vergaderjar xiv,"Colonial Exploitation, Slavery & Economic Inequality|Reparations and Remembrance|Modern & Everyday Racism",0.0814256531217365,"[0.020574336325106073, 0.003938852551680154, 0.010116842424924187]","[True, True, True]","[True, True, True]","[0.0814256531217365, 0.0814256531217365, 0.0814256531217365]","[1, 1, 1]",jaarverslag-lnv-2022.141.txt__0
financieel-jaarverslag-rijk-2022-bijlagen.40.txt,Policyarchive_text\jaarverslagen\2023\financieel-jaarverslag-rijk-2022-bijlagen\financieel-jaarverslag-rijk-2022-bijlagen.40.txt,2023,financieel-jaarverslag-rijk-2022-bijlagen,0,uitgavenontvangst uitgavenontvangst omschrijv xvii garanties nio subtotal regulier garanties achterborgstell risico garantieregel stat rijk indirect blot risico achterborgstell gevall daadwerk garantieverplicht afgegev rijk daarvor aangewez tussenperson vorm stichting begrot betreff vakdepartement achterborgstell daarom verplicht opgenom rijk pas aangesprok zodra tussenperson verplicht voldoen stelling opgenom risico achterborgstell een een vergelijk risico garantieregel aangezien risico meerder partij gespreid per stelling verschill mogelijk eventuel schad dek waarborgfond social woningbouw wsw beschikt vermog daarnaast indien nodig obligo ophal deelnem woningcorporaties ter hoogt miljard euro gecommitteerd obligo wsw beroep wanner noodzak middel liquid vorm beschik voortvloei risicovermog relatie geborgd verplicht corporaties financiel problem bepaald voorwaard aanvrag saneringssteun saneringssteun bekostigd via heffing corporaties middel lop via ziening begrot binnenland zak koninkrijksrelaties woningcorporaties basis wet verplicht heffing betal financiel problem corporaties eerst instantie betaald corporatiesector via fondsvermog wsw obligo saneringsheff pas daarna kom rijk gemeent beeld via achtervang achtervang eerder aangesprok stichting waarborgfond zorg wfz kent soortgelijk regel eerst bufferkapital stichting aangesprok schad dek daarna zorginstell wfz geborgd lening percentag maximal procent uitstaand garanties deelnem zorginstell leningenbedrag afdrag obligo mocht onvoldo verplicht wfz kom wfz beroep rijk waarborgfond eig woning wew geldt plichting huiz onderpand waardor schad beperkt eventuel restschuld gedwong verkop wew teert verlies direct bufferkapital daarnaast twee borgstell risico gedeeld gemeent ting wew aangegan procent gedekt gemeent procent rijk verplicht aangegan datum volled rijk gedekt wsw gehel positie gelijk gemeent gedeeld twed kamer vergaderjar,"Colonial Exploitation, Slavery & Economic Inequality|Reparations and Remembrance|Modern & Everyday Racism",0.0868659421522913,"[0.012329307195942382, 0.0005339863649172934, 0.017447285003829915]","[True, True, True]","[True, True, True]","[0.0868659421522913, 0.0868659421522913, 0.0868659421522913]","[1, 1, 1]",financieel-jaarverslag-rijk-2022-bijlagen.40.txt__0
jaarverslag-hoge-colleges-van-staat-2022.38.txt,Policyarchive_text\jaarverslagen\2023\jaarverslag-hoge-colleges-van-staat-2022\jaarverslag-hoge-colleges-van-staat-2022.38.txt,2023,jaarverslag-hoge-colleges-van-staat-2022,0,bedrijfsvoeringsparagraf bedrijfsvoeringsparagraf rad stat uitzonderingsrapportag rechtmat tolerantiegrenz rechtmat overschred sprak getrouw weergav totstandkom verantwoordingsinformatie bijzonder meld begrotingsbeher financieel beher materiel bedrijfsvoer verantwoordingsonderzoek algemen rekenkamer betrek informatiebeveil rad stat onvolkom geconstateerd daaran gekoppeld algemen rekenkamer aanbevel gedan rad stat ingespann volg daarbij vorder gemaakt organisatorisch getroff functies toezien informatiebeveil voldoend borg plan aanpak opgesteld fases tiebeveil niveau breng plan uitvoer geldend veiligingsbeleid vernieuw extra capaciteit ten behoev verbeter toe kenn eind rad stat geconstateerd inspann geleid verbeterd borging nieuw beveiligingsmaatregel waarbij veling algemen rekenkamer opgevolgd teerd hoewel wettelijk verplicht streeft rad stat ernar informatiebeveil voldoen norm baselin informatiebeveil bio belangrijkst materiel corruptierisico genom rad stat kent risicomanagementbeleid ten behoev identificatie analys evaluatie risico gezien aard tak rad stat genom kent rad stat lag med uitgevoerd intern control gemonitord beheersingsmaatregel ver doorgevoerd scheiding ontvangstenproces over aspect bedrijfsvoer bijzonder meld rijksbred bedrijfsvoeringsonderwerp misbruik oneigen rad stat regel vall kader misbruik oneigen grot lopend rad stat valt rapportageplicht grot twed kamer vergaderjar iib,Reparations and Remembrance|Modern & Everyday Racism,0.0851594072659759,"[0.03578573875775344, 0.0007155672068206748, 0.004597925378892837]","[False, True, True]","[False, True, True]","[0.0851594072659759, 0.0851594072659759, 0.0851594072659759]","[0, 1, 1]",jaarverslag-hoge-colleges-van-staat-2022.38.txt__0
derde-advies-platform-perspectief-jongeren.1.txt,Policyarchive_text\brieven\2023\derde-advies-platform-perspectief-jongeren\derde-advies-platform-perspectief-jongeren.1.txt,2023,derde-advies-platform-perspectief-jongeren,0,derd advies platform perspectief jonger geacht wiersma dijkgraf platform perspectief jonger ppj biedt grag derd advies keuzes bested national programma maatschapp begeleidingscommissie onz opdracht relevant maatschapp ontwikkel signaler inzicht gev wijz waarop aansluit behoeft ontvanger geld biedt knelpunt war mee mak richt eerst plat positiev negatiev ervar dagelijk onderwijspraktijk schol onderwijsinstell vraagstuk samenkom lev jong mens spel leerprestaties welzijn beinvloed led ppj werkzam gebied jeugd hal werk signal voorligg advies richt mental welzijn jonger middel hoger beroepsonderwijs mbo hbo wetenschapp geblek namelijk aandacht mental welzijn kader zorg problematiek dusver wegnem aanbevel kom ppj literatur geraadpleegd gesprek gevoerd bestuurder medewerker waaronder docent onderwijsinstell vertegenwoordiger onderwijskoepel jonger basis hiervan schetst ppj beeld adviseert impact programma borg positiev ontwikkel programma middel beroepsonderwijs mbo hoger hbo gang gezet kort terugblik vorig adviez hoofdboodschap derd advies eerst advies ppj klemmend beroep gedan kabinet onderwijspraktijk randvoorwaard ord mak cruciaal potentieel positiev effect invester via daarbij richt bijzonder belang goed binnenklimat veilig schoolomgev crer aanpak lerarentekort kleiner flexibel groepsindel leerling tijd aandacht gev twed advies ppj aandacht gevraagd belang herstel pedagogisch relatie leerling relatie coronacrisis sterk druk kom stan ppj acht herstel relatie waarin elkar zien tijd aandacht discussie vertrouw central stan nodig zowel leermotivatie ontwikkel jong mens bevorder vereist schol tijd ruimt krijg pedagogisch relatie herstell derd advies aandacht gevraagd mental welzijn jonger mbo hoger past inzien huidig plann kabinet aanpak ten rest advies benam mbo hbo aangehoud ondank terecht discussie terminologie brief cultur wetenschap ocw arie slob betreft advies platform perspectief jonger brief primair voortgezet pvo dennis wiersma betreft twed advies platform perspectief jonger,Reparations and Remembrance|Modern & Everyday Racism,0.0933847991951619,"[0.0022886046843680874, 0.01618261912558456, 0.01711388158783356]","[False, True, True]","[False, True, True]","[0.0933847991951619, 0.0933847991951619, 0.0933847991951619]","[0, 1, 1]",derde-advies-platform-perspectief-jongeren.1.txt__0
jaarverslag-ienw-2022.63.txt,Policyarchive_text\jaarverslagen\2023\jaarverslag-ienw-2022\jaarverslag-ienw-2022.63.txt,2023,jaarverslag-ienw-2022,0,voorbeeld randvoorwaard strev informatie verker zovel mogelijk via open data beschik stell voertuig app reisplanner stakeholder gebruiker ontwikkel helder rol transitie nieuw slimm vorm mobiliteit onderzocht eventuel belemmer weggenom kans verzilverd innovaties hieran bijdrag zodat beleidsdoel gehaald intelligent transport system ligt focus digitaliser over dataproductie voortzet uitbreid talking traffic connected transport corridor aanbod digital dienst uitwissel organiser structurer logistiek veld samenwerk over smart krachtenbundel uiteenlop thema kader stedelijk problematiek plattelandsproblematiek landelijk gecoordineerd hinder aanpak structuurvisie infrastructur ruimt svir agenda vorm kader bereikbaarheidsopgav maatschapp technologisch ontwikkel mak aanpak bereikbaarheidsopgav middel lang termijn nodig mogelijk voortbouw ervar programma bereik aanpak praktijk vormgegev uitgangspunt hierbij gelijkwaard samenwerk rijk medeover bedrijfslev maatschapp partij samenhang bezien bereik ruimtelijk opgav won natur leefbar bred set oplossingsricht innover informer stand houd inricht invester strategisch plan verkeersveil medeover maatschapp organisaties ingezet risico gestuurd aanpak basis analys belangrijkst risico niveau rijk regio provincies gemeent vervoerregio waterschapp uitvoeringsagenda opgesteld effectiev verkeersveil verbeter international over marktpartij werk marktcondities ten behoev bereik economie wegvervoer denk daarbij regelgev dingseis cabotag mat gewicht vrachtverker europa inzet nieuw data risico gestuurd aanpak verbeter data verkeersongevall invoer vrachtwagenheff navolg omring land heffing zull overleg sector teruggesluisd vervoerssector verlag motorrijtuigenbelast vrachtauto geld wend verduurzam innovatie vervoerssector nea opdracht hernieuw energie verker registrer belangrijk hiervan duurzam kennis ervar opgedan programma beter benut bred toe pass war gat verbeter bereik samenwerk regional partner daaran koppel bijdrag slimm duurzam mobiliteit periodiek mirt gesprek hierover regio afsprak gemaakt twed kamer vergaderjar xii,"Colonial Exploitation, Slavery & Economic Inequality|Reparations and Remembrance|Modern & Everyday Racism",0.1327905619136139,"[0.0050151406542284765, 0.007427383684623063, 0.03197942715855798]","[True, True, True]","[True, True, True]","[0.1327905619136139, 0.1327905619136139, 0.1327905619136139]","[1, 1, 1]",jaarverslag-ienw-2022.63.txt__0
jaarrapportage-bedrijfsvoering-rijk-2022.92.txt,Policyarchive_text\jaarverslagen\2023\jaarrapportage-bedrijfsvoering-rijk-2022\jaarrapportage-bedrijfsvoering-rijk-2022.92.txt,2023,jaarrapportage-bedrijfsvoering-rijk-2022,0,beroep miljoen euro beroep leenfaciliteit leenfaciliteit zegt hoevel rijksvastgoedbedrijf geinvesteerd vastgoedportefeuill daarbij mak onderscheid bron rijksvastgoedbedrijf toegank rijkskantor rijksgebouw functie goed toegank moment voldoen gebouw wettelijk kader kelijk rijkskantor hanteert rijksvastgoedbedrijf integral toegankelijkheidsstandaard norm renovaties nieuwbouw verzoek pandgebruiker levert bedrijf maatwerk rijksvastgoedbedrijf analyseert situatie kijkt doelmat oploss daarmee verbetert bedrijf gebouw sted verder brengt lijn doelstell recht mens handicap verdrag person handicap stat stell gelijk voet ander samenlev nem zev rijkskantor den hag onderzocht kelijk verder verbeter vier gebouw blek extra mogelijk toegank verder verbeter eerst kwartal aanpass laatst gebouw uitgevoerd diver standaard toegank bouw stan actieplan toegank bouw daarom stemming toegankelijkheidsnormer nodig marktpartij genorganisaties rijk vertegenwoordigd rijksvastgoedbedrijf werk ontwikkel eenduid bred gedrag norm stichting konink nederland normalisatie institut hierdor krijg gever opdrachtnemer beter inzicht gewenst realiser kwaliteit norm verwacht gered faciliteit concerndienstverlener leverancier gestart concentrer facilitair dienstverlen stapsgewijs vindt overdracht plat ministeries dienst rijkswaterstat dji fmhaagland dienst noem rijk concerndienstverlener cdv cdv verzorg facilitair dienstverlen procent rijkskantor cdv ver harmoniser dienstverlen samenwerk bedrijf rijksleverancier verder versterkt digital faciliteit hybrid werk central vergaderzal verder uitgebreid voorbereid getroff mak rijkshub ontmoetingsplein introductie workspac system wms zomer rijksbred werkomgev belevingsonderzoek wobo uitgevoerd ruim rijksmedewerker mening social fysiek digital werkomgev departement dienstverlener gan opgehaald informatie slag jaarrapportag bedrijfsvoer rijk,Modern & Everyday Racism,0.0986602265565131,"[0.006268665764490254, 0.005274963130970159, 0.01628976949840464]","[False, False, True]","[False, False, True]","[0.0986602265565131, 0.0986602265565131, 0.0986602265565131]","[0, 0, 1]",jaarrapportage-bedrijfsvoering-rijk-2022.92.txt__0
tk-beslisnota-actieplan-samen-tegen-mensenhandel.1.txt,Policyarchive_text\beleidsnotas\2023\tk-beslisnota-actieplan-samen-tegen-mensenhandel\tk-beslisnota-actieplan-samen-tegen-mensenhandel.1.txt,2023,tk-beslisnota-actieplan-samen-tegen-mensenhandel,0,staatssecretaris justitie actieplan programma mensenhandel aanleid coalitieakkoord bepaald programma mensenhandel herijkt voortgezet structurel twee miljoen euro per beschik uitvoer programma opdracht bestaand programma gezamen vel partner veld herijk kom gedrag uitvoer actieplan middel kamerbrief biedt actieplan programma mensenhandel med namen staatssecretaris volksgezond welzijn sport buitenland zak buitenland handel ontwikkelingssamenwerk social zak werkgeleg twed kamer actieplan vindt geadviseerd besluit gevraagd akkoord gan actieplan programma mensenhandel aanbied actieplan ministerrad kernpunt inhoud actieplan onz ambitie gezamen slachtoffer mensenhandel bened breng will bereik samenwerk aanpak mensenhandel verbeter verder professionaliser mensenhandel halt toe breng onz gezamen ambitie uitgedrag drie strategisch vlag mensenhandel hanter will mogelijk voorkom mens slachtoffer mensenhandel aanvull will mogelijk slachtoffer snel adequaat gesignaleerd situatie gehaald benodigd zorg ondersteun ontvang ten slot will dader allerlei manier frustrer aanpak zowel strafrecht bestuursrecht via opwerp barrières tegelijkertijd zet voorkom herhaald daderschap onz inzet komt vijf actielijn all concret acties actiehouder betrok organisaties bevat actielijn ingericht gestreefd integral aanpak problem wer elkar geleerd integral betekent plan gericht leeftijd inzicht bied acties oplever aanpak uitbuitingsvorm acties aangegev uitbuitingsvorm richt actielijn luid volgt crer bred bewustword rechtspleg rechtshandhav directie rechtshandhav criminaliteitsbestrijd turfmarkt den hag postbus den hag datum kenmerk,"Colonial Exploitation, Slavery & Economic Inequality|Modern & Everyday Racism",0.1003771226456991,"[0.015014772553263027, 0.0025054165491243644, 0.0281729240981892]","[True, False, True]","[True, False, True]","[0.1003771226456991, 0.1003771226456991, 0.1003771226456991]","[1, 0, 1]",tk-beslisnota-actieplan-samen-tegen-mensenhandel.1.txt__0
briefwisseling-ap-belastingdienst-deel-25.38.txt,Policyarchive_text\brieven\2023\briefwisseling-ap-belastingdienst-deel-25\briefwisseling-ap-belastingdienst-deel-25.38.txt,2023,briefwisseling-ap-belastingdienst-deel-25,0,aanbied digital services neemt hog vlucht verwacht zull vorm app toenem mat derd partij ontwikkeld basis belastingdienst ter beschik gesteld content kennisregel zakendoen sted meeren international karakter lang tijd min voorbehoud multinational beperkt europa inmiddel open grenz vrij goederenverker mid kieinbedrijf geword kom nieuw continent beeld groter international operer ondernem optimaliser effectiev belastingdruk belangrijk aandachtspunt gemak waarmee ondernemer tand geopereerd leidt toenem noodzak intensiver samenwerk buitenland belastingdienst gebied informatie uitwissel gezamen klantbehandel handhavingsvraagstuk toenem mat grensoverschrijd buitenland sted belangrijker informatiepositie belastingdienst international daarom langer handhavingsregie ontbrek relevant ontwikkel flexibiliser arbeid toenam zzp ers ondernemerschap levert belangrijk economisch ontwrkkel maartegelijkertijd zorgt schijnzelfstand tal ongewenst nevenverschijnsel sociaal fiscal gebied gren beid echter even gemak trek hetgen extra druk legt oitvoer zeker war person betreft afkomst lidstat laatst ontwikkel genoemd vaststell verschill vorm fraud carrousel identiteit vastgoedfraud inclusief fiscal vrijplaatsenproblematiek met terug voer person systematisch toepass dergelijk fraudevorm richt ontwikkel belastingbred landelijk toezichtsorganisatie ltd heringericht expertisecentrum handhav intelligenc ehi daarin eerst plat hoogwaard professionel kennis geconcentreerd gebied handhavingsregie ten behoev segment veredelt expertisecentrum war gat analys nalevingstekort complianc map nalevingsmonitor steekproefanalys onderl samenhang component vertal daarvan concret aanpakmog behoort takenpakket evenal effectbepal twed expertisepijier customer intelligenc slimmer gebruik methodes geautomatiseerd hulpmiddel competences total populatie burger bedrijv vroegtijd stadium fraudepatron fenomen onderkenn daarmee handhav doelmatiger doeltreffender maker intelligenc kwestie mogelijk verzamel geavanceerd,"Colonial Exploitation, Slavery & Economic Inequality|Reparations and Remembrance|Modern & Everyday Racism",0.0937509342255395,"[0.029895095517061893, 0.007104694766945776, 0.01680981703593735]","[True, True, True]","[True, True, True]","[0.0937509342255395, 0.0937509342255395, 0.0937509342255395]","[1, 1, 1]",briefwisseling-ap-belastingdienst-deel-25.38.txt__0
jaarverslag-onderwijs-cultuur-wetenschap-2022.252.txt,Policyarchive_text\jaarverslagen\2023\jaarverslag-onderwijs-cultuur-wetenschap-2022\jaarverslag-onderwijs-cultuur-wetenschap-2022.252.txt,2023,jaarverslag-onderwijs-cultuur-wetenschap-2022,1,breng nodig omtrent digital dimensie geweld vrouw implementer twed kamer hierover informer debat wgo begrotingsonderdel emancipatie kamerstuk vor zomer twed kamer per kamerbrief geinformeerd onderzoeksresultat motie led mutluer westerveld twed kamer overweg coalitieakkoord regenboogakkoord belov tijd geld vrijkomt roz blauw aandacht komt aanpak discriminatie politieacademie aanpak discriminatie internet komt verzoekt reger beloft vanaf war mak kamer daarover informer debat wetgevingsoverleg emancipatiebeleid kamerstuk ocw gat gesprek jenv wijz waarop uitvoer motie strev twed kamer voorjar informer motie lid werner twed kamer verzoekt reger burgerberad stell emancipatiebeleid mens handicap basis daarvan actieprogramma werkagenda stell kamer concret stapp informer debat wetgevingsoverleg emancipatiebeleid kamerstuk ocw vws zull uitvoer motie gesprek gan zull twed kamer twed kwartal informer twed kamer vergaderjar viii,Modern & Everyday Racism,0.0819288030372914,"[0.009434172638200282, 0.0012561641647732085, 0.06131577720953559]","[False, False, True]","[False, False, True]","[0.0819288030372914, 0.0819288030372914, 0.0819288030372914]","[0, 0, 1]",jaarverslag-onderwijs-cultuur-wetenschap-2022.252.txt__1
beslisnota-ienw-wp29-ece-reglementen-maart-2023.1.txt,Policyarchive_text\beleidsnotas\2023\beslisnota-ienw-wp29-ece-reglementen-maart-2023\beslisnota-ienw-wp29-ece-reglementen-maart-2023.1.txt,2023,beslisnota-ienw-wp29-ece-reglementen-maart-2023,0,ter besliss datum onz referentie opgesteld bestuurskern dir weg verkeersveil voertuig digital infrastructur beslistermijn wijzig behor overeenkomst inzak wielvoertu genom aanleid vergader unec world forum harmonization vehicl regulation working party wijzig bestaand reglement nieuw reglement aangenom wijzig reglement betrek verlicht vervoer gevar stoff automated lan keeping system alk nieuw reglement betreft spijkerband voordat wijzig europes aanvaard nieuw reglement ingestemd voorhangprocedur voorgelegd geadviseerd besluit nota gevraagd akkoord gan open mak nota buitenland zak voorhangprocedur akkoord beslisnota buitenland zak gedeeld navolg daarvan buitenland zak voorgesteld voorhangprocedur start komt driemal per officieel besluit eerder ieder voorgelegd kernpunt inhoud besluit laatst vergader wijzig aangenom betrek verschill eis verlicht geluidsniveaus vervoer gevar stoff special waarschuwingslicht koninkrijk nederland europa geleg aanduid ter onderscheid kamerstuk,"Colonial Exploitation, Slavery & Economic Inequality|Reparations and Remembrance|Modern & Everyday Racism",0.0817623560871883,"[0.004383200676769507, 0.00344202492651641, 0.01953399448018826]","[True, True, True]","[True, True, True]","[0.0817623560871883, 0.0817623560871883, 0.0817623560871883]","[1, 1, 1]",beslisnota-ienw-wp29-ece-reglementen-maart-2023.1.txt__0
jaarverslag-buitenlandse-zaken-2022.11.txt,Policyarchive_text\jaarverslagen\2023\jaarverslag-buitenlandse-zaken-2022\jaarverslag-buitenlandse-zaken-2022.11.txt,2023,jaarverslag-buitenlandse-zaken-2022,0,beleidsverslag beleidsprioriteit jaarverslag teruggekek voorgenom buitenlandbeleid daarbij gesteld ambities war mogelijk behaald wereld buitenlandbeleid landsbelang bescherm burger buitenland ondersteun ontwikkel international rechtsord bevorder litiek context waarbinn tracht doelstell realiser harder complexer geword schuivend geopolitiek machtsverhoud groeiend instabiliteit groter gisch afhank grimmiger speelveld ontstan wereld begin onrust plek pandemie gevolg ervan voorbij wereld geconfronteerd russisch invasie oekrain oorlog daarmee vel afwez wer terug europes continent direct gevolg europes unie verdragsorganisatie navo rest wereld eind eeuw voorgekom buitenland onmiddel invloed binnenland dagelijk lev nederlander geopolitiek kantelmoment geleid besluit kort onmog werd geacht omvangrijk politiek militair economisch financiel humanitair culturel steun oekrain geleverd steun bekrachtigd bezoek buitenland zak buitenland handel ontwikkelingssamenwerk defensie oekrain eind beslot reserver eur miljard verleng steun werd neg santiepaket aangenom europes afhank russisch energie overgrot afgebouwd neemt snel verder leidend rol genom gebied versterk waarheidsvind gerecht oekrain zet overleg oekrain international strafhof icc strafrecht vervolg began misdad afgelop kabinet geintegreerd visie kamer gestuurd ten aanzien open strategisch autonomie osa daarbij samenwerk bondgenot partner uitgangspunt grot belang relatie bestend juist tijd existentiel dreiging samenwerk verenigd stat onverminderd belang europes continent navo hoeksten onz collectiev verded neemt weg europa verantwoord nem eig behart europes veiligheidsbelang twed kamer vergaderjar,"Colonial Exploitation, Slavery & Economic Inequality|Reparations and Remembrance|Modern & Everyday Racism",0.1016001016001524,"[0.04662356107026643, 0.0040967039709100175, 0.030357980605671638]","[True, True, True]","[True, True, True]","[0.1016001016001524, 0.1016001016001524, 0.1016001016001524]","[1, 1, 1]",jaarverslag-buitenlandse-zaken-2022.11.txt__0
tk-beslisnota-bij-integriteits-en-anti-corruptiebeleid-caribisch-nederland.2.txt,Policyarchive_text\beleidsnotas\2023\tk-beslisnota-bij-integriteits-en-anti-corruptiebeleid-caribisch-nederland\tk-beslisnota-bij-integriteits-en-anti-corruptiebeleid-caribisch-nederland.2.txt,2023,tk-beslisnota-bij-integriteits-en-anti-corruptiebeleid-caribisch-nederland,0,rechtspleg rechtshandhav directie rechtshandhav criminaliteitsbestrijd datum kenmerk inzicht gev aspect lokal verbeter behoev verkrijg inzicht geinformeerd beslot focus instek bewustwordingscampagnes gelet binnenland zak koninkrijksrelaties alvast eerst gesprek open licham maatschapp organisaties voer rad voort aanbevel gedan zorg bescherm klokkenluider hoewel aanbevel zowel justitie binnenland zak koninkrijksrelaties gedan geldt bescherm klokkenluider laatstgenoemd valt justitie ambtelijk niveau hoogt gehoud voortgang aanbevel binnenland zak koninkrijksrelaties inmiddel verkenn gestart waarbij aandacht hoeverr regelgev passend wenselijk gesprek open licham hierover mogelijk aansluit gezocht kader toegang recht justitie opgedan kennis ervar betreft aanbevol invoer wet bevorder integriteitsbeoordel open bestur bibob beslot dergelijk invoer inderdad wenselijk lijkt werkbezoek hiervor afsprak gemaakt waaronder opricht werkgroep verwacht zomerreces definitief scenario geselecteerd vervolgen uitgewerkt slot sturing opvolg aanbevel geborgd justitie toegelicht eerst beleidsreactie rijksrecherch werd rad aanbevol ketenbred plan themaverwerk stell ervor zorg verantwoord themaverwerk overleg rijksrecherch beslot opvolg aanbevel gev bestaand themaregister beoogd oorspronk themaverwerk zowel europes omvat omissie besluit politiegegeven toegestan ontvang themaverwerk themaregister slan benodigd werkwijz process ingericht ketenbred plan daarom noodzak rijksrecherch wijzig besluit politiegegeven gesprek relevant partner aandacht themaregister ervor zorg eventuel relevant signal partner ontvang rijksrecherch doorgegev rad ded aanbevel analys aard omvang ambtelijk corruptie zorg behulp themaverwerk rijksrecherch verwacht themaverwerk mogelijk slecht beperkt analys lever gelet aard informatie waarop themaverwerk betrek alsnog tegemoet kom aanbevel rad wetenschapp,Reparations and Remembrance|Modern & Everyday Racism,0.1124104227901597,"[0.007871022147282395, 0.005663145056888754, 0.02110699647892582]","[False, True, True]","[False, True, True]","[0.1124104227901597, 0.1124104227901597, 0.1124104227901597]","[0, 1, 1]",tk-beslisnota-bij-integriteits-en-anti-corruptiebeleid-caribisch-nederland.2.txt__0
jaarverslag-binnenlandse-zaken-2022.19.txt,Policyarchive_text\jaarverslagen\2023\jaarverslag-binnenlandse-zaken-2022\jaarverslag-binnenlandse-zaken-2022.19.txt,2023,jaarverslag-binnenlandse-zaken-2022,0,nieuw betal woning bouw daarnaast gewerkt wetsvoorstel hervorm huurtoeslag begin kamer aangebod eig huurtoeslag verlaagd koopwoningmarkt mogelijk gemeent opkoopbescherm voer zodat koopwon bepaald gebied beschik daarnaast huisvestingswet aangepast waardor gemeent woningzoek lokal binding vital beroepsgroep voorrang gev krapp woningmarkt concurrentie woningzoek speelveld gelijker mak vanaf schenkingsvrijstell eig woning verlaagd biedlogboek ingevoerd waardor ver koper transparantie biedingsproces geldt subsidies beschik gesteld won betaalbaarder mak verduurzam gebouwd omgev energie gebouwd omgev gebruik klimaatdoelstell voldoen hiermee verlag onz energiereken verminder onz energieafhank invull presentatie programma versnell verduurzam gebouwd omgev pvgo kamerstuk beleidsinzet daarbij gericht isolatie hernieuw energie duurzam verwarm voorwaard versnell voldoend arbeidskracht material beschik daarvor meerjar innovatietraject ontwikkeld gebied industrialisatie robotiser digitaliser kamerstuk national isolatieprogramma gepresenteerd inzet daarbij sneller slimmer socialer isoler slecht geisoleerd koopwon waarbij aanpak verloopt via gemeent lokal aanpak gemeent extra ondersteun bied kwetsbar groep woning slecht energielabel verruim mogelijk mogelijk financier via warmtefond verruimd doorvoer per vervang gasketel efficienter verwarmingsinstallaties terugkom belang tijdig voldoend apparat vakbekwam lateur beschik daartoe actieplan hybrid pomp gepresenteerd inzet verder opschal energiebespar kort termijn realiser ingezet verander inwoner via campagn zet knop gericht bewustword concret tip energie bespar energiebespaarcoalitie groep bereik gemeent verstrekt middel energiearmoed bestrijd drag hieran kabinet nam energie bespar rijkskantor verwarm gemiddeld grad omlag gegan winter twee grad gekoeld zomer gemeent spel belangrijk rol energietransitie gat uitfaser aardgas verwarm woning gebouw daartoe noodzak gemeent bevoegd beschik lever aardgas beeindig daarom twed kamer vergaderjar vii,Reparations and Remembrance|Modern & Everyday Racism,0.081348921681996,"[0.005926698644058672, 0.003602831309863939, 0.013982587370681374]","[False, True, True]","[False, True, True]","[0.081348921681996, 0.081348921681996, 0.081348921681996]","[0, 1, 1]",jaarverslag-binnenlandse-zaken-2022.19.txt__0
jaarverslag-szw-2022.19.txt,Policyarchive_text\jaarverslagen\2023\jaarverslag-szw-2022\jaarverslag-szw-2022.19.txt,2023,jaarverslag-szw-2022,0,daarnaast kabinet gesprek social partner ingezet mens afstand arbeidsmarkt werk help extra middel actieplan dichterbij denkt ingezet verklein overstap uitker werk werkt kabinet divosa simpel switch tieket zodat mens makkelijker switch uitker werk terug even lukt kabinet onderzoekt begeleidingskost beschut werk wachtlijst verklein afbaken doelgroep banenafsprak onderzocht invoer loonkostensubsidie wajong wia verkend hiertoe gestart langer betaald ouderschapsverlof mogelijk gemaakt ouder geboort kind mogelijk wek betaald ouderschapsverlof nem procent daglon daarmee krijg ouder tijd wenn nieuw gezinssituatie bewust keuzes mak verdel werk zorg betaald ouderschapsverlof breder del onbetaald stelsel verlof mens stat stelt wek ouderschapsverlof nem pensioen burger belangrijk voorwaard prettig oud dag huidig komend generaties garander kabinet social partner bred pakket elkar afgesprok pensioenakkoord uitgewerkt pensioenakkoord hervorm tweedepijlerpensioen via wet toekomst pensioen wtp wtp twed kamer aangenom wtp regelt herzien pensioenstelsel drietal betreft standaardiser nabestaandenpensioen cer experimenteerruimt pensioenopbouw zelfstand twed pijler ter bevorder sioenopbouw zogenoemd wit vlek verkort wachttijd uitzendkracht kamerstuk daarmee belangrijk stap voorwaart gezet stendig pensioensystem start eerst kamerbehandel wtp voorzien begin daarnaast zet kabinet beter arbeidsomstand duurzam inzet zodat gezond pensioen bereikt gezonder veiliger werk hierop verder ingegan alsmed rol landelijk expertisecentrum schadeafhandel beroepsziekt lexces hierin herken betrouw uitvoer uitvoer gezicht samenlev vak grot impact lev burger daarvor uitvoer nodig meedenkt burger central stelt dienstverlen dienstverlener uitvoeringsorganisaties medeover spel essentiel rol opgav war stat realiser lijn doelstell wau werk uitvoer verder ingezet dienstverlen vereenvoud menselijk mat uitvoer concret uitwerk hiervan beschrev stand uitvoer social zeker tweemal twed kamer vergaderjar,"Colonial Exploitation, Slavery & Economic Inequality|Reparations and Remembrance|Modern & Everyday Racism",0.088259602380698,"[0.0084459327046873, 0.005095274444997989, 0.015081301937142888]","[True, True, True]","[True, True, True]","[0.088259602380698, 0.088259602380698, 0.088259602380698]","[1, 1, 1]",jaarverslag-szw-2022.19.txt__0
jaarverslag-lnv-2022.136.txt,Policyarchive_text\jaarverslagen\2023\jaarverslag-lnv-2022\jaarverslag-lnv-2022.136.txt,2023,jaarverslag-lnv-2022,0,verzoekt reger onderhandel landbouwakkoord zet stimuler natuurinclusiev biologisch circulair landbouw agroforestry waaronder voedselboss teven pass nplg volwaard ontwikkelricht lat parlementair agenda begrot landbouw natur voedselkwaliteit xiv diergezondheidsfond onderhand meegenom landbouwakkoord verzoekt reger duurzam voorloper gemotiveerd houd wegnem belemmer regelgev extra inspann gebied klimat natur water waarder ecoregel vanaf beter richt parlementair agenda begrot landbouw natur voedselkwaliteit xiv diergezondheidsfond onderhand verzoekt reger ervar frankrijk belgie zwitserland land alcoholwet netvlies werk crer wettelijk grondslag prijsstunt agrarisch basisproduct fruit groent zuivel vles gan waarbij ruimt afprijz levensmiddel verband houdbaarheidsdatum teneind voedselverspill voorkom kamer informer parlementair agenda begrot landbouw natur voedselkwaliteit xiv diergezondheidsfond onderhand roept spoedig implementatie verbod stroomstootapparatur parlementair agenda begrot landbouw natur voedselkwaliteit xiv diergezondheidsfond onderhand kamerbrief voortgang dierenwelzijn stat momentel bred mogelijk verbod uitgewerkt waarvan verwacht concept zomer consultatie gan verzoekt reger uiter voorjar gan verlag maximal temperatur diertransport daarbij betrek parlementair agenda begrot landbouw natur voedselkwaliteit xiv diergezondheidsfond onderhand verzoekt adviez ovv waaronder maximumaantal dier per brandcompartiment verplicht compartimenter technisch ruimt aankom maatregelenpakket stalbrand nem parlementair agenda begrot landbouw natur voedselkwaliteit xiv diergezondheidsfond onderhand verzoekt reger mogelijk minimal transportleeftijd kalfjes verhog parlementair agenda begrot landbouw natur voedselkwaliteit xiv diergezondheidsfond onderhand verzoekt reger belastinggeld stek technisch innovaties welzijn dier verslechter parlementair agenda begrot landbouw natur voedselkwaliteit xiv diergezondheidsfond onderhand verzoekt reger uiter zomer kom eig plan aanpak sterft jong dier sector veehouderij beeld breng structurel significant terug dring parlementair agenda begrot landbouw natur voedselkwaliteit xiv diergezondheidsfond onderhand kamer brief geinformeerd laatst stand zak verzoekt reger interprovinciaal overleg dring deelnam platform multifunctionel landbouw gesprekstafel multifunctionel landbouw kader landbouwakkoord vanweg rol gebiedsprocess ruimtelijk orden verzoekt reger ervor zorg volksgezond welzijn sport gat deelnem platform multifunctionel landbouw gesprekstafel multifunctionel landbouw kader landbouwakkoord vanweg gewenst aanpak knelpunt zorgboerderij parlementair agenda begrot landbouw natur voedselkwaliteit xiv diergezondheidsfond onderhand verzoekt reger ten behoev maatschapp waardecreatie biologisch ecologisch,"Colonial Exploitation, Slavery & Economic Inequality|Reparations and Remembrance|Modern & Everyday Racism",0.0818282339575495,"[0.017996305587193305, 0.0010729788182359955, 0.010974147091146165]","[True, True, True]","[True, True, True]","[0.0818282339575495, 0.0818282339575495, 0.0818282339575495]","[1, 1, 1]",jaarverslag-lnv-2022.136.txt__0
jaarverslag-buitenlandse-zaken-2022.20.txt,Policyarchive_text\jaarverslagen\2023\jaarverslag-buitenlandse-zaken-2022\jaarverslag-buitenlandse-zaken-2022.20.txt,2023,jaarverslag-buitenlandse-zaken-2022,0,mandat united nation mensional integrated stabilization mission mali minusma missies eind verlengd daarnaast waardevoll less getrok onafhank eindevaluatie minusma laatst driejar lidmaatschap mrr genev focus bility rad ingezet vrijheid meningsuit vrouwenrecht genderg inclusief positie med instigatie steld mrr mechanism oekrain iran commission inquiry versterkt aandacht ging waarborg onafhank russischtal nieuwsvoorzien via mensenrechtenfond mrf vanuit budget publieksdiplomatie draagt verschill programma gericht steun onafhank media rusland oekrain regio journalist ministerrad akkoord gegan voorstel feministisch buitenlandbeleid fbb aandacht bested gelijk algemen zin genderg bijzonder omvat alsmed aandacht diversiteit inclusiviteit beleidsterrein inclusief implementatieplan gendermainstream fbb concret vorm gev organiseerd bred consultaties waarbij extern partij geraadpleegd werd kamerbrief hoofdlijn fbb parlement gestuurd feministisch buitenlandbeleid richt vier right universel recht vrijwar geweld representation vertegenwoordigd deelnem politiek besluitvorm resources voldoend middel financier realiser reality check realiser beleidsdoel krijg invull lokal context past racism buitenland zak med aanleid black lives matter beweg beslot bestuursrad lat vorm racism voorkom resulteerd verkenn indring beeld vorm waarin racism manifesteert medewerker departement post buitenland ervar aanbevel overgenom passend breder opdracht ambitie diver inclusiev waarin neelsbestand afspiegel samenlev verschill niveaus bezig opvolg lang drie spor eersten bred erkenn bewustword problem gang zet structurel cultuurverander tweeden verbeter voudig mogelijk incident meld volg derden via personeelsbeleid verder bouw waarin racism ruimt twed kamer vergaderjar,Reparations and Remembrance|Modern & Everyday Racism,0.153675214099644,"[0.010325760141592949, 0.011831156867512727, 0.24857717012149433]","[False, True, True]","[False, True, True]","[0.153675214099644, 0.153675214099644, 0.153675214099644]","[0, 1, 1]",jaarverslag-buitenlandse-zaken-2022.20.txt__0
jaarrapportage-bedrijfsvoering-rijk-2022.87.txt,Policyarchive_text\jaarverslagen\2023\jaarrapportage-bedrijfsvoering-rijk-2022\jaarrapportage-bedrijfsvoering-rijk-2022.87.txt,2023,jaarrapportage-bedrijfsvoering-rijk-2022,0,realisatiekracht rijksbred bedrijfsvoer strategisch realiser stuurd icbr sted vaker basis iteratief cyclisch proces hierdor besluit genom proces helpt uitwerk beleidsvoornemen uitvoer beleidsdoelstell zorgt ervor keuzes mak basis inzicht quenties bepaald ambitie will waarmak cyclisch proces maakt bestaand structur ziet volgt icbr vraagt ieder beleidsvoorstel uitvoeringstoet geeft opdracht basis hiervan icbr stuurt samenwerk uitvoer aansluit planning werkt doelstell icbr beleidsagenda vertaalt uitvoeringsagenda monitort realisatie beleidsdoel vakinhoud deskund departement verlener hetzelfd vakgebied veren domein icbr zorgt integraliteit bewaakt voortgang domein hen mak betreft maatschapp opgaves hel ket verschil hybrid werk medewerker omarm hybrid werk echt gestart hybrid werk ervor coronacrisis afgedwong hybrid werk manier werk waarbij medewerker bewust kiest wanner war samenwerkt uiteraard afstemm collega leidinggev hybrid werk omvat verschill aspect werkomgev thuis kantor onderweg person heden vaardig verbind collega ruim procent medewerker algemen zer positief hybrid werk komt vooral beter zowel werkomgev belevingsonderzoek lat zien verschill departement zichtbar praktijk werk thuis kantor standplat elder bijna driekwart medewerker gat twee ker per wek kantor kantoorbezoek concentreert dinsdag donderdag zie rapportages rijksbred monitor hybrid werk maand werkomgev belevingsonderzoek jaarrapportag bedrijfsvoer rijk,Reparations and Remembrance|Modern & Everyday Racism,0.1107697551243422,"[0.0, 0.004178828176883876, 0.03532592402967853]","[False, True, True]","[False, True, True]","[0.1107697551243422, 0.1107697551243422, 0.1107697551243422]","[0, 1, 1]",jaarrapportage-bedrijfsvoering-rijk-2022.87.txt__0
jaarverslag-ienw-2022.48.txt,Policyarchive_text\jaarverslagen\2023\jaarverslag-ienw-2022\jaarverslag-ienw-2022.48.txt,2023,jaarverslag-ienw-2022,0,departement uitgav noordzeeakkoord telijk gemaakt totaaloverzicht vind extracomptabel medeover een activiteit geinitieerd climat adaptation summit water action track gericht versnell opschal financier mak concret activiteit klimaatwer wereld vergrot nieuw coalitie adaptatie water gestart kennisplatform bekend hub functioneert bijdraagt national adaptatie plann nap deelnem land bekend facility matisch aanpak klimaatadaptatie budget voorzien miljoen per organisaties international riviercommissies benedenstrom land international werking stroomgebied rijn mas scheld eem cruciaal rijn mas scheld juridisch basis basis verdrag samenwerk international riviercommissies eemsstroomgebied onderl afsprak gemaakt international afstemm coordinatie richtlijn richtlijn water krw richtlijn ror stroomgebiedbeheerplan krw afgerond wallonie war grot vertrag plan vanweg extrem wateroverlast riviercommissies teruggeblikt overstrom icbr gramma inclusief mandat expertgroep komend basis rijnministersconferentie goed gered daarnaast diver rapport gepubliceerd rapport publieksvoorlicht international maascommissie imc plan aanpak extrem lag water gepubliceerd nagedacht vervolgaanpak imc droogtebericht aangepast verzend groter publicatie websit national scheldecommissie stat problematiek agenda afgesprok bred international workshop houd aansluit relevant werkgroep imc icbr ospar jaarlijk contributie afgedrag uitvoer waarmee ingezet international samenwerk afstemm vraagstuk gebied marien milieu ecologie biodiversiteit noordoost atlantisch oceaan inclusief noordzee med relatie uitvoer krm international organisaties ambieert international profiler centrum vraagstuk verwoord international bitie kabinet medio kamer aangebod strev centr excellenc gedeelt ingevuld zichtbar rol geslaagd lobby water conferentie war nauw samengewerkt via unesco unec help profiler verder ontwikkel valuing water initiatief water leverag europes verband werd twed kamer vergaderjar xii,Reparations and Remembrance|Modern & Everyday Racism,0.0951329560647041,"[0.017153408805139464, 0.015554119598958286, 0.008568962054106226]","[False, True, True]","[False, True, True]","[0.0951329560647041, 0.0951329560647041, 0.0951329560647041]","[0, 1, 1]",jaarverslag-ienw-2022.48.txt__0
financieel-jaarverslag-rijk-2022.77.txt,Policyarchive_text\jaarverslagen\2023\financieel-jaarverslag-rijk-2022\financieel-jaarverslag-rijk-2022.77.txt,2023,financieel-jaarverslag-rijk-2022,0,scherper zicht krijg toekomst financiel risico juridisch procedures interdepartemental projectteam opgezet bestaand medewerker financien social zak werkgeleg economisch zak klimat gedan toekomst financiel risico systematisch opgenom cyclus zodat informatievoorzien gebruiker verbetert daarbij eerst stap toegewerkt opnam juridisch procedures mogelijk financieel gevolg departemental begrot jaarverslag scop juridisch procedures gedefinieerd lijk procedures waarbij stat betrok significant impact financiel positie stat onderscheid gemaakt juridisch procedures spann departement feitelijk staatssecretaris hoedan bestuursorgan juridisch procedures stat eerst categorie bestuursrecht procedures bezwar beroep vloeit direct voort uitvoeringspraktijk bepaald departement juridisch procedures stat betreff civiel procedures meestal gericht verkrijg schadevergoed beweerd onrechtmat handel stat risico voortvloei eerst categorie bestuursrecht procedures gan eerst plat bedrag gemoeid beschik civiel procedures gat meestal risico schadeclaim vergoed proceskost toegek kost daarbij benodigd extern juridisch bijstand vak landsadvocat inzicht krijg mogelijk verbeter ziening vier verschill lopend procedures geanalyseerd gat volgend procedures waarmee stat ment mak procedures obligatiehouder aanspand nalisatie sns reaal toekomst informatiedel nadeelcompensatie inmarsat uitsprak klimaatzak urgenda casuss werkwijz privat sector rondom typ risico onderzocht alsmed land inzicht mak aanleid hiervan verschill opties informatievoorzien bekek verantwoord juridisch procedures mogelijk financiel gevolg afweg gemaakt sprak nadel beinvloed procespositie stat afzonder tement verstrek informatie juridisch geschill waarbij stat betrok onderhandelingspositie daarmee belang stat bemoeilijk denkbar derd verstrekt informatie aanleid zien evenen proceder stat voeg lopend zak twed kamer vergaderjar,Reparations and Remembrance|Modern & Everyday Racism,0.092789360763247,"[0.030053429569889708, 0.010397770085450137, 0.01958552618436847]","[False, True, True]","[False, True, True]","[0.092789360763247, 0.092789360763247, 0.092789360763247]","[0, 1, 1]",financieel-jaarverslag-rijk-2022.77.txt__0
jaarverslag-buitenlandse-zaken-2022.47.txt,Policyarchive_text\jaarverslagen\2023\jaarverslag-buitenlandse-zaken-2022\jaarverslag-buitenlandse-zaken-2022.47.txt,2023,jaarverslag-buitenlandse-zaken-2022,0,consulair dienstverlen uitdrag waard algemen doelstell verlen goed consulair dienst nederlander nod buitenland evenal verstrek reisdocument lander buitenland daarnaast levert kabinet gereguleerd personenverker inbreng europes visumbeleid verantwoord visumverlen kort verblijf versterk cultuursector international seling presentatie verbind legg economisch diplomatie prioriteit geintegreerd buitenlandbeleid rechtenbeleid veiligheidsbeleid strategisch inzet publieksdiplomatie postennetwerk begrip draagvlak vergrot geintegreerd buitenlandbeleid hgis eenduid versterk beeldvorm buitenland doelgroep via band aanpak verstevigt netwerk beleidsbeinvloeder vorming relevant beleidsterrein beinvloed rol verantwoord buitenland zak verantwoord consulair dienstverlen uitvoer visumbeleid kort verblijf koninkrijk nederland afgift machtig voorlop verblijf mvv post afnam inburgeringsexamen buitenland orang ter bevorder lev bijstand nederlander nod buitenland begeleid nederlander buitenland gedetineerd uitbreng reisadviez crisisrespon afgift reisdocument buitenland matiek dienstpaspoort afgift consulair verklar legalisaties visumbeleid kort verblijf koninkrijk nederland doorlooptijd visumaanvrag percentag visumaanvrag kort verblijf dag afgehandeld streefwaard realisatie bron buitenland zak twed kamer vergaderjar,"Colonial Exploitation, Slavery & Economic Inequality|Modern & Everyday Racism",0.0919145030018057,"[0.0014908389304517896, 0.00836363873748846, 0.027331240658431653]","[True, False, True]","[True, False, True]","[0.0919145030018057, 0.0919145030018057, 0.0919145030018057]","[1, 0, 1]",jaarverslag-buitenlandse-zaken-2022.47.txt__0
jaarverslag-buitenlandse-zaken-2022.16.txt,Policyarchive_text\jaarverslagen\2023\jaarverslag-buitenlandse-zaken-2022\jaarverslag-buitenlandse-zaken-2022.16.txt,2023,jaarverslag-buitenlandse-zaken-2022,0,missies mali teven profileerd international speler rusland regio instabiliteit negatiev gevolg kuststat kwetsbar verspreid jihadistisch gedachtengoed geweld vanuit sahel seerd duitsland hierover conferentie ten aanzien grot mer regio spand succes coherent regional ten aanzien instabiliteit regio inzet bijgedrag snel gebalanceerd manier reager statelijk steun gewap groep europes samenwerk essentieel vrijheid welvaart grot transitities tijd geopolitiek transitie klimaattransitie digital transitie komt hog mat bepal onz manier lev toekomst lijn koord daarom leidend rol prober spel slagvaardiger economisch sterker groener veiliger mak intensief samengewerkt gelijkgezind land war nodig kopgroep gevormd oploss kom gebied klimat migratie defensie handel tegengan belastingontwijk russisch invasie oekrain afgelop geopolitiek slagkracht getoond allereerst via instell nalev handhav neg ongeevenaard omvangrijk pakket aanjag rol spel ontwikkel sancties kabinet sanctiecapaciteit rijksbred coordinatie sanctiebeleid versterkt opzet bespoed klimaattransitie cruciaal huidig tiek tijdsgewricht behal europes klimaatdoel ten minst reductie kwam dichterbij bereik akkoord grot voorstell fit pakket verder actief betrok totstandkom implementatie energiediplomatie europes netwerk klimaatgezant diver gericht raakvlak klimat buitenlandbeleid daarnaast spand snell ambitieuz implementatie europes gren deal gebied migratie sterk gemaakt beter registratie screeningsprocedures buitengrenz herstel implementatie invoer verplicht asielgrensprocedures verder hard gemaakt verbeterd samenwerk belangrijk herkomstland irregulier migratie beperk terugker bevorder migrant bescherm vooral via versterk migratiepartnerschapp land basis gelijkwaard wederzijd belang slot veilig ongever vier miljoen ontheemd oekrain gebod unie sterk fundament goed bestur democratisch rechtsstat stevig verankerd lidstat instell lidstat gemaakt afsprak nakom daarom gelijkgestemd land onverminderd hardgemaakt effectiev inzet twed kamer vergaderjar,"Colonial Exploitation, Slavery & Economic Inequality|Reparations and Remembrance|Modern & Everyday Racism",0.1098798370735856,"[0.04031401582006091, 0.005804180527834537, 0.005922349546121352]","[True, True, True]","[True, True, True]","[0.1098798370735856, 0.1098798370735856, 0.1098798370735856]","[1, 1, 1]",jaarverslag-buitenlandse-zaken-2022.16.txt__0
jaarverslag-vws-2022.243.txt,Policyarchive_text\jaarverslagen\2023\jaarverslag-vws-2022\jaarverslag-vws-2022.243.txt,2023,jaarverslag-vws-2022,0,omschrijv motie vindplat stand verzoekt reger hoeverr regional netwerk social worker ondersteun bijdrag vorm krijg hoevel capaciteit qua menskracht nodig programmateam iza loopt mee brief mtr deadlin motie led ceder raemaker verkenn uitwerk inhoud vorm wettelijk regel zorg jeugd maatschapp ondersteun europes verwacht eind geinformeerd motie lid ceder istanbulverdrag snel mogelijk bekracht betreft period twed kamer vergaderjar xvi,Reparations and Remembrance|Modern & Everyday Racism,0.1016001016001524,"[0.007824317134715956, 0.0032630214278521, 0.018229053900466124]","[False, True, True]","[False, True, True]","[0.1016001016001524, 0.1016001016001524, 0.1016001016001524]","[0, 1, 1]",jaarverslag-vws-2022.243.txt__0
jaarverslag-financien-2022.134.txt,Policyarchive_text\jaarverslagen\2023\jaarverslag-financien-2022\jaarverslag-financien-2022.134.txt,2023,jaarverslag-financien-2022,0,herstell invorderingsrent aanslag betaald verrek betalingstermijn deringsrent verschuldigd hierbij verled vanaf fout gemaakt circa aanslag belastingdienst aanslag geanalyseerd basis hiervan wijz afhandel bepaald herstel invorderingsrent maakt dezelfd capaciteit vervolgingskost daarom uitgesteld ambtshalv aanslag belastingplicht aangifteverplicht lasting uitnod aangift herinner daaropvolg aanman aangift stelt inspecteur bepaald gevall aanslag ambtshalv vast hierbij inkom war nodig geschat daarnaast verzuimboet opgelegd geschat inkom werkt inkomensafhank regel toeslag national ombudsman adviescommissie praktisch rechtsbescherm intern belastingdienst wijz risico bepaald groep hard uitpak dienst zoekt vanaf contact betrok burger ambtshalv aanslag voorkom werkinstructies opgesteld beter reken houd situatie burger effect werkwijz nader onderzocht rond verzuimboet heroverwog ten slot wet ingang aangepast zodat ambtshalv aanslag opgelegd leidt belastingteruggav gedeformaliseerd werk jurisprudentie hog rad volgt bericht tingplicht snel bezwaarschrift aangemerkt belastingdienst behandelt ontvang bericht veelal verzoek ambtshalv verminder ten behoev burger praktisch eenvoud mogelijk manier werk seerd werk genoemd wijkt wet risico kestell dwangsomm recent jurisprudentie blijkt fiscal risico navorder wetgev voorbereid werkwijz formaliser afbreuk recht belastingplicht langer termijn aanpass heffingssystem onderzocht keuzeregel berichtenverker invoer keuzeregel berichtenverker zoud burger mogelijk krijg kiez papier digital post belastingdienst oplever system mogelijk mak vertraagd complexiteit diversiteit hog volumes bericht circa miljoen bericht per erfbelast belastingdienst meerjar traject verouderd system erfbelast vervang grotendel afgerond erfbelast aangift later opgelegd streeftermijn zes maand wettelijk termijn oplegg aanslag hierbij overigen gevar oorzak hiervan verstor nieuw system hoger instrom overlijdensbericht waardor extra personel capaciteit benodigd belastingdienst werkt oploss verstor system twed kamer vergaderjar,"Colonial Exploitation, Slavery & Economic Inequality|Reparations and Remembrance|Modern & Everyday Racism",0.1,"[0.01030032265495378, 0.010239598727626647, 0.016874080532686183]","[True, True, True]","[True, True, True]","[0.1, 0.1, 0.1]","[1, 1, 1]",jaarverslag-financien-2022.134.txt__0
inspectie-van-het-onderwijs-ontwerp-jaarwerkplan-2024.21.txt,Policyarchive_text\jaarplannen\2023\inspectie-van-het-onderwijs-ontwerp-jaarwerkplan-2024\inspectie-van-het-onderwijs-ontwerp-jaarwerkplan-2024.21.txt,2023,inspectie-van-het-onderwijs-ontwerp-jaarwerkplan-2024,0,central voer bestur schol fysiek geweld verbal geweld seksuel intimidatie seksueel misbruik gan gat eerst verkenn portret schol basis voortgezet mak beleidskeuzes rond tegengan fysiek verbal geweld teven voortgezet speciaal tegengan seksuel intimidatie seksueel misbruik daarbij kiez invalshoek fysiek psychisch geweld schol per sector waarop geweld lijkt verminder schol per sector war geval sprek schol bestur schoolleid docent leerling invalshoek seksuel intimidatie seksueel misbruik selecter schol per schooltyp allocatie aanbod regio central welk aanbod afgestudeerd vanuit opleid hoger regional arbeidsmarkt tekortberoep war kom afgestudeerd terecht functie onderwijsstelsel student toelevert arbeidsmarkt belang student keuz aanbod opleid aansluit behoeft arbeidsmarkt afgestudeerd levert waaran regio behoeft gat war student opleid tekortberoep terrein zorg techniek ict volg afrond opleid instrom arbeidsmarkt bestaand populatiedata bekijk regional aanbod afgestudeerd zowel international student breng kaart arbeidsmarkt ingestroomd regio sector innovatiev vorm beroepspraktijkvorm bpv mbo central kans risico innovatiev vorm beroepspraktijkvorm begeleid student beroepspraktijkvorm eerst will zicht krijg innovatiev vorm beroepspraktijkvorm mbo beschrijv ontwikkel denk vorm hybrid ler identificer potentiel risico specifiek sector leerweg niveaus hierbij betrek zowel bekostigd bekostigd sector twed will zicht krijg ontwikkel risico beteken begeleid student analys hiervan inzicht bied eventuel knelpunt stelsel breng kaart rol samenwerkingsorganisatie beroepsonderwijs bedrijfslev kader vervult aansluit stapel toegang master central hoeverr waarom bekostigd wetenschapp toegank richt masteropleid toegang biedt hoger beroepsonderwijs schakeltraject bied breng kenmerk opleid kaart middel herhal uitvrag ded daarbij kijk toegank groter aanpass wet terrein reden gemaakt keuzes kader sprek verschill belanghebb hbo,Reparations and Remembrance|Modern & Everyday Racism,0.1077826533898067,"[0.0031832943471298393, 0.005297120516369325, 0.01686053881566593]","[False, True, True]","[False, True, True]","[0.1077826533898067, 0.1077826533898067, 0.1077826533898067]","[0, 1, 1]",inspectie-van-het-onderwijs-ontwerp-jaarwerkplan-2024.21.txt__0
jaarverslag-binnenlandse-zaken-2022.113.txt,Policyarchive_text\jaarverslagen\2023\jaarverslag-binnenlandse-zaken-2022\jaarverslag-binnenlandse-zaken-2022.113.txt,2023,jaarverslag-binnenlandse-zaken-2022,0,opdracht bedrijfsvoeringsbeleid via programma rijksacademie digitaliser informatiser radio programma werk uitvoer wau opdracht waarmee kennis bedrijfsvoer effectief werk bedrijfsvoer beter beschik gesteld opdracht procedur privacy advies par rijkspas toegangk overheidsgebouw kwaliteit management rijksdienst algemen bestuursdienst abd bestat ongever mentfuncties bzk faciliteert topambtenar functies abd ers ontwikkel ontwikkelaanbod bestat bred spectrum leerinterventies bijdrag ontwikkel leiderschapsgedrag ambtelijk leider venties bied concret handvat werk richting rijksbred visie leiderschap focus ligt daarbij vergrot vermog leider leiderschapsgedrag blijvend ontwikkel bred ontwikkelaanbod gehel abd ers mogelijk mak suppletoir begrot budget toegevoegd bovendien digital leeromgev dlo vernieuwd fessionaliseerd hierin abd ers actuel aanbod vind inschrijv gevarieerd aanbod del plaatsonafhank gevolgd ler ontwikkel werkgeversbeleid bzk richt vanuit coordiner rol steuning integriteitsbeleid ministeries zet veilig werkomgev open bestur achterhal monitor veiligheidsincident belangrijk opgav bzk daartoe verschill onderzoeksopdracht verstrekt betreft monitor integriteit instrumentarium meldingsbereid vergrot gewerkt nieuw ambtsed nar waarvor flitspeil gedan burger verder ingezet professionaliser vertrouwensperson aandacht uitgegan voorkom bestrijd vooroordel racism discriminatie ongewenst omgangsvorm nar versterk veilig werkomgev concret voorbeeld hiervan omstandertrain workshop vertrouwensperson gericht tegengan discriminatie racism opdracht verstrekt kader wek integriteit talkshow lezing theatervoorstell diver opdracht verstrekt norm agressie geweld ambtenar ontwikkel lancer ambtenar open bestur norm laatst kwartal opgeleverd twed kamer vergaderjar vii,Reparations and Remembrance|Modern & Everyday Racism,0.0970142500145331,"[0.0028118035310274333, 0.007371399994930922, 0.1596340809112168]","[False, True, True]","[False, True, True]","[0.0970142500145331, 0.0970142500145331, 0.0970142500145331]","[0, 1, 1]",jaarverslag-binnenlandse-zaken-2022.113.txt__0
jaarverslag-onderwijs-cultuur-wetenschap-2022.14.txt,Policyarchive_text\jaarverslagen\2023\jaarverslag-onderwijs-cultuur-wetenschap-2022\jaarverslag-onderwijs-cultuur-wetenschap-2022.14.txt,2023,jaarverslag-onderwijs-cultuur-wetenschap-2022,0,beleidsverslag beleidsprioriteit afgelop uitdag waarin vanuit cultur wetenschap hoofdzak gericht herstel impact coronavirus gehad uitwerk uitvoer plann invull gev nieuw coalitieakkoord national programma extra middel cultur sector gewerkt wegwerk vertrag ondersteun student wer lat bloei culturel sector twee gevolg corona ondervond aantred nieuw kabinet resulteerd nieuw ambities plann grot gevormd nieuw teit bested uitgebreid aandacht teit context plaatsgevond ocw afgelop programma ocw open stapp gezet verbeter dienstverlen programma discriminatie racism werk tegengan minatie racism uitsluit onz sector vanweg keuz originel beleidsprioriteit gan nieuw beleidsprioriteit gevolg koord indel ander voorhen eerst originel neg beleidsprioriteit behandeld gevolgd nieuw beleidsprioriteit uitgesplitst per sector verder enkel thema aandacht bested gehonoreerd national groeifond ngf ngf vind twee coronavirus herstel primair voortgezet coronavirus bijkom direct impact gehad twee voorgaand tijdelijk scholensluit gold leerling personel thuisblijv test coronaklacht net onderwijspersonel leerling gratis zelftest gekreg advies preventief tweemal per wek zelftest nem vervall voortgezet central eindexam wer sprak extra herkans duimregel betekent leerling ongunst cijfer mocht wegstrep manier diploma kond hal kernvak uitgezonderd regel afgelop gewerkt plann toekomst oplev coronavirus beter voorbereid teven richtlijn mogelijk genom hiervor ocw bred vertegenwoord onderwijssector sectorplan geschrev waarin fysiek open houd gedeelt sluiting plaatsvind wanner virus variant ontstan waarbij leerling medewerker direct gevar lop sectorplan schol gevraagd draaiboek stell zodat hen helder eventuel uitbrak corona omgan overgrot meerder schol twed kamer vergaderjar viii,"Colonial Exploitation, Slavery & Economic Inequality|Reparations and Remembrance|Modern & Everyday Racism",0.0845154254728516,"[0.0031834521302463456, 0.01732558094410883, 0.13673263932056084]","[True, True, True]","[True, True, True]","[0.0845154254728516, 0.0845154254728516, 0.0845154254728516]","[1, 1, 1]",jaarverslag-onderwijs-cultuur-wetenschap-2022.14.txt__0
derde-advies-platform-perspectief-jongeren.11.txt,Policyarchive_text\brieven\2023\derde-advies-platform-perspectief-jongeren\derde-advies-platform-perspectief-jongeren.11.txt,2023,derde-advies-platform-perspectief-jongeren,0,activiteit gericht preventie student bovenop zwar studiedruk kom daarbij essentieel student gewez mogelijk gebod hulp zoek bestaand onderwijsprogramma ander problem bestan student wet bestaand mogelijk daarbij komt ervor zorgt student volled zoek juist hulp student veelal med eerdergenoemd hog prestatiedruk tussenoploss crer central punt war student naartoe aanvull hierop samenhang aanbod hulpverlen niveau instell noodzak lukt echter mental ondersteun langer gezien bestat mental welzijn studiesucces gan hand hand ondersteun hand hand gan drempel juist person terecht kom student verlaagd special aandacht hierbij uitgan eerder genoemd groep student bijzonder getroff genom ter bestrijd pandemie rol koepelorganisaties samenwerkingsverband regional niveau weggelegd soort werkwijz initiatiev stimuler breder hoger stand breng risicovol gedrag onlin gok tegelijkertijd constater vel gesprek gevoerd som helas dweil kran open coronapandemie lijkt risicovol gedrag social media verslav versterkt problem onlin gok opvall vak gehoord signal inwerkingtred wet kansspel afstand legal onlin gok mogelijk maakt schadelijk neveneffect constater ruim een vijf gebruikt spelersaccount procent hoewel natur vel zover mogelijk gezond gokj wag kom jonger hierdor juist wer verder problem kan klein wet kansspel aangepast krijgt adviseert ppj effect legal onlin gok jonger zer kritisch volg war mogelijk schadelijk effect minimaliser collega kabinet effectiev voorlichtingscampagnes entamer toe zien vroegsignaler studentenverzeker landelijk gemeent spel belangrijk rol preventiebeleid ten aanzien mental welzijn jonger ppj meent echter verzekerar gestimuleerd crucial rol spel ter bevorder daarbij help student stimuleert sluit verzekerar aandacht student wanner student belangrijk populatie verzekerar vorm gericht preventie mental problematiek jonger gevoerd gev grag overweg ontwikkel verder vooruitgebracht aandacht vroeg mental ontwikkel kader voorkom beter genez funder voldoend ruimt social vorming leerling twed advies noemd grot belang schol ruimt ontnem grot eenzijd nadruk cognitiev via herstel pedagogisch relatie aandacht sociaal emotionel ontwikkel toekomst student ler omgan tegenslag gan krijg onderwijsinstell stan immer vel uitdag leerling gedur onderwijscarrièr mental last gehad pandemie bijbehor,Reparations and Remembrance|Modern & Everyday Racism,0.1040832999733066,"[0.005723860361141118, 0.007783941828006911, 0.016504794909991696]","[False, True, True]","[False, True, True]","[0.1040832999733066, 0.1040832999733066, 0.1040832999733066]","[0, 1, 1]",derde-advies-platform-perspectief-jongeren.11.txt__0
jaarverslag-szw-2022.26.txt,Policyarchive_text\jaarverslagen\2023\jaarverslag-szw-2022\jaarverslag-szw-2022.26.txt,2023,jaarverslag-szw-2022,0,kerncijfer sanctioner uwv svb gemeent boetes opgelegd boetebedrag waarschuw bron uwv jaarverslag bron svb jaarverslag bron cbs fraudestatistiek betreft stand ultimo kwartal kerncijfer pas beschik berek kerncijfer incassoratio uwv svb gemeent incassoratio benadelingsbedrag boetevorder ultimo bron uwv jaarverslag bron bereken svb bron cbs fraudestatistiek betreft voorlop cijfer cijfer bevat mogelijk administratiev vertrag geeft wer hoevel mens arbeidsbeperk uwv werk geholp vond mens beperk ban stijging vergelek toe schrijv arbeidsmarkt coronacrisis verder verslechterd werkzoek arbeidsbeperk inmiddel wer sted mens arbeidsbeperk uwv werk geholp bijna wer hetzelfd niveau lag lager verband corona uwv werk geholp mens realisatie realisatie realisatie realisatie realisatie begrot verschil mens recht mens recht ziektewetuitker mens recht mens recht wajong aantall afgerond vijftigtall aantall verschill manier berek wajong mens arbeidsovereenkomst minimal zes maand minimal twaalf uur per wek aanvaard geteld wia wao waz mens integratiedienstverleningstraject beeindigd rester verdiencapaciteit werk aanvaard geteld ziektewet uitsluit mens werk gekom geteld aard regel streefwaard opgesteld ontwikkel person dienstverlen extra middel kabinet teven ingezet verbeter inzicht dienstverlen hierdor verwacht toekomst wia streefwaard opgesteld bron uwv jaarverslag uitgavenplafond social zeker presenteert totaaloverzicht uitgav uitgavenplafond social zeker eerst opbouw total uitgav weergegev verdeeld premiegefinancierd uitgav daarna twed kamer vergaderjar,"Colonial Exploitation, Slavery & Economic Inequality|Reparations and Remembrance|Modern & Everyday Racism",0.0872698903131788,"[0.0, 0.0015706983580852773, 0.020093961967476714]","[True, True, True]","[True, True, True]","[0.0872698903131788, 0.0872698903131788, 0.0872698903131788]","[1, 1, 1]",jaarverslag-szw-2022.26.txt__0
homogene-groep-internationale-samenwerking-jaarverslag-2022.22.txt,Policyarchive_text\jaarverslagen\2023\homogene-groep-internationale-samenwerking-jaarverslag-2022\homogene-groep-internationale-samenwerking-jaarverslag-2022.22.txt,2023,homogene-groep-internationale-samenwerking-jaarverslag-2022,0,beleidsthema versterkt kader ontwikkel beleidsdoelstell multilateral samenwerk inclusiev groei versterkt multilateral betrok over inzet inzet cultur sport ontwikkelingsland social kansrijk samenlev stimuler bevorder maatschapp betrok daarnaast maatschapp verantwoord wijz overeenstemm international verplicht gereglementeerd beheerst toelat verblijf vertrek vreemdel beleidsinzet toegelicht versterk maatschapp middenveld kabinet ingespann positie lokal maatschapp organisaties verbeter via partnerschapp civic spac fund voic beleidskader versterk maatschapp middenveld bilateral ingespann ruimt maatschapp middenveld dring implementatie aanbevel ter ondersteun maatschapp middenveld ondersteund organisaties civicus international centr law icnl zet international bescherm bevorder ruimt maatschapp middenveld budgettair gevolg versterkt kader ontwikkel eur oda oda oda multilateral samenwerk over armoedebeleid verdel wijzig bni toereken financiel markt opdracht ibrd wereldbank ifc wereldbank ida wereldbank technisch assistentie jenv coa asieltoereken national programma oekraien vluchtel primair asieltoereken voortgezet asieltoereken toerek opvang asielzoeker ocw financien begrot mutatie realisatie bhos,"Colonial Exploitation, Slavery & Economic Inequality|Reparations and Remembrance|Modern & Everyday Racism",0.1159390377099804,"[0.0, 0.01861734761783252, 0.005744261872528359]","[True, True, True]","[True, True, True]","[0.1159390377099804, 0.1159390377099804, 0.1159390377099804]","[1, 1, 1]",homogene-groep-internationale-samenwerking-jaarverslag-2022.22.txt__0
jaarverslag-buitenlandse-zaken-2022.67.txt,Policyarchive_text\jaarverslagen\2023\jaarverslag-buitenlandse-zaken-2022\jaarverslag-buitenlandse-zaken-2022.67.txt,2023,jaarverslag-buitenlandse-zaken-2022,0,start evaluatie personeelsbeleid term referenc twed evaluatie personeelsbeleid bestuursrad goedgekeurd adr evaluator slag gegan voorstel formuler evaluatie teven maand hdpo gewerkt samenstell referentiegroep adviesgroep evaluatie start diversiteit doorstrom top managementfuncties organisaties opdracht bevestigd adr organisaties bedrijfslev doorstrom groep doelstell diversiteit inclusie vall georganiseerd adr concret gevraagd organisaties doorstrom vrouw person achtergrond person top managementfuncties bevorder gan daarvan ler ging start final verwacht eerst kwartal kwalitatief obstakel aanjager doorstrom vrouw uitgevoerd extern eind start gegan gan eig doelstell genderpariteit leidinggev niveaus praktijk vormgeeft obstakel negatiev factor stimuler positiev factor invloed doorstrom verwacht onderzoeksrapport medio beschik evaluatie ncif adr gevraagd bureau national coordinator national functies ncif evaluer bureau bevordert benoem nederlander strategisch posities international organisaties evaluatie blijkt werk bureau ncif national tional bred gewaardeerd daarnaast gev suggesties ter verbeter functioner bureau verantwoordingscyclus aanbevel opgevolgd omzet tijdelijk dienstverband vast dienstverband intern werving ibbz inhaalslag gemaakt uitvoer gev rijksbred koer vast dienstverband vast formatie beeld intern traject international beleidsmedewerker buitenland zak ibbz klasj opgezet startend beleidsmedewerker tijdelijk dienst exercitie contractant per minimal dienst eind afgerond contract medewerker komend dienst zull manier omgezet voldoen daarvor geldend criteria nieuw medewerker geworv vast formatie krijg princip meten tijdelijk dienstverband uitzicht vast dienst aangebod intern ibbz werving nieuw ibbz medewerker opgeleverd diversiteit inclusie toont gemengd beeld niveaus ontplooit activiteit bevorder hdpo richt vooral training opleid twed kamer vergaderjar,Reparations and Remembrance|Modern & Everyday Racism,0.1279376361393319,"[0.0034322045424247925, 0.008366471090114978, 0.03860204508428817]","[False, True, True]","[False, True, True]","[0.1279376361393319, 0.1279376361393319, 0.1279376361393319]","[0, 1, 1]",jaarverslag-buitenlandse-zaken-2022.67.txt__0
jaarverslag-defensie-2022.54.txt,Policyarchive_text\jaarverslagen\2023\jaarverslag-defensie-2022\jaarverslag-defensie-2022.54.txt,2023,jaarverslag-defensie-2022,0,stat lever wanner gevraagd capaciteit gefaciliteerd vanuit huidig bijstandsen peloton clos protection team ingezet specifiek opdracht volded generiek opdracht hoofdtak tweemal onderzoeksteam oekrain afgereisd team verantwoord international criminal court icc forensisch gedan mogelijk oorlogsmisdad oekrain opsporingsteam daarbij ondersteund sieonderdel umc maastricht nederland forensisch institut grenz gebied grenz speelt ontwikkel gevolg nieuw inzak europes system ees europes reisautorisatiesystem etias wijzig scheng informatiesystem sis voorstell aanpass eurodac visum informatiesystem euvis inzak interoperabiliteit system termijn consequenties betrok partij waaronder kmar ontwikkel intern kmar aangestuurd programma futur border kmar nodig voortgang geboekt programma futur border gebied systematiek financiel beheers aanpass tem sturing regie programma grenz leiding eurostar kmar gestart grenscontroles amsterdam rotterdam central ten behoev twee eurostartrein eurostar dienstregel uitgebreid derd vierd trein vierd trein vanaf gan rijd eurosur eurosur verzamelt incident grensdoorlaatpost plaatsvind kom bruikbar situational pictures invoer eurosur uiteind leid total european situational pictur waarin analyselag opgenom eurosur elk lidstat national coordinatiecentrum ncc beschik start gemaakt opricht inricht daarvor europes gesteld deadlin contact locatiegegeven doorgegev europes commisie deadlines vastgesteld eurosur roadmap behaald europes werking getred emsw stat european maritim singl window environment opvolger eerder kmar menteerd europes verorden maritim singl window meldplicht vanuit scheepvaart verschill partij havenautoriteit douan kmar zeehavenpolitie lidstat geharmoniseerd emw voornam national implementatie uitgevoerd kmar neemt stuurgroep emsw twed kamer vergaderjar,Reparations and Remembrance|Modern & Everyday Racism,0.0921442675250926,"[0.024984395122323307, 0.009967263350520717, 0.0040920622702928285]","[False, True, True]","[False, True, True]","[0.0921442675250926, 0.0921442675250926, 0.0921442675250926]","[0, 1, 1]",jaarverslag-defensie-2022.54.txt__0
jaarverslag-bhos-2022.109.txt,Policyarchive_text\jaarverslagen\2023\jaarverslag-bhos-2022\jaarverslag-bhos-2022.109.txt,2023,jaarverslag-bhos-2022,0,bevorder mensgericht benader toegang recht prioriteit benader stelt behoeft nod mens juridisch problem loss central basis hiervan steun gebod rechtsinstell national lokal niveaus rechtshulp trekkersrol spel international aandacht belang mensgericht benader kader justic action coalition jac opgericht coalitie land organisaties gezamen aandacht vraagt effectiev toegang recht rechtvaard sdg world justic forum den hag led jac leiderschap beslot permanent structur vestig toepass mensgericht toegang recht landenniveau versterk landenniveau steun verleend toegang recht verbeter basis behoeft mens mak data bewijs innovatie conform acces justic strategie hierbij specifiek aandacht achtergesteld groep vluchtel ontheemd gedetineerd slachtoffer grootschal mensenrechtenschend vrouw jonger kinder verslagperiod person toegang recht gekreg ver streefwaard verklar groter inzet mechanism gedur pandemie rechtsprak via digital middel toegankelijker mak wijst toegenom beroep rechtsprak nadat land restricties opgehev verklar verbeter resultatenrapportag ingevoerd verbeterd bijgesteld meetmethodologieen sommig partner gevolg uitbreid werk land significant bijdrag totaalresultat kom partner undp hiil programma ambassades oeganda pakistan indicator rechtsord land vrijgegev gevolg humanitair ontmijningswerkzam investeert humanitair ontmijn omstand mens fragiel stat verbeter daarmee grondoorzak instabiliteit pak achtst donor wereldwijd zet actief mijnvrij wereld kom bijna zestig land kamp negatiev gevolg explosiev oorlogsrest zelf conflict vorm ernstig bedreig lokal bevolk belemmer veilig terugker humanitair hulp wederopbouw afgelop stijgt slachtoffer nam grootschal geimproviseerd mijn afghanistan jem wereldwijd gerelateerd slachtoffer burger waarvan helft minderjar landmin monitor report monitor twed kamer vergaderjar xvii,"Colonial Exploitation, Slavery & Economic Inequality|Reparations and Remembrance|Modern & Everyday Racism",0.1006230589874905,"[0.008968202491435998, 0.011450228108098462, 0.015854015278877753]","[True, True, True]","[True, True, True]","[0.1006230589874905, 0.1006230589874905, 0.1006230589874905]","[1, 1, 1]",jaarverslag-bhos-2022.109.txt__0
jaarverslag-binnenlandse-zaken-2022.219.txt,Policyarchive_text\jaarverslagen\2023\jaarverslag-binnenlandse-zaken-2022\jaarverslag-binnenlandse-zaken-2022.219.txt,2023,jaarverslag-binnenlandse-zaken-2022,0,invester aankop opgenom invester gecorrigeerd voorgaand invester opgenom waarvan beslot wijz gefinancierd via leenfaciliteit daadwerk invester bedrag uitvoer correctie opgenom voorlop activer activer definitief administratie verwerkt immateriel vast activa post invester softwareontwikkel nieuw onderhoudsmanagementsystem opgenom oplever system eind gepland moment oplever invester lineair afgeschrev vlottend activa voorrad onderhand post gebouw terrein vastgoedbedrijf opgenom beschik verkop object getaxeerd afgewaardeerd indien taxatiewaard lager boekwaard voorrad verkop onroer goed voorrad verkop onroer goed eigendom toegenom object gewaardeerd kostprijs lager opbrengstwaard opbrengstwaard gebaseerd uitgevoerd intern taxaties voorrad verkop toegenom balanspost opgenom categorie bestat kost rijksvastgoedbedrijf maakt vastgoedobject waaronder opdracht derd verkocht kost bestan beheerkost onderhoudskost kost betreff vastgoedobject eigendom vastgoedbedrijf mak balanspost onderhand werk gat grondexploitatieproject rijksvastgoedbedrijf eig reken risico uitgevoerd waarbij sprak inherent risico onzeker ten aanzien waarder basis huidig waardebepal hoeft beroep gedan garantiestell financien via bzk brief financien vrom twed kamer xiv kabinet kenbar gemaakt instrumentarium organisatorisch inbed deelnam gebiedsontwikkel rijk will versterk zogehet financieel kader twed kamer beschrev sturing beheers ontwikkelingsproject regel gat langlop complex privat partij grot marktonzeker med daardor financiel plaatsvindt een instrument betreft jaarlijk bepal vast stell balanswaarder terugverdi verkop grond onderhand twed kamer vergaderjar vii,"Colonial Exploitation, Slavery & Economic Inequality|Reparations and Remembrance|Modern & Everyday Racism",0.0826393870541337,"[0.041112237580564134, 0.0006049737255237863, 0.00685287581842912]","[True, True, True]","[True, True, True]","[0.0826393870541337, 0.0826393870541337, 0.0826393870541337]","[1, 1, 1]",jaarverslag-binnenlandse-zaken-2022.219.txt__0
jaarverslag-szw-2022.59.txt,Policyarchive_text\jaarverslagen\2023\jaarverslag-szw-2022\jaarverslag-szw-2022.59.txt,2023,jaarverslag-szw-2022,0,uitwerk wet vak hard omschrev kabinet zet programma participatiewet balan veranker vertrouw menselijk mat uitvoer wet daarnaast aandacht vereenvoud gerealiseerd middel drie spor eerst spor betreft samenhang pakket wetswijz professional kort termijn ruimt bied nodig mens ondersteun eerst instantie werk gan zorg toereik inkom vorm participatie uitwerk wetsvoorstel valt coalitiemaatregel verruim bijverdiengrenz nuancer vierwek zoektermijn jonger bepaald gren beschouw lat gift expliciter mogelijk maatwerk kamerstuk spor twee fundamentel heroverweg cipatiewet uitgewerkt langer termijn hierbij opnieuw gekek uitgangspunt wet samenhang breder social stelsel ten slot richt programma spor drie versterk vakkund uitvoer professional werkt kabinet teven verminder hardheid participatiewet via concret per wijzig kostendelersnorm zodat jonger langer meetell kostendeler hoogt uitker huisgenot kamerstuk wetsvoorstel hiervor aangenom beid kamer sociaal minimum kabinet sociaal minimum ingesteld nader hoogt toereik systematiek sociaal minimum mens nodig lev volwaard mee maatschappij daarvan eind verwacht bred offensief circa helft mens beperk stat kant kabinet beoogt arbeidsdeelnam mens beperk vergrot hiertoe kabinet bred offensief gelanceerd stuk bred offensief bevat hiervor verschill ervor zorg mens beperk werk kom belangrijk onderdel vereenvoud inzet instrument loonkostensubsidie lks bevorder ondersteun mat werk lonender mak mens beperk aanleid motie han budget lks ingang basis realisatie gemeent verdeeld kamerstuk stimuleert gemeent lks zet daarmee arbeidskans vergrot mens zelfstand wettelijk minimumlon verdien invoer participatiewet groeid inzet lks gestag ultimo mens behulp lks actief eerder inzet lks gemeent jaarlijk gemonitord volgt evaluatie ging rond lks twed kamer vergaderjar,"Colonial Exploitation, Slavery & Economic Inequality|Reparations and Remembrance|Modern & Everyday Racism",0.1441021585499864,"[0.004743246810654567, 0.0020942567623192273, 0.024739330391522648]","[True, True, True]","[True, True, True]","[0.1441021585499864, 0.1441021585499864, 0.1441021585499864]","[1, 1, 1]",jaarverslag-szw-2022.59.txt__0
jaarverslag-szw-2022.204.txt,Policyarchive_text\jaarverslagen\2023\jaarverslag-szw-2022\jaarverslag-szw-2022.204.txt,2023,jaarverslag-szw-2022,0,omschrijv vindplat stand zak doorontwikkel kamerstuk planning brief twed kamer zomer pleit bilateral gesprek arbeidsmigratie kamerstuk den bred werkt kabinet uitvoer roemeraanbevel aanjaagteam bescherm arbeidsmigrant misstand pak terug dring beheers kabinet zet goed samenwerk lidstat via europes arbeid autoriteit ela gebied informatievoorzien ontwikkel handhavingsbeleid faciliter gezamen gecoordineerd nam pilot informatievoorzien seizoenarbeider georganiseerd ela pilot sprak land inhoud kanal uitdag rondom informatievoorzien arbeidsmigrant kabinet bekijkt mogelijk best concret opvolg gev pilot vanuit szw diver niveaus regelmat contact land origin aanpak misstand verbeter informatievoorzien arbeidsmigrant daaran gerelateerd organiseert kabinet bijeenkomst europes ambassades den hag positie arbeidsmigrant verbeter informatievoorzien spreekt nla span arbeidsinspectie samenwerk beid organisaties verbeter misstand span arbeidsmigrant gan kaart breng variant toekomst sociaal ontwikkelbedrijv financiel consequenties hiervan kamerstuk moment infrastructur sociaal ontwikkelbedrijv opgestart afgerond kort zomerreces kamer geinformeerd arbeidsmarktbeleid reken mee houd werk deeltijd legitiem person keuz kamerstuk planning brief twed kamer eind alsnog start bred integral situatie gezinn kom nieuw nota gezinsbeleid kamerstuk planning brief twed kamer eind han mysteryguestonderzoek vast mak antidiscriminatiebeleid arbeidsmarkt kamerstuk planning brief twed kamer han duidelijk tijdpad vervolg besluitvorm samenwon aow kamerstuk planning brief twed kamer han modelverorden goed begeleid mens functiebeperk zoek behoud ban kamerstuk planning bekend han verkenn procedures eenvoudiger zodat mens arbeidsbeperk sneller ban krijg kamerstuk contact opgenom stichting studer werk mat swom afsprak ingepland helder krijg procedures voorzien gat plas mens wsnp zes maand afrond schuldhulptraject verwijder bepaald voorwaard voldoen kamerstuk kerstreces brief twed kamer verstuurd wijz waarop kabinet uitvoer geeft motie uitvoer hiervan wetsvoorstel kredietregistratie financien planning zomer gedur transitieperiod monitor pensioenfonds nodig verband evenwicht belangenafweg kamerstuk meegenom monitor wet toekomst pensioen gedur transitieperiod verschijnt jaarlijk plan aanpak uitvoer monitor volgt zomer twed kamer overgangsrecht partnerpensioenaansprak gestroomlijnd kamerstuk planning brief twed kamer zomer twed kamer vergaderjar,"Colonial Exploitation, Slavery & Economic Inequality|Reparations and Remembrance|Modern & Everyday Racism",0.0963671323835137,"[0.01529116161841917, 0.0007934314168961503, 0.01713320239162686]","[True, True, True]","[True, True, True]","[0.0963671323835137, 0.0963671323835137, 0.0963671323835137]","[1, 1, 1]",jaarverslag-szw-2022.204.txt__0
uitgangspunten-cultuursubsidies-2025-2028.25.txt,Policyarchive_text\beleidsnotas\2023\uitgangspunten-cultuursubsidies-2025-2028\uitgangspunten-cultuursubsidies-2025-2028.25.txt,2023,uitgangspunten-cultuursubsidies-2025-2028,0,uitgangspunt cultuursubsidies international cultuurbeleid icb draagt national uitwissel samenwerk international culturel profiel draagt icb bilateral relaties land kracht culturel creatiev sector bovendien bijdrag creatiev oploss maatschapp opgav behal sustainabl development goal sdg international cultuurbeleid gezamen buitenland zak buitenland handel ocw uitvoeringspartner dutchcultur eye nieuw institut ambassades icb spel crucial rol verbind culturel sector najar ontvangt twed kamer nieuw international cultuurbeleid period kader schetst international daarbij behor financien nieuw period partner werkzam land gevraagd kader uitgangspunt hanter doelstell focusland aandacht thema omgang koloniaal erfgoed diversiteit inclusie duurzam programma creativ europ europes unie versterk international samenwerk positie culturel sector gebied erfgoed digitaliser innovatie bereik kinder jonger succesvol programma creativ europ creativ europ desk speelt belangrijk end rol huidig period inzet handhav administratiev last,"Colonial Exploitation, Slavery & Economic Inequality|Reparations and Remembrance|Modern & Everyday Racism",0.1236568044670623,"[0.022975952491882418, 0.027323285501613868, 0.0951326778530459]","[True, True, True]","[True, True, True]","[0.1236568044670623, 0.1236568044670623, 0.1236568044670623]","[1, 1, 1]",uitgangspunten-cultuursubsidies-2025-2028.25.txt__0
jaarrapportage-bedrijfsvoering-rijk-2022.56.txt,Policyarchive_text\jaarverslagen\2023\jaarrapportage-bedrijfsvoering-rijk-2022\jaarrapportage-bedrijfsvoering-rijk-2022.56.txt,2023,jaarrapportage-bedrijfsvoering-rijk-2022,0,extra werk ervar plaats mens grot afstand arbeidsmarkt via aanbested will aankop levert concret social winst hanteert inkoopbeleid toepassingsvorm social return klassiek toepass per social return social return ruimt maatwerk waardor social impact mogelijk maatwerk maakt beeld mogelijk social return toe pass breder doelgroep mens afstand arbeidsmarkt vormvrijer invull gev bedien breder social doelstell uitgangspunt social return aanbested werk dienst uitvrag aangepast kans mogelijk betreff categorie markt sector juridisch kader toepass international social voorwaard risico men milieu international keten aangepakt daarom stelt eis bedrijv grot opdracht hoogrisicosector toepass international social voorwaard isv maakt rijksbred inkoopstrategie inkop impact international maatschapp verantwoord ondernem imvo toepass isv verplicht opdracht europes aanbestedingsdrempelwaard acht risicovoll isv draagt uitbann misstand inkoopket gebied mensenrecht milieu kern isv bedrijv lever een acht risicovoll inkoopcategorieen contractueel verplicht due due gebaseerd oeso richtlijn houdt bedrijv ketenrisico kaart breng plan mak risico pak jaarlijk open rapporter gekoz aanpak daarvan stuk proces aangeleverd contractmanager basis hiervan gat manager gesprek leverancier gesprek vindt elk plat contract afloopt doelstell geldt huidig verplicht opdracht europes aanbestedingsdrempel aangewez risicovoll inkoopcategorieen doelstell hiervan verbeter due diligenc bedrijv zodat risico men milieu international keten verminderd ontwikkel basis monitoringssystem vast stell isv vaker toegepast vergelijk eerder zie acht risicocategorieen waarin verplicht toegepast websit pianoo due gebaseerd oeso richtlijn basis aankom europes regelgev csrd csddd jaarrapportag bedrijfsvoer rijk organisatieomvang,"Colonial Exploitation, Slavery & Economic Inequality|Reparations and Remembrance|Modern & Everyday Racism",0.0996270962773435,"[0.014572650283631756, 0.011937542157595427, 0.019685920583760487]","[True, True, True]","[True, True, True]","[0.0996270962773435, 0.0996270962773435, 0.0996270962773435]","[1, 1, 1]",jaarrapportage-bedrijfsvoering-rijk-2022.56.txt__0
jaarverslag-onderwijs-cultuur-wetenschap-2022.194.txt,Policyarchive_text\jaarverslagen\2023\jaarverslag-onderwijs-cultuur-wetenschap-2022\jaarverslag-onderwijs-cultuur-wetenschap-2022.194.txt,2023,jaarverslag-onderwijs-cultuur-wetenschap-2022,0,thema subthema typ afrond status specifiek expertis aanbod lotgenotencontact inricht opvang specifiek tran person groter nadruk pleger huiselijk seksueel geweld preventieactiviteit gedrag veranderd opdracht vanvw uitgevoerd ocw financierder algemen emancipatiemonitor afgerond emancipatiemonitor bevat tweejar emancipatie vrouw hand meest actuel positie vrouw mann brengt monitor stand emancipatieproces kaart basis monitor kennis vergaard genderg arbeidsmarkt vrouw derd europes gender equality index gebied arbeid inkom zet stijging economisch zelfstand financiel onafhank vrouw verder daalt ongecorrigeerd loonklof procent bedrijfslev procent daarnaast arbeidsparticipatie vrouw harder gesteg mann werk vrouw sted grot plat klein deeltijdban daarnaast valt onbenut arbeidspotentieel relatief grot werkend moeder procent vrouw komst eerst kind stopt betaald arbeid gat werk terwijl vader vak voltijd werk betreft kiez sted vrouw bètaonderwijs behalv havo vwo aandel mann zorgopleid stijgt echter vmbo mbo gat ongewenst seksuel aandacht ondervind vrouw zes ker vak werk mann algemen opvat seksuel genderdiversiteit europa afgerond schetst beeld leefsituatie lhbt person domein gezond werk daarnaast schetst monitor beeld opvat algemen bevolk gekek groep achterstand stan ontwikkel hierin zien blijkt nederlander overweg positief denk biseksualiteit slecht procent expliciet negatiev opvat opvat europa ijsland positiever opvat transgender person positief hierover procent nederlander negatiev opvat acceptatie biseksualiteit transgender person toegenom afgelop echter toenam acceptatie laatst par hiervan beperkt sociaal culturel planbureau scp spreekt daarom stagnatie begrensd optimism negatiev opvat lhbt person kom relatief vaker mens verschill religies migratieachtergrond mens gebied juist groep acceptatie sterkst gegroeid algemen leefsituatie lesbisch homoseksuel biseksuel afgerond betreft leefsituatie lhbt person blijkt lhb person vaker slachtoffer geweld respectlos gedrag seksueel geweld heteroseksuel person person relatief vaker seksueel geweld onveiligheidsgevoelen mak procent twed kamer vergaderjar viii,"Colonial Exploitation, Slavery & Economic Inequality|Reparations and Remembrance|Modern & Everyday Racism",0.1186890988151584,"[0.031020626695321105, 0.0051384196562742615, 0.026859862640770022]","[True, True, True]","[True, True, True]","[0.1186890988151584, 0.1186890988151584, 0.1186890988151584]","[1, 1, 1]",jaarverslag-onderwijs-cultuur-wetenschap-2022.194.txt__0
jaarverslag-binnenlandse-zaken-2022.149.txt,Policyarchive_text\jaarverslagen\2023\jaarverslag-binnenlandse-zaken-2022\jaarverslag-binnenlandse-zaken-2022.149.txt,2023,jaarverslag-binnenlandse-zaken-2022,0,jaarverantwoord agentschap rijksdienst identiteitsgegeven rvig per rijksdienst identiteitsgegeven rvig autoriteit regisseur veilig betrouw identiteitsgegeven constant verander samenlev betrouw identiteitsgegeven essentieel belang rvig stat uitstek dienstverlen samenwerk ketenpartner toekomstbestend innovatie burger zowel analog digital verbeter onz product stat nadruk agenda werk wendbar continu verbeter innover uitvoer hiervor doorontwikkel nodig wijz bestur prioriter zowel rvig samenwerk ander basis wetbasisregistratie person brp voert rvig beher registratie ingezeten brp registratie rni overheidsorganisaties voorzien dezelfd persoonsgegeven inwoner land verantwoord beheervoorzien nummer bsn beheert rvig foutenmeldpunt vermoeden voert control mogelijk dubbelinschrijv rvig ziet toe productie uitgifteproces uitgev instanties reisdocument daarnaast beheert rvig register paspoortsignaler rps basisregister reisdocument brr verificatieregister reisdocument central meldpunt identiteitsfraud fout cmi gedur melding ontvang meldpunt fout overheidsregistraties mfo melding hoofdzak betrek had rijksbred straties landelijk aanpak adreskwaliteit laa samenwerk uitvoeringsorganisaties gemeent basis risicosignal adress waarbij huisbezoek afgelegd vanweg diver ontwikkel corona verkiez oekrain crisis prognos huisbezoek bijgesteld signal uitgezet huisbezoek afgerond electronic identification authentication trust services eidas faciliteert rvig betrouw grensoverschrijd europes erkend inlogmiddel digid gekoppeld knooppunt houder digid inlogg toenem overheidsorganisaties circa authenticaties per maand opgeleverd twed kamer vergaderjar vii,Reparations and Remembrance|Modern & Everyday Racism,0.0937042571331636,"[0.014307899536189033, 0.0033805088189979857, 0.0126421156226062]","[False, True, True]","[False, True, True]","[0.0937042571331636, 0.0937042571331636, 0.0937042571331636]","[0, 1, 1]",jaarverslag-binnenlandse-zaken-2022.149.txt__0
jaarverslag-buitenlandse-zaken-2022.70.txt,Policyarchive_text\jaarverslagen\2023\jaarverslag-buitenlandse-zaken-2022\jaarverslag-buitenlandse-zaken-2022.70.txt,2023,jaarverslag-buitenlandse-zaken-2022,0,meerjar moderniser activiteitencyclus mac richt stroomlijn werkprocess rond beher activiteit waaronder ontwikkelingssamenwerk extern partij uitgevoerd context nieuw kersvriend applicatie impact genom zev directies den hag neg ambassades parallel implementatie aandacht bested optimalisatie proces activiteitencyclus kennisopbouw medewerker verder uitrol vindt plat crisismanagement med aanleid ervar afghanistancrisis departemental crisiscoordinatie centrum dcc formel start gegan vrijgesteld central crisiscoordinator verwacht personel bezet dcc begin complet geinvesteerd versterk personel capaciteit terrein crisisbeheers structurel versterk blijvend ondersteun vanuit flexibel schil belangrijk stapp gezet crisisgereedstell vergrot zelfd kader start gemaakt intensiver opleid train oefen post buitenland verduurzam mission sustainabl ten behoev verduurzam gestart praktisch uitvoer programma mission sustainabl eerst helft betek invull roll programma werv mens mission daarnaast aansluit gezocht coordiner directeur inkop directie informatievoorzien digital innovatie directie huisvest facilitair zak afrond diver plann aanpak eerst kwartal vanaf twed kwartal begonn uitvoer verschill activiteit twed helft manifest maatschapp verantwoord opdrachtgev inkop geschrev bhos ondertek teringskader ontwikkeld bepal object dhf eerst verduurzaamd duurzam reiz gestart aanpak vlieg ontwikkel duurzam opgenom toetsingskader eenheid signaler begeleid circulair evenement gestart mission sustainabl prominenter jaarplanaanschrijv post directies opgenom twed kamer vergaderjar,"Colonial Exploitation, Slavery & Economic Inequality|Reparations and Remembrance|Modern & Everyday Racism",0.0824163383692134,"[0.007115462445260167, 0.0025211212785874763, 0.03559945118456573]","[True, True, True]","[True, True, True]","[0.0824163383692134, 0.0824163383692134, 0.0824163383692134]","[1, 1, 1]",jaarverslag-buitenlandse-zaken-2022.70.txt__0
jaarverslag-onderwijs-cultuur-wetenschap-2022.190.txt,Policyarchive_text\jaarverslagen\2023\jaarverslag-onderwijs-cultuur-wetenschap-2022\jaarverslag-onderwijs-cultuur-wetenschap-2022.190.txt,2023,jaarverslag-onderwijs-cultuur-wetenschap-2022,0,thema subthema typ afrond status televisieaanbod kijkgedrag landelijk regional lokal mediastelsel afgerond relevantie televisiepakket neemt onlin voorkeur nieuw gebruik verschuift social media macht international speler toenem diver onlin aanbod betekent vanzelfsprek diver criteria omroep lopend toepass journalistiek stimuleringsfond journalistiek evaluatie lopend toepass cultur doorlicht cultuurdeelnam beleidsdoorlicht cultuurdeelnam afgerond beleidsdoorlicht bekek gericht bevorder cultuurparticipatie period enkel doelmat doeltreff identificatie drie sterk drie zwak punt aanbevel toekomst opgenom beleidsreactie volgt begin war ontwikkel stedelijk regio basis infrastructur cultur bis afgerond beleidsreactie volgt begin visitatie fonds visitatie rijkscultuurfonds lopend toepass digitaliser beleidsevaluatie instrumentarium digitaliser cultur erfgoed lopend toepass erfgoed lichting erfgoed beleidsdoorlicht erfgoed afgerond beleidsdoorlicht erfgoed inclusief erfgoedbalan evaluatie erfgoedwet behandelt archeologie monument roerend erfgoed musea leefomgev immaterieel erfgoed concluder erfgoed algemen zin goed stat benoem aandachtspunt hoewel period slecht zer beperkt systematisch effectiviteitsonderzoek gedan basis logica consistentie beleidsinstrumentarium oordel deskund voorlop getrok grotendel effectief tenslot benoemt doorlicht uitdag erfgoedbeleid beleidsreactie volgt begin cultuureducatie cultuuronderwijs evaluatie muziek klas lopend toepass archiev heidstoet gemoderniseerd archiefwet uitvoerbaarheidstoet archiev afgerond beleidsreactie volgt begin lijn gebracht strategisch evaluatie agenda sea opgenom begrot strategisch evaluatie agenda uitwerk strategisch evaluatie agenda domein cultur media domein omvat gehel mediabeleid cultur media cultur mediabeleid opgedeeld vijf beleidsinhoud samenhang thema gekoz best garantie bestat langjar aansluit beleidspraktijk daarmee herken beleidsmaker politiek specifiek actuel thema basis regeerakkoord gebracht evaluaties ingepland pass kennisbehoeft bekend beslismoment beleidscyclus twed kamer vergaderjar viii,Reparations and Remembrance|Modern & Everyday Racism,0.1242328054675491,"[0.0024450838536038797, 0.044297932331797574, 0.0020919777193195064]","[False, True, True]","[False, True, True]","[0.1242328054675491, 0.1242328054675491, 0.1242328054675491]","[0, 1, 1]",jaarverslag-onderwijs-cultuur-wetenschap-2022.190.txt__0
afschrift-adviesaanvraag-cultuurbestel-van-de-toekomst.2.txt,Policyarchive_text\brieven\2023\afschrift-adviesaanvraag-cultuurbestel-van-de-toekomst\afschrift-adviesaanvraag-cultuurbestel-van-de-toekomst.2.txt,2023,afschrift-adviesaanvraag-cultuurbestel-van-de-toekomst,0,agina onz referentie ontwikkel trend spel maatschappij culturel creatiev sector advies betrek denk ontwikkel trend gat cultuurdeelnam publieksbereik samenwerkingsverband ontwikkel trend vlak kunstdisciplines werkwijz maker instell hand punt adviser samenwerk over rijkscultuurfonds financier gehel advies aandacht balan stabiliteit dynamiek tak sector ondersteun stevig stabiel cultuurbestel tegelijkertijd bestel open dynamisch genoeg spel verander arbeidsmarkt culturel ondernemerschap innovatie blijvend thema sterk weerbar culturel creatiev sector verder verzoek aandacht international blik cultuurbestel best practices land toepas reken houd uitgangspunt ontwikkel trend gat cultuurdeelnam publieksbereik samenwerkingsverband mens aanrak breng cultur zowel gat belev kunst beoefen ervan kans mens deelnam kunst cultur ongelijk verdeeld beleidsdoorlicht blijkt cultuurdeelnam algemen zin geldt hoger eig opleid lager leeftijd des hoger cultuurdeelnam lager eig opleid hoger leeftijd des lager cultuurdeelnam deelnam mens wester migratieachtergrond lager mens wester verzoek adviser vergrot cultuurdeelnam publieksbereik volgend lev cultuurbeoefen draagt maatschapp welzijn bestan inmiddel tal succesvoll initiatiev waarbij welzijnspartner samenwerk culturel creatiev sector cultuurbeoefen land verder versterk mogelijk ziet daarvor bestel kinder jonger talent beoefenar toekomst kinder jonger ler klas minsten grot culturel ontwikkel vindt buitenschol plat jeugd krijgt dezelfd kans cultur nem toekomst cultuurbeleid doorbrek cultur stimuleert creativiteit verbeeldingskracht vaardig jeugd hard nodig volwassen toekomst beter toekomst generaties ingespeeld vraagt toekomst bestel beleidsdoorlicht cultuurdeelnam verder ligt cultuurdeelnam mann algemen lager vrouw uitzonder erfgoed verschill cultuurdeelnam inwoner stedelijk gebied inwoner zer sterk stedelijk gebied gat cultuurdeelnam bred zin klein,Reparations and Remembrance|Modern & Everyday Racism,0.09260033397743,"[0.005733394226126944, 0.012124608634850246, 0.0843756249554997]","[False, True, True]","[False, True, True]","[0.09260033397743, 0.09260033397743, 0.09260033397743]","[0, 1, 1]",afschrift-adviesaanvraag-cultuurbestel-van-de-toekomst.2.txt__0
financieel-jaarverslag-rijk-2022.80.txt,Policyarchive_text\jaarverslagen\2023\financieel-jaarverslag-rijk-2022\financieel-jaarverslag-rijk-2022.80.txt,2023,financieel-jaarverslag-rijk-2022,0,doordat problematiek complex hardnekk kost tijd bestaand problem bedrijfsvoer loss getroff departement bested voortdur aandacht reducer oploss problem meest bevind gan informatiebeveil beher intern beheers contractbeher financiel materiel bedrijfsvoer verzelfstandigingsbeleid uitvoer ontmoet burger bedrijv praktijk werk uitvoeringsorganisaties belangrijk vertrouw essentieel functioneert verzelfstandigingsbeleid rijk vergt daarom continu aandacht nieuw verzelfstandigd organisaties bijgekom opgenom jaarrapportag bedrijfsvoer rijk set regelgev rijksorganisaties afstand twee opgeleverd regelgev ganisaties afstand bred evaluatie organisatiekader rijksorganisaties afstand interdepartemental beleidsonderzoek regel agentschapp samenwerk kabinet beid rapport kabinet wild inzicht krijg kader samenhang saties afstand kaderwet zelfstand bestuursorgan regel agentschapp aanwijz inzak rijksinspecties bedoel hiervan zien war verzelfstandigingsbeleid beter aansluit huidig tijdsbeeld daarin zowel doelmat doeltreff belangrijk alsok waard responsiviteit rechtvaard menselijk mat basis hiervan formuleerd kabinet vier basisprincipes waaran gehel kader organisaties afstand voldoen eensluid beeld afstand plaats tak ten grondslag ligg stelsel stelsel kader samenhang volled stelsel kader herken eenduid geharmoniseerd kader goed balan verschill waard waard rol spel kader nieuw evenwicht verschill waard gezocht kamerbrief eerst kamer eindrapportag bred evaluatie organisatiekader saties afstand kamerstuk aanbiedingsbrief eindrapport ibo schapp werk waard kamerstuk kamerbrief reactie bred evaluatie organisatiekader overheidsorganisaties afstand kamerstuk twed kamer vergaderjar,Reparations and Remembrance|Modern & Everyday Racism,0.0820763482746874,"[0.001266171161470179, 0.0035473252722852612, 0.013663083843835811]","[False, True, True]","[False, True, True]","[0.0820763482746874, 0.0820763482746874, 0.0820763482746874]","[0, 1, 1]",financieel-jaarverslag-rijk-2022.80.txt__0
jaarverslag-justitie-2022.83.txt,Policyarchive_text\jaarverslagen\2023\jaarverslag-justitie-2022\jaarverslag-justitie-2022.83.txt,2023,jaarverslag-justitie-2022,0,een landelijk dekkend stelsel crisisbeheers brandweerzorg contourennota aangekondigd kabinet waardevoll less inzicht recent cyberincident oefen isidor specifiek crisisevaluaties eerst onderzoeksrad coronacrisis wetenschapp studies rapport war mogelijk borgt vernieuwd wettelijk kader eerst stapp kader versterk verbind samenhang national regional crisisstructur gezet vernieuwd instellingsbesluit ministeriel crisisbeheers national handboek crisisbeheers gelijktijd toezend kamer eind rennota crisisbeheers brandweerzorg verder belangrijk stap gezet kom een landelijk dekkend stelsel crisisbeheers brandweerzorg uitvoer contourennota alsok uitvoer ambities terrein crisisbeheers rijksbred veiligheidsstrategie kamer gat zull inhoud basis vorm meerjar gezamen landelijk agenda crisisbeheers opgeleverd toekomst vrijwill belangrijk pijler brandwer vrijwill behoud aanvull verschen gedeeld uitwerk implementatieplan afschaff kazerner consigner brandweervrijwilliger nieuw juridisch opgekom begin gemaakt juridisch beantwoord social zak werkgeleg veiligheidsregio gewerkt goed mogelijk oploss budgettair gevolg budgettair gevolg bedrag realisatie realisatie realisatie realisatie realisatie steld begrot verschil verplicht national terrorismebestrijd agentschapp over bijdrag agentschapp nederland institut nipv medeover bred doeluitker rampenbestrijd over medeover subsidies nederland rod kruis national veilig institut kamerstuk twed kamer vergaderjar,Reparations and Remembrance|Modern & Everyday Racism,0.0863778900898433,"[0.013182336509997158, 0.0240766122035709, 0.009627657346626111]","[False, True, True]","[False, True, True]","[0.0863778900898433, 0.0863778900898433, 0.0863778900898433]","[0, 1, 1]",jaarverslag-justitie-2022.83.txt__0
jaarverslag-onderwijs-cultuur-wetenschap-2022.15.txt,Policyarchive_text\jaarverslagen\2023\jaarverslag-onderwijs-cultuur-wetenschap-2022\jaarverslag-onderwijs-cultuur-wetenschap-2022.15.txt,2023,jaarverslag-onderwijs-cultuur-wetenschap-2022,0,primair voortgezet coronadraaiboek opgesteld daarnaast aandacht bested beter ventiler schol hulpteam optimal ventiler lev geroep schol informer ventilatie lucht elk schol via kenniscentrum gratis bezoek ventilatieteam aanvrag ontvangt aflop bezoek uitgebreid aanbevel informatie miljoen beschik gesteld via geling ventilatie schol schoolbestur subsidie aanvrag aanpass schoolgebouw ten behoev verbeter luchtkwaliteit regel loopt opvolger specifiek uitker ventilatie schol kenniscentrum special websit helpdesk ingericht bekostigd ocw schol telefonisch papier informatie voorzien ventilatie binnenklimat schol voorbereid getroff ervar verzamel techniek effectief drag reducer risico coronabesmet klas gan nader kader ventilatie schol najar geld ontvang aanschaf elk klaslokal hiervor kabinet miljoen beschik gesteld vooralsnog verplicht gewerkt verplicht elk klaslokal nem bouwbesluit afgelop ontving schol funder extra middel vanuit vertrag leerling opgelop coronapandemie herstell funder miljard beschik gesteld schol begonn regel schooljar uitvoer plann oog lastig omstand waaronder schol plann moest uitvoer beslot schol tijd gev looptijd bestedingstermijn twee schooljar verlengd schooljar daarnaast basis onderzoeksresultat beslot middel twed ander verdel middel per leerling gev schol leerling kansrijk achtergrond ondank lastig omstand hernieuwd lerarentekort lukt meest schol goed uitvoer gev plann monitor leerling komt vor eind schooljar sommig vlak sted sprak vertrag som verder toegenom per sector leergebied schoolniveau leerling beeld wissel blek vertrag begrijp lez grotendel ingelop herstel middel beroepsonderwijs middel beroepsonderwijs mbo geraakt genom moest vanweg coronavirus hierdor kond student eerst half volled deelnem fysiek terugker fysiek pas goed duidelijk docent stelling omvang problematiek war student coronacrisis mee kamp problem gebied mental welzijn blijk grot hardnekk mbo hoger studievertrag gevall hardnekk student kom achterstand mbo vanuit voortgezet twed kamer vergaderjar viii,Reparations and Remembrance|Modern & Everyday Racism,0.0804334137667873,"[0.0073577982049650315, 0.010349486092002619, 0.007562064551592357]","[False, True, True]","[False, True, True]","[0.0804334137667873, 0.0804334137667873, 0.0804334137667873]","[0, 1, 1]",jaarverslag-onderwijs-cultuur-wetenschap-2022.15.txt__0
beslisnota-bij-voorhang-conceptregeling-regionaal-investeringsfonds-mbo-2024-2027.9.txt,Policyarchive_text\beleidsnotas\2023\beslisnota-bij-voorhang-conceptregeling-regionaal-investeringsfonds-mbo-2024-2027\beslisnota-bij-voorhang-conceptregeling-regionaal-investeringsfonds-mbo-2024-2027.9.txt,2023,beslisnota-bij-voorhang-conceptregeling-regionaal-investeringsfonds-mbo-2024-2027,0,aanvull bekost bekostigd onderwijsinstell daarom iii toepass financiel verantwoord geschiedt overeenkomst regel jaarverslaggev model financiel verantwoord subsidieverstrek geschiedt overeenkomst regel jaarverslaggev model risicoanalys kenn innovatief karakter aanstur som complex relatief grot partner daarom strategisch risico projectdoelstell concret genoeg geformuleerd algemen risico ondervang verschill genom allereerst aanvrager goed ondersteun aangebod voorbereid subsidieaanvrag geinteresseerd partij mak expertis platform talent technologie aanvull daarop mogelijk voorschouw projectplan lat uitvoer verder projectaanvrag twee fas opgedeeld aanvrag concret plan vereist eerst helft projectdur samenwerkingsverband verplicht halverweg evaluatie voer basis daarvan concret plan mak twed helft projectdur aangescherpt plan twed fas beoordeeld risico hoofd misbruik oneigen beperkt bekostigd aanvrag indien overzicht bekend instell controleert bekostigd onderwijsinstell betreft basis basisinformatie vanuit duo uitvoeringsrisico klein voert inmiddel ervar deskund uitvoeringsteam goed functioner gezien lag risicoprofiel ontvanger sluitend controlebeleid accountantscontrol mogelijk achteraf terug vorder voorwaard voldan art awb mogelijk lid sub kaderregel subsidies ocw szw vws bested middel subsidie terug vorder maakt restrisico nihil kost jaarlijk bedrag miljoen beschik total kost rif period bedrag daarmee miljoen bedrag miljoen begrot uitvoer uitvoer regel ondersteun samenwerkingsverband per review evaluatie,"Colonial Exploitation, Slavery & Economic Inequality|Reparations and Remembrance|Modern & Everyday Racism",0.1073030485266265,"[0.0020749894150481653, 0.0, 0.020913320493548073]","[True, True, True]","[True, True, True]","[0.1073030485266265, 0.1073030485266265, 0.1073030485266265]","[1, 1, 1]",beslisnota-bij-voorhang-conceptregeling-regionaal-investeringsfonds-mbo-2024-2027.9.txt__0
jaarverslag-koninkrijksrelaties-2022.40.txt,Policyarchive_text\jaarverslagen\2023\jaarverslag-koninkrijksrelaties-2022\jaarverslag-koninkrijksrelaties-2022.40.txt,2023,jaarverslag-koninkrijksrelaties-2022,0,algemen doelstell ondersteun houdbar overheidsfinancien curaçao maart ten eerst kwijtscheld schuld curaçao maart ten twed aanbied mogelijk lopend inschrijv actuel rendement staatslen desbetreff looptijd rol verantwoord gelet autonomie land eig verantwoord houdbar overheidsfinancien financieel curaçao maart grond rijkswet financieel curaçao maart rft uitgeoef rijksministerrad binnenland zak koninkrijksrelaties bzk woordelijk financier financiert kost voortkom schuldsaner lopend inschrijv lening curaçao maart via begrot koninkrijksrelaties terug voer bestur afsprak gemaakt aanlop nieuw staatkund verhoud per daarbij oploss gebod toenmal schuldenproblematiek verplicht nem belangrijk schuld curaçao maart nem uitvoer afsprak financieel beher curaçao maart geformaliseerd rijkswet financieel curaçao maart rft basis wet begeleidt adviez colleg financieel curaçao maart cft nisterrad teven rft bepaald lopend inschrijv aanbiedt lening curaçao maart actuel rendement staatslen fend looptijd basis statut koninkrijk nederland land koninkrijk eventueel aanmerk kom hulp bijstand beleidsconclusies liquiditeitssteun maart curaçao aruba vanweg aanhoud gevolg pandemie stat nederland net land aruba maart diteitssteun basis statut koninkrijk nederland besluitvorm rijksministerrad rmr tranches liquiditeitssteun verstrekt via zacht lening afloss vrij lening rent looptijd twed kamer vergaderjar,"Colonial Exploitation, Slavery & Economic Inequality|Reparations and Remembrance|Modern & Everyday Racism",0.1170981107688717,"[0.007935515151320398, 0.023107183423817696, 0.005326020000197456]","[True, True, True]","[True, True, True]","[0.1170981107688717, 0.1170981107688717, 0.1170981107688717]","[1, 1, 1]",jaarverslag-koninkrijksrelaties-2022.40.txt__0
jaarverslag-justitie-2022.97.txt,Policyarchive_text\jaarverslagen\2023\jaarverslag-justitie-2022\jaarverslag-justitie-2022.97.txt,2023,jaarverslag-justitie-2022,0,verzorg eerst opvang ontheemd oekrain aankomst ondersteun plaatsing nod opvanglocaties verschill gemeent over medeover hiervor geraamd begrot realisatie betreft inzet gemeent lvv inzet gemeent overlast geraamd post versterk vreemdelingenket adminstratief technisch gemaakt post bijdrag gemeent betreft subsidies vluchtelingenwerk veren vluchtelingenwerk vwn zet basis universel verklar recht men bescherm behart belang vluchtel asielzoeker vwn wet vastgelegd tak ten aanzien voorlicht zoeker direct aankomst vwn geeft voorafgaand asielprocedur voorlicht procedur rol actor ket eig rol asielzoeker zowel inhoud voorlicht moment voorlicht kort start algemen asielprocedur locaties pol afgestemd coa ind rechtsbijstand geeft vwn begeleid asielprocedur geeft behulp tolk uitleg briev ind advocat helpt verkrijg document document relevant beoordel beschermingsvrag ind vangt voortgang procedur advocat teven gat vwn afwijz gesprek juridisch situatie mogelijk beroep terugker geeft eig steuning terugker vluchtelingenwerk steunfunctie medewerker kwaliteit uitvoer tak borg hieronder vall juridisch helpdesk scholingsmog daarnaast ondersteunt vwn vergunninghouder gezinsheren total toegek subsidie vwn bedroeg national programma oekraien vluchtel realisatie subsidies ondersteun opvang oekraien ontheemd samenwerk aangegan verschill gouvernementel organisaties particulier opvang veilig mogelijk lat verlop justitie rod kruis vluchtelingenwerk takecarebnb leger des heil afgesprok organisaties particulier opvang coordiner faciliter organisaties operer nam refugeehomenl daarnaast ondersteunt rod kruis gemeent opvanglocaties uiteenlop dienstverlen humanitair servicepunt ondersteun inricht crisisnod opvanglocaties gespecialiseerd vervoer hygien kit twed kamer vergaderjar,"Colonial Exploitation, Slavery & Economic Inequality|Reparations and Remembrance|Modern & Everyday Racism",0.0880830329272055,"[0.004580462735288932, 0.0072431391245908906, 0.01890524298096857]","[True, True, True]","[True, True, True]","[0.0880830329272055, 0.0880830329272055, 0.0880830329272055]","[1, 1, 1]",jaarverslag-justitie-2022.97.txt__0
jaarverslag-bhos-2022.23.txt,Policyarchive_text\jaarverslagen\2023\jaarverslag-bhos-2022\jaarverslag-bhos-2022.23.txt,2023,jaarverslag-bhos-2022,0,behulp med gefinancierd minimal pakket kwalitatiev toegepast psychosocial zorg programma opnem mhpss minimum servic lokaliser expliciet opgenom beleidsprioriteit nieuw subsidiebeleidskader humanitair hulp via fonds landenniveau country based pooled fund cbpf financiert direct werk lokal organisaties ging total budget fonds lokal organisaties rechtsord international trekker geblev beter data bewijsvoer innovatie mensgericht toegang recht kader sdg peac justic strong institution world justic forum den hag dertig land partnerorganisaties beslot mensgericht toegang recht landenniveau verder operationaliser via justic action coalition jac teven lid vredesopbouw organiseerd vierd strategisch dialog opbouw belangrijk thema lokal vredesopbouw integratie mhpss vredesopbouw stond agenda financier bijna land vrijgegev screening ruiming landmijn explosiev rest lokal land irak libie jem afghanistan oekrain libanon concret verbeterd international klimaatactie klimaatdiplomatie eerst international klimaatstrategie opgesteld waarin klimaatambitie verhoogd overeenkomst parijs bereik europes europes parlement europes rad akkoord gekom ontbossingvrij product med rol voorzitter amsterdam declaration partnership adp coalitie europes land duurzam ontbossingsvrij waardenketen stoff sterk gemaakt ontwikkel flanker bijhor samenwerk grot consumer land klimaatactie ambitie ontwikkelingsland belang wereldwijd bijgedrag collectief toegezegd usd miljard ciering per druk land verhog werkt champion group adaptation financ verhoogd multilateral least developed countries fund ldcf global environment facility gef lijn nieuw feministisch buitenlandbeleid gelet gelijk klimaatactie onafhank evaluatie nalev genderbeleid blek gef gefinancierd organisaties voldoen gesteld norm verder actiev geleverd genderg rol vrouw meisjes klimaatactie sessie commission status wom begin new york klimaattop twed kamer vergaderjar xvii,"Colonial Exploitation, Slavery & Economic Inequality|Reparations and Remembrance|Modern & Everyday Racism",0.0800094691365662,"[0.012446539053297019, 0.010264962861516107, 0.008324862330724337]","[True, True, True]","[True, True, True]","[0.0800094691365662, 0.0800094691365662, 0.0800094691365662]","[1, 1, 1]",jaarverslag-bhos-2022.23.txt__0
jaarrapportage-bedrijfsvoering-rijk-2022.95.txt,Policyarchive_text\jaarverslagen\2023\jaarrapportage-bedrijfsvoering-rijk-2022\jaarrapportage-bedrijfsvoering-rijk-2022.95.txt,2023,jaarrapportage-bedrijfsvoering-rijk-2022,0,belangrijk afnemer geinstalleerd klantenrad delijk concret mak behoeft product verlen langer termijn helft vastgesteld mak open platform zakendoen rijk inkoopstelsel functioneert nieuw indel beter hefbom realiser kabinetsdoelstell volgend geeft voorbeeld activiteit rijksbred strategisch leveranciersmanagement uitvoer accent voorbeeld ligt sociaal duurzam inkop categorie duurzam inzet rijk extern tijdelijk vervang aanvull onz eig capaciteit dienst wanner extern inkop stell hog eis gebied diversiteit inclusie social return hiermee gev invull rijksbred strategie imi diversiteit inclusie belangrijk gunningscriterium ding belon marktpartij mer will gebied manier dag markt dienstverlen slimm manier toegank mak bred doelgroep drie raamovereenkomst uitgevoerd diversiteit inclusie criterium aanbested selectieprocedur rijkstraineeprogramma traditionel assessment rijk schrijv vacaturetekst positioner functies zet groeituin social return aanbested samenwerk rijk leverancier waarmee band mens afstand arbeidsmarkt realiser categorie draagt hiermee diver inclusiev draagt ook diver inclusiev samenlev categorieplan duurzam inzet rijk open gemaakt plan stat strategie hrm inkop social impact inhuurcategorieen szw bzk gesteld mogelijk onderbetal inhuurkracht rijk szw bzk aangegev merendel inzet tijdelijk personel plaatsvindt via rijksbred inhuurcategorieen categorie uitzendkracht arbeidsparticipant categorie ict werkomgev rijk categorie inhur professional nem onz voorbeeldrol opdrachtgever goed ingehuurd arbeidskracht gan serieus daarom onderzocht war verbeter mogelijk voorbereid eind gestart verwacht informer kamer hierover lop categorie consumptiev dienstverlen ket afvoer verwerk afvalgrondstoff onvoldo transparant vond afgelop diver incident plat daarom afvalzorg grondstoffenmanagement categorie consumptiev dienstverlen ingegrep ket jaarrapportag bedrijfsvoer rijk,"Colonial Exploitation, Slavery & Economic Inequality|Reparations and Remembrance|Modern & Everyday Racism",0.1275775907699572,"[0.008232839462446845, 0.003295291405642871, 0.030222857292419473]","[True, True, True]","[True, True, True]","[0.1275775907699572, 0.1275775907699572, 0.1275775907699572]","[1, 1, 1]",jaarrapportage-bedrijfsvoering-rijk-2022.95.txt__0
beslisnota-s-bij-uitwerking-motie-schoolmaaltijden-en-motie-brugfunctionaris.14.txt,Policyarchive_text\beleidsnotas\2023\beslisnota-s-bij-uitwerking-motie-schoolmaaltijden-en-motie-brugfunctionaris\beslisnota-s-bij-uitwerking-motie-schoolmaaltijden-en-motie-brugfunctionaris.14.txt,2023,beslisnota-s-bij-uitwerking-motie-schoolmaaltijden-en-motie-brugfunctionaris,0,gespecialiseerd meenem voorstel middel verdel conform uitwerk waarbij sbo meegenom waarbij basisonderwijs procentueel middel toebedeeld krijgt financiel gevolg burgfunctionaris vanaf middel beschik gekom kader pijler kanseng coalitieakkoord bedraagt mln structurel middel brugfunctionaris stan instrument bekost julibriefloket zull middel instrument subsidie gezet voorbehoud akkoord middel monitor achtergrond brugfunctionaris moment verschill plek gewerkt brugfunctionariss groning werkt brugfunctionaris dgpv werkbezoek goed voorbeeld rotterdam zaandam zutph brugfunctionariss verschill manier ingezet ouder informer help ondersteun ondersteuningsstructur schol versterk ene ker daadwerk brugfunctionaris genoemd ker gat versterk team inzet bereik echter hetzelfd fundament hiervan opbouw vertrouwensband brugfunctionaris gezin zodat stres sensitief gewerkt vorig nota aangegev ambtelijk gesprek zoud opgestart vws szw gesprek inmiddel gaand ambtelijk gesprek vws szw hen bezien hoeverr inzet komend hen vergrot szw gat nota stur financiel inzet brugfunctionaris bepal vws aangegev financiel ruimt grag meedenk gesprek vng gevoerd staatsecretaris vws maatschapp dialog gestart waarin adresseert hoeverr individuel jeugdzorg oploss problem jonger dialog thema rol bied licht ondersteun hulp jonger ouder versterk ondersteuningsstructur schol inzet brugfunctionaris goed aansluit ctor schol nta schol dra schol indica tie fte dra ctor sisond ijs iljoe sbo iljoe iljoe iljoe sisond ijs iljoe iljoe itw rking doe lgroe inclusie sbo zie sce rio itw rking doe lgroe,"Colonial Exploitation, Slavery & Economic Inequality|Reparations and Remembrance|Modern & Everyday Racism",0.0876309356755478,"[0.0011877746798022518, 0.008699664902303377, 0.026309979278426866]","[True, True, True]","[True, True, True]","[0.0876309356755478, 0.0876309356755478, 0.0876309356755478]","[1, 1, 1]",beslisnota-s-bij-uitwerking-motie-schoolmaaltijden-en-motie-brugfunctionaris.14.txt__0
jaarverslag-onderwijs-cultuur-wetenschap-2022.188.txt,Policyarchive_text\jaarverslagen\2023\jaarverslag-onderwijs-cultuur-wetenschap-2022\jaarverslag-onderwijs-cultuur-wetenschap-2022.188.txt,2023,jaarverslag-onderwijs-cultuur-wetenschap-2022,0,thema subthema typ afrond status professionaliser daarnaast blijkt circa derd lerar docent aangeeft actief gestimuleerd zichzelf verder ontwikkel blijkt stimuler professionaliser informer mogelijk crucial rol ligt leidinggev instell lerarenbeur doeltreff bevond beur draagt verbeter kwaliteit positie lerar zorgt verhog kwalificatieniveau betreft doelmat blijkt circa procent beursontvanger opleid succesvol afrondt meest hiervan werk lerarenbeleid afgerond advies uitgebracht passend organisatievorm aanpak personeelstekort advies gesprok vorm landelijk realisatie eenheid doorzettingsmacht coordiner stur afsprak mak versnell impact praktijk voorop stell implementatie advies gebeur evaluatie experiment instellingsaccreditatie lichter opleidingsaccreditatie evaluatie afgerond evaluatie experiment instellingsaccreditatie lichter opleidingsbeoordel volgend bevind opgeleverd sterk aanwijz bied ruimt vertrouw instell eig kwaliteitszorg vorm gev manier passend instell leidt vergrot betrok eigenaarschap onderwijsgemeenschap ervaart eig regie vormgegev kwaliteitstoets zinvoller kwaliteitsgesprek sluit geval inhoud beter dagelijk bezig docent student ervar last weg deelnem instell duidelijk ervar opbrengst eig regie vormgegev toetsing daardor ervar deelnemer systematiek lichter opleidingsbeoordel algemen doelmatiger regulier accreditatie deelnem instell opleid nadruk gehor eis kijk onderl vergelijk opleid kennis ervar zer belangrijk slag experiment belang voort zet overgang instellingsaccreditatie evaluatieonderzoek financieringswijz ambtsopleid evaluatie afgerond evalueert financieringswijz ambtsopleid vrij universiteit amsterdam evaluatie duidelijk bekost seminaria via structurel bedrag belegg regie geleid kwaliteitsborg expertiseontwikkel samenwerk duurzam financieringsconstructie acht aspect licht wijzig nader vastlegg afsprak nodig principes nieuw financieringswijz toekomst toe borg aanbevol kijk aanpass onderdel huidig financieringswijz wijz waarop financier structurel vorm lumpsum uitgekeerd inachtnem gevolg motie wijz waarop omgegan situaties uittred toetred nieuw ambtsopleid lijn gebracht strategisch evaluatie agenda sea opgenom begrot strategisch evaluatie agenda uitwerk strategisch evaluatie agenda twed kamer vergaderjar viii,"Colonial Exploitation, Slavery & Economic Inequality|Reparations and Remembrance|Modern & Everyday Racism",0.0947633869302251,"[0.0024961316621792367, 0.003125442259103001, 0.040411085266990616]","[True, True, True]","[True, True, True]","[0.0947633869302251, 0.0947633869302251, 0.0947633869302251]","[1, 1, 1]",jaarverslag-onderwijs-cultuur-wetenschap-2022.188.txt__0
jaarplan-2023-kustwacht-caribisch-gebied.5.txt,Policyarchive_text\jaarplannen\2023\jaarplan-2023-kustwacht-caribisch-gebied\jaarplan-2023-kustwacht-caribisch-gebied.5.txt,2023,jaarplan-2023-kustwacht-caribisch-gebied,0,kustwacht koninkrijk nederland gebied jaarplan omgev omgev waarin kustwacht opereert bepaalt del benodigd prioriteitenstell inzet capaciteit navolg factor spel hierbij belangrijk rol voortdur crisis venezuela sterk toegenom international drugshandel recenter ontwikkel coronacrisis naslep hiervan zorg dynamisch werkveld venezuela venezuela verkeert politiek social crisis med uitbrak pandemie verslechterd fragiel humanitair situatie zit echter sted sterk zadel verkiez president petro geleid opstell colombia open gren colombia venezuela heden moeizam verloopt crisis venezuela destabiliser gevolg gehel regio waaronder richting aruba curaçao irregulier migratie grensoverschrijd criminel activiteit transnational criminel organisaties algemen gebied moeilijk bewak lang kustlijn navenant maritiem grenz geografisch ligging gebied grot drug producer doorvoer land grot afzetmarkt verenigd stat europa maakt land gebied kwetsbar transnational georganiseerd effect burger erodeert rechtstat breder gevolg international stabiliteit drugshandel beweegt grotendel vanuit richting amerika europa handel illegal wapen beweegt nam richting gebied resulteert hog aantall moord uitgevoerd illegal wapen hetgen hierbov beschrev gevolg inzet kustwacht blijkt justitieel beleidsplan kustwacht daarin gesteld daarom sluit kustwacht partner toenem inspann bestrijd grensoverschrijd ondermijn criminaliteit rechtsord gebied noodzak stapp toekomstbestend koninkrijksverband adviesrad international vraagstuk kamerbrief min buza min def reactie rijksministerrad rechtsord gebied voortvloei hieruit defensie veiligheidsbeleid regio opgesteld raakvlak werkveld kustwacht zodoend kustwacht expliciet genoemd speler veld,"Colonial Exploitation, Slavery & Economic Inequality|Reparations and Remembrance|Modern & Everyday Racism",0.0874817765279706,"[0.03656735090918406, 0.013159692074992001, 0.0034905387028979903]","[True, True, True]","[True, True, True]","[0.0874817765279706, 0.0874817765279706, 0.0874817765279706]","[1, 1, 1]",jaarplan-2023-kustwacht-caribisch-gebied.5.txt__0
derde-advies-platform-perspectief-jongeren.7.txt,Policyarchive_text\brieven\2023\derde-advies-platform-perspectief-jongeren\derde-advies-platform-perspectief-jongeren.7.txt,2023,derde-advies-platform-perspectief-jongeren,0,hulp onderwijsinstell zoek bovendien lijkt onderwijsinstell mental welzijn student beter netvlies gecommuniceerd student goed eerst stap bestaand problematiek lijf gan echter knelpunt keuz ondersteuningsinitiatiev lijkt vak bepaald mat waarin makkelijk bestaand structur implementer echter student hierdor beter bereikt geholp keuz nam gevolg feit vooraf duidelijk onderwijsinstell lang middel beschik zoud indruk bestat tijdelijk aard middel onderwijsinstell beperkt gestimuleerd innovaties pleg verschill inzet middel onderwijsinstell evident extra student daarnaast komt vor onderwijsinstell slecht beperkt toekom onderl uitwissel best practices ten aanzien specifiek doelgroep gemist kan aangezien instell moeit meest kwetsbar doelgroep bereik gesprekspartner gedeeld bevind verbeter relatie student docent hoger grot belang beperkt aandacht krijgt zull komend extra aandacht bested mental welzijn goed structur draaiend houd kost tijd vereist expertis juist mens beschik preventiev aandacht nodig opbouw collectiev veerkracht student beweg richting preventie omvat versterk communicatie laagdrempel ondersteun vroegsignaler via onderwijz perspectief student gesignaleerd problematiek gesprek ppj student vertegenwoordiger jonger organisaties komt vor mental problem jonger afnem enerzijd gevolg coronacrisis anderzijd gevolg structurel problem gebied mental welzijn onderscheid echter even goed mak problem gevolg corona vooral mak eenzam social element zorg studievertrag corona jonger lastig staand houd gevolg stapel knelpunt weg zelfstand student corona colleg ging vind wer vormgev fysiek moeilijk wer terug collegebank gan student gev corona vak onderwijsinstell daardor fysiek volg werkt negatief meerder vlak sociaal contact netwerk studiemotivatie hen vertrag opgelop daarnaast geeft hen gevoel person ontwikkeld coronacrisis weinig fysiek contact docent studiegenot ander krak kleinjan gezamen veerkracht kans iederen nieuw fundament mental welbevind jeugd ser jongerenplatform veelbelov kans belemmer jonger,Reparations and Remembrance|Modern & Everyday Racism,0.0823754471047914,"[0.004950755861752867, 0.0037140560707472747, 0.02060898796549074]","[False, True, True]","[False, True, True]","[0.0823754471047914, 0.0823754471047914, 0.0823754471047914]","[0, 1, 1]",derde-advies-platform-perspectief-jongeren.7.txt__0
jaarverslag-justitie-2022.18.txt,Policyarchive_text\jaarverslagen\2023\jaarverslag-justitie-2022\jaarverslag-justitie-2022.18.txt,2023,jaarverslag-justitie-2022,0,informeerd twed kamer gegevenswet justitiedomein doorgat vanweg onvoldo financiel middel realisatie implementatie meest prangend knelpunt loss werkt aanpass wet politiegegeven stand zak daarvan overeenstemm kmar bijzonder opsporingsdienst rijksrecherch knelpunt pak effectief toegank recht rechtsbestel werkt iederen start programma stelsel gesubsidieerd stand toekomstbestend mak stelsel stan waarin ieder rechtzoek laagdrempel snell integral manier oploss vind vernieuw bevindt middenin pilotfas werkt prototyp daarmee rechtzoek hulp professional sneller beter oploss vind juridisch problem dienstverlen rechtzoek verbeterd laagdrempeliger gemaakt specifiek aandacht mens digital vaardig navolg ongek onrecht basis casuistiek wodc bekek zelfredzaamheidstoet wet rechtsbijstand tijd vooruitlop hierop voorkom burger wal schip rak ontwikkeld rad rechtsbijstand juridisch loket ord advocat gezamen aanpak organisaties signal ontvang daartoe aanleid gev helpt juridisch loket burger snel verwijst zak complex eerst lijn handel verstrekt rad tijdelijk licht voeging advocat grond regel adviestoevoeg zelfredzam onnod procedures bestuursrecht verder teruggedrong gemeent vanuit burgerperspectief digital bezwaarplatform ontwikkel wetgevingsdialog ringsorganisaties gemeent pakt knellend regelgev hierbij slot ongek onrecht klem balie rapport benadruk burger problem central stan procedur verband werk ministeries bzk jenv enkel wijzig algemen wet bestuursrecht awb gewerkt kwaliteit wetgev hiertoe nam nieuw initiatiev maakt beter bestaand instrument bouwd daarop voort stimuler integral afwegingskader regelgev iak versterk wetgevingstoets beter waarnem benut signal praktijk investeerd beter aansluit rechtsprak behoeft burger daarbij ded ervar verplicht experiment eenvoudiger procedures voorbeeld schuldenrechter wijkrechtbank rechtsprak investeerd experiment maatschapp effectiev rechtsprak twed kamer vergaderjar,"Colonial Exploitation, Slavery & Economic Inequality|Reparations and Remembrance|Modern & Everyday Racism",0.0923760430703401,"[0.01533166192338545, 0.008979910503989351, 0.019687596352870606]","[True, True, True]","[True, True, True]","[0.0923760430703401, 0.0923760430703401, 0.0923760430703401]","[1, 1, 1]",jaarverslag-justitie-2022.18.txt__0
jaarverslag-ienw-2022.287.txt,Policyarchive_text\jaarverslagen\2023\jaarverslag-ienw-2022\jaarverslag-ienw-2022.287.txt,2023,jaarverslag-ienw-2022,0,thema subthema typ afrond status aanbevel begrotingsartikel monitor levend markermer lopend kennis rapportages levend markermer beleidsmat benut ruimtelijk afweg keuzes natuurmaatregel levend markermer adviseert basis zer gedeg ecologisch biedt duidelijk onderbouw geld reserver bepaald typ toekomst ijsselmer dergelijk systeemstudie uitgevoerd ecosystem functioneert ander krijgt mak dezelfd beleidsmat beheerstechnisch monitor jaarevaluatie drinkwatertariev jaarlijk afgerond acm toetst totstandkom drinkwatertariev geblek drinkwaterbedrijv grotendel overeenstemm genoemd regelgev handel acm constateert enkel gebrek handel individuel drinkwaterbedrijv tegelijkertijd drinkwaterbedrijv ten opzicht vorig vergelijk niveau behaald belangrijkst bevind drinkwaterbedrijv hanter juist definitie ander water water drinkwater aangemerkt toedel kost enkel drinkwaterbedrijv financiel vertal wettelijk prestatievergelijk bijbehor verbeterplan begrot kost daarmee tariev onvoldo monitor beoordel jaarlijk kustlijn basiskustlijn jaarlijk jaarlijk dejar bereken tijdig structurel kustachteruitgang lang kust gesignaleerd nodig handel uitvoer zandsuppleties bodem ondergrond ruimtegebruik bodem evaluatie besluit financiel bepal bodemsaner regel financiel bepal bodemsaner lopend oplever vertraagd verkrijg input respondent langer duurd verwacht hxii evaluatie wet elektriciteit drinkwater wedb lopend oplever vertraagd verkrijg input opstell onderzoeksrapport tijd kost voorzien hxii weg verkeersveil slimm duurzam mobiliteit evaluatie flanker afgerond momentel ontbrek duidelijk tussenstapp beheersmaatregel alternatiev plann genom monitor blijkt behaald kenn duidelijk doorreken indicator monitor evaluatie nal jaarlijk afgerond manier lad scor ruim voldoend hoger vroeg respondent algemen rapportcijfer verschill manier lad all soort scor ruim voldoend thuis laadpunt scor hoogst open laadpunt laagst regional verschill open laadpunt landelijk gebied scor algemen lager rapportcijfer twed kamer vergaderjar xii,"Colonial Exploitation, Slavery & Economic Inequality|Reparations and Remembrance|Modern & Everyday Racism",0.08794395358869,"[0.03996121805937341, 0.0020640461327404223, 0.02605126301483036]","[True, True, True]","[True, True, True]","[0.08794395358869, 0.08794395358869, 0.08794395358869]","[1, 1, 1]",jaarverslag-ienw-2022.287.txt__0
jaarverslag-binnenlandse-zaken-2022.115.txt,Policyarchive_text\jaarverslagen\2023\jaarverslag-binnenlandse-zaken-2022\jaarverslag-binnenlandse-zaken-2022.115.txt,2023,jaarverslag-binnenlandse-zaken-2022,0,diver bestaand opleidingstraject rijk aansluit gezocht gedachtengoed rond grenzelos samenwerk leiderschap ontwikkel leiderschap belangrijk beweg grenzelos samenwerk kracht zet community programmadirecteur opgericht netwerk inspiratie verbind leergroep programmadirecteur professionel ontwikkel begeleid diver leeratelier workshop rond praktijk werk complex opgav georganiseerd effort gestok professionel ontwikkel rijktraines hbo traines rijksdienst instek invull gev ambtelijk professionaliteit opgavegericht werk middel ten behoev pok plan ambtelijk vakmanschap juist instrument verantwoord suppletoir begrot gerealloceerd apparat capaciteitsuitgav circa gerealloceerd instrument schapp ten behoev inzet ubr rijksconsultant pok stat uitvoer suppletoir begrot budget gerealloceerd instrument pok leiderschap diversiteit inclusie diver acties gang gezet diversiteit inclusiev werkcultur rijksdienst bevorder diver opdracht gegund communicatie rijksdienst diversiteit inclusie versterk projectmat rijksbred teit organiser diversity wek uitgezet succesvoll interventies inclusiev werkcultur bevorder zodat elkar geleerd interventies evidenc based ingezet begin opgeleverd meerjar gestart inclusiemonitor ontwikkel waarin periodiek mat inclusie rijksdienst gemet zowel kwalitatief kwantitatief rondom handicap kort termijnacties opgepakt handreik ontwikkeld organisaties verdrag voldoen werkplan inclusief uitgewerkt belang collega handicap volwaard lat deelnem arbeidsproces pok bevorder veilig meldklimat ingezet bevorder veilig meldklimat organisaties werkgever ertoe leid mogelijk misstand sneller beter besprek organisaties misstand sneller opgelost veilig meldklimat zorgt ervor medewerker vertrouw goed opvolg afwikkel uitgesprok signal gedan melding twed kamer vergaderjar vii,Modern & Everyday Racism,0.1085440840479949,"[0.005876580254266091, 0.0006180322170501386, 0.03609798038910507]","[False, False, True]","[False, False, True]","[0.1085440840479949, 0.1085440840479949, 0.1085440840479949]","[0, 0, 1]",jaarverslag-binnenlandse-zaken-2022.115.txt__0
jaarverslag-szw-2022.82.txt,Policyarchive_text\jaarverslagen\2023\jaarverslag-szw-2022\jaarverslag-szw-2022.82.txt,2023,jaarverslag-szw-2022,0,jonggehandicapt algemen doelstell biedt jonggehandicapt inkomensondersteun wet arbeidsongeschiktheidsvoorzien jonggehandicapt wajong bestat ingang twee groep jonggehandicapt wajonger mogelijk arbeidsparticipatie wajonger duurzam mogelijk arbeidsparticipatie mogelijk arbeidsparticipatie bestat dicapt ingestroomd vanuit oud wajong stat arbeidsparticipatie central zet via arbeidsondersteun vergrot arbeidsparticipatie daarnaast zet inkomensondersteun waarbij gan werk lon nieuw instrom jonggehandicapt mogelijk arbeidsparticipatie twed duurzam mogelijk patie bestat mens vanuit oud wajong ingestroomd voorzien ziening recht arbeidsondersteun total inkom wajonger dien eventuel partner sociaal minimum ligt uitkeringsgerechtigd toeslag ontvang sociaal minimum grond toeslagenwet zie beleidsartikel rol verantwoord stimuleert vind werk integratieinspann uwv subsidieregel scholing jonger arbeidsbeperk ernstig scholingsbelemmer financiert inkomensondersteun via verstrek uitker roll verantwoord vormgev onderhoud werking stelsel regelgev vaststell niveau uitker hoofd wajong ter beschik stell middel werk help mens arbeidsmog sturing rechtmat doeltreff doelmat uitvoer uwv financien hoofdverantwoord fiscal regelgev wanner fiscal instrument ingezet ling kader jonggehandicaptenbeleid realiser jonggehandicaptenkort szw hiervor medeverantwoord twed kamer vergaderjar,Reparations and Remembrance|Modern & Everyday Racism,0.0856348838577675,"[0.003983720320295731, 0.0009083998358196912, 0.014433022578350448]","[False, True, True]","[False, True, True]","[0.0856348838577675, 0.0856348838577675, 0.0856348838577675]","[0, 1, 1]",jaarverslag-szw-2022.82.txt__0
jaarverslag-defensie-2022.79.txt,Policyarchive_text\jaarverslagen\2023\jaarverslag-defensie-2022\jaarverslag-defensie-2022.79.txt,2023,jaarverslag-defensie-2022,0,defensie informatiegericht stur vastgoed red gestart ontwikkel informatieplan inzicht gev informatie nodig portefeuill object gebouw niveau stur oms bron informatie belangrijk plat krijg informatieplan tussentijd werk rvb defensie inzicht houd vastgoed voordel geleerd less implementatie oms daarnaast taskforc nova periodiek rapportages opgeleverd waardor inzicht bezet benut kazernes groeit rapportages lever input programma transformatie vastgoed rapportages actualisatie vastgoedinformatiepresentatiesystem beheerd rvb waarin gebouw defensie opgenom momentel rapport opgeleverd peildatum balan budget vastgoedportefeuill kom balan budget vastgoedportefeuill defensie mogelijk verder verkend feuill middel concentrer verduurzam vernieuw formatie vastgoedportefeuill pass vastgoedportefeuill taakuitvoer optimal ondersteunt bestend bijdraagt werkbelev trot duurzam war mogelijk samenlev regio verbond voorhen doelstell aanpak transformatie vastgoed gebaseerd diver aanbevel temental beleidsonderzoek toekomstbestend feuill defensie verantwoordingsonderzoek ambtelijk verkenn geleid vertrekpunt gebaseerd financiel kaderstell gebaseerd eerder genoemd rekenmodel onderl afhank extern ontwikkel gefaseerd realisatie ambtelijk vertrekpunt waarbij grot strategisch stapp eerst gezet moment defensie plan object pak bestur voornem gecommuniceerd strategisch vastgoedplan geleid zes onvolkom autorisatiebeher verder gewerkt onvolkom satiebeher weg werk domein teit plan aanpak stapsgewijs gerealiseerd beperkt personel capaciteit functiescheidingsconflict vergelijk niveau vorig voorkom conflict mogelijk val scherp afstell herijk conflict maakt plan aanpak aanpass huidig autorisatieopzet vindt beperkt plat ingezet geactualiseerd autorisatieopzet verband transitie hana mivd navolg aanbevel ingegan risico bedrijfsvoer mivd twed kamer vergaderjar,Reparations and Remembrance|Modern & Everyday Racism,0.0957894944142799,"[0.0033562687560465708, 0.0013440082573177908, 0.017811223186256525]","[False, True, True]","[False, True, True]","[0.0957894944142799, 0.0957894944142799, 0.0957894944142799]","[0, 1, 1]",jaarverslag-defensie-2022.79.txt__0
jaarverslag-ezk-2022.236.txt,Policyarchive_text\jaarverslagen\2023\jaarverslag-ezk-2022\jaarverslag-ezk-2022.236.txt,2023,jaarverslag-ezk-2022,0,inhur extern economisch zak klimat verslagjar bedrag apparaatskost formatieadvies beleidsadvies communicatieadviser beleidsgevoel som juridisch advies adviser opdrachtgever automatiser accountancy financien administratiev beleid ondersteun som uitzendkracht formatie piek ondersteun bedrijfsvoer uitgav inhur extern inhuurpercentag kabinet hanteert aanleid motie roemer norm extern inhur total personeelskost evenal voorgaand norm overschred percentag ezk komt period overschrijd norm inhur extern personel vooral veroorzaakt ncg dictu rvo inhuurpercentag ezk period ncg dictu rvo komt ncg kenmerkt projectorganisatie tijdelijk aard benodigd capaciteit sterk gegroeid formatie per uitgebreid fte formatie uitbreid mogelijk vast aanstell verruimd zwar ingezet werving echter ncg mak volgend omstand krapt arbeidsmarkt voll breedt breedt openstaand vacatures grot specifiek vak technisch georienteerd functies vacatures bestat relatief belangstell salarisniveau rijk voldoend concurrer vergoed verstrekt via detacheringsbureaus behoeft bepaald functies bestat relatief kort period behoeft aanhoud relatief ruim flexibel schil hoger inhur percentag dictu komt nam behoeft specifiek vooral ontwikkel nieuw applicaties structurel hog opdrachtgever rijksbeleid vlak energie klimat landbouw rijk digitaliser ord krapp arbeidsmarkt mogelijk gemaakt groei intern formatie gezien kerntak fluctuer opdrachtenportefeuilles dictu ezk haalbar inhur beperk jaarlijk formuler inhuurstrategie verscherpt dur inhur telijk samenwerk twed kamer vergaderjar xiii,"Colonial Exploitation, Slavery & Economic Inequality|Reparations and Remembrance|Modern & Everyday Racism",0.0892843665666478,"[0.007558713970408387, 0.0018877404236563133, 0.02516521052674162]","[True, True, True]","[True, True, True]","[0.0892843665666478, 0.0892843665666478, 0.0892843665666478]","[1, 1, 1]",jaarverslag-ezk-2022.236.txt__0
jaarverslag-binnenlandse-zaken-2022.31.txt,Policyarchive_text\jaarverslagen\2023\jaarverslag-binnenlandse-zaken-2022\jaarverslag-binnenlandse-zaken-2022.31.txt,2023,jaarverslag-binnenlandse-zaken-2022,0,openbaarheidsparagraf goed informatiehuishoud informatievoorzien noodzak element onz democratisch rechtsstat burger bedrijv ngo parlement journalist wetenschap toegang informatie nodig war recht mak wetgev keuzes gemaakt transparant correct toegank informatie essentieel degelijk bedrijfsvoer informatie grondstof waarmee ambtenar overheidsorganisaties werk bzk programma bzk transparant opgestart verbeter informatiehuishoud ziening implementatie wet open woo projectteam informatiespecialist bzk transparant bied bied kader ontwikkel nieuw werkwijz ondersteun beleid onderdel agentschapp uitvoeringsorganisaties departement stapp nodig behal verbeter informatiehuishoud verschill onderdel bzk plann gemaakt versterk informatiehuishoud informatievoorzien start gemaakt uitvoer daarvan belang goed informatiemanagement onderk medewerker zoek vak goed informatie omgan daarom geinvesteerd factshet gev workshop mak document management system digidoc medewerker ervar digidoc gebruiksonvriend vraagstuk rond emailarchiver chatbericht blijk complex departement ervar gebied tem gestart kwaliteit belangrijkst system koppel beeld breng actiev openbaarmak wet open woo per kracht woo bedoeld over transparanter mak ervor zorg overheidsinformatie beter vindbar uitwissel eenvoud ontsluit goed archiver woo ertoe geleid laagdrempel bereik via zogenoemd via contactpunt bzk benader wetgev informatie vermeld stat een verplicht vanuit woo informatiecategorieen convenant onderzoeksrapport open mak vanuit openbaarmak gestart inventarisatie huidig process informatiecategorieen verwacht gestart verplicht actief open mak eerst categorieen daarnaast aansluit gemaakt interdepartemental afstemm aansluit rijksbred platform open overheidsinformatie plooi derd verplicht vanuit woo bestat plichting informatie actief open mak hierop spel gewerkt uitvoer meerder pilot actief open mak dossier pilot werking beleidsdirecties kennis ervar werkwijz informatie bepaald dossier actief open mak gat twed kamer vergaderjar vii,Reparations and Remembrance|Modern & Everyday Racism,0.0967628922926591,"[0.012130864050408518, 0.0030799553063444968, 0.030089448480522328]","[False, True, True]","[False, True, True]","[0.0967628922926591, 0.0967628922926591, 0.0967628922926591]","[0, 1, 1]",jaarverslag-binnenlandse-zaken-2022.31.txt__0
jaarverslag-ezk-2022.19.txt,Policyarchive_text\jaarverslagen\2023\jaarverslag-ezk-2022\jaarverslag-ezk-2022.19.txt,2023,jaarverslag-ezk-2022,0,waakzam ongewenst overnames ongewenst strategisch afhank ontstan hoogwaard kennis weglek gevolg onz concurrentiekracht zelf national belangrijk ezk rondom economisch wet veiligheidstoet invester fusies overnames vifo twed eerst kamer aangenom wet zorgt veiligheidstoet invester fusies overnames risico vorm national veiligheidstoet geldt drie soort bedrijv organisaties vital aanbieder ondernem sensitiev technologie beheerder campuss actor invester fusies overnames meld bureau toetsing invester bti economisch zak klimat bti beoordeelt vervolgen risico ontstat national wet belangrijk waarborg ingebouwd ongewenst invester fusies overnames voorkom ten slot national grondstoffenstrategie senteerd twed kamer strategie ingezet voldoend beschik kritiek mineral metal circulariteit vind schar alternatiev verklein impact men milieu belang zowel voorkom eenzijd afhank duurzam verdienvermog omslag circulariteit industriebeleid toekomst industrie essentieel omslag circulariteit klimaatneutraliteit ingezet succesvoll verduurzam industrie verschill industrie hoogproductiev sector economisch waard onz open strategisch autonomie erbij gebat nodig bred transities circulariteit klimaatneutraliteit succesvoll groen industrie goed onz eig heidsdoel mondial omslag nodig vanuit gedacht kabinet beslot maatwerkafsprak mak twintig grootst industriel uitstoter broeikasgass bedrijv hierbij uitgedaagd ambitieuz plann kom uitstot reducer henzelf ket impact leefomgev verbeter drie bedrijv hiertoe expression principles getek tata stel dow nobian hiermee eerst concret stap juridisch afdwing maatwerkafsprak gezet ander speerpunt opstell sectorplann corona hoewel corona grot belemmer economie belangrijk voorbereid eventuel oplev virus hiertoe sectorplann opgeleverd schets goed aansluit sector sector wet kamerstuk twed kamer vergaderjar xiii,"Colonial Exploitation, Slavery & Economic Inequality|Reparations and Remembrance|Modern & Everyday Racism",0.0858897501470802,"[0.004233329294159584, 0.013261430149883227, 0.014680689404028334]","[True, True, True]","[True, True, True]","[0.0858897501470802, 0.0858897501470802, 0.0858897501470802]","[1, 1, 1]",jaarverslag-ezk-2022.19.txt__0
inspectie-van-het-onderwijs-ontwerp-jaarwerkplan-2024.7.txt,Policyarchive_text\jaarplannen\2023\inspectie-van-het-onderwijs-ontwerp-jaarwerkplan-2024\inspectie-van-het-onderwijs-ontwerp-jaarwerkplan-2024.7.txt,2023,inspectie-van-het-onderwijs-ontwerp-jaarwerkplan-2024,0,effectief beter onz missie will inspel opgav zien behoud verbeter onderwijskwaliteit continuiteit daarvan trad onderzoekskader voorschol educatie primair voortgezet voortgezet speciaal middel beroepsonderwijs werking daarmee stat ontwikkel stil sted bezig verder ontwikkel natur will zeker continuiteit bied tegelijkertijd will wendbar inspel nieuw ontwikkel richt versterk effect driehoek gev aandacht schol opleid hierbij integral adaptiev opgavegericht aanpak ogen aanpak waarin wendbar snel schakel thema prioriteit krijg waarbij actief bestur thema war meest nodig inhoud focus programma versterk ligt verbeter basisvaard leerling student versterk social schol instell middel eerst plat instellingstoezicht stelselonderzoek will systematisch zicht krijg functioner stelsel specifiek mat waarin wijz waarop stelsel kernfuncties kwalificatie socialisatie allocatie inclusief gelijk kans vervult ambities komend period zull weerslag inspectieorganisatie groeit gat groei snel beoogd gevolg personeelsverlop krapp arbeidsmarkt grot belang groei verder professionaliser zorgvuld hanter wijz gestalt krijg jaarwerkplan beschrijv onz werkwijz ten aanzien bestur schol instell opleid daarbij gan programma versterk betekent beschrijv keuzes mak stelseltoezicht onz onderzoeksprogrammer daarbij hak kernfuncties programmer stelselonderzoek meerjar speerpunt stelselonderzoek basisvaard passend gelijk kans lat zien partij samenwerk national international werk inspectierad sociaal domein beschrijv enkel specifiek tak werk vertrouwensinspecteur nalev wet normer topinkomen,Reparations and Remembrance|Modern & Everyday Racism,0.0866578244826242,"[0.009505088425654966, 0.011436478600592227, 0.013092195485140814]","[False, True, True]","[False, True, True]","[0.0866578244826242, 0.0866578244826242, 0.0866578244826242]","[0, 1, 1]",inspectie-van-het-onderwijs-ontwerp-jaarwerkplan-2024.7.txt__0
jaarverslag-vws-2022.121.txt,Policyarchive_text\jaarverslagen\2023\jaarverslag-vws-2022\jaarverslag-vws-2022.121.txt,2023,jaarverslag-vws-2022,0,middel meldprocedur rijksbred vastgesteld baselin intern persoonsgericht gingsincident bipo geimplementeerd bipo bevat teven basisnorm meldingsfas persoonsgericht vooronderzoek feitenonderzoek afdoeningsfas daarin aandacht disciplinair beveiligingsincident betreft fraudepreventie hierbov genom generiek gericht integriteit medewerker generiek gericht functiescheid toepass frauderisico bedrijfsvoer echter specifiek aandacht proactiev benader aanzet gemaakt frauderisico beheersmaatregel kaart breng overleg directie financieel economisch zak fez directie bedrijfsvoer personel obp adr omtrent fraud bijbehor rolverdel geleid duidelijker afbaken aanleid genom acties geblek kaart breng frauderisico beheersmaatregel aanpak vraagt verder uitwerk hiervan waarbij gemaakt expertis quickscan adr verder opgepakt concret genom kader ventie betreft aangepast procedur betrek tussentijd wijzig iban nummer belangrijk toevoeg proces benodigd bewijsstuk gecontroleerd senior medewerker zichtbar audittrail risicomanagement planning control cyclus aangescherpt ten opzicht voorgaand risicomanagement prominenter aanwez aanschrijv bestedingsplann daarnaast risicomanagement aandacht gekreg ontwikkeld aanschrijv plann aandacht politiek risico daarbij werd directies gevraagd beheersmaatregel kaart breng geleid extra uitgebreid risicoparagraf jaarplann manier krijgt voortijd inzicht lopend risico adequaat gehandeld werd hen besprok gesprek portefeuillehouder teven aandacht risicomanagement niveau bestuursrad gewaarborgd deelnam bestuursraadled gesprek hiermee lag aandacht risicomanagement extern inhur vws personel uitgav bested inhur extern overschrijd norm norm bedraagt gevolg onzeker omtrent tijdelijk opdracht verband corona rivm cibg cbg mak gehad relatief hog uitgav extern inhur twed kamer vergaderjar xvi,Modern & Everyday Racism,0.0885437744847146,"[0.014257872802177132, 0.009887653717064543, 0.024939700588292316]","[False, False, True]","[False, False, True]","[0.0885437744847146, 0.0885437744847146, 0.0885437744847146]","[0, 0, 1]",jaarverslag-vws-2022.121.txt__0
jaarverslag-bhos-2022.53.txt,Policyarchive_text\jaarverslagen\2023\jaarverslag-bhos-2022\jaarverslag-bhos-2022.53.txt,2023,jaarverslag-bhos-2022,0,versterk meest gemarginaliseerd gediscrimineerd groep zodat stem lat hor versterk daarmee bijdrag vergrot kans perspectiev jonger toenam goed opgeleid professional versterk beroepsonderwijsinstell bevorder levant rol verantwoord verantwoord financier financier programma multilateral organisaties gouvernementel organisaties bedrijv over kennisinstell meest perspectief bied verwezen beoogd gebied srgr vrouwenrecht gelijk versterk meest gemarginaliseerd mineerd groep financier programma gericht versterk maatschapp middenveld ontwikkelingsland via gisch partnerschapp financier initiatiev terrein via ondersteun global partnership education programma gericht vergrot perspectiev kans jonger generation unlimited programma nexus werkgeleg bevorder versterk beroepsonderwijsinstell via orang knowledg programma okp netherland initiativ capacity development higher education nich opleid onal via netherland fellowship program nfp kennisplatform development policies srgr international stimuler bijdrag structurel armoedebestrijd bevorder inclusiev groei ontwikkel mens steun invloed oefen mogelijk kans vergrot drag inclusiev ontwikkel specifiek achtergesteld crimineerd groep waaronder vrouw meisjes inzet seksuel reproductiev gezond recht multilateral fora speelt actiev rol icpd beyond uitvoer srgr genderg agenda bilateral dialog partnerland samenwerk ngo samenwerk privat partij bedrijfslev werk goed international kader vrouwenrecht gelijk multilateral fora ondersteun lokal organisaties ter versterk politiek participatie economisch zelfstand actiev rol vrouw cess uitbann geweld vrouw lokal ervar ingebracht multilateral fora vic versa samenwerk maatschapp middenveld tional beleidsagenda bevorder politiek ruimt national fora waaronder global partnership effectiv development cooperation gpedc inzet jonger ontwikkelingsland twed kamer vergaderjar xvii,"Colonial Exploitation, Slavery & Economic Inequality|Reparations and Remembrance|Modern & Everyday Racism",0.0890042717581467,"[0.0015217668118730013, 0.010224588409203645, 0.0231312413255446]","[True, True, True]","[True, True, True]","[0.0890042717581467, 0.0890042717581467, 0.0890042717581467]","[1, 1, 1]",jaarverslag-bhos-2022.53.txt__0
jaarrapportage-bedrijfsvoering-rijk-2022.89.txt,Policyarchive_text\jaarverslagen\2023\jaarrapportage-bedrijfsvoering-rijk-2022\jaarrapportage-bedrijfsvoering-rijk-2022.89.txt,2023,jaarrapportage-bedrijfsvoering-rijk-2022,0,medewerker bewust kiez thuiswerk blijkt aangevraagd declaraties bijna medewerker minimal een ker declaratie ingedi thuiswerkvergoed hierop recht volgen cao rijk waarder thuiswerk hog medewerker bijna unaniem procent digital vaardig voel bovendien procent hen tevred faciliteit rijksorganisatie biedt huisvest faciliteit masterplann rijkskantoorhuisvest basis masterplann optimaliser vesting rijk eerst masterplan kernministeries regio den hag opgesteld daarna provincies masterplann gemaakt efficiency bespar belangrijk reden masterplann kom plann herzien focus verschof verbeter kwaliteit strev kleiner hoogwaard goed gepositioneerd kantorenportefeuill masterplann opnieuw herzien basis actuel huisvestingsbehoeft period onz kantor treff voortdur fysiek dewerker goed mogelijk werk ondersteun keuz vestigingslocatie stat primair proces huisvest rijksdienst voorop overweg spel efficiency bedrijfsvoer kostenbespar rijk potentieel regio actualiser masterplann period aandacht spreiding land dienst werkgeleg daarbij hoort rijkswerkgeleg werkt immer positief leefbar kracht regio dichtbij versterkt binding mens regio komend period stur kwaliteit via liseerd masterplann daarbij houd reken ontwikkel hybrid werk impul gev spreiding werkgeleg waarbij mens werk rijk won regio hybrid werk daadwerk tor ontwikkel termijn consequenties tingsbehoeft daarnaast gebruik masterplann instrument heidsdoelstell behal drag hoogwaard huisvest via portefeuillestrategie implementer rijkskader fwr fysiek werkomgev rijk nkbr normenkader beveil rijkskantor medewerker werkomgev aantrek nodigt grenzelos samenwerk huisvestingskost kantorenstelsel bedroeg miljoen euro specialtystelsel miljoen euro tingskost berek hand riev rapportages rijksbred monitor hybrid werk maand jaarrapportag bedrijfsvoer rijk,"Colonial Exploitation, Slavery & Economic Inequality|Modern & Everyday Racism",0.0810998224908889,"[0.008523320566134552, 0.002653580731993821, 0.027135409347174674]","[True, False, True]","[True, False, True]","[0.0810998224908889, 0.0810998224908889, 0.0810998224908889]","[1, 0, 1]",jaarrapportage-bedrijfsvoering-rijk-2022.89.txt__0
jaarverslag-hoge-colleges-van-staat-2022.25.txt,Policyarchive_text\jaarverslagen\2023\jaarverslag-hoge-colleges-van-staat-2022\jaarverslag-hoge-colleges-van-staat-2022.25.txt,2023,jaarverslag-hoge-colleges-van-staat-2022,0,kabinet gouverneur aruba algemen doelstell kabinet gouverneur aruba tak ondersteun gouverneur aruba hoedan vertegenwoordiger koning hoofd reger aruba hoedan vertegenwoordiger reger koninkrijk gezien ondersteun rol tak kabinet afgeleid tak bevoegd gouverneur voornam geregeld statut koninkrijk nederland staatsregel aruba reglement gouverneur aruba kabinet tak behandel consulair aangeleg aangezien gouverneur teven bevoegd kader verkrijg nederlanderschap verstrek paspoort visa person woonacht aruba rol verantwoord binnenland zak koninkrijksrelaties bzk woordelijk beher begrot begrot over hog colleges stat kabinet gouverneur kiesrad colleges voer beher begrot begrotingsdel inhoud beher lid comptabiliteitswet afsprak vastgelegd zogenoemd beheerafsprak colleges waarin recht gedan staatsrecht positie handel gouverneur landsorgan legg aruba verantwoord stat aruba gouverneur koninkrijksorgan verantwoord reger koninkrijk gouverneur onderhoudt contact over aruba stat maatschapp organisaties bestuurder land koninkrijk gouverneur onderhoudt contact ambassadeur koninkrijk stat regio relaties gouverneur maart curaçao geinstitutionaliseerd onderhoud kabinet onderhoudt contact organ zowel koninkrijk uitvoer rijksregelgev werkt kabinet verschill ministeries agentschapp dienst beleidsconclusies beleidswijz twed kamer vergaderjar iib,"Colonial Exploitation, Slavery & Economic Inequality|Reparations and Remembrance|Modern & Everyday Racism",0.0980931516548961,"[0.02089597028390865, 0.01529694007505836, 0.004674854414947091]","[True, True, True]","[True, True, True]","[0.0980931516548961, 0.0980931516548961, 0.0980931516548961]","[1, 1, 1]",jaarverslag-hoge-colleges-van-staat-2022.25.txt__0
jaarplan-2023-kustwacht-caribisch-gebied.19.txt,Policyarchive_text\jaarplannen\2023\jaarplan-2023-kustwacht-caribisch-gebied\jaarplan-2023-kustwacht-caribisch-gebied.19.txt,2023,jaarplan-2023-kustwacht-caribisch-gebied,0,kustwacht koninkrijk nederland gebied jaarplan kennis vaardig vertrouwensperson integriteit peil houd organiseert kustwacht verdiepingstrain periodiek intervisies intervisies aandacht bested casuistiek nieuw beleid ontwikkel actuel thema gebied integriteit gepland risico analys integriteit blek vanweg intern capaciteitsgebrek haalbar daarom opnieuw opgenom verder invull pilar integriteit kms dergelijk analys verschaft inzicht eventuel kwetsbar laatst uitgevoerd onderzoekt kustwacht mogelijk process pilar integriteit kms volled digitaliser regel procedures integriteitsbeleid gebaseerd norm waard net verschill partner justitiel ket vastgelegd gedragscod regla regla regel regel norm waard formel ondersteund structur werkprocess kustwacht mak control eig personel geldend gedragscod kracht handhav integriteit kustwacht treedt eventuel integriteitschend medewerker aanpak integriteitschend geeft duidelijk signal kustwacht waard hecht integriteit schroomt hierop handel bekrachtigt bestaand norm verkleint risico toekomst schending kustwacht net voorgaand signal eventuel schending eig personel medewerk verschaff intern gericht hierover transparant gecommuniceerd gebied integriteit intentie verschuiv mak reactief proactief mogelijk zelf voorspell werk werkt kustwacht verder leerproces integriteit personel verhog morel plichtsbesef geldt nam personel leidinggev positie verschill voorlichtingssessies workshop aandacht bested milieu duurzam algemen milieu management system vmms kustwacht integral kms ontwikkelt verder manier creeert kustwacht werkplek war risico process middel waarmee personel aanrak komt onderk war nodig gemitigeerd beschrijft plann gebied milieu plann vertal operationel aspect beleidsaspect analyses operationel aspect fysiek veilig werkplek verder borg rust kustwacht volled vlot metal shark interceptor benodigd aanpass zie,Reparations and Remembrance|Modern & Everyday Racism,0.0985104109993904,"[0.020579912885548463, 0.008653695709896886, 0.022790161026536648]","[False, True, True]","[False, True, True]","[0.0985104109993904, 0.0985104109993904, 0.0985104109993904]","[0, 1, 1]",jaarplan-2023-kustwacht-caribisch-gebied.19.txt__0
briefwisseling-ap-belastingdienst-deel-25.40.txt,Policyarchive_text\brieven\2023\briefwisseling-ap-belastingdienst-deel-25\briefwisseling-ap-belastingdienst-deel-25.40.txt,2023,briefwisseling-ap-belastingdienst-deel-25,0,vastgesteld daarom steekproef particulier ondernem uitgevoerd segment grot ondernem start hand aselect steekproef daarin relatie individuei klantbehandel complianc grot ondernem diepgaand onderzocht afgerond kom eerst deelrapportages beschik daarnaast verschill segment geexperimenteerd aanpak specifiek richt burger bedrijv structured slecht belastingmoral gekoppeld doorlop fiscal laakbar gedrag strategic ais kenmerk doorlop nodig hinder volg gericht stopp vertoond fiscal gedrag fiscal activiteit ervar zichtbar belastingdienst beiangrijk bevestigt compliant gedrag burger draagt gepercipieerd pakkan degen nauw nem verplicht zichtbar kent vel vorm varier intensiteit zichtbar mogelijk internet via belastingdienstwebsit social media ward bevorderd via relevant netwerk zichtbar aanwez strat burger bedrijv ligt uitdag via handhav communicatie hahdhavingsregie voortvioei activiteit versterk ervar zichtbar belastingdienst vergrot laatst aandachtsveld noodzak afstemm dienstverlen toegesned dienstverlen enorm help voorkom non complianc vandar nodig band dienstverlen hal ontwikkel activiteit wer elkar stemm verschill klantkenmerk verschill aanpak dezelfd effect vier segment verantwoord klantgroep verschill kenmerk volum segment semi massal process smp particulier dienstverlen bezwar zer grot belastingplicht beperkt middel process segment mid kleinbedrijf mkb kent zowel relatief belastingplicht middel process terwiji segment grot ondernem verantwoord beperkt entiteit process middel for finandee belang complexiteit klant neemt genoemd volgord toe evenal doorgan kwaliteit niveau belastingplicht dien adviseur aanwez financieel fiscal kennis hen ter beschik staand middel tol varieteit vraagt verschill handhavingsstrategieen ligt pdb zwaartepunt realiser zodan informatiepositie aangift zovel mogelijk vooraf vull daaran gekoppeld dienstverlen mat ongestoord klant klant process smp klantbehandel massat karakter mkb verschilt aanpak per categorie ondernemer toenem mat gebaseerd ondernemer feitelijk vertoond fiscal gedrag fiscal belang daarbij vanzelfsprek zovel mogelijk gemaakt kwaliteit ander,Reparations and Remembrance|Modern & Everyday Racism,0.1363636363636363,"[0.007225389503771555, 0.0020240617069381406, 0.029031261621939114]","[False, True, True]","[False, True, True]","[0.1363636363636363, 0.1363636363636363, 0.1363636363636363]","[0, 1, 1]",briefwisseling-ap-belastingdienst-deel-25.40.txt__0
homogene-groep-internationale-samenwerking-jaarverslag-2022.34.txt,Policyarchive_text\jaarverslagen\2023\homogene-groep-internationale-samenwerking-jaarverslag-2022\homogene-groep-internationale-samenwerking-jaarverslag-2022.34.txt,2023,homogene-groep-internationale-samenwerking-jaarverslag-2022,0,begrot mutatie realisatie duurzam economisch ontwikkel handel invester bhos duurzam investeringssytem incl mvo versterkt investeringspositie versterkt privat sector arbeidsmarkt ontwikkelingsland ezk goed functioner economie markt opdracht goed functioner economie markt bijdrag inter national organisaties bedrijvenbeleid innovatief duurzam ondernem bijdrag inter national organisaties duurzam ontwikkel voedselzeker water klimat bhos klimat algemen waterbeleid partner deal weg verkeersveil netwerk international coordinatie samenwerk meteorologie seismologie aardobservatie contributie programmamiddel doelmat duurzam energievoorzien opdracht doelmat duurzam energievoorzien bijdrag inter national organisaties bijdrag inter national organisaties fao unep bijdrag inter national organisaties social vooruitgang incl wetenschapp international subsidies vws algemen international samenwerk bhos seksuel reproductiev gezond recht versterkt kader ontwikkel bhos over armoedebeleid financiel markt opdracht technisch assistentie over uitgav over uitgav begrot financien ienw ezk lnv ocw,"Colonial Exploitation, Slavery & Economic Inequality|Modern & Everyday Racism",0.0814091578410694,"[0.013193908746865116, 0.019638060633515936, 0.007350485817148609]","[True, False, True]","[True, False, True]","[0.0814091578410694, 0.0814091578410694, 0.0814091578410694]","[1, 0, 1]",homogene-groep-internationale-samenwerking-jaarverslag-2022.34.txt__0
jaarplan-2023-kustwacht-caribisch-gebied.27.txt,Policyarchive_text\jaarplannen\2023\jaarplan-2023-kustwacht-caribisch-gebied\jaarplan-2023-kustwacht-caribisch-gebied.27.txt,2023,jaarplan-2023-kustwacht-caribisch-gebied,0,kustwacht koninkrijk nederland gebied jaarplan terrorismebestrijd terrorismebestrijd conform rijkswet kustwacht toezichthoud opsporingstak kustwacht tak verder geconcretiseerd justitieel beleidsplan daarnaast justitieel vierpartij overleg baselin maritiem grensbewak vastgesteld grenz versterk risico gerelateerd terreur problematiek ongedocumenteerd beperk kustwacht geeft invull terrorismebestrijd volgend bijdrag lever ondersteun ketenpartner desgewenst treedt kustwacht aanstur gezag teven central rol vervult gebied beschik stell benodigd informatie uitvoer international verplicht international ship port facility security cod international maritiem imo ter beveil zeescheepvaart havenfaciliteit betrok taakgroep terrorism informatie repressie lever informatie ondersteun ten behoev national risk assessment land bijzonder curaçao ten aanzien witwass geld financier terrorism national risk assessment start gegan immer alert houding ten opzicht mogelijk relevant informatie signal rond thema mensensmokkel mogelijk financieringsbronn terroristisch continue bestrijd hiervan levert kustwacht indirect bestrijd terrorism daarnaast gewerkt bewustword medewerker grensbewak bestrijd mensensmokkel irregulier immigratie zowel benedenwind bovenwind eiland tussenstation eindpunt ket mensensmokkeltraject kustwacht richt hierbij bestrijd mensensmokkel mensenhandel irregulier immigratie afkomst venezuela goed samenwerk basis wederzijd uitwissel informatie randvoorwaard succesvol optred douanetoezicht operationel personel kustwacht toezichthoud douanebevoegd respectiev land basis douanewetgev kustwacht controles territorial water uitvoer geconstateerd overtred draagt kustwacht zak douan verder afhandel visserij marien milieu twee ker per kom samenwerkingspartner koninkrijk elkar biodiversiteit visserij comit marien milieutoezichtbeleid verander wetgev besprek handhav gebied visserij marien milieu mak kustwacht takenpakket milieuregelgev strenger dwingender sted groter gebied neemt handhav kustwacht toe leidt groter behoeft capaciteit frequenter beschik taakgebied geld navolg accent opspor bedrijfsmat vorm illegal visserij exclusiev visserij zon handhav visserijwet sababank bestrijd illegal speervisserij extra aandacht gedrag visserij biodiversiteitgebied voorhen terroristisch incident respon plan,"Colonial Exploitation, Slavery & Economic Inequality|Reparations and Remembrance|Modern & Everyday Racism",0.0966290628771034,"[0.01147352513716819, 0.017313275512317955, 0.017615330710721144]","[True, True, True]","[True, True, True]","[0.0966290628771034, 0.0966290628771034, 0.0966290628771034]","[1, 1, 1]",jaarplan-2023-kustwacht-caribisch-gebied.27.txt__0
jaarrapportage-bedrijfsvoering-rijk-2022.73.txt,Policyarchive_text\jaarverslagen\2023\jaarrapportage-bedrijfsvoering-rijk-2022\jaarrapportage-bedrijfsvoering-rijk-2022.73.txt,2023,jaarrapportage-bedrijfsvoering-rijk-2022,0,monitor professionel ontwikkel kwaliteitsraamwerk informatievoorzien kwiv zorgt eenduid kennisprofiel kwiv concretiser gebouw rijk implementatie kwiv zorgt ervor beter wet war hoevel aanwez zet kwiv rijksbred instrument professionaliser zowel werkgever werknemer kwiv structureert monitor geeft beter inzicht uitstrom ict ers elk ict krijgt wet daarom beter hen verwacht ontwikkelkans benut maakt makkelijker hen professionel ontwikkel zes themabijeenkomst kennis wissel ontwikkelonderwerp hierbij seur verschill rijksorganisaties aanwez drie leerpad ontwikkeld basis kwiv architectur data scienc cybersecurity verder zes routekaart ontwikkeld recordbeher kwaliteitsmanagement kennissessies inhoud training seerd leidinggev implementatiecoordinator belangrijk schakel aanjager eig rijksonderdel wissel geregeld onderl ervar tip hiervor communicatiematerial ontwikkeld training material richt inzet kwiv ontwikkelcyclus ict radio will voorbereid toekomst mee kom digital transitie ambtenar nodig verstand informatievoorzien digitaliser ambtenar achtergrond voortdur bijschol ambtenar ervor zorg voldoend rijksacademie digitaliser informatiser radio verantwoord aanbod terrein radio stond tiplijst overheidsorganisaties afgelop aanbod wer flink uitgebreid nieuw product geinteresseerd gratis via websit inzien zer toegank actueel microlearn kort filmpjes waarin expert uitleg gev bepaald aspect digitaliser radio nieuw doelgroep bediend denk topambtenar algemen bestuursdienst abd gemeent provincies waterschapp maand digital fitheid aandacht digital inclusie digital vaardig radio ontwikkelt sted central plek opleid product gebied digitaliser transparantie inzicht kabinet start begin meerjar traject beter inzicht krijg gat kost materiel zak intern cijfer hieronder jaarrapportag bedrijfsvoer rijk,Reparations and Remembrance|Modern & Everyday Racism,0.1115718417077936,"[0.0028874711319169747, 0.004238076551969401, 0.02335673453932303]","[False, True, True]","[False, True, True]","[0.1115718417077936, 0.1115718417077936, 0.1115718417077936]","[0, 1, 1]",jaarrapportage-bedrijfsvoering-rijk-2022.73.txt__0
jaarverslag-szw-2022.15.txt,Policyarchive_text\jaarverslagen\2023\jaarverslag-szw-2022\jaarverslag-szw-2022.15.txt,2023,jaarverslag-szw-2022,0,inzet tegengan structurel armoed schuld streeft transparant activer sociaal stelsel mens enerzijd ondersteunt prikkelt wer werk gan hen anderzijd zeker biedt adequaat vangnet echt nodig zet daarbij tegengan armoed kinderarmoed mens schuld werk bestaanszeker iederen kabinet zet energietoeslag energieprijsplafond huishouden help stijgend energieprijz reken betal pakket eenmal energietoeslag beschik gesteld huishouden minimum inkom hoogt eenmal energietoeslag bedroeg elkar daarnaast krijg huishouden hulp energiebespar treff slot kabinet miljoen gereserveerd verlen tijdelijk noodfond energie voorkom financieel kwetsbar huishouden winter tisch schuld opbouw kamerstuk kabinet zet structurel aanpak geldzorg armoed schuld kabinet zomer aanpak geldzorg armoed schuld gepresenteerd kamerstuk veertig armoed kinderarmoed terug dring implementatieplan aanpak twed kamer aangebod structurel miljoen beschik gesteld gemeent geld krijg mens schuldhulpverlen aanbied wetswijz makkelijker gemeent problematisch schuld vroeg signaler sluit bereken beslagvrij voet beter praktijk aflostermijn schuldhulpverleningstraject verkort maand daarnaast middel beschik maatschapp partij mens geldzorg beter ondersteun middel ingezet financiel voorlicht geldzorg voorkom kabinet bouwd hiermee verder basis actieplan bred schuldenaanpak gelegd kabinet onafhank sociaal minimum ingesteld mens nodig lev volwaard mee samenlev brengt eind advies meerjar aanpak kabinet mens armoed huishouden problematisch schuld ten opzicht halver een speerpunt actieplan verdubbel huishouden weg schuldhulp vindt verkort schuldhulptraject kabinet sneller afloss schuld bereik inzet saneringskrediet daarom waarborgfond ingesteld risico gemeent afdekt kabinet kinder armoed halver ten opzicht inkomensmaatregel hoger bond budget vanaf hoger minimumlon bond budget zet kabinet beter financiel educatie jonger kinder financiel basiskennis krijg waardor armoed schuld langer termijn voorkom lijn twed kamer vergaderjar,Reparations and Remembrance|Modern & Everyday Racism,0.1057050316636264,"[0.005767005136083767, 0.002286081254334418, 0.03651005085438936]","[False, True, True]","[False, True, True]","[0.1057050316636264, 0.1057050316636264, 0.1057050316636264]","[0, 1, 1]",jaarverslag-szw-2022.15.txt__0
jaarplan-2023-kustwacht-caribisch-gebied.31.txt,Policyarchive_text\jaarplannen\2023\jaarplan-2023-kustwacht-caribisch-gebied\jaarplan-2023-kustwacht-caribisch-gebied.31.txt,2023,jaarplan-2023-kustwacht-caribisch-gebied,0,kustwacht koninkrijk nederland gebied jaarplan belangrijk aandel international rechtshandhavingsket werkt nauw onderstaand land organisaties samenwerk war mogelijk vastgelegd memorandum understand mou verenigd stat amerika kustwacht werkt hoofdtak rechtshandhav dienstverlen verenigd stat amerika ten behoev rechtshandhavingstak vindt uitwissel plat drugsbestrijdingsacties gecoordineerd gezamen inzet gepleegd samengewerkt gebied kennisuitwissel opleid kustwacht werkt intensief amerikan civiel drugsbestrijdingsorganisatie joint interagency task forc south richt counter illicit traffick cit regio zuid amerika gebied structurel regelmat inzet eenheid kustwacht ter ondersteun zee uitwissel informatie vindt plat via commander task group ctg nevenfunctie commandant zeemacht gebied ctg maakt ondercommandant informatie verstrekt diver bronn waaronder drug enforcement agency amerikan kustwacht uscg custom border protection verenigd koninkrijk frankrijk canada spanj jamaica colombia vertegenwoordigd kustwacht werkt rechtshandhavingstak dienstverlen tak veelvuld uscg bijzonder uscg district sev vanaf puerto rico opereert jaarlijk organiser operatie clockwork nabij gebied rond bovenwind eiland focus cit mensensmokkel aangezien verenigd stat amerika puerto rico koninkrijk elkar grenz ten behoev dienstverlen tak gezamen gecoordineerd informatie uitgewisseld frankrijk rond bovenwind eiland werkt kustwacht fran autoriteit gebied rechtshandhav sar samenwerk gebied rechtshandhav vooral fran douan betreft optred elkar kustwater afgeslot operationel samenwerkingsprotocol vormt uitwerk verdrag san jos basis samenwerk protocol afgelop geactualiseerd geactualiseerd operationel protocol mogelijk zogenaamd hot pursuit voer elkar water vanuit parijs evenwel aangegev samenwerk slecht mogelijk indien verdragsbasis inzet koninkrijk erop gericht hot pursuit juridisch veranker gebied sar werkt kustwacht nauw frankrijk basis international afsprak frankrijk namelijk verantwoord coordinatie sar rondom bovenwind eiland gevoerd gesprek fran autoriteit leid heden sar kustwacht zet wederom totstandkom colombia colombia bestat bilateral samenwerk gebied maritiem drugsbestrijd drugsbestrijdingssamenwerk betrek uitwissel informatie onderl coordinatie afstemm kustwacht werkt continu bestend uitbreid samenwerk mogelijk inbed liaison maritiem informatie knooppunt mik tijdelijk aanvull mik dergelijk liaison manifester uitwissel informatie gericht transnational criminaliteit bijdrag igp maritiem domein,"Colonial Exploitation, Slavery & Economic Inequality|Reparations and Remembrance|Modern & Everyday Racism",0.0948504013668671,"[0.027176023442844977, 0.010474142669451689, 0.014203026204296467]","[True, True, True]","[True, True, True]","[0.0948504013668671, 0.0948504013668671, 0.0948504013668671]","[1, 1, 1]",jaarplan-2023-kustwacht-caribisch-gebied.31.txt__0
jaarverslag-ienw-2022.126.txt,Policyarchive_text\jaarverslagen\2023\jaarverslag-ienw-2022\jaarverslag-ienw-2022.126.txt,2023,jaarverslag-ienw-2022,1,china relevant thema vergroen thema komend beter aandacht breng unep unep kader richt ondersteun land ontwikkel implementatie modern accurat milieu governanc gebied vervuil klimat biodiversiteit term wetgev uitvoeringsmodaliteit gat hierbij cruciaal werkprogramma basis legt implementatie tal specifiek inhoud mondial afsprak unep unep kader decad ecosystem restoration duurzam landgebruik cruciaal duurzam bedoeld talloz vlag decad uitgevoerd breng register world conservation monitor centr register belangrijk instrument monitor voortgang afsprak prioriteit kader nieuw mondial afsprak biodiversiteit verbeter unec inland transport concret product tol samenwerk ontwikkel transities klimaatadaptiev transportinfrastructur slimm duurzam mobiliteit ondersteun diver organisaties bijdrag miljoen twed kamer vergaderjar xii,Reparations and Remembrance|Modern & Everyday Racism,0.0901669634667432,"[0.0027749630627508888, 0.006253530492917801, 0.01143488189108366]","[False, True, True]","[False, True, True]","[0.0901669634667432, 0.0901669634667432, 0.0901669634667432]","[0, 1, 1]",jaarverslag-ienw-2022.126.txt__1
briefwisseling-ap-belastingdienst-deel-25.41.txt,Policyarchive_text\brieven\2023\briefwisseling-ap-belastingdienst-deel-25\briefwisseling-ap-belastingdienst-deel-25.41.txt,2023,briefwisseling-ap-belastingdienst-deel-25,0,toegevoegdj fiscal dienstverlener gecertificeerd softwareproduct doorgericht guidanc vanuit markt kennis belastingplicht vormt gevall basis optred informatiegestuurd integral klantbeeld afgerond ingevoerd segment grot ondernem kent pur individuel klantbehandel hoewel handhavingsregie verschill segment verschill orientatie kent bereik effect identiek namelijk compliancebevorder via reductie nalevingstekort verbeter samenstell complianc map aandachtspunt stat belastingplicht burger bedrijf central bepal vorm frequentie intensiteit aandacht handhav verschill complianc belang leid merkbar verschil aandacht aandachtsvorm landelijk teruggebracht intensiver inhoud diepgang voornaamst handhavingsthema vastgoed arbeid vooral schijnzeifstand cash economy fraudeaanpak vastgoed bouw inter national vastgoedsector komt fenomen varier fiscaaltechnisch problematiek besmet transacties witwass illegal arbeid vanaf belastingdienst gekoz geconcentreerd aanpak hiervan vastgoed kenniscentrum stand gekom accent aanpak ligt enerzijd monitor vastgoedtransacties daarnaast grot bouwproject nam aandacht geschonk fiscal aspect illegal arbeid problematiek sector vastgoed bouw maatschapp zer relevant activiteit segment mkb gecontinueerd arbeid illegal arbeid schijnondernemerschap nalev fiscal arbeidsregelgev werk ontwricht arbeidsmarkt ieid fiscal schad verstor concurrentieverhoud maatschapp misstand thema arbeid krijgt samenhang fenomen specifiek aandacht allereerst nalev uitzendbranch waarbij accent ligt aanpak malafid uitzendbureaus hierin nauw samengewerkt szw specifiek aandachtspunt aanpak illegal arbeid kader szw pilot uitgevoerd uniform identificatie verband bestrijd schijnzeifstand controles var verlen gei ntensiveerd evenal bronbeoordel aangrijpingspunt ligt vooral opdrachtgever ondernem behandeld segment mkb cash economy sector relatief kasverker kwetsbar gat volled ontvangst gemist belastinginkomst werkt marktverstor hand begin verschijnt strategisch verkenn fenomen startpunt verder aanpak,"Colonial Exploitation, Slavery & Economic Inequality|Reparations and Remembrance|Modern & Everyday Racism",0.0805242190642528,"[0.09046161283082099, 0.011401173468739095, 0.018551830658235808]","[True, True, True]","[True, True, True]","[0.0805242190642528, 0.0805242190642528, 0.0805242190642528]","[1, 1, 1]",briefwisseling-ap-belastingdienst-deel-25.41.txt__0
tk-beslisnota-bij-kabinetsreactie-cpt-eindrapport-bezoek-mei-2022.3.txt,Policyarchive_text\beleidsnotas\2023\tk-beslisnota-bij-kabinetsreactie-cpt-eindrapport-bezoek-mei-2022\tk-beslisnota-bij-kabinetsreactie-cpt-eindrapport-bezoek-mei-2022.3.txt,2023,tk-beslisnota-bij-kabinetsreactie-cpt-eindrapport-bezoek-mei-2022,0,directie wetgev juridisch zak juridisch zak wetgevingsbeleid datum kenmerk beslispunt gevraagd stemm voorgesteld reactie gev automatisch publicatieprocedur gesprek wilt mak betrok land jvo drie ker toe pleit cpt herzien cpt stat kritisch tegenover wijz waarop visitaties uitgevoerd gehel ontkled vreemdelingenbewar gevangeniss dji aangegev will mogelijk onderkled afwissel uitvoer visitaties verhoudt risico omkled contraband verborg moment daarom toegestan visiter gebeur onderkled afwissel gewez aruba curaçao maart vergelijk aanbevel gekreg reactie daarop geeft curaçao praktijk gehel ontkled visiter toegestan maart onderschrijft aanbevel volled naaktheid voorkom gedetineerd afwissel onderkled lat trek net vorig bezoek herhaalt cpt aanbevel mogelijk weiger verzoek gedetineerd familielid informer detentie maximal uur dgpenv aangegev aanbevel nader reflectie vereist agender verder verkenn dgrr dwjz opvolg categorie enkel aanbevel beschrev waaran opvolg aanbevel cpt voorlop hechtenis politiebewar schaff omstand waarin belang ander verdacht politiecel lat verblijv wanner plaatsingsmog huis bewar gat terughoud langer noodzak vasthoud verdacht cpt beveelt ervor zorg politiebureaus uitgebreid elektronisch detentieregister beschik zodat toezichthoud instanties nauwkeur informatie echter haalbar geacht politieregistratiesystem wijzig slimm bevrag sneller informatie gegenereerd randnummer randnummer randnummer randnummer kabinetsreactie,"Colonial Exploitation, Slavery & Economic Inequality|Modern & Everyday Racism",0.1208137392681792,"[0.0036366224703627964, 0.009525233818089387, 0.019332568943802062]","[True, False, True]","[True, False, True]","[0.1208137392681792, 0.1208137392681792, 0.1208137392681792]","[1, 0, 1]",tk-beslisnota-bij-kabinetsreactie-cpt-eindrapport-bezoek-mei-2022.3.txt__0
uitgangspunten-cultuursubsidies-2025-2028.3.txt,Policyarchive_text\beleidsnotas\2023\uitgangspunten-cultuursubsidies-2025-2028\uitgangspunten-cultuursubsidies-2025-2028.3.txt,2023,uitgangspunten-cultuursubsidies-2025-2028,0,uitgangspunt cultuursubsidies voorwoord uitgangspunt cultuursubsidies hierbij presenter uitgangspunt cultuursubsidies rijk beleidskader zes rijkscultuurfonds period landelijk culturel basisinfrastructur afgekort bis gat inhoud baser wet specifiek cultuurbeleid rijk stat diver bred cultuuraanbod hog kwaliteit toegank iederen uitgangspunt omgang culturel sector continuiteit ademruimt vertrouw rad cultur gevraagd adviser aanvraagprocedur rad advies dank rad cultur dacht uitgebreid advies uitwerk criteria verder invull bis nem advies vertrekpunt war invull kies doe grond uitgangspunt continuiteit vertrouw inzet subsidies afgestemd bestur partner gesprek doorontwikkel samenwerk twed kamer vergaderjar brief schet eerst algemen uitgangspunt beoordelingscriteria codes samenwerk over daarna gef bied apart aandacht belangrijk ondersteun tak thema digital transformatie innovatie internationaliser duurzam verschill thema moties twed kamer aangenom gat motie lid verzoekt prestatieafsprak verruimd flexibeler zodat innovatie ondernemerschap impact mee weg aanvrag nieuw motie lid westerveld mogelijk verplicht fair practic cod betrek voorbereid nieuw motie led strien ruimt bied verkenn den tno slot volgt financiel staatssecretaris cultur wetenschap gunay uslu twed kamer vergaderjar twed kamer vergaderjar viii twed kamer vergaderjar viii gewijzigd,Reparations and Remembrance|Modern & Everyday Racism,0.0906183139995265,"[0.00646574823328596, 0.006529066915296989, 0.04613990862240858]","[False, True, True]","[False, True, True]","[0.0906183139995265, 0.0906183139995265, 0.0906183139995265]","[0, 1, 1]",uitgangspunten-cultuursubsidies-2025-2028.3.txt__0
jaarrapportage-bedrijfsvoering-rijk-2022.79.txt,Policyarchive_text\jaarverslagen\2023\jaarrapportage-bedrijfsvoering-rijk-2022\jaarrapportage-bedrijfsvoering-rijk-2022.79.txt,2023,jaarrapportage-bedrijfsvoering-rijk-2022,0,verschil initiel doorlooptijd aandel actuel eerder ongewijzigd later later later mogelijk wer gev system hal uitzonder organisatieomvang exclusief wapensystem defensie bron rijk blijkt procent actuel doorlooptijd minsten twee ker lang eerder verwacht red vertrag verschilt procent eerder aanvank geschat doorlooptijd afgerond afgerond grot afgerond elk start verwacht waard burger betekent administratiev last zorgt waard efficientie verbetert dringend noodzak registratiev proces optimal faciliter basis modern heden programma vernieuw registrer pvr invull vernieuw politiewerk steunend system toepass modern mogelijk informatietechnologie winkeldiefstal eerst vernieuw registratiev applicaties realisatie functionaliteit winkeldiefstal teven significant veelvoorkom generiek functionaliteit gerealiseerd generiek toepas vel politieprocess hierna opgepakt programma sterk architectonisch inbreng toegepast klantoptimalisatie erfbelast kos opdracht bestaand heffingssystem erfbelast opnieuw ontwerp bouw keltol waarin system gemaakt uitgefaseerd nieuw ontwerp sluit ontwikkel elektronisch bericht verker zorgt procesoptimalisatie herontwerp process system erfbelast organisatieomvang jaarrapportag bedrijfsvoer rijk,"Colonial Exploitation, Slavery & Economic Inequality|Modern & Everyday Racism",0.085120555578755,"[0.018191498349407063, 0.004636956180035823, 0.004262303748032919]","[True, False, True]","[True, False, True]","[0.085120555578755, 0.085120555578755, 0.085120555578755]","[1, 0, 1]",jaarrapportage-bedrijfsvoering-rijk-2022.79.txt__0
homogene-groep-internationale-samenwerking-jaarverslag-2022.33.txt,Policyarchive_text\jaarverslagen\2023\homogene-groep-internationale-samenwerking-jaarverslag-2022\homogene-groep-internationale-samenwerking-jaarverslag-2022.33.txt,2023,homogene-groep-internationale-samenwerking-jaarverslag-2022,0,uitgav per beleidsthema bedrag eur begrot mutatie realisatie versterkt international rechtsord eerbied mensenrecht gastlandbeleid goed functioner international instell bescherm bevorder mensenrecht gastlandbeleid international organisaties jenv opspor vervolg nfi over medeover europol eurojust wipo ienw luchtvaart scheepvaart haven szw bijstand participatiewet toeslagenwet contributie cas vws curatiev zorg beschik productveil zorgbred inricht uitvoeringsactiviteit vred stabiliteit goed international samenwerk ter bevorder eig bondgenootschapp bestrijd international criminaliteit terrorism wapenbeheers bevorder stabiliteit rechtsord bevorder transitie prioritair gebied bhos humanitair hulp jenv national terrorismebestrijd defensie inzet budget international inkomensoverdracht geheim uitgav effectiev europes samenwerk afdracht europes unie europes ontwikkelingsfond hechter europes waardengemeenschap versterkt positie unie europes vredesfaciliteit consulair belangenbehart international uitdrag nlse waard belang consulair dienstverlen nederlander buitenland ket partner personenverker reguler groter buitenland bekend cultur uidrag waard belang international cultur cultur subsidies ocw,"Colonial Exploitation, Slavery & Economic Inequality|Reparations and Remembrance|Modern & Everyday Racism",0.0820303112429595,"[0.009865152496287886, 0.012935111821174726, 0.00826688603526443]","[True, True, True]","[True, True, True]","[0.0820303112429595, 0.0820303112429595, 0.0820303112429595]","[1, 1, 1]",homogene-groep-internationale-samenwerking-jaarverslag-2022.33.txt__0
jaarverslag-ezk-2022.225.txt,Policyarchive_text\jaarverslagen\2023\jaarverslag-ezk-2022\jaarverslag-ezk-2022.225.txt,2023,jaarverslag-ezk-2022,0,adviser zicht krijg ontwikkel aanbod gerelateerd bezorgdienst tijdig goed reguleringskeuzes mak herstelbeleid corona thema typ afrond status vindplat herstelbeleid corona synthes start ter ondersteun herstel bedrijfslev hierbij opgetrok fin szw ieder departement neemt verantwoord eig instrumentevaluaties monitor monitor coronamaatregel ter ondersteun bedrijfslev lopend monitor inzicht krijg gebruiker steunmaatregel traject databronn microniveau ondersteuningsmaatregel bedrijv koppel abr cbs rvo cbs infrastructur biedt basis evaluatie noodpakket verwacht vanaf waarvan betrok departement fin szw ezk mak zie monitor coronamaatregel overkoepel effect cpb afgerond cpb fin ezk szw verzocht analys mak effect opeenvolg steunpakket kabinet coronacrisis ingezet eerst zomer publicer inzicht krijg hoeverr steunpakket economisch schad coronamaatregel beperkt daarmee less trek toekomst specifiek aandacht gevraagd samenstell steunpakket indien mogelijk onderscheid grot tvl tozo uitstel belastingbetal daarnaast economisch war mogelijk afgezet ontwikkel buitenland analyses bied basis trek less toekomst bouwsten vervolgevaluaties kamerstuk garantieregel evenement start ondersteun specifiek doelgroep evaluatie doorgeschov twed kamer vergaderjar xiii,Reparations and Remembrance|Modern & Everyday Racism,0.1488650530517505,"[0.0037716338086612286, 0.0047068961594236985, 0.0200421763013487]","[False, True, True]","[False, True, True]","[0.1488650530517505, 0.1488650530517505, 0.1488650530517505]","[0, 1, 1]",jaarverslag-ezk-2022.225.txt__0
jaarverslag-binnenlandse-zaken-2022.383.txt,Policyarchive_text\jaarverslagen\2023\jaarverslag-binnenlandse-zaken-2022\jaarverslag-binnenlandse-zaken-2022.383.txt,2023,jaarverslag-binnenlandse-zaken-2022,0,agentschapp eiland tak gebied bevolkingsadministratie paspoort structurel rijksdienst identiteitsgegeven rvig betreft ondersteun persoonsinformatievoorzien antill aruba piva reisdocument algemen identiteitskaart incidentel uitgav rvig werkzam ter reiding invoer burgerservicenummer kader werkagenda waardengedrev afdel burgerzak rvig gevraagd ondersteun oog invoer basis ord krijg kamerstuk twed kamer vergaderjar vii,Modern & Everyday Racism,0.0857492925712544,"[0.008914537190509143, 0.0018006051550357887, 0.034716299480163366]","[False, False, True]","[False, False, True]","[0.0857492925712544, 0.0857492925712544, 0.0857492925712544]","[0, 0, 1]",jaarverslag-binnenlandse-zaken-2022.383.txt__0
briefwisseling-ap-belastingdienst-deel-25.39.txt,Policyarchive_text\brieven\2023\briefwisseling-ap-belastingdienst-deel-25\briefwisseling-ap-belastingdienst-deel-25.39.txt,2023,briefwisseling-ap-belastingdienst-deel-25,0,technologie gat mix samenspel methodes geautomatiseerd hulpmiddel deskund mens focus strategisch hoogwaard intelligenc ter ondersteun handhavingsregie landelijk regional lokal niveau nieuw segmentgericht vaktechnisch structur geimplementeerd daarbij vaktechnisch aanspreekpunt vta naast omgev medewerker gepositioneerd per segment begeleid vaktechnisch coordinator per middel proces zorg landelijk vaktechnisch coordinator vaktechnisch afstemm segment hen borging eenheid uitvoer aandacht belastingmiddet tak belastingdienst aandacht schenk kwaliteit term juistheid tijdig volted nam bedrijv organisaties ter beschik stell belastingdienst derd ten behoev belastingheff derd voorbeeld hiervan opgav rent hypothek verzekeringsgegeven dergelijk koppel uitker toeslag hoogt inkom basisregistratie belastingdienst verantwoord zorgt onjuist daarvan kettingreactie non complianc voorgaand gerefereerd noodzak aanbreng onderscheid belastingplicht groep vergelijk kenmerk categoriser pfo nef kenmerk branch maarookd leeftijd adviseur hetfiscal belang complianceniveau belastingplicht burger ondernemer combinatie karakteristiek behulp intelligenc komend period gewerkt verbeter onderscheid aangezien hiermee scherpt effectiviteit aanmerk vergrot iederen aandacht krijg verdient categoriser plaatsvind mat complianc klantenbestand fiscal dienstverlener daarnaast behulp bestaand profiel aandachtscategorieen mkb alvast ervar opgedan profil belastingdienst probeert goedwill compliant burger bedrijv pass zodat ander ervar ervar compliant medeburger concurrent eerst stimuler complianc modus verschill reden uitvoer aselect steekproef noodzak zowel segment particulier mid kleinbedrijf grot ondernem dergelijk steekproef minimum aandachtsniveau gecreeerd elk burger bedrijf eenzelfd kan aandacht daarbij mogelijk nieuw risico non complianc fraudetr zichtbar effectiviteit nota intelligenc belastingdienst,Reparations and Remembrance|Modern & Everyday Racism,0.083516998078065,"[0.00497606053916689, 0.005122059946968643, 0.029098801058203286]","[False, True, True]","[False, True, True]","[0.083516998078065, 0.083516998078065, 0.083516998078065]","[0, 1, 1]",briefwisseling-ap-belastingdienst-deel-25.39.txt__0
jaarverslag-onderwijs-cultuur-wetenschap-2022.24.txt,Policyarchive_text\jaarverslagen\2023\jaarverslag-onderwijs-cultuur-wetenschap-2022\jaarverslag-onderwijs-cultuur-wetenschap-2022.24.txt,2023,jaarverslag-onderwijs-cultuur-wetenschap-2022,0,bouw vindt plat australie vanaf begin betrok founding father start kennisveiligheidsbeleid kabinet kennisveld nodig stapp gezet loket kennisveil geopend landelijk adviespunt kennisveil national leidrad kennisveil gepubliceerd beid drag bewustword zelfreguler kennissector bied advies handvat borg ligheid international samenwerk voorbereid getroff extern waarmee tatie leidrad beeld gebracht daarnaast contour geschetst beoogd toetsingskader basis waarvan wetenschapper land will meest sensitiev vakgebied gescreend ten bevorder wereldformat sector basiswaard realisatie realisatie realisatie streefwaard percentag gepubliceerd owb bron unl open moderniser archiefwet archiev belangrijk bronn burger journalist zoeker vorm geheug samenlev strev goed uitvoer gemoderniseerd archiefwet daarvor wetsvoorstel archiefwet twed kamer ingedi wetsvoorstel brengt overbrengingstermijn period voordat bewar archiev overgebracht archiefbewaarplat terug twintig tien kom archiev eerder beschik versterk digital duurzam beher cultur sector basiswaard realisatie realisatie realisatie streefwaard percentag schol deelneemt programma cultur percentag gebouwd rijksmonument redelijk goed cultur bekend bron programma cultuureducatie kwaliteit percentag geeft deelnem schol primair wer realisatie bekend gebaseerd verantwoord medio ingedi jaarverslag daarom gerapporteerd realisatie vertrag eerst derd beleidsperiod matchingsprogramma cultuureducatie kwaliteit cmk gestart extra aandacht extra middel cultuureducatie ambitie positiev ontwikkel vorig periodes behaald voort zet verder uitbouw schol goed cultuuronderwijs nieuw schol will deelnem ruimt spel lokal wens eerst period schol primair opnieuw aangeslot cmk regel algemen beeld wer beweg sted last naslep corona gebruik uitval waardor cultur activiteit verplaatst daarnaast schol deelnam eerder cmk periodes ervor koz verder zet officiel deelnemer programma onderhoud contact uitvoerder programma langer meegeteld cmk schol cmk schol programma vooruitgeschov doordat vorig programma rond verwacht schol gedur beleidsperiod groei schol groeiend behoeft cultuureducatie gemist coronatijd lockdown benut visie cultuureducatie opnieuw formuler bron erfgoedmonitor beschik data komt provincies oplever samengevoegd verwacht data media beschik komt data vanaf medio zien via erfgoedmonitor percentag monument goed stat verkeert lat stijgend lijn zien bevond monument redelijk goed stat percentag ligt lager basiswaard vastgesteld basis komt doordat,"Colonial Exploitation, Slavery & Economic Inequality|Reparations and Remembrance|Modern & Everyday Racism",0.1037174767056277,"[0.006892922676156227, 0.02543396843362987, 0.0027120649832747235]","[True, True, True]","[True, True, True]","[0.1037174767056277, 0.1037174767056277, 0.1037174767056277]","[1, 1, 1]",jaarverslag-onderwijs-cultuur-wetenschap-2022.24.txt__0
jaarverslag-financien-2022.26.txt,Policyarchive_text\jaarverslagen\2023\jaarverslag-financien-2022\jaarverslag-financien-2022.26.txt,2023,jaarverslag-financien-2022,0,herstel vertrouw herstel gedupeerd problem toeslag belangrijkst hersteloperatie bied financieel emotionel herstel ouder verled mak gehad problem ontstan kinderopvangtoeslag inzet erop gericht recht zet via financieel war mogelijk emotionel herstel bred ondersteun gemeent aanpak schuldproblem steun rug kinder gedupeerd ouder recht bred ondersteun wer nieuw start mak eind circa ouder aangemeld uht waarvan circa person erkend gedupeerd aanmeld eerst toet gehad uitvoeringsorganisatie herstel toeslag uht cijfer opgenom voortgangsrapportag operatie toeslag kwartal uitker euro help gedupeerd schuld kwijt scheld privat schuld loss ontstan problem kinderopvangtoeslag hoewel afgelop vooruitgang geboekt ondank opschal herstelorganisatie doorlooptijd ouder lang leidt ingebrekestell gestart kaart breng mogelijk hersteloperatie versnell verbeter belangrijkst versneld afhandel specifiek groep ouder vermoed groter rol person zaakbehandelar sneller verstrek dossier beter informatievoorzien richting ouder werk sneller alternatiev behandel bezwar waaronder via mediation hersteloperatie wettelijk verankerd wet hersteloperatie teven daarin enkel aanvull regel opgenom kindregel regel huurtoeslag zorgtoeslag kindgebond budget regel gedupeerd kamerstuk twed kamer vergaderjar,Reparations and Remembrance|Modern & Everyday Racism,0.0848874687627165,"[0.00128204721381412, 0.01481306199397171, 0.014555307229353153]","[False, True, True]","[False, True, True]","[0.0848874687627165, 0.0848874687627165, 0.0848874687627165]","[0, 1, 1]",jaarverslag-financien-2022.26.txt__0
jaarverslag-vws-2022.15.txt,Policyarchive_text\jaarverslagen\2023\jaarverslag-vws-2022\jaarverslag-vws-2022.15.txt,2023,jaarverslag-vws-2022,0,hielprikscren uitgebreid test spinal musculair screeningsinterval twee bevolkingsonderzoek borstkanker langer gevolg tekort laborant coronacrisis gestart dal ligt moment daalt daling coronapandemie lat zien sport beweg grot belang gezond weerbar ziekt impul gev belang beweg gezond iederen beweegalliantie ingericht alliantie werk departement maatschapp organisaties formuler gedeeld ambities doelstell mak afsprak acties interventies stond voorop national sportakkoord gemeent gewerkt instrument lokal sport energie positiev vast houd verbind politiek wens coalitieakkoord sportsector vervolg national sportakkoord sportsector werkt komend uitvoer gev gesteld ambities namelijk versterk vital sector vergrot kanseng sportsector vergrot maatschapp waard topsport gelijktijd samenhang sportakkoord bred alliantie gewerkt opzet bred waarmee gemeent een financiel regel integraliteit beoogd thema sport beweg gezond social basis sport veilig omgev gebeur vind belangrijk verschill gestart veilig integer sport evaluatie tuchtrecht ling zull belangrijk plek nader uitwerk krijg verder knvb ministeries jenv szw stevig ingezet effectiev aanpak racism discriminatie voetbal zowel profvoetbal uitvoer twintigtal app discriminatiemelder gelanceerd werd workshop gehoud kader fair play traject wijzig straff waardor mens stadionverbod krijg discriminer uiting aanpak geleid aanpass racistisch discriminatoir uitlat voorkom spor tred slot sportsector geraakt gevolg huidig energiecrisis crisis raakt partij sport for impact sportvoorzien zwembad verschill manier ingezet ondersteun sport energiecrisis hoofd bied loopt voorbeeld hiervan ondersteun verduurzam gratis dingstraject waarmee club geholp keuz zamend financier daarvan kamerstuk kamerstuk hiv monitor monitor sportakkoord sport verenigt oogst sportakkoord mulier institut twed kamer vergaderjar xvi,"Colonial Exploitation, Slavery & Economic Inequality|Reparations and Remembrance|Modern & Everyday Racism",0.1154264390851556,"[0.010606146614261285, 0.009814890004075915, 0.08256678908674696]","[True, True, True]","[True, True, True]","[0.1154264390851556, 0.1154264390851556, 0.1154264390851556]","[1, 1, 1]",jaarverslag-vws-2022.15.txt__0
jaarverslag-szw-2022.35.txt,Policyarchive_text\jaarverslagen\2023\jaarverslag-szw-2022\jaarverslag-szw-2022.35.txt,2023,jaarverslag-szw-2022,0,verplicht uitgav waarborgfond betreft uitgav ontvangst tijdelijk noodmaatregel overbrugg behoud genheid kwam werkgever tegemoet coronacrisis omzetverlies mak had begin laatst opengesteld war werkgever beroep kond tegemoetkom kond werkgever werknemer dienst houd waardor ban behoud blev werkgever mak kreg minsten omzetverlies kond aansprak mak regel werkgever ontving voorschot basis verwacht verlies achteraf vindt subsidievaststell plat basis daadwerk omzetverlies gekek werkgever loonsom peil gehoud tijdelijk subsidieregel loonkost inkomensverlies regel voorkom werklos opvang inkomensverlies gevolg acut vraaguitval optreedt gevolg coronavirus zowel werkgever zelfstand ondernemer aansprak mak regel sprak subsidieregel vond afreken plat aanvrag tozo tijdelijk overbruggingsregel zelfstand ondernemer tozo ondernemer ondersteun coronacrisis regel zelfstand ondernemer waaronder zzp ers ondersteun aangevraagd vorm aanvull uitker onderhoud lening bedrijfskapital per tozo stopgezet komend vind verreken plat gemeent overgang tozo bbz uitvoer gemeent behap mak kabinet beslot bbz tijdelijk vereenvoud gemeent gefinancierd uitkeringslast bbz via macrobudget uitker tegemoetkom eig kinderopvang ouder mak kinderopvang factur sluitingsperiod kinderopvang volled betal ontvang tegemoetkom eig tegemoetkom geldt typ formel opvang verschill financier vorm namelijk ouder kinderopvangtoeslag ontvang ouder mak regel gesubsidieerd gemeent person mak kinderopvang goeding twed kamer vergaderjar,"Colonial Exploitation, Slavery & Economic Inequality|Modern & Everyday Racism",0.0825136997007034,"[0.007602922893846394, 0.0, 0.01260915032913963]","[True, False, True]","[True, False, True]","[0.0825136997007034, 0.0825136997007034, 0.0825136997007034]","[1, 0, 1]",jaarverslag-szw-2022.35.txt__0
jaarverslag-onderwijs-cultuur-wetenschap-2022.186.txt,Policyarchive_text\jaarverslagen\2023\jaarverslag-onderwijs-cultuur-wetenschap-2022\jaarverslag-onderwijs-cultuur-wetenschap-2022.186.txt,2023,jaarverslag-onderwijs-cultuur-wetenschap-2022,0,vmbo vervolgen strom mbo mbo vervolgen mogelijk klimm beter arbeidsmarktperspectiev eventueel strom hbo mogelijk mak emancipatie kernfunctie mbo verdient blijvend aandacht net doorstrom mbo arbeidsmarkt lijkheid overgangsmoment vmbo mbo biedt mogelijk intensiever regional samenwerk thema lev lang ontwikkel volwassen gat qua omvang toenem gebruikmak onderwijsinfrastructur arbeidsmarkt verandert sted sneller invloed verduurzam economie robotiser digitaliser ondernemer werknemer gev richting trend werknemer zull verander aanpass volwassen permanent ler nieuw vorm zeker grip krijg loopban eig ontwikkel regie ligt volwassen werkgever ondersteund faciliteert stimuleert extra inzet kwetsbar achterblijv groep nodig mens toegerust verander gan zodat volwaard mee maatschappij duurzam bijdrag economisch ontwikkel belang permanent ler ontwikkel neemt verwacht toekomst toe doorbrak terrein noodzak domein hoger studiefinancier uitwerk strategisch evaluatieagenda hoger thema subthema typ afrond status toegank monitor beleidsmaatregel hoger monitor afgerond studentenmonitor startmonitor input monitor beleidsmaatregel belangrijkst monitor beleidsmaatregel verwez managementsamenvat begin startmonitor monitor afgerond studentenmonitor startmonitor input monitor beleidsmaatregel belangrijkst monitor beleidsmaatregel verwez managementsamenvat begin extra hulp klas bested middel evaluatie afgerond onderzoekt subsidieregel extra hulp klas ehk regel benodigd extra hulp ondersteun gev noodzak continuer coronacrisis zodat onderwijsachterstand zovel mogelijk werd voorkom teruggedrong zowel mbo middel hoofdzak ingezet primair proces lat gan instell merendel middel extra docent onderwijsassistent instructeur ingezet gericht continuer geldt onderwijsachterstand beperkt geblev inzet middel fysiek gecontinueerd evaluatie servicedocument mbo hoger evaluatie afgerond coronapandemie onderwijsinstell mbo hbo ruimt gekreg war nodig wijk viger regelgev goed mogelijk lat gan twed kamer vergaderjar viii,Reparations and Remembrance|Modern & Everyday Racism,0.1205721128976437,"[0.008303329283760763, 0.0037742284746832195, 0.01548672165243401]","[False, True, True]","[False, True, True]","[0.1205721128976437, 0.1205721128976437, 0.1205721128976437]","[0, 1, 1]",jaarverslag-onderwijs-cultuur-wetenschap-2022.186.txt__0
jaarverslag-buitenlandse-zaken-2022.68.txt,Policyarchive_text\jaarverslagen\2023\jaarverslag-buitenlandse-zaken-2022\jaarverslag-buitenlandse-zaken-2022.68.txt,2023,jaarverslag-buitenlandse-zaken-2022,0,leidinggev werving selectie doorstrom medewerker haalt doelstell medewerker migratieachtergrond participatie collega arbeid beperk groeit zowel bewustzijn realisatie vooral binnenwerk hoort wer top nummer twee categorie benchmark work plac prid waarmee overigen gezegd verder ambitie genderpariteit vooralsnog vrouw hoger functies per zomer vervang vrouw chef post vrouw verkenn racism verkenn racism buitenland zak open gemaakt schetst citat indring beeld vorm waarin racism manifesteert medewerker departement post buitenland ervar bestaand directeur inhoud meest betrok directies leiding plaatsvervang general zet aanbevel verkenn concret acties leid structurel verander zowel cultur process uitwerk aanbevel verloopt lang drie spor erkenn bewustword structurel cultuurverander verbeter vereenvoud structur bouw war racism discriminatie vorm uitsluit plat verkenn losgemaakt duidelijk behoeft informatie meedenk meeprat via periodiek nicatie collega wereldwijd hoogt gehoud teit collega richt kanal led creatiev ideeen mogelijk stapp bijdrag noodzak verander verschill social netwerk organiser eig activiteit gesprek hierover gang houd integriteit veilig werkomgev diversiteit inclusie veilig werkomgev integer gedrag diversiteit inclusie hieronder afgekort buitenland zak belangrijk kreg bred aandacht rijksbred gehoud medewerkertevredenheidsonderzoek mto blek veilig voel teven blek extern reidheid lag ligt publicatie eindrapport bevind adviez vergezeld managementreactie volg begin algehel aanpak directie natie integriteit vci lag focus zowel aandacht preventie repressie reactief preventie gewerkt nieuw ministeriel klachtenregel nieuw klachtencommissie samengesteld twee nieuw factshet seksuel intimidatie ontwikkeld leidinggev team integriteit veilig werkomgev will besprek werd enkel nieuw middel betrek voorkom twed kamer vergaderjar,Reparations and Remembrance|Modern & Everyday Racism,0.2345842320036918,"[0.020243679053652385, 0.006805805424228433, 0.2784605070743921]","[False, True, True]","[False, True, True]","[0.2345842320036918, 0.2345842320036918, 0.2345842320036918]","[0, 1, 1]",jaarverslag-buitenlandse-zaken-2022.68.txt__0
homogene-groep-internationale-samenwerking-jaarverslag-2022.9.txt,Policyarchive_text\jaarverslagen\2023\homogene-groep-internationale-samenwerking-jaarverslag-2022\homogene-groep-internationale-samenwerking-jaarverslag-2022.9.txt,2023,homogene-groep-internationale-samenwerking-jaarverslag-2022,0,beleidsthema vred stabiliteit beleidsdoelstell bevorder international stabiliteit doelgericht bilateral multilateral samenwerk bevorder democratisch transitie prioritair gebied vooral ring rond europa daarnaast vred bereik voorkom terugdr conflictsituaties bevorder rechtstaatontwikkel wederopbouw vredesopbouw legitiem democratisch staatsstructur teven verlen noodhulp ter lenig humanitair nod wereldwijd wereld hen gebeurt direct gevolg onz eig onz welvaart grensoverschrijd dreiging waaran blot stat dusdan omvang complexiteit geintegreerd aanpak samenwerk international verband gebod voorbeeld proliferatie massavernietigingswapen terrorism gewelddad extremism ongewenst buitenland inmeng statelijk actor grensoverschrijd criminaliteit cyberdreig beleidsinzet toegelicht uitgangspunt inzet terrein international geordend lang drie pijler voorkom onveil war mogelijk verded effectiev modern aanpak versterk veiligheidsfundament benoemd geintegreerd veiligheidsstrategie uitgebreider drie pijler verwez beleidsverslag buitenland zak migratiesamenwerk ingezet verbeter migratiesamenwerk belangrijk transitland mena sahel voortvar gestart vormgev bilateral migratiepartnerschapp waarmee gepoogd irregulier migratie beperk terugker onrechtmat verblijf bevorder migrant bescherm partnerschapp zull voll breedt bilateral relatie aangevlog afsprak handel hulp steun opvang tijdelijk legal circulair arbeidsmigratie uitmak migratiepartnerschapp samenwerk international migratie iom regio sahel middel verder verdiept partnerschap richt bescherm migrant tegengan smokkel vergrot bewustzijn risico irregulier migratie ondersteun vrijwill terugker herintegratie land herkomst ingezet versterk international samenwerk mensenhandel lang belangrijk migratieroutes actief bijgedrag verschill regional dialog waaronder rabatproces khartoumproces niamey declaration budget international militair wederom bred ingezet vred militair uitgezond,"Colonial Exploitation, Slavery & Economic Inequality|Reparations and Remembrance|Modern & Everyday Racism",0.0850439434923101,"[0.018896727696584254, 0.006760200038329367, 0.018271050192349935]","[True, True, True]","[True, True, True]","[0.0850439434923101, 0.0850439434923101, 0.0850439434923101]","[1, 1, 1]",homogene-groep-internationale-samenwerking-jaarverslag-2022.9.txt__0
jaarrapportage-bedrijfsvoering-rijk-2022.88.txt,Policyarchive_text\jaarverslagen\2023\jaarrapportage-bedrijfsvoering-rijk-2022\jaarrapportage-bedrijfsvoering-rijk-2022.88.txt,2023,jaarrapportage-bedrijfsvoering-rijk-2022,0,pasaanbied per maandag dinsdag woensdag donderdag vrijdag maximal pasaanbied per dag wek wek wek uitzonder wek period gedan vanaf wek eind meegenom wegen inconsistentie data uitzonder organisatieomvang rijkskantor huisvest vak diver organisaties bron inventarisatie twijfel hybrid werk effectiviteit efficientie werk monitor lat zien ongever procent medewerker ervaart hybrid werk bijdraagt effectief samenwerk ruim procent medewerker ervaart voldoend verbind collega hybrid werk percentages blev gelijk verschill monitor uitgevoerd twed helft monitor lat zien vooral twijfel hybrid werk kantor medewerker geeft procent hierover tevred vind goed werkplek hybrid vergader kantor onderdel waarover medewerker tevred onderdel hel belangrijk total belev werk hybrid thuiswerk negent procent medewerker positief goed werkgeverschap kantooromgev medewerker gan doelgericht kantor nam specifiek afsprak elkar ontmoet richt geving gaandeweg volgen hybrid werk ruim driekwart zal vergadercentra rijk ingericht hybrid vergader audiovisuel ervar medewerker hybrid werk kantor wissel procent medewerker vindt voldoend mogelijk kantor hybrid vergader geconcentreerd goed werkgeverschap thuiswerkomgev medewerker werk drie reden grag thuis voel productiever kantor goed ervar digital overleg vanuit huis scheelt reistijd rapportages rijksbred monitor hybrid werk maand hybrid werk vertell cijfer infographic organisatieomvang jaarrapportag bedrijfsvoer rijk,"Colonial Exploitation, Slavery & Economic Inequality|Modern & Everyday Racism",0.0938189568915204,"[0.002809483282140323, 0.00043947812384029184, 0.044130444620878284]","[True, False, True]","[True, False, True]","[0.0938189568915204, 0.0938189568915204, 0.0938189568915204]","[1, 0, 1]",jaarrapportage-bedrijfsvoering-rijk-2022.88.txt__0
jaarverslag-koninkrijksrelaties-2022.17.txt,Policyarchive_text\jaarverslagen\2023\jaarverslag-koninkrijksrelaties-2022\jaarverslag-koninkrijksrelaties-2022.17.txt,2023,jaarverslag-koninkrijksrelaties-2022,0,verhoud regeringscommissaris kader motie wuit eilandsrad bijgesteld kamerstuk hieruit afsprak voortgevloeid inwerkingtred volgend fas proces teruggav democratisch bevoegd begin twed fas wet herstel voorzien inwerk getred waarna gedeputeerd benoemd belangrijk stap herstel democratie aangekondigd voorhangprocedur subfas beginn fas waarin rechtspositionel bevoegd teruggegev dag zing plaatsvind fas waarin financiel bevoegd teruggegev afsprak gemaakt huidig eilandsrad bestuurscolleg afgesprok fas spoedig mogelijk eilandsraadsverkiez werking tred voorwaard verbeterstapp vor verkiez afgerond gerealiseerd nieuwgekoz gedeputeerd eilandsraadsled committer afsprak betrek verbeterstapp gezet verkiez land overheidsfinancien financieel beher financieel toond overheidsfinancien zowel land herstel financiel gevolg terugker toerist kwam toeristisch sector breder economisch ontwikkel wer gang nam komst wer toe colleg aruba financieel colleg financieel curaçao maart adviser rijksministerrad rmr overheidsfinancien land gericht bewerkstell duurzam houdbar overheidsfinancien goed financieel beher economisch herstel land period liquiditeitssteun beeindigd land wer stat extra steuning financiel verplicht voldoen liquiditeitslen eerst twee pandemiejar werd verstrekt period anderhalf rentelos geherfinan cierd zodat rentelast lening kwetsbar begrot land druk zodoend herstel overheidsfinancien afgewacht eindbeeld helder lat kenschets overgangsjar pandemie gedomineerd waarin land wer terugker regulier begrotingsregim waarin princip wer voldan wettelijk begrotingsnorm kreg land toestemm afwijk norm blek herstel steviger verwacht hoefd meevaller kleiner beroep gedan aanvank verwacht diezelfd gunstig ontwikkel zorgd uiteind aruba afsprak maximal afwijk norm rmr aruban reger aanwijz hoefd gev twed kamer vergaderjar,"Colonial Exploitation, Slavery & Economic Inequality|Reparations and Remembrance|Modern & Everyday Racism",0.0910299127363512,"[0.012088299949639243, 0.01682546733347427, 0.004052030655487307]","[True, True, True]","[True, True, True]","[0.0910299127363512, 0.0910299127363512, 0.0910299127363512]","[1, 1, 1]",jaarverslag-koninkrijksrelaties-2022.17.txt__0
inspectie-van-het-onderwijs-ontwerp-jaarwerkplan-2024.27.txt,Policyarchive_text\jaarplannen\2023\inspectie-van-het-onderwijs-ontwerp-jaarwerkplan-2024\inspectie-van-het-onderwijs-ontwerp-jaarwerkplan-2024.27.txt,2023,inspectie-van-het-onderwijs-ontwerp-jaarwerkplan-2024,0,gespreksleidrad ontwikkeld inspecteur hanter gesprek samenwerk bestuurder verder betrok themaonderzoek tsd toezichtlijn uitvoert onderwijszorgarrangement werkdruk voortgezet middel beroepsonderwijs verdiep zoek mogelijk hardnekk knelpunt zorg ondersteun doorbrek burger krijg vak hulp nodig zogehet actieonderzoek onderzoekt tsd hardnekk knelpunt toegang overgang samenlop zorg ondersteun tsd burger partij veld toezichtlijn onderzoekt tsd organisaties sociaal domein alert voorkom groep mens recht ondersteun onbedoeld buitensluit mens moeit lez schrijv reflecter system lat ler ler tsd elkar breng kennis beter beeld krijg ontwikkel verander sociaal domein elkar beinvloed vergelijk process daarin tegenkom vier gan kader elkar gesprek thema arbeidsmarktproblematiek burgerbetrok nvao cdho hoger werkt nauw accreditatieorganisatie nvao doelmat hoger cdho nvao tak beoordel onderwijskwaliteit kwaliteitszorg opleid instell doelmat hoger cdho adviseert gevraagd ongevraagd doelmat bekostigd onderwijsaanbod taakverdel instell hoger macrodoelmat samenwerk realiser logisch effectief samenhang stelsel extern borging hoger daarbij strev nvao cdho beperkt mogelijk houd administratiev lastendruk instell gestreefd optimal afstemm werkzam uitvoer analyses academisch samenwerk programma academisch werkplaats awp nauw samenwerk wetenschap relevant thema terrein verbeter onderwijskwaliteit aldus gezamen verworv kennis gebruik programma eerder bestond samenwerk universiteit maastricht vrij universiteit amsterdam awp onderwijskwaliteit universiteit amsterdam awp social kwaliteit universiteit twent awp leskwaliteit uitgebreid twee nieuw partner erasmus universiteit rijksuniversiteit groning samenwerk erasmus universiteit erop gericht effect kaart breng less hieruit volg gebruik verbeter ontwikkel samenwerk rijksuniversiteit groning kansrijk,"Colonial Exploitation, Slavery & Economic Inequality|Reparations and Remembrance|Modern & Everyday Racism",0.0967685995026846,"[0.002468457280969622, 0.006444849737999899, 0.015023643839043118]","[True, True, True]","[True, True, True]","[0.0967685995026846, 0.0967685995026846, 0.0967685995026846]","[1, 1, 1]",inspectie-van-het-onderwijs-ontwerp-jaarwerkplan-2024.27.txt__0
openbaar-jaarverslag-mivd-2022.49.txt,Policyarchive_text\jaarverslagen\2023\openbaar-jaarverslag-mivd-2022\openbaar-jaarverslag-mivd-2022.49.txt,2023,openbaar-jaarverslag-mivd-2022,0,notificatie grond wiv onderzocht vijf beeindig uitoefen bepaald bijzonder bevoegd hiervan melding gedan deg jegen bijzonder bevoegd ingezet gat bevoegd open briev postzend gericht onderschepp communicatie tapp telefon plaats microfon internettap binnentred woning toestemm bewoner nul notificaties gedan dreigingsanalyses person mivd concret voorstel dreigingsinformatie beschikt geduid brengt mivd dreigingsinschat dreigingsinformatie beoordeeld effect wanner dreiging uitvoer gebracht bedreiger mogelijk afgelop mivd nul ker dreigingsinschat gemaakt mivd dreigingsanalys mak uitgebreid analys concret voorstel dreiging vanuit perspectief bedreigd politicus diplomat afgelop mivd ker dreigingsanalys gemaakt tapstatistiek mivd tap geplaatst voorbeeld telefoontap plaats microfon een target person verschill manier meerder apparat afgeluisterd afzonder meegeteld statistiek mivd gedan basis melding melding leidt daarmee vrijwel stabiel melding mivd ontvangt zowel missiegebied land war krijgsmacht oefent zer diver melding houdt mogelijk bedreig krijgsmacht daarbij valt denk opvall belangstell kazernes defensiepersonel thuisfront indien noodzak mivd derd partij mogelijk dreiging informer zodat passend genom belangrijk partner defensie beveiligingsautoriteit defensie konink marechaussee defensie aivd nctv national militair veiligheidsdienst,"Colonial Exploitation, Slavery & Economic Inequality|Modern & Everyday Racism",0.1305857250198021,"[0.006584232678947748, 0.0048585951415252085, 0.01885419422106295]","[True, False, True]","[True, False, True]","[0.1305857250198021, 0.1305857250198021, 0.1305857250198021]","[1, 0, 1]",openbaar-jaarverslag-mivd-2022.49.txt__0
jaarverslag-defensie-2022.77.txt,Policyarchive_text\jaarverslagen\2023\jaarverslag-defensie-2022\jaarverslag-defensie-2022.77.txt,2023,jaarverslag-defensie-2022,0,eenduid toegang regelgev vergrot teven invull verminder werklast noodzak aspect vereenvoud geautomatiseerd ondersteun middel verbeterd mkm fraud defensie grot uitvoeringsorganisatie belangrijk inkoopmacht international opereert omvangrijk arsenal materieel vastgoed del gevoel voorrad beheert daarnaast sprak grot personeelsbestand onregelmat som gevar international operaties daarbij passend cao vel toeslagsoort hierdor bestan inherent risico aanbestedingsfraud oneigen ontvreemd materieel vastgoed voorrad creditcard contant geld daarnaast bestat risico indien afhandel fictiev factur personeelsdeclaraties betal salariss bestaand ambtenar onterecht toeslag aandachtspunt extra middel defensie beschik gekreg hierdor ontstat extra druk aanbestedingsproces budget realiser risico ten kost gat zorgvuld twed aandachtspunt lever materieel oekrain defensie bedrijfsprocess beheerraamwerk ingericht gebaseerd integral beheerraamwerk bevat functiescheid goedkeuringsroll administratie monitor jaarlijk telling controles specifiek aandacht munitieopslag cryptomiddel frauderisico hierbij med beschouw genom expliciet zodan benoemd defensie beschikt gedragscod defensie waarin basiswaard stan omschrev elkar ander middel bevoegd omgegan gedragscod geldt iederen daarnaast legg medewerker defensie eed beloft medewerker werkzam vertrouwensfuncties extra gescreend mivd central integriteit defensie coid tak integriteit integriteitsbewustzijn medewerker bevorder advies analyses training voorlicht integriteitsonderzoek ter preventie fraud declaraties factur controles uitgevoerd onterecht onjuist betal voorkom fabk dchr beschik hiervor intern beheersingscapaciteit basis risicoanalys beschik intern controlecapaciteit ingezet momentel bekijkt defensie capaciteit intern beheers uitgebreid vermoed schending melding gedan meldpunt integriteit defensie waarna coid aanvull verricht fraudegevall materiel aard geconstateerd voorkom onrechtmat schenking oekrain gedan defensie onrechtmat declaraties indient financien zovel mogelijk geeigend process doorlop gebied aanvull gel getroff twed kamer vergaderjar,Reparations and Remembrance|Modern & Everyday Racism,0.0893500163086982,"[0.00628939921443708, 0.003131245086056563, 0.023732662021003718]","[False, True, True]","[False, True, True]","[0.0893500163086982, 0.0893500163086982, 0.0893500163086982]","[0, 1, 1]",jaarverslag-defensie-2022.77.txt__0
jaarverslag-onderwijs-cultuur-wetenschap-2022.39.txt,Policyarchive_text\jaarverslagen\2023\jaarverslag-onderwijs-cultuur-wetenschap-2022\jaarverslag-onderwijs-cultuur-wetenschap-2022.39.txt,2023,jaarverslag-onderwijs-cultuur-wetenschap-2022,0,scholingsmog kader programma crisisdienstverlen projectsubsidie verstrekt samenwerkingsorganisatie beroepsonderwijs bedrijfslev sbb gericht ontwikkel competentnl beoogd drag groter insectoral mobiliteit gericht bijschol werklos gevolg coronacrisis gan cultuursteun suppletieregel samenstell steunpakket culturel creatiev sector suppletieregel opgezet regel biedt compensatie producent organisator concert voorstell mak gekreg geled verlies concert voorstell ventilatie optimal leerprestaties belangrijk schol delijk mogelijk fysiek organiser goed kwaliteit maakt risico besmet verklein daarnaast onderwijspersonel les gev goed arbeidsomstand goed luchtkwaliteit hierbij grot belang zelftest inzet zelftest belangrijk geleverd continuer fysiek belang onderwijsachterstand voorkom psychisch welbevind leerling student arbeidsparticipatie ouder twed kamer vergaderjar viii,Reparations and Remembrance|Modern & Everyday Racism,0.0862662185627507,"[0.0035448961824484674, 0.0012092760779893346, 0.03993032024602737]","[False, True, True]","[False, True, True]","[0.0862662185627507, 0.0862662185627507, 0.0862662185627507]","[0, 1, 1]",jaarverslag-onderwijs-cultuur-wetenschap-2022.39.txt__0
jaarverslag-onderwijs-cultuur-wetenschap-2022.177.txt,Policyarchive_text\jaarverslagen\2023\jaarverslag-onderwijs-cultuur-wetenschap-2022\jaarverslag-onderwijs-cultuur-wetenschap-2022.177.txt,2023,jaarverslag-onderwijs-cultuur-wetenschap-2022,0,thema subthema typ afrond status thema shrm duurzam inzet begeleid startend lerar schoolleider schoolverzuim blijkt effectiviteit regel geisoleerd instrument goed vast stell zien bestur werk strategisch personeelsbeleid terugdr verzuim hierin eig keuzes mak middel vanuit regel hierbij agender functie bred gesprek medezeggenschap lopend toepass bekost praktijkonderwijs opties gedeeld ongedeeld bekost praktijkonderwijs afgerond bevat verdiep financiel consequenties direct bekost praktijkonderwijs pro mogelijk alternatiev bekost nadel twee bekostigingsvariant afweg luidt twee valid argument ongedeeld bekost besluit inherent reeel bestaand risico huidig gedeeld bekost beperk instrom praktijkonderwijs ontstat vanweg financiel problem samenwerkingsverband onderscheid bekostigingssystematiek plat praktijkonderwijs belev betrokken ongelijkwaard positie ten opzicht schoolsoort richting nieuw verdeelmodel lwoo verkenn mogelijk aggregatieformules afgerond central bureau statistiek cbs bevat verkenn mogelijk nieuw verdeelsleutel budget leerwegondersteun lwoo praktijkonderwijs pro lat zien scenario zowel overeenkomst uiteenlop gevolg stabiliteit hen maakt verschil welk scenario gekoz herverdeeleffect zull beid scenario optred regional verschill ontstan kenn evenen soortgelijk patron gelijk passend jaarlijk doelstellingenmonitor passend lopend toepass twed monitor afbouw bovenmat vermogen samenwerkingsverband passend afgerond monitor gat voortgang sectorplan afbouw financiel reserves samenwerkingsverband passend blijkt samenwerkingsverband substantieel bovenmat vermog afgebouwd afbouw echter lager sectorplan ten gesteld diver reden monitor evaluatie experiment onderwijszorgarrangement lopend toepass afstand overbrugg afgerond gat knelpunt afstandsonderwijs thuiszitter gat daarbij knelpunt verschill interpretatie leerplichtwet onduid rond toepass variawet bekostigingsvraagstuk volgend knelpunt kom vor behoeft verder verruim bestaand mogelijk gelijk toepass interpretatie regelgev onduid inzet bekost oog inkop privat aanbieder afstandsonderwijs inkop jeugdhulp onderwijszorg knelpunt juridisch verantwoordelijkheidsverdel betrok actor afstandsonderwijs verhal cijfer leerplichttell afgerond bevat enquêt leerplichtorganisaties schoolverzuim schooljar samenhang blijkt eenduid ontwikkel verzuimcijfer verschill leerplichtorganisaties twed kamer vergaderjar viii,"Colonial Exploitation, Slavery & Economic Inequality|Reparations and Remembrance|Modern & Everyday Racism",0.0967867836991654,"[0.003361742330800872, 0.007271389689922807, 0.019541287666221974]","[True, True, True]","[True, True, True]","[0.0967867836991654, 0.0967867836991654, 0.0967867836991654]","[1, 1, 1]",jaarverslag-onderwijs-cultuur-wetenschap-2022.177.txt__0
jaarverslag-onderwijs-cultuur-wetenschap-2022.79.txt,Policyarchive_text\jaarverslagen\2023\jaarverslag-onderwijs-cultuur-wetenschap-2022\jaarverslag-onderwijs-cultuur-wetenschap-2022.79.txt,2023,jaarverslag-onderwijs-cultuur-wetenschap-2022,0,beleidsartikel international algemen doelstell bevorder international samenwerk uitwissel ter steuning versterk kwaliteit cultur wetenschap ter verder ontwikkel international competenties lerend docent kunstenar wetenschapper rol verantwoord stimuler uitvoer algemen doelstell ligt nadruk zovel mogelijk stimuler ondersteun instell burger international omgev orienter daartoe zorgt vanuit stelselverantwoord benodigd bestur randvoorwaard afsprak mak wederzijd beroepserkenn kwaliteitszorg grensverker uitwissel best practices opereert hierbij lateral kader europes unie economisch samenwerk ontwikkel oeso united nation educational scientific cultural organisation unesco vak daarbij aangeslot organisaties alsmed via bilateral contact verdrag memorandum understand cetera daarnaast gemaakt stimuleringsmaatregel vorm fonds beurz faciliter uitvoer instanties gefinancierd stichting nuffic netherland hous education research duitsland institut amsterdam dia bevorder tional samenwerk ondersteun beleidsdoelstell ocw voorgenom activiteit belangrijk opgenom betreff beleidsartikel international ondersteun lat moeilijk vang hard cijfer beleidsconclusies gevall war mogelijk bevorder uitgaand studiemobiliteit bevorder culturel activiteit buitenland relevant cijfer volg ocw cijfer websit biedt informatie indicator programma prestaties beroepsbevolk international vergelek kader programm international assessment adult competencies piaac beleidsconclusies belangrijkst terrein international beschrev beleidsprioriteit twed kamer vergaderjar viii,Reparations and Remembrance|Modern & Everyday Racism,0.0827170191868511,"[0.004667595271628355, 0.01076142648303034, 0.028374447384564624]","[False, True, True]","[False, True, True]","[0.0827170191868511, 0.0827170191868511, 0.0827170191868511]","[0, 1, 1]",jaarverslag-onderwijs-cultuur-wetenschap-2022.79.txt__0
jaarverslag-onderwijs-cultuur-wetenschap-2022.103.txt,Policyarchive_text\jaarverslagen\2023\jaarverslag-onderwijs-cultuur-wetenschap-2022\jaarverslag-onderwijs-cultuur-wetenschap-2022.103.txt,2023,jaarverslag-onderwijs-cultuur-wetenschap-2022,0,beleidsartikel cultur algemen doelstell bevorder sterk pluriform toegank kwalitatief hoogwaard cultuursector zorg erfgoed rol verantwoord verantwoord wet specifiek cultuurbeleid verankerd verantwoord schepp voorwaard stand houd ontwikkel sociaal geografisch spreid cultuuruit overweg kwaliteit verscheid daarbij leidend aanvull cultuuraanbod betrok stand komt verantwoord wet stelsel open bibliotheekvoorzien erfgoedwet archiefwet financier financier rol bekost infrastructur cultur subsidier specifiek wettelijk regel terrein erfgoed kunst letter bibliothek stimuler stimuler rol versterk sector programma cultuureducatie leesbevorder ticipatie ondernemerschap bewustzijn international cultuurbeleid regisser regisser rol uitvoer behoud beher erfgoed digital archiev betreft wet stelsel open bibliotheekvoorzien erfgoedwet archiefwet nalev laatst twee wet ligt overheidsinformatie erfgoed rijksdienst culturel erfgoed rce rijksgesubsidieerd musea belast uitvoer erfgoedwet national archief geeft uitvoer archiefwet twed kamer vergaderjar viii,Reparations and Remembrance|Modern & Everyday Racism,0.1153846153846153,"[0.0, 0.04015652648401323, 0.02208977748261426]","[False, True, True]","[False, True, True]","[0.1153846153846153, 0.1153846153846153, 0.1153846153846153]","[0, 1, 1]",jaarverslag-onderwijs-cultuur-wetenschap-2022.103.txt__0
jaarverslag-binnenlandse-zaken-2022.47.txt,Policyarchive_text\jaarverslagen\2023\jaarverslag-binnenlandse-zaken-2022\jaarverslag-binnenlandse-zaken-2022.47.txt,2023,jaarverslag-binnenlandse-zaken-2022,0,vng ondersteund gemeent uitdaagrecht vervang inspraakverorden participatieverorden voortvloei wetsvoorstel versterk participatie decentral niveau landelijk veren klein kern lvkk ontving subsidie ter ondersteun bewonerparticipatie lokal niveau buurt wijk dorp verschill subsidies verstrekt onderzoeksproject programma terrein democratie bestur konink institut land volkenkund kitlv subsidie verstrekt terrein verkenn meerjar national slavernijverled lijn afsprak gemaakt prak frysk tal kultuer bftk ontving rijksuniversiteit groning jaarlijk subsidie leerstoel fries letterkund nederland gebarencentrum ontving subsidie ten behoev adviescolleg gebarental volgen wet erkenn gebarental ingesteld toerust ondersteun politiek ambtsdrager diver organisaties belangenveren burgemeester raadsled griffier wethouder statenled secretariss rekenkamer ontving subsidie intervisie adequat digital opleidingsprogramma beroepsgroep stichting centrum arbeidsverhoud overheidspersonel caop ondersteund steunpunt integriteitsonderzoek politiek ambtsdrager sipa adviescolleg rechtspositie politiek ambtsdrager volgen wet adviescolleg rechtspositie politiek ambtsdrager ingesteld kader actieplan politiek ambtsdrager beperk kamerstuk start veren raadsled nvvr pilot financiel ondersteun decentral volksvertegenwoordiger kandidat statenled beperk pilot lop waterschapsverkiez kennispunt lokal politiek partij ondersteund lokal politiek partij financiel ondersteun ontvang grond wfpp organiser trainingsactiviteit veelal gericht professionaliser politiek partij ter voorbereid waterschapsverkiez weerbar bestur kader weerbar bestur bzk nederland genootschap burgemeester ngb veren gemeentesecretariss vgs veren griffier vvg verder vorm versterk lokal driehoek burgemeester gemeentesecretaris griffier lokal driehoek belangrijk democratisch versterk vernieuw drag daarmee bestur weerbar regional bijeenkomst driehoek ervar uitgewisseld twed kamer vergaderjar vii,Reparations and Remembrance|Modern & Everyday Racism,0.0891132788679007,"[0.007096859537557562, 0.06960462607280461, 0.013528465988203129]","[False, True, True]","[False, True, True]","[0.0891132788679007, 0.0891132788679007, 0.0891132788679007]","[0, 1, 1]",jaarverslag-binnenlandse-zaken-2022.47.txt__0
jaarverslag-defensie-2022.33.txt,Policyarchive_text\jaarverslagen\2023\jaarverslag-defensie-2022\jaarverslag-defensie-2022.33.txt,2023,jaarverslag-defensie-2022,0,beleidsartikel beleidsartikel inzet algemen doelstell defensie beschermt dierbar opdracht afgeleid statut koninkrijk nederland grondwet leidt drie hoofdtak bescherm eig bondgenootschapp grondgebied inclusief koninkrijk bescherm bevorder international rechtsord stabiliteit ondersteun civiel autoriteit rechtshandhav bestrijd humanitair hulp zowel national international drie hoofdtak verg inzet vanweg toegenom biliteit wereld tak uitvoer stelt defensie militair eenheid gered daarvor ingezet rol verantwoord verantwoord beschik stell kelijk inzet eenheid eig schappelijk grondgebied handhav verder samenwerk bondgenot verantwoord uitvoer bijdrag missies conflictpreventie crisisbeheers opbouw zowel europa daarbuit koninkrijk nederland draagt daarmee handhav bevorder international rechtsord eenheid ingezet ten behoev national tak verlen international noodhulp beleidsartikel inzet biedt gehel inzet krijgsmacht betreft bijdrag defensie beheersingsoperaties contributies gezamen gefinancierd inzet national koninkrijkstak over inzet beleidsartikel verantwoord opgenom additionel uitgav inzet verantwoord cds taakuitvoer verantwoord marin landmacht luchtmacht marechaussee hen gemandateerd inzet zover valt beleidsconclusies international inzet militair wederom bred ingezet vred eind rusland grot strijdmacht oekrain gevall waardor veiligheidsomgev drastisch veranderd steunt oekrain strijdkracht volop daarnaast oorlog oekrain gezorgd verded bondgenootschapp gebied aandacht gekreg komt uiting volgend missies operaties twed kamer vergaderjar,"Colonial Exploitation, Slavery & Economic Inequality|Reparations and Remembrance|Modern & Everyday Racism",0.0860165328912752,"[0.006794013642369432, 0.019160576703824504, 0.00141014841862012]","[True, True, True]","[True, True, True]","[0.0860165328912752, 0.0860165328912752, 0.0860165328912752]","[1, 1, 1]",jaarverslag-defensie-2022.33.txt__0
jaarverslag-koninkrijksrelaties-2022.33.txt,Policyarchive_text\jaarverslagen\2023\jaarverslag-koninkrijksrelaties-2022\jaarverslag-koninkrijksrelaties-2022.33.txt,2023,jaarverslag-koninkrijksrelaties-2022,0,bevorder sociaaleconomisch structur algemen doelstell bewerkstell merkbar positiev verander lev burger koninkrijk steun crer betrouw goed functioner crer betrouw goed functioner verbeter arbeidsmarkt versterk bestaanszeker zorg rechtsstat land zak koninkrijksrelaties bzk draagt daaran middel versterk uitvoeringskracht inzet kennis expertis coordiner inzet rijk rol verantwoord binnenland zak koninkrijksrelaties delijk stimuler ondersteunt war gewenst mogelijk koninkrijk uitvoer tak middel technisch assistentie kennis ondersteunt war gewenst mogelijk koninkrijk uitvoer tak middel praktisch samenwerk opzet samenwerkingsovereenkomst ondersteunt via tijdelijk werkorganisatie two diver gebied betrek sociaal economisch structur kwaliteit kosteneffectiviteit arbeidsmarkt zorg regisser coordineert rijksbred inzet bevordert integral samenwerk verantwoord bevorder goed bestur geeft invull tak omschrev rijkswet financieel curaçao maart rft dening aruba financieel laft protocol afsprak reger aruba open financien aruba protocol houdt financieel open licham basis wet financien open licham finbes monitort uitvoer hervorm ontwik ling landspakket via voortgang rapportages periodiek tijdelijk werkorganisatie two land opgesteld beleidsconclusies belangrijk stapp gezet terugker regulier democratisch verhoud voorjar gewerkt onderl relatie eilandsrad saris daarvor opgezet geleid afsprak bereik fas memorie twed kamer vergaderjar,Reparations and Remembrance|Modern & Everyday Racism,0.08125,"[0.0044824652131849945, 0.013617033348071485, 0.008472566970417]","[False, True, True]","[False, True, True]","[0.08125, 0.08125, 0.08125]","[0, 1, 1]",jaarverslag-koninkrijksrelaties-2022.33.txt__0
jaarverslag-onderwijs-cultuur-wetenschap-2022.191.txt,Policyarchive_text\jaarverslagen\2023\jaarverslag-onderwijs-cultuur-wetenschap-2022\jaarverslag-onderwijs-cultuur-wetenschap-2022.191.txt,2023,jaarverslag-onderwijs-cultuur-wetenschap-2022,0,subthema moment beleidsevaluatie gepland stat komend period hiaat keuz past strategisch plann evaluaties oog verbind beleidspraktijk jaarlijk actualisatie strategisch evaluatie agenda opnieuw evaluatie gekek strategisch evaluatie agenda keling domein emancipatie uitwerk strategisch evaluatieagenda thema subthema typ afrond status arbeid monitor genderdiversiteit lopend eerst monitor eind gepubliceerd volg vier monitor aandel vrouw top semi sector gemiddeld gesteg procent stijging gat erg trag verschill organisaties sector gat genderdiversiteit arbeid diversiteitsquotum lopend eerst gepubliceerd effectmet goed lat verlop controlegroep samengesteld bedrijv topvrouwenwet vall verder gelijksoort organisaties beursgenoteerd bedrijv wetgev vall controlegroep bedrijv vertoont aankond diversiteitsquotum vergelijk ontwikkel behandelgroep beursgenoteerd bedrijv daarmee belangrijk randvoorwaard voldan vervolgonderzoek goed gemet welk effect diversiteitsquotum wet beursgenoteerd bedrijv arbeid verkenn landelijk eenouderpunt behoeftes draagvlak beeld afgerond verkenn blijkt behoeft bestat verbeter algemen informatievoorzien hulp alleenstaand ouder behoeft lotgenotencontact doorverwijsfunctie gemeent szw gefinancieerd social regenboogsted afgerond programma regenboogsted valt groeiend toenam politiek belangstell lokal niveau duidelijk evaluatie toont langer gemeent inspann groter draagvlak beleidsonderwerp social evaluatie programma veilig sted afgerond dankzij programma veilig sted bewustword straatintimidatie inwoner professional vergrot gemeent meedoen veilig sted kennis inzicht gekreg lokal situatie evaluatie toont langer gemeent inspann gericht vergrot social vrouw meisjes groter draagvlak beleidsonderwerp social genital operaties kinder dsd jonger afgerond hoevel genital operaties uitgevoerd jong kinder variaties geslachtsontwikkel bekend kinder differences disorder sex development dsd gelet war overeenstemm bestat ingrep verricht schatting kinder social ervar aanpak pestgedrag tegenover jonger voortgezet afgerond leerling vos aangev nodig veilig voel schol leerling pestgedrag medeleerl docent ervar bereid pestgedrag meld lag leerling bagatelliser pestgedrag zelfbescherm ervar angst repercussies medeleerl twed kamer vergaderjar viii,Reparations and Remembrance|Modern & Everyday Racism,0.090682052381636,"[0.039580733729134863, 0.00851877433114574, 0.026094297383053085]","[False, True, True]","[False, True, True]","[0.090682052381636, 0.090682052381636, 0.090682052381636]","[0, 1, 1]",jaarverslag-onderwijs-cultuur-wetenschap-2022.191.txt__0
jaarverslag-vws-2022.125.txt,Policyarchive_text\jaarverslagen\2023\jaarverslag-vws-2022\jaarverslag-vws-2022.125.txt,2023,jaarverslag-vws-2022,0,inzicht biedt huidig toe stand landschap zodat onderhoud daarbij behor invester gecontroleerd wijz uitgevoerd tijdig gestart vervang vernieuw onderdel daarvan chief information officer cio vws hiermee tol hand integral stur adviser onderhoud beher ict applicaties daarnaast cio instrument accountmanagement voldoend zicht mogelijk risico lcm register verder doorontwikkeld rijksbred bedrijfsvoeringsonderwerp grot lopend ciz ict dienstverlen bestat aanbested doorontwikkel total ict landschap centrum indicatiestell zorg ciz bestaand verlen data analytic over ict dienstverlen waaronder kantoorautomatiser huidig primair applicatielandschap ciz vervang nieuw applicatielandschap basis dynamisch management system dcm daarnaast datewarehous dwh vervang data analytic platform waarbij huidig dwh nieuw koppel bron meegenom zodat historie huidig vorm laatst ict dienstverlen opnieuw aanbested betreft drie percel programma bevindt fas aanbested datawarehous dienstverlen realisatie implementatie nieuw zaaksystem open standaard open sourc softwar concern vws indien mogelijk gestreefd open standaard open sourc gevall bedrijfsvoer gevoel informatie vanweg technisch oploss open sourc mogelijk geldt functionel inkop softwar vws indien proces functionel dergelijk ondersteun toelat open sourc oploss voorkeur wen programma eis opgenom period pandemie gekoz coronamelder coronacheck open transparant wijz ontwikkel participatie open sourc aanpak succesvol geblek voortzet betaalgedrag vws factur dag betaald hiermee voldan rijksbred norm factur dag betal twed kamer vergaderjar xvi,"Colonial Exploitation, Slavery & Economic Inequality|Reparations and Remembrance|Modern & Everyday Racism",0.0917913720165266,"[0.0027372315899229626, 0.0011634760115315046, 0.014524989974567361]","[True, True, True]","[True, True, True]","[0.0917913720165266, 0.0917913720165266, 0.0917913720165266]","[1, 1, 1]",jaarverslag-vws-2022.125.txt__0
jaarrapportage-bedrijfsvoering-rijk-2022.20.txt,Policyarchive_text\jaarverslagen\2023\jaarrapportage-bedrijfsvoering-rijk-2022\jaarrapportage-bedrijfsvoering-rijk-2022.20.txt,2023,jaarrapportage-bedrijfsvoering-rijk-2022,0,traines categorie rijkstraines specialistisch traines drie traineeship eerder opgenom ict traineeship traines belastingdienst ict traineeship traines rechtsprak traines hierdor verschill total ten opzicht eerder inclusief uitzonder organisatieomvang traineeship rijk inkoopprofessional eerder traines gemeent gestart bron inventarisatie instrom stagiair coronacrisis sprak landelijk tekort plek vooral situatie gold rijk blef stagiair ondank langdur invloed coronacrisis nagenoeg peil steg stagiair begonn uiteind student rijk stagetraject ten opzicht steg stages procent sprak ministeries streefpercentag stageplek ministeries werkstudentplek bijban student crer organisaties stagiair opleidingsniveau mbo hbo opleidingsniveau onbek bron rijk inclusiev diver samengesteld team goed functioner rijk gezond mix lend perspectiev achtergrond orientaties kennis belangrijk randvoorwaard hecht grot belang inclusiev cultur daarbij gat combinatie diversiteit inclusie goed balan twee gat juist balan mix medewerker medewerker werk ieder eig respecter aandacht elkar kwaliteit variatie visies oploss leidt immer creativiteit innovatie beter beter verbind maatschappij nodig samenlev arbeidsmarkt verander snel organisatieomvang organisatieomvang jaarrapportag bedrijfsvoer rijk,Modern & Everyday Racism,0.1035098339013531,"[0.005462162837598361, 0.006402572550368408, 0.02985384299195457]","[False, False, True]","[False, False, True]","[0.1035098339013531, 0.1035098339013531, 0.1035098339013531]","[0, 0, 1]",jaarrapportage-bedrijfsvoering-rijk-2022.20.txt__0
uitgangspunten-cultuursubsidies-2025-2028.39.txt,Policyarchive_text\beleidsnotas\2023\uitgangspunten-cultuursubsidies-2025-2028\uitgangspunten-cultuursubsidies-2025-2028.39.txt,2023,uitgangspunten-cultuursubsidies-2025-2028,0,uitgangspunt cultuursubsidies zes fonds extra aandacht bested beleidsplann volgend thema geformuleerd uitgangspuntenbrief period spreiding land vind toegank culturel voorzien zowel maker belangrijk hecht daarom waard goed gespreid netwerk instell initiatiev daarbij special aandacht regio randstad hierbij expliciet aandacht lokal context waarin activiteit plaatsvind toegank regel gehel koninkrijk hecht waard samenwerk fonds gebied cultur koninkrijk bewust onz gezamen geschiedenis inclusiev democratisch veerkracht samenlev bouw daarom zes cultuurfonds zover toepass mogelijk regel open stell gehel koninkrijk betreft inclusief land aruba curaçao maart fonds aandacht zichtbar toegank regel drie codes nalev drie codes essentieel wendbar weerbar culturel creatiev sector daarom fonds drie codes volgt nem regel beoordel toe pass governanc cod cultur culturel creatiev sector kenmerkt grot verscheid gehel sector geldt verantwoord belangrijk goed bestur belangrijk functioner culturel creatiev sector vertrouw samenlev sector bovendien drag goed bestur veilig werkomgev iederen sector werkt daarom fonds meerjar ondersteun instell aandacht belang governanc basis governanc cod cultur cod diversiteit inclusie verschill perspectiev geluid verrijk aanbod vind implementatie cod diversiteit inclusie daarom belangrijk stapp zet komend betrek fonds vind belangrijk regel toegank maker instell aanvraagprocedures begrijp degen bedoeld verzoek fonds toe licht diversiteit inclusie slag gan zowel eig veld waarin fond beweegt fair practic cod meerjarenbrief kracht creativiteit gef stevig creatiev culturel sector sta betekent ogen gezond markt eerlijk belon belangrijk instrument hierbij fair practic cod zie uitvoer daarvan bijzonder fair pay sleutel inkomenspositie werkend culturel creatiev sector verbeter fonds hiermee reken houd vernem grag war relevant samenwerk pacct komend period slag gan,"Colonial Exploitation, Slavery & Economic Inequality|Reparations and Remembrance|Modern & Everyday Racism",0.1191452206184306,"[0.004369583283005414, 0.031224184131671863, 0.08602515284526721]","[True, True, True]","[True, True, True]","[0.1191452206184306, 0.1191452206184306, 0.1191452206184306]","[1, 1, 1]",uitgangspunten-cultuursubsidies-2025-2028.39.txt__0
beslisnota-s-bij-uitwerking-motie-schoolmaaltijden-en-motie-brugfunctionaris.2.txt,Policyarchive_text\beleidsnotas\2023\beslisnota-s-bij-uitwerking-motie-schoolmaaltijden-en-motie-brugfunctionaris\beslisnota-s-bij-uitwerking-motie-schoolmaaltijden-en-motie-brugfunctionaris.2.txt,2023,beslisnota-s-bij-uitwerking-motie-schoolmaaltijden-en-motie-brugfunctionaris,0,brief uitwerk motie prinsjesdag kamer verzond brief stan oplegbrief prinsjesdag verzond brugfunctionaris brugfunctionaris brugfunctionaris zet vanuit schol verbind schol thuis zorg ondersteun versterk rol ingevuld bestaand nieuw medewerker klein kernteam basis bekend vertrouwd gezicht laagdrempel vorm ondersteun gezin ervar leert brugfunctionaris helpend hand bied vak verbind jeugdzorg schuldhulpverlen vorm ondersteun wijk vertrouw cruciaal vertrekpunt ondersteun bied war nodig direct oploss hulp inschakel zorg nodig brugfunctionaris stat gezin slecht doorverwijz optrek formulier invull zodat leerling ouder sneller beter geholp brugfunctionaris kennis ondersteun aanbod wijk hulpmog vanuit gemeent zorgsystem hierdor krijg ouder vanzelfsprek toegang zorg dienst gezin nodig nodig welzijn ontwikkel leerling verbeter brugfunctionaris hierin bijdrag denk regel fiet kind schol gan ouder betal zoek passend hulpverlen vind sportveren wijk invull formulier zak nodig brugfunctionaris helpt hierbij vak komt coordiner zorg rondom leerling help ouder hierbij bordj zorgcoordinator intern begeleider som zelf lerar neemt brugfunctionaris lerar wer richt lesgev intern begeleider zorgcoordinator directeur ondersteun lerar nam brugfunctionaris komt oorspronk belgie eerst groning geintroduceerd circa tien geled ervar leert echter dezelfd typ werkzam plaats schoolmaatschapp werker jeugdhulp uitgevoerd brugfunctionaris hoeft person functie betreff klein kernteam vanuit dezelfd doelstell werkt brainstormsessie kader regel overkoepel doelstell inzet brugfunctionaris versterk pedagogisch klimat welbevind leerling verbind schol thuis zorg ondersteun wijk subsidie stur doelstell direct exact ingevuld schol krijg,Reparations and Remembrance|Modern & Everyday Racism,0.1318252329064824,"[0.004892208403374024, 0.00464971730107854, 0.0269528559892971]","[False, True, True]","[False, True, True]","[0.1318252329064824, 0.1318252329064824, 0.1318252329064824]","[0, 1, 1]",beslisnota-s-bij-uitwerking-motie-schoolmaaltijden-en-motie-brugfunctionaris.2.txt__0
jaarverslag-justitie-2022.250.txt,Policyarchive_text\jaarverslagen\2023\jaarverslag-justitie-2022\jaarverslag-justitie-2022.250.txt,2023,jaarverslag-justitie-2022,1,toezegg jaarwissel ado den hag toezegg verruim groepsaansprak open geweldpleg opgepakt toezegg testcas mrb zegt kamer toe standaard procesbegeleider komt ouder uithuisplaats gedragswetenschapper mediator advocat vorm uitgewerkt parlementair agenda punt plenair debat problem uithuisplaats kinder juridisch ondersteun kinder ouder uithuisplaats beproefd pilot kosteloz rechtsbijstand pilot gemonitord basis monitor neemt mrb besluit kosteloz rechtsbijstand structurel gat vormgev mrb zegt kamer toe zovel mogelijk data verzamel inzicht krijg vrijwill uithuisplaats gedupeerd parlementair agenda punt plenair debat problem uithuisplaats kinder toezegg gestand gedan verzend twed voortgangsrapportag aanpak uithuisplaats kinderopvangtoeslag mrb zegt kamer toe bezien werkwijz ondersteuningsteam gedupeerd ouder uithuisplaats ingezet parlementair agenda punt plenair debat problem uithuisplaats kinder toezegg momentel nader uitgewerkt hangt toezegg procesbegeleider stell ouder uithuisplaats kamer spoedig mogelijk hierover geinformeerd mrb zegt kamer toe besprek gecertificeerd instell optie vanuit besef erg risicomijd geword parlementair agenda punt plenair debat problem uithuisplaats kinder wijz uitvoer consequenties toezegg ketenpartner nader besprok kamer snel mogelijk geinformeerd hiervan mrb zegt kamer toe colleg aandacht breng shunning reikwijdt huidig wettelijk instrumentarium vall parlementair agenda punt slachtofferbeleid afgedan uitgaand brief beleidsreactie wodc onbelemmerd spreekrecht twed kamer vergaderjar,Reparations and Remembrance|Modern & Everyday Racism,0.0822687661442906,"[0.0015809461632886553, 0.002368917415267705, 0.02069024448161533]","[False, True, True]","[False, True, True]","[0.0822687661442906, 0.0822687661442906, 0.0822687661442906]","[0, 1, 1]",jaarverslag-justitie-2022.250.txt__1
jaarverslag-binnenlandse-zaken-2022.52.txt,Policyarchive_text\jaarverslagen\2023\jaarverslag-binnenlandse-zaken-2022\jaarverslag-binnenlandse-zaken-2022.52.txt,2023,jaarverslag-binnenlandse-zaken-2022,0,national algemen doelstell algemen veiligheidsdienst aivd beschermt national aivd tijdig dreiging international politiek ontwikkel risico onderkenn direct zichtbar daartoe buitenland aivd signaleert adviseert deelt gericht informatie samenwerkingspartner zodat dreiging risico reducer war nodig reduceert aivd zelfstand risico rol verantwoord uitvoer binnenland zak koninkrijksrelaties bzk verantwoord taakuitvoer aivd aivd tijdig onderkenn dreiging national national belang buitenland aivd verricht behulp bijzonder basis bevind informeert adviseert aivd samenwerkingspartner ambtsbericht analyses waaronder open publicaties bzk legt mogelijk open verantwoord twed kamer gehel vast kamercommissie bzk war vanweg houdingsnoodzak gebeurt via veiligheidsdienst civd twed kamer taakuitvoer stevig waarborg ingericht vorm toetsing control vanweg inbreuk person levenssfer mens inzet bijzonder inzet grot bijzonder tingenmiddel toestemm nodig bzk wet veiligheidsdienst toestemm voorafgaand inzet grot bijzonder inlichtingenmiddel onafhank toetsing nodig toetsingscommissie inzet bevoegd tib daarnaast houdt dienst ctivd aflop inzet heden werkzam aivd beleidsconclusies aivd droeg handelingsperspectief zowel privat organisaties taakuitvoer national veiligheidsbelang behart functioner democratisch rechtsord waarborg economisch verdienvermog stand houd coalitieakkoord coalitieakkoord invester aivd opgenom oplop verslechterd slagkracht aivd verbeter daarmee gekend dreiging adresser twed kamer vergaderjar vii,Reparations and Remembrance|Modern & Everyday Racism,0.08996402158561,"[0.00394330476969033, 0.01737523750952215, 0.01811199141405845]","[False, True, True]","[False, True, True]","[0.08996402158561, 0.08996402158561, 0.08996402158561]","[0, 1, 1]",jaarverslag-binnenlandse-zaken-2022.52.txt__0
jaarverslag-justitie-2022.256.txt,Policyarchive_text\jaarverslagen\2023\jaarverslag-justitie-2022\jaarverslag-justitie-2022.256.txt,2023,jaarverslag-justitie-2022,0,omschrijv vindplat voortgangsinformatie parlement sjenv zegt toe collega szw sprek coulanc tegenover werkgever betrek verblijfsticker oekraiener parlementair agenda punt wetgevingsoverleg begrotingsdel migratie voortzet eerst termijn kabinet twed termijn ind szw gesprok toezegg gedan period overbruggingsperiod ontheemd verliep vanaf ontheemd werk tewerkstellingsvergunn nadat verblijfsbewijs ind ontvang sticker period ervor stickerpauz inmiddel wer hervat iederen mogelijk gehad sticker hal person gedan sted zien daarom red coulanc verder breid immer mogelijk bestan person waarvan vastgesteld rtb vall werk rechtsbescherm zegt kamer toe eerst kwartal beleidsreactie volgt uavg evaluatie parlementair agenda punt commissiedebat bescherm persoonsgegeven digital grondrecht staatssecretaris bzk beleidsreactie gewerkt strev bied rechtsbescherm zegt kamer toe gesprek tred national gedragscodes parlementair agenda punt commissiedebat bescherm persoonsgegeven digital grondrecht staatssecretaris bzk punt meegenom evaluatie uavg kabinetsreactie volgt mjenv zegt toe inzicht mak kost terughal uitreiziger gemoeid gan vervolg kader terrorism zijnd repatrier gat jeugdbescherm reclasser detentie interruptie lid bikker beteken democratisch rechtsstat kinder kost zoud mak parlementair agenda punt mjenv beoogd kamer hierover per brief informer mjenv zegt toe algoritm kamer parlementair agenda punt mjenv waarschijn rond eind afgerond daarna volgt aanbied kamer mjenv zegt toe nader strategie kom aanpak onlin radicaliser daarbij aandacht preventie parlementair agenda punt mjenv verwacht kamer zomer per brief geinformeerd mjenv zegt toe kamerbrief stur mogelijk mens beter bescherm lijst passagiersgegeven beland aangehoud aandacht bested zogenaamd wit lijst laatst verzoek lid mutluer pvda toezegg mondel vragenur argosuitzend onzicht mur parlementair agenda punt mjenv justitie gesprek national buitenland zak mogelijk bezien kamer per brief zomer geinformeerd mjenv zegt toe kijk mogelijk gemeent uitvrag persoonsgericht aanpak jonger kader rechtsextremism kamer hierover informer parlementair agenda punt mjenv moment gekek mogelijk uitvrag persoonsgericht aanpak jonger kader rechtsextremism sjenv zegt toe kamer eerst helft informer voortgang uitwerk aanbevel evaluatierapport ind succesvol opgestart evaluatie regel uitvoer hiervan uitgaand brief beleidsreactie evaluatie start regel kamer verwacht,Reparations and Remembrance|Modern & Everyday Racism,0.0901930007076748,"[0.0014387688720407033, 0.005718200600408024, 0.017189085792679575]","[False, True, True]","[False, True, True]","[0.0901930007076748, 0.0901930007076748, 0.0901930007076748]","[0, 1, 1]",jaarverslag-justitie-2022.256.txt__0
financieel-jaarverslag-rijk-2022-bijlagen.109.txt,Policyarchive_text\jaarverslagen\2023\financieel-jaarverslag-rijk-2022-bijlagen\financieel-jaarverslag-rijk-2022-bijlagen.109.txt,2023,financieel-jaarverslag-rijk-2022-bijlagen,0,mutaties miljoenennota najaarsnota najaarsnota specifiek beleidsregel gemaakt mogelijk maakt zorgkantor zorgaanbieder langdur zorg maatwerkafsprak mak verband bovenmat gesteg energie prijz exploitatie opgevang miljoen euro daarnaast basis actuel raming zorgverzekerar contracteerruimt wlz geactualiseerd miljoen euro stand najaarsnota actualisatie zvw basis actualisatie voorlop realisatiecijfer basis cijfer vierd kwartal zorgverzekerar verwacht tegenvaller miljoen euro verwerkt actualisatie wlz basis actualisatie voorlop realisatiecijfer basis cijfer vierd kwartal zorginstitut verwacht contracteerruimt tegenvaller miljoen euro verwerkt actualisatie wlz uitgav basis zorgautoriteit nza benut meevaller miljoen euro verwerkt divers betreft vrijval middel nominal onverdeeld zvw gereserveerd stond betreft saldo diver omvang gering bedrag ontvangst stand miljoenennota mutaties voorjaarsnota ontwerpbegrot motie hijink bikker zorgsalariss verhoogd doorwerkt geraamd opbrengst eig risico miljoen euro mutaties voorjaarsnota miljoenennota miljoenennota raming bened bijgesteld eig risico zvw eig bijdrag wlz mutaties miljoenennota najaarsnota raming eig risico bened bijgesteld miljoen euro stand najaarsnota technisch eig risico zvw geactualiseerd basis voorlop cijfer basis cijfer vierd kwartal zekerar basis hiervan opbrengstenram eig risico aangepast twed kamer vergaderjar,"Colonial Exploitation, Slavery & Economic Inequality|Reparations and Remembrance|Modern & Everyday Racism",0.0842105263157894,"[0.003568952132817599, 0.0006961811211679797, 0.0129530332573334]","[True, True, True]","[True, True, True]","[0.0842105263157894, 0.0842105263157894, 0.0842105263157894]","[1, 1, 1]",financieel-jaarverslag-rijk-2022-bijlagen.109.txt__0
jaarverslag-binnenlandse-zaken-2022.25.txt,Policyarchive_text\jaarverslagen\2023\jaarverslag-binnenlandse-zaken-2022\jaarverslag-binnenlandse-zaken-2022.25.txt,2023,jaarverslag-binnenlandse-zaken-2022,0,onz aanpak focus digitaliser verschov techniek waard hanter digitaliser onz samenlev vernieuwd aanpak del zichtbar geword aanpak vrucht afwerp lokal national international iederen meedoen digital tijdperk digital transformatie lat niemand stek daarom geinvesteerd digital ondersteun heden burger toegank dienstverlen informatiepunt digital gegroeid letter mee allemaaldigital oud apparat klar gemaakt hergebruik uitgedeeld mens middel apparat via tel mee tal ingezet verbeter digital basisvaard mens help eerst smartphon app digihand gelanceerd app biedt kort less dagelijk digital zelfredzam universiteit amsterdam uva subsidie bzk methodiek ontwikkeld digital vaardig nederlander hierbij basisvaard knoppenkennis gekek juist gevorderd kritisch digital vaardig vaardig toekomst jonger praktijkonderwijs mbo lesmodules giding ontwikkeld waarmee ler zak regel aanvrag toeslag meedoen generaties daarom digistar national ouderenfond passend trainingsaanbod werknemer gerealiseerd decentral over dienstverlen toegankelijker begrijpelijker gemaakt gebruiker central stell principes interactiepatron cod websites app via design system onderdel dienstverlen proactief inclusief ingericht ten behoev tegengan schuldendomein iederen digital wereld vertrouw vertrouw digital wereld belangrijk stap vergrot transparantie algoritm lancer algoritmeregister versterkt start algoritmetoezichthouder autoriteit geven algoritmeregister biedt transparantie aanspreekpunt algoritm vormt basis hierop mensgericht artificial intelligenc praktijk bevorderd toe werk verplicht stell verplicht mensenrecht assessment steun civic lab national netwerk kennisinstitut privat partij werk gebied verantwoord inclusiev positie twed kamer vergaderjar vii,Reparations and Remembrance|Modern & Everyday Racism,0.1044334448865694,"[0.006961928905541353, 0.010614447690675122, 0.016709593664534932]","[False, True, True]","[False, True, True]","[0.1044334448865694, 0.1044334448865694, 0.1044334448865694]","[0, 1, 1]",jaarverslag-binnenlandse-zaken-2022.25.txt__0
jaarverslag-lnv-2022.101.txt,Policyarchive_text\jaarverslagen\2023\jaarverslag-lnv-2022\jaarverslag-lnv-2022.101.txt,2023,jaarverslag-lnv-2022,0,beleidsverslag diergezondheidsfond beleidsartikel bewak bestrijd dierziekt voorkom verminder welzijnsproblem algemen doelstell bewak bestrijd ernstig infectieuz dierziekt zoonos verminder welzijnsproblem diergezondheidsfond dgf opgericht direct aanleid grot kostbar uitbrak klassiek varkenspest vanuit dgf betal landbouwsector landbouw natur voedselkwaliteit europes unie mee vroegtijd detecter effectief bestrijd ernstig infectieuz dierziekt zoonos europes unie officieel vrij verklaard bepaald dierziekt gehandhaafd uitvoer monitoringsprogramma bewaakt meldplicht verdacht situaties verhoogd sterft verminderd productie bestrijdingsplicht ziekt aangetoond effectiev bestrijd voorkom ziekt verder verspreid dgf kost betaald monitor bewak bewak dierziekt crisisparat voorzien diagnostiek verdacht dier king bestrijd ziekt bestrijd kost onbek dierziekt toring kost monitor antibioticagebruik veehouderij autoriteit diergeneesmiddel sda betaald dgf rol verantwoord bepal rond diergezondheidsfond vastgelegd wet dier lnv verantwoord bewak dierziekt tijdig signaler afhandel verdenk besmet bepaald dierziekt monitor bewak bestrijd dierziekt basis wetgev verplicht bestred bestrijd dierziekt verband bescherm volksgezond bestred welzijnsaspect bestrijd indirect crisisparat effectiev doelmat crisisorganisatie tenuitbrak telken uitbrak besmet dierziekt vindt evaluatie plat onderdel bestrijdingsmaatregel gel crisisorganisatie beleidsconclusies twed kamer vergaderjar xiv,"Colonial Exploitation, Slavery & Economic Inequality|Modern & Everyday Racism",0.09320546490018,"[0.007997369984465692, 0.0013217622490346729, 0.01358759455948871]","[True, False, True]","[True, False, True]","[0.09320546490018, 0.09320546490018, 0.09320546490018]","[1, 0, 1]",jaarverslag-lnv-2022.101.txt__0
jaarverslag-szw-2022.181.txt,Policyarchive_text\jaarverslagen\2023\jaarverslag-szw-2022\jaarverslag-szw-2022.181.txt,2023,jaarverslag-szw-2022,0,realisatie koopkrachtmutatie berek cep lat zien median koopkracht komt lager begrot verwacht inflatiestijg beperkt inflatie plat verwacht meest opvalt uitkeringsgerechtigd koopkracht steg doorsnee vooral gevolg energietoeslag maximal uitgekeerd daarnaast zorgt energietoeslag spreiding tigd komt doordat populatie uitkeringsgerechtigd diver hen hog inkom daarnaast maakt energietoeslag relatief grot inkom onderkant inkomen lag boxplot lat zien uitkeringsgerechtigd koopkrachtontwikkel ligt feitelijk spreiding inkomensgroep groter koopkrachtcijfer lat zien komt doorreken uitgegan enkel inflatiecijfer huishouden werkelijk inkomensgroep sprak inflatieong huishouden lager inkom bested relatief grot aandel inkom energie waardor stijgend energieprijz relatief hard rak inflatie belangrijk veroorzaakt stijgend energieprijz lijkt keling lager inkomen positiever werkelijk geval spreiding inkomensgroep doordat iederen dezelfd mat mak gehad gesteg energiereken maakt welk typ energiecontract typ woning woont goed geisoleerd woning normal tijd verschill ervar inflatie groep huishoudtyp beperkt daarnaast koopkrachtbereken vanuit gegan verandert person omstand mens belangrijk gebeurteniss nieuw ban verliez werk doorgan effect person koopkrachtsituatie huishouden enkel cijfer uitdruk maakt statisch koopkrachtplaatjes nuanc bekek koopkrachtbeeld samenhang bezien jaarverslag gebruik uitsluit gerealiseerd koopkrachtontwikkel afgelop presenter hog inflatie leid echter koopkrachtdal doorwerkt kabinet red besluit nieuw cumulatiev koopkrachtontwikkel elkar zie daarom groter informatiev waard jaarverslag betrek gat tekst slecht kort rol kabinetsbeleid kabinet tijdelijk prijsplafond ingesteld bred koopkrachtpakket circa miljard bred koopkrachtpakket kabinet beslot minimumlon vanaf een ker cbs gat verwacht medio alternatiev meetmethod tiev method koopkrachtram cep hierdor verschilt alternatiev cpi officiel cpi uitkwam uitkeringsgerechtigd vall bijstandsgerechtigd mens arbeidsongeschiktheidsuitker vastgesteld basis verdiend lon verled twed kamer vergaderjar,"Colonial Exploitation, Slavery & Economic Inequality|Reparations and Remembrance|Modern & Everyday Racism",0.0877808603970979,"[0.007134349731110973, 0.0051242829188428984, 0.021256018690791603]","[True, True, True]","[True, True, True]","[0.0877808603970979, 0.0877808603970979, 0.0877808603970979]","[1, 1, 1]",jaarverslag-szw-2022.181.txt__0
jaarverslag-onderwijs-cultuur-wetenschap-2022.193.txt,Policyarchive_text\jaarverslagen\2023\jaarverslag-onderwijs-cultuur-wetenschap-2022\jaarverslag-onderwijs-cultuur-wetenschap-2022.193.txt,2023,jaarverslag-onderwijs-cultuur-wetenschap-2022,0,thema subthema typ afrond status literatur komt risicofactor vor tran intersek person risicofactor vergrot hel bevolk kan mak krijg huiselijk seksueel geweld kom vaker tran intersek person drie groep gebrek netwerk contact person factor waardor mens risico lop mak krijg vorm geweld tran person blijkt slechter sociaaleconomisch positie slechter mental gezond emotionel mishandel verwaarloz kind factor meespel verhoogd risico seksuel partner experimentel sekslev hangt hog risico vrouw ondervind net jong leeftijd daderprofiel meest terugkomt biseksuel vrouw slachtoffer huiselijk seksueel geweld mannelijk partner verder daderprofiel mogelijk constater vanweg lag aantall biseksuel person gebruikt dataset feit tran intersek person hierin identificer effectiev inclusiev hulpverlen tran intersek person mak krijg huiselijk seksueel geweld preventie hulpverlen geweld huiselijk sfer aandacht specifiek behoeft tran intersek mens bijzonder nam juist groter kan slachtoffer huiselijk seksueel geweld specifiek aandacht kennis nodig werkelijk effectief hulpverlen bied preventie betrok organisaties moment begonn initiatiev thema randstad lijkt echter aandacht veilig opvang tran person huiselijk geweld moment gegarandeerd feit hulpverlen maatwerk betekent hulpverlen person uiteraard goed gan tegelijkertijd bestat handelingsverleg onwet hulpverlener voorkomt uitgebreid gesprek voer iemand seksuel orientatie genderidentiteit inzicht aspect iemand lev komt effectiviteit hulpverlen ten goed effectiev preventie huiselijk seksueel geweld tran intersek person bestaand hulpverlen preventie huiselijk seksueel geweld effectiever gemaakt zet bewustword hoger kan mak krijg huiselijk seksueel geweld alsok bijbehor context ten aanzien risicofactor geweld vaker voorkom groep onlin bereik groep uitstral inclusie communicatie seksuel diversiteit expliciet uitgangspunt hanter bejegen inclusief taalgebruik doelgroep hulpverlener inclusief beschik stell trainingsaanbod collega expertis vlak goed inzicht belang organisaties regio aanvull ondersteun bied twed kamer vergaderjar viii,Reparations and Remembrance|Modern & Everyday Racism,0.1453824728369628,"[0.004812618024169145, 0.009475091314336067, 0.026034720438525512]","[False, True, True]","[False, True, True]","[0.1453824728369628, 0.1453824728369628, 0.1453824728369628]","[0, 1, 1]",jaarverslag-onderwijs-cultuur-wetenschap-2022.193.txt__0
homogene-groep-internationale-samenwerking-jaarverslag-2022.14.txt,Policyarchive_text\jaarverslagen\2023\homogene-groep-internationale-samenwerking-jaarverslag-2022\homogene-groep-internationale-samenwerking-jaarverslag-2022.14.txt,2023,homogene-groep-internationale-samenwerking-jaarverslag-2022,0,beleidsthema consulair belangenbehart international uitdrag waard belang beleidsdoelstell verlen goed consulair dienst nederlander nod buitenland evenal verstrek reisdocument nederlander buitenland daarnaast levert kabinet gereguleerd personenverker inbreng europes visumbeleid opstell ambtsbericht verantwoord visumverlen kort verblijf versterk cultuursector international uitwissel presentatie verbind legg economisch diplomatie prioriteit geintegreerd buitenlandbeleid mensenrechtenbeleid veiligheidsbeleid beleidsinzet toegelicht consulair dienstverlen nederlander afgelop wer gan reiz onlin reisadviez werd ruim vijftig miljoen ker geraadpleegd eerst stapp gezet actueel beter aansluit wens reiziger strategisch inzet data klantreiz gebruikservar toenam reiziger geleid consulair hulpvrag consulair hulpvrag behandel genom contactcentrum wereldwijd voorhen contactcenter kend miljoen klantcontactmoment betrof dienstverlen relatie reiz verblijf buitenland waaronder reisadviez reisdocument won werk digid opvall trend consulair hulpvrag toenam familiezak international kinderontvoer huwelijksdwang achterlat daling buitenland gedetineerd gedur kend wer stijging detenties cultur buitenland zak consultaties gevoerd bred inzet cultuursector partij elkar gebracht reactie oorlog oekrain aangezien oorlog aanval culturel identiteit land onderzoekt buitenland zak ambassad oekrain cultur wetenschap ocw culturel partner effectiev strategie verder culturel aansluit oekrain europes familie samenwerk ocw voortgang geboekt ten aanzien restitutiebeleid erfgoed kolonial context herkomstland museumsamenwerk herkomstonderzoek terrein geentameerd gebaseerd wens specifiek indonesie goed afsprak gemaakt verder samenwerk wetenschapp start gemaakt instell fond academisch uitwissel land herkomst cultuurobject kolonial context bovendien gewerkt intensiver culturel samenwerk surinam slot synergie cultur economie verder versterkt uiting gebracht dubai wereldtentoonstell,"Colonial Exploitation, Slavery & Economic Inequality|Reparations and Remembrance|Modern & Everyday Racism",0.0942809041582063,"[0.021646067968673476, 0.012566107986061007, 0.08135759169427592]","[True, True, True]","[True, True, True]","[0.0942809041582063, 0.0942809041582063, 0.0942809041582063]","[1, 1, 1]",homogene-groep-internationale-samenwerking-jaarverslag-2022.14.txt__0
jaarverslag-szw-2022.242.txt,Policyarchive_text\jaarverslagen\2023\jaarverslag-szw-2022\jaarverslag-szw-2022.242.txt,2023,jaarverslag-szw-2022,0,titel typ afrond status vergrot mental verbal fysiek weerbar ten tijd evaluatie person vrouw geslot gemeenschapp bereikt dialoogbijeenkomst training workshop person vrouw vrijwilligersplek geplaatst daarnaast betrok deelnemer verbond lopend evaluatie rond ondersteun geloofsverlater evaluatie afgerond gericht opvang ondersteun geloofsverlater diver regio sted gespreksgroep cursuss georganiseerd platform gebod geloofsverlater ten tijd evaluatie zes cursuss mens neg themabijeenkomst bezoeker bereikt zes social bijeenkomst mens bereikt bijeenkomst bied ontmoetingsplek geloofsverlater war verhal ervar lotgenot humanistisch verbond beslot ondersteuningsaanbod nem regulier aanbod evaluatie voorlicht recht zelfbeschik evaluatie afgerond voorlichtingsmateriaal gastless inburgeringsplicht vrouw person nieuwkomersgroep ontwikkeld gericht voorkom praktijk recht zelfbeschik beperk huwelijksdwang eergerelateerd geweld ten tijd evaluatie vrouw bereikt nieuwkomerspakket ontvang exemplar hulpverlenerspakket verspreid evaluatie decentral uitker samenlev discriminatie effectevaluatie afgerond central opbrengst decentral uitker gemeent lokal initiatiev opgezet del uitgevoerd lijn overkoepel doelstell discriminatie voorkom samenlev verscheid bevorderd bezien vanuit landelijk perspectief opbrengst overschat gat immer gemeent bereikt kond budget klein verhoud budget vanuit rijk structurel discriminatiebestrijd bested daarnaast gat eerst instantie eenmal uitker kantteken nem echter weg lokal niveau waardevoll som zelf crucial geleverd gemeent inspann discriminatie evaluatie fonds nam ondersteuningsfunctie effectevaluatie start twed kamer vergaderjar,Reparations and Remembrance|Modern & Everyday Racism,0.0805242190642528,"[0.009784644797859466, 0.009397835384020994, 0.08858520794380034]","[False, True, True]","[False, True, True]","[0.0805242190642528, 0.0805242190642528, 0.0805242190642528]","[0, 1, 1]",jaarverslag-szw-2022.242.txt__0
jaarverslag-koninkrijksrelaties-2022.13.txt,Policyarchive_text\jaarverslagen\2023\jaarverslag-koninkrijksrelaties-2022\jaarverslag-koninkrijksrelaties-2022.13.txt,2023,jaarverslag-koninkrijksrelaties-2022,0,coordiner verantwoord eiland aanpak conform individuel ministeriel verantwoord elk departement verantwoord inzet eig uitdag echter vak complex aard beslan meerder beleidsterrein verschill per eiland maakt per eiland gekek opgav aanpak coalitieakkoord ambities kabinet hoofdlijnenbrief prioriteit opgesteld bestuurder verdel uitgewerkt gericht concret afsprak bestur afsprak taris bzk vertegenwoordiger ondertek middel ter beschik gekom regeerakkoord miljoen euro miljoen euro structurel drag departement kader comply explain geldt openstell fonds national groeifond waarvor mat gesned aanpak ontwikkeld bestur afsprak kabinet bestur afsprak vastgelegd kamerstuk hiervan kom integral rijksbred aanpak ten aanzien afsprak vastgelegd invull invester coalitieakkoord versterk uitvoeringskracht uitvoer gezamen prioriteit daarnaast afsprak gemaakt samenwerk wijz monitor afsprak bestur werkafsprak bestuurscolleg staatssecretaris bzk drie prioriteit aangewez bestur werkafsprak social agenda organisatieontwikkel dienstverlen ruimtelijk ontwikkel economie belangrijk zichtbar acties social agenda organiser symposium armoed bred gedrag initiatief betrok lokal ketenpartner sentro akseso central toegang maatschapp ondersteun inmiddel verzelfstandigd werkt keling eilandsrad grondbeleid vastgesteld belangrijk duurzam ruimtelijk ontwikkel eerst fas natur milieubeleidsplan uitvoeringsagenda nmbp uitvoer gan zodra nodig projectleider gevond aangesteld bestur werkafsprak werkt verder uitvoer deelverbeterplan dvp directie daarom verbeterplan directie handhav uitgewerkt kom integral samenhang aanpak verbeterplann beid directies twed kamer vergaderjar,Reparations and Remembrance|Modern & Everyday Racism,0.0951817268624952,"[0.014184104831988094, 0.004545237918169436, 0.024758287384377475]","[False, True, True]","[False, True, True]","[0.0951817268624952, 0.0951817268624952, 0.0951817268624952]","[0, 1, 1]",jaarverslag-koninkrijksrelaties-2022.13.txt__0
jaarverslag-vws-2022.54.txt,Policyarchive_text\jaarverslagen\2023\jaarverslag-vws-2022\jaarverslag-vws-2022.54.txt,2023,jaarverslag-vws-2022,0,langdur zorg ondersteun algemen doelstell stelsel maatschapp ondersteun langdur zorg ieder men stat stelt lev lang mogelijk vull wanner nodig thuis instell kwalitatief goed steuning zorg biedt daarbij ondersteun zorg gebod aansluit informel vorm hulp complexiteit zorgvrag weerbar burger stan central bied passend zorg gestreefd welbevind afnam afhank ondersteun zorg maatschapp aanvaard kost rol verantwoord verantwoord effectief efficient werkend system langdur zorg maatschapp ondersteun mens zorg ondersteun nodig thuis instell mat goed kwaliteit krijg gemeent drag zorg ondersteun via wet maatschapp steuning wmo mens blijvend behoeft permanent uur per dag zorg nabij nodig zorg vanuit wet langdur zorg wlz beschik zorgkantor sluit namen uitvoerder overeenkomst zorgaanbieder lever verzekerd zorg gan verblijf instell person verzorg verpleg geneeskund zorg natura vorm persoonsgebond budget verantwoord stimuler aanjag adequat uitvoer betreff wet vernieuw maatschapp ondersteun langdur zorg vernieuw hoofdzak burger saties gemeent welzijnsaanbieder zorgverzekerar vormgegev ontwikkel verspreid kennis waaronder goed voorbeeld innovaties gebied maatschapp steuning langdur zorg initiatiev kwaliteit innover vermog ondersteun zorg versterk financier wmo wlz partij belangrijk rol vervull stelsel regisser vaststell wettelijk kader wmo wlz stur mak bestur afsprak mak bevoegd interbestur monitor evaluer werking wmo wlz twed kamer vergaderjar xvi,Reparations and Remembrance|Modern & Everyday Racism,0.0950914622100392,"[0.004871638338691049, 0.005924748999156522, 0.013035652483647412]","[False, True, True]","[False, True, True]","[0.0950914622100392, 0.0950914622100392, 0.0950914622100392]","[0, 1, 1]",jaarverslag-vws-2022.54.txt__0
jaarverslag-koninkrijksrelaties-2022.41.txt,Policyarchive_text\jaarverslagen\2023\jaarverslag-koninkrijksrelaties-2022\jaarverslag-koninkrijksrelaties-2022.41.txt,2023,jaarverslag-koninkrijksrelaties-2022,0,hierdor kond land noodzak overheidstak uitvoer tranches voorwaard verbond land volded gesteld voorwaard eerder verstrekt tranches voldoend voortgang boekt uitvoer kom landspakket structurel hervorm ming zull land toekomst beter stat extern schok zelfstand vang vooral gewerkt reiding hervorm komend zull uitgevoerd twed kamer hierover geinformeerd middel ringsagenda rapportages verliep looptijd liquiditeitslen vanaf moment land aruba curaçao maart verstrekt land stat liquiditeitslen loss gevolg pandemie voorbij aflop lening dezelfd voorwaard rentelos aflos singsvrij geherfinancierd geherfinancierd aruba inclusief eerst tranch diteitssteun curaçao maart vanaf liquiditeitslen verstrekt looptijd corona lening acs bedrag euro aruba curaçao maart herfinancier buitenland schuldverplicht aruba liquiditeitssteun mln land schuldverplicht aruba geherfinancierd middel laagrent lening looptijd zev herfinancier leverd aruba rentevoordel minimal rentevoordel afgesprok afsprak landspakket aruba twed kamer vergaderjar,Modern & Everyday Racism,0.1112076874971065,"[0.011581803762620104, 0.014731494624731192, 0.013239990800719421]","[False, False, True]","[False, False, True]","[0.1112076874971065, 0.1112076874971065, 0.1112076874971065]","[0, 0, 1]",jaarverslag-koninkrijksrelaties-2022.41.txt__0
jaarverslag-ezk-2022.59.txt,Policyarchive_text\jaarverslagen\2023\jaarverslag-ezk-2022\jaarverslag-ezk-2022.59.txt,2023,jaarverslag-ezk-2022,0,voorzien maatschapp behoeft statistiek evaluatie cbs evaluatie cbs afgerond evaluatie cbs period doeltreff doelmat onafhank kamerstuk budgettair gevolg budgettair gevolg beleidsartikel bedrag realisatie vastgesteld verschil verplicht uitgav subsidies cyber security telecom digital europ beter aanbested ngf ained ngf national onderwijslab opdracht opdracht beleidsvoorbereid evaluaties frequenties digital trust centr cyber security ict terugbetal boetes acm national groeifond vervolgprogramma beter aanbested bijdrag agentschapp agentschap telecom rijksdienst ondernem bijdrag zbo metrologie rad accreditatie acm cbs bijdrag inter national organisaties nederland normalisatie institut nen international organisaties ontvangst ontvangst acm high trust diver ontvangst stand inclusief amendement moties twed kamer vergaderjar xiii,Modern & Everyday Racism,0.0835629021796733,"[0.0, 0.020661874478479912, 0.0040016541630592895]","[False, False, True]","[False, False, True]","[0.0835629021796733, 0.0835629021796733, 0.0835629021796733]","[0, 0, 1]",jaarverslag-ezk-2022.59.txt__0
jaarverslag-szw-2022.227.txt,Policyarchive_text\jaarverslagen\2023\jaarverslag-szw-2022\jaarverslag-szw-2022.227.txt,2023,jaarverslag-szw-2022,0,omschrijv stand zak beter beeld krijg wachtlijst wachttijd start kort termijn nieuw hiernar uitgaand brief aanpak personeelstekort kinderopvang loopt momentel aanbestedingsprocedur verwacht start komend period bekijk sector behoeft instrom modulair opleid kans mogelijk beter benut mocht eventueel voorstel budgettair gevolg meebreng voorjar integral gewog uitgaand brief aanpak personeelstekort kinderopvang pdv oek ontwikkel loopbaanpad mens afstand arbeidsmarkt richting pedagogisch medewerker zit verkenn fas brancheorganisaties kijk mogelijk gastouderopvang stimuler middel communicatie war nodig wenselijk wegnem eventuel belemmer hierbij relatie bezien verkenn verbetermaatregel aangescherpt kwaliteitseis gastouderopvang kamer aangekondigd later kamer nader informer uitgaand brief aanpak personeelstekort kinderopvang zull kamer verder informer stand zak arbeidsmarktmaatregel waaronder voortgang stimuler instrom zull kamer informer verbetermaatregel aangescherpt kwaliteitseis gastouderopvang onderzoekt moment hierbij knelpunt ervar oekraien ontheemd organiseert bijeenkomst werkt oekrainer bemiddel werk oekrainer hierbij deelsessie kinderopvang gehoud kans uitdag sector destiller gat verder slag uitgaand brief aanpak personeelstekort kinderopvang vindt intern overleg plat branches planning bekend ggd ghor gat wijz werkwijz verzacht omstand ggd verschill toegepast indien nodig basis vervolgacties ingezet gericht optimal werkwijz verzacht omstand gezien relatief lang doorlooptijd inspectieonderzoek zichtbar vak gemeent vervolgen besluit handhav interbestur toezichthouder kinderopvang gevraagd hiernar voer hiervan verwacht eerst helft uitgaand brief aanpak personeelstekort kinderopvang twed kamer eerst halfjar geinformeerd kamerbrief aanpak arbeidsmarktkrapt aangegev social partner concret initiatiev ontplooi kraptesector gewerkt uren verhog hen kort termijn kijk kinderopvang pilot gestart praktisch belemmer weg nem uren werk mogelijk mak uitgaand brief aanpak personeelstekort kinderopvang intern afstemm planning bekend marginal druk kijk opbrengst uren werk pedagogisch professional voldoend aantrek uren gan werk voltijdsbonus szw sluit teven verkenn ocw vws uitgaand brief aanpak personeelstekort kinderopvang intern afstemm planning bekend twed kamer vergaderjar,Reparations and Remembrance|Modern & Everyday Racism,0.135928736541608,"[0.001641688907805144, 0.0004058567660067731, 0.03319088266076658]","[False, True, True]","[False, True, True]","[0.135928736541608, 0.135928736541608, 0.135928736541608]","[0, 1, 1]",jaarverslag-szw-2022.227.txt__0
jaarverslag-ienw-2022.195.txt,Policyarchive_text\jaarverslagen\2023\jaarverslag-ienw-2022\jaarverslag-ienw-2022.195.txt,2023,jaarverslag-ienw-2022,0,professionel inkooporganisatie rws kwaliteit beher structurel verbeter rws hiervor plan aanpak opgesteld opheff voorkom menheid aanbested algemen rekenkamer plan plan aanpak verschill bevind auditdienst rijk adr oorzakenanalyses uitgevoerd zodat verbeter oorzak gericht aangepakt hierop doorgepakt verbeter opzet handreik structies etc werking inkoopprocess opleid voorlicht begeleid etc tegelijkertijd ingezet termijn proces beter geautomatiseerd ondersteun zodat ring echt bestendigd werkprocess inmiddel grot bevind basis ord gebracht extra aandacht bested wijz waarop implementatie ondersteund implementatiestrategie ord uitgewerkt komend period focus succesvoll borging lijn eerst aanzet gemaakt inkoopmonitor kritiek prestatie indicator key control inkoopproces gaandeweg implementatie verder uitgebreid zodat benodigd vastlegg blijvend ord houd voortgang periodiek besprok directeur inkoopoverleg bestuursstaf gemonitord voortgang rws periodiek gerapporteerd committee rws financieel control plan rws control auditplan opgesteld beschrijv activiteit basis waarvan meest risicovoll financiel process rws onderzocht audituitkomst inkop lat verbeter zien ten opzicht voorgaand tekortkom richt belangrijk mat goed inkoopram onderbouw gekoz inkoopprocedur onderbouw leverancierselectie volled tijdig vastlegg aangegan verplicht daarnaast belangrijk aandachtspunt juistheid volled inkoopdossier aandacht gevraagd werkwijz betrek mandaatadviez auditresultat geconcludeerd huidig aanpak doelstell verbeterprogramma gehaald aanpak inmiddel aangepast aanpak gefaseerd geuniformeerd zodat hierop beter gestuurd teven capaciteit uitgebreid vindt herijk governanc plat integral planning basis zogenoemd projectkaart aandachtspunt kwaliteit prestatieverklar kleiner contract rws diver genom waaronder inricht central plek intranet relevant document instructies formulier prestatie verantwoord gebruikersvriendelijker gemaakt helpdeskfunctie ingericht ervar buddy onervar prestatie verantwoorder help slan goed teven gewerkt plan aanpak grot prestatie verantwoorder sap verklein hierbij verschill opties uitgewerkt zodat twed kamer vergaderjar xii,"Colonial Exploitation, Slavery & Economic Inequality|Reparations and Remembrance|Modern & Everyday Racism",0.100558663564743,"[0.007611400184625485, 0.002272132811114152, 0.029657682998161104]","[True, True, True]","[True, True, True]","[0.100558663564743, 0.100558663564743, 0.100558663564743]","[1, 1, 1]",jaarverslag-ienw-2022.195.txt__0
jaarverslag-binnenlandse-zaken-2022.102.txt,Policyarchive_text\jaarverslagen\2023\jaarverslag-binnenlandse-zaken-2022\jaarverslag-binnenlandse-zaken-2022.102.txt,2023,jaarverslag-binnenlandse-zaken-2022,0,agentschapp rvig rijksdienst identiteitsgegeven rvig bijdrag ontvang beher onderhoud vernieuw verbeter central voorzien basisregistratie person brp beher onderhoud persoonsinformatievoorzien antill aruba verstrek bzk gewerkt meerjar ontwikkelagenda stapsgewijs verbeter vernieuw brp diver wijzig doorgevoerd central ning basisregistratie person brp twed kamer per brief geinformeerd stand zak doorontwikkel brp kamerstuk burger via inzien organisaties structurel hen verstrekt vanuit brp dankzij aanpass regelgev system process gestart registrer tijdelijk adress inschrijv brp beter zicht gan krijg verblijf tijdelijk verblijv rvig ontvang landelijk aanpak kwaliteit laa wijzig wet brp aangenom waarmee laa structurel central voorzien toegevoegd ondersteun gemeent adresonderzoek uitvoer laa draagt verbeter adreskwaliteit brp belangrijk burger melding geven onjuist onjuist rvig ontvangt activiteit rondom ondersteun burger identiteitsfraud fout overheidsregistraties central meldpunt identiteitsfraud wer burger woord gestan hulp gebod melding verder aandacht vernieuw technisch verouderd app kopieid vernieuwd app gepubliceerd investeringspost digital subsidies regel doorontwikkel innovatie digital vng subsidie ontvang hal central waarmee softwar ontwikkeld waarmee gebruiker hog kwaliteit basisregistraties rechtstrek bron hal teven ontving vng subsidie singl digital gateway ten behoev realisatie vereist verorden slot ontving vng subsidie omnichannel beter naadloz inclusiev interactie burger realiser opdracht doorontwikkel innovatie digital investeringspost digital bestemd gezamen doorontwikkel innovatie digital waaronder generiek digital basis infrastructur gdi bestemm twed kamer vergaderjar vii,Reparations and Remembrance|Modern & Everyday Racism,0.0896643866496092,"[0.002040380168999586, 0.0021028036942620184, 0.027052691034690324]","[False, True, True]","[False, True, True]","[0.0896643866496092, 0.0896643866496092, 0.0896643866496092]","[0, 1, 1]",jaarverslag-binnenlandse-zaken-2022.102.txt__0
jaarverslag-onderwijs-cultuur-wetenschap-2022.80.txt,Policyarchive_text\jaarverslagen\2023\jaarverslag-onderwijs-cultuur-wetenschap-2022\jaarverslag-onderwijs-cultuur-wetenschap-2022.80.txt,2023,jaarverslag-onderwijs-cultuur-wetenschap-2022,0,budgettair gevolg budgettair gevolg bedrag realisatie vastgesteld begrot verschil verplicht uitgav subsidies regel stichting erfdel stichting nuffic national agentschap erasmus training internationaliser duitsland institut amsterdam dia netherland hous education research incidentel subsidies uitwissel cultur over incidentel subsidies opdracht opdracht beleidsonderzoek benchmark incidentel international activiteit inter national organisaties buitenland duitsland institut amsterdam dia stichting nuffic taalunie europa colleg brugg unesco oeso ceri fulbright center stichting erfdel national agentschap erasmus training activiteit netherland hous education research begrotingshoofdstuk huis debur buza ontvangst wijzig structur budgettabel ingang indel budgettabel gewijzigd heroverweg plaatsgevond instrumentkeuz ling stichting erfdel stichting nuffic national agentschap training dia twed kamer vergaderjar viii,Reparations and Remembrance|Modern & Everyday Racism,0.0826810630803111,"[0.0013861802149996306, 0.0204187962737215, 0.004258315403619381]","[False, True, True]","[False, True, True]","[0.0826810630803111, 0.0826810630803111, 0.0826810630803111]","[0, 1, 1]",jaarverslag-onderwijs-cultuur-wetenschap-2022.80.txt__0
jaarrapportage-bedrijfsvoering-rijk-2022.31.txt,Policyarchive_text\jaarverslagen\2023\jaarrapportage-bedrijfsvoering-rijk-2022\jaarrapportage-bedrijfsvoering-rijk-2022.31.txt,2023,jaarrapportage-bedrijfsvoering-rijk-2022,0,leidinggev rijk werk ontwikkel medewerker leiderschap leidinggev flexibel snel adequaat inspel verander opgav waarvor stat tegelijkertijd verwacht leidinggev coachend verbind rol eig medewerker leidinggev drastisch veranderd coronacrisis invoer hybrid werk sindsdien verschill getroff leidinggev ondersteun leidinggev afstand belangrijk speerpunt daarbij stur vanuit vertrouw behoud social samenhang team begeleid nieuw medewerker bevorder vitaliteit medewerker thema stan nieuw leergang beginn leidinggev rijk leergang gestart rijksbred netwerk leiderschapsontwikkel rnl opgericht led netwerk werk diver functies uitvoer bedrijfsvoer kern werk bezighoud leiderschapsontwikkel netwerk versterk leiderschapsontwikkel kennisdel drag strategisch personeelsbeleid rnl aanvull leiderschapsprogramma rijk wetenschapp inzicht afgelop opgedan algemen bestuursdienst algemen bestuursdienst abd bestat hoogst functies departement gat lijnmanager bepaald programmamanager schal hoger abd verdeeld drie groep bestond functies topmanagementgroep tmg plaatsvervang general manager grot uitvoer dienst directeur planbureaus enkel hiermee gelijkgesteld functies schal directeur teur vergelijk managementfuncties ministeries schal afdelingshoofd divisiehoofd projectmanager vergelijk managementfuncties ministeries tmg topmanagementgroep tmg bestat plaatsvervang general manager grot uitvoer dienst directeur planbureaus enkel hiermee gelijkgesteld functies bron organisatieomvang jaarrapportag bedrijfsvoer rijk,Modern & Everyday Racism,0.11195857368787,"[0.010899297192278112, 0.003278855319431196, 0.03353649717776676]","[False, False, True]","[False, False, True]","[0.11195857368787, 0.11195857368787, 0.11195857368787]","[0, 0, 1]",jaarrapportage-bedrijfsvoering-rijk-2022.31.txt__0
jaarverslag-bhos-2022.110.txt,Policyarchive_text\jaarverslagen\2023\jaarverslag-bhos-2022\jaarverslag-bhos-2022.110.txt,2023,jaarverslag-bhos-2022,0,humanitair ontmijn vormt plek randvoorwaard vred ontwikkel wereldwijd ruim land ruim land vrijgegev financiel bijdrag vier meerjar min action cluster munition macm programma united nation min action servic unmas inzet richt libie syrie afghanistan irak libanon oekrain somalie jem period financier grondgebied vrijgemaakt landmijn explosiev oorlogsrest war realisatie indicator nam lager lag streefwaard streefwaard overschred del mak goed unmas humanitair ontmijn belangrijk impact lev mens dankzij werk ngo lever leefomstand honderd mens daarnaast minsten vrouw mann kinder waaronder vluchtel ontheemd risicovoorlicht gekreg gevar landmijn indicator opvang bescherm regio mens training volgt indicator geeft inzicht mens middel financier toegang training verkreg indicator dekt verschill soort regulier naschol teit classes classes lif skill training ding tertiair training zorg perspectief vorm belangrijk prioriteit inspann gebied opvang bescherm regio gevolg crises vluchtel kinder volwassen toegang training bestat risico verlor generatie ontstat voorkom draagt onderwijsproject libanon jordanie irak egypt kenia soedan oeganda ethiopie regio rond afghanistan moldavie verslagperiod person toegang gekreg valt flink hoger streefwaard person period streefwaard opgesteld basis lag ingezet destijd bekend prospect partnerschap opvang regio ondank doorlop gevolg crisis conflict unicef unhcr creatiev manier gevond grot schal doorlop bied middel leermodules afstand vluchtel gastgemeenschapp kenia middel sped schol ethiopie waardor kinder eerst drie basisonderwijs kond hal period maand landmin monitor report monitor twed kamer vergaderjar xvii,"Colonial Exploitation, Slavery & Economic Inequality|Reparations and Remembrance|Modern & Everyday Racism",0.0959616230246507,"[0.00806515664464822, 0.002654744094939333, 0.016004296889288203]","[True, True, True]","[True, True, True]","[0.0959616230246507, 0.0959616230246507, 0.0959616230246507]","[1, 1, 1]",jaarverslag-bhos-2022.110.txt__0
jaarverslag-buitenlandse-zaken-2022.22.txt,Policyarchive_text\jaarverslagen\2023\jaarverslag-buitenlandse-zaken-2022\jaarverslag-buitenlandse-zaken-2022.22.txt,2023,jaarverslag-buitenlandse-zaken-2022,0,werkt strategisch inzet ment ten behoev buitenlandbeleid opschort visumfacilitatieovereenkomst rusland belarus doorgevoerd via opschortingsmechanism visumliberalisatie noodremmechanism toegezien westelijk balkanland oostelijk partnerschapsland houd voorwaard visumliberalisatie middel visumcod ingezet versterk terugkeersamenwerk derd land international cultuurbeleid beleidskader international cultuurbeleid beschrijft uitgangspunt ambities doelstell international eind beperk bracht kans inhaalslag fysiek bijeenkomst verder internationaliser culturel sector consultaties gevoerd bred inzet sector partij elkar gebracht reactie oorlog oekrain aangezien oorlog aanval culturel identiteit land onderzoekt post oekrain cultur wetenschap ocw culturel partner effectiev strategie verder culturel aansluit oekrain europes familie samenwerk ocw voortgang geboekt ten aanzien tutiebeleid erfgoed kolonial context herkomstland museumsamenwerk herkomstonderzoek terrein geentameerd gebaseerd wens specifiek indonesie goed afsprak gemaakt verder samenwerk wetenschapp start gemaakt instell fond academisch uitwissel land herkomst cultuurobject kolonial context bovendien gewerkt intensiver culturel werking surinam slot synergie cultur economie verder versterkt uiting gebracht dubai wereldtentoonstell postennet invloedrijk postennet meebeweg huidig ontwikkel betekent wereldwijd werk prioritair democratie mensenrecht international recht energietransitie fysiek economisch strategisch afhank economisch weerbar kanseng irregulier migratie daarom kabinet beslot kabinetsperiod postennet versterk hiervor oplop rek geld beschik eur miljoen oplop eur miljoen structurel vanaf versterk belang wereldwijd beter gediend aantred kabinet gestart versterkingsoperatie period ingevuld onz diplomatiek post bemenst vanuit departement rijksbred lener hel koninkrijk ministeries kern plann uitbreid formatie belangrijk thema tieakkoord eerst plat extra formatie post daarbuit zet prioritair thema twed kamer vergaderjar,"Colonial Exploitation, Slavery & Economic Inequality|Reparations and Remembrance|Modern & Everyday Racism",0.0946099833582532,"[0.019842550410283006, 0.01610329003732047, 0.08961191639016723]","[True, True, True]","[True, True, True]","[0.0946099833582532, 0.0946099833582532, 0.0946099833582532]","[1, 1, 1]",jaarverslag-buitenlandse-zaken-2022.22.txt__0
jaarverslag-buitenlandse-zaken-2022.18.txt,Policyarchive_text\jaarverslagen\2023\jaarverslag-buitenlandse-zaken-2022\jaarverslag-buitenlandse-zaken-2022.18.txt,2023,jaarverslag-buitenlandse-zaken-2022,0,nam klimat energie ondank brexit belangrijk buurland partner gezamen verklar ondertek bilateral samenwerk verdiep stabiliteit uitgangspunt inzet terrein international geordend lang drie pijler voorkom onveil war mogelijk verded effectiev modern aanpak versterk veiligheidsfundament benoemd geintegreerd veiligheidsstrategie voorkom onveil war mogelijk ontwapen wapenbeheers bijgedrag succesvoll uitvoer uitgesteld tiend toetsingsconferentie verdrag npv voorzitter disarmament initiativ actiev deelnemer stockholm initiativ nuclear disarmament gedeeld voorzitter international partnership nuclear disarmament verification ipndv zorgvuld exportcontrol militair use goeder technologie voorgezet lever militair goeder oekrain reactie russisch invasie hierin bijzonder aspect kabinet vormgev leveranties ceerd benader toegepast zowel oog noodzak snel handel belang zorgvuld risicoanalys mijlpal mak international afsprak explosiev wapen bevolkt gebied land schrev politiek verklar beter bescherm burger dergelijk wapen reactie advies adviesrad international vraagstuk aiv advies inzak volkenrecht vraagstuk cavv autonom wapensystem zet kabinet beleidsinzet komend uiten via diplomatiek inzet programmatisch steun multilateral ling global counterterrorism forum ingezet central rol mensenrecht betrek maatschapp middenveld terrorismebestrijd med dankzij inzet stevig verankerd herzien strijd terrorism bijgedrag bestrijd terrorism inzet coalitie gasther bijeenkomst inzet terrorismebestrijd syrie irak afghanistan afrikan land daarnaast blef inzet ondersteun derd land tegengan voorkom gewelddad extremism dialog gericht projectondersteun zes fragiel regio kabinetsinzet fenomen actief multilateral discussies international aanpak hiervan versterkt inzet tegengan grensoverschrijd criminaliteit voortgezet twed kamer vergaderjar,"Colonial Exploitation, Slavery & Economic Inequality|Reparations and Remembrance|Modern & Everyday Racism",0.1014134976662219,"[0.017369227044710812, 0.013050124006284271, 0.00852903909471001]","[True, True, True]","[True, True, True]","[0.1014134976662219, 0.1014134976662219, 0.1014134976662219]","[1, 1, 1]",jaarverslag-buitenlandse-zaken-2022.18.txt__0
jaarverslag-vws-2022.93.txt,Policyarchive_text\jaarverslagen\2023\jaarverslag-vws-2022\jaarverslag-vws-2022.93.txt,2023,jaarverslag-vws-2022,0,structurel extra inzet ten behoev begeleid ondersteun twed generatie oorlogsgetroffen vormgegev middel onderteken convenant vindbar toereik aanbod ondersteun twed generatie oorlogsgetroffen kamerstuk slot gang gezet extra impul collectiev erkenn indisch gemeenschap lijn ambities vooral ingezet vergrot kennis geschiedenis voormal versterk erfgoed levert versterk geschiedenis voormal verwacht eindrapport begin programma indisch erfgoed digital gestart national fond vred vrijheid nenzorg geld vws regel versterk indisch moluk immaterieel erfgoed opgezet budgettair gevolg budgettair gevolg beleidsartikel bedrag vastgesteld verschil verplicht uitgav dienstverlen verzetsdeelnemer oorlogsgetroffen woii herinner subsidies national comit national herinneringscentra collectiev erkenn indisch dienstverlen over bekost over opdracht over bijdrag over bijdrag inter national organisaties over bijdrag begrotingshoofdstuk over pensioen uitker verzetsdeelnemer oorlogsgetroffen inkomensoverdracht wet regel verzetsdeelnemer oorlogsgetroffen bijdrag svb pur over ontvangst twed kamer vergaderjar xvi,Reparations and Remembrance|Modern & Everyday Racism,0.0941741911594837,"[0.012465900135346616, 0.09696607159991451, 0.015365270354489218]","[False, True, True]","[False, True, True]","[0.0941741911594837, 0.0941741911594837, 0.0941741911594837]","[0, 1, 1]",jaarverslag-vws-2022.93.txt__0
beslisnota-bij-kamerbrief-beleidsreactie-op-beleidsdoorlichting-erfgoed.1.txt,Policyarchive_text\beleidsnotas\2023\beslisnota-bij-kamerbrief-beleidsreactie-op-beleidsdoorlichting-erfgoed\beslisnota-bij-kamerbrief-beleidsreactie-op-beleidsdoorlichting-erfgoed.1.txt,2023,beslisnota-bij-kamerbrief-beleidsreactie-op-beleidsdoorlichting-erfgoed,0,ter onderteken scm aanbied beleidsreactie beleidsdoorlicht erfgoed aanleid hierbij ontvangt beleidsreactie beleidsdoorlicht erfgoed vanweg inhoud samenhang belang beleidsreactie tegelijk verkenn financier monumentenzorg zowel eerst twed kamer aanbiedt briev uiter verzond geagendeerd commissiedebat erfgoed geadviseerd besluit akkoord verzend bijgaand brief tegelijk verkenn financier monumentenzorg eerst twed kamer kernpunt beleidsreactie reageert beleidsdoorlicht erfgoed geintegreerd bestaand beleidsdoorlicht erfgoed doorlicht erfgoedwet erfgoedbalan ter voorbereid beleidsreactie diver veldpartij gesprok zie bijgevoegd briev per thema geeft hierover zegt aanleid gesprek veld hierop verder gat kondigt volgend acties erfgoedwet kamer wenselijk wijzig bied doelmat doeltreff toekomst beleidsbriev beleidstheorie waarom denk gat werk uitgebreider beschrijv ten aanzien versterk capaciteit deskund terrein erfgoed gemeent kondigt ieder provincie bijeenkomst kom inventariser gemeent best geholp komt richtinggev ambitiescenario gat ontwikkel aanpak erfgoed bred archeologie gebouwd groen landschap leefomgev aanpak beleidsdoorlicht gesprek gan veld kom verbeterd aanpak volgend beleidsdoorlicht erfgoed gebouwd groen erfgoed partner verkenn meest bijzonder kerkelijk interieur behoud ministeries ezk bzk bezien wijz investeringssubsidie duurzam energie erfgoed kunst datum referentie beleidsreactie beleidsdoorlicht erfgoed intern ocw afgestemd menc rce fez wjz ioe interdepartmental afgestemd bzk ezk fin persoonsgegev persoonsgegev persoo,Reparations and Remembrance|Modern & Everyday Racism,0.080560947270781,"[0.0013315644125324842, 0.04744251569113559, 0.01956879906861982]","[False, True, True]","[False, True, True]","[0.080560947270781, 0.080560947270781, 0.080560947270781]","[0, 1, 1]",beslisnota-bij-kamerbrief-beleidsreactie-op-beleidsdoorlichting-erfgoed.1.txt__0
jaarverslag-ezk-2022.42.txt,Policyarchive_text\jaarverslagen\2023\jaarverslag-ezk-2022\jaarverslag-ezk-2022.42.txt,2023,jaarverslag-ezk-2022,0,kamerstukkenmodul gemaakt kamerstukkenmodul kamerbriev beslisnota eerst kamer twed kamer stur tegelijkertijd ezk lnv meest geavanceerd gebruiker system passiev openbaarmak passiev openbaarmak openbaarmak informatie aanleid hierin meest bekend vorm vanuit integral aanpak lag focus terugdr afhandelingstermijn volgend activiteit uitgevoerd gerealiseerd terugbreng afhandeltermijn middel integral optimalisatietraject gewerkt procesoptimalisaties ondersteun tooling zie hierbov extra capaciteit zie hieronder accurat informatie hal knelpunt proces afhandel workshop georganiseerd bred vertegenwoord hieruit terthema gedefinieerd war vervolg gev inzag basis strikt voorwaard list wetenschapper inzag krijg ongelakt document inzag plaatsgevond kwantum dossier journalist bevind vorm input ontwikkel uitvoer contactperson woo eerst ervar contactperson woo opgedan laagdrempel contact burger journalist overheidsinformatie basis hiervan kijk rol contactperson woo nader vorm gev onz overkoepel inspann bovenstaand activiteit werk overkoepel integral aanpak capaciteit integral aanpak capaciteit zorg extra ondersteun steuning open samenhang beter houding optimalisatie process tooling vanuit aanpak kerndepartement ezk lnv fte extra capaciteit aangenom ontwikkel platform informatiehuishoud openbaarmak transparantie gestart ontwikkel platform nieuw bestaand collega thema houding woo openbaarmak transparantie elkar verbind training ontwikkel communicatie kennisdel faciliter communicatie begeleid diver handleid instructies publicaties ontwikkeld informer ondersteun medewerker management rek open gesprek georganiseerd dilemma openbaarmak besprek medewerker kwantitatiev informatie woo gedeeld jaarrapportag bedrijfsvoer rijk kwantitatiev detail verzoek ander woo verwijz burgercorrespondentie jaarverslag twed kamer vergaderjar xiii,Reparations and Remembrance|Modern & Everyday Racism,0.1201683536252219,"[0.0027207757689497788, 0.002910345887319226, 0.033833860002870086]","[False, True, True]","[False, True, True]","[0.1201683536252219, 0.1201683536252219, 0.1201683536252219]","[0, 1, 1]",jaarverslag-ezk-2022.42.txt__0
jaarverslag-buitenlandse-zaken-2022.48.txt,Policyarchive_text\jaarverslagen\2023\jaarverslag-buitenlandse-zaken-2022\jaarverslag-buitenlandse-zaken-2022.48.txt,2023,jaarverslag-buitenlandse-zaken-2022,0,norm doorlooptijd visumaanvrag scheng bedraagt dag conform visumcod werking getred per period bijzonder gevall verlengd dag visumdip gevolg coronapandemie paciteit buitenland zak tijdelijk afgeschaald bevond herstartfas visumproces werkt besliscapaciteit voer niveau corona jaarlijk regulier verwacht aanvrag sprak grot inhaalaanvrag aanvrager corona reiz alsnog wild hierdor visa groter besliscapaciteit doorlooptijd dag zit indien ontvank visumaanvrag moment bekendmak uitreik besliss aanvrag regisser europes migratiebeleid caraibisch visumbeleid bilateral dimensie migratiebeleid cultur uitvoer international cultuurbeleid icb gedeeld verantwoord buitenland zak coordinatie ligt cultur wetenschap buitenland handel ontwikkelingssamenwerk beleidskader icb sted period vier vastgesteld beleidskader international cultuurbeleid inzet gebied publieksdiplomatie valt verantwoord buitenland zak stimuler promotie kunst cultur buitenland ficatie international kans ontwikkel culturel sector creatiev industrie behoud beher ontsluit gedeeld culturel erfgoed regisser beleidsvorm uitvoer international cultuurbeleid afstemm culturel fonds ondersteun instell international activiteit ondersteun economisch cultur zet instrument dialog mensenrecht financier ondersteun culturel fonds instell activiteit beleidskader international cultuurbeleid samenwerk via ondersteun huis debur brussel bezoekersprogramma subsidieregel programma gericht jeugd social innovatie ring land grenzend publieksdiplomatie inzet gebied publieksdiplomatie valt delijk buitenland zak twed kamer vergaderjar,Reparations and Remembrance|Modern & Everyday Racism,0.1143665604314807,"[0.019732642734601537, 0.01890047365975858, 0.08706294234579262]","[False, True, True]","[False, True, True]","[0.1143665604314807, 0.1143665604314807, 0.1143665604314807]","[0, 1, 1]",jaarverslag-buitenlandse-zaken-2022.48.txt__0
homogene-groep-internationale-samenwerking-jaarverslag-2022.13.txt,Policyarchive_text\jaarverslagen\2023\homogene-groep-internationale-samenwerking-jaarverslag-2022\homogene-groep-internationale-samenwerking-jaarverslag-2022.13.txt,2023,homogene-groep-internationale-samenwerking-jaarverslag-2022,0,budgettair gevolg financiel buitenland zak coalitieakkoord vastgesteld eur miljoen per vast bedrag zodat extra schommel leidt toegerek hgis verhog komt del doordat laatst afsprak gemaakt geactualiseerd del doordat verhoogd vanweg brexit europes ontwikkelingsfond eof mfk opgegan eof viel lager vanweg geactualiseerd raming europes verreken terugbetal rester middel eof huidig uitgavenrealisatie valt ten opzicht vastgesteld begrot hoger stijging gevolg verhoogd contributie rad europa wegvall jaarlijk rusland compenser uitgavenrealisatie valt hoger toevoeg eindejaarsmarg effectiev europes samenwerk eur oda oda oda afdracht europes unie europes ontwikkelingsfond hechter europes waardengemeenschap versterkt positie unie europes vredesfaciliteit toerek begrot mutatie realisatie,"Colonial Exploitation, Slavery & Economic Inequality|Reparations and Remembrance|Modern & Everyday Racism",0.086066296582387,"[0.019623032564595983, 0.0, 0.0048866388861614]","[True, True, True]","[True, True, True]","[0.086066296582387, 0.086066296582387, 0.086066296582387]","[1, 1, 1]",homogene-groep-internationale-samenwerking-jaarverslag-2022.13.txt__0
jaarverslag-ienw-2022.173.txt,Policyarchive_text\jaarverslagen\2023\jaarverslag-ienw-2022\jaarverslag-ienw-2022.173.txt,2023,jaarverslag-ienw-2022,0,milieucriminaliteit lastig pak verborg overstijgt vak regio onvoldo informatie gedeeld spreekt verbeeld milieurecht complex gebrek regie capaciteit schar red gestart versterk capaciteit opsporingsdienst kom effectiever efficienter opspor milieucriminaliteit hoewel grot handhav milieuwetgev plat vindt bestuursrecht strafrecht grot belang lijk handhav belangrijk bijdraagt ervar pakkan milieudelict daarom sterk preventiev werking cybersecurity gestart intensiver curity nadat echt gestart verkenn sector drinkwater verkenn voortgezet domein transport luchtvaart nieuw afdel cybersecurity gestart verkenn verdiep drinkwater gestart waarbij basis eerder inspectieresultat verder gekek vanaf elk nieuw aed aanbieder essentiel dienst eerst verkenn uitgevoerd ilt samenwerk toezichthouder verder versterkt kennis ervar uitgewisseld gedan actiev lever samenhang inspectiebeeld cybersecurity vital process beeld inzicht huidig stat per toezichtveld hoofdlijn opgeleverd aandacht management trend relatie gesignaleerd vergunningverlen werk uitvoer wau stapp gezet verzak vergunningverlen extra aandacht perspectief aanvrager beschik kom geld mogelijk geword versnell gev optimaliser digitaliser aanvraagformulier aanvrag via portal mijnilt regel werk uitvoer wau digital dienstverlen verbeter verbeter gang gezet aanvrag vergunn eenvoudiger gemakkelijker wau geld teven extra geinvesteerd verbeter websit informatie toegank websit verbeterd regelhulp ingebouwd aanvrager wijz aanvrager beter invull gev eig verantwoord kwaliteit aanvrag hiermee bereikt kwaliteit aanvrag hoger daarmee effectiviteit beoordel afhandel verbeterd daarnaast afhandel vergunn grot aantall aanvrag eerst stapp gezet verder stroomlijn aanvraagprocess geinvesteerd nagement ondersteun medewerker ilt loket twed kamer vergaderjar xii,"Colonial Exploitation, Slavery & Economic Inequality|Reparations and Remembrance|Modern & Everyday Racism",0.0900070320740819,"[0.009570295045876838, 0.0049728107961283935, 0.030481570222953485]","[True, True, True]","[True, True, True]","[0.0900070320740819, 0.0900070320740819, 0.0900070320740819]","[1, 1, 1]",jaarverslag-ienw-2022.173.txt__0
jaarverslag-onderwijs-cultuur-wetenschap-2022.123.txt,Policyarchive_text\jaarverslagen\2023\jaarverslag-onderwijs-cultuur-wetenschap-2022\jaarverslag-onderwijs-cultuur-wetenschap-2022.123.txt,2023,jaarverslag-onderwijs-cultuur-wetenschap-2022,0,beleidsartikel emancipatie algemen doelstell realiser genderg gelijk betreft seksuel orientatie genderidentiteit geslacht samenlev geschied ieder geval terrein gezond arbeidsmarkt media politiek recht leefvorm rol verantwoord rol primair wegnem belemmer gelijk lesbisch vrouw homoseksuel mann biseksuel transgender person intersek person bevorder relevant regelgev war nodig aangepast daarnaast vak maatschapp ling rol agender coordiner aanjag ontsluit kennis expertis financier biedt financiel ondersteun maatschapp ling gelijk monitor ling samenlev stimuler instrument ter beschik regelgev subsidieregel gelijk vanaf werking getred regel voorziet verstrek subsidies acht strategisch partnerschapp realiser doelstell gelijk lop daarnaast verstrekt projectsubsidies maatschapp middenveld regisser gemeent ontvang via uitvoer samenwerkingsafsprak versterk uitvoer lokal gebied genderg gelijk gemeent intentieverklar vastgelegd aandachtspunt verder vult regisser rol halfjar bestuursgesprek instell gelijk daarnaast draagt international samenwerk organisaties europes unie rad europa verenigd naties kengetall kengetall kengetal economisch zelfstand vrouw financiel onafhank vrouw bron cbs definitiev cijfer bron cbs voorlop cijfer definitiev cijfer komt twed kamer vergaderjar viii,"Colonial Exploitation, Slavery & Economic Inequality|Reparations and Remembrance|Modern & Everyday Racism",0.0840900095559096,"[0.012783167615702746, 0.013002266587993508, 0.0059086157325941155]","[True, True, True]","[True, True, True]","[0.0840900095559096, 0.0840900095559096, 0.0840900095559096]","[1, 1, 1]",jaarverslag-onderwijs-cultuur-wetenschap-2022.123.txt__0
tk-beslisnota-bij-periodieke-rapportage-rechtshandhaving-hoofdlijnen-jvo-augustus-2022.2.txt,Policyarchive_text\beleidsnotas\2023\tk-beslisnota-bij-periodieke-rapportage-rechtshandhaving-hoofdlijnen-jvo-augustus-2022\tk-beslisnota-bij-periodieke-rapportage-rechtshandhaving-hoofdlijnen-jvo-augustus-2022.2.txt,2023,tk-beslisnota-bij-periodieke-rapportage-rechtshandhaving-hoofdlijnen-jvo-augustus-2022,0,krachtenveld overleg vindt plat justitie aruba curaçao maart land ieder verantwoord eig justitiel aangeleg afsprak gemaakt jvo invloed inzet rechtshandhavingsket land koninkrijk strategie voorafgaand jvo verschill ambtelijk niveau samengewerkt wederpartij betrok land gezamen beoogd kom besprok jvo uitvoer afsprak gemaakt jvo zull uitgevoerd verschill daartoe bevoegd beleidsdirecties uitvoeringsorganisaties land koninkrijk advies rad opgevolgd jenv samenwerk betrok ministeries lokal organisaties implementatie war nodig jvo tussenrapportag gedeeld voortgang samenwerk volgend jvo plaatsvind curaçao verder implementatie verschill samenwerkingstraject besprok communicatie samenwerk gebied criminaliteitsbestrijd grot belang verwezen veilig samenlev land koninkrijk samenwerkingsinitiatiev zull gedeeld justitieel vierpartijenoverleg waarvan terugkoppel plaatsvindt twed kamer financiel overweg verstur brief gan financiel consequenties gepaard afsprak voer zull betrok beleidsdirecties organisaties daarmee reken houd eig begrot juridisch overweg samenwerk stand komt justitieel vierpartijenoverleg vloeit voort statut koninkrijk nederland waarin afgesprok aruba curaçao maart elkar hulp bijstand verlen samenwerk gebied rechtshandhav verder uiteengezet verschill rijkswet onderl regel samenwerkingsovereenkomst land directie europes international aangeleg datum kenmerk,Reparations and Remembrance|Modern & Everyday Racism,0.1171590190358594,"[0.01060958007267195, 0.020898956693843257, 0.010703949467659657]","[False, True, True]","[False, True, True]","[0.1171590190358594, 0.1171590190358594, 0.1171590190358594]","[0, 1, 1]",tk-beslisnota-bij-periodieke-rapportage-rechtshandhaving-hoofdlijnen-jvo-augustus-2022.2.txt__0
homogene-groep-internationale-samenwerking-jaarverslag-2022.28.txt,Policyarchive_text\jaarverslagen\2023\homogene-groep-internationale-samenwerking-jaarverslag-2022\homogene-groep-internationale-samenwerking-jaarverslag-2022.28.txt,2023,homogene-groep-internationale-samenwerking-jaarverslag-2022,0,oda oda oda justitie kwaliteit arbeidsvoorwaard ict international samenwerk criminaliteitsbestrijd opspor vervolg nfi over medeover contraterrorism national veiligheidsbeleid national terrorismebestrijd coa asieltoereken national programma oekraien vluchtel apparaatsuitgav kerndepartement europol eurojust wipo eig vii binnenland zak koninkrijksrelaties national apparat attaches viii cultur wetenschap primair primair asieltoereken voortgezet asieltoereken hoger beroepsonderwijs hoger beroepsonderwijs wetenschapp wetenschapp international onderwijsbeleid international subsidies international cultur cultur subsidies wetenschapp wetenschapp eig migratie voortgezet begrot mutatie realisatie,Modern & Everyday Racism,0.179106694237798,"[0.0, 0.034939189070653465, 0.002156641470513747]","[False, False, True]","[False, False, True]","[0.179106694237798, 0.179106694237798, 0.179106694237798]","[0, 0, 1]",homogene-groep-internationale-samenwerking-jaarverslag-2022.28.txt__0
jaarverslag-onderwijs-cultuur-wetenschap-2022.118.txt,Policyarchive_text\jaarverslagen\2023\jaarverslag-onderwijs-cultuur-wetenschap-2022\jaarverslag-onderwijs-cultuur-wetenschap-2022.118.txt,2023,jaarverslag-onderwijs-cultuur-wetenschap-2022,0,beleidsartikel wetenschapsbeleid algemen doelstell algemen doelstell schepp international rend onderzoeksomgev uitdaagt optimal schappelijk prestaties goed aansluit maatschapp behoeft overkoepel ambitie wetenschapsbeleid crer sterk duurzam stelsel hoger wetenschap hog kwaliteit voll breedt waarin kennisinstell regio onderscheid sterktes maximal benut drie hoofddoel geformuleerd stelsel bestend mak namelijk versterk fundament ruimt gev diver talent vergrot maatschapp impact hoger erkenn ervan kamerstuk rol verantwoord verantwoord stelsel wetenschap financier bekostigt wetenschapsbestel stimuler stimuleert wetenschapp kwaliteit excellentie zwaartepuntvorm profiler afsprak hierover gemaakt universiteit stan vermeld hoofdlijnenakkoord samenwerk goud driehoek bedrijv kennisinstell innovatiebeleid waarvor ezk verantwoord hiervor topsectorenaanpak nieuw stijl ontwikkeld regisser schept voorwaard klimat universiteit kennisinstell excellent borging vernieuw vermog kwaliteit nederland doelmat functioner wetenschapp instell zowel zelfstand relatie universiteit bedrijv belangrijk plat innem international onderzoeksfaciliteit coordinatie positioner wetenschapsbeleid national international niveau verantwoord efficient bested middel voldoend verspreid kennis maatschappij twed kamer vergaderjar viii,"Colonial Exploitation, Slavery & Economic Inequality|Reparations and Remembrance|Modern & Everyday Racism",0.1086610735988866,"[0.002131504147616055, 0.019856617747668098, 0.0022713022270159497]","[True, True, True]","[True, True, True]","[0.1086610735988866, 0.1086610735988866, 0.1086610735988866]","[1, 1, 1]",jaarverslag-onderwijs-cultuur-wetenschap-2022.118.txt__0
jaarverslag-ezk-2022.123.txt,Policyarchive_text\jaarverslagen\2023\jaarverslag-ezk-2022\jaarverslag-ezk-2022.123.txt,2023,jaarverslag-ezk-2022,0,bepaald hand werkelijk marktprijz ding betaald gasjar had inclusief btw omvang agentschapp rijksdienst ondernem rijksdienst ondernem rvo uitvoer schadeafhandel img bekostigd kwam ner mln bedrag slecht voorschot betreft biedt inzicht daadwerk uitvoeringskost img img mln kost gemaakt uitvoer schadeafhandel uitvoeringskost img via wettelijk heffing nam verhaald gedetailleerd informatie uitvoeringskost img vind jaarverslag img institut mijnbouwschad groning kwam bestur img ner mln mln hoger begrot bedrag slecht voorschot betreft biedt inzicht daadwerk kost img bestur img bestur mln uitvoeringskost gemaakt gedetailleerd informatie uitvoeringskost img bestur vind jaarverslag img medeover national programma groning national programma groning npg geinvesteerd leefbar economisch ontwikkel energietransitie groning mln uitgekeerd uitvoer npg goedgekeurd compensatie gemeent provincie bestur afsprak versterkingsoperatie groning vraagt personeelscapaciteit provincie groning aardbevingsgemeent extra kost gecompenseerd hiervor mln overgeheveld desbetreff gemeent daarnaast ezk mln uitgekeerd drie gemeent uitvoer zogenoemd batch ontvangst ontvangst nam fysiek schad kost schadeafhandel groning basis tijdelijk wet groning nam doorbelast kost schadeafhandel inmiddel doorbelast betaald nam daarmee fysiek schadevergoed bedrag mln ontvang betreff kost gehel schaderam suppletoir bijgewerkt biedt verschil ten opzicht ontwerpbegrot mln ontvang accurat inzicht kost schadeafhandel zull medio nam reken gebracht twed kamer vergaderjar xiii,"Colonial Exploitation, Slavery & Economic Inequality|Modern & Everyday Racism",0.0861411043293065,"[0.022165943498119577, 0.005747130288072745, 0.003786192349085101]","[True, False, True]","[True, False, True]","[0.0861411043293065, 0.0861411043293065, 0.0861411043293065]","[1, 0, 1]",jaarverslag-ezk-2022.123.txt__0
jaarverslag-onderwijs-cultuur-wetenschap-2022.192.txt,Policyarchive_text\jaarverslagen\2023\jaarverslag-onderwijs-cultuur-wetenschap-2022\jaarverslag-onderwijs-cultuur-wetenschap-2022.192.txt,2023,jaarverslag-onderwijs-cultuur-wetenschap-2022,0,thema subthema typ afrond status mak melding grot gebrek ingrijp docent pestgedrag geeft leerling onveil gevoel landelijk geadviseerd schol verplicht twee vertrouwensperson specifiek geld oormerk besprek mak diversiteit schol net gebeurt gezond schol daarnaast belang melding serieus nem terug koppel melding gebeurt leerling control gev problem aangepakt daarnaast duidelijker ontwikkeld schol acceptatie person leerling docent vergrot insprak leerling belang vertrouw vergrot social acceptatie seksuel genderdiversiteit docent afgerond docententeam mbo nodig genderdiversiteit team besprek mak acceptatie docententeam bevorder nam zak zet noodzak besprek mak genderdiversiteit wegnem ervar spanning rondom thema negatiev attitudes ten opzicht genderdiversiteit relatie central stell problem signaler aandacht framing thema genderdiversiteit ingezet effectiev interventies social verkenn juridisch beleidsmat interventies ter voorkom bestrijd conversietherapie afgerond dijkgraf ocw jenv bruin slot bzk twed kamer onderzoeksrapport verkenn juridisch beleidsmat interventies ter voorkom bestrijd conversietherapie toegestuurd onderzoekt wettelijk mogelijk therapieen homogenez verkenn blijkt wettelijk verbied conversiepraktijk steun rug mens conversiepraktijk ondergan strafbar stell praktijk steunt slachtoffer maakt helder dergelijk praktijk getolereerd dergelijk wettelijk basis verschill partij twed kamer aangekondigd kom initiatiefwetsvoorstel kabinet kijkt interes voorstel lat verkenn zien schoolomgev veilig omgev leerling ten voll ontwikkel veilig schol crer bevorder opdracht schol verduidelijkt denk hierbij bijstell kerndoel wettelijk verplicht rondom burgerschap daarnaast lat verkenn zien gesprek onafhank geestelijk verzorger welkom ondersteun person onafhank geestelijk verzorger hulp bied person lev seksuel gender levensbeschouw identiteit elkar overeenstemm breng verkenn gekek mogelijk subsidies trek aanvrag organisaties conversiepraktijk aanbied weiger moment mogelijk belastingdienst enkel vanweg mogelijk conversiepraktijk trek diversiteit gelijk behandel huiselijk seksueel geweld afgerond verzoek twed kamer verband seksuel orientatie genderidentiteit geweld voordeur hierbij volgend aspect bod gekom risicofactor daderprofiel huiselijk geweld tran intersek person twed kamer vergaderjar viii,Reparations and Remembrance|Modern & Everyday Racism,0.1904072003911205,"[0.004718294718491977, 0.011693520595603215, 0.04190102871448519]","[False, True, True]","[False, True, True]","[0.1904072003911205, 0.1904072003911205, 0.1904072003911205]","[0, 1, 1]",jaarverslag-onderwijs-cultuur-wetenschap-2022.192.txt__0
jaarverslag-justitie-2022.17.txt,Policyarchive_text\jaarverslagen\2023\jaarverslag-justitie-2022\jaarverslag-justitie-2022.17.txt,2023,jaarverslag-justitie-2022,0,rad stat adviseerd wetsvoorstel verbeter baarheid zorg jeugdig eind presenteerd plan rechtsbescherm jeugdbescherm verbeter gestart concret verbeter wetswijz mogelijk toekomst interland adopties beslot kabinet landelijk adoptie mogelijk zolang herkomstland alternatiev ingrijp ontwikkelperspectief kind ermee gediend land herkomst passend opvang gan bied verander hand voet gev selectieprocedur voorstel stichting wereldkinder geselecteerd vorming een central lingsorganisatie steld criteria vast beoordel adoptierelaties land herkomst hiermee selecteerd land waaruit adoptie wer mogelijk jeugdcriminaliteit zwaarder delict jong dader werkt preventieparagraf coalitieakkoord daarvan bred preventie aanpak georganiseerd ondermijn jeugdcriminaliteit domein overstijg wijkaanpak inzet kansrijk effectief bewez interventies monitor jeugdcriminaliteit blek sprak tratie jeugdcriminaliteit bepaald risicojonger beperkt wijk ded wodc hiernar gaf beeld hotspot geregistreerd jeugdcriminaliteit beeld ondersteunt belang domeinoverstijg gebiedsgericht preventiev aanpak jeugdcriminaliteit aanpak gestart gemeent geprioriteerd kader national programma leefbar nplv aanpak stimuleert ontwikkel kansrijk uitrol effectief bewez interventies interventie bepaalt bent ruim gemeent ingezet verbeterd versie ingevoerd risicotaxatie landelijk instrumentarium jeugdstrafrechtket actieplan wapen jonger geevalueerd interdepartemental jeugdcriminaliteit werk effectiever detentie jeugdig afgerond passend effectiev juridisch instrument gewijzigd wet bibob trad gewijzigd wet werking wet bestuursorgan organisaties controler vergunn subsidie aanvrag gebouw grond will ver kop manier zak will bestuursorgan gewijzigd wet reikt verder geeft mogelijk informatiedel bovendien register waarin bestuursorgan bijhoud informatie opvrag via landelijk bureau bibob nieuw gegevenswet justitiedomein bibob stat bevorder integriteitsbeoordel open bestur twed kamer vergaderjar,"Colonial Exploitation, Slavery & Economic Inequality|Reparations and Remembrance|Modern & Everyday Racism",0.0847318545736323,"[0.012387519307897029, 0.0069961640089379355, 0.01650715285380615]","[True, True, True]","[True, True, True]","[0.0847318545736323, 0.0847318545736323, 0.0847318545736323]","[1, 1, 1]",jaarverslag-justitie-2022.17.txt__0
jaarrapportage-bedrijfsvoering-rijk-2022.112.txt,Policyarchive_text\jaarverslagen\2023\jaarrapportage-bedrijfsvoering-rijk-2022\jaarrapportage-bedrijfsvoering-rijk-2022.112.txt,2023,jaarrapportage-bedrijfsvoering-rijk-2022,0,kubiek meter mbo middel beroepsonderwijs mkb kleinbedrijf mdg master data governanc mlu bms midlif updat battlefield management system moc maritiem operatiecentrum kustwacht mwi moderniser waarneeminfrastructur mvi maatschapp verantwoord inkop maatschapp verantwoord inkop mvoi maatschapp verantwoord opdrachtgev inkop mvws volksgezond welzijn sport mszw social zak werkgeleg ncg national coordinator groning ncsc national cyber security centrum ndn national detectie netwerk nen stichting konink nederland normalisatie institut nhr nieuw handelsregister nkbr normenkader beveil rijkskantor nms national meldkamer system noo national opvang npa peppolautoriteit nrgd nederland register gerecht deskund ntn nafin transport netwerk nvwa warenautoriteit nza zorgautoriteit ocw cultur wetenschap octas onafhank toekomst arbeidsongeschiktheidsstelsel odc overheidsdatacenter oer opwek energie rijksvastgoed oeso economisch samenwerk ontwikkel oenp personel open open vervoer par privacy adviseur rijk pas partiel arbeidsparticipatie senior pbo particulier beveiligingsorganisatie programmadirectie peppol public procurement participatiefond phd doctor philosophy pianoo expertisecentrum inkop aanbested pit programma informatiehuishoud toekomst plink platform inkop plooi platform open overheidsinformatie prim pvr programma vernieuw registrer radio rijksacademie digitaliser informatiser rbl rijksorganisatie beveil logistiek rbo rijksbeveiligingsorganisatie rbv rijksbredevoorzien rdi rijksbred digital infrastructur res regional energie strategie riea rijksinkop enterpris architectur rli rad leefomgev infrastructur rio rijk inkop opleid rit rijk jaarrapportag bedrijfsvoer rijk,Reparations and Remembrance|Modern & Everyday Racism,0.0966091783079295,"[0.0024594245231533748, 0.025703641788487414, 0.0014956466123009096]","[False, True, True]","[False, True, True]","[0.0966091783079295, 0.0966091783079295, 0.0966091783079295]","[0, 1, 1]",jaarrapportage-bedrijfsvoering-rijk-2022.112.txt__0
jaarverslag-onderwijs-cultuur-wetenschap-2022.26.txt,Policyarchive_text\jaarverslagen\2023\jaarverslag-onderwijs-cultuur-wetenschap-2022\jaarverslag-onderwijs-cultuur-wetenschap-2022.26.txt,2023,jaarverslag-onderwijs-cultuur-wetenschap-2022,0,onderzoeksbureau seo monitor genderdiversiteit top semi sector opgeleverd monitor blijkt algemen gemiddeld genom vooruitgang geboekt betreft aandel vrouw top procent tegelijkertijd gat voortgang trag grot verschill sector organisaties grot organisaties semi sector sted vrouw monitor seo verwerkt onlin dashboard inzicht maakt lend sector organisaties ervor stan qua genderdiversiteit vlak kerst kamerbrief voortgang genderdiversiteit top gestuurd hierin stand zak betrek genderdiversiteit top emancipatie sector basiswaard realisatie realisatie realisatie streefwaard acceptatie emancipatie arbeidsmarktpositie vrouw hog emancipatie rvb rvc bron lhbt monitor scp monitor verschijnt tweejar bron bedrijvenmonitor topvrouw cijfer medio komt nieuw bedrijvenmonitor verband nieuw quotomwet zull vanaf volgend nieuw cijfer beschik kom regenboogstembusakkoord belangrijk geboekt betrek boogstembusakkoord rsa totstandkom emancipatienota waarin visie weergegev patiebeleid gevolgd intersectionaliteit samenhang kabinetsbeleid tienota geeft daarbij kabinet voorgesteld waarmee med invull uitvoer rsa opnem verbod discriminatie grondwet stond afgelop hog agenda discriminatie basis seksuel gericht beperk grondwet verbied wet opnieuw behandeld eerst kamer eerst kamer ingestemd uitbreid grondwet komt expliciet stan mens gediscrimineerd vanweg seksuel gericht beperk lijn motie sjoerdsma kamerstuk regenboogstembusakkoord financiel middel beschik vrouwenrecht inclusief seksuel reproductiev gezond recht srgr gelijk recht person central oost europa zuidelijk kaukasus daarnaast organisaties reken diplomatiek steun teven land partner oproep organisaties regio ondersteun verder anticiper initiatiefwet lid ginnek paspoort interdepartemental gewerkt ambtelijk verkenn tarisatie kost kom introducer neutral geslachtsvermeld overheidsadministratie wet verkenn loopt conform motie bergkamp den hul twed kamer vergaderjar viii,Reparations and Remembrance|Modern & Everyday Racism,0.1232929415063463,"[0.025284920757836785, 0.0013085673426356085, 0.06666724255750155]","[False, True, True]","[False, True, True]","[0.1232929415063463, 0.1232929415063463, 0.1232929415063463]","[0, 1, 1]",jaarverslag-onderwijs-cultuur-wetenschap-2022.26.txt__0
financieel-jaarverslag-rijk-2022.67.txt,Policyarchive_text\jaarverslagen\2023\financieel-jaarverslag-rijk-2022\financieel-jaarverslag-rijk-2022.67.txt,2023,financieel-jaarverslag-rijk-2022,0,teruggedrong eerst verkenn blijkt onderscheid lopend nieuw duidelijk genoeg daardor onduid isb nodig daarom som zeker isb beroep ingedi verduidelijk begripp lopend nieuw verschill mogelijk verkend toekomst ander gan suppletoir begrotingswet regulier begrotingsproces integral vorming vast moment inbouw regulier incidentel begrotingsaanpass afgelop departement gevraagd noodzak onderbouw indien isb eventueel beroep departemental jaarverslag departement opgenom ingedi onderbouw hierbij verder bezien mat huidig omvang ingedi doorzet structurel blijkt nader overwog groter aanpass begrotingsproces noodzak evaluatie nem prominent plek evaluatie verschijnt zomerreces najar hoofdlijnenbrief reactie evaluatie daarbij traject verbeter stelsel financiel informatievoorzien pilot financiel eventuel aanpass begrotingsproces meegenom beleidsinformatie beleidsevaluatie rijksbred evaluatiestelsel levert informatie doeltreff doelmat rijk stelsel bestat wet actor instrument inzicht bied kwaliteit beleidskeuzes uitvoer keuzes daarmee behaald gat achtereenvolgen strategisch evaluatie agenda sea gepland gerealiseerd beleidsdoorlicht periodiek rapportages interdepartemental beleidsonderzoek ibo strategisch evaluatie agenda sea ingang nieuw regel periodiek derzoek rpe formel kracht primair aanleid herzien rpe veranker departemental strategisch evaluatie agenda sea biedt belangrijk thema departement inzichtbehoeft per thema daarbij passend agender evaluatieonderzoek periodiek rapportages opvolger beleidsdoorlicht geld hierbij overgangsjar waarin mogelijk gewerkt volgen nieuw rpe twed kamer vergaderjar,Reparations and Remembrance|Modern & Everyday Racism,0.0800094691365662,"[0.0, 0.0016722841103408261, 0.022224381710353742]","[False, True, True]","[False, True, True]","[0.0800094691365662, 0.0800094691365662, 0.0800094691365662]","[0, 1, 1]",financieel-jaarverslag-rijk-2022.67.txt__0
jaarverslag-vws-2022.17.txt,Policyarchive_text\jaarverslagen\2023\jaarverslag-vws-2022\jaarverslag-vws-2022.17.txt,2023,jaarverslag-vws-2022,0,national actieplan daklos eerst thuis stand actieplan loopt sluit inhoud lissabon verklar daklos eind beeindig verklar ondertek kernthema actieplan inzet preventie won eerst waarbij intensief opgetrok programma won aandachtsgroep bzk szw gewerkt programmatisch uitwerk agenda zorg toekomstagenda captenzorg betrok veld partij elkar slag verder werk toekomstbestend zorg daarmee bouw voort stapp gezet programma volwaard lev samenwerk veldpartij bepaald aandachtspunt rond mens licht verstand beperk lvb daarbij afgelop ingezet vergrot bewustword mens lvb ontsluit kennis bied handvat professional tondersteun veldpartij agenda opgesteld waarbij ingezet verbeter kwaliteit verbeter overgang vergrot bekend vindbar borging gespecialiseerd tondersteun gco vanuit pilot volwaard lev garander inwerkingtred nieuw subsidieregel vanaf bestaand pilot verlengd betrok partij gemeent aanbieder professional jonger rijk zag noodzak stevig hervorm jeugdzorg zorg nam kwetsbar kinder gezinn passend zorg krijg stelsel beter doelmatiger richt duurzam houdbar mak red brief hervorm jeugdzorg vijf leidend principes aangegev waarlang rijk hervorm vormgev moment kabinet betrok partij slag leidend principes vertal agenda jeugd vooruitlop hervormingsagenda daarin structurel diver acties ingezet verbeter zorg bescherm wet maatschapp verantwoord inkop jeugdwet wmo zorgt ervor gemeent aanbested jeugdzorg maatschapp ondersteun gemakkelijker mak zogenoemd verlicht regim wetsvoorstel rechtspositie geslot jeugdhulp voorgelegd plenair behandel twed kamer beter stur aanpak wachttijd ondersteuningsteam zorg jeugd werking ketenbureau domein vier slag inzicht krijg regional wachttijd kabinet aanpak mental gezond allemal aanpak richt inwoner bijzonder aandacht onz jeugd stat toegank zorg druk vanweg wachttijd knelpunt aanbod crucial complex zorg problem pak iza national actieplan daklos eerst thuis programmatisch uitwerk toekomstagenda zorg ondersteun mens beperk publicatie aanpak mental gezond allemal twed kamer vergaderjar xvi,"Colonial Exploitation, Slavery & Economic Inequality|Reparations and Remembrance|Modern & Everyday Racism",0.0903737838893538,"[0.005710060309193864, 0.007895409724123958, 0.023836407023830154]","[True, True, True]","[True, True, True]","[0.0903737838893538, 0.0903737838893538, 0.0903737838893538]","[1, 1, 1]",jaarverslag-vws-2022.17.txt__0
jaarrapportage-bedrijfsvoering-rijk-2022.24.txt,Policyarchive_text\jaarverslagen\2023\jaarrapportage-bedrijfsvoering-rijk-2022\jaarrapportage-bedrijfsvoering-rijk-2022.24.txt,2023,jaarrapportage-bedrijfsvoering-rijk-2022,0,arbeidsvoorwaard rechtspositie werkgever rijk vakbond partij meerjar cao rijk geslot hierin stan enkel for hervorm cao geldt vanaf for loonstijg lager inkomen onderhandel nieuw cao rijk stond tek hog inflatie lager inkomen ondersteun bodem salariss gelegd minimumuurlon euro daarnaast hel schalenstructur aangepast hierdor medewerker lager schal procentueel vooruit gegan medewerker hoger schal loonstijg hoger naarmat medewerker lager schal zit loopt ruim procent medewerker schal harmonisatie arbeidstijd onregelmatigheidstoeslag rijk sprak dertig organisaties war medewerker onregelmatigheidsdienst draai grot saties douan rijkswaterstat gevangeniswez kleiner organisaties belastingtelefon rijksrederij cao rijk per arbeidstijd onregelmatigheidsdienst geharmoniseerd daarbij gekoz twee set norm ene kant strenger norm top gepland dienst kant ruimer arbeidstijdennorm arbeidstijdenwet onregelmatigheidsdienst waarbij medewerker meerooster onderl dienst plann rijk voorstander meerooster goed zeggenschap medewerker daarmee gezond daarbij matiek afgesprok waarvor jaarlijk werk uren vastgelegd grenz overeengekom arbeidstijd rijk hiermee beter inspel piek dal arbeid onregelmatigheidstoelag cao rijk per niseerd toelag vertoond departement som verschill hierbij toelag verbeterd medewerker ouder vrijwill nachtdienst draai krijg daarvor vast onregelmatigheidstoelag extra nachtdiensttoelag leeftijdsregel afgebouwd leeftijdsdag regel partiel arbeidsparticipatie senior pas cao rijk langzam uitgefaseerd medewerker krijg ongeacht leeftijd vanaf individueel keuzebudget bovenop wettelijk verlof medewerker flexibeler gebruik verlof spar meerder sluit uitgangspunt werkgever rijk medewerker verschill voorkeur omstand keuzes will mak verschill groep ouder medewerker geldt geling medewerker hierdor kiez huidig leeftijdsdag pas plat regel vervroegd uittred cao rijk afgesprok medewerker twee leeftijd stopp werk werkgever rijk ontvang voorwaard minimal gewerkt waarvan minimal laatst tien rijk medewerker voorwaard voldoen gezond pensioen jaarrapportag bedrijfsvoer rijk,"Colonial Exploitation, Slavery & Economic Inequality|Modern & Everyday Racism",0.1039177466635287,"[0.011473326940276021, 0.0, 0.05476498946533878]","[True, False, True]","[True, False, True]","[0.1039177466635287, 0.1039177466635287, 0.1039177466635287]","[1, 0, 1]",jaarrapportage-bedrijfsvoering-rijk-2022.24.txt__0
jaarverslag-lnv-2022.107.txt,Policyarchive_text\jaarverslagen\2023\jaarverslag-lnv-2022\jaarverslag-lnv-2022.107.txt,2023,jaarverslag-lnv-2022,0,nvwa lnv bestrijd aangestuurd vanuit post bestrijd zowel kost nodig ziekt bestrijd opgenom tegemoetkom schad houder dier post verdenk bestrijd vall deelplafond bestrijdingskost voorzien tijd crisis direct reager lnv waakvlamcontract afgeslot bedrijv apparatur mens lever nodig bestrijd kost calamiteitenreserv destructor betaalt dgf teven vaccin voorrad gevoel dier nabijgeleg bedrijv besmet bedrijf vacciner mond klauwzer mkz klassiek varkenspest kvp ziekt aujeszky zva voorzien vaccinatie post voorzien valt deelplafond kost twed kamer vergaderjar xiv,Modern & Everyday Racism,0.0918558653543691,"[0.0, 0.0, 0.014753341275228041]","[False, False, True]","[False, False, True]","[0.0918558653543691, 0.0918558653543691, 0.0918558653543691]","[0, 0, 1]",jaarverslag-lnv-2022.107.txt__0
bijlage-2-memorie-van-toelichting-wetsvoorstel-wet-versterking-waarborgfunctie-awb.19.txt,Policyarchive_text\besluiten\2023\bijlage-2-memorie-van-toelichting-wetsvoorstel-wet-versterking-waarborgfunctie-awb\bijlage-2-memorie-van-toelichting-wetsvoorstel-wet-versterking-waarborgfunctie-awb.19.txt,2023,bijlage-2-memorie-van-toelichting-wetsvoorstel-wet-versterking-waarborgfunctie-awb,0,versie bedoeld awb rechter verwer bestuursorgan geleg bied gebrek bestred besluit herstell beroepsprocedur bestur lus definitiev geschilbeslecht nieuw besluit bestuursorgan geslaagd beroep waarmee geconstateerd gebrek verholp waarmee burger materieel opschiet bestur lus voorkom toepass instrument eerder sprak rechtszeker burger maakt bestur lus nuttig bevoegd bestuursrechter bijdraagt definitiev geschilbeslecht procespartij burger bestur lus echter oner aanvoel bestuursorgan gevoel extra mogelijk gebod gebrek herstell terwijl hijzelf breng bovendien bestuursorgan aanwijz krijg rechter gebrek mens bestur lus opvat bestuurtj help hierdor mens gevoel krijg dezelfd proceskans bestuursorgan vertrouw rechtsprak schad behalv grotendel gevoelsmat ongelijk burger procedeert werkelijk sprak feitelijk ongelijk feitelijk ongelijk burger bestuursorgan awb vlak gecompenseerd awb verhoud procespartij gezien wederker rechtsbetrek waarbij beid partij verantwoord drag eig terwijl burger bestuursprocesrecht juridisch verschill feitelijk verschill stelt rad open bestur toegang recht vanuit burgerperspectief iederen vanzelfsprek daarbij mens bekend detail doordat mens juridisch kennis vind ondersteun proces wenselijk will geinformeerd derd evaluatie awb gesteld mens overdrev verwacht gehanteerd juridisch vaardig erop aankomt finesses algemen bestuursrecht bestuursprocesrecht doorgrond daarnar handel rechter procedur meest daarbij betrok mens eenmal leerproces waarin pas gaandeweg gan beseff hen daarbij vertegenwoord advocat bestuursprocesrecht verplicht gelet ongelijk kader beginsel gelijk proceskans gekek ongelijkheidscompensatie burger daarbij opgemerkt appellant entiteit natur person ongelijkheidscompensatie gevall evenzer gebod omgevingsrecht vak opgetred stichting veren werkgroep opkomt algemen belang algemen genom bestur vel mal deskundiger burger weerslag procedur beroep rechter bestur besliss beroepshalv vak honderd duizend gelijksoort daardor kent materie rechtsvrag beter bovendien bestur ervar voer procedures eig besluit verded ongelijk proceskans weerslag bewijsrecht bestuursprocesrecht gekenmerkt vrij bewijsler stelt bestuursrechter stat feit vull derd lid awb praktijk partij primair verantwoord burger hierbij hierbov betoogd achterstand bestuursorgan bestuursorgan juridisch kennis wet verwacht betrek aanlever bewijs daarbij kamerstuk verburg bestuursrechtsprak balan bejegen beslecht bewijs dissertatie zie evaluatie bestur lus awb international rechtsvergelijk backes hardy jans polleunis timmer medewerk,"Colonial Exploitation, Slavery & Economic Inequality|Reparations and Remembrance|Modern & Everyday Racism",0.1031778527172308,"[0.02531402505960711, 0.006754558078326058, 0.045954360635162]","[True, True, True]","[True, True, True]","[0.1031778527172308, 0.1031778527172308, 0.1031778527172308]","[1, 1, 1]",bijlage-2-memorie-van-toelichting-wetsvoorstel-wet-versterking-waarborgfunctie-awb.19.txt__0
jaarverslag-szw-2022.241.txt,Policyarchive_text\jaarverslagen\2023\jaarverslag-szw-2022\jaarverslag-szw-2022.241.txt,2023,jaarverslag-szw-2022,0,titel typ afrond status jongvolwass heroverweg verdien licht bedoel regel thema integratie maatschapp samenhang titel typ afrond status jaarrapport integratie monitor afgerond groep migratieachtergrond algemen sprak ongunstiger maatschapp positie gemiddeld achterstand ten opzicht gemiddeld verkleint geleid positieverbeter komt vooral conto generatie arbeidsmarkt tekent trendmat positiev ontwikkel war geled vaststeld verbeterd onderwijspositie groep migratieachtergrond uitbetaald arbeidsmarkt economisch crisis vooral groep migratieachtergrond zwaarst klapp opving daaropvolg period gunstig conjunctur achterstand goeddel goedgemaakt zien impact coronacrisis terug gepaard ging beperkt verslechter arbeidsmarktpositie effect echter mild beperkt terugval zien herstel plaatsvindt mat herstel varieert categorieen longitudinal cohort statushouder monitor afgerond algemen bevind statushouder langzam plek wet vind sted statushouder volg vak mbo inburger verloopt voorspoed naturalisaties neemt toe aandel werkend steg vorig afgelop stilstan gekom kwetsbar merkt gevolg coronacrisis aandel afhank uitker daalt zien effect corona daling vlakt laatst period zorggebruik statushouder wijkt nauwelijk algemen bevolk bevind nem overigen weg positie groep migratieachtergrond vooral achtergrond sted gunstig gemiddeld sommig terrein sommig deelpopulaties verschill bovendien sted substantieel bred studie achterstand evenred monitor lopend evaluatie vergrot sociaal netwerk geslot gemeenschapp evaluatie afgerond ingezet sociaal netwerk vrouw person geslot gemeenschapp vergrot hierbij kreg doelgroep voorlicht aanbod vrijwilligerswerk cursuss gewerkt twed kamer vergaderjar,Reparations and Remembrance|Modern & Everyday Racism,0.0998274373174995,"[0.004292699584991314, 0.00861185628573846, 0.014625869006238206]","[False, True, True]","[False, True, True]","[0.0998274373174995, 0.0998274373174995, 0.0998274373174995]","[0, 1, 1]",jaarverslag-szw-2022.241.txt__0
briefwisseling-ap-belastingdienst-deel-25.36.txt,Policyarchive_text\brieven\2023\briefwisseling-ap-belastingdienst-deel-25\briefwisseling-ap-belastingdienst-deel-25.36.txt,2023,briefwisseling-ap-belastingdienst-deel-25,0,sonctioner opgetred oantal gevall strafrecht vervolg handhavingsregie vindt verschill niveaus plat zowel landelijk niveau toekenn capaciteit verschill segment keuz landelijk decentral kantor teamniveau individueel niveau daarom handhavingsregie elk niveau war haarvat elk medewerker leidinggev zit richtinggev inricht process uitvoer direct inbreng feedback professional uitvoer maakt voortdur dialog noodzak management medewerker gemaakt mak keuzes manier waarop kennis ervar gedeeld kiez vender ontwikkel professionaliser handhavingsregie zowel central niveau team medewerker vormt speerpunt vaktechniek handhavingsregie ander gezegd bepaalt goed ding vaktechniek zorgt zodat ding goed gedan overeenstemm geldend kwaliteitsnorm uiteind handhavingseffect slecht bereikt beid element ord vaktechniek ondersteunt uitvoer manual richtlijn zorgt adequat omschol gericht opieidingsmodules specifiek bijstand uitgangspunt elk instrument handhavingspalet telefoongesprek schriftelijk correspondenc aanslagregel control invorderingshandel betreft voldoet kwaliteitseis vaktechniek daaran stelt professionel vraagt professionel medewerker voldoend handelingsruimt gekoppeld transparantie verantwoord kennis veroudert snel vraagt voortdur aanpass daarbij flexibiliteit uitvoer process sted belangrijker werk actualiteit horizontaliser werk via band fiscal dienstverlener vraagt medewerker bred kennis achtergrond kennis voortdur actualiser gemakkelijker sted spel wissel prioriteit thema gestart aanpak inzet medewerker nam segment mkb particulier verbred aanpak vraagt cambinatie vergrot algemen middelkennis gev ondersteun mot specifiek thema activiteit invester kennissystem effectmet traject intensiver invorder iti geeft impul handhav gelijk opiop beschik extra capaciteit belastingdienst verbond kom intensiver aantall leidend positief handhavingseffect aantall slecht streepjes balk drag zichtbar optred daarmee belangrijk handhavingspalet bewust kiez belang,Reparations and Remembrance|Modern & Everyday Racism,0.1075663182437365,"[0.00310596879382679, 0.009952782253908663, 0.04431398993719905]","[False, True, True]","[False, True, True]","[0.1075663182437365, 0.1075663182437365, 0.1075663182437365]","[0, 1, 1]",briefwisseling-ap-belastingdienst-deel-25.36.txt__0
inspectie-van-het-onderwijs-ontwerp-jaarwerkplan-2024.3.txt,Policyarchive_text\jaarplannen\2023\inspectie-van-het-onderwijs-ontwerp-jaarwerkplan-2024\inspectie-van-het-onderwijs-ontwerp-jaarwerkplan-2024.3.txt,2023,inspectie-van-het-onderwijs-ontwerp-jaarwerkplan-2024,0,voorwoord ambitie woord eerst opkomt denk ambitie onz rol vervull help beter mak bestur schol opleid aansprek spiegel stimuler dialog zoekend goed voorbeeld aanreik war nodig handhav oog praktijk omstand sprek gerust onz gesprek bestur schol opleid zull vaker voorhen basisvaard onz onderzoekskader punt aangescherpt gedan focus instellingstoezicht basisvaard extra kracht zet groter gat snel beoogd mak verlop nam pensioner medewerker uiteraard krapp arbeidsmarkt past winstwaarschuw groei uitvloeisel ambitie uitwerk coalitieakkoord kabinet rut verwoord inspectieonderzoek schol coalitieakkoord stat sneller grijp schol onvoldo prester vull onz risicozef scherper stell zodat eerder schol gesprek gan gan war mogelijk korter hersteltermijn hanter tekortkom daarin gan maatwerk toepass sneller sancties oplegg tekortkom lang bestan misverstand voorkom gev sancties gericht vooral tijdig signaler risico daarop aansprek bestur schol opleid kom goed rel afsprak herstel gan wer schol zogehet kwaliteitsonderzoek waarmee stelselniveau wer beter afgelop beeld gev ervor stat kwaliteit schol opleid bijdrag verbeter via lijn politiek bestur schoolleider daarnaast basis meerjar lijn stelselonderzoek specifiek onz speerpunt daarbij basisvaard passend gelijk kans verschill niveaus schol opleid bestur stelsel hangt beinvloedt elkar ambitie sterker geval lat knelpunt bekijk welk niveau best aanpak bevind stelselniveau leid agender thema bestur schol opleid andersom knelpunt vaker aantreff bestur schol opleid stelselniveau verkenn noem integral benader waarbij balan qua intensiteit verschuiv schol opleid via scherper afstell risicozef bestur aansprek eindverantwoord onderwijskwaliteit schol opleid,"Colonial Exploitation, Slavery & Economic Inequality|Reparations and Remembrance|Modern & Everyday Racism",0.0882695838589317,"[0.013250410899022283, 0.01072935642904274, 0.017441306238068312]","[True, True, True]","[True, True, True]","[0.0882695838589317, 0.0882695838589317, 0.0882695838589317]","[1, 1, 1]",inspectie-van-het-onderwijs-ontwerp-jaarwerkplan-2024.3.txt__0
jaarverslag-financien-2022.223.txt,Policyarchive_text\jaarverslagen\2023\jaarverslag-financien-2022\jaarverslag-financien-2022.223.txt,2023,jaarverslag-financien-2022,0,vergaderjar omschrijv vindplat stand zak planning concret plan aanpak verder stapp vereenvoud belastingstelsel kom prinsjesdag stur kamer beslissingskader vooruitlop wetgev beleidsbesluit kamerstuk momentel bwo gepland stas stas rechtsbescherm bzk voorwaard kader waaronder beleidsbesluit aanvaard vooruitlop wetgev zet kabinet streeft afwegingskader zowel twed eerst kamer bied bwo bwo kamer geinformeerd vertrag verder proces stadsverwarm waarom duurt ontkoppel stadsverwarm gasprijs lang haga overleg ezk brief stur kamer kamerstuk kamer hierover reces kabinet geinformeerd middel brief klimat energie variant nieuw stelsel bijbehor uitvoeringseffect updat variant ligg twed helft kabinetsperiod vkc fin matoug grinwis dijk kamerstuk aanpak twed eerst kamer gestuurd zomer tussenrapportag gezond eerst kwartal strev eindrapportag eind evaluer steunpunt begin volgend terugkom stoffer kamerstuk evaluatief dienstverlen steunpunt burger medewerker plaatsgevond lat zien steunpunt zer positiev manier invull gev behoeft burger person hulp belastingdienst toeslag steunpunt bezoeker steunpuntmedewerker volwaard kanal belastingdienst toeslag beschouwd war terecht person hulp belastingzak toeslag dienstverlen lijkt verwacht bezoeker war mak bezoeker ervar dienstverlen person proactief menselijk mat eerst kwartal gekek dekking steunpunt voldoend uitbreid steunpunt gewenst eind period twed effectmet uitgevoerd kamer later stadium geinformeerd transitie kringlooplandbouw kamerbrief landbouw visserij contour geschetst komt uitgebreider terug perspectief juist boer will schets kamerstuk behandel toezegg versterk veiligheidsket samenwerk ketenpartner gat professionaliser samenwerk buitengewon opsporingsambtenar versterk expertis aanpak cybercriminaliteit invester rechtsprak uitwerk komt terug vorm concret bestedingsvoorstell krijgt zomerreces brief kamerstuk behandel voornem toezegg via brief bewindsperson jenv gat thema versterk veiligheidsket justitie kamer nader informer mogelijk aanpass notariel geheimhoudingsplicht kamerstuk behandel overgedrag justitie zomer kamer informer juridisch onderbouw positie groep bankreken via integral reactie kamerstuk behandel meegenom voortgangsrapportag beleidsagenda aanpak witwass voorjar twed kamer vergaderjar,Reparations and Remembrance|Modern & Everyday Racism,0.0896258159530271,"[0.0036246494642209284, 0.0039042825820943057, 0.021072724687788476]","[False, True, True]","[False, True, True]","[0.0896258159530271, 0.0896258159530271, 0.0896258159530271]","[0, 1, 1]",jaarverslag-financien-2022.223.txt__0
jaarverslag-binnenlandse-zaken-2022.57.txt,Policyarchive_text\jaarverslagen\2023\jaarverslag-binnenlandse-zaken-2022\jaarverslag-binnenlandse-zaken-2022.57.txt,2023,jaarverslag-binnenlandse-zaken-2022,0,binnenland zak uitgezet diepgaand casestudie lat zien ontvang heden dezelfd vorm ontwikkel gekom duidt erop instrument degelijk effect omvang effect exact vast stell rigo aanbevel gedan beter meetbar mak aanpass doorgevoerd aanvraagprocedur ertoe leid zowel beoordel objectiever alsmed cijfer toekomst evaluatie betrouwbaarder gelet complexiteit grot woningbouwproject lang doorlooptijd daaran gerelateerd gemiddeld daadwerk effect wbi pas lang termijn meetbar versnell tijdelijk huisvest kent grot urgent woningbouwopgav lukt tevel mens goed betal woning vind urgentie neemt bovendien toe toestrom oekraien ontheemd druk opvanglocaties central organ opvang asielzoeker coa twee zak duidelijk gemaakt nodig bouw woning versnell behoeft structurel inzet flexibel woningvoorrad plotsel schommel aanbod opvang versnell mogelijk mak vesting ruimtelijk orden genom partij bouw plaatsing herplaats exploitatie flexwon transformatie vastgoed help taskforc versnell tijdelijk huisvest ingesteld ondersteunt gemeent regio provincies marktpartij versneld realisatie tijdelijk huisvest via stimuleringsregel transformatiewon uitgekeerd gemeent ontwikkel ruim transformatiewon gestart uitwerk fysiek herplaatsingsgarantie fysiek herplaatsingsgarantie voorziet vergrot kan flexwon twed mogelijk derd locatie krijgt gestart uitwerk financiel herplaatsingsgarantie financiel herplaatsingsgarantie zorgt ervor investeerder makkelijker invester flexwon contour garantie gepubliceerd rijksvastgoedbedrijf via aanbested bestell flexwon gedan daarmee markt zeker gebod zodat total productiecapaciteit gan groei rijksvastgoedbedrijf stelt grond vastgoed beschik realisatieovereenkomst rijk gemeent regio provincies woninglocaties afsprak vastgelegd realisatie woning inclusief ondersteun vanuit rijk daarin eerst overeenkomst provincie utrecht getek huurverlag huurverlag plaatsgevond huurverlag plaatsgevond begrot genoemd moties openstaand toezegg afgerond voort national prestatieafsprak nieuw huurverlag afgesprok voorzien beslot vervroeg twed kamer vergaderjar vii,"Colonial Exploitation, Slavery & Economic Inequality|Modern & Everyday Racism",0.0836660026534075,"[0.00557039517381828, 0.00529260741236741, 0.021779113700385724]","[True, False, True]","[True, False, True]","[0.0836660026534075, 0.0836660026534075, 0.0836660026534075]","[1, 0, 1]",jaarverslag-binnenlandse-zaken-2022.57.txt__0
jaarverslag-bhos-2022.29.txt,Policyarchive_text\jaarverslagen\2023\jaarverslag-bhos-2022\jaarverslag-bhos-2022.29.txt,2023,jaarverslag-bhos-2022,0,thema resultaatgebied indicator streefwaard realisatie streefwaard sdg verbeterd stroomgebied beher veilig delta mens voordel ondervindt verbeterd stroomgebied beher veiliger delta miljoen cumulatief klimat hernieuw energie mens toegang hernieuw energie miljoen cumulatief sdg toegang duurzam modern energie vrouwenrecht genderg verbeterd randvoorwaard recht gender gelijk aanton bijdrag instanties bedrijv beter randvoorwaard vrouwenrecht genderg vast stell sdg gelijk zelfontplooi vrouw versterkt capaciteit maatschapp organisaties maatschapp organisaties versterkt capaciteit bevorder vrouwenrecht genderg seksuel reproductiev gezond recht srgr hiv toegang family planning geselecteerd land jaarlijk toenam modern contraceptiv prevalenc rat mcpr sdg goed gezond welzijn sdg zelfontplooi vrouw recht gemeenschapp maatschapp organisaties pleitbezorgingsnetwerk versterkt capaciteit bevorder seksuel reproductiev gezond recht rechtsord rechtstat ontwikkel mens toegang recht via juridisch instell formel informel grondrecht bescherm strafbar feit lat berecht geschill beslecht waarvan vrouw waarvan vrouw waarvan vrouw cumulatief sdg vreedzam inclusiev samenlev menselijk land vrijgegev gevolg humanitair ontmijningswerkzam migratie ontwikkel opvang bescherm regio mens informel training volgt person person sdg kwaliteitsonderwijs mens ondersteund ontwikkel inkomst generer activiteit person person sdg inclusiev duurzam groei international handel imvo indicator streefwaard international handel imvo indicator streefwaard thema resultaatgebied indicator streefwaard realisatie streefwaard sdg buitenland handel duurzam economisch ontwikkel handel invester bevorder mvo nederland bedrijfslev mvo nederland bedrijfslev aandel grot bedrijv oeso richtlijn multinational ondernem expliciet onderschrijft referentiekader tussenmet uitgevoerd rapportagejar sdg inclusiev duurzam groei sdg duurzam consumptie productie twed kamer vergaderjar xvii,"Colonial Exploitation, Slavery & Economic Inequality|Reparations and Remembrance|Modern & Everyday Racism",0.08,"[0.04378166611351189, 0.011265706380642209, 0.014744334916343403]","[True, True, True]","[True, True, True]","[0.08, 0.08, 0.08]","[1, 1, 1]",jaarverslag-bhos-2022.29.txt__0
beslisnota-s-bij-uitwerking-motie-schoolmaaltijden-en-motie-brugfunctionaris.3.txt,Policyarchive_text\beleidsnotas\2023\beslisnota-s-bij-uitwerking-motie-schoolmaaltijden-en-motie-brugfunctionaris\beslisnota-s-bij-uitwerking-motie-schoolmaaltijden-en-motie-brugfunctionaris.3.txt,2023,beslisnota-s-bij-uitwerking-motie-schoolmaaltijden-en-motie-brugfunctionaris,0,ruimt vull tak best pass specifiek context sluit bestaand ondersteuningsstructur schol schoolbestur subsidie period vanaf schooljar specifiek schol specifiek schol nauw overleg desbetreff schol vooraf selectiecriteria aanvrag subsidie zodat schoolbestur ruimt schat schol bestur meest bat brugfunctionaris schoolbestur ontvangt schol primair basis subsidieregel vast bedrag per zodat minimuminzet garander deelnem schol schol voortgezet budget per schol driemal hog per verwacht tak brugfunctionaris een een meegroei schol leerling indien sprak gekoz invester zet war nod hoogst daarom basis basisonderwijs sbo achteraf rangschik gemaakt schol geselecteerd hoogst scores eerst subsidieplafond berek schol per sector sbo geval onderuitput ene sector overinschrijv middel sector geschov zodat subsidie grotendel uitgeput schol subsidie ontvang verplicht gebruik subsidieverlen mee werk effectiviteit brugfunctionaris gedeeld veld evaluatie subsidieregel subsidieregel gefinancierd gericht kanseng miljard structurel beschik aflop regel wanner bekend bezien middel best inzet verdel bekost schol voorgenom planning draagvlak verbred inzet brugfunctionariss goed ervar vanuit bestaand initiatiev groning zaandam zutph pilot gka veldpartij positief initiatiev brugfunctionaris verbind schol thuis zorg ondersteun wijk versterk plek middel national programma geinvesteerd soortgelijk tijdelijk initiatiev gericht versterk ondersteuningsstructur verbind gemeent zorg schol klankbordgroep vertegenwoordiger veldpartij meegedacht subsidieregel veren gemeent ministeries vws szw actief betrok uitwerk regel zodat goed aansluit rol,"Colonial Exploitation, Slavery & Economic Inequality|Reparations and Remembrance|Modern & Everyday Racism",0.0842160193638078,"[0.006322645853698068, 0.01094003327509949, 0.011809649310788187]","[True, True, True]","[True, True, True]","[0.0842160193638078, 0.0842160193638078, 0.0842160193638078]","[1, 1, 1]",beslisnota-s-bij-uitwerking-motie-schoolmaaltijden-en-motie-brugfunctionaris.3.txt__0
uitgangspunten-cultuursubsidies-2025-2028.21.txt,Policyarchive_text\beleidsnotas\2023\uitgangspunten-cultuursubsidies-2025-2028\uitgangspunten-cultuursubsidies-2025-2028.21.txt,2023,uitgangspunten-cultuursubsidies-2025-2028,0,uitgangspunt cultuursubsidies motie led strien ruimt bied verkenn den tno publieksdata period miljoen gereserveerd werking gebied publieksonderzoek culturel creatiev sector versterk afgelop period middel projectmat via bovensectoral ondersteun instell digital transformatie geinvesteerd opzet coordiner taskforc samenwerkingsverband publieksdata inzicht kennis kund publieksdata sector vergrot samenwerk bevorder eerder genoemd advies digitaliser kan erkent rad cultur aanhoud belang publieksdata vergrot verbred bestend publieksbereik international gebied allerlei ontwikkel gaand red volgend fas structurel aanpak inzet middel nodig zodat kennisuitwissel samenwerk duurzam geborgd period miljoen publieksdata toegevoegd budget ondersteun instell digital transformatie twed kamer vergaderjar viii gewijzigd instell period gestimuleerd activiteitenplan gev digital strategie komend vier structurel ingezet digital technologie welk strak ontstat ruimt invester vernieuw aanbod ontwikkel innovatiev manier werk experimenter nieuw modell geeft invull eerder genoemd motie lid verkenn digital interactiev ruimt onlang presenteerd den kennisinstitut cultur digital transformatie opdracht uitgevoerd verkenn tno digital transformatie digital interactiev ruimt cultuursector verkenn beantwoordt behoeft dergelijk ruimt cultuuraanbod factor zoud drag slag daarvan lat zien instell digital matie slag daarin intensiever gan belangrijk daarbij initiatief komt vanuit sector zodat regie houd belangrijk sector adequaat ondersteund verder ontwikkel samenwerk voorkom versnipper initiatiev bevorder gelijk grot klein organisaties ligt tak den aangegev basis verkenn vervolgstapp gan zet structurel verhog budget verbred functie bovensectoral ondersteun instell digital matie biedt period ruimt sector hierbij optimal ondersteun geeft teven invull twed kamer vergaderjar,Reparations and Remembrance|Modern & Everyday Racism,0.1032730486653955,"[0.008640433228386405, 0.0034527426989376165, 0.05227014728201321]","[False, True, True]","[False, True, True]","[0.1032730486653955, 0.1032730486653955, 0.1032730486653955]","[0, 1, 1]",uitgangspunten-cultuursubsidies-2025-2028.21.txt__0
tk-beslisnota-bij-periodieke-rapportage-rechtshandhaving-hoofdlijnen-jvo-januari-2023.2.txt,Policyarchive_text\beleidsnotas\2023\tk-beslisnota-bij-periodieke-rapportage-rechtshandhaving-hoofdlijnen-jvo-januari-2023\tk-beslisnota-bij-periodieke-rapportage-rechtshandhaving-hoofdlijnen-jvo-januari-2023.2.txt,2023,tk-beslisnota-bij-periodieke-rapportage-rechtshandhaving-hoofdlijnen-jvo-januari-2023,0,directie europes international aangeleg datum kenmerk rechtshandhav verder uiteengezet verschill rijkswet onderl regel samenwerkingsovereenkomst land krachtenveld overleg vindt plat justitie aruba curaçao maart land ieder verantwoord eig justitiel aangeleg afsprak gemaakt jvo invloed inzet rechtshandhavingsket land koninkrijk strategie voorafgaand jvo verschill ambtelijk niveau samengewerkt wederpartij betrok land gezamen beoogd kom besprok jvo uitvoer afsprak gemaakt jvo zull uitgevoerd verschill daartoe bevoegd beleidsdirecties uitvoeringsorganisaties land koninkrijk implementatie war nodig jvo tussenrapportag gedeeld voortgang samenwerk volgend jvo plaatsvind maart verder implementatie verschill samenwerkingstraject besprok communicatie samenwerk gebied criminaliteitsbestrijd grot belang verwezen veilig samenlev land koninkrijk samenwerkingsinitiatiev zull gedeeld justitieel vierpartijenoverleg waarvan terugkoppel plaatsvindt twed kamer ontwikkel hiervor inzet samenwerk koninkrijk verschill beleidsterrein directie europes international aangeleg voorafgaand jvo afgestemd verantwoord beleidsdirecties hen betrok directies dienst departement gemaakt afsprak conform voorbereid informatie leent openbaarmak besluitenlijst opgesteld aanleid jvo conform afsprak betrok land reglement ord open gemaakt overeenstemm land open mak besluitenlijst kiest ervor twed kamer rapporter hoofdlijn besluitenlijst middel kamerbrief,Reparations and Remembrance|Modern & Everyday Racism,0.0983135384342608,"[0.012660207217220953, 0.015324404316969143, 0.00941980811688985]","[False, True, True]","[False, True, True]","[0.0983135384342608, 0.0983135384342608, 0.0983135384342608]","[0, 1, 1]",tk-beslisnota-bij-periodieke-rapportage-rechtshandhaving-hoofdlijnen-jvo-januari-2023.2.txt__0
jaarverslag-binnenlandse-zaken-2022.139.txt,Policyarchive_text\jaarverslagen\2023\jaarverslag-binnenlandse-zaken-2022\jaarverslag-binnenlandse-zaken-2022.139.txt,2023,jaarverslag-binnenlandse-zaken-2022,0,uitgesteld eerst analys afgerond leid vervolgstapp ervor zorg twed partij woordingsrapportag opgeleverd voorschottenbeher agentschapp voorschot bzk agentschapp rijk voldoend onderbouw monitor verbeter doorgevoerd process werkinstructies monitor daarmee verbetermaatregel opgezet geimplementeerd opnieuw dossieronderzoek directie financieel economisch zak fez auditdienst rijk adr gedan inzicht krijg werking verbeter aanvull dossieronderzoek later hieruit blijkt aangescherpt werkinstructies effect sprak parker begrotingsgeld geanalyseerd period kwaliteitsslag mak zodat proces verstrek voorschot agentschapp beter gemonitord beheerst vanaf nieuw tol ontwikkeld zorgt inzicht voorwaard afsprak voorschotverlen agentschapp automatiseringsslag loopt vertrag implementatie tussentijd totdat tol menteerd voorschot goed monitor werkt financieel beher tijdelijk checklist over aspect bedrijfsvoer onvolkom over aspect bedrijfsvoer beveil component beheert kenn onderligg component databases beveiligd ongeautoriseerd toegang wijzig dataverlies openstaand bevind auditdienst rijk opgelost specifiek vanuit verbeterproject harden voltooid harden mogelijk veiligheidsrisico eliminer verder gewerkt systematisch versterk stelsel intern control beheers implementatie control framework tweewek voortgang gerapporteerd management ict werking control framework geevalueerd doorontwikkeld rijksbred eind aangesteld volled richt oploss onvolkom lijn eerder gemaakt plan aanpak focus ligt vier beheerdomein satiebeher wijzigingsbeher beveil component recovery herhal proces richt inzicht geeft mat waarin rijksbred kader war eigenar geimplementeerd rijksbred inzicht vervolgen samenwerk tement verbeterplann stell betrek aanpass voer kader handreik inventarisatie gestart grot ict dienstverlener rijk vastgesteld genoemd mein set richtlijn process ingericht voldoend inzicht verschaff daarnaast geinventariseerd status bestaand kader process gerelateerd twed kamer vergaderjar vii,Reparations and Remembrance|Modern & Everyday Racism,0.0952786134680662,"[0.010861500383648227, 0.0016011913069369232, 0.01322883639798199]","[False, True, True]","[False, True, True]","[0.0952786134680662, 0.0952786134680662, 0.0952786134680662]","[0, 1, 1]",jaarverslag-binnenlandse-zaken-2022.139.txt__0
jaarrapportage-bedrijfsvoering-rijk-2022.60.txt,Policyarchive_text\jaarverslagen\2023\jaarrapportage-bedrijfsvoering-rijk-2022\jaarrapportage-bedrijfsvoering-rijk-2022.60.txt,2023,jaarrapportage-bedrijfsvoering-rijk-2022,0,gev speerpunt rond drie thema voorrang thema hart digital weerbar hecht grot waard open transparantie nem jbr daarom eerst cijfer afhandel informatieverzoek grond wet open bestur wet open vanaf lat zien hoevel verzoek per binnenkom afgehandeld vastgesteld termijn geeft iederen inzicht afhandel informatieverzoek vanaf mak bepaald categorieen kamerstuk inhoud beslisnota set beslisnota open vanaf prinsjesdag stuk kamer stur gat onderligg bewindsperson besluit verzend stuk beslisnota ging alternatiev belangrijk feit risico ker rij gezet juist beslisnota open mak lat zien besliss stand gekom ruim beslisnota kamer gestuurd uitvoer evaluer komend maand opnieuw aandacht bested informatiebeveil digital weerbar werkagenda routekaart digital weerbar opgesteld uitvoer routekaart gestart uitvoer werkagenda voorbereid start gemaakt uitvoer rijksbred samenwerk diver concret geleid cloudbeleid bijbehor tiekader vastgesteld oefen uitgevoerd hiermee toets digital weerbar via naboots cyberaanval daarnaast regulier stand zak departement gemonitord arbeidsmarkt momentel hel krap gebied waaran tekort verwacht rijk personeelstekort verder oploopt vraagt kort termijn versnell focus werving schar personel ook intern arbeidsmarkt behoud bestaand personel richt daarbij ander organiser werk opgavegericht grenzelos wendbar talentgericht goed stapp gezet beter inzicht plan aanpak hiervor vanaf uitvoer gewenst eindresultat inzicht drie zak status rijksbred verbeterplann ministeries benoemd beheerdomein war nodig verbeterplann vanuit cio rijk kader war cio rijk eigenar kamerstuk jaarrapportag bedrijfsvoer rijk,"Colonial Exploitation, Slavery & Economic Inequality|Reparations and Remembrance|Modern & Everyday Racism",0.0986440050415621,"[0.014848152837382023, 0.0028221900906686454, 0.015699216365224443]","[True, True, True]","[True, True, True]","[0.0986440050415621, 0.0986440050415621, 0.0986440050415621]","[1, 1, 1]",jaarrapportage-bedrijfsvoering-rijk-2022.60.txt__0
jaarverslag-vws-2022.73.txt,Policyarchive_text\jaarverslagen\2023\jaarverslag-vws-2022\jaarverslag-vws-2022.73.txt,2023,jaarverslag-vws-2022,0,pilot gestart maastricht daarnaast start gemaakt wetgevingstraject generiek voorzien digital identificatie authenticatie zorgverlener digital ondersteun aanpak digital ondersteuningsmiddel belangrijk crisisaanpak bijgedrag open openhoud samenlev acut fas crisis denk daarbij coronamelder coronacheck ggd contact stond tek bestend borg beher nem liseerd instrument daarnaast maakt huidig fas pandemie heroverweg nut noodzak proportionaliteit ment opportun coronamelder stopgezet ontmanteld daarenteg operationel zodat reiziger volgen digital corona certificat dcc ton ter ondersteun registratie vaccinaties ziekenhuiz melding vaccinatieregistratie rivm verstrek war automatisch verstrekt gemaakt digital middel brba zkvi hkvi belangrijk ontwikkel afgelop open sourc beschik stell kwetsbar analys tol kat per monitor dreiging baarheid system omgev vws ontwikkeld hierbov benoemd noodzak zolang applicaties gehandhaafd budgettair gevolg budgettair gevolg beleidsartikel bedrag vastgesteld verschil verplicht uitgav positie client transparantie zorg subsidies gehandicaptenorganisaties transparantie zorg over opdracht ondersteun clientorganisaties transparantie zorg over bijdrag agentschapp cibg opleid beroepenstructur arbeidsmarkt subsidies opleid beroepenstructur arbeidsmarkt over opdracht opleid beroepenstructur arbeidsmarkt bijdrag agentschapp twed kamer vergaderjar xvi,"Colonial Exploitation, Slavery & Economic Inequality|Reparations and Remembrance|Modern & Everyday Racism",0.0848528137423857,"[0.0064446614160660245, 0.0030368237655938684, 0.010752087145061064]","[True, True, True]","[True, True, True]","[0.0848528137423857, 0.0848528137423857, 0.0848528137423857]","[1, 1, 1]",jaarverslag-vws-2022.73.txt__0
jaarverslag-lnv-2022.73.txt,Policyarchive_text\jaarverslagen\2023\jaarverslag-lnv-2022\jaarverslag-lnv-2022.73.txt,2023,jaarverslag-lnv-2022,0,nieuw organisatiebesluit lnv directorat general realisatie transitie landelijk gebied rtlg per gestart aanleid rtlg richt ligt coalitieakkoord akkoord ingezet aanpak grot urgent maatschapp opgav rondom landbouw natur water klimat landelijk gebied rtlg regieorganisatie rijk provincies waterschapp gemeent stat stell kom succesvoll slagvaard uitvoer transitie landelijk gebied volgen national programma landelijk gebied nplg opgenom betrok over hierin een lat operer noodzak samenhang keuzes diver ruimtevrager daarvor volgend twee instrument ingezet regieorganisatie rtlg transitiefond transitiefond wetsvoorstel opricht transitiefond begrotingsfond bedoeld ingedi goedkeur begin verwacht zodat ingang verplicht uitgav ten last fond gedan transitiefond bekostigd nodig stikstofbelast natur terug dring evenal emissies broeikasgass landbouw landgebruik daarnaast hieruit gefinancierd bijdrag bescherm ontwikkel natur tijdig voldoen kaderrichtlijn water bijdrag verduurzam landbouw voorstel wijst natur stikstof fondsbeheerder twed kamer vergaderjar xiv,"Colonial Exploitation, Slavery & Economic Inequality|Reparations and Remembrance|Modern & Everyday Racism",0.0973328526784575,"[0.029776215342034604, 0.0048893460623866325, 0.004565871216719642]","[True, True, True]","[True, True, True]","[0.0973328526784575, 0.0973328526784575, 0.0973328526784575]","[1, 1, 1]",jaarverslag-lnv-2022.73.txt__0
jaarverslag-defensie-2022.75.txt,Policyarchive_text\jaarverslagen\2023\jaarverslag-defensie-2022\jaarverslag-defensie-2022.75.txt,2023,jaarverslag-defensie-2022,0,toegepast motivatie toereik dossiervorm verbeter behoeft hieran nodig aandacht bested materiel bedrijfsvoer norm materieelbeher defensie eenheid derd niveau kwaliteit beher materieelsoort opslagvorm minimal scor ten minst eenheid scor gehaald volgend categorieen voldan norm scor haakjes weergegev materieel central voorrad materieel inventaris oorzak voldoen norm ligg onvoldo uitvoer voorgeschrev beheermaatregel rondom geldig calibratiebewijz tijdig logistiek telplann bevind controles opgenom gemonitord via plann defensieonderdel central besprok adr gestart ten opzicht voorgaand grootschal materieelbeher kader wettelijk tak hierbij regulier monitor kwaliteit materieelbeher mkm controles diver eenheid alsmed cryptobeher onderzocht nalev voorgeschrev daarbij breder gekek mkm defensie gewerkt vervang huidig platform busines intelligenc verbeterd stuurinformatie waarin checklist ingevuld via platform geautomatiseerd pleegd verbetermaatregel gemonitord aanzien verbeter leid onvolkom central voorraadbeher munitie ondank ingezet verbeteracties afgelop constateert verantwoordingsonderzoek sted tekortkom munitiebeher daarnaast concludeert huidig proces gedrag hand werkt waardor veiligheidsrisico ontstan volgend vier aanbevel een eindverantwoord benoem verbeteracties gehel munitiedomein waarbij monitor structurel geborgd verbeteracties gesynchroniseerd eindverantwoord doorzettingsmacht verbeter bewerkstell functioner beheersmaatregel inventarisaties lat adr vanuit eig verantwoord goed intern beheers invull gev impact personeelstekort keuzes daarom gemaakt werkzam bezien administratiev last verminderd beeld toepass nieuw technologie munitiebeher doorlicht omvangrijk regelgev nut noodzak tegenstrijd teven hierbij aandacht bested twed kamer vergaderjar,Reparations and Remembrance|Modern & Everyday Racism,0.0805387266256829,"[0.007354200468068146, 0.003773680343530934, 0.021633557057897983]","[False, True, True]","[False, True, True]","[0.0805387266256829, 0.0805387266256829, 0.0805387266256829]","[0, 1, 1]",jaarverslag-defensie-2022.75.txt__0
jaarplan-2023-kustwacht-caribisch-gebied.30.txt,Policyarchive_text\jaarplannen\2023\jaarplan-2023-kustwacht-caribisch-gebied\jaarplan-2023-kustwacht-caribisch-gebied.30.txt,2023,jaarplan-2023-kustwacht-caribisch-gebied,0,kustwacht koninkrijk nederland gebied jaarplan samenwerk kustwacht maritiem schakel rechtshandhavingsket koninkrijk samenwerk partner ket zowel lokal organisaties regional international partner cruciaal efficient effectief intelligenc gestuurd politieoptred igp maritiem domein geldt toezichthoud tak dienstverlen tak search rescue sar behandelt samenwerk kustwacht onderverdeeld zowel samenwerk koninkrijk daarbuit samenwerk koninkrijk samenwerk kustwacht lokal handhavingspartner koninkrijk per land georganiseerd overleg vierhoeksoverleg overleg voorzitterschap betreff land planmat drie ker per bijeenkomt nem hoofd douan immigratiedienst kustwacht overleg richt verstev onderl samenwerk werkniveau bestat veelvuld contact ketenpartner waarbij kader justitieel beleidsplan aanvull accent operationel taakuitvoer aangegev directeur kustwacht geeft vervolgen operationel invull financiel kader verzoek lokal autoriteit specifiek gevall basis aanpass aanbreng ten aanzien operationel inzet open ministeries land koninkrijk primair verantwoord uitvoer justitiel ket aruba maart vierhoeksoverleg nadruk versterk maritiem buitengrenz relatie irregulier migratie agender gat daarbij intensiver samenwerk ketenpartner afgestemd integral effectiev inzet middel grip grenz verkrijg pakkan vergrot war mogelijk voorzien aanvull middel betreft kustwacht samenwerk praktijk uiting gebracht nauw overleg ketenpartner gezamen benoem verder concretiser bepaald focus basis focus plant voert kustwacht patrouilles periodiek acties curaçao kustwacht samenwerkingsconvenant douan vindt structurel bilateral overleg plat officier kustwacht hierin optred kustwacht samenwerk geevalueerd war nodig verbetervoorstell overeengekom kustwacht neemt diver informatie centra aruba curaçao maart hierin informatie gehel handhavingsket gedeeld kustwacht zet samenwerk ketenpartner voort breidt verder ingebruiknam multidisciplinair maritiem hub mmhb international samenwerk bestrijd terrorism grensoverschrijd drugscriminaliteit vuurwapensmokkel mensensmokkel mensenhandel irregulier immigratie gebied vereist nauw samenwerk regional international verband international samenwerk grot belang uitvoer dienstverlen tak algemen bijzonder koninkrijk grond bilateral regional international afsprak officier kustwacht portefeuill,Reparations and Remembrance|Modern & Everyday Racism,0.0850486511125124,"[0.004999406160768798, 0.014966427369839311, 0.01372672664796893]","[False, True, True]","[False, True, True]","[0.0850486511125124, 0.0850486511125124, 0.0850486511125124]","[0, 1, 1]",jaarplan-2023-kustwacht-caribisch-gebied.30.txt__0
advies-nav-146e-omt-covid-19.14.txt,Policyarchive_text\brieven\2023\advies-nav-146e-omt-covid-19\advies-nav-146e-omt-covid-19.14.txt,2023,advies-nav-146e-omt-covid-19,0,datum kenmerk biedt indruk mogelijk ernst uitbrak gebeurteniss oversterftecijfer eerder beschik wek gerapporteerd wek sterft doodsoorzak ongever maand vertrag gepubliceerd verschill onderzoeksgroep nader gedan inzicht krijg welk geregistreerd doodsoorzak del toe schrijv doorgemaakt recent gestart verhoogd mortaliteit langer termijn doorgemaakt infectie surveillanc bescherm vaccinatie primair vaccinatieprogramma bescherm ernstig verlop infecties monitor verschill kan ziekenhuisopnam groep verschill vaccinatiestatus ziekenhuisopnam individueel niveau gekoppeld landelijk monitoringsystem cim monitor relatiev risicoreductie vaccinatie vindt maandelijk plat belangrijk input vaccinatiebeleid verder gedan oorzak reden oversterft waarbij effect vaccinatie onderzocht cbs rivm blek populatieniveau vaccinatie geassocieerd verlaagd aanwijz verhoogd sterft oorzak kort vaccinatie informatie gan evaluatie vaccineffectiviteit infectie leidend huisartsbezoek gedan influenza zorg surveillanc ziekenhuisopnames bescherm vaccinatie ziekenhuiz nic gev will stopp registratie ziekenhuisopnames verpleegafdel eind griepseizoen vanweg hog registratielast nic ziekenhuisregistratie opnam verpleegafdel momentel complet voorhen lop ziekenhuiz gestopt registrer registreert ongever ziekenhuiz nic registratie zicht verander ernst nieuw variant beperkt nagegan verander incidentie ziekenhuisopnam leeftijd optred monitor bescherm vaccinatie ziekenhuisopnames mogelijk ziekenhuisopnames patientniveau combiner vaccinatiestatus waarbij vaccinatiestatus momentel via koppel cim gehaald meldplicht ziekenhuisopnames inclusief doorgift vaccinatiestatus genoemd mogelijk alternatief monitor ernstig ziekt evaluatie vaccinatieprogramma omt blijkt arbeidsintensief lastig realiser omt adviseert daarom system waarbij direct vanuit ziekenhuiz verzameld efficient mogelijk,"Colonial Exploitation, Slavery & Economic Inequality|Reparations and Remembrance|Modern & Everyday Racism",0.1083656738365754,"[0.002638994577266425, 0.001317611493816244, 0.0164582768654551]","[True, True, True]","[True, True, True]","[0.1083656738365754, 0.1083656738365754, 0.1083656738365754]","[1, 1, 1]",advies-nav-146e-omt-covid-19.14.txt__0
jaarverslag-financien-2022.140.txt,Policyarchive_text\jaarverslagen\2023\jaarverslag-financien-2022\jaarverslag-financien-2022.140.txt,2023,jaarverslag-financien-2022,0,douan douan werkt permanent contextuel ontwikkel handhavingsstrategie kader geeft handhavingsactiviteit handhavingsstrategie erop gericht gedrag relevant bedrijv zodan beinvloed zovel mogelijk zichzelf structurel regel nalev douan controleert daarnaast juistheid aangift administraties basis verleend vergunn douan gat compliant gedrag relevant bedrijv treedt adequaat situaties daarom med nalev verbeter geldend regelgev toegepast ruimt wet biedt houdt douan reken feit omstand individuel situaties douan periodiek overleg opdrachtgev ment handhavingsvrag bepal vingsniveau eig risicoanalys daarbij ingezet toegevoegd handhavingsniveau verwoord handhavingsplan douan richtinggev kaderstell plan uitvoer gericht controles afdek handhavingsrisico aanpak misbruik zovel mogelijk voorkom risico gemonitord handhav war nodig aangepast wendbar onvoorspel controleaanpak bevorder douan rapporteert jaarlijk opdrachtgever controles opbrengst uitzonder administratiev controles nagenoeg afgesprok controles douanerecht antidumpingheff invoer gerealiseerd ter compensatie controles invoer gedan juistheid invoeraangift belangrijk graadmeter fiscal regelnalev effectmet handhav betekent juist afdracht invoer verschuldigd belast vastgesteld juist invoeraangift stabiliseerd sanctiemaatregel rusland verwacht invloed controles aangift fiscal risico kleiner zending administratiev controles afgedekt exportkredietverzeker opvolg gev aanbevel beleidsevaluatie omkopingsbeleid voorjar taskforc opgericht bestaand ministeries financien buitenland zak uitvoerder atradius dutch stat busines adsb kabinet acht grot belang verzeker ord evaluatie partner complianc biedt goed aanknopingspunt verder versterk inmiddel hiertoe belangrijk stapp gezet komend tijd verder uitgewerkt strev zomer aanbevel omgezet staand teven voornem hierbij bedrijv maatschapp organisaties betrek via gesprek vormgev herziend zomer hierover kamerbrief verstuurd twed kamer vergaderjar,"Colonial Exploitation, Slavery & Economic Inequality|Modern & Everyday Racism",0.1109400392450458,"[0.005879676588751725, 0.0008455149342213691, 0.026204220540536467]","[True, False, True]","[True, False, True]","[0.1109400392450458, 0.1109400392450458, 0.1109400392450458]","[1, 0, 1]",jaarverslag-financien-2022.140.txt__0
jaarverslag-lnv-2022.21.txt,Policyarchive_text\jaarverslagen\2023\jaarverslag-lnv-2022\jaarverslag-lnv-2022.21.txt,2023,jaarverslag-lnv-2022,0,samenwerk landbouwer gepubliceerd acm empirisch inzicht gebod margeverdel wikkel ket regulier duurzam landbouwproduct publiceerd acm derd monitor kamerstuk coalitieakkoord afgesprok verwacht ketenpartij versterk positie boer lnv gestart voorbereid ketenaanpak verduurzam landbouw ketenaanpak mogelijk onderzocht inzet beleidsinstrument vergrot markt duurzam product financieel ondersteun boer dergelijk product lever ketenaanpak vervolg krijg landbouwakkoord war nodig aangevuld juridisch instrumentarium verduurzam veehouderij lnv stelt gefaseerd onderdel subsidiemodules brongericht verduurzam managementmaatregel sbv open veehouder hiermee innovatiev techniek managementmaatregel ontwikkel vervolgen breder toepass resulter verminder uitstot ammoniak methan geur fijnstof verbeter dierenwelzijn brandveil derd openstell innovatiemodul plaatsgevond gericht ontwikkel nieuw inzicht effectiviteit emissiearm stalsystem praktijk kamerstuk adviez kwartiermaker kamerstuk mak nodig opnieuw subsidieregel zodan kijk bezien verder openstell beid modules toekomst kom zien ondersteun innovatie wellicht vorm wenselijk daarnaast werkt lnv transitie system werk doelvoorschrift combinatie realisatie emissiedoel bedrijfsniveau lnv ondersteunt ontwikkel meettechniekenom concentraties stal emissies milieu vanuit bedrijfssystem bepal ontwikkel noodzak kom system basis doelvoorschrift lnv ziet belangrijk meerwaard samenwerk betrok partij benodigd versnell innovatie stalsystem behal werkt red opzet regieorgan kader marktprogramma verduurzam dierlijk productie partij ket samengewerkt pilot initiatiev duurzam dierlijk product vergrot duurzam diervoeder start gemaakt diervoedersector monitor duurzam diervoeder concret doelstell kom duurzaamheidscriteria komend monitor inzicht geeft voldoen besprok landbouwakkoord twed kamer vergaderjar xiv,Reparations and Remembrance|Modern & Everyday Racism,0.1125,"[0.0053389457361057435, 0.0023524384467745736, 0.013942766300075016]","[False, True, True]","[False, True, True]","[0.1125, 0.1125, 0.1125]","[0, 1, 1]",jaarverslag-lnv-2022.21.txt__0
jaarverslag-onderwijs-cultuur-wetenschap-2022.109.txt,Policyarchive_text\jaarverslagen\2023\jaarverslag-onderwijs-cultuur-wetenschap-2022\jaarverslag-onderwijs-cultuur-wetenschap-2022.109.txt,2023,jaarverslag-onderwijs-cultuur-wetenschap-2022,0,draagt scholingsregel ontwikkel vaardig deskund personel uitvoer national strategie digital erfgoed digital toegank erfgoed archiev collecties vergrot international cultuurbeleid inclusief homog international samenwerk international cultuurbeleid gezamen verantwoord ministeries ocw verwezenlijk ling period gekoz meerjar strategisch inzet land per land nader afsprak gemaakt betrok speler diplomatiek post rijkscultuurfonds cultur samenwerk uitvoer maatwerk per land cultur buitenlandprioriteit elkar verbond kabinet miljoen vrijgemaakt kunstenar oekrain gevlucht tijdelijk ondersteun uitoefen werkpraktijk kamerstuk vanuit ocw hiervor miljoen beschik gesteld middel rijkscultuurfonds regel steunfond oekraien maker opengesteld waarmee tenminst gevlucht kunstenar stat gesteld werkpraktijk tijdelijk voort zet evaluatie international cultuurbeleidskader kamerstuk twed kamer gestuurd daarnaast international cultuurbeleid kamerstuk gestuurd programma leesbevorder leesbevorder raakt portefeuilles activiteit gebied leesbevorder voortgezet komst nieuw kabinet ervor gekoz activiteit rondom leesoffensief ander richt schar gepresenteerd masterplan basisvaard structurel middel leesbevorder beschik vanaf aangekondigd meerjarenbrief cultur kamerstuk bibliothekenbrief kamerstuk verder ingegan essentie leesbevorder ondernem acties masterplan basisvaard extra budget beschik gesteld verder uitrol bibliothek schol grot nieuw schol lat aansluit programma uitgevoerd stichting lez creatiev industrie ten last budget uitgav gedan ten behoev creatiev industrie gebeurd samenwerk ezk kader topsectorenbeleid ocw draagt ontwikkel uitvoer innovatieagenda topteam creatiev industrie internationaliseringsagenda topteam daarnaast middel beschik gesteld ciplines architectur vormgev digital cultur samenwerk bzk architectuurprogramma gefinancierd actieprogramma ruimtelijk ontwerp kamerstuk twed kamer vergaderjar viii,"Colonial Exploitation, Slavery & Economic Inequality|Reparations and Remembrance|Modern & Everyday Racism",0.094475498594666,"[0.013118809407391014, 0.019835513320830934, 0.008753910412891195]","[True, True, True]","[True, True, True]","[0.094475498594666, 0.094475498594666, 0.094475498594666]","[1, 1, 1]",jaarverslag-onderwijs-cultuur-wetenschap-2022.109.txt__0
jaarverslag-binnenlandse-zaken-2022.23.txt,Policyarchive_text\jaarverslagen\2023\jaarverslag-binnenlandse-zaken-2022\jaarverslag-binnenlandse-zaken-2022.23.txt,2023,jaarverslag-binnenlandse-zaken-2022,0,handvat handel leider ligt ten grondslag werving selectie ontwikkel functies top rijk basis bred evaluatie kader organisaties zelfstand positie central verbeter gang gezet gestart rondom bestur central kamerstuk teven begonn voorbereid wet rijksinspecties kamerstuk kwalitatief hoogstaand rijksdienst integer sociaal veilig werkomgev essentieel belang gewerkt rijksdienst war ambtenar durv sprek vanuit eig vakgebied professionaliteit meldproces verhelderd rol positie vertrouwensperson versterkt gedragscod integriteit rijk gir geactualiseerd kamerstuk grot stapp gezet implementatie europes richtlijn bescherm klokkenluider wetsvoorstel wet bescherm klokkenluider twed kamer aangenom eind rijksbred arbeidsmarktcampagn land hand start gegan campagn benadruk werk impactvol diversiteit mogelijk biedt betreft ban functies maatschapp thema secundair arbeidsvoorwaard voorbereid toekomst mee kom digital transitie ambtenar nodig verstand informatievoorzien digitaliser ambtenar hierop voldoend toe rust aanbod webinar microlearn podcast verder uitgebreid ambtenar rijk bijgeschoold ambtenar gemeent provincies waterschapp inclusiev rijksdienst goed functioner samenkomst lend perspectiev achtergrond orientaties kennis belangrijk randvoorwaard rijk streeft inclusiev ganisatie diver samengesteld team werk hieran via training monitor communicatie interdepartemental netwerk training georganiseerd inclusief werv selecter voorkom biases coaching programma uitgevoerd ter verbeter culturel diversiteit dialog gevoerd culturel diversiteit inclusie rijksdienst wetgevingstraject voorbereid genderdiversiteit sub top sector bevorder teven traject gestart kom inclusiemonitor beter inzicht krijg effectiviteit interventies rijksdienst inclusiev werkgeverschap ziet plaats mens doelgroep banenafsprak passend functies roll zorg adequat begeleid war nodig sector rijk wettelijk twed kamer vergaderjar vii,Reparations and Remembrance|Modern & Everyday Racism,0.1392621247645582,"[0.019365706138896797, 0.0059042033138449555, 0.05580904287650641]","[False, True, True]","[False, True, True]","[0.1392621247645582, 0.1392621247645582, 0.1392621247645582]","[0, 1, 1]",jaarverslag-binnenlandse-zaken-2022.23.txt__0
uitgangspunten-cultuursubsidies-2025-2028.9.txt,Policyarchive_text\beleidsnotas\2023\uitgangspunten-cultuursubsidies-2025-2028\uitgangspunten-cultuursubsidies-2025-2028.9.txt,2023,uitgangspunten-cultuursubsidies-2025-2028,0,uitgangspunt cultuursubsidies eerlijk betal cod omschrev fair pay grot prioriteit geld beschik vanaf start nieuw miljoen beschik beter belon middel lat land war hardst nodig knelpunt oploss stap keuzes gemaakt instell leid productie vanuit sector uitgevoerd meerkost fair pay per deelsector daarvan najar start aanvraagprocedur verwacht basis gebruik verdel miljoen rijkscultuurfonds daarnaast roep over fair pay uitgangspunt nem belangrijk voorwaard fair pay afsprak sector onderdel bestan afsprak vorm cao honorariumrichtlijn zogenoemd ketentafel gewerkt dergelijk afsprak war zulk afsprak bepaald sector bestan rad adviseert aanhak tariefafsprak aanpal sector brief voortgang arbeidsmarktbeleid hierover inclusiviteit bred zin gelijkwaard belangrijk waard instell basisinfrastructur verantwoord voorbeeldfunctie instell help mak plann diversiteit inclusie monitor eig voortgang scan ontwikkeld instrument zelfevaluatie helpt culturel instell bepal war stan war stapp zet scan momentel doorontwikkeld goed mogelijk sluit behoeftes verschill aspect inclusie vernieuwd scan najar beschik belangrijk inzicht krijg ontwikkel organisaties doormak jaarlijk zull gesprek georganiseerd per deelsector elkar ler cod governanc bestat langer echter stapp zet recent bericht gedrag duidelijk mak goed goed bestur sted nodig aandacht daarbij hoort zorg open cultur ruimt ontwikkel groei medewerker zorg gezond veilig omgev maakt jaarlijk monitor goed goed bestur sted nodig aandacht,Reparations and Remembrance|Modern & Everyday Racism,0.1378294616049928,"[0.007004019328851401, 0.006023465676802833, 0.04588821528671978]","[False, True, True]","[False, True, True]","[0.1378294616049928, 0.1378294616049928, 0.1378294616049928]","[0, 1, 1]",uitgangspunten-cultuursubsidies-2025-2028.9.txt__0
jaarverslag-onderwijs-cultuur-wetenschap-2022.140.txt,Policyarchive_text\jaarverslagen\2023\jaarverslag-onderwijs-cultuur-wetenschap-2022\jaarverslag-onderwijs-cultuur-wetenschap-2022.140.txt,2023,jaarverslag-onderwijs-cultuur-wetenschap-2022,0,jaarreken departemental verantwoordingsstat departemental verantwoordingsstat cultur wetenschap viii bedrag omschrijv vastgesteld begrot realisatie verschil realisatie vastgesteld begrot verplicht uitgav ontvangstenverplicht uitgav ontvangstenverplicht uitgav ontvangst beleidsartikel primair voortgezet beroepsonderwijs volwasseneneducatie hoger wetenschapp international personeelsbeleid tegemoetkom onderwijsbijdrag schoolkost lesgeld cultur media wetenschapsbeleid emancipatie beleidsartikel onverdeeld apparat kerndepartement twed kamer vergaderjar viii,Reparations and Remembrance|Modern & Everyday Racism,0.095257934441568,"[0.014338497610209467, 0.011921606891756344, 0.0]","[False, True, True]","[False, True, True]","[0.095257934441568, 0.095257934441568, 0.095257934441568]","[0, 1, 1]",jaarverslag-onderwijs-cultuur-wetenschap-2022.140.txt__0
jaarverslag-buitenlandse-zaken-2022.59.txt,Policyarchive_text\jaarverslagen\2023\jaarverslag-buitenlandse-zaken-2022\jaarverslag-buitenlandse-zaken-2022.59.txt,2023,jaarverslag-buitenlandse-zaken-2022,0,teneind gewenst efficientieslag mak lenafsprak overeengekom financien zogenaamd huisvestingsfond afsprak vergelijk vorm verlengd daarbij afgesprok ontvangst verkop onroer goed buitenland later ingezet invester samenhang voorgenom bespar huisvest buitenland verduurzam huisvestingsportefeuill toegezegd wetgevingsoverleg jaarverslag buitenland zak hieronder opgenom onroer goed mutaties gemoeid middelenafsprak afgelop vijf uiteind opbrengst verkop afhank vastgoedmarkt betreff land saldo tering eur miljoen vastgoed invester aankop verricht eur miljoen eur miljoen vastgoed verkocht daarnaast middel kasschuif budget toegevoegd vooruitlop toekomst ontvangst opgenom regel opbrengst mutaties middelenafsprak bedrag eur miljoen stand aanvang begrotingsjar opbrengst invester aankop stand eind begrotingsjar betreft eur miljoen kasschuif inkomst verkop pand bogota port spain rabat invester bamako kabul juba tunis gerealiseerd verkop uitgav diver pand conform masterplan verkop lond khartoum uitgav ten behoev huisvest jakarta juba bagdad kaboel verwacht verkop lima san jos kiev seerd verkop vertraagd invester washington rabat ankara gerealiseerd verkop uitgav diver pand conform meerjarenplann verkop seoul invester sydney caracas atlanta bangalor wereldwijd veiligheidsproject inkomst verkop pand lagos daarnaast budget toegevoegd middel kasschuif vooruitlop toekomst ontvangst invester plaatsgevond conform meerjarenplann brussel lond milan beiroet kengetall personel kengetall personel realisatie realisatie personel loonkost departement gemiddeld bezet fte gemiddeld prijs eur toegelicht begrotingsbedrag eur loonkost post twed kamer vergaderjar,"Colonial Exploitation, Slavery & Economic Inequality|Reparations and Remembrance|Modern & Everyday Racism",0.0824621125123532,"[0.04631863802244588, 0.0010316602781655435, 0.007682208625956356]","[True, True, True]","[True, True, True]","[0.0824621125123532, 0.0824621125123532, 0.0824621125123532]","[1, 1, 1]",jaarverslag-buitenlandse-zaken-2022.59.txt__0
jaarverslag-justitie-2022.45.txt,Policyarchive_text\jaarverslagen\2023\jaarverslag-justitie-2022\jaarverslag-justitie-2022.45.txt,2023,jaarverslag-justitie-2022,0,tankautospuit aankop nieuw oefenobject kpcn uitbreid netwerkdek aansluit interpol belangrijk mijlpal opdracht taptolk budget taptolk betaald inhuurt beluister vertal verdacht budget werkzam betrek tolk vertaler structurel overgedrag daarmee volled verantwoord daadwerk voer administratie betal declaraties tolk vertaler kwaliteit arbeidsvoorwaard ict international samenwerkingsoperaties opdracht voert activiteit kader international politiesamenwerk uitzend riss international civiel missies operaties konink marechaussee kmar mak war mogelijk elkar faciliteit kmar gezamen liaisonnetwerk kmar levert eigenstand international werking draagt vanuit defensie uitzend samenwerk land koninkrijk versterkt hiermee voorzien ict voorzien vingsket koninkrijk diver bilateral international samenwerkingsproject uitgevoerd beher meldkamer voert beher verschill multisystem meldkamerorganisatie waaronder geintegreerd system gms gebruiker system nam brandwer ambulanc konink marechaussee douan voert beher governanc brengt mee sted vanuit multidisciplinair invalshoek integral afweg plaatsvind beschik budget system lat voldoen vereist vanuit regelgev technologisch ontwikkel vindt system continue wikkel plat medeover bijdrag kader kwaliteit politiezorg budget ondersteun meester rol adviesorgan kader politiewet twed kamer vergaderjar,Reparations and Remembrance|Modern & Everyday Racism,0.0816496580927726,"[0.010675391112126786, 0.011261297160581569, 0.016186363241637955]","[False, True, True]","[False, True, True]","[0.0816496580927726, 0.0816496580927726, 0.0816496580927726]","[0, 1, 1]",jaarverslag-justitie-2022.45.txt__0
jaarverslag-ienw-2022.193.txt,Policyarchive_text\jaarverslagen\2023\jaarverslag-ienw-2022\jaarverslag-ienw-2022.193.txt,2023,jaarverslag-ienw-2022,0,gedragscod opdrachtgeverschap central klachtenmeldpunt rws war potentiel afgewez opdrachtnemer opmerk klacht mogelijk onregelmat terecht afhank behandel klachtenmeldpunt contractuel toepass gedragscod integriteit rijk zet extern medewerker aanvull daarop uitgevoerd kwetsbar process verkenn uitgevoerd betaalproces rws med oog inventariser risico hiervor getroff beheersmaatregel opzet bestan blek rws verschill regel uitvoert betaalproces voldoend mat mogelijk fraud risico beperk geconstateerd proces efficienter ingericht periodiek analyses voer risico dubbel betal kerndepartement geldt financiel hoofdprocess factuurverwerk betaalproces subsidieproces onderverdeeld processtapp per processtap risico geinventariseerd waarop beheersmaatregel getroff specifiek war gat sico nam functiescheid control belangrijk beheersmaatregel geautomatiseerd controles betal uitvoer regel intern controles uitgevoerd jaarlijk gerapporteerd ienw voornemen verder analys voer gan kwetsbar beeld geval zull aanvull getroff baarheid beheers zwaartepunt analys ligg jaarreken bewust onttrek middel verstrek verkeerd voorstell zak misbruik oneigen brief twed kamer uitleg verstrekt waarom prorail dienst reiziger strijd aanbestedingswet tijdelijk doorgat prestatiegericht onderhoud mogelijk leid leverklar subsidieverantwoord exploitatie onderhoud vernieuw controleverklar toegevoegd verzoek vaststell subsidie accountant prorail werkt conform departement prorail vast stell nieuw tocol waarin accountant gevraagd rapporter nalev aanbestedingsregel conform handleid subsidiecontroles subsidy community nba vastgesteld publicatie contractwijz grond aanbestedingswet desbetreff contractwijz gepubliceerd gevolg verbeterprogramma inkoopbeher rws begin wijzig doorgevoerd sap waarbij wijzigingsgrond vanuit aanbestedingswet zichtbar gemaakt basis hiervan inzicht verkreg contractwijz grond genoemd gepubliceerd basis hiervan rws beslot twed kamer vergaderjar xii,"Colonial Exploitation, Slavery & Economic Inequality|Reparations and Remembrance|Modern & Everyday Racism",0.1181757895737503,"[0.0036018895605271902, 0.0006390791909610818, 0.02632012547120176]","[True, True, True]","[True, True, True]","[0.1181757895737503, 0.1181757895737503, 0.1181757895737503]","[1, 1, 1]",jaarverslag-ienw-2022.193.txt__0
jaarverslag-vws-2022.14.txt,Policyarchive_text\jaarverslagen\2023\jaarverslag-vws-2022\jaarverslag-vws-2022.14.txt,2023,jaarverslag-vws-2022,0,aanpak opgroei kansrijk omgev geeft gemeent effectiev manier handvat alcohol tabak drug jonger voorkom welbevind jonger verbeter daarnaast verschill aanpak gericht ouder werknemer zwanger vrouw jonger verband vroegsignaler alcoholproblematiek doorontwikkeld will rookvrij generatie bereik slot rookruimtes bedrijv tabaksautomat verbod stapp gezet rookwar via internet per verkop supermarkt per reclameverbod aangescherpt regel gesteld verhittingsapparat uiter sigaret campagnes pur rookvrij stoptober stimuler stopp rok drugsgebruik nooit risico red zet verminder voorkom drugsgebruik daarom bred preventie aanpak opgesteld richt meerder mingsfactor aanvull preventie aanpak drie gevar groep nieuw psychoactiev stoff nps een ker verbod nieuw lijst opiumwet per verbod lachgas kracht gezond omgev leefstijl belangrijk elk leeftijdsgroep jonger kinder via schol bereik diver campagnes ingezet fit manier jonger gezond gewicht aanpak jogg gezond schol special heroes gesteg gemeent sluitend ketenaanpak kind gezonder gewicht kinder overgewicht obesitas gestart daarmee gemeent meedoet gezond omgev strekt zorgsector uiter gezond aanbod gerealiseerd patient medewerker daarom ziekenhuiz zorginstell aangeslot goed zorg proef werk actief voedingsconcept basis richtlijn gezondheidsrad vaardig preventie omvat voorkom ziektes vaccinaties vroegtijd opspor aandoen jongen vaccinatie hal uitgenodigd prik eind voorbereid jarig start gegan daarnaast griepvaccinatie nieuw doelgroep aangebod zwanger vrouw vaccinaties gebat goed vertrouw bevolk daarom aanpak vol vertrouw vaccinaties twed kamer aanpak richt bewak versterk vertrouw vaccinatie goed voorlicht betrek professional laagdrempel aanbod vaccinaties beslot rotavaccin vanaf gratis zuigel bied begonn voorbereid implementatie neonatal kamerstuk jogg kind gezonder gewicht kamerstuk kamerstuk kamerstuk twed kamer vergaderjar xvi,"Colonial Exploitation, Slavery & Economic Inequality|Reparations and Remembrance|Modern & Everyday Racism",0.0852133002099045,"[0.011038143247460695, 0.0011242506490168121, 0.020734323443914168]","[True, True, True]","[True, True, True]","[0.0852133002099045, 0.0852133002099045, 0.0852133002099045]","[1, 1, 1]",jaarverslag-vws-2022.14.txt__0
beslisnota-bij-kamerbrief-verkenning-financiering-monumentenzorg.1.txt,Policyarchive_text\beleidsnotas\2023\beslisnota-bij-kamerbrief-verkenning-financiering-monumentenzorg\beslisnota-bij-kamerbrief-verkenning-financiering-monumentenzorg.1.txt,2023,beslisnota-bij-kamerbrief-verkenning-financiering-monumentenzorg,0,ter onderteken scm kamerbrief verkenn financier monumentenzorg aanleid hierbij ontvangt kamerbrief verkenn financier monumentenzorg vanweg inhoud samenhang belang brief tegelijk beleidsreactie beleidsdoorlicht erfgoed zowel eerst twed kamer aanbiedt brief uiter verzond geagendeerd commissiedebat erfgoed geadviseerd besluit akkoord verzend bijgaand brief tegelijk beleidsreactie beleidsdoorlicht erfgoed eerst twed kamer kernpunt hoofdlijnenbrief cultur aangekondigd verkenn kwaliteit samenhang stabiliteit financieringsstelsel monumentenzorg versterkt vernieuw vorm krijg afgelop wgo cultur toegezegd kamer zomer informer voortgang traject beleidsdoorlicht erfgoed eerder evaluaties blijkt monument algemen zin goed stan uitdag toekomst datzelfd geldt financieringsstelsel monumentenzorg brief zet uiten financier onderhoud restauratie herbestemm verduurzam monument ingericht legt verkenn gehel financieringsstelsel monumentenzorg tijd kost bruikbar vraagt zorgvuld analyses afweg vooral uitgebreid dialog veld verkenn onderscheid gemaakt onderdel waarvor kort termijn actie mogelijk noodzak onderdel waarvor tijd nodig beschrijft per instrument stapp gezet nodig basis eerst bevind verkenn neemt concret zie hieronder betrekt vervolg verkenn koninkrijk betrekt vervolg verkenn kerkenvisies informeert kamer vervolgstapp erfgoed kunst datum referentie intern ocw afgestemd fez interdepartemental afgestemd fin bzk ezk,"Colonial Exploitation, Slavery & Economic Inequality|Reparations and Remembrance|Modern & Everyday Racism",0.0964836302648843,"[0.0016560516555366234, 0.041089434427825575, 0.02938649875627774]","[True, True, True]","[True, True, True]","[0.0964836302648843, 0.0964836302648843, 0.0964836302648843]","[1, 1, 1]",beslisnota-bij-kamerbrief-verkenning-financiering-monumentenzorg.1.txt__0
jaarverslag-ienw-2022.24.txt,Policyarchive_text\jaarverslagen\2023\jaarverslag-ienw-2022\jaarverslag-ienw-2022.24.txt,2023,jaarverslag-ienw-2022,0,lidstat afgerond werkplan krw afgelop zomer opgesteld bestur partner besprok daarnaast plan aanpak evaluatie kaderrichtlijn water zomer vastgesteld actief deelgenom procedures europes hof justitie uitleg krw lat sluit praktijk vanaf zomer inzet gepleegd landbouwdossier verbind derogatie grondgebond melkveehouderij perspectief landbouw daarnaast vastgesteld inzet onderhandel aanpass verschill europes waterrichtlijn start gemaakt actualisatie beheerplann waarbij voortouw loopt eerst fas ibo biodiversiteit inmiddel noordzee programma noordzee pnz daarin programma kaderrichtlijn marien strategie krm voorjar national waterprogramma vastgesteld kamer verzond programma noordzee beschrijft sted drukker wordend noordzee legt afsprak rijk vast ruimtelijk orden zee hiervan aanwijz voldoend windenergiegebied realisatie windpark opgesteld vermog hiermee levert programma essentiel bouwsten energietransitie programma noordzee geeft invull afsprak noordzeeakkoord noordzeeoverleg waarin rijk holder consensus gericht overleg voer noordzeebeleid speeld belangrijk rol voorbereid voortgangsrapportages nzo hierover gedeeld twed kamer oog baarheid infrastructur noordzee coordineert interdepartemental samenwerk verbeter bescherm daarvan manifest maatschapp verantwoord opdrachtgever inkop eind manifest maatschapp verantwoord gev inkop mvoi period deelnemer ondertek mvoi zorgt ervor nam over koopkracht inzet lever drag maatschapp versnell transitie neutral circulair samenlev vergrot kans mens afstand arbeidsmarkt vergrot biodiversiteit versterk international social voorwaard opdrachtgever inkop reken houd drag over eig crer marktvrag product dienst waardor marktpartij gestimuleerd social duurzam product dienst ontwikkel infrastructur waterstat actieplan gepubliceerd waarin acties ambities inkoopproces maatschapp impact mak vastgelegd period randvoorwaard effectief extra aandacht uitvoer handhaf infrastur waterstat afgelop ingezet aandacht uitvoer handhaf structurel lat beleidsontwikkel uitwerk regeerakkoord nadruk aandacht twed kamer vergaderjar xii,"Colonial Exploitation, Slavery & Economic Inequality|Reparations and Remembrance|Modern & Everyday Racism",0.0808745799025788,"[0.01009639893256399, 0.014119119083277624, 0.015246759020693237]","[True, True, True]","[True, True, True]","[0.0808745799025788, 0.0808745799025788, 0.0808745799025788]","[1, 1, 1]",jaarverslag-ienw-2022.24.txt__0
jaarverslag-szw-2022.199.txt,Policyarchive_text\jaarverslagen\2023\jaarverslag-szw-2022\jaarverslag-szw-2022.199.txt,2023,jaarverslag-szw-2022,0,omschrijv stand zak graf uitvoeringsorganisaties aandring jaarverslag opnem top drie gesignaleerd problem uitvoer aanpak daarvan kamerstuk via individuel stand uitvoer knelpunt per uitvoeringsorganisatie toezichthouder domein inzicht relevant ontwikkel goed gat extra aandacht behoeft war burger ondernemer knel kom knellend regelgev dienstverlen inachtnem aangenom motie graf gekoz apart aangeslot bestaand product jaarverslag gewijzigd graf jaarlijk zakenbrief omtrent aanbevel kamerstuk toegezegd kamer jaarlijk per brief hoogt houd voortgang programma wau werkagenda dienstverlen tcu daarbinn meegenom optrek vermogensgrenz kwijtscheld lokal belast kamerstuk bzk voorziet zomer nieuw regel kwijtscheld lokal belast publicer hierin gevolg motie mogelijk verhog vermogensgrenz grenz geintroduceerd uitvoer maatschapp sociaal domein kamerstuk moment lop meerder potentiel bred bat activer cpb basis experiment participatiewet gekek mogelijk bred bat terrein gezond schuld eind gepubliceerd daarnaast opdracht meerder departement gestart financieringsconstructies sociaal domein slot spor traject balan experimenteerartikel uitgebreid waardor toekomst experiment breder gekek enkel uitstrom werk motie raakt gewijzigd motie palland verkenn wijz inzet bijstandsgeld begeleid scholing mens bijstand effectief verantwoord jong bestaand social werkvoorzien inzet realiser beschut werk kamerstuk reactie loopt mee brief beschut werk voorjar nodig toekomstbestend social ontwikkelbedrijv kamerstuk motie uitgevoerd kamerstuk kamer toegelicht gebeurt kamer gecommuniceerd gevraagd inschat voorjar afgerond kamer toegezegd twed derd kwartal volgend kamer informer voorstat randvoorwaard daarbij hor planning gewijzigd onafhank medisch oordel financieel toegankelijker ziek werknemer kamerstuk nagedacht aanpak informatie opgehaald uwv rechtsprak baarl aankaart situaties waarin uitkeringsgerechtigd vanweg financieel achteruit gegan kamerstuk gesprek baarl gevraagd uwv voorlicht klant verder uitbreid szw via nota geinformeerd verzoek gevraagd besluit verder extra voorlicht opgepakt planning half kent protocol waarbij moeilijk objectiver ziektes uwv keuring erkend serieus genom kamerstuk zie teven positionpaper verschill patientenorganisaties langdur zorg sport brief zorgmedewerker langdur klacht kamer gestuurd daarin stat mogelijk effectiviteit opstell protocol moeilijk objectiver ziekt hierbij vel partij betrok uwv verzekeringsarts patientenorganisaties szw voorjar nader informer hiervan plan aanpak volgend,"Colonial Exploitation, Slavery & Economic Inequality|Reparations and Remembrance|Modern & Everyday Racism",0.1035676444805047,"[0.0031206604918234014, 0.0029282725770128823, 0.019831617060267183]","[True, True, True]","[True, True, True]","[0.1035676444805047, 0.1035676444805047, 0.1035676444805047]","[1, 1, 1]",jaarverslag-szw-2022.199.txt__0
jaarplan-2023-kustwacht-caribisch-gebied.40.txt,Policyarchive_text\jaarplannen\2023\jaarplan-2023-kustwacht-caribisch-gebied\jaarplan-2023-kustwacht-caribisch-gebied.40.txt,2023,jaarplan-2023-kustwacht-caribisch-gebied,0,kustwacht koninkrijk nederland gebied jaarplan raming land weergegev onderstaand verdeelsleutel personel uitgav materiel uitgav opdracht instandhoud materieel dmf instandhoud infra dmf instandhoud dmf botoc exploitatie land bedrag ontwerpbegrot raming invester onderstaand subparagraf weergegev exploitatie uitgav raming kustwacht bedrag invester lang termijn plan materieel regulier ten behoev exploitatie land concret afsprak gemaakt financier invester volgt draagt vanaf jaarlijk excl prijsbijstell miljoen land aruba bestuursakkoord ingestemd jaarlijk miljoen vanaf land curaçao bestuursakkoord ingestemd jaarlijk miljoen vanaf land maart bestuursakkoord ingestemd jaarlijk miljoen budget vervangingsinvester bijdrag land plus curaçao behoeftestell period kader investeringsbehoeft eerst nieuw opgemaakt budgetcategorie personel uitgav kwcarib instandhoud infrastructur instandhoud opdracht kwcarib instandhoud materieel materiel uitgav kwcarib botoc,Reparations and Remembrance,0.0899954085146515,"[0.009152066614827217, 0.013046325572876093, 0.0007784334871600309]","[False, True, False]","[False, True, False]","[0.0899954085146515, 0.0899954085146515, 0.0899954085146515]","[0, 1, 0]",jaarplan-2023-kustwacht-caribisch-gebied.40.txt__0
jaarverslag-ezk-2022.17.txt,Policyarchive_text\jaarverslagen\2023\jaarverslag-ezk-2022\jaarverslag-ezk-2022.17.txt,2023,jaarverslag-ezk-2022,0,windpark daarbij zull groter gebied verder zee benut productie elektriciteit waterstof windenergie zee ten slot meerder tender plaatsgevond exploitatie windenergiegebied holland kust west kavel holland kust west kavel vii twee windpark beid capaciteit ten minst zull hernieuw elektriciteit producer overheidssubsidie netbeheerder tennet gat twee platform stopcontact zee twee netaansluit gebied plaats windpark verbind elektriciteitsnet ondernem ezk stat ondernem vol vernieuwer toekomstbouwer vestigingsplat mkb innovatiev starter grot productiev international bedrijv dynamisch waarin innovatiev oploss kom nieuw technologieen toe pass effectief schal onbek gan erop gericht ondernemer ruimt gev vernieuw kom belangrijk speerpunt ezk ondernemingsklimat vanweg grot rol bedrijv spel onz welvaart bedrijv behoud koester aantrek tal beleidsterrein rak ondernemingsklimat ezk wer stapp gezet ezk gevoerd innovatie jag economisch borg industrie mkb lat bloei regional ontwikkel stimuler ondernemingsklimat strategisch agenda ondernemingsklimat ezk zet versterk ondernemingsklimat betekent basis ord houd keuz extra inzet kabinet stimuler bedrijfsactiviteit substantieel bijdrag digitaliser verduurzam weerbar onz economie agenda acties genoemd inzicht ling ondernemingsklimat verdiep strategisch uitgangspunt uiteengezet acties bepal factor ondernemingsklimat omschrev ezk monitor ondernemingsklimat impacttoet national kopp europes regelgev uitwerk toet ten behoev besluitvormingsproces kabinet inzicht mak vertal verhoudt vergelijk europes land effect hiervan onz rentiepositie innovatie innovatie draagt oploss maatschapp uitdag belangrijk aanjager productiviteitsgroei levert grot onz concurrentiekracht missiegedrev kamerstuk twed kamer vergaderjar xiii,"Colonial Exploitation, Slavery & Economic Inequality|Reparations and Remembrance|Modern & Everyday Racism",0.0946791604646704,"[0.029124235216411772, 0.006662251925126869, 0.007206228347806402]","[True, True, True]","[True, True, True]","[0.0946791604646704, 0.0946791604646704, 0.0946791604646704]","[1, 1, 1]",jaarverslag-ezk-2022.17.txt__0
jaarverslag-onderwijs-cultuur-wetenschap-2022.5.txt,Policyarchive_text\jaarverslagen\2023\jaarverslag-onderwijs-cultuur-wetenschap-2022\jaarverslag-onderwijs-cultuur-wetenschap-2022.5.txt,2023,jaarverslag-onderwijs-cultuur-wetenschap-2022,0,gerealiseerd ontvangst verdeeld beleidsartikel miljoen primair voortgezet middel beroepsonderwijs volwasseneneducatie hoger beroepsonderwijs wetenschapp international personeelsbeleid studiefinancier tegemoetkom onderwijsbijdrag schoolkost lesgeld cultur media wetenschapsbeleid emancipatie onverdeeld apparat kerndepartement twed kamer vergaderjar viii,Reparations and Remembrance|Modern & Everyday Racism,0.098058067569092,"[0.020663974355953463, 0.011475702267987917, 0.0]","[False, True, True]","[False, True, True]","[0.098058067569092, 0.098058067569092, 0.098058067569092]","[0, 1, 1]",jaarverslag-onderwijs-cultuur-wetenschap-2022.5.txt__0
jaarverslag-defensie-2022.104.txt,Policyarchive_text\jaarverslagen\2023\jaarverslag-defensie-2022\jaarverslag-defensie-2022.104.txt,2023,jaarverslag-defensie-2022,0,skd stichting konink defensiemusea skd draagt zorg beher museal collectie defensie national militair museum nmm mariniersmuseum marinemuseum museum marechaussee stelt daarnaast ten bezoeker hand uiteenlop activiteitenaanbod vast tijdelijk exposities inzicht lat verwerv betekenis krijgsmacht onz samenlev heden verled toekomst nlvi nederland veteraneninstitut nlvi rechtsperson wettelijk tak voert tak gebied veteranenwelzijn geeft uitvoer veteranenbeleid stat beschrev veteranenwet nlvi ontstan dankzij samengan zes organisaties organisatiedel wet stichting institut stichting basis stichting veteranendag nlvd programmabureau landelijk zorgsystem veteran lzv zorgcoordinatie algemen burger pensioenfond abp coordinatie nuldelijnsondersteun veteranenplatform twed kamer vergaderjar,Reparations and Remembrance|Modern & Everyday Racism,0.1006230589874905,"[0.011749169369471091, 0.039456628020444334, 0.005029427382766499]","[False, True, True]","[False, True, True]","[0.1006230589874905, 0.1006230589874905, 0.1006230589874905]","[0, 1, 1]",jaarverslag-defensie-2022.104.txt__0
jaarverslag-binnenlandse-zaken-2022.141.txt,Policyarchive_text\jaarverslagen\2023\jaarverslag-binnenlandse-zaken-2022\jaarverslag-binnenlandse-zaken-2022.141.txt,2023,jaarverslag-binnenlandse-zaken-2022,0,pas toe leg forum standaardisatie bzk stimuleert rijksbred publicatie open sourc softwar neming wet beleidsregel omtrent privacy liging informatiehuishoud daarnaast bzk verder gewerkt bevorder ord breng open standaard beveil domein email daarnaast inmiddel meerder broncodes gepubliceerd bzk github betaalgedrag rijksbred norm betal handelsfactur dertig dag ontvangst factur betaald bedraagt percentag tijdig betaald factur tement stijging ten opzicht aivd qua tijd betaald factur norm geblev daling ten opzicht ervor komt langdur onderbezet financiel administratie drukkend effect gehad snell verwerk factur onderstaand bevat betaalcijfer agentschapp cijfer gedaald ten opzicht organisaties vorig hal norm volgt cijfer lager norm betaalgedrag agentschapp organisaties betaalpercentag ubr fmh rvb logius dhc rvig voldan norm eerst hoofdoorzak hal norm problem communicatie dienstverlen uitvoerder betal grip krijg specifiek afdel ict leiding genom contact uitvoerder ubr norm gehaald ten opzicht grot verbeter vanuit programma vernieuw ubr gewerkt vervang inkoopsystem inkop modul liv gegan daarmee beoogd voordel betaalgedrag beperkt geblek valt betaalgedrag fmh norm komt doordat relatief factur automatisch match gemaakt inkooporder extra controles uitgevoerd keerd inkooporder medewerker erop gewez snel mogelijk handel twed kamer vergaderjar vii,"Colonial Exploitation, Slavery & Economic Inequality|Reparations and Remembrance|Modern & Everyday Racism",0.0948683298050513,"[0.022995250896288937, 0.0006814037094757964, 0.025203945618997244]","[True, True, True]","[True, True, True]","[0.0948683298050513, 0.0948683298050513, 0.0948683298050513]","[1, 1, 1]",jaarverslag-binnenlandse-zaken-2022.141.txt__0
jaarplan-2023-kustwacht-caribisch-gebied.39.txt,Policyarchive_text\jaarplannen\2023\jaarplan-2023-kustwacht-caribisch-gebied\jaarplan-2023-kustwacht-caribisch-gebied.39.txt,2023,jaarplan-2023-kustwacht-caribisch-gebied,0,kustwacht koninkrijk nederland gebied jaarplan investeringsbudget kader ltp dlp incl land voorstel herfaser vervang waldetectiecapaciteit walradar bovenwind restant beschik budget invester bedrag financier exploitatie uitgav land koninkrijk drag gezamen uitgav kustwacht conform rijkswet kustwacht volgen verdeelsleutel aruba curaçao maart uitgav luchtverkenningscapaciteit lvc exploitatie steunpunt hato inclusief personel afwijk verdeelsleutel volled gefinancierd verder geldt financier lang termijn plan personel botoc volled gedrag onderstaand gev relatie begrot financier land wer conform verdeelsleutel verdeeld land land betal achteraf basis feitelijk realisatie raming land verdeelsleutel verdeelsleutel over land aruba curaçao maart over land raming uitgav kustwacht raming land exploitatie uitgav bedrag total procentuel verdel land weergegev onderstaand procentuel verdel kustwacht land,"Colonial Exploitation, Slavery & Economic Inequality|Reparations and Remembrance|Modern & Everyday Racism",0.1149977816999891,"[0.001966195601325638, 0.01667766417260414, 0.002239165622025854]","[True, True, True]","[True, True, True]","[0.1149977816999891, 0.1149977816999891, 0.1149977816999891]","[1, 1, 1]",jaarplan-2023-kustwacht-caribisch-gebied.39.txt__0
jaarverslag-koninkrijksrelaties-2022.24.txt,Policyarchive_text\jaarverslagen\2023\jaarverslag-koninkrijksrelaties-2022\jaarverslag-koninkrijksrelaties-2022.24.txt,2023,jaarverslag-koninkrijksrelaties-2022,0,implementatie mensenrechtenverdrag aanleid advies adviesrad international stuk rijksministerrad toegezegd jaarlijk via memorie ontwerpbegrot informer voortgang uitvoer drag koninkrijk kamerstuk aangezien jaarverslag afspiegel ontwerpbegrot jaarverslag aandacht bested ten aanzien implementatie vindt samenwerk plat bestaand vertegenwoordiger vier land koninkrijk betreff werkt lijst waarop zev mensenrechtenverdrag opgenom land koninkrijk wacht uitvoer lijst begrotingsbehandel ontwerpbegrot twed kamer gedeeld volledigheidshalv lijst hieronder ker weergegev mensenrechtenverdrag een verdrag afgelop tair koninkrijk bekrachtigd werking getred wet facultatief protocol inzak verkop kinder kinderprostitutie kinderpornografie verdrag inzak recht kind curaçao verdrag eerder bekrachtigd werking getred europes aruba begrotingsjar hop land concret vorder boek mentatie enkel mensenrechtenverdrag werklijst schematisch mensenrechtenverdrag verdrag titel nederland totstandkom werking koninkrijk ratificatie werking medegeld wenselijk uitvoeringswetgev verdrag betreff burgerrecht aspect international ontvoer kinder nodig curaçao nodig maart nodig europa facultatief protocol inzak verkop kinder kinderprostitutie kinderpornografie verdrag inzak recht kind curaçao maart nodig europa facultatief protocol verdrag folter wred onmens onter behandel bestraff nodig curaçao nodig maart nodig status onbek europa verdrag rad europa inzak bestrijd mensenhandel aruba curaçao nodig maart nodig status onbek twed kamer vergaderjar,"Colonial Exploitation, Slavery & Economic Inequality|Reparations and Remembrance|Modern & Everyday Racism",0.100227531579703,"[0.01593351950468982, 0.018565360205271053, 0.007514789696761489]","[True, True, True]","[True, True, True]","[0.100227531579703, 0.100227531579703, 0.100227531579703]","[1, 1, 1]",jaarverslag-koninkrijksrelaties-2022.24.txt__0
jaarverslag-defensie-2022.123.txt,Policyarchive_text\jaarverslagen\2023\jaarverslag-defensie-2022\jaarverslag-defensie-2022.123.txt,2023,jaarverslag-defensie-2022,0,toezegg voortgang defensie actualiseert regelgev betrek ler voorvall opdat structurel verbeterd nee basis risicomatrix hand zijnd nieuw intern regelgev toeziet integral risicomanagement proces learning incident ontwikkeld proces inzicht bied voorvall proces huidig intern voorvalcommunicatie safety observation safety flashes lesson learned gestructureerd vastgelegd wanner mogelijk risico less voorvall geinformeerd proces learning incident geimplementeerd nadat nieuw intern regelgev integral risicomanagement gepubliceerd defensie evalueert proces geidentificeerd risico gebruiker vergelijk materieel past proces basis evaluatie nee bovengenoemd statusupcat geldt toezegg defensie werkt uitvoer geidentificeerd risico voorvalonderzoek leverancier fabrikant nader instructie nee defensieonderdel gevraagd toezegg implemeter risico grensverlegg activiteit overlijd militair civiel parachutespr teug kamerstuk realiser defensiebred richtlijn gva gedan opstell cds gva nee verwacht defensiebred richtlijn grensverlegg activiteit vastgesteld opstell raamovereenkomst civiel partner waarbij intern kenniscentra expert betrok nee verwacht defensiebred richtlijn grensverlegg activiteit vastgesteld raamovereenkomst aanwez opgesteld nadat richtlijn vastgesteld richtlijn kader eis stelt civiel partij duikongeval mijnenbestrijdingsoperatie zierikzee kamerstuk norm waaran duikmedisch afvoer behandel voldoen defensie vastgelegd instructie werk overdruk iwod kracht iwod vervang instructie duikarbeid defensie instructie duikarbeid defensie wederom norm medisch ket duikongevall vastgelegd nee instructie duikarbeid defensie militair duikautoriteit vastgesteld gebruikershandleid omtrent opnem registrer risicovoll duik opgenom gebruikershandleid verwacht toegevoegd risico bsb opleid kamerstuk defensie gat opleid ontbreekt stelt concret plan tekortkom herstell daarbij prioriteit opleid war risico evident hoger bsb nee uitvoer voorbeeld voortgang ceag ltc kmar getoetst ltc begin toetsingsrapport ontvang verbetert war nodig defensie zorgt voldoend personel ondersteun opstell opleid process leertak maakt helder beschrijv instructies procedures stelt formel vast nee kmar gevraagd prioriteit zorg vulling veiligheidsfuncties opleid functionariss lastig goed opgeleid veiligheidskund vacatures vind functies vacant functionariss volled opgeleid daarmee volled uitgevoerd defensie verplicht commandant voorafgaand schietoefen oordel vorm doe basis ten minst baanreglement vergunningsvoorschrift recent keuringsrapport mcgs eventuel adviez ceag aanbiedingsbrief gemeld kmar aanbevel uitgevoerd aanvull daarop gemeld kmar gevraagd erop toe zien schietoefen,"Colonial Exploitation, Slavery & Economic Inequality|Reparations and Remembrance|Modern & Everyday Racism",0.0824322105577802,"[0.0009083292566573827, 0.0, 0.019464328408329717]","[True, True, True]","[True, True, True]","[0.0824322105577802, 0.0824322105577802, 0.0824322105577802]","[1, 1, 1]",jaarverslag-defensie-2022.123.txt__0
afschrift-adviesaanvraag-cultuurbestel-van-de-toekomst.4.txt,Policyarchive_text\brieven\2023\afschrift-adviesaanvraag-cultuurbestel-van-de-toekomst\afschrift-adviesaanvraag-cultuurbestel-van-de-toekomst.4.txt,2023,afschrift-adviesaanvraag-cultuurbestel-van-de-toekomst,0,agina onz referentie instell werk sted vaker organisatiegrenz hen maker werk sted vanuit multidisciplinair netwerk vak institutionel georganiseerd vraagt volgen cultuurbestel toekomst instrument bedenk rijk rijkscultuurfonds over beter werkpraktijk bijdrag sluit bestel beter ontwikkel gesubsidieerd sector zie culturel instell onderl elkar samenwerk merk instell optrek maatschapp organisaties eig stad regio gezamen belang vanuit creatiev industrie meegedacht vraagstuk rondom grot maatschapp opgav hecht waard vorm samenwerk verder stimuler samenwerk versterkt gestimuleerd terwijl afweg ten grondslag ligg subsidier onderscheid kwaliteit daarmee zeker concurrentie mogelijk ziet nieuw bestel beleidsdoorlicht cultuurdeelnam period vanaf sluit aandachtspunt beleidsdoorlicht cultuurdeelnam onafhank brengt relatie rijk cultuurdeelnam period twintig beeld net sterk zwak punt aanbevel toekomst drie sterk drie zwak punt cultuurdeelnam afgelop twintig beeld gebracht drie sterk punt noemt instrumentarium bred bestrijkt vrijwel aspect cultur deelnam hen stabiel cultuurbestel waarvan basisinfrastructur belangrijk uitmaakt kent grot mat transparantie beperkt politiek inmeng gestuurd artistiek kwaliteit benoemt goed punt namelijk instrumentarium bevat vooral indirect instrument gericht aanbod instrument direct gericht cultuurdeelnam beperkt vernieuw verbred establishment bias subsidie gat vak gevestigd onvoldo bereikt gebied toegank herk punt gesprek culturel veld medebestuurder beleidsdoorlicht bevat aanbevel gat betrek jonger bevorder cultuurbeoefen instrom nieuw aanvrager zie dialogic cultur iederen beleidsdoorlicht ocw cultuurdeelnam zie uitgebreider analys beschrijv beleidsdoorlicht cultuurdeelnam,"Colonial Exploitation, Slavery & Economic Inequality|Reparations and Remembrance|Modern & Everyday Racism",0.0880830329272055,"[0.008220813460881618, 0.007511680767740798, 0.05161103252331152]","[True, True, True]","[True, True, True]","[0.0880830329272055, 0.0880830329272055, 0.0880830329272055]","[1, 1, 1]",afschrift-adviesaanvraag-cultuurbestel-van-de-toekomst.4.txt__0
bijlage-2-memorie-van-toelichting-wetsvoorstel-wet-versterking-waarborgfunctie-awb.42.txt,Policyarchive_text\besluiten\2023\bijlage-2-memorie-van-toelichting-wetsvoorstel-wet-versterking-waarborgfunctie-awb\bijlage-2-memorie-van-toelichting-wetsvoorstel-wet-versterking-waarborgfunctie-awb.42.txt,2023,bijlage-2-memorie-van-toelichting-wetsvoorstel-wet-versterking-waarborgfunctie-awb,0,versie net bestur lus geregeld partij zienswijz nader bewijs vier wek nadat bestuursrechter ontvang schriftelijk vor breng bestuursrechter termijn verleng regelt vervolg procedur nadat bewijsmog eventuel zienswijz vor gebracht gebeur geleg stelling aannem mak hierop zienswijz vor breng gemaakt past awb introductie burger lus zodat duidelijk zak vervolgd ter zitting plaatsgevond tussenuitsprak gedan betreft technisch aanpass huidig opgenom bevoegd bestuursrechter tussenuitsprak toepass bestur lus keert terug eerst lid derd lid voorgesteld bestuursrechter ter uitvoer burger lus mogelijk gev tussenuitsprak indien nodig acht belanghebb stelling aannem lat mak mogelijk betrek wetsvoorstel geintroduceerd burger lus afdel awb aldus bestuursrechter formel bewijsopdracht gev burger verstrek bewijsopdracht middel tussenuitsprak diver voordel verbond tussenuitsprak verschaft helder betrokken alsmed buitenwereld kenbar controler bovendien instrument werk stimulan bestuursrechter appellant daadwerk bewijsopdracht daarbij tussenuitsprak slecht feitelijk ongelijk weghal gevoel bestuurtj help gesteld bestur lus belangrijk bevoegd gericht definitiev geschilbeslecht eenzelfd positie burger gebod mogelijk tussenuitsprak waarbij rechter burger bewijsopdracht geeft desalniettemin belangrijk functie duidelijk bewijsopdracht burger sommig gevall wellicht vaker leid gegrond beroep voorkomt ieder geval burger pas aflop zak beseft welk bewijs daarvor lever voorgesteld eerst lid geeft bestuursrechter bevoegd tussenuitsprak indien nodig acht partij minnelijk oploss geschil lat bereik bevoegd vooral bedoeld extra steuntj rug bestuursrechter partij war passend moedig mogelijk minnelijk oploss serieus verkenn hierbij uitsluit gedacht mediation rechter partij verwijz blijk gev hiervor open stan rechter indruk mogelijk nader elkar kom overigen verwijz mediation zin partij hiermee instemm voorgesteld eerst lid onderdel bestaand praktijk bestuursrechter bepaald besliss sprek vorm tussenuitsprak voorzien wettelijk basis betrek besliss bestuursrechter bedoeld derd lid grond waarvan bestuursrechter beslist rechtvaard geheimhoud stuk partij beperk kennisnam daarvan afdel bestuursrechtsprak rad stat central rad beroep colleg beroep bedrijfslev diver rechtbank staand praktijk verzoek bedoeld awb behandeld apart kamer geheimhoudingskamer besliss vormgegev betrek verzoek bestuursrechter kamerstuk memorie voorstel wet led vermeij koopman nepperus,Modern & Everyday Racism,0.1071172422425884,"[0.007650324268742057, 0.0012391617656258773, 0.02624596645066501]","[False, False, True]","[False, False, True]","[0.1071172422425884, 0.1071172422425884, 0.1071172422425884]","[0, 0, 1]",bijlage-2-memorie-van-toelichting-wetsvoorstel-wet-versterking-waarborgfunctie-awb.42.txt__0
uitgangspunten-cultuursubsidies-2025-2028.14.txt,Policyarchive_text\beleidsnotas\2023\uitgangspunten-cultuursubsidies-2025-2028\uitgangspunten-cultuursubsidies-2025-2028.14.txt,2023,uitgangspunten-cultuursubsidies-2025-2028,0,uitgangspunt cultuursubsidies ademruimt culturel creatiev sector iederen afgelop kiez gekreg coronacrisis grot impact gehad tijd inflatie krapp uitdag onzeker allemal weg genom sector perspectief ademruimt verwacht verstev markt krijg culturel instell meerjar vanuit rijk ondersteund ademruimt hecht waard subsidierelatie gan vertrouw waard cultur leidend lat,Modern & Everyday Racism,0.0914991421995628,"[0.005013240258423233, 0.003963853793350702, 0.08886017594201549]","[False, False, True]","[False, False, True]","[0.0914991421995628, 0.0914991421995628, 0.0914991421995628]","[0, 0, 1]",uitgangspunten-cultuursubsidies-2025-2028.14.txt__0
jaarverslag-ienw-2022.56.txt,Policyarchive_text\jaarverslagen\2023\jaarverslag-ienw-2022\jaarverslag-ienw-2022.56.txt,2023,jaarverslag-ienw-2022,0,medeover ondersteun besliss bepaald locaties nodig rivm geactualiseerd indicatiev niveaus ernstig niging gepubliceerd aanpak locaties specifiek uitker spuk beschik kond medeover aanvrag indien all gehonoreerd gat ter waard miljoen euro praktijk blijkt behoeft handreik gegan volgend daarom heden gewerkt invull daarvan drinkwater ienw zet betal betrouw toegank drinkwater bereikt verstrek subsidies enerzijd wijzig wet elektriciteit drinkwater warenwet anderzijd laatst recht eiland situatie daarmee uitvoer wet verbeterd belangrijk nutsbedrijv open licham belangrijk eiland tak vervull open drinkwatervoorzien gewijzigd wet elektriciteit drinkwater warenwet tred per werking teneind drinkwatertariev verlag structurel middel subsidies per verhoogd vastgelegd tijdelijk dieregel drinkwater rioolwaterzuiveringsinstallatie gat zowel structurel subsidies verlag vast aansluittarief incidentel subsidies ductie distributienet drie eiland zie subsidies afvalwater marien milieu gewijzigd wet vrom wet fin tred per werking ten eerst daarmee zorgplicht open licham afvalwater verbred inzamel gehel beher ervan gebied war doelmat geacht ten twed grondslag afvalwaterheff geregeld waarmee eiland mogelijk krijg afvalwaterbeher middel heffing bekost beid belang verbeterd marien milieu afvalwater marien milieu werkt ienw verder kader milieubeleidsplan nmbp middel nmbp slag opstell afvalwatervisie zull vormgev hiervan belangrijk bepal vervolgproject kader afvalwater ondertuss middel ruim miljoen verstrekt concret start gan hhet uitbreid rwzi zuiveringscapaciteit realiser extra aansluit rioler bouw havenontvangstinstallatie afvalwater jachthav harbour villag nem bovendien toegek nmbp budget opzet programma monitor zeewaterkwaliteit rondom drie eiland gan help inzicht krijg status marien milieu aldar teven lat zien stat marien milieu beinvloed hetgen richting gev verder ter bescherm marien milieu twed kamer vergaderjar xii,"Colonial Exploitation, Slavery & Economic Inequality|Reparations and Remembrance|Modern & Everyday Racism",0.1043991501943761,"[0.013461048182229199, 0.0012120163151062703, 0.029537542520982715]","[True, True, True]","[True, True, True]","[0.1043991501943761, 0.1043991501943761, 0.1043991501943761]","[1, 1, 1]",jaarverslag-ienw-2022.56.txt__0
jaarverslag-buitenlandse-zaken-2022.38.txt,Policyarchive_text\jaarverslagen\2023\jaarverslag-buitenlandse-zaken-2022\jaarverslag-buitenlandse-zaken-2022.38.txt,2023,jaarverslag-buitenlandse-zaken-2022,0,realisatie realisatie realisatie realisatie realisatie vastgesteld begrot verschil goed international samenwerk ter bevorder eig bondgenootschapp subsidies regel atlantisch programma ondersteun buitenland opdracht programma ondersteun buitenland organisaties navo weu programma ondersteun buitenland veiligheidsfond bestrijd international criminaliteit terrorism subsidies regel institut cyber security opdracht global forum cyber expertis cyber security organisaties cyber security wapenbeheers subsidies regel opcw ontwapeningsorganisaties opdracht opcw ontwapeningsorganisaties conferentie new tech organisaties twed kamer vergaderjar,Modern & Everyday Racism,0.0932504808240313,"[0.0021060705707333298, 0.006722143121163242, 0.020420488875264122]","[False, False, True]","[False, False, True]","[0.0932504808240313, 0.0932504808240313, 0.0932504808240313]","[0, 0, 1]",jaarverslag-buitenlandse-zaken-2022.38.txt__0
jaarverslag-szw-2022.198.txt,Policyarchive_text\jaarverslagen\2023\jaarverslag-szw-2022\jaarverslag-szw-2022.198.txt,2023,jaarverslag-szw-2022,0,omschrijv stand zak han convenant arbeidsparticipatie bevorder kamerstuk geinterpreteerd staand intentieverklar regional mobiliteitsteam rmt afsprak gemaakt aanvull dienstverlen arbeidsparticipatie doelgroep bevorder waaronder doelgroep ouder werknemer werkzoek kamer evaluatie geinformeerd inzet rmt doelgroep evaluatie onderzoeksbureau zomer verwacht verleng verruimd regel bbz kamerstuk twed kamer voorjar geinformeerd bred samengesteld ontwikkel radicaliser politiek polarisatie kamerstuk voltall adviescommissie versterk weerbar democratisch rechtsord ingesteld kamer hierover geinformeerd via kamerbrief kamer verwacht geinformeerd voortgang han herman uitvoeringstoets duidelijk burgerperspectief ogen houd kamerstuk vanuit programma werk uitvoer departement besprok basis eerder aangenom motie den goed werkend doenvermogentoet uitgewerkt basis toet begrippenkader departement gan afzonder hiervor zorgdrag uitvoeringstoets programma werk uitvoer gan monitor daarnaast doenvermogentoet integral afwegingskader iak verplicht langsgelop kent voorstel waardor uitkeringsgerechtigd uitker terugbetal kamerstuk werkgroep onderzoekt mogelijk oplossingsricht baarl interdepartemental samenhang aanpak kanseng kom kamerstuk bzk organiseert interdepartemental samenhang kanseng kom rijk hiervor cursuss training kennissessies georganiseerd daarnaast elk ambassadeursnetwerk diversiteit inclusie ambassadeur zet specifiek departement hierbij stat kennis kund central kanseng kom rijk duidelijk mogelijk voltijdsbonuss nem kamerstuk inhoud uitwerk motie loopt moment gezocht geschikt brief war motie land baarl standaard doenvermogentoet wetsvoorstell beleidsvoornemen uitvoeringsorganisaties dienstverlen rak kamerstuk vanuit programma werk uitvoer departement besprok goed werkend doenvermogentoet uitgewerkt basis toet begrippenkader departement gan afzonder hiervor zorgdrag uitvoeringstoets programma werk uitvoer gan monitor daarnaast doenvermogentoet integral afwegingskader iak verplicht langsgelop graf doenvermogentoet voorstell nieuw regelgev kamerstuk vanuit programma werk uitvoer departement besprok goed werkend doenvermogentoet uitgewerkt basis toet begrippenkader departement gan afzonder hiervor zorgdrag uitvoeringstoets programma werk uitvoer gan monitor daarnaast doenvermogentoet integral afwegingskader iak verplicht langsgelop dijk ten minst drie pilot uitvoeringsorganisaties ruimt professional uitvoer vergrot kamerstuk uitvoer motie dijk zull initiatiev betrok verschill element gericht ontwikkel kennis mogelijk awb biedt praktisch initiatiev gericht maatwerk toepass praktijk slot cultuurelement omstand nodig ruimt professional maximal mak twed kamer vergaderjar,"Colonial Exploitation, Slavery & Economic Inequality|Reparations and Remembrance|Modern & Everyday Racism",0.1106566670344976,"[0.00495900784283336, 0.002816003725640971, 0.018019537337526464]","[True, True, True]","[True, True, True]","[0.1106566670344976, 0.1106566670344976, 0.1106566670344976]","[1, 1, 1]",jaarverslag-szw-2022.198.txt__0
tk-beslisnota-bij-periodieke-rapportage-rechtshandhaving-hoofdlijnen-jvo-januari-2023.1.txt,Policyarchive_text\beleidsnotas\2023\tk-beslisnota-bij-periodieke-rapportage-rechtshandhaving-hoofdlijnen-jvo-januari-2023\tk-beslisnota-bij-periodieke-rapportage-rechtshandhaving-hoofdlijnen-jvo-januari-2023.1.txt,2023,tk-beslisnota-bij-periodieke-rapportage-rechtshandhaving-hoofdlijnen-jvo-januari-2023,0,periodiek rechtshandhav hoofdlijn jvo aanleid wetgevingsoverleg koninkrijksrelaties toegezegd kamer periodiek geinformeerd gezamen inzet rechtshandhav hoofdlijn justitieel vierpartijenoverleg jvo middel bijgaand brief informeert twed kamer med namen staatssecretaris binnenland zak koninkrijksrelaties inzet rechtshandhav jvo geadviseerd besluit instemm verzend brief periodiek rechtshandhav hoofdlijn jvo kernpunt terugkoppel gat samenwerk land koninkrijk nederland ten aanzien uitvoeringcapaciteit rechtshandhavingsket aanpak georganiseerd ondermijn criminaliteit bestur aanpak ondermijn migratie mensenhandel mensensmokkel sanctietoepass detentie harmonisatie beschermingsregimes persoonsgegeven brief stan belangrijkst afsprak vorder politiek context justitieel vierpartijenoverleg halfjar overleg aruba curaçao maart waarin politiek niveau afstemm plaatsvindt gezamen gecoordineerd aanpak gemeenschapp justitiel aangeleg land financiel overweg verstur brief gan financiel consequenties gepaard afsprak voer zull betrok beleidsdirecties organisaties reken houd eig begrot juridisch overweg samenwerk stand komt justitieel vierpartijenoverleg vloeit voort afsprak gemaakt statut koninkrijk nederland waarin afgesprok aruba curaçao maart elkar hulp bijstand verlen samenwerk gebied directie europes international aangeleg turfmarkt den hag postbus den hag datum kenmerk,Reparations and Remembrance|Modern & Everyday Racism,0.0937509342255395,"[0.012898135930383189, 0.017283585590251664, 0.01038519081727887]","[False, True, True]","[False, True, True]","[0.0937509342255395, 0.0937509342255395, 0.0937509342255395]","[0, 1, 1]",tk-beslisnota-bij-periodieke-rapportage-rechtshandhaving-hoofdlijnen-jvo-januari-2023.1.txt__0
jaarverslag-onderwijs-cultuur-wetenschap-2022.152.txt,Policyarchive_text\jaarverslagen\2023\jaarverslag-onderwijs-cultuur-wetenschap-2022\jaarverslag-onderwijs-cultuur-wetenschap-2022.152.txt,2023,jaarverslag-onderwijs-cultuur-wetenschap-2022,0,national archief national archief beheert archiev archiev maatschapp organisaties individuel person national belang depot ligt bijna duizend geschiedenis opgeslag archiev duizend kaart teken foto missie national archief ieder recht informatie gev inzicht verled land inzet sterk archiefbestel afgewog archiefwaarder selectie optimal zorg rijksarchiev national archiefcollectie den hag beher onsit onlin presenter national archief regional historisch centra basis archiefwet ocw specifiek verantwoord rijksarchiefbewaarplaats zijnd national archief den hag elf rijksarchiefbewaarplaats provinciehoofdsted archiefbewaarplaats ted mak regional historisch centra rhc rhc zelfstand open licham vanuit rijk partner financiel ontvang jaarverslag handelt bat last national archief rijksbijdrag derlijk rhc cultur begrot ocw naslep impact coronavirus naslep gevolg coronapandemie financieel national archief verwacht positief beinvloed regulier werkzam hiervor uitgesteld vertraagd ander ingevuld coronacrisis verder gevolg archiev geworv gedigitaliseerd reerd daarnaast vertrag doorontwikkel toegangsketen handschriftherkenn international erfgoedsamenwerk activiteit wer opgepakt nieuw gestart gebied huishoud oorlogsarchiev twed kamer vergaderjar viii,Reparations and Remembrance|Modern & Everyday Racism,0.1477097891751992,"[0.005915352614678444, 0.07134282595418476, 0.0045308506486004575]","[False, True, True]","[False, True, True]","[0.1477097891751992, 0.1477097891751992, 0.1477097891751992]","[0, 1, 1]",jaarverslag-onderwijs-cultuur-wetenschap-2022.152.txt__0
jaarverslag-ezk-2022.253.txt,Policyarchive_text\jaarverslagen\2023\jaarverslag-ezk-2022\jaarverslag-ezk-2022.253.txt,2023,jaarverslag-ezk-2022,0,iea international energy agency img institut mijnbouwschad groning ipc innovatieprestatiecontract ipo interprovinciaal overleg isb incidentel suppletoir begrot jtf transition fund jti joint technology initiatives justitie kev klimat energieverander kic kennis innovatieconvenant kkc garantieregel klein krediet corona zevend kaderprogramma technologisch ontwikkel kvk kamer koophandel kwiv kwaliteitsraamwerk informatievoorzien liof limburg institut ontwikkel financier lnv landbouw natur voedselkwaliteit marin maritim research institut netherland mbo middel beroepsonderwijs mep milieukwaliteit elektriciteitsproductie mev verkenn mip meerjar invester programma mit mkb innovatiestimuler topsector mkb kleinbedrijf mtib missiegedrev innovatiebeleid mton megaton mvo maatschapp verantwoord ondernem nam aardolie maatschappij nbtc nederland bureau toerism congress ncg national coordinator groning nds digitaliseringsstrategie nen nederland normalisatieinstitut nfia netherland foreign investment agency ngf national groeifond nipo nederland institut opinie dtib defensie technologisch indsutriel basis nlr national ruimtevaartlaboratoruim nrg nuclear research group nso netherland spac offic nsfo geitenfokker nurg nader uitwerk rivierengebied nvwa warenautoriteit nwo wetenschapp wetenschapp toegepast technisch wetenschapp ontwikkel ocw cultur wetenschap opta onafhank post telecommunicatie autoriteit pas programmatisch aanpak stikstof pbl plan bureau leefomgev pbo publiekrecht bedrijfsorganisatie pianoo professionel innovatief aanbested netwerk overheidsopdrachtgever petajoul pps samenwerk rcr rijkscoordinatieregel twed kamer vergaderjar xiii,"Colonial Exploitation, Slavery & Economic Inequality|Reparations and Remembrance|Modern & Everyday Racism",0.1474617456934273,"[0.004073222089928742, 0.03122133494108605, 0.007151177759985308]","[True, True, True]","[True, True, True]","[0.1474617456934273, 0.1474617456934273, 0.1474617456934273]","[1, 1, 1]",jaarverslag-ezk-2022.253.txt__0
jaarverslag-ienw-2022.290.txt,Policyarchive_text\jaarverslagen\2023\jaarverslag-ienw-2022\jaarverslag-ienw-2022.290.txt,2023,jaarverslag-ienw-2022,0,thema subthema typ afrond status aanbevel begrotingsartikel kom ambities maatregelenpakket bijgesteld eerst gewerkt digital basis ord krijg onderl samenwerk mogelijk mak luchtvaart gezamen belang directie luchtvaart bred monitor waard luchtvaartnota jaarlijk lopend luchtvaartnota verschill voorzien komend monitor evaluatie controversieelverklar luchtvaartnota aanpass luchtvaartnota actualisatie gestart waarvan bekend via monitor evaluatie bepaald acties koer ligg stat doelbereik nodig stell monitor evaluatie effect doelbereik elk twee uitgevoerd strev lat uitvoer consortium onafhank kennisinstell zovel mogelijk gebruikgemaakt bestaand monitor monitor netwerkkwaliteit stell monitor akkoord duurzam luchtvaart begin eerst voortgangsrapportag verwacht veilig luchtvaart evaluatie schipholbeleid jaarlijk afgerond kamer zev ker geinformeerd belangrijkst wekelijk rapportages schiphol deelt drukt schiphol kamerstuk systeemmonitor luchtvaart schiphol jaarlijk afgerond systeemmonitor ton ruimt verder verbeter veiligheidssystem kamerbrief kamerstuk geeft vanuit regierol invull geeft belangrijkst verbeterpunt evaluatie implementatie aanbevel vliegverker schiphol afgerond algemen zin concluder enorm voortgang geboekt merendel afgerond systematisch geborgd beleidskader system sector kamerstuk evaluatie beleidskeuz examiner drones vooralsnog lopend inkooptraject vertrag opgelop waardor later verwacht opdracht verstrekt oplever evaluatie eind verwacht beveil luchtvaart afgerond afrond herbeoordel vital functies roadmap stond gepland afgerond afrond cyber security beveil luchtvaart stond gepland vertrouw goed verbond monitor benchmark luchthavengeld overheidsheff jaarlijk afgerond benchmark blijkt prijsniveau schiphol gesteg ongever kwart stijging toenam luchthavengeld nam passenger servic charg schiphol introductie vliegbelast veroorzaakt rester stijging twaalf luchthaven benchmark zev luchthaven hoger prijspeil schiphol lond heathrow frankfurt lond gatwick munch zurich dusseldorf parijs charles gaull vijf luchthaven lager prijspeil schiphol madrid twed kamer vergaderjar xii,Reparations and Remembrance|Modern & Everyday Racism,0.091098027282223,"[0.008373728410065766, 0.0011427818497548663, 0.011577187154125264]","[False, True, True]","[False, True, True]","[0.091098027282223, 0.091098027282223, 0.091098027282223]","[0, 1, 1]",jaarverslag-ienw-2022.290.txt__0
jaarverslag-koninkrijksrelaties-2022.18.txt,Policyarchive_text\jaarverslagen\2023\jaarverslag-koninkrijksrelaties-2022\jaarverslag-koninkrijksrelaties-2022.18.txt,2023,jaarverslag-koninkrijksrelaties-2022,0,hervorm ontwikkel land koninkrijk tijdelijk werkorganisatie two rijksrelaties land aruba curaçao maart verder ondersteund uitvoer hervorm zogehet landspakket kamerstuk landspakket sociaaleconomisch structur land bevorder veerkracht economieen versterk land koninkrijk bzk gekom hoofdlijnenakkoord verder uitvoer landspakket waarin gelijkwaard eigenaarschap nadruk aandacht krijg gewerkt verschill landspakket ligg terrein thema financieel beher kost effectiviteit sector belast financiel sector economisch hervorm zorg versterk rechtstat prioriteit bevorder uitvoeringskracht land drie land stapp gezet financieel beher verbeter waaronder verbeter begrotingsproces verkort traject controler jaarreken los financieel beher onderzocht aanpass overheidsorganisatie nodig effectiviteit doelmat sector verhog digitaliser een instrument daarbij nadruk meegenom inkomstenkant belast belang dienstverlen betal daarnaast fiscal stelsel hervormd zodat iederen eerlijk manier gat bijdrag aruba wijzig doorgevoerd belastingstelsel goed eerst stap richting eerlijker eenvoudiger stelsel maart plan nieuw belastingdienst afgerond aanbested hiervor voorbereid system inwoner maart mogelijk onlin tingaangift verder kwaliteit betal zorgstelsel land aandacht maart hiertoe verder gewerkt invoer general health insuranc curaçao plan aanpak zaming curaçao medical center cmc uitvoer gebracht daarvan zorgautoriteit aanbevel gedan precair financiel situatie cmc war opvolg aruba verschill acties uitgevoerd versterk eerstelijn zorg preventieprogramma start gegan gedan cost driver geneesmiddel maart eerst tegengan illegal tewerkstell ingevoerd curaçao analys bijstandsstelsel afgerond aanleid waarvan implementatieagenda opgesteld daarnaast process social ontwikkel arbeid welzijn verbeterd beid gan resulter verbeterd diensteverlen inwoner curaçao doorlicht onderwijsstelsel afgelop uitgevoerd drie land gev goed basis doorontwikkel komend ter hand genom curaçao twed kamer vergaderjar,"Colonial Exploitation, Slavery & Economic Inequality|Reparations and Remembrance|Modern & Everyday Racism",0.1134506334434077,"[0.015038874439074347, 0.01865406579215029, 0.010293402600638317]","[True, True, True]","[True, True, True]","[0.1134506334434077, 0.1134506334434077, 0.1134506334434077]","[1, 1, 1]",jaarverslag-koninkrijksrelaties-2022.18.txt__0
jaarverslag-bhos-2022.39.txt,Policyarchive_text\jaarverslagen\2023\jaarverslag-bhos-2022\jaarverslag-bhos-2022.39.txt,2023,jaarverslag-bhos-2022,0,beleidsartikel duurzam economisch ontwikkel handel invester algemen doelstell verminder armoed maatschapp ongelijk bevorder duurzam inclusiev groei wereldwijd versterk tional verdienvermog daartoe werkt duurzam investeringssystem inclusief maatschapp verantwoord ondernem mvo versterk investeringspositie versterk privat sector markt ontwikkelingsland rol verantwoord vergt kabinetsbred inspann doelstell zenlijk buitenland handel werking werkt hiertoe bijzonder financien staatssecretaris economisch zak klimat social zak werkgeleg landbouw natur voedselkwaliteit infrastructur waterstat verantwoord financier voer mat gesned onderl samenhang financieel instrumentarium gericht investeringsbevorder nederland lokal bedrijfslev ontwikkelingsland handelsfacilitatie markttoegang licht international keling toenem concurrentie international inzet verbeter gelijk speelveld financieel instrumentarium gericht investeringsbevorder financieel ondersteun lokal kleinbedrijf startup eigentijd oploss drag duurzam economisch ontwikkel wereldwijd financier diver bilateral international programma bijdrag gunstig ondernemingsklimat innovatief merschap middeninkomensland bijzonder aandacht jeugd werkgeleg innovatie financier national contact punt ncp richtlijn multinational ondernem belast voorlicht behandel klacht betrek nakom bedrijv stimuler bevorder nakom tional ondernem bedrijfslev middel dialog voorlicht veninstrumentarium bhos steun international initiatiev bevorder werkgeleg ondernemerschap middeninkomensland vooral jonger vrouw stimuler ketenverduurzam middeninkomensland stimuler bedrijfslev kennisinstell nederland lokal international activiteit drag oploss twed kamer vergaderjar xvii,"Colonial Exploitation, Slavery & Economic Inequality|Reparations and Remembrance|Modern & Everyday Racism",0.0845770930662247,"[0.028207280285078358, 0.015241862816218785, 0.014893292928654909]","[True, True, True]","[True, True, True]","[0.0845770930662247, 0.0845770930662247, 0.0845770930662247]","[1, 1, 1]",jaarverslag-bhos-2022.39.txt__0
jaarverslag-onderwijs-cultuur-wetenschap-2022.42.txt,Policyarchive_text\jaarverslagen\2023\jaarverslag-onderwijs-cultuur-wetenschap-2022\jaarverslag-onderwijs-cultuur-wetenschap-2022.42.txt,2023,jaarverslag-onderwijs-cultuur-wetenschap-2022,0,risicoregel verstrekt garanties bedrag omschrijv uitstaand garanties verleend vervall uitstaand garanties plafond plafond totaalstand ziening bouwlen academisch ziekenhuiz regel garanties uitgav ontvangst gerealiseerd indemniteitsregel lever realiser tentoonstell bijzonder belang tentoonstell bijzonder bruiklen beperk ringskost musea garantstell rijk schad verlies eerst procent verzekerd waard indemniteitsgarantie kunstwerk verlaagt verzekeringskost musea risico verzeker markt kost hoger waardor budget tentoonstell overblijft daarnaast blijkt indemniteitsgarantie international keurmerk fungeert land privat eigenar museal object hecht garantstell vanuit rijk risicobeheers betreff erkend musea aanvrag indemniteitsregel rijksdienst culturel erfgoed aanvrag med aanwez toetst academisch ziekenhuiz garantieregel kracht uitzonder enkel moment gang gezet bouwproject garanties verstrekt lening gemiddeld looptijd expiratie lening omstrek volled plaatsgevond achterborgstell bedrag omschrijv achterborgstell national restauratiefond nrf verstrekt hypothecair lening monumenteigenar rijksmonument restauraties voer daarbij onderscheid gemaakt laagrent hypothecair lening revolv fund aanvull financier gehel gefinancierd krijg achterborgovereenkomst national restauratiefond nrf garantie ocw zien toe aanvull financier garantie nrf financier lager rent aantrek lager rent doorgerek monumenteigenar zodat eigenar gestimuleerd monument restaurer aangezien algemen belang gebouw national belang war individu last ervaart hog onderhoudskost beperkt mogelijk moderniser dur oploss twed kamer vergaderjar viii,Reparations and Remembrance|Modern & Everyday Racism,0.0921132372943676,"[0.009737013643097106, 0.039716166262537045, 0.02106747891338816]","[False, True, True]","[False, True, True]","[0.0921132372943676, 0.0921132372943676, 0.0921132372943676]","[0, 1, 1]",jaarverslag-onderwijs-cultuur-wetenschap-2022.42.txt__0
jaarrapportage-bedrijfsvoering-rijk-2022.55.txt,Policyarchive_text\jaarverslagen\2023\jaarrapportage-bedrijfsvoering-rijk-2022\jaarrapportage-bedrijfsvoering-rijk-2022.55.txt,2023,jaarrapportage-bedrijfsvoering-rijk-2022,0,toepass social return tak mens help eig kracht werk perspectief bied werk inkom mens volwaard meedoen onz samenlev rijk mak mogelijk via social return rijksbred inkoopstrategie inkop impact kans crer mens grot afstand arbeidsmarkt stimuler opdrachtgever verplicht ondernemer verstrek opdracht kwetsbar groep arbeidsmarkt opdracht betrek doelstell doelstell per social return toepass passend aanbested werk dienst loonsom tenminst euro exclusief btw looptijd minsten zes maand ontwikkel aanbested percel waarbij social toepass procent social return uitgevraagd procent geval sprak stijging toepass gecreeerd ban via social return moment meetbar social return richt eerst instantie werkervaringsplek via netwerkorganisatie zie activiteit monitor verbeter activiteit lat uitvoer grootst leverancier onderzocht aankijk social return contractuel afsprak opdracht rijk kwam verschill verbeteringsvoorstell uitvoer social return voorstell ervar maatwerk mens geleid voorstel opricht netwerkorganisatie social return diging hiervan stat banenafsprak sector rijk social return twed kamer verstuurd via netwerkorganisatie central leveranciersaanpak hanter opdracht leverancier bundel social inclusief gerealiseerd impact beter monitor definitie omvang social return crer werkgeleg mens grot afstand arbeidsmarkt social return inkop betekent opdrachtgever opdrachtnemer stimuler kwetsbar groep betrek uitvoer opdracht opdrachtnemer daartoe zelf verplicht praktijk betekent voorwaard eis wen aanbested opgenom kamerstuk kamerstuk organisatieomvang jaarrapportag bedrijfsvoer rijk,"Colonial Exploitation, Slavery & Economic Inequality|Reparations and Remembrance|Modern & Everyday Racism",0.095851447563404,"[0.007197965286320254, 0.010535314568970123, 0.01559760972415431]","[True, True, True]","[True, True, True]","[0.095851447563404, 0.095851447563404, 0.095851447563404]","[1, 1, 1]",jaarrapportage-bedrijfsvoering-rijk-2022.55.txt__0
afschrift-adviesaanvraag-cultuurbestel-van-de-toekomst.5.txt,Policyarchive_text\brieven\2023\afschrift-adviesaanvraag-cultuurbestel-van-de-toekomst\afschrift-adviesaanvraag-cultuurbestel-van-de-toekomst.5.txt,2023,afschrift-adviesaanvraag-cultuurbestel-van-de-toekomst,0,agina onz referentie verlengd ligg ingezet samenwerk over rijkscultuurfonds financier bestuurder over verantwoord zorg bestel waarmee culturel creatiev sector ondersteund financier bied ondersteun samenwerk speler volgend sector medebestuurder ontvang signal taakverdel provincies gemeent oorsprong kent bestur afsprak dateert tachtig goed aansluit sector werkt zorg borg versterk cultuurtak lokal niveau gat cultuurbeoefen zie podiumkunstensector gesubsidieerd aanbod afnam lokal podia optimal elkar aansluit vraagt mogelijk afsprak taakverdel over aanbevel culturel ondernemer werk subsidie lever belangrijk culturel lev culturel ondernemer vind echter makkelijk toegang financieringsmog aansluit krijg mogelijk bestel oog privat partij gedan daartoe verhoud afgelop onderscheid instell rechtstrek vanuit instell via rijkscultuurfond gesubsidieerd helder geword komt sprak overlapp functies komt terug beleidsdoorlicht cultuurdeelnam onderscheid scherper mak daarmee onduid zovel mogelijk wegnem adviser gewenst complementariteit advies vormt belangrijk vertrekpunt richting sterk toegank culturel sector stabiliteit biedt inspeelt verander culturel praktijk samenlev advies ontvang grag zie ernar betrok partij interactiev wijz bestel verder vorm gev vriendelijk groet staatssecretaris cultur wetenschap gunay uslu kamerstuk,Reparations and Remembrance|Modern & Everyday Racism,0.1226444726299015,"[0.0014966967219551184, 0.003954783705653447, 0.11564609420732769]","[False, True, True]","[False, True, True]","[0.1226444726299015, 0.1226444726299015, 0.1226444726299015]","[0, 1, 1]",afschrift-adviesaanvraag-cultuurbestel-van-de-toekomst.5.txt__0
jaarrapportage-bedrijfsvoering-rijk-2022.28.txt,Policyarchive_text\jaarverslagen\2023\jaarrapportage-bedrijfsvoering-rijk-2022\jaarrapportage-bedrijfsvoering-rijk-2022.28.txt,2023,jaarrapportage-bedrijfsvoering-rijk-2022,0,ziekteverzuim voortschrijd jaargemiddeld ziekteverzuim rijk cbs medewerker bron cbs integriteit mens zak afhank daarom vertrouw maakt integriteit belangrijk uitgangspunt professionel handel rijksmedewerker integriteit namelijk verbond vertrouw samenlev verder gewerkt rijksbred infrastructur integriteit sionaliteit vertrouwensperson versterkt rijksbred klachtenregel ongewenst omgangsvorm ontwikkeld daarnaast gewerkt nieuw ambtsed rijksambtenar social belangrijk actueel thema social stat integer inclusiev war respectvoll bejegen norm war plat overschrijd gedrag strev cultur waarin medewerker durv sprek worstel ervar ongewenst gedrag daarbij steun collega leidinggev reken crer sociaal veilig werkomgev vooral ingezet voorkom besprek mak ongewenst omgangsvorm personeelsenquêt rijk integriteit social werkonderzoek lat zien punt rijk stapp zet fond rijk onderzoekt rijk tegensprak gestimuleerd gewerkt interventiemethod ruimt gev tegensprak vergrot gebouwd kennishuis praktisch voorbeeld wetenschapp inzicht tegensprak programma dialog ethiek draagt versterk social programma agender ethiek webinar verhal opdracht programma begin research gedan morel rijksmedewerker onderzoeksrapport benadrukt noodzak invester gezond gesprekscultur social versterk programma gehel rijkover methodisch gesprek begeleid hiervor netwerk crer gespreksleider noemer rijk iederen begonn expliciet tegengan discriminatie racism omstandertrain workshop vertrouwensperson gesprek georganiseerd collega getroff discriminatie racism werkvloer medewerker bred aandacht gebracht via lezing theatervoorstell alledag racism interdepartemental werkgroep rijksbred aanpak discriminatie racism opgestart hierin departement elkar ler effectiev aanpak discriminatie racism werkvloer daarbij passend instrument organisatieomvang jaarrapportag bedrijfsvoer rijk,Reparations and Remembrance|Modern & Everyday Racism,0.1926143063292808,"[0.01363197251839033, 0.013907704690167211, 0.32619690087947395]","[False, True, True]","[False, True, True]","[0.1926143063292808, 0.1926143063292808, 0.1926143063292808]","[0, 1, 1]",jaarrapportage-bedrijfsvoering-rijk-2022.28.txt__0
jaarrapportage-bedrijfsvoering-rijk-2022.17.txt,Policyarchive_text\jaarverslagen\2023\jaarrapportage-bedrijfsvoering-rijk-2022\jaarrapportage-bedrijfsvoering-rijk-2022.17.txt,2023,jaarrapportage-bedrijfsvoering-rijk-2022,0,rijk profileert aantrek werkgever ontwikkel arbeidsmarkt krapt arbeidsmarkt hog twed kwartal beroepsgroep sprak tekort personel uitvoeringsinstitut werknemersverzeker uwv berekent verschill beroepsgroep krapt arbeidsmarkt spanningsindicator indicator beoordeeld beroepsgroep krap procent zelf zer krap spanning grootst techniek zorg ict arbeidsmarkt daardor twee ker krap eerder sted vaker negatiev gevolg economie dienstverlen rijk kampt negatiev gevolg krapp arbeidsmarkt for wervingsbehoeft arbeidsmarkt lastig vull reden wervingsbehoeft groei fte maatschapp opgav war rijk stat wederom hog uitstrom rijksmedewerker uitstrom kwam pensioner extern mobiliteit zie mobiliteit behoud huidig personel ontwikkel arbeidsmarkt belangrijker zorgd ervor marktcommunicatie focus lag balan extern arbeidsmarktcommunicatie werv nieuw personel behoud huidig personel sterk aantrek versmerk hel belangrijk daarom ontwikkeld nieuw rijksbred merkstrategie huisstijl arbeidsmarktcommunicatie hieruit kwam nieuw voort zien televisie social media grot buitenscherm campagn zorgd ongever extra bezoek vernieuwd vacaturesit verschill ton diver bred werkaanbod rijk denk vacaturesit social linkedin instagram med vernieuwd strategie municatie nam geinteresseerd volger social media verder toe volger linkedin steg groeid verder volger instagram ligt stuk lager ruim volger gebruik marketingtechniek zodat beter inspel behoeft zowel extern intern kandidat houd zicht potentiel kandidat talentenpol functies war krapt denk inkoopfuncties teerd ban houd potentiel kandidat hoogt trend ontwikkel vakgebied carrièremog onlin evenement rijk zet nieuw manier werv selecter pilot talentgericht werv selecter hierbij stell kwaliteit talent intern extern kandidat central plat ervaringseis functie kern gat evenwicht relatie medewerkersbelang inclusiev benader huidig zer krapp arbeidsmarkt nodig nieuw doelgroep interesser juist medewerker werv behoud jaarrapportag bedrijfsvoer rijk,"Colonial Exploitation, Slavery & Economic Inequality|Reparations and Remembrance|Modern & Everyday Racism",0.0914137926216907,"[0.008423888514116684, 0.003854534808697001, 0.015017457215178042]","[True, True, True]","[True, True, True]","[0.0914137926216907, 0.0914137926216907, 0.0914137926216907]","[1, 1, 1]",jaarrapportage-bedrijfsvoering-rijk-2022.17.txt__0
beslisnota-s-bij-uitwerking-motie-schoolmaaltijden-en-motie-brugfunctionaris.10.txt,Policyarchive_text\beleidsnotas\2023\beslisnota-s-bij-uitwerking-motie-schoolmaaltijden-en-motie-brugfunctionaris\beslisnota-s-bij-uitwerking-motie-schoolmaaltijden-en-motie-brugfunctionaris.10.txt,2023,beslisnota-s-bij-uitwerking-motie-schoolmaaltijden-en-motie-brugfunctionaris,0,lat aansluit werkt praktijk betrok gemeent subsidievoorwaard verwerkt gedan samenwerk gemeent cruciaal integrer brugfunctionaris spin web sociaal domein komend tijd vng klankbordgroep verkend wijz gemeent best betrok doormiddel onderteken subsidieaanvrag zorg arrangement doormiddel onderteken convenant schol omgev schol subsidie ontvang verplicht mee werk effectiviteit brugfunctionaris geld vrijgemaakt middel brugfunctionaris gedeeld veld evaluatie subsidieregel aanvraagperiod subsidie voorjar subsidie voer hierna wek tijd beschik stur eventueel schol direct rangschik geinformeerd aanvraagperiod genoemd stell ontvang schol besliss voordat formatie volgend schooljar rond reken mee houd voorgesteld looptijd subsidie drie schol hierdor tijd schol zorg team versterk personel brugfunctionaris nem tijd vertrouw ouder krijg daaruit tak vervull doelstell behal structurel middel zull aflop looptijd wanner bekend werkt desgewenst verstrekt via aanvull bekost schol mak monitoronderzoek geleerd less bepal schol structurel middel subsidieregel effectiefst ingezet lerend aanpak beog ler brugfunctionaris verschill sector ingezet hoevel fte effectief samenwerk gemeent sociaal domein best ingezet schol brugfunctionaris hardst nodig verantwoordingsregim bepaald aanleid gemaakt keuzes nota hierbij ler regel schol omgev wijz subsidieverlen keuz gemaakt betrek wijz waarop schol aanmerk kom subsidie geselecteerd geval overschrijv regel hieronder drie mogelijk scenario uitgewerkt waarbij scenario eerder benoemd geadviseerd besluit scenario basis indicator schol inschrijv schol onz verwacht profijt brugfunctionaris beter aansluit zorg organiseert indien sprak inschrijv will invester terecht komt war verwacht nod hoogst hierdor geval,"Colonial Exploitation, Slavery & Economic Inequality|Reparations and Remembrance|Modern & Everyday Racism",0.0836530942212311,"[0.0034726126935334025, 0.0067752846216426, 0.025900608858153786]","[True, True, True]","[True, True, True]","[0.0836530942212311, 0.0836530942212311, 0.0836530942212311]","[1, 1, 1]",beslisnota-s-bij-uitwerking-motie-schoolmaaltijden-en-motie-brugfunctionaris.10.txt__0
briefwisseling-ap-belastingdienst-deel-25.34.txt,Policyarchive_text\brieven\2023\briefwisseling-ap-belastingdienst-deel-25\briefwisseling-ap-belastingdienst-deel-25.34.txt,2023,briefwisseling-ap-belastingdienst-deel-25,0,relevant ontwikkel beeld gebracht laatst bevat handhavingsplann hoofdlijn vier segment algemen bereik handhavingseffect belast geeft belastingdienst uitvoer heffing control inning rijksbelast bijdrag zorgverzekeringswet premies volksverzeker premies werknemersverzeker terugvorder toeslag belastingopbrengst miljard euro geraamd gegenereerd via ruim zevent miljoen aangift voorlop aanslag circa miljoen particulier miljoen ondernemer strategisch doelstell bevorder nalev fiscal wet regelgev belastingplicht daarom houdt belast mat waarin burger bedrijv fiscal verplicht nakom hoewei vel verplicht correct nakom bekend minder diver reden geval waardor sprak nalevingstekort handhav efficient wijz bereik optimal complianceniveau handhavingseffect sprak belastingopbrengst goed mogelijk geborgd nalevingstekort zovel mogelijk beperkt rechtszeker rechtsgelijk vorm daarbij belanghjk kader handhavingsregie handhav stat effect central vraagt bewust doelgericht inzet verschill onderdel handhavingspalet voorlicht horizontal voorkant detectie stevig aanpak fraud achterkant werk vanuit handhavingsregie gestructureerd systematised zicht bestat groep belastingplicht complianceniveau daarmee ontwikkel omvang samenstell indien mogelijk oorzak nalevingstekort vier gebied waarop nalev manker non complianc optred onbek belastingplicht tijdig aangift onjuist onvolled aangift tijdig betal belast segment smp vormt basis segment oefent segment bijvoorbeeid poort opnam nieuw ondernemer process doord smp special uitgevoerd segment particulier begin gemaakt profil onderkenn doelgroep qua kenmerk gedrag fiscal aandachtspunt spedfiek maakt aanpak mogelijk doelgerichter selectiever ruimt mltp uitgangspunt handhavingsregie zodan inzet beschik mens middel optimal effect bereikt uitgewerkt leidrad handhavingsregie uitvoer,Reparations and Remembrance|Modern & Everyday Racism,0.0871601928910566,"[0.006811578604048374, 0.0, 0.015188080302095931]","[False, True, True]","[False, True, True]","[0.0871601928910566, 0.0871601928910566, 0.0871601928910566]","[0, 1, 1]",briefwisseling-ap-belastingdienst-deel-25.34.txt__0
jaarverslag-koninkrijksrelaties-2022.42.txt,Policyarchive_text\jaarverslagen\2023\jaarverslag-koninkrijksrelaties-2022\jaarverslag-koninkrijksrelaties-2022.42.txt,2023,jaarverslag-koninkrijksrelaties-2022,0,budgettair gevolg budgettair gevolg bedrag realisatie vastgesteld verschil verplicht uitgav schuldsaner curaçao maart lening schuldsaner garanties land curaçao maart aruba lening lening aruba lopend inschrijv lening curaçao maart ontvangst stand inclusief nota wijzig ontwerpbegrot kamerstuk instrument uitgav schuldsaner curaçao maart lening schuldsaner slotverklar oog gezond financiel positie start nieuw staatkund verhoud bereid verklaard schuld collectiev sector antill eilandgebied curaçao maart grotendel saner herfinancier betreft saner schuldomvang land eilandgebied curaçao maart schuldomvang bestat open onderhand geldlen aangegan jegen derd desbetreff collectiev sector inclusief lening jegen aangegan lening zover omvang rentelastnorm uitgan gesaneerd garanties land curaçao maart aruba lening aruba eerst kwartal besluitvorm rijksministerrad rmr awg liquiditeitssteun land aruba toegek vorm renteloz bulletlen looptijd hierbij voorwaard gesteld uitstaand liquiditeitslen aruba geherfinancierd twed kamer vergaderjar,Reparations and Remembrance|Modern & Everyday Racism,0.095936550157127,"[0.0, 0.015513785446841288, 0.0014442617473327385]","[False, True, True]","[False, True, True]","[0.095936550157127, 0.095936550157127, 0.095936550157127]","[0, 1, 1]",jaarverslag-koninkrijksrelaties-2022.42.txt__0
bijlage-4-beslisnota-bij-kamerbrief-beleidsreactie-op-beleidsdoorlichting-erfgoed.2.txt,Policyarchive_text\beleidsnotas\2023\bijlage-4-beslisnota-bij-kamerbrief-beleidsreactie-op-beleidsdoorlichting-erfgoed\bijlage-4-beslisnota-bij-kamerbrief-beleidsreactie-op-beleidsdoorlichting-erfgoed.2.txt,2023,bijlage-4-beslisnota-bij-kamerbrief-beleidsreactie-op-beleidsdoorlichting-erfgoed,0,energiebespar isd subsidieregel verduurzam veren eigenar svve aangepast toegankelijker huiseigenar monument verduurzam erfgoed leefomgev bestur afsprak wederopbouwgebied evaluer relatie bescherm beschermd dorpsgezicht waardevoll gebied komend zet werelderfgoednominaties koninkrijk plantages west curaçao marin park curaçao netherland fund trust werelderfgoedcentrum unesco parijs voort zet period archeologie gesprek bedrijv over gan situ behoud aanvull regelgev noodzak rce verkenn wijz gelijkvorm eis deponer bevorderd nader metaaldetectie roerend erfgoed samensprak sector nieuw beleidslijn gebied mobiel erfgoed stell waarin duurzaamheidsopgav hoeverr passender beschermingsbeleid kom betrok verder will volgend wijz besluitenlijst procedurevergader vast cultur wetenschap donderdag blek kamercommissie nader informatie wild afwacht alvoren beleidsreactie advies collectie wild agender volgen medewerker kamercontact ging hierbij beschermingscriteria nieuw vast gan hanter eerder brief aangegev eind kamer informeert zitting zull nem beschermwaard cultuurgoeder voorligg brief geeft updat beschermingscriteria informatie open gemaakt,Reparations and Remembrance|Modern & Everyday Racism,0.0870388279778489,"[0.02453474106023923, 0.03958618509522559, 0.018269021492676424]","[False, True, True]","[False, True, True]","[0.0870388279778489, 0.0870388279778489, 0.0870388279778489]","[0, 1, 1]",bijlage-4-beslisnota-bij-kamerbrief-beleidsreactie-op-beleidsdoorlichting-erfgoed.2.txt__0
jaarverslag-bhos-2022.14.txt,Policyarchive_text\jaarverslagen\2023\jaarverslag-bhos-2022\jaarverslag-bhos-2022.14.txt,2023,jaarverslag-bhos-2022,0,breng prioriteit ontwikkel kans gebied verduurzam sering stapp gezet handelsinstrumentarium vergroen voortgang geboekt ontwikkel instrumentarium europes economisch weerbar vergrot focus gericht meest fragiel land geinvesteerd multilateral instell international financiel instell ifi multilateral system cruciaal sdg verwezen coalitieakkoord afgesprok afrikastrategie mondial tegie grondstoffenstrategie international klimaatstrategie stell kwam afgelop verschijn kort termijn afrikastrategie werkt uitvoer strategie bijeenkomst afrikan unie gezamen visie hernieuwd partnerschap bekrachtigd partnerschap voorziet nauwer samenwerk thema duurzam ontwikkel vred migratie mobiliteit multilateralism lancer global gateway investment packag eur miljard mobiliser middel daarmee afrika prioriteit global gateway connectiviteitsstrategie geword ten behoev geintegreerd afrikastrategie verwacht eerst kwartal werd zowel afrikan continent consultaties georganiseerd pelijk middenveld international partner denktank ingesteld youth advisory committee yac diver overheidsvertegenwoordiger werd betrok strategie bouwt voort europes strategie besprok bezoek diver afrikan staatshoofd afrikastrategie actieagenda verbond kort middellang lang termijn investeringsagenda invester toekomstbestend investeringssystem ministeriel conferentie wto bred pakket geleid pakket omvat multilateral stendocument passages milieu gender akkoord ter beperk schadelijk visserijsubsidies verklar voedselzeker besluit zonder exportrestricties bred trad besluit intellectuel eigendomsrecht vaccin verleng moratorium pakket komt grot overen inzet geschetst bineerd geannoteerd agenda rad buitenland zak handel kamerstuk contact derd land veelvuld hard gemaakt inzet kabinet zer tevred tegelijkertijd duurt blokkad geschill beslecht voort vorm grootschal industriel subsidies bedreig twed kamer vergaderjar xvii,"Colonial Exploitation, Slavery & Economic Inequality|Reparations and Remembrance|Modern & Everyday Racism",0.0982682673120627,"[0.043150821287894985, 0.0047703020350846415, 0.004712296776014244]","[True, True, True]","[True, True, True]","[0.0982682673120627, 0.0982682673120627, 0.0982682673120627]","[1, 1, 1]",jaarverslag-bhos-2022.14.txt__0
bijlage-2-memorie-van-toelichting-wetsvoorstel-wet-versterking-waarborgfunctie-awb.1.txt,Policyarchive_text\besluiten\2023\bijlage-2-memorie-van-toelichting-wetsvoorstel-wet-versterking-waarborgfunctie-awb\bijlage-2-memorie-van-toelichting-wetsvoorstel-wet-versterking-waarborgfunctie-awb.1.txt,2023,bijlage-2-memorie-van-toelichting-wetsvoorstel-wet-versterking-waarborgfunctie-awb,0,versie memorie wetsvoorstel wet versterk waarborgfunctie awb afgelop vertrouw optred druk kom stan blek nam kinderopvangtoeslagaffair daarbij gesteld bestur recht than voldoend waarborg biedt dergelijk affair toekomst voorkom belangrijk opgav herstell vertrouw opgav prominent plek coalitieakkoord gekreg daarin opgenom gewerkt betrouw dienstbar dichtbij rechtvaard wet regel beoordeeld eenvoud menselijk mat afgelop duidelijk geword wet regel uitgegan realistisch mensbeeld daarom belangrijk manier denk verandert waarbij men central komt stan mak gan realism oog mens echt nodig gan mens rationel handel burger gevall feillos wet regel kenn begrijp toepass vraagt nadruk ander rijker mensbeeld toepass inzicht gedragskund praktijk ruimt menselijk mat gehel beleidscyclus beleidsontwikkel beleidsdoorwerk uitvoer uitdruk kom waarbij integral afwegingskader regelgev iak belangrijk rol speelt begrip menselijk mat tijdelijk uitvoeringsorganisaties tcu twed kamer gedefinieerd recht belang burger totstandkom uitvoer vraagt vervolgen wet regel goed kwaliteit stand kom samenspel reger parlement vraagt teven goed toegerust uitvoer rechter macht mens bescherm neemt war nodig voorgaand geeft reger invull diver opstell nieuw wet regel doenvermogentoet uitgevoerd hernieuwd kijk hardheidsclausules ontwikkeld bijzonder wetgever vraagt alert voorkom onevenred mens hardvocht effect wet regel kom signal lat zien mens som buitenspor knel kom war nodig leidt aanpass wet regel oploss uitvoeringspraktijk algemen wet bestuursrecht hierna awb bezien mensbeeld daarmee wijz wet kader biedt overheidshandel rechtspositie burger overheidshandel versterkt gat zogehet waarborgfunctie awb wetsvoorstel bevat daartoe aanpass beog menselijk mat bestur proces recht vergrot responsief mak vanoud doelstell bestur proces recht bied rechtsbescherm burger eenzijd optred machtig awb voorziet ongelijkheidscompensatie geeft burger recht aansprak tegenwicht bied voorsprong ten opzicht burger geacht hierbij overigen benadrukt voorop stat bijzonder sectoral wetgev zelf ord versterk waarborgfunctie awb vangnet goed doordacht streng uitvoer wet regel voldoen menselijk mat bevat aanleid wetsvoorstel visie reger awb menselijk mat voorstell aanpass awb toegelicht wisselwerk wetsvoorstel wet regel toegelicht waarna ingat relevant grondrecht bevat reactie adviez,"Colonial Exploitation, Slavery & Economic Inequality|Reparations and Remembrance|Modern & Everyday Racism",0.080225745323842,"[0.0165246883937386, 0.003014096035111395, 0.012204014134534466]","[True, True, True]","[True, True, True]","[0.080225745323842, 0.080225745323842, 0.080225745323842]","[1, 1, 1]",bijlage-2-memorie-van-toelichting-wetsvoorstel-wet-versterking-waarborgfunctie-awb.1.txt__0
jaarverslag-szw-2022.24.txt,Policyarchive_text\jaarverslagen\2023\jaarverslag-szw-2022\jaarverslag-szw-2022.24.txt,2023,jaarverslag-szw-2022,0,twed kamer programma ontwikkeld coordinatie national coordinator discriminatie racism ncdr evenen staatscommissie discriminatie racism ingesteld discriminatie racism richt sector inclusief doorlicht discriminatie etnisch profiler renplan zelfbeschik twed kamer aangebod gericht bevorder volwaard deelnam samenlev inperk zelfbeschikkingsrecht daarnaast kabinet gestart social weerbaarheidsagenda gericht democratisch waard weerbar kwetsbar groep verder stapp gezet rondom uitvoer werkagenda inclusiev arbeidsmarkt via samenwerk landelijk partij ingezet effectiev aanpak arbeidsmarktkans posities nederlander migratieachtergrond verbeter start werkagenda via marker voorjar werkconferentie werkt georganiseerd betrok partner partij uitvoer aanleid toegenom aandacht achterblijv arbeidsparticipatie statushouder twed helft start gemaakt mak plan aanpak arbeidsparticipatie versnell hierbij taskforc via betrok vooruitlop hierop enkel activiteit ondersteund wet refugeework vluchtelingenwerk pilot toeleid werk coa randstad gemeent almer gericht vroegtijd arbeidsparticipatie azc international zak europes vlak grot dossier goed gekom richtlijn europes kader minimumlon wom company board loontransparantie trilog overeenstemm bereikt europes parlement algemen orientatie aangenom rad herzien asbestrichtlijn ded succesvoll oproep ambitie europes gebied grenswaard gevar stoff akkoord bereikt ling individuel leerreken toereik minimuminkomen daarnaast europes afsprak thuiswerk grenswerker verlengd zet structurel oploss verder onderhandelingsrondes plaatsgevond argentinie turkij aanpass betreff social zekerheidsverdrag herzien verdrag chili aangebod parlement daarnaast deelgenom verschill werkgroep employment working group indonesisch terschap afgeslot ministeriel bijeenkomst waarbij gesprok versterk inclusiev arbeidsmarkt adequat social bescherm international satie verder gewerkt ratificatie mentel verdrag inzak promotionel kader gezond veilig werk inzak geweld grensoverschrijd gedrag maakt vaart uitbreid werkingssfer fundamentel verdrag daarnaast mondial kinderarbeidconferentie zogehet durban call action aangenom ter bevorder wereldwijd strijd twed kamer vergaderjar,Reparations and Remembrance|Modern & Everyday Racism,0.1260392236007739,"[0.01121482019206357, 0.00903407881293262, 0.24876006408980772]","[False, True, True]","[False, True, True]","[0.1260392236007739, 0.1260392236007739, 0.1260392236007739]","[0, 1, 1]",jaarverslag-szw-2022.24.txt__0
jaarverslag-onderwijs-cultuur-wetenschap-2022.195.txt,Policyarchive_text\jaarverslagen\2023\jaarverslag-onderwijs-cultuur-wetenschap-2022\jaarverslag-onderwijs-cultuur-wetenschap-2022.195.txt,2023,jaarverslag-onderwijs-cultuur-wetenschap-2022,0,thema subthema typ afrond status transgender person vrouw afgelop slachtoffer seksueel geweld person twee ker vak depressief heteroseksuel person transgender person valt procent hen laagst inkomenscategorie zit tegenover gemiddeld procent positie transgender vrouw extra precair verder valt specifiek lhb jonger lhb person migratieachtergrond relatief vaker geweld onveiligheidsgevoelen mak krijg lhb person algemen lijn gebracht strategisch evaluatie agenda sea opgenom begrot strategisch evaluatie agenda uitwerk strategisch evaluatie agenda domein emancipatie algemen doelstell emancipatiebeleid realiser genderg gelijk betreft seksuel orientatie titeit geslachtskenmerk samenlev geschied ieder geval terrein gezond arbeidsmarkt media politiek recht leefvorm uitgangspunt emancipatiebeleid kabinet iederen gelijkwaard iederen vrijheid houd wilt zichtbar bereik ingezet voorkom discriminatie geweld groep directie emancipatie gat zowel ofwel lijkheid directie emancipatie stelling meest directies eig regelgev stelsel waarvor verantwoord actief bred scala grot verantwoord departement valt directie hierbij vooral agender coordiner aanjag rol daarbij nauw gewerkt maatschapp organisaties over departement impact manier werk daarmee manier waarop geevalueerd directie werkt verschill dossier ondergebracht drie hoofdthema arbeid social genderdiversiteit gelijk behandel belangrijkst dossier directie bestan som raakvlak overlap gebied lijkheid komt echter dossier exclusief positie vrouw gan thema arbeid elk vrouw financieel onafhank kwaliteit arbeidsmarkt war mak directie emancipatie richt zowel bovenkant onderkant arbeidsmarkt woord inzet gericht bevorder doorstrom vrouw topposities bevorder arbeidsparticipatie financiel onafhank vrouw richt crer beter omstand arbeidsmarkt tegengan stereotyper bevorder gelijk lon faciliter combinatie arbeid zorg twed kamer vergaderjar viii,"Colonial Exploitation, Slavery & Economic Inequality|Reparations and Remembrance|Modern & Everyday Racism",0.1135889036147028,"[0.05799374251185659, 0.0056494038914974625, 0.035501549604280036]","[True, True, True]","[True, True, True]","[0.1135889036147028, 0.1135889036147028, 0.1135889036147028]","[1, 1, 1]",jaarverslag-onderwijs-cultuur-wetenschap-2022.195.txt__0
jaarverslag-defensie-2022.19.txt,Policyarchive_text\jaarverslagen\2023\jaarverslag-defensie-2022\jaarverslag-defensie-2022.19.txt,2023,jaarverslag-defensie-2022,0,national samenwerk defensie voert samenwerk justitie gio bedrijfslev programma samenwerk programma rol defensie national heidsdomein structurel verstevigd samenwerk verder ontwikkeld robuust pijler national crisisbeheers vlak stapp gezet structurel samenwerk defensie relatieziekenhuiz breid ziekenhuiz daarnaast verkent defensie national partner rol defensie juridisch kader spel versterk weerbar koninkrijk hybrid dreiging defensie structurel betrok interdepartemental programma versterk crisisbeheers brandweerzorg programma versterkt aanpak vital waaronder bescherm infrastructur noordzee voorbereid kom landelijk crisisplan defensie gestart afgelop defensie for bijgedrag strijd georganiseerd ondermijn criminaliteit deelnam national samenwerk ondermijn criminaliteit intensiveerd kmar beveiligingstak nam mainport richt grot logstiek knooppunt landspakket herstelmaatregel liquiditeitssteun land aruba curaçao maart ten tijd crisis overeengekom diver opgenom bijdrag versterk rechtsstat versterk grenstoezicht professionaliser aruban curaçaos milities versterk grenstoezicht tientall nieuw vte kmar kustwacht gebied ingestroomd arumil curmil stapp gezet juridisch grondslag rechtspositionel aspect verbeter goed werkgever verbond samenlev arbeidsvoorwaardenakkoord realiseert belangrijk ambities basisbelon ord nieuw beloningsstelsel gan lager rang flink vooruit daarnaast hoger vergoed internetvergoed ingevoerd vergrot mogelijk maatwerk perspectief conform afsprak langer looptijd functies werk deeltijd langer doorwerk bindend afsprak functionel person ontwikkel nieuw element strategisch personeelsplann strategisch gement analytic klein schal uitgewerkt getest toegepast doelstell inclusiev diver uitgewerkt waaronder streefcijfer doorstrom vrouw integratie diversiteit inclusiviteit opleid borging twed kamer vergaderjar,"Colonial Exploitation, Slavery & Economic Inequality|Reparations and Remembrance|Modern & Everyday Racism",0.0969087423704698,"[0.006147772372952699, 0.025929118037673646, 0.03271523885200389]","[True, True, True]","[True, True, True]","[0.0969087423704698, 0.0969087423704698, 0.0969087423704698]","[1, 1, 1]",jaarverslag-defensie-2022.19.txt__0
jaarverslag-justitie-2022.20.txt,Policyarchive_text\jaarverslagen\2023\jaarverslag-justitie-2022\jaarverslag-justitie-2022.20.txt,2023,jaarverslag-justitie-2022,0,steld verbeterplan vast uitvoer individuel beoordel verbeter daarnaast werkwijz individuel beoordel recherch meldkamer geimplementeerd implementatie betrok verbeterplan mensenhandel zomer start proces betrok organisaties programma mensenhandel herijk kom gezamen langetermijnvisie strategie methodiek hiervor gebruikt opgav gericht werk sluit organiseerd twee rond tafel waaran deelnemer elkar gesprek ging trend oorzak problem oploss aanpak mensenhandel leverd bloemlez seksuel misdrijv preventie repressie acties diend wetsvoorstel seksuel misdrijv twed kamer lijn international verplicht moderniseert voorstel seksuel misdrijv wetboek strafrecht maakt seksueel overschrijd gedrag strafbar inwerkintred wet beoogd goed bereid traject gestart daarvan organisaties strafrechtket over organisaties faciliter zodat stat wet voer moment wet werking treedt discriminatie racism coordinatie integratie noodzak publiceerd national coordinator discriminatie racism national programma discriminatie racism werkt verschill ministeries waaronder jenv departemental aanpak onlin discriminatie migratiebeleid integral uitvoer rechtvaard bewog crisis strom ontheemd veroorzaakt russisch invasie oekrain crisis opvang vroeg extra inspann for opgav vanaf moment eerst oekrainer arriveerd schaald crisisstructur opvangcrisis vroeg nodig extra inspann totaalaantal asielaanvrag steg for ten opzicht afgelop beleidskompas opvolger iak twed kamer vergaderjar,Reparations and Remembrance|Modern & Everyday Racism,0.1184313050927584,"[0.010088697688771815, 0.00860087381667529, 0.2770672537582816]","[False, True, True]","[False, True, True]","[0.1184313050927584, 0.1184313050927584, 0.1184313050927584]","[0, 1, 1]",jaarverslag-justitie-2022.20.txt__0
jaarverslag-szw-2022.12.txt,Policyarchive_text\jaarverslagen\2023\jaarverslag-szw-2022\jaarverslag-szw-2022.12.txt,2023,jaarverslag-szw-2022,0,beleidsverslag beleidsprioriteit beeld bewog waarin social zak werkgeleg ingezet kerheid toekomstbestend succes wet toekomst pensioen aangenom twed kamer belangrijk stap toekomstbestend pensioenstelsel social zak werkgeleg szw via historisch koopkrachtpakket extra financiel middel nieuw hard gewerkt tegengan koopkrachtverlies energie armoed gewerkt eerlijker veiliger inclusiever arbeidsmarkt klar toekomst kenmerkt grot onzeker achtergrond onzeker trad nieuw kabinet nieuw beleidsprioriteit grot ambitie ambitie samengevat volgend strategisch raamwerk iederen kan krijg mee ontwikkel tegenzit vangnet werk eerlijk gezond veilig pensioen inkom land war mens elkar prestaties beloond innovatie ruimt krijgt iederen verdient werk bestaanszeker eerst ingegan impact gebeurteniss betreft laatst coronalockdownperiod oorlog oekrain impact hog inflatie koopkracht vervolgen gan aanpak armoed schuld daarna arbeidsmarkt marktkrapt inzet versterk onz uitvoeringsorganisaties inzet kinderopvang behandeld ingegan tegengan hardvocht effect inzet gezond veilig werk komt bod gevolgd bereikt ten aanzien samenlev integratie ten slot eindig international ontwikkel kerncijfer handhav vlak aanbrek kabinet coalitieakkoord omzien elkar vooruitkijk toekomst gepresenteerd daarin stan nieuw plann invester samenlev bouw gelijkwaard kans med via hieronder vall verbeter bestaanszeker aanpak onevenwicht arbeidsmarkt bied spectief tegengan armoed schuld versterk uitvoeringsorganisaties gedur szw actief ambities zet nieuw gevall voorwerk gedan later kabinetsperiod menteerd begin bevond lockdownperiod laatst ker generiek bred coronasteunmaatregel ingezet hieronder viel tranch tijdelijk noodmaatregel overbrugg behoud genheid steunmaatregel zelfstand via besluit bijstandverlen zelfstand bbz verstrekt kwam besef samenlev ler lev corona kabinet daarom langetermijnvisie coronasteun twed kamer gestuurd kamerstuk med aanleid hiervor corona twed kamer vergaderjar,Reparations and Remembrance|Modern & Everyday Racism,0.0869000714549709,"[0.008429856414225063, 0.008464674771751252, 0.014149572040501853]","[False, True, True]","[False, True, True]","[0.0869000714549709, 0.0869000714549709, 0.0869000714549709]","[0, 1, 1]",jaarverslag-szw-2022.12.txt__0
jaarverslag-ezk-2022.94.txt,Policyarchive_text\jaarverslagen\2023\jaarverslag-ezk-2022\jaarverslag-ezk-2022.94.txt,2023,jaarverslag-ezk-2022,0,klimaatbeleid regisser regisser national klimaatbeleid basis national werkwijz vastgelegd klimaatwet oog nakom united nation framework convention climat chang unfccc verband gemaakt afsprak reducer over broeikasgasemissies hieronder valt emissiehandelssystem waarin toegewez geveild regie international aspect klimaatbeleid inclusief politiek optred vertegenwoord betreff national gremia daaronder vall europes milieurad relevant uitvoer coordinatie inzet international kader vaststell norm plafond vertal daarvan regelgev verdel doelstell sector milieuthema norm betrek reducer motorvoertu brandstofkwaliteit productie inzet duurzam stoff mondial uitfaser ozonlaagafbrek stoff gefluorideerd broeikasgass handel recht emission trading opdracht emissieautoriteit nea handelssystem waaronder toewijz veil registratie hernieuw energie verker hierover ter control duurzam bijstok duurzam biomassa energiecentrales stimuler klimaatdoel behal maatschapp partner proactief betrok klimat energie stimuleert stand houd aangan organiser allianties bedrijv branches over burger kennisorganisaties rondom overeenkomst parijs klimaatakkoord energieakkoord energiebeleid regisser regisser realisatie grot ject rijkscoordinatieregel rcr vall betekent projectminister binnenland zak koninkrijksrelaties bzk verantwoord ruimtelijk inpass coordinatie benodigd vergunn versneld uitroll windenergie zee richting verder actief participer europes international netwerk ten behoev energy governanc kennis breng ler land instell crer randvoorwaard waardor energievoorzien international concurrer verdienpotentieel sector relatie energietransitie ten voll benut twed kamer vergaderjar xiii,"Colonial Exploitation, Slavery & Economic Inequality|Reparations and Remembrance|Modern & Everyday Racism",0.0971665620577516,"[0.027111127159939376, 0.02061113561705615, 0.006330907095817552]","[True, True, True]","[True, True, True]","[0.0971665620577516, 0.0971665620577516, 0.0971665620577516]","[1, 1, 1]",jaarverslag-ezk-2022.94.txt__0
jaarverslag-buitenlandse-zaken-2022.61.txt,Policyarchive_text\jaarverslagen\2023\jaarverslag-buitenlandse-zaken-2022\jaarverslag-buitenlandse-zaken-2022.61.txt,2023,jaarverslag-buitenlandse-zaken-2022,0,bedrijfsvoeringsparagraf buitenland zak besteedt reerd wijz aandacht bedrijfsvoer via intern controlcyclus waaronder jaarplancyclus arrangement bewaakt doelstell doelmat rechtmat wijz gerealiseerd war nodig bijgestuurd gat bedrijfsvoeringvraagstuk gedur begrotingsjar voorgedan waarvan informatieverstrek inzicht oordeelsvorm twed kamer belang basis rijksbegrotingsvoorschrift informer risico misbruik oneigen verduurzam liging uitzonderingsrapportag rechtmat overschrijd bijzonder voorgedan totstandkom verantwoordingsinformatie bijzonder meld begrotingsbeher financieel beher materiel bedrijfsvoer inkop inkooporganisatie inkoopbeher verder versterkt gewerkt inbed teit lijn financiel servic teven inkoopbeher basis verkreg inzicht doorontwikkeld proces grip inkop eerst verklar afgegev spendanalys lat verbeter kwaliteit ministratie zien ruimt verder verbeter tenregister som ten onrecht uitgav verplicht vastgelegd plat contractbedrag bedrag doelmat wijz achterhal coordiner directeur inkop mat onrechtmat exact vaststell mening gelet aard ting veelal kortlop sprak materieel verschil nader dossieronderzoek plaatsgevond ingezet verder verbeter contractenregister overbruggingsovereenkomst categoriemanagement ienw geinformeerd adr gingscontract interim management organisatieadvies inkoopadvies auditdienst onrechtmat beoordeeld raamovereenkomst inkoopadvies auditdienst percel rechtmat gunning gekom ienw toegelicht bedrijfsvoeringsparagraf jaarverslag gevolg daarvan verplicht nader overeenkomst overbruggingsovereenkomst aangegan onrechtmat bestempeld gat circa miljoen euro twed kamer vergaderjar,Reparations and Remembrance|Modern & Everyday Racism,0.0960987652240944,"[0.0017105670663408509, 0.003326663069174671, 0.015146766075298449]","[False, True, True]","[False, True, True]","[0.0960987652240944, 0.0960987652240944, 0.0960987652240944]","[0, 1, 1]",jaarverslag-buitenlandse-zaken-2022.61.txt__0
jaarverslag-buitenlandse-zaken-2022.87.txt,Policyarchive_text\jaarverslagen\2023\jaarverslag-buitenlandse-zaken-2022\jaarverslag-buitenlandse-zaken-2022.87.txt,2023,jaarverslag-buitenlandse-zaken-2022,0,omschrijv motie vindplat stand zak motie wijngaard voorstell kom basis waarvan toetredingsproces consequenties verbond gebrekk aansluit gemeenschapp buitenland veiligheidsbeleid rad algemen zak rad buitenland zak twed kamer behandel eind afgehandeld motie jasper dijk onverkort vasthoud leidend instrument europes uitbreidingsbeleid rad algemen zak rad buitenland zak twed kamer behandel motie sjoerdsma gesprek lidstat volg intensiver toetredingsperspectief lijn kopenhag criteria snel mogelijk dichterbij breng rad algemen zak rad buitenland zak twed kamer behandel motie mulder werk oploss via constructie miljard euro mak oekraien reger rad algemen zak rad buitenland zak twed kamer behandel motie ceder mensenrechtenbeleid operationaliser kabinetsbred domeinoverstijg aanpak mensenrecht buitenland twed kamer behandel meegenom mensenrecht democratie international rechtsord motie dijk voorkom hoofdtoernooi georganiseerd land geleg lat ligg fundamentel mensenrecht mensenrecht buitenland twed kamer behandel motie haga uitsprek steun taiwan inzet diplomatiek middel china weerhoud acties jegen taiwan vaststell begrotingsstat buitenland zak twed kamer general behandel motie gewijzgd kuzu toepass kinderrechtenverdrag israel vaststell begrotingsstat buitenland zak twed kamer general behandel motie kaart breng groter inzet lever autonom economisch ontwikkel palestijn gebied vaststell begrotingsstat buitenland zak twed kamer general behandel motie vertegenwoordiger diaspora ervaringsdeskund actief betrek opzet meldpunt vaststell begrotingsstat buitenland zak twed kamer general behandel motie staaij versterk band taiwan vaststell begrotingsstat buitenland zak twed kamer general behandel motie jasper dijk bezien hoeverr hulp herstel schad oekrain opgehoogd vaststell begrotingsstat buitenland zak twed kamer general behandel motie jasper dijk alternatiev vorm besluitvorm ovs uitwerk vaststell begrotingsstat buitenland zak twed kamer general behandel motie brekelman geintegreerd lijst statelijk dreiging opstell vaststell begrotingsstat buitenland zak twed kamer general behandel twed kamer vergaderjar,Reparations and Remembrance|Modern & Everyday Racism,0.0893932074886139,"[0.008576431774367375, 0.0016271593069503757, 0.023457563333971705]","[False, True, True]","[False, True, True]","[0.0893932074886139, 0.0893932074886139, 0.0893932074886139]","[0, 1, 1]",jaarverslag-buitenlandse-zaken-2022.87.txt__0
jaarverslag-koninkrijksrelaties-2022.36.txt,Policyarchive_text\jaarverslagen\2023\jaarverslag-koninkrijksrelaties-2022\jaarverslag-koninkrijksrelaties-2022.36.txt,2023,jaarverslag-koninkrijksrelaties-2022,0,instrument uitgav curaçao maart aruba subsidies regel noodpakket aruba subsidie verstrekt bijna voedselhulpprogramma maand doordat subsidieaanvrag eind gedan mogelijk geld ker curacao rester subsidiebedrag bijna uitgekeerd hulpprogramma basis afgelegd verantwoord vaststell subsidie nam twee mutaties verklar verschil realisatie begrot slot bankdienst bedrag koersverschill betaald coho instrument subsidies vanuit tijdelijk werkorganisatie verstrekt verantwoord gat hierbij subsidie verstrekt community servic learning curaçao subsidie aruba ter ondersteun kansspelsector opdracht opdracht land enkel klein opdracht activiteit land gefinan cierd budget verschil realisatie vastgesteld begrot verklaard diver reallocaties plaatsgevond eerst twed suppletoir begrot coho circa bested opdracht landspakket grotendel bested doorlicht nulmet probleemanalyses vorm belangrijk input specifiek invull hervorm pakket denk valt inricht financieel beher overheidsorganisaties social zeker arbeidsmarkt drie land doorlicht bedrijv aruba maart inkomensoverdracht toeslag pensioen conform regel vast verrekenkoer pensioeninkom voormal aruban pensioengerechtigd koersverschill guld ang aruban florin awg enerzijd euro anderzijd gecompenseerd verschil realisatie budget toegevoegd koersreserv twed kamer vergaderjar,"Colonial Exploitation, Slavery & Economic Inequality|Reparations and Remembrance|Modern & Everyday Racism",0.1027783064741297,"[0.003326173339961984, 0.012661187934056215, 0.007762788267808811]","[True, True, True]","[True, True, True]","[0.1027783064741297, 0.1027783064741297, 0.1027783064741297]","[1, 1, 1]",jaarverslag-koninkrijksrelaties-2022.36.txt__0
jaarverslag-szw-2022.23.txt,Policyarchive_text\jaarverslagen\2023\jaarverslag-szw-2022\jaarverslag-szw-2022.23.txt,2023,jaarverslag-szw-2022,0,daarbij voordel zowel thuiswerk locatie werk maximal benut belemmer zovel mogelijk weggenom kamerstuk gebied werk gevar stoff reiding getroff arbobesluit arboregel pass verband herzien arie regel aanvull inzak risico zwar ongevall gevar stoff aangepast regelgev werking getred kenmerkt gebied gezond veilig werk opgekom prioriteit noodzak national actieprogramma waarin seksueel grensoverschrijd gedrag seksueel geweld aangepakt instell commissaris mariet hamer kom uitzend bos voic holland evident vroeg actualiteit aandacht arbeidsomstand national luchthav schiphol covid inzet gevraagd uitwerk wijzig arbowet parallel eerst tranch wijzig wet gezond pandemisch parat mak integratie samenlev bevordert maatschapp samenhang social stabiliteit participatie inburger iederen achtergrond stimuler acceptatie culturel diversiteit samenlev nieuw inburgeringsstelsel streeft kabinet ernar nieuwkomer snel mogelijk meedoen samenlev wet inburger ingegan beoogd nieuwkomer snel mogelijk tal ler hen hoogst haalbar niveau snel volwaard mee maatschappij liefst via betaald werk inburgerar stelsel eigenar eig inburger via maatwerk begeleid ondersteund gemeent belangrijkst wijzig gemeent regie inburger uitvoer nieuw stelsel uitdag extra opvang oekraien ontheemd krapt arbeidsmarkt huisvestingsproblematiek med bijgedrag inburgerar gestart verwacht analys gestart oorzak hiervan oploss hiervor eerst verbeter doorgevoerd gebied leerbaarheidstoet onderwijsrout extra middel beschik gesteld gemeent onderwijsrout financier uitvoer nieuw geringsstelsel loopt activiteit wet inburger war duizend inburgeringsplicht vall uitvoer verbeterplan enkel hardheid stelsel weggenom daarnaast financiel impul waardor duo war nodig maatwerk inburgerar realiser zet kabinet verder versterk samenlev waarin iederen gelijkwaard behandeld niemand uitgeslot zond kabinet national programma discriminatie racism kamerstuk twed kamer vergaderjar,Reparations and Remembrance|Modern & Everyday Racism,0.085892500335203,"[0.009171848101514458, 0.014605341274358774, 0.08907360032836434]","[False, True, True]","[False, True, True]","[0.085892500335203, 0.085892500335203, 0.085892500335203]","[0, 1, 1]",jaarverslag-szw-2022.23.txt__0
jaarverslag-ienw-2022.15.txt,Policyarchive_text\jaarverslagen\2023\jaarverslag-ienw-2022\jaarverslag-ienw-2022.15.txt,2023,jaarverslag-ienw-2022,0,waterstoftankstation bijbehor vrachtwagen realiser aanschafsubsidieregel truck miljoen bested ondernemer help nem emissieloz vrachtauto national vlak ingezet afgelop tien nieuw land overtu global memorandum understand vehicles onderteken waaronder deelnem land sprek vanaf enkel nieuw emissieloz vrachtwagen buss lat verkop grenz vond nairobi succesvoll unep high level plat war afrikan land commitment uitsprak vaststell hoger kwaliteitseis benzin diesel waardor europes partner werkt standaard export gebied smart mobility digitaliser grot stapp gezet afsprak gemaakt marktpartij meest geavanceerd verkeersveiligheidswaarschuw europa national toegangspunt mobiliteitsdata opgezet waarmee invull europes richtlijn gebied adas rijhulpsystem zelfrijd vervoer ads adviez stuurt geimplementeerd tour forc opgesteld national beeld fiet kamer gezond najar bestur overlegg mirt afsprak gemaakt landelijk ongever miljoen mee invester fietsinfrastructur miljard ontsluit bereik woningbouw coalitieakkoord aanvull miljoen stikstofmiddel programma schon emissielos bouw seb beschik gesteld voorhangprocedur ontwerpbesluit werkgebond personenmobiliteit parlement afgerond per motie reger verzocht besluit voorzien ambitie snel mogelijk werking lat tred proces voll gang vrachtwagenheff wettelijk basis gelegd invoer heffing twed kamer wetsvoorstel genheff aangenom eerst kamer volgd teven gewerkt voorbereid uitvoer realisatiefas start begin najar start gegan sluiz verduurzam innovatie sector beoogd bestedingsricht wet stimuler elektrisch vrachtvervoer tijdelijk hernieuw brandstoff innovaties logistiek keten samenwerk vervoerssector verder uitgewerkt luchtvaart duurzam luchtvaart mondiaal niveau milieucomit icao international civil aviation organization haalbaarheidsstudie langetermijndoel vastgesteld beslot ontwikkel gecombineerd basis studie algemen vergader icao med dankzij inzet resolutie aangenom betrek klimat daarin langetermijndoel international luchtvaart ingezet totstandkom ambitieuz europes bijmengverplicht twed kamer vergaderjar xii,Reparations and Remembrance|Modern & Everyday Racism,0.0921132372943676,"[0.02627772632338782, 0.012706576610277598, 0.0058138035214702274]","[False, True, True]","[False, True, True]","[0.0921132372943676, 0.0921132372943676, 0.0921132372943676]","[0, 1, 1]",jaarverslag-ienw-2022.15.txt__0
jaarverslag-vws-2022.83.txt,Policyarchive_text\jaarverslagen\2023\jaarverslag-vws-2022\jaarverslag-vws-2022.83.txt,2023,jaarverslag-vws-2022,0,wachttijd terug dring ondersteuningsteam zorg jeugd ozj samenwerk ketenbureau domein inzicht regional wachttijd gecreeerd aanpak bestat inzicht data structurel oploss specifiek ondersteun behulp pilotregio aanpak vormgegev pilotregio inzicht verkreg wachtend regional oorzak oplossingsricht teven gezamen infrastructur regio opgezet inzicht gedeeld middel publicaties kabinet aanpak mental gezond allemal gelanceerd aanpak richt inwoner bijzonder aandacht onz jeugd wetgevingstraject lop diver wetstraject waarin stapp gezet wet maatschapp verantwoord inkop jeugdwet wmo behandeld twed kamer werking getred gemeent aanbested jeugdzorg pelijk ondersteun gemakkelijker gebruikmak zogenoemd verlicht regim wet verleng dur pleegzorg vervall schikking machtig uithuisplaats geslot jeugdhulp twed kamer aangenom treedt werking wet regelt pleegkinder standaard pleeggezin verblijv wetsvoorstel rechtspositie geslot jeugdhulp gered plenair behandel twed kamer wetsvoorstel integer bedrijfsvoer bieder gepubliceerd internetconsultatie wetsvoorstel beschik zorg jeugdig toezichtdel ligt ter adviser rad stat werk kinder gezinn geweld hoort nergen thuis iederen eig huis veilig groei lev daarom verder gewerkt geweld afhankelijkheidsrelaties eerder beter beeld krijg duurzam stopp terug dring schad ervan beperk programma geweld hoort nergen thuis ghnt verder opgenom programma toekomstscenario scherming regio stat gesteld regional aanpak versterk borg regional programma toekomstscenario gezinsbescherm basis benut ghnt gelegd verder gewerkt versterk regional aanpak voortgangsrapportag programma toekomstscenario gezinsbescherm brief stand zak jeugdzorg twed kamer gestuurd kamerstuk twed kamer geinformeerd over ontwikkel terrein aanpak huiselijk geweld kindermishandel toekomstscenario gezinsbescherm structurel verbeter aangebracht twed kamer vergaderjar xvi,"Colonial Exploitation, Slavery & Economic Inequality|Modern & Everyday Racism",0.1003771226456991,"[0.0051364794541522525, 0.0018423257193381096, 0.03289138061161185]","[True, False, True]","[True, False, True]","[0.1003771226456991, 0.1003771226456991, 0.1003771226456991]","[1, 0, 1]",jaarverslag-vws-2022.83.txt__0
jaarverslag-szw-2022.240.txt,Policyarchive_text\jaarverslagen\2023\jaarverslag-szw-2022\jaarverslag-szw-2022.240.txt,2023,jaarverslag-szw-2022,0,thema werklos werknemer titel typ afrond status syntheseonderzoek werklos werknemer periodiek lopend analys vereenvoud vanuit perspectiev burger uitvoer werkgever over lopend effectiviteit dienstverlen activer effectevaluatie afgerond inzet person dienstverlen leidt algemen zin groter baankan lager beroep maand instrom gemiddeld genom leidt inzet person dienstverlen hoger baankan procentpunt afnam beroep procentpunt zegg gemiddeld elk gerechtigd dankzij inzet person dienstverlen ongever twee extra maand werk ongever twee extra ontvang daarbij opgemerkt lager beroep del komt verhoogd instrom ziektewet positiev effect terug zien mens verschilt intensiteit effect mens verschill werkhervattingskan positiev effect baankan meest merkbar relatief hog werkhervattingskan instrom sollicitatieplicht over start planning oplever periodiek evaluatie werklos werknemer schuift conform sea szw begrot mak uitlop deelonderzoek cpb uitvoert opdracht szw zev verloopt sprak enig uitlop gevolg onvoorzien moeilijk werv respondent evaluatie betrek meerder daarom meerder opgenom experimenteerregel nodig beoogd datum inwerkingtred amvb uiter daarom start verwacht doorlooptijd ruim thema ziekt titel typ afrond status eigenrisicodrag ziektewet start wegen beperkt capaciteit eigenrisicodrag ziektewet uitgesteld verwacht opgeleverd open gemaakt thema inkomensondersteun nabestaand titel typ afrond status financiel positie verkenn kwalitatief afgerond concluder wezenuitker doeltreff doelmat wes terechtkomt huishoud minimuminkom meerderjar wes zelfstand woont wezenuitker doeltreff doelmat bedrag wezenuitker overeenkomt dagelijk kost behor leeftijd wes wanner wes uitker aanvraagt slot concluder specifiek voorwaard twed kamer vergaderjar,Modern & Everyday Racism,0.0829501895413996,"[0.0015186802662376794, 0.0028206385697303825, 0.017712828237936098]","[False, False, True]","[False, False, True]","[0.0829501895413996, 0.0829501895413996, 0.0829501895413996]","[0, 0, 1]",jaarverslag-szw-2022.240.txt__0
jaarverslag-lnv-2022.127.txt,Policyarchive_text\jaarverslagen\2023\jaarverslag-lnv-2022\jaarverslag-lnv-2022.127.txt,2023,jaarverslag-lnv-2022,0,waarbij nvwa buitenland klacht spoedig mogelijk ontvangst doorspeelt betrok ondernemer zodat snel mogelijk nodig treff handhav nvwa exportverzamelplaats twed motie verwacht afgedan voorafgaand komend commissiedebat dier veehouderij voorafgaand commissiedebat nvwa verzoekt reger levenslang verbod houd dier mogelijk mak recidiver dierenbeul parlementair agenda begrot landbouw natur voedselkwaliteit termijn onderhand moment schrijv wetsbehandel plaatsgevond wetsbehandel motie afgedan verzoekt reger mogelijk kaart breng continuer experiment gebied kringlooplandbouw experimenteerregio komend verzoekt reger teven helder verschaff randvoorwaard experimenteerruimt inhoud methodiek monitor experimenteerregio parlementair agenda begrot landbouw natur voedselkwaliteit termijn onderhand verzoekt reger nieuw mestbeleid ingericht goed bodemgezond uitgangspunt plat mest afvalproduct verzoekt reger kamer hiervan informer zomer parlementair agenda begrot landbouw natur voedselkwaliteit termijn onderhand verzoekt reger zorg streng control handhav reptielenbeurz handel dierenwelzijn mogelijk gezondheidsrisico kaart breng kamer hierover spoedig mogelijk informer parlementair agenda begrot landbouw natur voedselkwaliteit termijn onderhand ten aanzien aangescherpt controles kamer geinformeerd brief national actieplan versterk zoonosenbeleid lop vertrag opgelop verwacht kamer geinformeerd verzoekt reger zevend actieprogramma fosfaatvrijstell toe voeg organisch stofrijk product ten eind verlies fosfaatgebruiksruimt ten gevolg invoer gecombineerd fosfaatindicator compenser parlementair agenda begrot landbouw natur voedselkwaliteit termijn onderhand verzoekt reger europes verband dring inventariser grootst knelpunt palingmigratie pleit plan doorlat vergrot verzoekt reger teven grootst knelpunt palingmigratie water inventariser samenwerk waterbeheerder voorstel beter doorlat mak paling parlementair agenda begrot landbouw natur voedselkwaliteit termijn onderhand verzoekt reger stapp zet human dodingsmethod dier verplicht levend kok kreeft krabb verbied parlementair agenda begrot landbouw natur voedselkwaliteit termijn stand zak verstuurd kamer uitgaand brief voortgang gerelateerd visserijbeleid nor loopt bedwelm krabb noorweg gevolgd gekek praktijk hierop aansluit verzoekt reger leidend rol nem stand breng uitwissel best practices specifiek betrek ecoregel kamer hierover informer parlementair agenda begrot landbouw natur voedselkwaliteit termijn georganiseerd international conferentie heeftplaatsgevond heereven verzoekt reger specifieker beeld breng welk typ bedrijv gedur period inkomensgren zit parlementair agenda begrot landbouw,"Colonial Exploitation, Slavery & Economic Inequality|Reparations and Remembrance|Modern & Everyday Racism",0.0856385250289262,"[0.023510897888730103, 0.002422104058146422, 0.006609844886232546]","[True, True, True]","[True, True, True]","[0.0856385250289262, 0.0856385250289262, 0.0856385250289262]","[1, 1, 1]",jaarverslag-lnv-2022.127.txt__0
jaarverslag-justitie-2022.109.txt,Policyarchive_text\jaarverslagen\2023\jaarverslag-justitie-2022\jaarverslag-justitie-2022.109.txt,2023,jaarverslag-justitie-2022,0,misbruik oneigen waaronder fraud intern extern partij misbruik oneigen gevoel terrein systematisch voorzien specifiek preventiev kader richtlijn protocoll control misbruik gan snel mogelijk detecter aanpak betreff informatie verwerk financiel erp system technisch ingebouwd misbruik voorkom wanner fraud system ontdekt gedan snel mogelijk indien toepass systeemtechnisch doorgevoerd betreff financiel system coordinator kasbeher central coordinator integriteitsbeleid coordiner directeur inkop aangev gevall financiel integriteitschend meld een anoniem melding financien binnengekom melding besprok ambtelijk leiding jenv geleid uitvoer gestuurd adr adr onderzoeksrapport opgeleverd belast feit vor gekom jenv beschikt adequaat goedwerk integriteit ter voorkom bestrijd fraud corruptie geling bekostigingsregel opvang ontheemd oekrain booo regel opvang ontheemd oekrain rooo tuatie opgesteld gedur betrok partij intensief contact gehad risico uitvoer zovel mogelijk mitiger toe geleid regel indicator aangescherpt gebruiker samenwerk gezien best practic regel risico beheersmaatregel restrisico opgenom aanbevel algemen rekenkamer overnem opstell nieuw regel analys stell wettelijk vereist over aspect bedrijfsvoer personeelsbeher personeelsbeher licht bevind aangemerkt adr jenv snel goed aangepast corona verander omstand werk gewon doorgegan hybrid werk tegelijkertijd afgelop impact gehad medewerker verzuim med gevolg landelijk jenv toegenom werkdruk som hog vel gedwong thuiswerk balan druk kom stan nadruk aandachtspunt arbeidsmarkt zer krap waardor instrom behoud medewerker grot belang geldt langer schar functies zorgmedewerker jurist dergelijk eigen functies red werking aangehaald opgetrok vacatures kandidat sollicitatieprocedures zodat extra kan krijg medewerker behoud loopbaanpad twed kamer vergaderjar,"Colonial Exploitation, Slavery & Economic Inequality|Reparations and Remembrance|Modern & Everyday Racism",0.1015944317934234,"[0.009604842776471889, 0.0013847582513202925, 0.027646350841179806]","[True, True, True]","[True, True, True]","[0.1015944317934234, 0.1015944317934234, 0.1015944317934234]","[1, 1, 1]",jaarverslag-justitie-2022.109.txt__0
jaarverslag-buitenlandse-zaken-2022.41.txt,Policyarchive_text\jaarverslagen\2023\jaarverslag-buitenlandse-zaken-2022\jaarverslag-buitenlandse-zaken-2022.41.txt,2023,jaarverslag-buitenlandse-zaken-2022,0,effectiev europes samenwerk algemen doelstell algemen doelstell effectiev europes samenwerk europes unie lidstat vreedzam welvar sterk mogelijk toekomst loods europa essentieel onz welvaart vrijheid actiev opstell europes vormingsproces bilateral relaties europes partner direct belang burger bedrijv consequent constructief optred invloed europes unie vergrot med vorm gev ontwikkel europa direct invloed onz economisch social politiek toekomst rol verantwoord europes unie gewerkt economisch groei leg gezond overheidsfinancien lidstat stendig europes samenwerk gericht hoofdzak toegevoegd waard daarnaast zull uittredingsproces verenigd koninkrijk europes migratieproblematiek aanlop onderhandel nieuw meerjar financieel kader aandacht slot zet effectief extern inclusief versterkt gemeenschapp defensiebeleid stat unie bevat geintegreerd visie reger europes samenwerk rol daarbij buitenland zak verantwoord regisser bevorder bewak coherentie consistentie europabeleid inclusief voorbereid europes rad horizontal dossier interdepartemental afstemm inzet verschill afzonder raadsformaties vormgev europes extern ten opzicht derd land inclusief uitbreid uittred regio ontwikkelingsland gedachtenvorm institutionel structur onderhoud intensiver bilateral relaties europes land bevorder europes schap financier afdracht europes begrot europes ontwikkelingsfond eof bijdrag hechter europes waardengemeenschap middel rad europa bijdrag ter versterk positie unie waaronder benelux twed kamer vergaderjar,"Colonial Exploitation, Slavery & Economic Inequality|Modern & Everyday Racism",0.1069044967649697,"[0.025433035460603323, 0.005274459011389409, 0.012574790048305338]","[True, False, True]","[True, False, True]","[0.1069044967649697, 0.1069044967649697, 0.1069044967649697]","[1, 0, 1]",jaarverslag-buitenlandse-zaken-2022.41.txt__0
jaarverslag-bhos-2022.40.txt,Policyarchive_text\jaarverslagen\2023\jaarverslag-bhos-2022\jaarverslag-bhos-2022.40.txt,2023,jaarverslag-bhos-2022,0,maatschapp uitdag benoemd faciliter ondersteun bedrijv zak buitenland markt waaronder land behulp kennis informatie contact netwerk positioner belangenbehart inclusief financier hierbij special aandacht kleinbedrijf startup clustergewijz samenwerk bedrijv buitenland markt stimuler aantrek international vestigingsklimat buitenland invester ten behoev versterkt international verdienvermog stimuler goed bestur vorm goed regelgev betrouw instituties actor verbeterd gimes middeninkomensland regisser actiev lever schrag bevorder regel gebaseerd mondiaal investeringssystem oog duurzam inclusiviteit gelijk speelveld via wto oeso bevorder duurzam inclusiev bilateral handelsakkoord derd land effectiev implementatie akkoord bevorder international kader imvo via oeso voluntary principles security human right vorm inhoud gev economisch diplomatie economisch missies inkom uitgaand bezoek opstell bewak afgestemd reisagenda kabinet bevorder samenwerk terrein international ondernem via stelsel privat kant krachtenbundel via international busines kant trad innovat netwerk daartussenin werkplat nieuw opgericht international strategy board isb zicht houd realiser gezamen tionaliseringsstrategieen daarover privat partij adviser invull gev international kant topsectorenbeleid inhoud gev exportkredietverzeker ekv financien afstemm inspann gebied privat sectorontwikkel duurzam inclusiev groei multilateral bilateral donor bijzonder aandacht programma europes uitvoer behandel klacht bedrijv buitenland oner concurrentie uitvoer control export strategisch goeder international kader overeengekom national implementatie uitvoer international sancties war export gerelateerd betreff aanstur vormgev inzet rijksdienst ondernem rvo gebied handelsbevorder privat sector ontwikkel strategisch aanstur ontwikkelingsbank fmo twed kamer vergaderjar xvii,"Colonial Exploitation, Slavery & Economic Inequality|Reparations and Remembrance|Modern & Everyday Racism",0.0843274042711567,"[0.00688250172168067, 0.013724592449121926, 0.012305893799714617]","[True, True, True]","[True, True, True]","[0.0843274042711567, 0.0843274042711567, 0.0843274042711567]","[1, 1, 1]",jaarverslag-bhos-2022.40.txt__0
bijlage-2-memorie-van-toelichting-wetsvoorstel-wet-versterking-waarborgfunctie-awb.17.txt,Policyarchive_text\besluiten\2023\bijlage-2-memorie-van-toelichting-wetsvoorstel-wet-versterking-waarborgfunctie-awb\bijlage-2-memorie-van-toelichting-wetsvoorstel-wet-versterking-waarborgfunctie-awb.17.txt,2023,bijlage-2-memorie-van-toelichting-wetsvoorstel-wet-versterking-waarborgfunctie-awb,0,versie pcmo goed ervar opgedan informel aanpak vergrot waarder mens overheidsmedewerker daarnaast vermindert procedures doorlooptijd daarvan waardor kost procedures verschill overheidsorgan informel oplossingsgericht aanpak overgenom eig praktijkonderzoek blijkt houding vaardig overheidsmedewerker essentieel succesvol informel belang leidinggev medewerker stimuler ondersteun oplossingsgericht werk invoer informel aanpak vergt verander training positiev ervar aanpak pcmo red reger element aanpak vast legg awb waarbij nadruk formaliser informel aanpak vermed kabinetsreactie parlementair ondervragingscommissie kinderopvangtoeslag aangekondigd laagdrempel geschilbeslecht bevorderd inspann erop gericht vroeg stadium conflict loss misverstand weg ruim gesprek gan zodat mens nodelos fas bezwar beroep beland komt formel bezwar bezwaarprocedur functie vervull awb bedoeld laagdrempel gejuridiseerd kosteloz voorzien burger waarbij goed kijkt genom besluit terecht integral heroverweg fas geschil desondank rechter belandt spant sted betrok kom via laagdrempel vorm geschilbeslecht via voornem bevestigd kamerbriev wetsvoorstel bevat volgend wijzigingsvoorstell laagdrempel geschilbeslecht bevorder twee wijzigingsvoorstell zien fas voordat eventueel bezwar ingedi besluit ten eerst bestuursorgan verplicht besluit contactgegeven vermeld hiermee med invull twed kamer aanvaard vraagt opnam contactgegeven correspondentie verschill vorm laagdrempel geschilbeslecht essentieel partij voorafgaand eventuel bezwaarprocedur elkar contact kom elk besluit contactgegeven vermeld belanghebb contact legg bestuursorgan eventueel uitleg vroegtijd contact problem opgelost waardor bezwaarprocedur voorkom ten twed mogelijk eerder achterligg stuk besluit verkrijg mens pas recht nadat bezwar ingedi besluit achterligg stuk besluit inzicht gev besluit help eventueel contact bestuursorgan besluit goed onderbouwd bezwar huidig beperk toegang stuk geld toegang stuk beperkt geheimhoud gewicht reden gebod toegevoegd gewicht reden elk geval sprak wanner verstrek stuk leid onevenred benadel geadresseerd besluit deg stuk gan zie euwema veld koetsenruijter prettig contact praktisch handreik inzet mediationvaard binnenland zak koninkrijksrelaties den hag zie informatie rad open bestur hoort eigen passend contact burger raadpleg via wever constateerd proefschrift vooral oplossingsgericht werkwijz bijdroeg ervar kwaliteit bezwaarbehandel zie wever kwaliteit bestuursrecht bezwaarprocedures rijksuniversiteit groning mein marx handboek oplossingsgericht werk bezwar bom,Reparations and Remembrance|Modern & Everyday Racism,0.1059680889720989,"[0.0056307352829708356, 0.0009383488844447107, 0.031508856490314145]","[False, True, True]","[False, True, True]","[0.1059680889720989, 0.1059680889720989, 0.1059680889720989]","[0, 1, 1]",bijlage-2-memorie-van-toelichting-wetsvoorstel-wet-versterking-waarborgfunctie-awb.17.txt__0
jaarverslag-defensie-2022.26.txt,Policyarchive_text\jaarverslagen\2023\jaarverslag-defensie-2022\jaarverslag-defensie-2022.26.txt,2023,jaarverslag-defensie-2022,0,bestuursstaf ter voorbereid defensiebred uitrol komend specialistisch zoeksoftwar verworv zodat informatie beter toegank doo ontwikkelt system werkwijz zeker stell omgegan informatie missies daarbij nadruk toekomst missies kaart gebracht wijz structurel ondersteun doorzoek vorm krijg defensie per eerst fas wet open woo geimplementeerd medewerker getraind kwaliteit verbeter ambtelijk adviser beslisnota prinsjesdag open gemaakt hoogwaard randvoorwaard igo doelstell defensie behal defensie gebied afgelop keuzes mak noodzak ontwikkel informatiegestuurd uitgangspunt ontwikkel daarom defensie verschill niveaus security operation centres ingericht sneller handel eventuel cyberdreig kader cyber programmabureau opgericht belast realisatie uitvoeringsplan cyber daarnaast stimuler innovatie domein cyber innovation hub opgestart informatie stroomlijn zodat leidinggev commandant digital voorzien informatie nodig command control wapengebond bedrijfsvoer nodig grit legt basis veilig stendig kader grit gestart bouw twee datacentra eerst blok betrek operationel compartiment opgeleverd vanaf realisatiefas roger eerst zichtbar technisch conversie nieuw versie sap hana succesvol uitgevoerd vervang sap ariba intern governanc versterkt middel draagt nodig cultuuromslag opbouw kennis kund nodig technologisch hoogwaard informatiegestuurd krijgsmacht verbeter kennis kund nodig digital transformatie belangrijk stapp gezet werv seerd personel uitbreid bijscholingsmog gebied data inlicht defensie geinvesteerd versterk mivd investeert teven inlichtingencapaciteit krijgsmacht geleid verder versterk inlichtingenpositie aanzet daartoe toekomst noodzak versterk russisch inval oekrain aangetoond med goed informatiepositie zowel mivd aivd talrijk international organisaties inter national partner departement stat gesteld weerbar verhog tijdig passend treff twed kamer vergaderjar,"Colonial Exploitation, Slavery & Economic Inequality|Reparations and Remembrance|Modern & Everyday Racism",0.1042336877124441,"[0.023852804005423906, 0.006456541820130826, 0.028450494536406704]","[True, True, True]","[True, True, True]","[0.1042336877124441, 0.1042336877124441, 0.1042336877124441]","[1, 1, 1]",jaarverslag-defensie-2022.26.txt__0
jaarverslag-binnenlandse-zaken-2022.92.txt,Policyarchive_text\jaarverslagen\2023\jaarverslag-binnenlandse-zaken-2022\jaarverslag-binnenlandse-zaken-2022.92.txt,2023,jaarverslag-binnenlandse-zaken-2022,0,behaald vooruitlop implementatie national niveau aandacht bested vormgev handhav ondersteun kader digital inclusie digitaliser biedt vel kans kent risico mogelijk digital person digital contact onderhoud naast digital zak mens beschik voldoend digital vaardig wijsheid informatievaard mee kom samenlev kans digitaliser benut strev ernar iederen mogelijk mee digital samenlev digi basisvaard miljoen laaggeletterd verhoogd tel mee tal programma verbeter digital vaardig omvat thema digital inclusie verbeter overheidsdienstverlen toegankelijker begrijpelijker gebruiksvriendelijker mak expertisecentrum digitoegank digitoegank toezicht gramma stimuler ondersteun over websites app toegankelijker mak gebruiker central werkt beter digital toegank gebruiksvriend dienst inclusief ontwerp stimuler via design system toetsingskader inclusie daarnaast stimuleert gebruiker central duidelijk tal beeldtal over direct duidelijk actiev community professional verbeter digital toegank begrijp gebruiksvriend sted procesmat aanpak overheidsorganisaties informatieveil lijn werkagenda waardegedrev digitaliser verder gewerkt cyberveil weerbar oefen voorbereid vaardiger handel voordat echt incident voordoet vanweg aanhoud grot risico ransomwar aanvall stond gesimuleerd hackaanval overheidsbred cyberoefen tek aanval kritiek system fictiev gemeent hel land nam eerst organisaties simultan cyberoefen gelet positiev respon sted groter wordend over elk actief meedoet levert cyberprogramma zie hieronder belangstell voorziet simultan oefen duidelijk bred behoeft waarop programma doorontwikkeld behalv oefen bestond cyberprogramma zie serie webinar daarin aandacht bestur afweg presentaties instrument best practices verhog digital weerbar sering organisaties keten alsok masterclas redteam aanmeld onlin programma editie gesteg waarmee groei afgelop opnieuw doorgezet bzk onverminderd inzet faciliter ondersteun aanjag rol richting over digital verhog twed kamer vergaderjar vii,Reparations and Remembrance|Modern & Everyday Racism,0.1015073313497946,"[0.01785761616245863, 0.009465693150434357, 0.025558163894441547]","[False, True, True]","[False, True, True]","[0.1015073313497946, 0.1015073313497946, 0.1015073313497946]","[0, 1, 1]",jaarverslag-binnenlandse-zaken-2022.92.txt__0
jaarverslag-lnv-2022.208.txt,Policyarchive_text\jaarverslagen\2023\jaarverslag-lnv-2022\jaarverslag-lnv-2022.208.txt,2023,jaarverslag-lnv-2022,0,acm autoriteit consument markt lid landelijk inspectiedienst dierenbescherm lnv landbouw natur voedselkwaliteit mbo middel beroepsonderwijs marktintroductie mfk meerjar financieel kader mkb kleinbedrijf mkz mvo maatschapp verantwoord ondernem mzs medisch zorg sport ncd newcastl diseas ndff national databank flora fauna nem netwerk ecologisch monitor ngo nipo nederland institut opinie nof programma natuuroffensief nppl national proeftuin precisielandbouw nvwa warenautoriteit nwo wetenschapp obn ontwikkel beher natuurkwaliteit ocr official control regulation ocw cultur wetenschap oie offic international des epizooties open ovb overdrachtsbelast pas programma aanpak stikstof pbl planbureau leefomgev pbo publiekrecht bedrijfsorganisatie pia programma international agroketen pop plattelandsontwikkelingsprogramma rivm rijksinstitut volksgezond milieu rijksdienst ondernem rws rijkswaterstat rwt rechtsperson wettelijk tak salmonella enteritidis sda stichting diergeneesmiddel autoriteit sdg sustainabl development goal ser rad sso shared servic svd swin vesicular diseas blaasjesziekt toegepast organisaties tse transmissibl spongiform encephalopathies unesco united nation educational scientific cultural organization vamil regel vervroegd afschrijv vbne veren natuurterreineigenar vgi genotmiddelenindustrie vws volksgezond welzijn sport wecr wagen economic research woah world organisation animal health wot wettelijk onderzoekstak wagen research wrr wetenschapp rad regeringsbeleid zbo zelfstand bestuursorgan zva ziekt aujeszky twed kamer vergaderjar xiv,Reparations and Remembrance|Modern & Everyday Racism,0.0976092160357725,"[0.0019805952186720366, 0.019419674974793293, 0.0052662653115142346]","[False, True, True]","[False, True, True]","[0.0976092160357725, 0.0976092160357725, 0.0976092160357725]","[0, 1, 1]",jaarverslag-lnv-2022.208.txt__0
jaarverslag-ienw-2022.289.txt,Policyarchive_text\jaarverslagen\2023\jaarverslag-ienw-2022\jaarverslag-ienw-2022.289.txt,2023,jaarverslag-ienw-2022,0,thema subthema typ afrond status aanbevel begrotingsartikel autodel middelgrot gemeent ontwikkel momentel landelijk gebied kom eerst initiatiev gang open vervoer spor open vervoer spor monitor evaluatie stat infrastructur afgerond prorail concludeert stat infra ruim voldoend kamerstuk evaluatie vergoed start evaluatie bvov gestart aanvank start komst tvov start verplaatst medio beid regel namelijk eenzelfd soort karakter start zodra informatie beschik werking verantwoord effect regel monitor term review waddenconcessies open vervoer afgerond concluder concessies halverweg looptijd voldoend mat bereikt verschill aanbevel gedan continuiteit veerdienst waarborg effectiviteit sturing handhav vergrot tevred reiziger decentral over verbeter evaluatie maatregelenpakket spoorgoederenvervoer afgerond vanuit groeidoelstell maatregelenpakket gekek genom gesteld tijdelijk subsidieregel gebruiksvergoed meest substantiel kost spoorgoederenvervoer verlaagd daarmee groei spoorgoederenvervoer mogelijk mak duidelijk meetbar effect groeidoelstell echter zichtbar structurel effect toekomst spoorgoederenvervoer verwacht direct meetbar effect groeidoelstell bied randvoorwaard inzicht verbeter groei spoorgoederenvervoer kom geldt aandacht uitgegan oppak achterstall onderhoud infrastructur spoorgoederenvervoer doorvoer procesverbeter capaciteitsverdel evenal opzet pilot trillingshinder gan communicatieproduct imago verbeter grot war verwacht volled gerealiseerd betreft meter lang trein verbeter capaciteit betrouw spor gericht efficient havenlogistiek geldt langer looptijd huidig belangrijk obstakel realiser verschill cluster vor kwam vooraf budget geregeld uitvoer praktijk kost tijd regel belemmer voortgang vergrot efficientie havenlogistiek speeld praktijk verschill operationel problem aanliep waardor lukt twed kamer vergaderjar xii,Reparations and Remembrance|Modern & Everyday Racism,0.0947758204414547,"[0.011186826413914979, 0.0020762445981179337, 0.022838058229133533]","[False, True, True]","[False, True, True]","[0.0947758204414547, 0.0947758204414547, 0.0947758204414547]","[0, 1, 1]",jaarverslag-ienw-2022.289.txt__0
financieel-jaarverslag-rijk-2022.12.txt,Policyarchive_text\jaarverslagen\2023\financieel-jaarverslag-rijk-2022\financieel-jaarverslag-rijk-2022.12.txt,2023,financieel-jaarverslag-rijk-2022,0,procent minsten een ker per wek social reden familieled vriend bur ontmoet groter middellangetermijntr drie indicator echter dalend vrijwilligerswerk veren sociaal contact bron cbs vertrouw hog neemt toe percentag bevolk meest mens vertrouw vindt recent trendmat stijg basis datapunt trendmat stijging waarnem vindt procent bevolk ouder meest mens vertrouw vertrouw verschill instituties licht gedaald ten opzicht basis meerjar analys echter enkel indicator ten aanzien vertrouw trendmat daling waarnem sterker betreft vertrouw per rechter europes unie trendmat stijging zien trendmat ontwikkel vertrouw twed kamer neutral alhoewel vertrouw jaarbasis gedaald procent procent twed kamer vergaderjar,Modern & Everyday Racism,0.1055289706022172,"[0.012615266260855188, 0.0007877224459363952, 0.015341051809201093]","[False, False, True]","[False, False, True]","[0.1055289706022172, 0.1055289706022172, 0.1055289706022172]","[0, 0, 1]",financieel-jaarverslag-rijk-2022.12.txt__0
advies-nav-146e-omt-covid-19.5.txt,Policyarchive_text\brieven\2023\advies-nav-146e-omt-covid-19\advies-nav-146e-omt-covid-19.5.txt,2023,advies-nav-146e-omt-covid-19,0,datum kenmerk concluder stell omikron subvariant grotendel transitiefas hen lijkt endemisch fas bereikt voorspel oplev klassiek luchtwegseizoen winter echter beperkt goed surveillanc daarom net influenza geldt grot belang oplev virus nieuw sub variant waning immunity tijdig detecter indien nodig bestrijdingsmaatregel nem daarbij hoort international niveau monitor dier beslot voorlop public health emergency international concern pheic wereldwijd sterft hog vergelek luchtweginfecties sluit nieuw variant ontstan biologisch eigenschapp daarnaast bestat onzeker impact langdur klacht pcc eventuel complicaties ecdc adviser duurzam actieplan ontwikkel preventie surveillanc respon lang termijn betekent huidig fas epidemie geldend zowel algemen mens verhoogd risico ernstig belop zorgmedewerker vraagstell vws algemen acht wenselijk fas pandemie specifiek adviez namelijk zelftest klacht isolatie gan positiev testuitslag stand houd indien geval kunt zicht bied tijdpad voorwaard afschal adviez mogelijk testadvies indien testadvies wenselijk acht adviseert generiek testadvies testadvies specifiek doelgroep bepaald gevall indien laatst geval specifiek doelgroep bepaald gevall adviseert welk typ test zelftest professionel afgenom antigeentest welk gedragsadvies volg positiev kunt reflecter wenselijk noodzak standhoud testcapaciteit termijn waarin opschal plaatsvind geval momentel geldt volgend doelgroep advies pcr tma ggd zorgmedewerker werk mens kwetsbar gezond inwoner verpleeghuis instell kwetsbar person ernstig afweerstoornis mens thuis won dagbested gan ernstig afweerstoornis mens zelftest hulp ander mens herstelbewijs nodig,Reparations and Remembrance|Modern & Everyday Racism,0.0907841299003203,"[0.0019896258867632753, 0.0014928766834264827, 0.016424391729773172]","[False, True, True]","[False, True, True]","[0.0907841299003203, 0.0907841299003203, 0.0907841299003203]","[0, 1, 1]",advies-nav-146e-omt-covid-19.5.txt__0
beslisnota-bij-kamerbrief-beleidsreactie-op-beleidsdoorlichting-erfgoed.2.txt,Policyarchive_text\beleidsnotas\2023\beslisnota-bij-kamerbrief-beleidsreactie-op-beleidsdoorlichting-erfgoed\beslisnota-bij-kamerbrief-beleidsreactie-op-beleidsdoorlichting-erfgoed.2.txt,2023,beslisnota-bij-kamerbrief-beleidsreactie-op-beleidsdoorlichting-erfgoed,0,energiebespar isd subsidieregel verduurzam veren eigenar svve aangepast toegankelijker huiseigenar monument verduurzam erfgoed leefomgev bestur afsprak wederopbouwgebied evaluer relatie bescherm beschermd dorpsgezicht waardevoll gebied komend zet werelderfgoednominaties koninkrijk plantages west curaçao marin park curaçao netherland fund trust werelderfgoedcentrum unesco parijs voort zet period archeologie gesprek bedrijv over gan situ behoud aanvull regelgev noodzak rce verkenn wijz gelijkvorm eis deponer bevorderd nader metaaldetectie roerend erfgoed samensprak sector nieuw beleidslijn gebied mobiel erfgoed stell waarin duurzaamheidsopgav hoeverr passender beschermingsbeleid kom betrok verder will volgend wijz besluitenlijst procedurevergader vast cultur wetenschap donderdag blek kamercommissie nader informatie wild afwacht alvoren beleidsreactie advies collectie wild agender volgen medewerker kamercontact ging hierbij beschermingscriteria nieuw vast gan hanter eerder brief aangegev eind kamer informeert zitting zull nem beschermwaard cultuurgoeder voorligg brief geeft updat beschermingscriteria informatie open gemaakt,Reparations and Remembrance|Modern & Everyday Racism,0.0870388279778489,"[0.02453474106023923, 0.03958618509522559, 0.018269021492676424]","[False, True, True]","[False, True, True]","[0.0870388279778489, 0.0870388279778489, 0.0870388279778489]","[0, 1, 1]",beslisnota-bij-kamerbrief-beleidsreactie-op-beleidsdoorlichting-erfgoed.2.txt__0
advies-nav-146e-omt-covid-19.11.txt,Policyarchive_text\brieven\2023\advies-nav-146e-omt-covid-19\advies-nav-146e-omt-covid-19.11.txt,2023,advies-nav-146e-omt-covid-19,0,datum kenmerk pbm bestat chirurgisch mondneusmasker typ iir mondneusmasker oogbescherm spatbril schort lang mouw spatwaterdicht wegwerphandschoen huidig epidemiologisch fas waarbij gezond medewerker geldt hog immuniteit circuler variant nodig aangeslot infectiepreventierichtlijn geld luchtwegviruss voornam via druppelinfectie overgedrag daarbij nodig standaard schort lang mouw drag mondneusmasker spatbrill handschoen behandel verpleg verzorg patient luchtweginfecties verwez bestaand infectiepreventierichtlijn verschill sector zorgverlener gebruik preventief mondneusmasker patient handel meter huidig epidemiologisch fas algemen nodig indicatie toegepast specifiek afdel specifiek patient specifiek behandel basis viger professionel richtlijn moment diver professionel richtlijn infectiepreventie zorginstell ontwikkeld sri herzien fms verenso nvavg waarbij aandacht preventief mondneusmaskergebruik luchtweginfecties algemen zin voorkom nodig surveillanc huidig fas vraagstell vws surveillanc kunt gezien huidig verwacht situatie reflecter meldingsplicht surveillanc test contactonderzoek transitieperiod bijzonder rol zorginstell ziekenhuiz belangrijk zicht houd verspreid virus eigenschapp virus ziektelast mat bescherm vaccinatieprogramma samenhang beschik informatie verschill bronn belangrijk surveillanc nieuw variant verander monitor advies omt stan uitgebreid beschrev ecdc roep ondank afnam ernst ziektebeeld goed volg surveillanc verspreid virus verspreid virus bevolk gemonitord basis rioolwatersurveillanc infectieradar bronn beperkt beinvloed testbeleid gev inzicht patient huisart bezoek ziektebeeld iaz acut respiratoir infectie ari hoewel peilstation uitgebreid populatie vanweg huisart bezoekt beinvloed mogelijk ggd test,Reparations and Remembrance|Modern & Everyday Racism,0.0890798668166088,"[0.015395535999181954, 0.009127650286207328, 0.017690943457290623]","[False, True, True]","[False, True, True]","[0.0890798668166088, 0.0890798668166088, 0.0890798668166088]","[0, 1, 1]",advies-nav-146e-omt-covid-19.11.txt__0
derde-advies-platform-perspectief-jongeren.4.txt,Policyarchive_text\brieven\2023\derde-advies-platform-perspectief-jongeren\derde-advies-platform-perspectief-jongeren.4.txt,2023,derde-advies-platform-perspectief-jongeren,0,speelt tekort uitval hog werkdruk stres docent belangrijk rol mannelijk student student migratieachtergrond student kwetsbar financiel achtergrond vaker ervar bovendien ondersteun vanuit onderwijsinstell aanpak studievertrag sprak negatiev spiral studievertrag mental problem student ervar groter studievertrag leidt groter studieschuld wer zorgt stres daarmee mental welzijn negatief genoemd problem betrek zowel student mbo degen hoger apart student mbo benoemd vel aangev gevoel ongelijkwaard behandeld gehoord politiek daarnaast zegg gewaardeerd gezien voel maatschappij waarin mbo lag bestempeld gebrek aandacht corona stapelt gevoel ongelijk behandel recent daarom ingezet versterk gelijkwaard mbo ers ten opzicht hbo samenvat lat diver zien welbevind student verschill manier druk stat del corona corona bestaand druk verhoogd daarnaast nieuw problem gezorgd som zwar jonger druk vindt zorgelijk signal geldt genoemd problematiek zichzelf stat belangrijk wissel trekt schoolprestaties mental weerbar goed mental welzijn vorm solid basis verder ontwikkel scholier verbond voel schol beter social emotionel vaardig beschik gemotiveerd ler hal beter cijfer schol jonger makkelijker aanpass bereik daardor perspectief onderwijsprofessional middel beroepsonderwijs gesignaleerd problematiek gesprek ppj bestuurder onderwijsprofessional onderwijsinstell komt vor toenam versterk ziet bestaand knelpunt gebied mental welzijn corona daarbij vooral groep student kwetsbar positie problem schoolgang dagelijk bestan verhevigd toenam hulp middel individuel traject lsvb afstand ervar student afstandsonderwijs aanleid coronacrisis cultur wetenschap national programma twed voortgangsrapportag dopmeijer nuij busch monitor mental gezond middelengebruik student hoger deelrapport mental gezond student hoger rivm ggd ghor dopmeijer nuij busch monitor mental gezond middelengebruik student hoger deelrapport mental gezond student hoger rivm ggd ghor lsvb afstand ervar student afstandsonderwijs aanleid coronacrisis goedhart dedding rodriguez spruijt mbo mental welbevind student coronacrisis rivm amsterdam umc kabinet versterkt mbo grot rol tegengan kansenong verkenn ontwikkel primair utrecht pharos,Reparations and Remembrance|Modern & Everyday Racism,0.1054541008016593,"[0.00799746332368041, 0.006776363756190594, 0.03276687355048816]","[False, True, True]","[False, True, True]","[0.1054541008016593, 0.1054541008016593, 0.1054541008016593]","[0, 1, 1]",derde-advies-platform-perspectief-jongeren.4.txt__0
jaarverslag-buitenlandse-zaken-2022.50.txt,Policyarchive_text\jaarverslagen\2023\jaarverslag-buitenlandse-zaken-2022\jaarverslag-buitenlandse-zaken-2022.50.txt,2023,jaarverslag-buitenlandse-zaken-2022,0,inval oekrain samenwerk russisch culturel ling opgeschort culturel programma rusland volled uitgevoerd publieksdiplomatie via publieksdiplomatie richt doelgroep belang ontwikkel bereik uitdrag ling terrein buitenlandbeleid werd kans ruimschot benut wer werk privat partner buitenland voorbeeld hiervan inzet bezoekersprogramma waarmee mensenrechtenactivist journalist kond reiz scholing training aangan dialog verschill organisaties via uitgaand staatsbezoek aandacht bested international ondernem expertis bedrijv post lijn wen kamer belang gewaarborgd nederland waardenstelsel uitgedrag juist land waarmee mening verschill post vanuit publieksdiplomatie samenwerk world pres photo tentoonstell dertien plek wereldwijd gerealiseerd waarvor media aandacht verkreg beslisser beinvloeder bereikt inzet media maatschapp middenveld draagt buitenlandbeleid verstev vrijheid meningsuit persvrij international positioneringsstrategie regie uitgevoerd leverd hiervor eenduid boodschapp instrument activiteit ingezet international erkend dag belanghebb conferenties evenement waaronder ukrain accountability conferenc nederland paviljoen expo dubai verder evenement ingezet ter ondersteun aanpak crises onlin kanal post ingezet engagement buitenland doelgroep beeldvorm gat websit netherland platform kanal post facebok twitter linkedin instagram aangewez dag opgekom mensenrecht inclusief lijkheid persvrij vrijheid meningsuit budgettair gevolg budgettair gevolg beleidsartikel consulair dienstverlen uitdrag waard bedrag realisatie realisatie realisatie realisatie realisatie vastgesteld begrot verschil verplicht uitgav twed kamer vergaderjar,"Colonial Exploitation, Slavery & Economic Inequality|Reparations and Remembrance|Modern & Everyday Racism",0.0970269341029726,"[0.011151571823056849, 0.018468560231040595, 0.04877983151474766]","[True, True, True]","[True, True, True]","[0.0970269341029726, 0.0970269341029726, 0.0970269341029726]","[1, 1, 1]",jaarverslag-buitenlandse-zaken-2022.50.txt__0
uitgangspunten-cultuursubsidies-2025-2028.16.txt,Policyarchive_text\beleidsnotas\2023\uitgangspunten-cultuursubsidies-2025-2028\uitgangspunten-cultuursubsidies-2025-2028.16.txt,2023,uitgangspunten-cultuursubsidies-2025-2028,0,uitgangspunt cultuursubsidies monitor gezamen maatschapp impact instell gan uitmak infrastructur druk gevoeld ten aanzien verantwoord subsidie verlag gestart aanpak instell rijk vanuit overheidslag meerjar gesubsidieerd gezamen monitor aanpak kost deelnem instell tijd geeft over beter inzicht context waarin instell opereert gezamen monitor huidig getest kleiner schal gan nieuw period uitbreid overleg over daarnaast gef gehor bred gedrag wen nadruk legg maatschapp impact instell activiteit kwantitatiev verschill brancheveren hierom gevraagd motie strien roept aandacht kom maatschapp impact instell verantwoordingsproces nieuw tegemoet kom wen beoordelingsprocedur volg advies rad maatschapp betekenis criterium nem waarmee ruimt ontstat maatschapp context instell activiteit motie strien twed kamer vergaderjar auditdienst rijk adr verkenn gedan adr geadviseerd objectief met maatschapp impact instellingsniveau haalbar manier bestan impact kwalitatiev manier beeld breng hiervor eerst stapp gezet period start daarom pilot waarin instell stakeholder geexperimenteerd manier pelijk impact culturel instell inzicht mak instellingsniveau pilot gewerkt adviez adr vormgev bred gedrag definities maatschapp impact ontwikkel monitorinstrument juist context plaats vindt plat maatschapp impact culturel sector gehel inzicht gemaakt ervar twee traject pilot verkenn adr gebruik nieuw cultuurbestel vanaf ruimt mak maatschapp impact cultur aanpak kost deelnem instell tijd geeft over beter inzicht context waarin instell opereert,Reparations and Remembrance|Modern & Everyday Racism,0.0942376461131862,"[0.0030384812834090653, 0.007819991472338679, 0.0416660761912085]","[False, True, True]","[False, True, True]","[0.0942376461131862, 0.0942376461131862, 0.0942376461131862]","[0, 1, 1]",uitgangspunten-cultuursubsidies-2025-2028.16.txt__0
jaarverslag-ienw-2022.37.txt,Policyarchive_text\jaarverslagen\2023\jaarverslag-ienw-2022\jaarverslag-ienw-2022.37.txt,2023,jaarverslag-ienw-2022,0,waterveiligheidsbeleid risico overstrom aanvaard risiconiveau krijg betekent schermingsniveau iederen economisch risico waarbij kost bat elkar opweg kering voldoen allemal nieuw norm berek grot economisch risico hoevel mens won gebied war mingsniveau gehaald moment nieuw vastgelegd referentiesituatie genoemd waard gesteld ten opzicht referentie ontwikkel overstromingsrisico tijd afgezet doordat kering versterkt gan mens waarvor niveau gehaald economisch risico komend afnem niveau volgen bereikt actuel risico eind gebaseerd gerealiseerd versterk hwbp dijk versterkt afnam risico gebaseerd prognos dijkversterk opgenom hwbp aangezien kering hwbp versterkt economisch risico afgenom referentiesituatie basis verwacht realisatie versterk economisch risico tiesituatie afgenom mens woont gebied war basisbeschermingsniveau bereikt verwacht lager kering nieuw norm voldoen overal basisbeschermingsniveau voldan economisch risico afgenom aanvaard economisch risiconiveau indicator daarom geprojecteerd waterkwaliteit schon drink water bereik goed ecologisch chemisch kwaliteit oppervlaktewater stroomgebied rijn mas scheld eem goed chemisch kwantitatiev toestand grondwater vier stroomgebied afhank verschill over buitenland treff zowel omring land werkt daaran volgen systematiek kaderrichtlijn water cyclus zes actuel beschrijv toestand opgenom heerplann actualisatie toestandbeschrijv vorig plann beeld opnieuw geactualiseerd voortgang uitvoer jaarlijk gedan stat water onderligg jaarrapportag ecologisch waterkwaliteit natur kamerstuk onswater integral waterbeleid stat water vanaf jaarlijk integral partner bestuursakkoord water baw gerapporteerd voortgang uitvoer waterbeleid voorgaand stuurgroep water beslot vanaf stat water uitsluit gericht twed kamer doelgroep uitgebreid informatie stat water vind websit twed kamer vergaderjar xii,"Colonial Exploitation, Slavery & Economic Inequality|Reparations and Remembrance|Modern & Everyday Racism",0.1087862670632925,"[0.02015957549406219, 0.0017770002310462914, 0.025187646421077806]","[True, True, True]","[True, True, True]","[0.1087862670632925, 0.1087862670632925, 0.1087862670632925]","[1, 1, 1]",jaarverslag-ienw-2022.37.txt__0
jaarplan-2023-kustwacht-caribisch-gebied.18.txt,Policyarchive_text\jaarplannen\2023\jaarplan-2023-kustwacht-caribisch-gebied\jaarplan-2023-kustwacht-caribisch-gebied.18.txt,2023,jaarplan-2023-kustwacht-caribisch-gebied,0,kustwacht koninkrijk nederland gebied jaarplan kwaliteit kustwacht ontwikkelt kms overkoepel system richt verhog borg kwaliteit bred zin steunt verschill pilar gebouwd basis hetgen beschrev zie onderstaand kustwacht bouwt verder kms beschrijft plann vier pilar kwaliteit management system kustwacht integriteit algemen integer handel grondslag optred kustwacht handhavingsorganisatie integriteitsbeleid kustwacht gericht crer bewustword medewerker identificer integriteitsrisico zodoend risico zovel mogelijk vroeg mogelijk stadium gemitigeerd integriteit daarmee belangrijk kwaliteitsaspect pilar kms kustwacht geeft kustwacht verder invull pilar richt beleidsaspect regel procedures handhav eventuel schending integriteit beleidsaspect integriteit terugker punt agenda intern overlegfora teven geborgd curriculum initiel opleid bok zodat nieuw medewerker direct aantred bewustwordingssessies krijg aangaand integriteit groei vraagt daarnaast actiev uitoefen integriteitsbeleid potentiel risico vroegtijd signaler vervolgen mitiger kustwacht continueert daarom gev bewustwordingssessies eenheid zodoend komt integriteit huidig personel wer aandacht borgt kustwacht integriteitsbewustzijn,Reparations and Remembrance|Modern & Everyday Racism,0.0808452083454443,"[0.023879052969208055, 0.007149671413926598, 0.024445588747540707]","[False, True, True]","[False, True, True]","[0.0808452083454443, 0.0808452083454443, 0.0808452083454443]","[0, 1, 1]",jaarplan-2023-kustwacht-caribisch-gebied.18.txt__0
jaarverslag-onderwijs-cultuur-wetenschap-2022.2.txt,Policyarchive_text\jaarverslagen\2023\jaarverslag-onderwijs-cultuur-wetenschap-2022\jaarverslag-onderwijs-cultuur-wetenschap-2022.2.txt,2023,jaarverslag-onderwijs-cultuur-wetenschap-2022,0,inhoudsopgav gerealiseerd uitgav ontvangst algemen aanbied jaarverslag verzoek dechargeverlen dechargeverlen twed kamer dechargeverlen eerst kamer beleidsverslag beleidsprioriteit coronasteunmaatregel budgettair oekrain strategisch evaluatie agenda risicoregel openbaarheidsparagraf beleidsartikel beleidsartikel primair beleidsartikel voortgezet beleidsartikel beroepsonderwijs volwasseneneducatie beleidsartikel hoger beleidsartikel international beleidsartikel personeelsbeleid beleidsartikel studiefinancier beleidsartikel tegemoetkom onderwijsbijdrag schoolkost beleidsartikel lesgeld beleidsartikel cultur beleidsartikel media beleidsartikel wetenschapsbeleid beleidsartikel emancipatie onverdeeld apparat kerndepartement bedrijfsvoeringsparagraf jaarreken departemental verantwoordingsstat samenvat verantwoordingsstat agentschapp jaarverantwoord agentschapp per dienst uitvoer national archief saldibalan twed kamer vergaderjar viii,Reparations and Remembrance|Modern & Everyday Racism,0.1021054940485261,"[0.01536921192955431, 0.01816225684981938, 0.0]","[False, True, True]","[False, True, True]","[0.1021054940485261, 0.1021054940485261, 0.1021054940485261]","[0, 1, 1]",jaarverslag-onderwijs-cultuur-wetenschap-2022.2.txt__0
advies-nav-146e-omt-covid-19.4.txt,Policyarchive_text\brieven\2023\advies-nav-146e-omt-covid-19\advies-nav-146e-omt-covid-19.4.txt,2023,advies-nav-146e-omt-covid-19,0,datum kenmerk verspreid afremm uitsluit basismaatregel advies test isolatie gan klacht praktijk context hog onderligg immuniteit beperkt nalev virus enig presymptomatisch verspreid kent relatief beperkt reductie effectief reproductiegetal verschill bronn indicatie gev mat viruscirculatie bevolk rioolwatersurveillanc infectieradar lat zien opkomst omikronvariant blijvend verhoogd periodes zelf zer hog viruscirculatie vergelijk echter resulteert verhoud sted lager incidentie sterft vergelijk international studies bevest beeld period omikron circuleert lager risico ziekenhuisopnam period deltavariant circuleerd reductie sterkst zichtbar ongevaccineerd populatie verklar doordat risico gevaccineerd eerder variant sterk gereduceerd verschill leeftijdsgroep risico ernstig ziekt neemt immer toe leeftijd neemt sneller toe hoger leeftijd geldt respiratoir infectieziekt influenza basis general inzicht virusevolutie human coronaviruss helas zeker voorspell verder evoluer sluit variant afwijk kenmerk hoger ziekmak vermog ontstan eerder gezien deltavariant echter gezien dominantie grootschal verspreid bred scala variant kan hierop fas pandemie klein geacht impact eventuel nieuw ziekmak variant hangt mat waarin populatie immun escap nieuw variant combinatie waning immunity wer gevoel infectie potentieel goed duid risico ontstan introductie mens afwijk virusaanwez dierlijk reservoir beschrev nerts witstaarthert gedragsunit geeft mens zorg maakt gestag gedaald een tien deelnemer ouder deelnemer maakt eerder pandemie zorg jonger deelnemer verschil verdwen deelnemer ouder aandel zorg maakt een tien geeft vier tien deelnemer sted best voorkom besmet raakt sprak dalend trend tijd for leeftijdsverschill driekwart mens geeft huidig proportionel vind tevel,"Colonial Exploitation, Slavery & Economic Inequality|Reparations and Remembrance|Modern & Everyday Racism",0.0838525491562421,"[0.008657843071627924, 0.004987580291500643, 0.019626869683258684]","[True, True, True]","[True, True, True]","[0.0838525491562421, 0.0838525491562421, 0.0838525491562421]","[1, 1, 1]",advies-nav-146e-omt-covid-19.4.txt__0
jaarverslag-onderwijs-cultuur-wetenschap-2022.283.txt,Policyarchive_text\jaarverslagen\2023\jaarverslag-onderwijs-cultuur-wetenschap-2022\jaarverslag-onderwijs-cultuur-wetenschap-2022.283.txt,2023,jaarverslag-onderwijs-cultuur-wetenschap-2022,0,sector daarom kabinet uitvoer gestart voordat geautoriseerd indien isb kamer vooraf geinformeerd per brief besluit eindexamen voortgezet kamerstuk steunpakket culturel creatiev sector kamer meerd per brief steunpakket eerst kwartal kamerstuk besluit vierd isb namelijk overhevel middel zelftest uitvoer tegemoetkomingsregel student verband kond wacht regulier eerst suppletoir begrot middel moest destijd snel overgeboekt zodat spoedig verplicht kond aangegan normaliter nieuw pas uitvoer genom nadat general begrotingswet geautoriseerd uitvoer vierd isb opgenom kond echter wacht moest overgegan verplicht bedrag regel omtrent zelftest snel mogelijk ning moest gedan tegemoetkomingsregel student daarom kabinet uitvoer gestart voordat geautoriseerd indien isb kamer vooraf geinformeerd per brief budgettair mutaties begrot cultur wetenschap viii twed suppletoir begrot kamerstuk besluit vijfd isb namelijk herverkavel maatschapp diensttijd steunpakket culturel creatiev sector schelding schuld toeslagengedupeerd kond wacht regulier eerst suppletoir begrot middel moest destijd snel overgeboekt zodat spoedig verplicht kond aangegan kond kwijtgeschold normaliter nieuw pas uitvoer genom nadat general begrotingswet geautoriseerd uitvoer isb opgenom kond echter wacht moest overgegan verplicht bedrag regel betrek maatschapp diensttijd steunpakket culturel creatiev sector daarnaast moest duo spoedig mogelijk doorgan kwijtscheld gedupeerd kinderopvangtoeslagaffair daarom kabinet uitvoer gestart voordat seerd indien isb kamer vooraf geinformeerd gedeelt kinderopvangtoeslagaffair per brief budgettair mutaties begrot cultur wetenschap viii twed suppletoir begrot kamerstuk steunpakket culturel creatiev sector per brief vijfd specifiekesteunpakket culturel creatiev sector kamerstuk besluit zesd isb namelijk suppletieregel cultur ventilatie schol national programma kond wacht regulier eerst suppletoir begrot normaliter nieuw pas uitgevoerd nadat begrotingswet geautoriseerd uitvoer zesd isb opgenom kond echter wacht moest namelijk snel twed kamer vergaderjar viii,"Colonial Exploitation, Slavery & Economic Inequality|Reparations and Remembrance|Modern & Everyday Racism",0.0824163383692134,"[0.018547919375352304, 0.0058644431669706365, 0.047316767372286184]","[True, True, True]","[True, True, True]","[0.0824163383692134, 0.0824163383692134, 0.0824163383692134]","[1, 1, 1]",jaarverslag-onderwijs-cultuur-wetenschap-2022.283.txt__0
jaarverslag-ienw-2022.41.txt,Policyarchive_text\jaarverslagen\2023\jaarverslag-ienw-2022\jaarverslag-ienw-2022.41.txt,2023,jaarverslag-ienw-2022,0,realisatie vastgesteld begrot verschil uitgav algemen waterbeleid opdracht opdracht cora hgis klimat bestur regie innovatie risico onvoorzien over opdracht subsidies incidentel subsidie wkb partner water hgis blue deal hgis over subsidies bijdrag agentschapp waarvan agentschap knmi waarvan agentschap rws bijdrag medeover bijdrag medeover wkb bijdrag international organisaties bijdrag zbo waterveil opdracht rws waterveil over opdracht grot oppervlaktewater opdracht rws waterdossier wom rws delta over opdracht medeover waterkwaliteit opdracht miw opdracht noordzee akkoord rws wkk opdracht wkk opdracht over opdracht subsidies medeover international organisaties wkk contributies wkk mondiaal over inter twed kamer vergaderjar xii,Reparations and Remembrance|Modern & Everyday Racism,0.0878438127193421,"[0.00351756372025917, 0.009264587586886808, 0.004114255509242815]","[False, True, True]","[False, True, True]","[0.0878438127193421, 0.0878438127193421, 0.0878438127193421]","[0, 1, 1]",jaarverslag-ienw-2022.41.txt__0
jaarverslag-financien-2022.16.txt,Policyarchive_text\jaarverslagen\2023\jaarverslag-financien-2022\jaarverslag-financien-2022.16.txt,2023,jaarverslag-financien-2022,0,genoeg hetzelfd uitkeringspercentag over schuldeiser hiermee kan vergrot saneringsakkoord afsprak schuldeiser consument help krediet afsluit kabinet maximal kredietpercentag structurel verlaagd bestrijd ondermijn douan levert belangrijk aanpak nend drug criminaliteit voorbereid getroff douaneliaison plaats verenigd stat surinam curaçao panama controles vervoer europes unie daarnaast samenwerk belgisch douan geintensiveerd duikteam douan afgelop meermal ingezet antwerp teven belgisch douan gesprek gevoerd douanedienst uitlez scanbeeld europes dienst mogelijk mak control mainport rotterdam schiphol versterkt for container scann rotterdam toezichtcapaciteit mainport versterk teven team bijzonder bijstand uitgebreid aanhoud verricht wegvoer nom drug begeleidt waterbedeffect voorkom lucht haven gestart voorbereid aanleg cameranetwerk vlissing noordzeekanaalgebied daarnaast geinvesteerd aanschaf drones waddenzeegebied beleidsagenda witwass presenteerd financien justitie nieuw pakket aanpak witwass versterk central thema streng war nodig ruimt war mogelijk met wet integriteit douan douanemedewerker weerbaarder gemaakt criminel inmeng integriteitsbeleid verbred bewustzijn weerbar douanepersonel vergrot vanuit verbeteragenda verschill product instrument opgeleverd voorbeeld hiervan handreik integriteit besprek personeelsgesprek start pilot gesprek invoer screening voorkant per uitvoer theatervoorstell grenzelos sanctiemaatregel rusland belarus implementatie sanctiemaatregel vormt grot opgav douan verschill manier opgepakt aangift koerierszend rusland belarus beoordeeld postzak gescand container rotterdam beoordeeld rusland belarus gegan daarnaast scheepswerv bezocht vaartuig vliegtuig geplaatst zending war mogelijk sprak overtred sanctiemaatregel extra zorgvuld beoordeeld slot voorlicht overheidsdienst rijksdienst ondernem kamerstuk twed kamer vergaderjar,"Colonial Exploitation, Slavery & Economic Inequality|Reparations and Remembrance|Modern & Everyday Racism",0.0896258159530271,"[0.013307448722541887, 0.0024011390925253867, 0.02567603212161329]","[True, True, True]","[True, True, True]","[0.0896258159530271, 0.0896258159530271, 0.0896258159530271]","[1, 1, 1]",jaarverslag-financien-2022.16.txt__0
bijlage-4-beslisnota-bij-kamerbrief-beleidsreactie-op-beleidsdoorlichting-erfgoed.1.txt,Policyarchive_text\beleidsnotas\2023\bijlage-4-beslisnota-bij-kamerbrief-beleidsreactie-op-beleidsdoorlichting-erfgoed\bijlage-4-beslisnota-bij-kamerbrief-beleidsreactie-op-beleidsdoorlichting-erfgoed.1.txt,2023,bijlage-4-beslisnota-bij-kamerbrief-beleidsreactie-op-beleidsdoorlichting-erfgoed,0,ter onderteken scm aanbied beleidsreactie beleidsdoorlicht erfgoed aanleid hierbij ontvangt beleidsreactie beleidsdoorlicht erfgoed vanweg inhoud samenhang belang beleidsreactie tegelijk verkenn financier monumentenzorg zowel eerst twed kamer aanbiedt briev uiter verzond geagendeerd commissiedebat erfgoed geadviseerd besluit akkoord verzend bijgaand brief tegelijk verkenn financier monumentenzorg eerst twed kamer kernpunt beleidsreactie reageert beleidsdoorlicht erfgoed geintegreerd bestaand beleidsdoorlicht erfgoed doorlicht erfgoedwet erfgoedbalan ter voorbereid beleidsreactie diver veldpartij gesprok zie bijgevoegd briev per thema geeft hierover zegt aanleid gesprek veld hierop verder gat kondigt volgend acties erfgoedwet kamer wenselijk wijzig bied doelmat doeltreff toekomst beleidsbriev beleidstheorie waarom denk gat werk uitgebreider beschrijv ten aanzien versterk capaciteit deskund terrein erfgoed gemeent kondigt ieder provincie bijeenkomst kom inventariser gemeent best geholp komt richtinggev ambitiescenario gat ontwikkel aanpak erfgoed bred archeologie gebouwd groen landschap leefomgev aanpak beleidsdoorlicht gesprek gan veld kom verbeterd aanpak volgend beleidsdoorlicht erfgoed gebouwd groen erfgoed partner verkenn meest bijzonder kerkelijk interieur behoud ministeries ezk bzk bezien wijz investeringssubsidie duurzam energie erfgoed kunst datum referentie beleidsreactie beleidsdoorlicht erfgoed intern ocw afgestemd menc rce fez wjz ioe interdepartmental afgestemd bzk ezk fin persoonsgegev persoonsgegev persoo,Reparations and Remembrance|Modern & Everyday Racism,0.080560947270781,"[0.0013315644125324842, 0.04744251569113559, 0.01956879906861982]","[False, True, True]","[False, True, True]","[0.080560947270781, 0.080560947270781, 0.080560947270781]","[0, 1, 1]",bijlage-4-beslisnota-bij-kamerbrief-beleidsreactie-op-beleidsdoorlichting-erfgoed.1.txt__0
jaarverslag-onderwijs-cultuur-wetenschap-2022.105.txt,Policyarchive_text\jaarverslagen\2023\jaarverslag-onderwijs-cultuur-wetenschap-2022\jaarverslag-onderwijs-cultuur-wetenschap-2022.105.txt,2023,jaarverslag-onderwijs-cultuur-wetenschap-2022,0,budgettair gevolg budgettair gevolg bedrag realisatie vastgesteld begrot verschil verplicht uitgav bekost culturel basisinfrastructur vierjar instell vierjar fonds erfgoedwet huisvest beher onderhoud collecties museal instell wettelijk tak wet stelsel open bibliotheekvoorzien stelseltak open bibliotheekvoorzien digital open bibliothek bibliotheekvoorzien leesgehandicapt monumentenzorg archiev incl regional historisch centra flanker huisvest cultuureducatie kwaliteit subsidies regel verbred inzet cultur international cultuurbeleid incl hgis programma leesbevorder creatiev industrie monumentenzorg erfgoed ruimt erfgoed fysiek leefomgev programma ondernemerschap specifiek cultuurbeleid subsidies rijksdienst culturel erfgoed opdracht beleidsonderzoek evaluaties kennisbasis monumentenzorg archeologie erfgoed ruimt erfgoed fysiek leefomgev opdracht rijksdienst over opdracht agentschapp national archief national archief programma bijdrag medeover medeover twed kamer vergaderjar viii,Reparations and Remembrance|Modern & Everyday Racism,0.1276884796138123,"[0.0, 0.049194897102347805, 0.04586774846854057]","[False, True, True]","[False, True, True]","[0.1276884796138123, 0.1276884796138123, 0.1276884796138123]","[0, 1, 1]",jaarverslag-onderwijs-cultuur-wetenschap-2022.105.txt__0
inspectie-van-het-onderwijs-ontwerp-jaarwerkplan-2024.30.txt,Policyarchive_text\jaarplannen\2023\inspectie-van-het-onderwijs-ontwerp-jaarwerkplan-2024\inspectie-van-het-onderwijs-ontwerp-jaarwerkplan-2024.30.txt,2023,inspectie-van-het-onderwijs-ontwerp-jaarwerkplan-2024,0,over tak vertrouwensinspecteur ouder leerling docent directies bestur vertrouwensinspecteur raadpleg wanner rond kinderopvanginstell ernstig problem voordoen gebied seksuel intimidatie seksueel misbruik fysiek psychisch geweld discriminatie radicaliser vertrouwensinspecteur bereik via speciaal meldpunt luister informer adviser registrer melding vertrouw dossier vermoed zedenmisdrijf kinderopvang vermoed mishandel geldt bestur onderwijsinstell houder kinderopvanginstell meldplicht onverwijld aangifteplicht vermoed tak belast person lerar ondersteun personel betreft nodig vertrouwensinspecteur adviser aangiftetraject indien formel klacht vertrouwensinspecteur aangift vertrouwensinspecteur behandeld zak belangrijk signaalfunctie vertrouwensinspecteur analyser ernst omvang melding agender basis daarvan belangrijk thema eerst instantie uitvoeringstoets adviez ontheff behandelt verzoek grond wet open verzoek grond algemen verorden gegevensbescherm avg toets voorstell nieuw regelgev uitvoer handhaf gevall breng advies colleges onderwijsinstell funder aangemerkt schol zin leerplichtwet zulk adviez status besluit zin algemen wet bestuursrecht adviser aanvrag instell middel beroepsonderwijs hoger toetredingsaanvrag aanvrag transnational educatie ten slot verlen ontheff verband toelat onderwijstijd verblijfsdur voortgezet speciaal wet normer topinkomen wet normer topinkomen wnt kracht wnt bovenmat bezold ontslagvergoed tegengan instell sector belast handhav nalev wnt onderwijsinstell,Reparations and Remembrance|Modern & Everyday Racism,0.0868289526350905,"[0.00725668654383977, 0.002567448884102776, 0.04189542638421439]","[False, True, True]","[False, True, True]","[0.0868289526350905, 0.0868289526350905, 0.0868289526350905]","[0, 1, 1]",inspectie-van-het-onderwijs-ontwerp-jaarwerkplan-2024.30.txt__0
jaarverslag-justitie-2022.12.txt,Policyarchive_text\jaarverslagen\2023\jaarverslag-justitie-2022\jaarverslag-justitie-2022.12.txt,2023,jaarverslag-justitie-2022,0,organiseerd leerkring bestuurder ambtenar gericht best practices kennisdel keld digital wegenkaart kaart biedt lokal over lingsperspectiev sprak onlin open ordeverstor cybercrim evenal actueel jurisprudentieoverzicht teven bracht wetsvoorstel strafbaarstell persoonsgegeven intimider doeleind consultatie goed toegerust iederen werkt veiligheidsagenda ondermijn handel cybercrim incl onlin seksueel kindermisbruik executie ging verder ontwikkel modern vorm contact burger najar bestendigd teit komend vier overleg gezag gezien grot druk onrust lijk klimat zak continuiteit bouw ondank opnieuw sprak onderbezet gebiedsgebond kwalitatief werk versterkt landelijk eenheid schneider meldt eindadvies vorm landelijk eenheid twee separat landelijk eenheid korpschef diend daartoe eind transitieplan beslot team werk dekmantel bouw bouw verder stapp gezet continue doorontwikkel opspor zodat toegerust werk vandag morg eenheid volop ervar opgedan manier werk waarbij aanpak incident problematiek benodigd disciplines tactiek intelligenc specialistisch opspor samengebracht juist moment juist plat vergrot actievermog rendement vakmanschap kreg aandacht personel beweg ingezet accent binnenhal specifiek expertis analys nodig sted intelligenc gestuurd opspor iederen werkt veilig inclusief werkklimat plan kent vijf prioriteit veilig inclusiev team diver instrom aanpak discriminatie professionel controler netwerk diver vakmanschap bondgenot lat hierbij adviser extern rad advies inspiratie aanleid documentair blauw familie steld plan aanpak uitsluit discriminatie racism hiervan social team duidelijk norm sancties plan daarom probeert jong afgestudeerd medewerker behoud ondertek geeft uitdruk onz waarder intensiev werk dreiging opvang tegengan publiceerd rijksbred risicoanalys opgesteld analistennetwerk national analys belangrijk input rijksbred veiligheidsstrategie rbvs doordat twed kamer vergaderjar,Reparations and Remembrance|Modern & Everyday Racism,0.1095141793638046,"[0.017612671851401855, 0.005201849551433996, 0.11941667440555123]","[False, True, True]","[False, True, True]","[0.1095141793638046, 0.1095141793638046, 0.1095141793638046]","[0, 1, 1]",jaarverslag-justitie-2022.12.txt__0
jaarverslag-binnenlandse-zaken-2022.116.txt,Policyarchive_text\jaarverslagen\2023\jaarverslag-binnenlandse-zaken-2022\jaarverslag-binnenlandse-zaken-2022.116.txt,2023,jaarverslag-binnenlandse-zaken-2022,0,opdracht gegund gedragsdeskund bureau adviser concret gedrag werkgever bijdrag veilig meldklimat daarnaast opdracht gegund tno advies periodiek intern meldprocedures vorm pok ondersteun melder misstand ervaringsgegeven verzamel organiser steuning klokkenluider langer termijn ingang pilot mediation juridisch ondersteun gestart sector rijk inhoud pilot tezam vakbond sectoroverleg rijk bepaald pilot richt twee voorzien cao rijk pilot nagegan aangebod voorzien mogelijk drempel wegnem melder melding vermoed misstand zet looptijd pilot twee personel inzet crisisopvang voorjar doorstrom opvang asielzoeker hevig druk kom stan kabinet vanweg ernst situatie aanleid gezien national crisisstructur activer snel extra opvangcapaciteit crer inricht structur snelheid waarmee gerealiseerd grot beslag gelegd ambtelijk capaciteit bzk kabinet beslot veiligheidsregio capaciteit toe zegg vorm maximal medewerker dag per wek per regio ondersteun werkzam opvanglocaties namen kabinet faciliteert bzk extra personel inzet inzet medewerker rijkst garander voldoend personel inzet faciliter opvangplek asielzoeker middel hiervor incidentel suppletoir begrot toegevoegd beslot steun vorm extra personel inzet zet restant budget middel kasschuif toegevoegd begrot bedrijfsvoeringsbeleid stichting ictu verstrekt doorontwikkel lijn rijk transparantie informatievoorzien verbeter werkgeversbeleid stichting ictu ontvangt jaarlijk exploitatie bzk ontwikkeld hel organisaties gebruikt benchmarkinstrument internetspiegel venster bedrijfsvoer instrument bedoeld organisaties help professionaliser werkgeverschap bedrijfsvoer slot beheert ictu enkel onderzoekspanel verzoek bzk bevraagd wer veelvuld gemaakt central bureau statistiek cbs ontvang onderhoud twed kamer vergaderjar vii,"Colonial Exploitation, Slavery & Economic Inequality|Reparations and Remembrance|Modern & Everyday Racism",0.0839838766433781,"[0.0033781968303461768, 0.005811394980344922, 0.020031860569688312]","[True, True, True]","[True, True, True]","[0.0839838766433781, 0.0839838766433781, 0.0839838766433781]","[1, 1, 1]",jaarverslag-binnenlandse-zaken-2022.116.txt__0
jaarverslag-onderwijs-cultuur-wetenschap-2022.174.txt,Policyarchive_text\jaarverslagen\2023\jaarverslag-onderwijs-cultuur-wetenschap-2022\jaarverslag-onderwijs-cultuur-wetenschap-2022.174.txt,2023,jaarverslag-onderwijs-cultuur-wetenschap-2022,0,thema subthema typ afrond status monitor evaluatie experiment staatsexam lopend toepass pisa lopend toepass evaluatie vernieuw vmbo sterk techniek sto lopend toepass pandemie leerachterstand remedier afgerond ocw learn vrij universiteit amsterdam researchcentrum arbeidsmarkt roa universiteit maastricht gevraagd inhaalprogramma leid inhal ontstan achterstand hiervor institut verschill deelonderzoek opgezet per deelonderzoek eerder onderzoeksrapport verschen blijkt positief effect leergroei indicaties effect programma gelijk blek programma inzet remedial teaching zegg inhal specifiek gedoceerd leerdoel beter haald algemen programma vond positief effect vorm bijles programma gericht inhal achterstand specifiek schoolvak leervertrag voortgezet balan twee coronacrisis afgerond bespreekt leerresultat leerling onderbouw voortgezet gat daarbij ontwikkel vaardig leerling onderdel cito volgsystem voortgezet cvvo onderdel nederland leesvaard nlv nederland woordenschat nws engel leesvaard elv engel woordenschat ews vergelijkt leerprestaties schooljar blijkt leerlingprestaties vooral achteruit gegan nederland leesvaard nederland woordenschat vaardig engel woordenschat leerling juist verbeterd ten opzicht eerder implementatiemonitor funder afgerond bespreekt casestudies schol schol diver person gesprok ervar blijkt meest schol verbeter schol leerling ervar vertrag leergroei basisonderwijs twee half crisis afgerond national cohortonderzoek nco gat leergroei leerling basisonderwijs aanleid verstor regulier geeft beeld ontwikkel leergroei gebied begrijp lez spelling blijkt sted vertrag leergroei spelling nauwelijk begrijp lez betreff twee afzonder vastgesteld spelling vertrag leergroei twed ongever gelijk respectiev zelf hoger eerst control bijzonder bekost eindexamen vavo afgerond schol instell kond extra vergoed krijg extra werklast voortkom extra twed herkans war eindexamenkandidat kond mak ivho verzoek ocw control uitgevoerd regel aanvull bijzonder bekost eindexamen hieruit blijkt percentag ongeld dossier geschat procent conform verwacht bandbreedt procent procent percentag ongeld dossier voortgezet algemen twed kamer vergaderjar viii,"Colonial Exploitation, Slavery & Economic Inequality|Reparations and Remembrance|Modern & Everyday Racism",0.0804973330477643,"[0.006969306582711358, 0.013168413966764525, 0.013701766318467421]","[True, True, True]","[True, True, True]","[0.0804973330477643, 0.0804973330477643, 0.0804973330477643]","[1, 1, 1]",jaarverslag-onderwijs-cultuur-wetenschap-2022.174.txt__0
openbaar-jaarverslag-mivd-2022.21.txt,Policyarchive_text\jaarverslagen\2023\openbaar-jaarverslag-mivd-2022\openbaar-jaarverslag-mivd-2022.21.txt,2023,openbaar-jaarverslag-mivd-2022,0,vergrot inzet sted geavanceerd kingscentrifuges verrijkingscapaciteit tijdsbepal factor eerst kernproef verrijk ontwikkel werkend kernwapenontwerp iran revolutionair gard irgc bovendien nieuw raket gepresenteerd medium rang ballistic missil kheibar shekan fortenvernietiger genoemd revolutionair gard militair ruimtevaartprogramma verder ontwikkeld voerd irgc lancer spac launch vehicl slv qased bracht satelliet ban aard lanceerd revolutionair gard nieuw slv noem chemisch wapen syrie voortgezet focus lag huidig situatie onderzocht verantwoord gifgasaanvall verled rusland rusland meerder moment traangass riot control agent ingezet oekrain strijd afsprak chemical weapon convention verbiedt middel militair operatie dienst houd activiteit gat lopend russisch chemisch wapen programma biologisch verschill land zorg waaronder rusland iran voortgezet daarnaast lag focus karakter recent ontwikkel biotechnologie mogelijk implicaties ontwikkel nieuw typ biologisch wapen verwerv rusland iran over land zorg exportcontrol mivd aivd wist enkel gevall voorkom rusland iran material techniek toegepast wetenschapp kennis haald had gebruik massavernietigingsprogramma ging goeder belangrijk rol spel moderniser massavernietigingswapen dienst daarover ambtsbericht uitgebracht financiel instell financiel instell spel daarin rol rusland land zorg sted complexer constructies bedenk exportcontroles sancties omzeil zet daartoe denkmantelbedrijv europes land bedenk financiel constructies herkomst financier masker theoretisch kennis nucleair vlak iran stat bekend hoogwaard gevolg sancties iran moeit experimentel voer iran student kom daarom vak west goed aangeschrev technisch universiteit praktisch kennis vaardig inspann dienst voorkwam iran wetenschapper verbond gesanctioneerd institut relevant toegepast kennis opdoen vooraanstaand technisch universiteit kennis toepas nucleair programma iran extremism spionag een tak mivd verricht dreiging inzet krijgsmacht mivd richt dreiging terrorism extremism spionag mivd ziet toegenom interes krijgsmacht werk gat nieuw generatie vooral jongen jong mann strev blank etnostat person kring interes toond defensie ongever gelijk daarvor person mivd indicaties gevond terroristisch intenties mivd tremism richt dreiging geweld even eventuel militair veiligheidsdienst,"Colonial Exploitation, Slavery & Economic Inequality|Reparations and Remembrance|Modern & Everyday Racism",0.1016657135550697,"[0.009634717821407318, 0.018357398413450892, 0.0057381621120715445]","[True, True, True]","[True, True, True]","[0.1016657135550697, 0.1016657135550697, 0.1016657135550697]","[1, 1, 1]",openbaar-jaarverslag-mivd-2022.21.txt__0
jaarrapportage-bedrijfsvoering-rijk-2022.26.txt,Policyarchive_text\jaarverslagen\2023\jaarrapportage-bedrijfsvoering-rijk-2022\jaarrapportage-bedrijfsvoering-rijk-2022.26.txt,2023,jaarrapportage-bedrijfsvoering-rijk-2022,0,dur verreken denk werk geslot beurz detacher korter dur drie maand registrer verreken detacher langer drie maand maximal termijn een maximal detacheringsdur een spb gehandhaafd werkzam langer period neemt inlen medewerker uitzonder uitdruk pas toe leg toegepast werkt interdepartemental werkgroep verder tiser detacher werkgroep belast opstell bijbehor leidrad daarnaast steld werkgroep governancestructur vast komend nalev monitor werkt hard nieuw detacheringsproces zorg implementatie plaatsvindt gewerkt voorbereid rijksbred communicatie hierbij verbind gelegd departement rondom flexconcept gan flexpol beter bijdrag flexibeler aantrek gan opricht nieuw pol bred inzet list kennis goed huidig pol aansluit feitelijk invoer vorm krijg werknemer rijk ontwikkel permanent rijksmedewerker werk zer diver opgav maatschapp thema burger permanent ontwikkel rijksmedewerker stimuler leerklimat organisaties belangrijk huidig toekomst functioner rijk hiermee bedoel leerklimat waarin medewerker zowel vakinhoud person ontwikkel talent ontplooi mogelijk krijg ler ervar zorgt medewerker werkplezier ervar kort lang termijn inzet behoud versterk hiermee onz positie aantrek werkgever ler ontwikkel stopt laatst coronacrisis hierdor kwam medewerker wer vaker team elkar vond training wer locatie groep plat geldt intervisie coaching locatie informel bewust onbewust ler elkar werkplek nieuw ingericht locaties thuiswerk belangrijk invloed gehad aanbod ler ontwikkel rijk aanbod sterk uitgebreid onlin opties via ontwikkelplatform webinar podcast vorm ler blijvend geblek gemiddeld bedrag formel scholing opleid per medewerker per arbeidsjar kwam ongever euro stijging gemiddeld bedrag euro stijging coronajar doorgezet ondank gemiddeld bedrag gesteg ten opzicht ligt oud niveau euro kost onlin leervorm formel scholingsuitgav opgenom gemiddeld uitgav per gespecificeerd jaarrapportag bedrijfsvoer rijk,"Colonial Exploitation, Slavery & Economic Inequality|Reparations and Remembrance|Modern & Everyday Racism",0.107165176246764,"[0.008302610090819396, 0.0026941715849984073, 0.03822491430498183]","[True, True, True]","[True, True, True]","[0.107165176246764, 0.107165176246764, 0.107165176246764]","[1, 1, 1]",jaarrapportage-bedrijfsvoering-rijk-2022.26.txt__0
jaarverslag-lnv-2022.174.txt,Policyarchive_text\jaarverslagen\2023\jaarverslag-lnv-2022\jaarverslag-lnv-2022.174.txt,2023,jaarverslag-lnv-2022,0,evaluatie implementatie exotenverorden opdracht lnv post evaluatie uitgevoerd wijz waarop europes exotenverorden geimplementeerd verorden bevat uiteenlop regel war invull geeft betreft negatiev gevolg preventie bestrijd beheers invasiev uithem soort natur biodiversiteit aanverwant ecosysteemdienst aanpak geevalueerd beeld krijg stand zak war eventuel system verbeter mogelijk evaluatie stat huidig system uitvoer exotenverorden central focus daarbij lag functioner system system voldoend ord zodat gesteld betreft preventie beheers bestrijd invasiev exot doeltreff doelmat bereikt gan zestien aanbevel gedan waarvan gericht lnv grot aanbevel gericht provincies verantwoord regel meest invasiev uithem soort europes unielijst twed kamer vergaderjar xiv,Modern & Everyday Racism,0.1012632079688155,"[0.018479825475792504, 0.0009434881676782927, 0.01465704633739718]","[False, False, True]","[False, False, True]","[0.1012632079688155, 0.1012632079688155, 0.1012632079688155]","[0, 0, 1]",jaarverslag-lnv-2022.174.txt__0
jaarverslag-vws-2022.290.txt,Policyarchive_text\jaarverslagen\2023\jaarverslag-vws-2022\jaarverslag-vws-2022.290.txt,2023,jaarverslag-vws-2022,0,lev indicator lev beperk will merkbar verbeter realiser mens beperk will realiser mens beperk complex zorgvrag beter passend zorg ondersteun bied maatschapp participatie person beperk chronisch ziekt verhog voortgangsrapportages programma volwaard lev onbeperkt meedoen verder geoperationaliseerd onderstaand kernindicator rapportages opgenom missie geformuleerd mens chronisch ziekt levenslang beperk wen vermog meedoen samenlev toegenom actuel stand doelstell deelnemer pilot clientondersteun volwaard gemeent werk lokal treinreiziger toegank station ban mens doelgroep mens chronisch ziekt levenslang beperk wen vermog meedoen samenlev indicator psychisch kwetsbar will zorg ondersteun person psychisch problem tijdig zovel mogelijk eig omgev plaatsvindt sted groter betreft daarom zorg verblijf gemiddeld wachttijd curatiev ggz lag basis ggz gespecialiseerd ggz net treeknorm wek wachtend ggz langer treeknorm overbruggingszorg gesteg kabinet actie ondernom samenwerk veld overschrijd treeknorm terug dring eind via gemeent monitor sociaal domein informatie beschik wachttijd beschermd won uiteind will mens gezond voel ruim een tien person ouder helas psychisch problem actuel stand uitgav ggz verblijf percentag total basis ggz gemiddeld wachttijd nov gespecialiseerd ggz gemiddeld wachttijd nov wachtend twed kamer vergaderjar xvi,"Colonial Exploitation, Slavery & Economic Inequality|Reparations and Remembrance|Modern & Everyday Racism",0.103193834852778,"[0.003094534834352026, 0.0054254013646868725, 0.017648270088818398]","[True, True, True]","[True, True, True]","[0.103193834852778, 0.103193834852778, 0.103193834852778]","[1, 1, 1]",jaarverslag-vws-2022.290.txt__0
jaarverslag-onderwijs-cultuur-wetenschap-2022.122.txt,Policyarchive_text\jaarverslagen\2023\jaarverslag-onderwijs-cultuur-wetenschap-2022\jaarverslag-onderwijs-cultuur-wetenschap-2022.122.txt,2023,jaarverslag-onderwijs-cultuur-wetenschap-2022,0,opdracht beleidsontwikkel opdracht verstrekt uitvoer dienst gat hierbij nam opdracht beleidsgericht evaluaties opdracht budget groter bedrag gerealiseerd tevor gebudgetteerd waard miljoen bedrag valt herleid extra opdracht aanleid extra middel regeerakkoord agentschapp rijksdienst ondernem rvo voert opdracht ondersteun stimuler grot mogelijk participatie innovatie horizon europ fond wetenschap extra gedan rvo hierdor sprak klein overbested waard miljoen inter national organisaties hieronder vall contributies grot international saties embc embl esa cern eso deelnam intergouvernementel organisaties krijg schappelijk toegang uniek grootschal ciliteit international netwerk toponderzoeker deelnam grot belang functioner nederland national zoeksbestel extra uitgav bestan voornam stelling sprak overbested miljoen ontvangst ontvangst betreff terugvorder instell dieontvanger gevolg eindafreken eerder toegek subsidies ouder subsidies verantwoord war enkel subsidieverantwoord sprak overschot ontvang subsidie overschot conform afsprak vorderd twed kamer vergaderjar viii,Reparations and Remembrance|Modern & Everyday Racism,0.090453403373329,"[0.009499256758660594, 0.016042442766704336, 0.008281022485891949]","[False, True, True]","[False, True, True]","[0.090453403373329, 0.090453403373329, 0.090453403373329]","[0, 1, 1]",jaarverslag-onderwijs-cultuur-wetenschap-2022.122.txt__0
jaarverslag-financien-2022.23.txt,Policyarchive_text\jaarverslagen\2023\jaarverslag-financien-2022\jaarverslag-financien-2022.23.txt,2023,jaarverslag-financien-2022,0,stand gepubliceerd hierin rapporter twed kamer signal mogelijk problem kans verbeter uitvoer basis signal verschill acties ingezet burger beter inzicht behandel bezwar via statusbalk mijnbelastingdienst digital formulier verzoek thuis gestuurd effectief fraudebestrijd belastingdienst beoogt handhavingsinstrument gedrag burger bedrijv zodan beinvloed structurel zichzelf fiscal regel nalev keuzes inzet strument gebaseerd inzicht risico oorzak regel inzicht kom voort zoek steekproev complianc war kwaliteit belastingaangift vooraf geborgd volstan achteraf twed kamer geinformeerd belastingdienst ontwikkel mix handhavingsinstrumentarium belastingdienst ziet basis aanleid veronderstell inzet handhavingsactiviteit gericht complianc onvoldo aanpak fraud maakt handhavingsstrategie belastingdienst belangrijk aantast maatschapp draagvlak betal belast voorkom belastingdienst ontvangt signal burger bedrijv fiscal verplicht mogelijk nalev uitzet ziening fsv behandel signal opgeschort liep werk eran problem loss aanpak fraud slagvaardiger beter uitleg mak overigen vond intensief regulier plat werk fiod belangrijk mat doorgang vind herstell gewerkt herstel zak verled goed gegan box ziening minnelijk schuldsaner natur person msnp eerst fas herstel rond box afgerond herstel vond plat aanleid kerstarrest hog rad mens meeded zwaarprocedur box hierbij brief belastingdienst ontvang circa briev beschik verstuurd verder aanslag inkom box belastingjar aangepast kamerstuk complianc map monitort niveau belastingdienst belastingopbrengst total populatie belastingplicht geeft daarmee global inzicht samenhang uitvoer handhav wetgev risico belastingopbrengst kamerstuk kamerstuk twed kamer vergaderjar,Reparations and Remembrance|Modern & Everyday Racism,0.1426825363838374,"[0.0, 0.011116953061448838, 0.032526392819335934]","[False, True, True]","[False, True, True]","[0.1426825363838374, 0.1426825363838374, 0.1426825363838374]","[0, 1, 1]",jaarverslag-financien-2022.23.txt__0
advies-nav-146e-omt-covid-19.7.txt,Policyarchive_text\brieven\2023\advies-nav-146e-omt-covid-19\advies-nav-146e-omt-covid-19.7.txt,2023,advies-nav-146e-omt-covid-19,0,datum kenmerk kan ernstig belop verhoogd risico geldt luchtweginfecties influenza meest kwetsbar hoogt problematiek rondom luchtweginfecties belangrijk groep reken mee houd omgev nem goed mogelijk bescherm aangescherpt hygien person regelmat contact kom mens verhoogd kan ernstig belop respiratoir infecties inclusief geadviseerd luchtwegklacht contact vermijd indien mogelijk mantelzorger mondneusmasker drag ten aanzien preventiev zorg verwez viger professionel richtlijn protocoll zorginstell richtlijn beroepsgroep mens ernstig afweerstoornis eventueel overleg behandel art keuz mak mondneusmasker drag druk open geleg period waarin luchtwegviruss circuler plek mijd ernstig belop kort infectie langetermijngevolg optred pcc complicaties pcc gedefinieerd voortzet ontwikkel nieuw symptom maand waarbij symptom minsten maand aanhoud verklar preciez mens langdur klacht bekend recent nederland prospectief cohortonderzoek lat zien circa mens acut infectie symptom lijk ontwikkel pcc komt leeftijd ernst acut fas ziekt hoogst incidentie klacht blijk verminderd zelf verdwen infectie mens houdt langduriger ernstig klacht bekend risico pcc omikronvariant eerst wijz vergelijk lager risico eerder variant moment onvoldo bekend risicogroep pcc gericht adviser pcc voorkom incidentie omlag breng test isolatie toe gold advies klacht test minimal dag isolatie gan positiev uitslag test contact positief getest werd geadviseerd gedur dag contact mens verhoogd risico vermijd bewoner langdur zorginstell richtlijn geadviseerd negatiev antigeentest luchtwegklacht hertest middel pcr,Reparations and Remembrance|Modern & Everyday Racism,0.1150870675296872,"[0.0066027587507023104, 0.0025448033215015957, 0.021009254634194546]","[False, True, True]","[False, True, True]","[0.1150870675296872, 0.1150870675296872, 0.1150870675296872]","[0, 1, 1]",advies-nav-146e-omt-covid-19.7.txt__0
jaarverslag-szw-2022.16.txt,Policyarchive_text\jaarverslagen\2023\jaarverslag-szw-2022\jaarverslag-szw-2022.16.txt,2023,jaarverslag-szw-2022,0,doelstell cultur wetenschap ocw szw vanaf ruim miljoen beschik gesteld hulp gebied maaltijd eerst hoeft faciliter ruim kwetsbar schol kamerstuk wild kabinet honger schoolklas tegengan vooruitlop primair voortgezet voorgesteld uitvoer motie kamerled dass paternot miljoen invester aanbied maaltijd schol leerling kwetsbar wijk kamerstuk ieder inwoner ongeacht kant atlantisch oceaan recht bestaanszeker bestaanszeker kom eerder gedan ijkpunt sociaal minimum per aanleid motie wuit kamerstuk wettelijk minimumlon minimumuitker aov aww onderstand verhoogd inclusief inflatie daarnaast kabinet coalitieakkoord middel vrijgemaakt uitker komend verder verhog ijkpunt sociaal minimum kamerstuk per daarvor volgend stap gezet via verhog kinderbijslag toeslag onderstand bestaanszeker vergrot daarnaast energietoeslag tijdelijk regel dubbel kinderbijslag intensiev zorg dkiz vooruitlop structurel regel ingevoerd ten slot incidentel middel mens afstand arbeidsmarkt vrijgemaakt zekerder eerlijker werk inkom biedt vangnet werknemer tijdelijk nodig ondersteund duurzam werk ontvang inkom ziekt arbeidsongeschikt werklos werk volwaard duurzam posities arbeidsmarkt kerheid iederen ongek arbeidsmarktkrapt grot impact ruim aanbod werkgeleg bod mens kans hen kant stan sterk positie arbeidsmarkt daald werkloosheidsuitker historisch lag punt tegelijkertijd uitzonder krapt grot impact verschill sector zorg opvang horeca energie vervoer reactie uitdag kabinet aanpak arbeidsmarktkrapt aangekondigd goed functioner arbeidsmarkt kom lang termijn kamerstuk daarnaast ruim regel bewerkstell werkzoek kabinet zet vergrot arbeidsaanbod verbeter match aanbod arbeid verminder arbeid lev lang ontwikkel llo aanpak arbeidsmarktkrapt belangrijk pijler doelstell llo behal beleidslijn concret stapp gedeeld kamerstuk ambities ten aanzien llo realiser kabinet historisch grot invester circa miljard gedan betrok partij ondersteun miljoen twed kamer vergaderjar,"Colonial Exploitation, Slavery & Economic Inequality|Reparations and Remembrance|Modern & Everyday Racism",0.0880226634233446,"[0.035861766535589604, 0.008753005569877362, 0.021728668785658704]","[True, True, True]","[True, True, True]","[0.0880226634233446, 0.0880226634233446, 0.0880226634233446]","[1, 1, 1]",jaarverslag-szw-2022.16.txt__0
advies-nav-146e-omt-covid-19.13.txt,Policyarchive_text\brieven\2023\advies-nav-146e-omt-covid-19\advies-nav-146e-omt-covid-19.13.txt,2023,advies-nav-146e-omt-covid-19,0,datum kenmerk achtergrondgegeven leeftijd red opnam daarmee bruikbar verdiep analyses inclusief leeftijdsverdel vaccinatiestatus red opnam zicht infecties bewoner ouderenzorginstell gehandicaptenzorg beperkt mogelijk basis ggd gemeld gevall kader meldingsplicht monitor ouderenzorginstell vindt plat basis postcod leeftijd melding aanvull informatie verzameld person woonacht instell melding person ouder postcod war verpleeghuis woonzorgcentrum gevestigd geeft volled beeld melding verpleeghuisbewoner voldoend landelijk trend monitor verspreid surveillanc netwerk infectieziekt verpleeghuiz rivm functioneert peilstation landelijk surveillanc infectieziekt verpleeghuiz zer beperkt verpleeghuiz ongever geaggregeerd informatie incidentie beschik daarnaast opdracht vws directie langdur zorg kader landelijk programma ler data data geregistreerd incidentie ziektelast instell langdur zorg medisch behandeldienst programma uitgevoerd veren specialist ouderengeneeskund verenso universitair netwerk ouderenzorg uno amsterdam umc nivel incidentiedata vastgelegd minimal dataset epd beheerd nivel register ler data verpleeghuiz moment bruikbar ziektelast ziektebelop sterft periodiek gerapporteerd uno amsterdam basis registraties aanvull subset circa verpleeghuisbewoner trend drie bronn beinvloed testbeleid praktijk tijdig zicht houd verander ziektelast ziek teverwekker daarmee moment optimal mogelijk systematisch zicht incidentie ziektelast gehandicaptenzorg moment gehandicaptenzorg monitor system ontwikkeld per definitie goed mogelijk tijdig inzicht verkrijg incidentie langdur verander immuunstatus bevolk nieuw sub variant doordat langdur klacht gat monitor pcc zet rivm bestaand cohort waarin deelnemer voorzien zelftest gevraagd test klacht complicaties toe voeg monitor cohort komend nagegan nieuw variant kan pcc verander eventuel verwant complicaties teven invloed herhaald herinfecties vaccinaties,Reparations and Remembrance|Modern & Everyday Racism,0.1108102502687628,"[0.002863000800788186, 0.005232923550198379, 0.013210132618490352]","[False, True, True]","[False, True, True]","[0.1108102502687628, 0.1108102502687628, 0.1108102502687628]","[0, 1, 1]",advies-nav-146e-omt-covid-19.13.txt__0
jaarverslag-binnenlandse-zaken-2022.168.txt,Policyarchive_text\jaarverslagen\2023\jaarverslag-binnenlandse-zaken-2022\jaarverslag-binnenlandse-zaken-2022.168.txt,2023,jaarverslag-binnenlandse-zaken-2022,0,jaarverantwoord agentschap per levert circa medewerker manager werkzam modern efficient betrouw direct toegank administratiev dienstverlen personeelszak dienst gericht eig verantwoord vertrouw diening salarisbetal informatievoorzien belangrijk eindproduct hanteert daarbij volgend kernwaard betrouw efficient klantgericht innovatief beki ontwikkel doorontwikkel huidig dienstverlen nieuw cao nieuw inricht ondersteun hybrid werk wet ouderschapsverlof succesvol menteerd portaalaanpass gedan mogelijk mak interdepartemental detacher fas nieuw proces ter ondersteun werk werk verbeterd salarisstrok nieuw functionaliteit mbt achteraf beoordel declaraties manager nieuw rapportages ontwikkeld dienst bedrijfszorg loopban talentontwikkel waarvor applicaties beher verbred dienstverlen aansluit eerst gebruiker rijksbred rapplicatie rra ambtelijk medewerker roosterdienst gebruiker succesvol aangeslot doorgegan integratie dienst process verlof verzuim nieuw koppelvlak dienstverlen ontwikkeld gegevenslever ictu ten behoev verdiep dienstverlen deelgenom aanbested nieuw teitskaart goed aansluit verwerk dienstverlen garander mee ontwikkel generiek koppelvlak aansluit portal diver ringstoets uitgevoerd mogelijk uitbreid dienstverlen intern ontwikkel eind databases sap system gemigreerd oracl sap hana hiervor hardwar vervang zorgd performancesnel wer actueel juist sap databases support toekomst geleid bespar kost datastorag twed kamer vergaderjar vii,"Colonial Exploitation, Slavery & Economic Inequality|Reparations and Remembrance|Modern & Everyday Racism",0.1105731210301112,"[0.0038150436014011604, 0.0, 0.023957181862122565]","[True, True, True]","[True, True, True]","[0.1105731210301112, 0.1105731210301112, 0.1105731210301112]","[1, 1, 1]",jaarverslag-binnenlandse-zaken-2022.168.txt__0
jaarverslag-binnenlandse-zaken-2022.94.txt,Policyarchive_text\jaarverslagen\2023\jaarverslag-binnenlandse-zaken-2022\jaarverslag-binnenlandse-zaken-2022.94.txt,2023,jaarverslag-binnenlandse-zaken-2022,0,beter digital toegank beter begrijp overheidstal ondersteun dienstverlener bied organiser gratis webinar duidelijk inclusiev bruikbar overheidscommunicatie slimm dienstverlen vroegsignaler bested sted aandacht mens actief wijz dienstverlen waarop recht gestart volgend verander mens beter naadloz inclusiev klantinteracties omnichannel ontwikkel zak functionaliteit pilot vier gemeent functionaliteit uitgewerkt randvoorwaard hiervor vastgesteld verder opgeschaald behulp use belastingdienst kvk heff belast provincie friesland verschill subsidieregel gemeent utrecht virtueel inkomensloket gewerkt ontwikkel bouwsten person regel assistent assistent wetgev financiel regel vertaald digital dienst burger ondernemer vormgev proactiev dienstverlen impact levensgebeurteniss voorzien schuldendomein gan vormgev digital infrastructur drag behal kabinet vastgesteld schuldendoelstell budgettair gevolg budgettair gevolg overheidsdienstverlen informatiesamenlev bedrag realisatie vastgesteld begrot verschil verplicht uitgav overheidsdienstverlen informatiebeleid informatiesamenlev subsidies regel ontwikkel overheidsvoorzien communicatie kennisdel digital dienstverlen overheidsdienstverlen opdracht ontwikkel overheidsvoorzien aanpak fraudebestrijd informatiebeleid overheidsdienstverlen digital dienstverlen informatiesamenlev ondersteun koepel implementatie woo cbs rdw twed kamer vergaderjar vii,Reparations and Remembrance|Modern & Everyday Racism,0.1309307341415954,"[0.0, 0.00468007736615578, 0.02094130555666779]","[False, True, True]","[False, True, True]","[0.1309307341415954, 0.1309307341415954, 0.1309307341415954]","[0, 1, 1]",jaarverslag-binnenlandse-zaken-2022.94.txt__0
openbaar-jaarverslag-mivd-2022.44.txt,Policyarchive_text\jaarverslagen\2023\openbaar-jaarverslag-mivd-2022\openbaar-jaarverslag-mivd-2022.44.txt,2023,openbaar-jaarverslag-mivd-2022,0,facility security clearances eventuel gunning buitenland defensieorder nederland bedrijf gevraagd facility security clearanc fsc gev mivd onderhoudt contact buitenland national designated security authorities fsc handel cijfer fsc aangevraagd fsc buitenland buitenland afgegev fsc aangevraagd fsc buitenland afgegev fsc request visit abdo schrijft medewerker defensie bedrijv request visit rfv defensie gerelateerd reiz indien bureau industrieveil mivd hiermee mogelijk vollediger beeld krijg trend reizigersgedrag reiz rfv aantall rfv industrie bezoek industrie uitgaand rfv inkom rfv rfv defensie bezoek buitenland defensie uitgaand rfv inkom rfv kengetall uvo uvo rond gemiddeld procent wettelijk termijn acht wek daarmee norm procent behaald militair veiligheidsdienst,"Colonial Exploitation, Slavery & Economic Inequality|Reparations and Remembrance|Modern & Everyday Racism",0.0890870806374748,"[0.018769741595597626, 0.006032376550973868, 0.0308445704381958]","[True, True, True]","[True, True, True]","[0.0890870806374748, 0.0890870806374748, 0.0890870806374748]","[1, 1, 1]",openbaar-jaarverslag-mivd-2022.44.txt__0
jaarverslag-binnenlandse-zaken-2022.69.txt,Policyarchive_text\jaarverslagen\2023\jaarverslag-binnenlandse-zaken-2022\jaarverslag-binnenlandse-zaken-2022.69.txt,2023,jaarverslag-binnenlandse-zaken-2022,0,woningeigenar len nar leenruimt lening euro krijg langer looptijd mogelijk gemaakt lager leenbedrag minimum leenbedrag verlaagd euro volled financier zonnepanel mogelijk gemaakt daarnaast financier beschik klein vve hel ruim twee ker zovel finan ciering woningeigenar vve verstrekt aanvrag liep maand financier rent lag inkomen start bijna maand werd eerst consumptiev financier verstrekt woningeigenar leenruimt start king vve nam sterk toe net gefinancierd bedrag ten opzicht warmtefond werkt verbetert aanvraagproces aanvrag versnell vereenvoud seh subsidie oplaadpuntenadvies advies realisatie laadinfrastructur subsidie energiebespar eig huis seh toegevoegd daarnaast kond vve net daarvor subsidie aanvrag isolatiemaatregel energieadvies via seh aanvrag energiebespar toegek bedrag ruim subsidie verstrekt energieadviez bedrag oplaadpuntenadviez bedrag ruim daarnaast hard gewerkt verbeter voorwaard seh samenvoeg verschill regel een regel svve stat per open programma aardgasvrij wijk derd laatst rond proeftuin aardgasvrij wijk geselecteerd proeftuin uitgebreid monitor volgt programma voortgang proeftuin haalt less beleid knelpunt agendeert jaarlijk twed kamer gerapporteerd voortgang kamerstuk paw uitgebreid geevalueerd zowel doeltreff doelmat bevond slot makersfas national programma lokal warmtetransitie nplw doorlop waarin less evaluatie meegenom programma start paw gat hierin ontzorg gebouweigenar uitgebreid uitbreid invull afsprak klimaatakkoord lancer landelijk digital platform verduurzam ontzorg woningeigenar hog bezoekersaantall uitbreid belangrijk bron informatie woningeigenar bijna gemeent energieloket war mens informatie krijg zam woning hiernaast lokal aanpak national isolatieprogramma mogelijk aanvrag ontzorg woningeigenar mee gan collectiev aanpak gemeent hiertoe tno voorgesteld gentenaanpak verder uitgewerkt mogelijk vanuit verbouwstrom via doetank vier pilot gemeent emm leusd veldhov eindhov ervar opgedan vorm ontzorg best werkt slot twed kamer vergaderjar vii,"Colonial Exploitation, Slavery & Economic Inequality|Reparations and Remembrance|Modern & Everyday Racism",0.0861411043293065,"[0.015601318200758198, 0.004849439386823805, 0.018055432762915973]","[True, True, True]","[True, True, True]","[0.0861411043293065, 0.0861411043293065, 0.0861411043293065]","[1, 1, 1]",jaarverslag-binnenlandse-zaken-2022.69.txt__0
jaarverslag-binnenlandse-zaken-2022.12.txt,Policyarchive_text\jaarverslagen\2023\jaarverslag-binnenlandse-zaken-2022\jaarverslag-binnenlandse-zaken-2022.12.txt,2023,jaarverslag-binnenlandse-zaken-2022,0,beleidsverslag beleidsprioriteit nieuw kabinet geinstalleerd bzk betek bzk huisvest ruimtelijk orden vro aantrad staatssecretaris kabinetsperiod verantwoord koninkrijksrelaties sering rijksbred coordiner verantwoord hel kabinet bzk hard gewerkt grot opgav war stat ingezet onderhoud bescherm vernieuw democratisch rechtstat hierbij hoort slagvaard open bestur goed toegerust integer bestuurder rijksdienst dienstbar betrouw rechtvaard maakt sterk veilig inclusiev kansrijk digital samenlev europes land gebied volkshuisvest ruimtelijk orden regie genom ervor zorg schar fysiek leefomgev ruimt woning natur landbouw bedrijv stapp gezet ervor zorg iederen won duurzam betal huis prettig geving verschen kabinetsreactie adviesrapport dialooggroep slavernijverled tegelijkertijd bod president basis kabinetsreactie namen reger excuses betrok historisch bestur voorganger stat slavernij bewindslied eiland surinam aanwez nazat gesprek gan vervolgtraject sterk weerbar democratie mens vooropstelt vraagt gelijktijd inzet onderhoud bescherm vernieuw onz democratisch rechtsstat daarom gewerkt onderhoud versterk democratisch rechtsstat grondrecht stan democratisch samenlev waarin fundamentel grondrecht vrijheid gerespecteerd war iederen meedoet discriminatie bestred digital platform gemeent mensenrecht stand gebracht drie themabijeenkomst georganiseerd kader platform national coordinator discriminatie racism national programma discriminatie racism teerd staatscommissie discriminatie racism ingesteld onafhank wetenschapp aanpak discriminatie racism twed kamer vergaderjar vii,"Colonial Exploitation, Slavery & Economic Inequality|Reparations and Remembrance|Modern & Everyday Racism",0.1116312611302876,"[0.05107892977185784, 0.08728569791965085, 0.3281975695911422]","[True, True, True]","[True, True, True]","[0.1116312611302876, 0.1116312611302876, 0.1116312611302876]","[1, 1, 1]",jaarverslag-binnenlandse-zaken-2022.12.txt__0
afschrift-adviesaanvraag-cultuurbestel-van-de-toekomst.1.txt,Policyarchive_text\brieven\2023\afschrift-adviesaanvraag-cultuurbestel-van-de-toekomst\afschrift-adviesaanvraag-cultuurbestel-van-de-toekomst.1.txt,2023,afschrift-adviesaanvraag-cultuurbestel-van-de-toekomst,0,retouradres postbus den hag agina geacht rad brief advies vernieuw cultuurbestel period vanaf brief volgt opgebouwd eerst schet uitgangspunt vervolgen benoem advies aandachtspunt beleidsdoorlicht uitgangspunt vanaf kwaliteit maatschapp betekenis kunst cultur onmis samenlev benoem intrinsiek waard cultur sta samenlev waarin iederen cultur ervar culturel ontwikkel mee cultuurbeleid stan kwaliteit maatschapp betekenis voorop cultur bijdrag opgav waarvor stan kanseng bevorder welzijn overbrugg verschill belangrijk waardevol overtu artistiek autonomie artistiek kwaliteit daarbij essentiel basisbeginsel goed borging basisbeginsel kunst cultur aanjag functie kwaliteit maatschapp betekenis cultur gan hand manier waarop cultur ondersteunt herzien toe vind culturel veld over huidig systematiek sluit goed ontwikkel wens spel sector samenlev overtu brief toekomst culturel daarom vernieuwingsagenda aangekondigd advies vormt belangrijk input overleg medebestuurder advies inricht cultuurbestel vanaf over belangrijk partner hen betrek advies dialogic cultur iederen beleidsdoorlicht ocw cultuurdeelnam kamerstuk kamerstuk rad cultur prin willem alexanderhof den hag datum betreft adviesaanvrag cultuurbestel toekomst erfgoed media creatiev industrie rijnstrat den hag ostbus den hag onz referentie beleidsdoorlicht cultuurdeelnam,Reparations and Remembrance|Modern & Everyday Racism,0.107520666114094,"[0.010304180224411388, 0.019245767969531036, 0.05267894239486525]","[False, True, True]","[False, True, True]","[0.107520666114094, 0.107520666114094, 0.107520666114094]","[0, 1, 1]",afschrift-adviesaanvraag-cultuurbestel-van-de-toekomst.1.txt__0
advies-nav-146e-omt-covid-19.10.txt,Policyarchive_text\brieven\2023\advies-nav-146e-omt-covid-19\advies-nav-146e-omt-covid-19.10.txt,2023,advies-nav-146e-omt-covid-19,0,datum kenmerk luchtweginfecties hierbij richtinggev zorginstell meld conform wet gezond luchtweginfecties ggd krijg indien nodig ondersteun advies uitbraakbeheers testcapaciteit opschal voorgesteld grootschal test mild klacht bepal isolatie huidig epidemiologisch fas vervall test mens verhoogd risico ernstig belop teruggebracht regulier zorg test medisch indicatie moment belangrijk bron surveillanc testresultat bestrijdingsdoeleind opschal pcr testcapaciteit vorm toepass variant ontstat ernstig ziektebeeld geeft algehel populatie ander gedefinieerd risicogroep hierdor hog druk zorg geeft snel verspreidt gedetecteerd antigen zelftest kan dergelijk scenario kort termijn optred klein verled daarnaast geblek dergelijk scenario verspreid volled ingedamd test isolatie aanvull contactbeperk algemen nodig omt mening teststrat afgeschaald volled afschal toe leid opbouw testcapaciteit langer duurt wanner dergelijk scenario hierbov benoemd voltrek kader pandemisch parat ggd echter algemen zin voorbereid opschal indien nodig uitbrak infectieziekt afschal test ggd belast huisart toeneemt voorkom mens onnod huisart gan test adviseert omt duidelijk communicatieboodschap algemen formuler luchtwegklacht duidelijk klacht welk art zorgverlener gan person beschermingsmiddel zorgverlener zorgmedewerker werd toe person beschermingsmiddel pbm geadviseerd ter bescherm medewerker zorg patient verdenk,Reparations and Remembrance|Modern & Everyday Racism,0.1091190943152757,"[0.005025330569690455, 0.0051760081608918105, 0.0206199116349311]","[False, True, True]","[False, True, True]","[0.1091190943152757, 0.1091190943152757, 0.1091190943152757]","[0, 1, 1]",advies-nav-146e-omt-covid-19.10.txt__0
jaarverslag-onderwijs-cultuur-wetenschap-2022.28.txt,Policyarchive_text\jaarverslagen\2023\jaarverslag-onderwijs-cultuur-wetenschap-2022\jaarverslag-onderwijs-cultuur-wetenschap-2022.28.txt,2023,jaarverslag-onderwijs-cultuur-wetenschap-2022,0,waarop momentel gewerkt volgen operationel ocw open daarna besprok team directies eig prioriteit ambities gesteld gramma ocw open ondersteun behal ambities manier ervor zorg iederen werkt hen relevant past werk verander beweg dienst uitvoer duo werkt verschill manier versterk dienstverlen wachttijd telefon particulier klant aangepakt versterk aanpak inzet arbitrair berad plek disciplinair casuistiek besprek eerst stand duo uitgebracht waarin aandachtspunt opgenom vanuit ogen klant knelpunt regelgev onbedoeld negatiev impact klant geinventariseerd zovel mogelijk opgelost duo werkt uitvoerder kader overheidbred programma loketfunctie enkel ment gezamen dienstverlen richt daarnaast duo eerst proef gedan doenvermogentoet herinvoer basisbeur beleidsprioriteit coalitieakkoord primair voortgezet kader beleidsprioriteit volg coalitieakkoord primair voortgezet ingezet thema kwaliteit kanseng vrij veilig lerar nieuw coalitieakkoord miljard structurel middel opgenom onderwijskwaliteit versterk hiervan masterplan basisvaard waarover twed kamer geinformeerd masterplan eran bijdrag prestaties leerling basisvaard tal reken digital geletterd burgerschap zichtbar verbeter komend werk verbeter basisvaard leerling zet extra tijd ruimt kwalitatief goed lerar effectiev kelmiddel verbeterd aansluit schol organisaties rondom schol bibliothek kinderopvang daarnaast aangekondigd monitor beter zicht will krijg prestaties leerling basisvaard zodat effectiviteit beter toets waard hiervor curriculum funder bijgesteld zodat nam basisvaard helderder geval afgelop najar schol funder slag gegan verbeter basisvaard waarvan schol hierbij hulp krijg basisteam basisteam ondersteun schol aanpak help organiser juist hulp schol twed kamer geinformeerd voortgang masterplan basisvaard brief schets onz beeld structurel aanpak masterplan basisvaard brief aangekondigd schol komend period gerichter gefinancierd middel meerjar subsidieregel aanlop structurel bekost nieuw financieringsinstrument vanaf twed kamer vergaderjar viii,"Colonial Exploitation, Slavery & Economic Inequality|Reparations and Remembrance|Modern & Everyday Racism",0.1002509414234171,"[0.003800864112646456, 0.007210171683605793, 0.03738165139380399]","[True, True, True]","[True, True, True]","[0.1002509414234171, 0.1002509414234171, 0.1002509414234171]","[1, 1, 1]",jaarverslag-onderwijs-cultuur-wetenschap-2022.28.txt__0
jaarverslag-ezk-2022.64.txt,Policyarchive_text\jaarverslagen\2023\jaarverslag-ezk-2022\jaarverslag-ezk-2022.64.txt,2023,jaarverslag-ezk-2022,0,behoort mondial top meest dynamisch concurrer kenniseconomieen een land hoogst arbeidsproductiviteit ter wereld stat crisis relatief goed international perspectief afgemet ontwikkel bruto binnenland product bbp lijkt veerkracht economie grot vanaf vierd kwartal gerek grot herstel sterkst zelf sterker kabinet zet bedrijvenbeleid herstelpakket toppositie behoud verder versterk onz welvaart duurzam veilig stell toekomst generaties toppositie handhav versterk zet kabinet realiser volgend twee strategisch realiser innovaties bijdrag maatschapp vooruitgang missiegedrev innovatiebeleid topsectorenaanpak onderzoekssamenwerk goed functioner maatschapp verantwoord bedrijfslev waarborg goed randvoorwaard schap innovatie realiser duurzam innovaties bijdrag maatschapp vooruitgang missiegedrev innovatiebeleid topsectorenaanpak onderzoekssamenwerk innovatie een belangrijkst bronn economisch groei welvaart vooruitgang tal maatschapp terrein succesvoll innovaties crer toegevoegd waard bied oploss maatschapp vraagstuk terrein energietransitie duurzam landbouw water voedsel gezond zorg vraagt samenwerk partij bedrijv kennisinstell maatschapp saties innovatiehelix bedrijv zet innovatie stimuleert financiert ontwikkel kennisinstell bedrijv kabinet gekom visie innovatie impact kamerstuk kabinet vindt sterk positie ondernemer leid toepass product dienst niveau wereldklas impact wetenschapp toegepast praktijkgericht beter kabinet daarom stimuler kennis toegepast valorisatie weg kennis eenrichtingsverker impact ontstat war ondernemer maatschapp organisaties elkar samenwerk kamerbrief innovatie impact stelt kabinet uitgav privat ontwikkel komend stijg bruto binnenland product privat aandel daalt uitgav privat ontwikkel bedroeg bruto binnenland product volgen voorlop cijfer cbs invester echter zichzelf vormt een fundament innovatief vermog land goed klimat goed kennisinfrastructur kennissamenwerk goed werkend financieringsmarkt zie verder beleidsartikel begrot beschik bekwam personel twed kamer vergaderjar xiii,"Colonial Exploitation, Slavery & Economic Inequality|Reparations and Remembrance|Modern & Everyday Racism",0.0807694374847485,"[0.013540108670912805, 0.014330550556457683, 0.0016635349155642736]","[True, True, True]","[True, True, True]","[0.0807694374847485, 0.0807694374847485, 0.0807694374847485]","[1, 1, 1]",jaarverslag-ezk-2022.64.txt__0
jaarverslag-ienw-2022.168.txt,Policyarchive_text\jaarverslagen\2023\jaarverslag-ienw-2022\jaarverslag-ienw-2022.168.txt,2023,jaarverslag-ienw-2022,0,aanbreng wtms betreft voornem contact waterschapp veiligheidsregio beter mogelijk mak zodat optimal geborgd verantwoordingsonderzoek algemen rekenkamer inzicht risico continuiteit dienstverlen algemen rekenkamer constateert knmi voldoet norm wijz risico analyser prioriter knmi doorloopt stapp intern sturingscyclus managementafsprak volled opgesteld concernsturingscyclus gehel doorlop programma ewc risicoregister periodiek geupdatet budgettair gevolg budgettair gevolg meteorologi seismologie aardobservatie bedrag realisatie vastgesteld begrot verschil verplicht uitgav meteorologie seismologie agentschapp bijdrag agentschap knmi meteorologie seismologie bijdrag international organisaties contributie wmo hgis contributie ecmwf hgis over bijdrag organisaties aardobservatie bijdrag agentschapp bijdrag agentschap knmi ontvangst financiel onderstaand niveau financieel instrument ting verschill mutaties begrot realisatie zie gehanteerd norm normer jaarverslag opgenom verschil verplicht miljoen veroorzaakt toevoeg kader prijsbijstell miljoen hybrid werk miljoen masterplan bilt miljoen parlementair ondervragingscommissie toeslag pok miljoen ecmwf miljoen knmi global miljoen werk uitvoer open twed kamer vergaderjar xii,"Colonial Exploitation, Slavery & Economic Inequality|Modern & Everyday Racism",0.0896922111302323,"[0.0, 0.0009218255632090422, 0.01753420688093739]","[True, False, True]","[True, False, True]","[0.0896922111302323, 0.0896922111302323, 0.0896922111302323]","[1, 0, 1]",jaarverslag-ienw-2022.168.txt__0
tk-beslisnota-bij-kabinetsreactie-cpt-eindrapport-bezoek-mei-2022.6.txt,Policyarchive_text\beleidsnotas\2023\tk-beslisnota-bij-kabinetsreactie-cpt-eindrapport-bezoek-mei-2022\tk-beslisnota-bij-kabinetsreactie-cpt-eindrapport-bezoek-mei-2022.6.txt,2023,tk-beslisnota-bij-kabinetsreactie-cpt-eindrapport-bezoek-mei-2022,0,directie wetgev juridisch zak juridisch zak wetgevingsbeleid datum kenmerk reactie aanbevel plaatsingsprocedur ebi beschrev waaronder individuel beoordel gebod activiteit bestaand contactmog gedetineerd verder strekking wetsvoorstel wijzig pbw bevelsbevoegd oplegg beperk gedetineerd weergegev toegelicht contact gedetineerd dien advocat vertrouw zer beperkt buitengroep gedetineerd noodzak strenger mogelijk mak voorkom misbruik gemaakt geprivilegieerd contact gedetineerd advocat vervolgproces vertaald gecontroleerd engel reactie cpt gestuurd gelijktijd twed kamer geinformeerd kabinetsreactie vanaf moment zull beid document open voorafgaand verzend cpt twed kamer kabinetsreactie rijksministerrad geagendeerd politiek bestur risico aanbevel betrek ebi extra aandacht trek openbaarmak kabinetsreactie communicatie toepass vertrouw verzend twed kamer informatie open gemaakt persoonsgegeven ambtenar open ter bescherm person levenssfer,"Colonial Exploitation, Slavery & Economic Inequality|Reparations and Remembrance|Modern & Everyday Racism",0.0839181358296689,"[0.008261167581027655, 0.0086718390179189, 0.012743457225333356]","[True, True, True]","[True, True, True]","[0.0839181358296689, 0.0839181358296689, 0.0839181358296689]","[1, 1, 1]",tk-beslisnota-bij-kabinetsreactie-cpt-eindrapport-bezoek-mei-2022.6.txt__0
jaarverslag-lnv-2022.72.txt,Policyarchive_text\jaarverslagen\2023\jaarverslag-lnv-2022\jaarverslag-lnv-2022.72.txt,2023,jaarverslag-lnv-2022,0,middel jaarlijk managementverklar bevest hoofd dienst geconstateerd intern fraudes corruptie gemeld directeur fez adr integriteitsbeleid voort voldoen norm regel ter voorkom eventuel belangenverstrengel leid misbruik oneigen koersgevoel informatie medewerker daarmee schad lnv person verrijk burger bedrijv erop vertrouw lnv medewerker bevooroordeeld partijd lnv voert samenwerk adr additionel beher risico gebied fraud corruptie strengel veranker daarvan departemental over aspect bedrijfsvoer informatiebeveil lnv conform richtlijn binnenland zak koninkrijksrelaties begin beeld integral beveil privacy afgegev waarin status informatiebeveil omschrev betekent lnv noodzak regelgev vir avg bio kwaliteitscyclus ingericht continue monitor status integral beveil privacy ingericht beheert toekomstbestend bestaand system extern consultantskantor constater aanbevel gedan nvwa vanweg complexiteit nvwa navenant matiek constater aanbevel opgevolgd nvwa gat aanvull acties ondernem grot lopend bzk informeert twed kamer periodiek temental grot dashboard open gemaakt minimal eenmal per geactualiseerd rapportageplicht geldt waarvan kost tenminst bedrag lnv onderstaand grot uitvoer programma informatiehuishoud toekomst pit programma programma vervoersbewijs dierlijk meststoff rvdm aerius grot beeindigd vangstregistratie belangrijk ontwikkel verbeter bedrijfsvoer twed kamer vergaderjar xiv,Reparations and Remembrance|Modern & Everyday Racism,0.0925820099772551,"[0.0160131867301262, 0.0010372492780800413, 0.024313481393879524]","[False, True, True]","[False, True, True]","[0.0925820099772551, 0.0925820099772551, 0.0925820099772551]","[0, 1, 1]",jaarverslag-lnv-2022.72.txt__0
jaarverslag-bhos-2022.30.txt,Policyarchive_text\jaarverslagen\2023\jaarverslag-bhos-2022\jaarverslag-bhos-2022.30.txt,2023,jaarverslag-bhos-2022,0,thema resultaatgebied indicator streefwaard realisatie streefwaard sdg international activiteit bevorder international ondernemerschap rvo internationaliser ondersteund ondernem beleidsinterventie geexporteerd doelmarkt sdg inclusiev duurzam groei sdg innovatie duurzam infrastructur cumulatiev exporttoenam betreff bedrijv realisatie periodiek rapportages beleidsdoorlicht realisatie beleidsdoorlicht thema nam nummer begrotingsartikel war thema betrek behandel twed kamer beleidsdoorlicht duurzam economisch ontwikkel handel invester beleidsdoorlicht thema voedselzeker beleidsdoorlicht thema water beleidsdoorlicht thema maatschapp middenveld beleidsdoorlicht thema budget international sindsdien begrot defensie beleidsdoorlicht thema multilateral samenwerk vervolgnummer betreft kamerstuk beleidsdoorlicht periodiek rapportages buitenland zak uitgevoerd directie international evaluatie iob beleidsdoorlicht uitgevoerd per thema period beleidsdoorlicht uitgevoerd per begrotingsartikel vanaf periodiek rapportages uitgevoerd per beleidsthema conform strategisch evaluatie agenda openbaarheidsparagraf kabinetsreactie ongek onrecht kabinet aangekondigd gericht actiev making informatie verbeter informatiehuishoud twed kamer vergaderjar xvii,Modern & Everyday Racism,0.1009009190994468,"[0.01738328378702211, 0.013468967963417653, 0.004466952186763923]","[False, False, True]","[False, False, True]","[0.1009009190994468, 0.1009009190994468, 0.1009009190994468]","[0, 0, 1]",jaarverslag-bhos-2022.30.txt__0
jaarverslag-justitie-2022.15.txt,Policyarchive_text\jaarverslagen\2023\jaarverslag-justitie-2022\jaarverslag-justitie-2022.15.txt,2023,jaarverslag-justitie-2022,0,wet straff bescherm trad werking grotendel menteerd hiermee bied slachtoffer genoegdoen werk organisaties verminder recidiv invoer laatst wet namelijk informer raadpleg slachtoffer vertraagd beslot mentatie overdracht huidig verantwoord cjib informer slachtoffer gingsfas koppel implementatie laatst tranch wet veilig terugker gedetineerd werkt knelpunt integratie samenwerk intensiver kreg sering dji tezam samenwerk verder verbeter inzet reclasser geevalueerd medio evaluatie opgeleverd aanleid justitie terroristenafdel onderzoekt dji verder verbeter opleid arbeid ristenafdel verkent dji mogelijk gedetineerd ten behoev terroristenafdel war veilig eerder lat doorstrom ander regim verruim daarvor geldend dji kent drie afdel intensief ait nieuw concept inzicht werking effect hiervan evaluatie gestart vooruitlop wijzig penitentiair lenwet lager regelgev gewijzigd voortgezet criminel handel detentie beter gan pwc concludeerd tak middel dji elkar evenwicht tekort miljoen grootst opgelost extra invester structurel alsmed vier opbrengst structurel twed kamer voorjaarsnota geinformeerd wijz rester tekort opgelost relatie meest recent raming behoeft sanctiecapaciteit pmj medewerker samenlev gedetineerd stat hierbij central afwacht nieuw system afgift identiteitsbewijz gedetineerd medio zoud tussenoploss verkenn ging gemeent wild liever reid nieuw werkwijz werkwijz houdt meester gemeent waarin stat bevoegd identiteitskaart verstrek gedetineerd gemeent gevestigd forensisch zorg professionel hog kwaliteit flink stapp gezet betrokken forensisch zorg veiliger beter mak dji voerd nieuw inkoopstrategie ruimt zorgaanbieder dji gesprek gan inschrijv dji verwacht daardor beter afsprak contract langer looptijd stabiliteit sector realiser regel selectie plaatsing overplaats gedetineerd twed kamer vergaderjar,"Colonial Exploitation, Slavery & Economic Inequality|Reparations and Remembrance|Modern & Everyday Racism",0.0824957911384305,"[0.04137957361567559, 0.001952330545211949, 0.03428127769213906]","[True, True, True]","[True, True, True]","[0.0824957911384305, 0.0824957911384305, 0.0824957911384305]","[1, 1, 1]",jaarverslag-justitie-2022.15.txt__0
jaarverslag-binnenlandse-zaken-2022.93.txt,Policyarchive_text\jaarverslagen\2023\jaarverslag-binnenlandse-zaken-2022\jaarverslag-binnenlandse-zaken-2022.93.txt,2023,jaarverslag-binnenlandse-zaken-2022,0,hoogwaard dienstverlen een hand volgend drie invalshoek toegewerkt een waarbij begrijp hoogwaard toegank integral geintegreerd dienstverlen aanbied mens altijd kiez via welk kanal will mak informatie dienstverlen click call fac mens krijg juist hulp verlen afhank mat zelfredzam complexiteit person situatie complexiteit wet regel mens actief gewez kans risico makkelijk mak dienstverlen zet daarbij slimm dienstverlen vroegsignaler interbestur overheidsbred programma verlen gestart programma werkt dezelfd structur overheidsbred programma werk uitvoer ambtelijk uitvoer acu ministeriel uitvoer mcu dienstverlener invull verstan loketfunctie lening volgend verander mens seerd via digital kanal burger levensgebeurteniss person samenstell verder gewerkt digital plek war praktisch informatie dienstverlen elkar vind hiervor websit wereldwijd basis gelegd person ontvang nabestaand uitvaartondernemer brief gemeent waarmee begeleid regelzak student financiel regel waarvan mak stap stap teniss gedan informatiepunt digital ido gemeent war mens terecht bred integral ondersteun dienstverlen hulpvrag helpt ido war medewerker ido help mens doorverwez lokal ganisaties sociaaljuridisch loket financiel klachteninstitut huurcommissie loketinitiatiev ingericht sommig gevall gestart praktijk gemeent amsterdam gestart fysiek ingang afsprak sociaal raadslied vervull verschill locaties rol overheidsdienstverlener aangeslot partner gemeent afsprak mak burger hen aanklopt complex meerder overheidsorganisaties levensgebeurteniss levensgebeurteniss twed kamer vergaderjar vii,Modern & Everyday Racism,0.1631377456342734,"[0.00403145597527611, 0.002246452904068456, 0.03077040687761958]","[False, False, True]","[False, False, True]","[0.1631377456342734, 0.1631377456342734, 0.1631377456342734]","[0, 0, 1]",jaarverslag-binnenlandse-zaken-2022.93.txt__0
jaarverslag-szw-2022.49.txt,Policyarchive_text\jaarverslagen\2023\jaarverslag-szw-2022\jaarverslag-szw-2022.49.txt,2023,jaarverslag-szw-2022,0,kerncijfer arbeidsmarkt realisatie realisatie realisatie realisatie realisatie beroepsbevolk werkzam beroepsbevolk werkloz beroepsbevolk werkloosheidspercentag jeugdwerklos bron cbs statlin kerncijfer betreff leeftijdsgroep kerncijfer arbeidsmarkt lat zien krapt arbeidsmarkt gezorgd for verschuiv geldt langer trend werkzam beroepsbevolk bijna duizend mens toegenom hel period gat toenam ruim duizend person tegelijkertijd werkloz mens beroepsbevolk gedaald zowel trendmat vanaf krapp arbeidsmarkt leidt toetred verschill groep mens voorhen werk vond mens had getrok arbeidsmarkt vanweg ontmoed mens eerst wild werk besluit werk gan arbeidsmarkt kans biedt afnam werklos stijging werkzam bevolk vond vooral plat eerst laatst kwartal tussentijd kwartal stagneerd toenam werkzam bevolk liep werklos licht werklos leeftijdsgroep afgenom vooral afnam jeugdwerklos grot jeugdwerklos liep aanvang coronacrisis juist for lag oud niveau period valt vooral afnam werklos twed kamer vergaderjar,"Colonial Exploitation, Slavery & Economic Inequality|Reparations and Remembrance|Modern & Everyday Racism",0.0981022943175945,"[0.009242330633007043, 0.0, 0.01569845505773486]","[True, True, True]","[True, True, True]","[0.0981022943175945, 0.0981022943175945, 0.0981022943175945]","[1, 1, 1]",jaarverslag-szw-2022.49.txt__0
jaarverslag-koninkrijksrelaties-2022.28.txt,Policyarchive_text\jaarverslagen\2023\jaarverslag-koninkrijksrelaties-2022\jaarverslag-koninkrijksrelaties-2022.28.txt,2023,jaarverslag-koninkrijksrelaties-2022,0,beleidsartikel koninkrijksrelaties versterk rechtsstat algemen doelstell bevorder goed bestur lever versterk rechtsstat land aruba curaçao maart krijgt vorm samenwerk gebied rechtshandhav grensbewak ondersteun land aruba curaçao maart rol verantwoord binnenland zak koninkrijksrelaties bzk woordelijk stimuler rechtshandhav aangeleg land koninkrijk verantwoord stimuler versterk rechtsstat aruba curaçao maart land bred zin ondersteun invull uitvoer gev samenwerkingsregel rijkswet daarbij werkt nauw betrok bewindsperson justitie defensie financien kennis capaciteit ondersteun versterk lever ondersteun komt voort statut koninkrijk nederland waarin bepaald land koninkrijk elkar hulp bijstand verlen komt stand treff onderl regel grond eerst lid statut koninkrijk nederland beleidsconclusies bestrijd ondermijn vanaf ontvang recherchesamenwerkingsteam rst parket curacao maart ppg gemeenschapp hof justitie hof extra geld vrijgekom aanleid sluit landspakket kamerstuk geld kom middel capaciteit beschik duurzam aanpak mijning land daarnaast duurzam aanpak uitgebreid aruba beschik stell geld aruba hiervor separat onderl regel opgesteld ondermijn preventief pak justitieel vierpartij overleg jvo werkgroep bestur aanpak ondermijn ingesteld jaarlijk stelt bzk hiervor ter beschik uitgegev land capaciteit ter beschik had plann voer twed kamer vergaderjar,Reparations and Remembrance|Modern & Everyday Racism,0.1236487660312081,"[0.007121797389989595, 0.02029880128526743, 0.01101767883631044]","[False, True, True]","[False, True, True]","[0.1236487660312081, 0.1236487660312081, 0.1236487660312081]","[0, 1, 1]",jaarverslag-koninkrijksrelaties-2022.28.txt__0
jaarverslag-onderwijs-cultuur-wetenschap-2022.27.txt,Policyarchive_text\jaarverslagen\2023\jaarverslag-onderwijs-cultuur-wetenschap-2022\jaarverslag-onderwijs-cultuur-wetenschap-2022.27.txt,2023,jaarverslag-onderwijs-cultuur-wetenschap-2022,0,vergaderjar viii onderzocht mat noodzak ingrep plaatsvind jong intersek kinder hierin perspectief kind meegenom onderzoeksrapport spoedig twed kamer gedeeld ter uitvoer motie ginnek ellian kamerstuk ingedi interdepartemental werkgroep meerouderschap lev geroep werkgroep scenario plan planning uitwerk manier waarop meerouderschap geimplementeerd hierbij gemaakt focusgroep meerouder kinder jeugdbescherm diver maatschapp behoeft kaart breng parallel focusgroep verkend benodigd wijzig burger wetboek doorwerk daarvan relevant regelgev voortbouw eerder analys invoer meerouderschap verbeter dienstverlen programma ocw open richt enerzijd cultur verander waarbij menselijk handel ambtenar belangrijk rol speelt daardor tijd nodig verander breng anderzijd overkoepel programma biedt voert regie implementatie acties ocw gevolg parlementair ondervragingscommissie fair inclusief werkagenda werk uitvoer advies tijdelijk uitvoeringsorganisaties regeerakkoord begin programma ocw open programmaplan opgeleverd eerst inspann hiervor verricht voorbeeld uitgelicht eerst vanaf meerjar middel werk uitvoer wau toegevoegd begrot gebeurd basis bestedingsvoorstell ganisaties ocw dienstverlen ict statur uitvoer stell stat verlen beter dienstverlen aansluit behoeft mens werk relatie onz ganisaties central ten twed twed dialog plaatsgevond thema drager nieuw bestuurscultur dialog bedoeld voer dialog rambitie bevorder bewustzijn veranderopgav input hal spor leiderschap ambtelijk vakmanschap vermog open hiervan meegenom verder ontwikkel leiderschapstraject ten derd pilot versterk gegevenseigenar uitgewerkt wikkeld samensprak betrok organisatieonderdel slot prinsjesdag beslisnota open ocw afgesprok laktol beschik komt medewerker departement zodat ieder medewerker stat nodig lak persoonsgegeven ocw open voornemen fas verander dialog begin sluit direct start fas verander aanrad auditdienst rijk adr programma geadviseerd gan stur veranderopgav gehel pak verander ner legg war gebeur staand programma ondersteun richting gev idee middel veranderwijzer inzicht krijg gev mat twed kamer vergaderjar viii,"Colonial Exploitation, Slavery & Economic Inequality|Reparations and Remembrance|Modern & Everyday Racism",0.0842658715064236,"[0.02017957637487181, 0.014508752377771859, 0.016840543807885827]","[True, True, True]","[True, True, True]","[0.0842658715064236, 0.0842658715064236, 0.0842658715064236]","[1, 1, 1]",jaarverslag-onderwijs-cultuur-wetenschap-2022.27.txt__0
jaarverslag-ienw-2022.264.txt,Policyarchive_text\jaarverslagen\2023\jaarverslag-ienw-2022\jaarverslag-ienw-2022.264.txt,2023,jaarverslag-ienw-2022,0,omschrijv motie vindplat stand zak uitstot waaronder uitstot pak beter uniformer gemet beter luister omwon hen beter informer zorg gezond serieus nem kamer begin informer opgepakt uitgevoerd leefomgev stand zak asfaltcentrales verzoekt kabinet zet administratiev last mkb ers beperk verzoekt kabinet gesprek gan mkb kijk stand gebracht parlementair agenda punt fiches duurzam product norm mak europes strategie duurzam circulair textiel voorkom onnod disproportionel administratiev last staand blijvend beleidsinzet motie gesprek mkb ingepland verzoekt reger gesprek gan europes mogelijk dierenwelzijn productpaspoort nem parlementair agenda punt fiches duurzam product norm mak europes strategie duurzam circulair textiel best moment breng europes verband bepaald milieurad bila europes commissaris uitgangspunt uiter verzoekt reger europa pleit ambitieus percentag gerecycled textiel nieuw kleding verplicht daarbij zet parlementair agenda punt fiches duurzam product norm mak europes strategie duurzam circulair textiel best moment breng europes verband bepaald milieurad bila europes commissaris uitgangspunt uiter verzoekt reger europes verband zet ambitieuz wetgev bewust toevoeg microplastic product beeindig microplastic onbewust milieu terechtkomt pak voorkeur verbod stell waarin noodzak toepass waarvor realistisch alternatief uitzonder gemaakt parlementair agenda punt fiches duurzam product norm mak europes strategie duurzam circulair textiel motie voorjar afgedan kamerbrief monitor plastic pact verzoekt reger gesprek gan luchtvrachtsector apart slotpol schiphol luchtvracht opgezet maximal vlucht per parlementair agenda punt kamer verwacht kerstreces geinformeerd luchtvaart verzoekt reger schiphol dring fatsoen lon goed arbeidsvoorwaard medewerker benut arbeidspotentieel mens thuis zit parlementair agenda punt kamer conform motie hierover geinformeerd luchtvaart verzoekt kabinet gezamen uiter eerst kwartal tegelijk stand zak reductie afhandelar schiphol kamer stur daarin tijdpad nem vervolgstapp nodig daadwerk beperk grondafhandelar bagag kom parlementair agenda punt eerst opgeleverd begin gedeeld betrok partij momentel kamerbrief gewerkt daarin stand zak tijdpad benodigd vervolgstapp traject beperk afhandelingsbedrijv verwacht brief snel voorjaarsreces uitgat luchtvaart verzoekt kabinet overleg betrok gemeent vliegveld borg ruimt traumahelikopter rotterdam hague airport beperkt,"Colonial Exploitation, Slavery & Economic Inequality|Reparations and Remembrance|Modern & Everyday Racism",0.0879966676449136,"[0.014518825494674883, 0.0003250171509557729, 0.018211286017556092]","[True, True, True]","[True, True, True]","[0.0879966676449136, 0.0879966676449136, 0.0879966676449136]","[1, 1, 1]",jaarverslag-ienw-2022.264.txt__0
jaarverslag-lnv-2022.206.txt,Policyarchive_text\jaarverslagen\2023\jaarverslag-lnv-2022\jaarverslag-lnv-2022.206.txt,2023,jaarverslag-lnv-2022,0,integral aanpak capaciteit integral aanpak capaciteit zorg extra ondersteun steuning open samenhang beter houding optimalisatie process tooling vanuit aanpak kerndepartement lnv ezk fte extra capaciteit aangenom ontwikkel platform informatiehuishoud openbaarmak transparantie gestart ontwikkel platform nieuw bestaand collega thema houding woo openbaarmak transparantie elkar verbind training ontwikkel communicatie kennisdel faciliter communicatie begeleid diver handleid instructies publicaties ontwikkeld informer ondersteun medewerker management rek open gesprek georganiseerd dilemma openbaarmak besprek medewerker financiel activiteit gebied openbaarmak verbeter informatiehuishoud del gefinancierd vanaf vanaf del eig middel departement meerjar toegek bzk vanuit budget ruim miljoen ezk lnv hiervan ruim miljoen gealloceerd dienstonderdel ten aanzien bested budget geldt rijksbred prioriteit open ord conform budget uitgenut budget gehel uitgenut hiervan najaarsnota verwacht onderuitnut teruggegev bzk interdepartemental traject budget woo circa onderuitnut ontstan vooral veroorzaakt temporiser enkel deeltraject vertrag aannem personel gevolg moeilijk arbeidsmarkt doordat bepaald deelproject geld kond gerealiseerd onderuitnut beperk zomer extra impuls diver inzet extra capaciteit ondersteun dienst aandachtspunt woo feit nieuw wet pas ingevoerd eerst beschik basis eerst ervar concret plann gemaakt budget optimal mogelijk benut lijst afkort lijst afkort acm autoriteit consument markt aviair influenza anlb agrarisch natur landschapsbeher atcm antarctic treaty consultativ avp afrikan varkenspest twed kamer vergaderjar xiv,Reparations and Remembrance|Modern & Everyday Racism,0.1095445115010332,"[0.010221950138193558, 0.0008267993926069167, 0.03194673621433512]","[False, True, True]","[False, True, True]","[0.1095445115010332, 0.1095445115010332, 0.1095445115010332]","[0, 1, 1]",jaarverslag-lnv-2022.206.txt__0
jaarrapportage-bedrijfsvoering-rijk-2022.91.txt,Policyarchive_text\jaarverslagen\2023\jaarrapportage-bedrijfsvoering-rijk-2022\jaarrapportage-bedrijfsvoering-rijk-2022.91.txt,2023,jaarrapportage-bedrijfsvoering-rijk-2022,0,gebouw verkocht stapp gezet vergaand verbeter kwaliteit hierin verwerk natur nieuwst inzicht hybrid werk kantorenvoorrad pass war mogelijk masterplann daarmee belangrijk stuurmiddel vastgoedontwikkel middellang lang termijn afstot verkop masterplangebouw rijksvastgoedbedrijf verkocht gebouw uitvoer masterplann overbod werd werd vier gebouw verkocht bvo gebouw overgedrag dji national overdracht geld masterplanverkop verkocht masterplangebouw verkocht gebouw bruto vloeroppervlakt nettoresultat vorig boekjar structurel bespar uitzonder organisatieomvang rijkskantor huisvest vak diver organisaties bron rijksvastgoedbedrijf ontwikkel rijkshuisvest gebruiksvergoed rijksvastgoedbedrijf ministeries beschik eig huisvestingsbudget betal hieruit gebruiksvergoed rijksvastgoedbedrijf total gebruiksvergoed steg rijksbred miljoen euro vergelek indexatie prijscomponent relatie tiecijfer gereedkom diver verklaart grot stijging wilhelmina pruisenweg den hag tenlan den bosch fellenoord eindhov afgerond total gebruiksvergoed miljoen euro gebruiksvergoed uitzonder organisatieomvang incidentel defensie zbo bron rijksvastgoedbedrijf leenfaciliteit rijkshuisvest rijksvastgoedbedrijf financiert invester rijkshuisvest lening financien oplever betaalt rijksvastgoedbedrijf vanuit gebruiksvergoed rent afloss lening jaarlijk spreekt goedbedrijf leenplafond financien plafond hangt effect lening saldo economisch monetair unie emu leenplafond vesting volgen bijgesteld ontwerpbegrot miljoen euro lening rijkshuisvest werd toegestan blev miljoen euro vastgesteld leenplafond organisatieomvang organisatieomvang jaarrapportag bedrijfsvoer rijk,"Colonial Exploitation, Slavery & Economic Inequality|Modern & Everyday Racism",0.0828078671210825,"[0.0363173582277406, 0.0031078599505039383, 0.015935749751623512]","[True, False, True]","[True, False, True]","[0.0828078671210825, 0.0828078671210825, 0.0828078671210825]","[1, 0, 1]",jaarrapportage-bedrijfsvoering-rijk-2022.91.txt__0
jaarrapportage-bedrijfsvoering-rijk-2022.21.txt,Policyarchive_text\jaarverslagen\2023\jaarrapportage-bedrijfsvoering-rijk-2022\jaarrapportage-bedrijfsvoering-rijk-2022.21.txt,2023,jaarrapportage-bedrijfsvoering-rijk-2022,0,diver samengesteld personeelsbestand gat zichtbar onzicht verschill medewerker medewerker verschill durv uitdrag verschill gender opleidingsachtergrond culturel achtergrond leeftijd person seksuel gericht mens beperk elk verschill samenstell eig uitdag gebied diversiteit daarom vormt elk eig diversiteitsbeleid ambitie vraagt blijvend aandacht ministeries satieonderdel rijk zet daarom blijvend keling inclusiev diver samengesteld team enkel voorbeeld inzet training inclusief werv selecter instroomcommissies verbeter onbewust vooringenom verminder aanvull hierop voorstel voorbereid bred pakket gericht bred werv objectief selecter diver programma training ontwikkel personel hierbij aandacht bested zowel diversiteit achtergrond perspectiev diversiteit inclusie coachingsprogramma uitgevoerd doorstrom ambitieuz medewerker diver achtergrond bevorder effectiviteit interventies gericht bevorder inclusiev werkcultur zinvoll wijz inclusie monitor organiser verschill bewustwordingsactiviteit gedur samenwerk ministeries zogenoemd diversity wek culturel diversiteit rijk mak complex vraagstuk maatschapp opgav daarom hel belangrijk goed sluit breedt huidig maatschappij daarvan diversiteit culturel achtergrond medewerker aandel medewerker wester ten opzicht gelijk geblev procent aandel medewerker migratieachtergrond groeit gehel linie licht gestag total personeelsbestand procent procent zie banenafsprak mens arbeidsbeperk inclusiev werkgever werkgever doelgroep wet banenafsprak kans biedt zinvol werk veilig werkklimat doelstell doelstell derd kwartal ban rijk cijfer gebaseerd definitie cbs begin matie definitie vind nieuw definitie jbr toegepast cijfer uitgebreid nieuw definitie vind organisatieomvang jaarrapportag bedrijfsvoer rijk,Modern & Everyday Racism,0.1962311562078424,"[0.0027842077641478374, 0.0035077258774924526, 0.10190850265985467]","[False, False, True]","[False, False, True]","[0.1962311562078424, 0.1962311562078424, 0.1962311562078424]","[0, 0, 1]",jaarrapportage-bedrijfsvoering-rijk-2022.21.txt__0
jaarrapportage-bedrijfsvoering-rijk-2022.98.txt,Policyarchive_text\jaarverslagen\2023\jaarrapportage-bedrijfsvoering-rijk-2022\jaarrapportage-bedrijfsvoering-rijk-2022.98.txt,2023,jaarrapportage-bedrijfsvoering-rijk-2022,0,human centered design gebruiker informatievoorzien stat central inricht ondersteun applicaties onderligg functies trust design informatievoorzien rijksinkop transparant toegank herleid gericht voldoen eist informatiebeveil draagt vertrouw dienstverlen rijksinkop quality design kwaliteit dienstverlen geborgd periodiek terugkoppel informatievoorzien hierbij drie zak leidend menselijk mat beschik vrij ruimt goed balan kost tijd kwaliteit learning design informatiehuishoud rijksinkop ingericht continu bijdraagt kennismanagement kennisdel kennisintegratie verbetert ontwikkel nieuw inzicht nieuw digital dienstverlen rijksinkop agil design dienstverlen hierbij ondersteun informatievoorzien ingericht eenvoud hergebruik vervang pass central voorzien zovel mogelijk een manier zakendoen cier leverancier mogelijk last verschill achterligg system ministeries digiinkop gewerkt uitfaser digiinkop digiinkop central inkoopapplicatie transitie goed begeleid programma transitie digiinkop opgericht programma belangrijk mijlpal bereikt bouw central catalogusplatform afgerond eerst implementaties gestart platform central catalogi gekoppeld bestelapplicaties ministeries leverancier eenvoud catalogus onderhoud eerst implementaties gestart zodat hand catalogi werking catalogusplatform getest ministeries definitiev besluitvorm ingebruiknam catalogusplatform vindt plat afrond testfas leveranciersportal genom hiermee leverancier hiervor faciliteit snel eenvoud elektronisch factur aanmak digiinkop ontwikkeld getest nieuw applicatie verwacht productie genom hierdor rijksdienst uitschakel digiinkop voldoen wettelijk termijn inkoopinformatie toe applicatie stond opgeslag dankzij mijlpal digiinkop volgen planning per stopgezet programma transitie digiinkop eindigt per adr voert evaluatie realisatie doelstell toets verbeterpunt identificer jaarrapportag bedrijfsvoer rijk,Reparations and Remembrance|Modern & Everyday Racism,0.0947758204414547,"[0.008963196379113332, 0.0006059991145937628, 0.013612941055042552]","[False, True, True]","[False, True, True]","[0.0947758204414547, 0.0947758204414547, 0.0947758204414547]","[0, 1, 1]",jaarrapportage-bedrijfsvoering-rijk-2022.98.txt__0
jaarverslag-szw-2022.139.txt,Policyarchive_text\jaarverslagen\2023\jaarverslag-szw-2022\jaarverslag-szw-2022.139.txt,2023,jaarverslag-szw-2022,0,integratie maatschapp samenhang algemen doelstell bevordert maatschapp samenhang social stabiliteit participatie inburger iederen achtergrond accepter culturel diversiteit samenlev integratiebeleid ligt nadruk crer social stabiliteit samenlev culturel opzicht sted diver sociaal stabiel samenlev houdt mens zelfredzam belemmer meedoen verscheid elkar samenlev iederen thuisvoelt ongeacht herkomst religie levensovertu gerealiseerd bevorder samenhang voorkom lijk spanning werk evenred positie participatie samenlev evenred bereik effectiviteit ning burger ervor zorg nieuwkomer snel tal machtig kennis samenlev rol verantwoord stimuleert behulp financiel ment zelfredzam deelnam samenlev migrant samenlev elkar diver samenlev samenlevingsvraagstuk verschill per gemeent regio rol oploss hiervan faciliter financiert uitkeringsregel remigratiewet leenstelsel degen inburger voorinburger maatschapp begeleid nieuwkomer roll verantwoord vormgev onderhoud werking stelsel visie samenhang integratiebeleid daarvor benodigd kennis aansprek vakdepartement verantwoord ervor zorg regulier voorzien toegank effectief burger uitvoer remigratiewet wet inburger wet inburger buitenland person vor inburgeringsplicht werd ligt uitvoer inburger leenstelsel dienst uitvoer duo uitvoer burger central organ opvang asielzoeker coa person vanaf inburgeringsplicht werd gemeent regierol uitvoer inburger duo nieuw stelsel belangrijk ketenpartner verantwoord vaststell inburgeringsplicht vaststell inburgeringstermijn verleng daarvan lat afnem examen handhav inburgeringsplicht eind inburgeringstraject coa voorinburger aanbied nauw twed kamer vergaderjar,Reparations and Remembrance|Modern & Everyday Racism,0.1017973197118575,"[0.009612064968053072, 0.018922948148351368, 0.03993963377000342]","[False, True, True]","[False, True, True]","[0.1017973197118575, 0.1017973197118575, 0.1017973197118575]","[0, 1, 1]",jaarverslag-szw-2022.139.txt__0
jaarplan-2023-kustwacht-caribisch-gebied.41.txt,Policyarchive_text\jaarplannen\2023\jaarplan-2023-kustwacht-caribisch-gebied\jaarplan-2023-kustwacht-caribisch-gebied.41.txt,2023,jaarplan-2023-kustwacht-caribisch-gebied,0,kustwacht koninkrijk nederland gebied jaarplan opbouw budget kader ltp dlp incl land voorstel herfaser vervang waldetectiecapaciteit walradar bovenwind cutter walradar mobiel hangar klein vaartuig restant raming invester incl bijdrag land bedrag ontvangstenram land exploitatie uitgav invester land weergegev land koninkrijk zowel uitgav exploitatie invester onderstaand weergegev land bedrag land aruba curaçao maart ontvangst land land invester bedrag samenwerk betreft samenwerk overcapaciteit vliegur contract provider pal samenwerk constant kost leas patrouillevliegtu terugverdi ontvangst samenwerk zull volled terugvloei exploitatiebudget kustwacht ontvangst jiatf uur per terug verdien overcapaciteit vliegur kustwacht bedrag land verdeelsleutel curaçao aruba maart verdeelsleutel,Reparations and Remembrance,0.1164820806706803,"[0.0021087250670104147, 0.017125031999303163, 0.0]","[False, True, False]","[False, True, False]","[0.1164820806706803, 0.1164820806706803, 0.1164820806706803]","[0, 1, 0]",jaarplan-2023-kustwacht-caribisch-gebied.41.txt__0
jaarverslag-szw-2022.207.txt,Policyarchive_text\jaarverslagen\2023\jaarverslag-szw-2022\jaarverslag-szw-2022.207.txt,2023,jaarverslag-szw-2022,0,omschrijv vindplat stand zak baarl gesprek tred verlicht armoedeproblematiek student kamerstuk afsprak mbo rad jonger beroepsonderwijs toeslag belastingdienst gepland rooij uitvoer aangenom motie inkomensondersteun kamerstuk planning bekend tijdpad kom invoer werkelijk sociaal minimum kamerstuk onderbouwd scenario kabinetsappreciatie voorgenom tijdpad gewerkt zodra licht mogelijk start gan baarl svb mogelijk besprek maatwerk verblijf buitenland kamerstuk gesprek voorbereid samenhang pilot aio maatwerk vermogenstoet aio gevall waarin vermogenstoet leidt hardheid praktijk kamerstuk verkenn voorbereid samenhang pilot aio kent bevorder sociaal ontwikkelbedrijv aanhak kamerstuk gan hoevel sociaal ontwikkelbedrijv rmt betrok war onvoldo verbind will verbind stand breng goed voorbeeld gewijzigd kent omgegan smartengeld participatiewet verband vermogenstoet kamerstuk planning brief kamer half gewijzigd motie led yassini mol twed kamer verzoekt reger twed ambachtsacademie afrond daarvan evaluer twed kamer daarover informer kamerstuk viii twed loopt eind ambachtsacademie daarna eindverantwoord oplever uiter basis eindverantwoord vindt vervolgen evaluatie plat economisch situatie klein ondernemer kamerstuk motie overgedrag ezk verkenn eventuel uitbreid pilot toevoeg verzoek toelat wsnp kamerstuk app afgesprok rad rechtsbijstand voorstel eerst besprek gemeent oploss weerslag lager beslagvrij voet financiel zelfredzam ouder kamerstuk planning bekend gewijzigd baarl oproep tijdelijk noodfond energie bedrijv actief ondersteun kamerstuk planning bekend gewijzigd wet aanpass zodat substantiel wijzing eerder beter ingespeeld kamerstuk planning bekend minderjar beter bescherm buy pay kamerstuk gesprek momentel ingepland nem mee voortgangsrapportag afgehandeld toezegg bewindsperson afgehandeld toezegg vergaderjar omschrijv stand zak mobiliteitsbonuss ouder werkloz arbeidsgehandicapt geevalueerd toezegg opgenom evaluatie agenda plenair behandel wetsvoorstel wijzig wet financier social verzeker verband bonuss werkgever afgehandeld brief twed kamer kamerstuk twed kamer vergaderjar,"Colonial Exploitation, Slavery & Economic Inequality|Reparations and Remembrance|Modern & Everyday Racism",0.0814462962375368,"[0.0015841692573013292, 0.000425569895385119, 0.016019157112252436]","[True, True, True]","[True, True, True]","[0.0814462962375368, 0.0814462962375368, 0.0814462962375368]","[1, 1, 1]",jaarverslag-szw-2022.207.txt__0
inspectie-van-het-onderwijs-ontwerp-jaarwerkplan-2024.31.txt,Policyarchive_text\jaarplannen\2023\inspectie-van-het-onderwijs-ontwerp-jaarwerkplan-2024\inspectie-van-het-onderwijs-ontwerp-jaarwerkplan-2024.31.txt,2023,inspectie-van-het-onderwijs-ontwerp-jaarwerkplan-2024,0,aanleid melding accountant aanleid signal eig initiatief instell ouder leerling student ander terecht terecht melding kwaliteit onderwijsinstell klacht informatie verzorgt eerstelijnsopvang ouder leerling team klantcontact kom elk ongever melding via telefon contactformulier melding waarin zorg klacht schol instell gedeeld belangrijk signaalfunctie gev voortdur aandacht onz toegank verbeter behandel signal vooral transparant afwikkel nem melder goed mogelijk mee behandel signal krijg terugkoppel manier betrok vind belangrijk vooral ouder leerling student goed informer positie mogelijk onderwijsinstell sprek verantwoord vind belangrijk hen war nodig verwijz organisaties verder adviser ondersteun bied will onz toegank melder vergrot drempel wegnem onz websit onz schriftelijk communicatie begrijpelijker mak daarnaast will doelgroep moeilijk wet vind will bewerkstell signal bereik bestur schoolleider lerar gemeent betrokken terecht opmerk klacht evenen terecht melding onwens situaties kwaliteit onderwijsinstell schol bestur team klantcontact eerst aanspreekpunt,Modern & Everyday Racism,0.1016001016001524,"[0.002944717135773954, 0.0027872764013857063, 0.013684264877235956]","[False, False, True]","[False, False, True]","[0.1016001016001524, 0.1016001016001524, 0.1016001016001524]","[0, 0, 1]",inspectie-van-het-onderwijs-ontwerp-jaarwerkplan-2024.31.txt__0
jaarverslag-onderwijs-cultuur-wetenschap-2022.189.txt,Policyarchive_text\jaarverslagen\2023\jaarverslag-onderwijs-cultuur-wetenschap-2022\jaarverslag-onderwijs-cultuur-wetenschap-2022.189.txt,2023,jaarverslag-onderwijs-cultuur-wetenschap-2022,0,domein hoger studiefinancier streeft toegank kwalitatief hoogwaard hoger onderwijsstelsel belang goed hoger grot veerkracht tisch samenlev toekomst verdienvermog aanpak maatschapp uitdag goed opgeleid mens excellent nodig gat daarbij ontwikkel overdrag wetenschapp kennis inzicht vaardig lijk ontplooi maatschapp verantwoordelijkheidsbesef evaluatieonderzoek gebaseerd drie grot hoger onderwijsbeleid toegank kwaliteit doelmat thema toegank iederen capaciteit studer mogelijk studer achtergrond person heden student zoud min mogelijk invloed onderwijsuitkomst betekent studentenpopulatie hoger instroomt hoger deelneemt succesvol afrondt zovel mogelijk afspiegel diversiteit toelever ondervertegenwoord hoger specifiek groep duid ongelijk kans thema kwaliteit aangezien onderwijskwaliteit relatief begrip uiteenlop benader eenduid definitie leid gekoz pragmatisch aanpak onderwijskwaliteit kaart gebracht kijk ingezet mens middel leerproces ten slot leeropbrengst thema doelmat doelmat gewenst effect min mogelijk kost bereikt ofwel dezelfd middel grootst mogelijk effect bereikt volgend aspect doelmat scheid inricht onderwijsaanbod studieloopban uitgav hoger domein cultur media uitwerk strategisch evaluatieagenda cultur thema subthema typ afrond status mediastelsel lichting media lichting media afgerond beleidsdoorlicht bevat terugblik vooruitblik terugblik concludeert bezuin omroep waarder waard kwaliteit programmer landelijk omroep peil vastgesteld bandbreedtes kwink tegelijk gev verbeter mogelijk manier waarop samenhang beleidsinstrument mediabeleid beschrev beschik evaluatie onderdel inricht verantwoordingscyclus vooruitblik geleid koer kiez vijf uitdag omroep aef beleidsreactie verschijnt medio beleidsreactie advies adviescolleg omroep twed kamer vergaderjar viii,Reparations and Remembrance|Modern & Everyday Racism,0.1024411345432664,"[0.0060441289968903664, 0.018999039947561674, 0.025360753755440012]","[False, True, True]","[False, True, True]","[0.1024411345432664, 0.1024411345432664, 0.1024411345432664]","[0, 1, 1]",jaarverslag-onderwijs-cultuur-wetenschap-2022.189.txt__0
jaarverslag-defensie-2022.125.txt,Policyarchive_text\jaarverslagen\2023\jaarverslag-defensie-2022\jaarverslag-defensie-2022.125.txt,2023,jaarverslag-defensie-2022,0,moties toezegg moties beschrijv motie vindplat nummer motie datum status afgedan kamerbrief datum afdoen motie kaart breng gevolg militair leveranties oekrain operationel gered krijgsmacht tweeminutendebat rad buitenland zak behandel gerapporteerd kamerstuk plan munitieproductie europa verhog ten behoev steun oekrain tweeminutendebat rad buitenland zak behandel gerapporteerd kamerstuk motie lid fritsma zekerstell cent betaald schadevergoed gemeenschap hawija terecht komt oud moties ingedi tweeminutendebat missies behandel gepland verantwoordingsdag motie lid valstar basis aangegev punt uniformiteit aanbreng tweeminutendebat defensienota behandel motie lid valstar transitie marin inzicht mak tweeminutendebat defensienota behandel motie lid dass overleg duitsland belgie gezamen productiecapaciteit kapital munitie vergrot tweeminutendebat defensienota behandel motie lid dass europes verband gezamen munitie inkop tweeminutendebat defensienota behandel gerapporteerd kamerstuk motie lid boswijk uiter inzicht mak integratie duit landmacht vorm gat krijg tweeminutendebat defensienota uitgevoerd kamerstuk motie lid hammelburg culturel diversiteit pijler mak personeelsbeleid defensie tweeminutendebat personel defensie behandel motie led kuzu hammelburg bewerkstell manschapp mogelijk vrijheid verblijfsruimt eig inricht kiez tweeminutendebat personel defensie behandel motie lid kuzu bewerkstell voldoend manschapp inzet ter versterk ter verded oostflank navo debat verleng coalitie bred veiligheidsinzet irak procedur behandel motie lid jasper dijk stand zak rond nucleair ontwapen moderniser kernwapen begrotingsbehandel buitenland zak uitgevoerd kamerstuk twed kamer vergaderjar,"Colonial Exploitation, Slavery & Economic Inequality|Reparations and Remembrance|Modern & Everyday Racism",0.0852028645684609,"[0.008143299067437836, 0.0, 0.028038569215963555]","[True, True, True]","[True, True, True]","[0.0852028645684609, 0.0852028645684609, 0.0852028645684609]","[1, 1, 1]",jaarverslag-defensie-2022.125.txt__0
homogene-groep-internationale-samenwerking-jaarverslag-2022.3.txt,Policyarchive_text\jaarverslagen\2023\homogene-groep-internationale-samenwerking-jaarverslag-2022\homogene-groep-internationale-samenwerking-jaarverslag-2022.3.txt,2023,homogene-groep-internationale-samenwerking-jaarverslag-2022,0,hgis homog international samenwerk hgis budgettair constructie rijksbegrot hgis uitgav verschill ministeries gebied buitenlandbeleid gebundeld waarmee onderl samenhang geillustreerd bevordert samenwerk afstemm betrok ministeries hgis vormt daarmee belangrijk instrument geintegreerd coherent buitenlandbeleid hgis uitgav ontwikkelingssamenwerk voldoen criteria officiel ontwikkelingssamenwerk official development assistanc oda expliciet zichtbar gemaakt buitenland zak coordineert buitenlandbeleid daarmee hgis buitenland handel ontwikkelingssamenwerk coordiner bevoegd uitgav oda hgis twee ker per twed kamer geinformeerd ontwikkel hgis prinsjesdag verantwoordingsdag aangebod document gev integral uitgav terrein international samenwerk verschill departemental begrot stan buitenland betrek zak koninkrijk nederland europa aruba curaçao alsmed open licham gebied war spreekt nederland daarmee bedoeld koninkrijk nederland tenzij gat zak specifiek land betreff ontwikkelingssamenwerk opzet geeft inzicht bested hoofdlijn middel international samenwerk omvat beleidsinzet buitenlandbeleid basis begrot buitenland zak buitenland handel ontwikkelingssamenwerk hgis ingericht lang neg beleidsthema indel gebaseerd begrot buitenland zak buitenland handel ontwikkelingssamenwerk toelicht tekst ontleend jaarverslag departement gev vogelvlucht uitgebreid toelicht begrot betrok departement weergegev jaarverslag eerst hoofdlijn teruggeblikt ontwikkel ten aanzien buitenlandbeleid vervolgen per beleidsthema algemen beleidsdoelstell gememoreerd daarna ingegan beleidsresultat specifiek thema cultur verder belicht beleidsinzet meestal gepaard gat financiel inspann weergegev waarbij specifiek benoemd ten slot volgt instrument waarbij sprak substantiel mutatie ten opzicht weergegev inzicht gev geografisch focus war goed indel jaarverslag gewijzigd ten opzicht voorgaand biedt voortan aangekondigd verschuiv hoorn,"Colonial Exploitation, Slavery & Economic Inequality|Reparations and Remembrance|Modern & Everyday Racism",0.1001252348643517,"[0.04165640641903155, 0.01134350457652245, 0.0244668624258825]","[True, True, True]","[True, True, True]","[0.1001252348643517, 0.1001252348643517, 0.1001252348643517]","[1, 1, 1]",homogene-groep-internationale-samenwerking-jaarverslag-2022.3.txt__0
openbaar-jaarverslag-mivd-2022.5.txt,Policyarchive_text\jaarverslagen\2023\openbaar-jaarverslag-mivd-2022\openbaar-jaarverslag-mivd-2022.5.txt,2023,openbaar-jaarverslag-mivd-2022,0,voorwoord directeur mivd inlicht krijgsmacht inlichtingenonderzoek missieondersteun aandachtsgebied veiligheidsbevorder tak verantwoord politiek samenlev leiding werkend wet open vrij samenlev beweg verander groei datagedrev inlichtingendienst samenwerk kengetall inhoudsopgav militair veiligheidsdienst,Modern & Everyday Racism,0.0834057656228299,"[0.005858365915476373, 0.014996867405739734, 0.0]","[False, False, True]","[False, False, True]","[0.0834057656228299, 0.0834057656228299, 0.0834057656228299]","[0, 0, 1]",openbaar-jaarverslag-mivd-2022.5.txt__0
tk-beslisnota-bij-kabinetsreactie-cpt-eindrapport-bezoek-mei-2022.1.txt,Policyarchive_text\beleidsnotas\2023\tk-beslisnota-bij-kabinetsreactie-cpt-eindrapport-bezoek-mei-2022\tk-beslisnota-bij-kabinetsreactie-cpt-eindrapport-bezoek-mei-2022.1.txt,2023,tk-beslisnota-bij-kabinetsreactie-cpt-eindrapport-bezoek-mei-2022,0,justitie rechtsbescherm staatssecretaris justitie kabinetsreactie cpt eindrapport bezoek aanleid legd europes comit ter voorkom folter onmens verneder behandel bestraff cpt inspectiebezoek europes koninkrijk nota bent geinformeerd eindrapport cpt aanleid bezoek bijgaand treft gezamen kabinetsreactie aruba curaçao maart momentel reactie engel geadviseerd besluit kennisnem instemm kabinetsreactie bijgevoegd instemm reactie aanbevel automatisch publicatieprocedur aangev automatisch publicatieprocedur gesprek wilt mak betrok land jvo instemm verzend kabinetsreactie cpt twed kamer nadat conceptreactie vertaald kernpunt cpt ruim aanbevel verzoek informatie opmerk gedan koninkrijk drie land afgelop wek gewerkt inhoud reactie reactie opgesteld medewerk dgsenb dgpenv dgm dgrr dji dwjz minvw hieronder enkel gericht aanbevel extra uitgelicht aanbevel gericht drie land nota verder beschouw eig verantwoord land kabinetsreactie verduidelijk staand aangegev wijz opvolg bevind cpt gedan aanbevel aanbevel extra aandacht hierna onderverdeeld drie categorieen aandachtspunt opvolg iii lopend traject kenmerk directie wetgev juridisch zak juridisch zak wetgevingsbeleid turfmarkt den hag postbus den hag datum kenmerk,Reparations and Remembrance|Modern & Everyday Racism,0.0814613079962556,"[0.00751839258140628, 0.01440402764620185, 0.009781599752070408]","[False, True, True]","[False, True, True]","[0.0814613079962556, 0.0814613079962556, 0.0814613079962556]","[0, 1, 1]",tk-beslisnota-bij-kabinetsreactie-cpt-eindrapport-bezoek-mei-2022.1.txt__0
jaarverslag-binnenlandse-zaken-2022.90.txt,Policyarchive_text\jaarverslagen\2023\jaarverslag-binnenlandse-zaken-2022\jaarverslag-binnenlandse-zaken-2022.90.txt,2023,jaarverslag-binnenlandse-zaken-2022,0,overheidsdienstverlen informatiesamenlev algemen doelstell binnenland zak koninkrijksrelaties bzk zorgt veilig gebruiksvriend inclusiev digital dienstverlen toegank transparant overheidsinformatie veilig betrouw identiteitsstelsel waarbij veilig efficient gemaakt person bijdrag vertrouw verbeter informatiepositie burger bedrijv bewak recht waard scherming zelfbeschik informatiesamenlev daarmee bijdrag bewak kernwaard democratie stimuler verantwoord nieuw technologieen verbeter overheidsdienstverlen oploss maatschapp aangan international samenwerk gelijkgestemd land regelgev beinvloed overheidsdienstverlen grenz hen realiser gezamen maatschapp loss digital samenlev grenz hen reken houdt burger maatschapp oplost rol verantwoord binnenland zak koninkrijksrelaties bzk woordelijk bevorder adequat digital verlen waarbij belangrijkst dienstverlen toegank iederen bevorder inzet digital innovaties oploss maatschapp stimuler bzk stimuleert nieuw digital logieen oploss maatschapp vraagstuk waarbij markt nadruk uitgedaagd mee denk maatschapp bzk stimuleert international samenwerk realiser dienst grenz hen lik minded land zorg regelgev recht situatie regisser bzk zorgt burger recht gev bescherm ongewenst aspect digitaliser bzk pakt rol voortdur beleidsagenda terrein informatiesamenlev herijk eis tijd bzk stelselverantwoord inricht governanc digital waaronder digital structur mogelijk maakt twed kamer vergaderjar vii,Reparations and Remembrance|Modern & Everyday Racism,0.0814688169890352,"[0.0014915587940064542, 0.011261016386313693, 0.007070079673146433]","[False, True, True]","[False, True, True]","[0.0814688169890352, 0.0814688169890352, 0.0814688169890352]","[0, 1, 1]",jaarverslag-binnenlandse-zaken-2022.90.txt__0
briefwisseling-ap-belastingdienst-deel-25.44.txt,Policyarchive_text\brieven\2023\briefwisseling-ap-belastingdienst-deel-25\briefwisseling-ap-belastingdienst-deel-25.44.txt,2023,briefwisseling-ap-belastingdienst-deel-25,0,opgenom efficient effectiev handhavingsregie segment ondersteunt klantbeher daarmee subjectgericht toezichtsbenader basis intelligenc handhavingsregie speelt klantbeher belangrijk rol verzamel beher fraudesignal stopp fraud poort toekenn btw nummer frauduleuz belastingplicht special segment smp zogenoemd special ondergebracht daarvan verklar arbeidsrelatie var var intensiveerd teneind schijnzelfstand gan versterkt beoordel poort implementatie nieuw webmodul genaamd var waarbij opdrachtgever opdrachtnemer gezamen verantwoord krijg arbeidsrelatie leidt groter fiscal bewustzijn verminder onbewust fout daardor gericht bewust fiscal ontwijk special auto vormt parallelimport personenauto special kansspelbelast krijgt invorder aandacht daarbi komt vaststell belast feit fiscal consequenties ohtstan wereldwijd djgital speelveld internet sted complexer central verwerk uitstelregel zet eenheid uitvoer samenwerk mkb teven beconbestand geactualiseerd nagegan monitor registratie financiee dienstverlener zodan mogeiijk iederen aandacht krijgt verdient special verhuurderheff ligt nadruk vooral effect nieuw wet doelgroep for opgehoogd percentag ten opzicht leidt samenhang invoer investedngsaftrek groepsaangift verwacht ander klantgedrag special invorder toeslag ten slot besteedt samenwerk toeslag clo extra aandacht inricht terugvorderingsproces buitenland medewerker medewerker stat vakmanschap voorop opieid begeleid via leerling gezel princip hieran verder inhoud gan gev evenal omschakel transactie procesgericht werk draagt toe smp volgen uitgangspunt handhavingsregie gewerkt solid administratief fundament gelegd waarop segment handhav baser particulier dienstverlen bezwaarschrift pdb kenmerk segment pdb verantwoord particulier behandet beginsel bezwar beroepschrift particulier mkb dienstverlen via balies telefon verlengd beltel,Reparations and Remembrance|Modern & Everyday Racism,0.0823841525681821,"[0.0061757732905489806, 0.005662992893820005, 0.020082609890097046]","[False, True, True]","[False, True, True]","[0.0823841525681821, 0.0823841525681821, 0.0823841525681821]","[0, 1, 1]",briefwisseling-ap-belastingdienst-deel-25.44.txt__0
financieel-jaarverslag-rijk-2022.15.txt,Policyarchive_text\jaarverslagen\2023\financieel-jaarverslag-rijk-2022\financieel-jaarverslag-rijk-2022.15.txt,2023,financieel-jaarverslag-rijk-2022,0,kabinet tell moment schatting procent ten opzicht terwijl wettelijk procent streefdoel procent daarom pakket omvangrijk pakket aanvull klimaatmaatregel data monitor cbs lat daarnaast zien milieu verschill onderdel druk stat percentag vlaktewater goed chemisch kwaliteit gedaald procent procent data blijkt echter werk gemaakt energietransitie hoevel opgesteld vermog hernieuw energie afgelop for toegenom uitstot hernieuw energie waterkwaliteit bron cbs verdel bred welvaart verschill aspect bred welvaart ongelijk verdeeld studie sociaal culturel planbureau scp blijkt ongelijk afhangt opleid beroep inkom financieel vermog economisch kapital samenhangt kent sociaal kapital war past culturel kapital bent persoonskapital gezond aantrek blijkt zes nederlander procent achterstand vier tal factor drag uiteind waarder mens lev gev mens tevred lev for ongelijk waarnem vrouw procent gemiddeld vaker tevred lev mann procent aanzien ongelijk cijfer verschill leeftijd minst tevred lev jonger leeftijd procent terwijl ouder meest tevred lev procent daarnaast mens theoretisch opleid gemiddeld genom vaker tevred hetzelfd geldt mens gebor pbl energieverkenn voorjaarsnota scp onderzoeksrapport eigentijd ongelijk twed kamer vergaderjar,Modern & Everyday Racism,0.0893500163086982,"[0.025532879401641995, 0.0007066160485395711, 0.07840051059255426]","[False, False, True]","[False, False, True]","[0.0893500163086982, 0.0893500163086982, 0.0893500163086982]","[0, 0, 1]",financieel-jaarverslag-rijk-2022.15.txt__0
jaarverslag-justitie-2022.110.txt,Policyarchive_text\jaarverslagen\2023\jaarverslag-justitie-2022\jaarverslag-justitie-2022.110.txt,2023,jaarverslag-justitie-2022,0,opgesteld doorlop aandacht bested ontwikkel vakmanschap medewerker via slot spant jenv evenwicht inclusiev werkgever maand diversiteit diversiteitstrain themabijeenkomst organiser werving selectie gebeurt inclusiev wijz stand zak personeelsbeher concret acties uitgevoerd personeelsbeher ord houd war mogelijk verbeter training neelsbeher manager trainingscurriculum geword dashboard opgeleverd directeur overleg personel aandacht grootst evaluer gesprek gevoerd neelsbeher war nodig verder scherp zet voorkom fout slot extra controles uitgevoerd aanwez verplicht document vog arbeidsovereenkomst bevind adr vervall informatievoorzien problematisch legacy jaarlijk geinventariseerd kritiek system kader applicatie lifecylemanagement ervor stan gecreeerd inzicht legacy system jenv bred aandacht wegwerk achterstand aanvull jenv fich toekomstvast uitgewerkt bred werkgroep uitgewerkt voorstell gevalideerd gekoppeld financier komend extra middel verder gewerkt toekomstvast mak informatiehuishoud open ord aanleid ongek onrecht advies rad stat ministeriel verantwoord monitor overheidsinformatie erfgoed beslot omvangrijk verbeter informatiehuishoud rijk gang zet informatie wezen grondstof werking nisaties vital democratisch verantwoord programma open ord jenv realiseert looptijd programma rijksbred vastgesteld prioriteit daarnaast jenv drietal eig prioriteit papier keten digitaliser cess vergrot datakwaliteit keten organisaties middel ondersteun vanuit programma gewerkt specifiek uitdag vlak informatiehuishoud jenv belangrijk stapp gezet verder verbeter informatiehuishoud proeftuin werving ambtelijk vakmanschap gestart bestuursdepartement veiliggesteld voorafgaand definitiev technisch oploss verwacht chatbericht bewindsperson per kwartal veiliggesteld jenv bred websit archiver ingericht twed kamer vergaderjar,Reparations and Remembrance|Modern & Everyday Racism,0.1037125957683463,"[0.005627203108063911, 0.009710784780589097, 0.019899912297367966]","[False, True, True]","[False, True, True]","[0.1037125957683463, 0.1037125957683463, 0.1037125957683463]","[0, 1, 1]",jaarverslag-justitie-2022.110.txt__0
jaarverslag-onderwijs-cultuur-wetenschap-2022.36.txt,Policyarchive_text\jaarverslagen\2023\jaarverslag-onderwijs-cultuur-wetenschap-2022\jaarverslag-onderwijs-cultuur-wetenschap-2022.36.txt,2023,jaarverslag-onderwijs-cultuur-wetenschap-2022,0,emancipatie kabinet emancipatienota gepubliceerd daarin stan acties komend emancipatie vrouw person ander belangrijk gebied emancipatie oplever national actieprogramma aanpak seksueel grensoverschrijd gedrag seksueel geweld nap voorkom seksueel grensoverschrijd gedrag seksueel geweld crer samenlev waarin iederen sociaal veilig voelt opstell nap verschill veldconsultaties eind grot conferentie georganiseerd honderd betrok organisaties najar gesprek koepel schoolbestur primair voortgezet rutger emancipator veldpartij sessie niseerd nap toe licht input hal najar regeringscommissaris acht verdiep sessies georganiseerd waarbij gesprek ging verschill betrokken sessies tal omstander definities casusonderzoek sperson daarnaast werkbezoek rond student cultuursector sportsector programma discriminatie racism agenda discriminatie racism twed kamer verzond agenda bevat ambities discriminatie racism uitsluit gan onz sector onz eerst ambitie inclusief aanbod leermiddel televisieprogramma stelling diversiteit samenlev gel vrij stereotyper archiev toegank iederen uitsluit taalgebruik beschrijv zoeksvoorstell aandacht bested effect verschill groep faciliter teruggav cultuurgoeder kolonial context onz twed ambitie iederen ontwikkel obstakel elk leerling krijgt passend schooladvies vrij vooroordel student gelijk kans vind stag obstakel student ondervertegenwoordigd groep weggenom ten derd will schol stelling culturel instell ling zorg veilig toegank iederen medewerker instell eerlijk kans werkvloer leidinggev lerar kennis discriminatie racism inclusie programma gat slag uitwerk ambities relevant partij bod premier rut namen reger excuses handel stat verled historisch moment aanlop herdenkingsjar slavernijverled start herdenkingsjar stat nederland koninkrijk stil pijnlijk geschiedenis geschiedenis vandag dag negatiev rol speelt lev mens ondersteunt initiatiev werking verschill groep gemeenschapp relatie slavernijverled herdenkingsjar slavernijverled vanuit samenlev hoopt kingsjar drag blijvend vergrot kennis verbind twed kamer vergaderjar viii,Reparations and Remembrance|Modern & Everyday Racism,0.2157395087137559,"[0.044721312813295985, 0.19888650931318277, 0.30202336747552794]","[False, True, True]","[False, True, True]","[0.2157395087137559, 0.2157395087137559, 0.2157395087137559]","[0, 1, 1]",jaarverslag-onderwijs-cultuur-wetenschap-2022.36.txt__0
jaarplan-2023-kustwacht-caribisch-gebied.6.txt,Policyarchive_text\jaarplannen\2023\jaarplan-2023-kustwacht-caribisch-gebied\jaarplan-2023-kustwacht-caribisch-gebied.6.txt,2023,jaarplan-2023-kustwacht-caribisch-gebied,0,kustwacht koninkrijk nederland gebied jaarplan smokkel verdov middel wereldwijd jarenlang toenem verdov middel waarnem productie afzetmarkt groter nam azie afrika criminel netwerk neemt ontwikkel vereis solid handhavingsket sterk informatiepositie bewerkstell bilateral programma opgezet gericht diver uitvoer dienst breid regie directorat general ondermijn kader zogenaamd upstream disruption aanwez liaison colombia grip krijg strom verdov middel noordwest europa kustwacht defensie slot daarnaast voorziet kustwacht aansluit initiatiev national voortkom strategie aanpak cocainesmokkel illegal strategie sluit visie kustwacht stat versterkt samenwerk opsporingspartner koninkrijk national mensensmokkel mensenhandel strom ongedocumenteerd illegal wijz toegang tracht verkrijg bovenwind eiland komt mensensmokkel mensenhandel betrek bestrijd mensenhandel zee kustwacht belangrijk positie samenwerk ketenpartner zowel regional international verband vervoer handel illegal vuurwapen handel bezit illegal wapen zorgwek gedeelt wapen munitie illegal via zee vanuit verenigd stat venezuela colombia ingevoerd person vanaf zee eiland illegal wijz tracht kom nem geregeld vuurwapen mee illegal vuurwapengebruik nauw verbond bendeproblematiek terrorism potentiel terreurdreig regio gezien mondial ontwikkel aandacht kustwacht bestrijd transnational georganiseerd misdad mensensmokkel financieringsbronn terroristisch dad verbeter informatiepositie intelligenc gestuurd politieoptred igp levert kustwacht bestrijd terrorism klimat klimatologisch extremiteit jaarlijk terugker fenomen gebied orkaanseizoen med veroorzaakt klimaatverander afgelop gekenmerkt hoger frequentie intensiteit world drug report unodc zie verder operationel strategie latijn amerika gebied national justitieel beleidsplan vnvr resolutie klimatologisch extremiteit gebied,"Colonial Exploitation, Slavery & Economic Inequality|Reparations and Remembrance|Modern & Everyday Racism",0.1069988936899975,"[0.05664766317557943, 0.014845072557446333, 0.007838378039461328]","[True, True, True]","[True, True, True]","[0.1069988936899975, 0.1069988936899975, 0.1069988936899975]","[1, 1, 1]",jaarplan-2023-kustwacht-caribisch-gebied.6.txt__0
