chunk_id,dominant_topic,dominant_score,score_margin,confidence_level
4f18bf34:00000,Colonialism,0.4764424151866492,0.1111622250610779,high
e001db73:00001,Historical Slavery,0.3689921062195094,0.1606961096666943,high
d68c406d:00000,Colonialism,0.380655880442913,0.07598632182952,high
acd0142c:00001,Historical Slavery,0.3582943957412414,0.0770297762550996,high
ef3b9806:00000,Historical Slavery,0.462516131028906,0.0964503606333661,high
0ac769e6:00000,Historical Slavery,0.5859125890281653,0.1522397784656987,high
0ac769e6:00001,Historical Slavery,0.4037284903015966,0.0515979047652349,high
faf44a8a:00000,Historical Slavery,0.5491901467241115,0.0940849253862003,high
5a86ac64:00001,Historical Slavery,0.4345535938371729,0.109178276784774,high
32ff4658:00000,Historical Slavery,0.5688307950993974,0.1527389456357891,high
32ff4658:00001,Historical Slavery,0.4234766273136487,0.060242802441966,high
2f102c73:00000,Historical Slavery,0.4873982520050591,0.0583165155035803,high
ba5fec28:00000,Historical Slavery,0.5330707891495409,0.1178852547500522,high
ba5fec28:00001,Colonialism,0.3579261654692842,0.0981403994188592,high
3b288b07:00000,Colonialism,0.4399188614213993,0.0643775617133032,high
3b288b07:00001,Modern Racism & Inequality,0.4827781580694436,0.0874494715129656,high
2d50c9e8:00000,Historical Slavery,0.4711692682379998,0.0745322376505224,high
a1a7c598:00000,Historical Slavery,0.4644257288027781,0.0715566144227375,high
a1a7c598:00001,Historical Slavery,0.6028114063158407,0.2373680027085736,high
0da66531:00000,Historical Slavery,0.549241246944696,0.1261282061853587,high
0da66531:00001,Historical Slavery,0.4802090517627261,0.1054513025305273,high
bf48bcc5:00000,Historical Slavery,0.4597507522761768,0.0844305499278449,high
bf48bcc5:00001,Historical Slavery,0.4487590171425806,0.1731648994402682,high
7ddc7d31:00000,Historical Slavery,0.4430166616964144,0.1142424096249827,high
53e9f262:00000,Historical Slavery,0.4788984255504028,0.123041690233108,high
99712b86:00000,Historical Slavery,0.4505289032650878,0.0522156072442535,high
f237cbbf:00000,Historical Slavery,0.5182869718442215,0.1204357097232805,high
f237cbbf:00001,Historical Slavery,0.4637120626508082,0.0967294494223036,high
93f42f0d:00000,Colonialism,0.3697282921110665,0.1250515664246078,high
ecf7c4e6:00000,Historical Slavery,0.4751140635023378,0.0640588367150156,high
00d6602a:00000,Historical Slavery,0.5149951509094358,0.0550716635449636,high
d227ca74:00001,Historical Slavery,0.3652284143631953,0.0695189861302085,high
7ed64fea:00000,Historical Slavery,0.4517208004030459,0.0679644492090877,high
0c31ccd3:00000,Historical Slavery,0.5124043273048544,0.1840031596647902,high
5688dd54:00000,Historical Slavery,0.4462342446385888,0.0893291196035578,high
94a2c9d5:00000,Historical Slavery,0.4837757537802232,0.0953864004870199,high
94a2c9d5:00001,Colonialism,0.494434243763331,0.1601969089272239,high
225a5c5e:00000,Colonialism,0.4553753727862253,0.0564601819964205,high
16ab4620:00000,Historical Slavery,0.5018738899942324,0.1197589718450057,high
9ac0932c:00001,Historical Slavery,0.4653045376390046,0.0833439977964135,high
b94ad4f0:00000,Historical Slavery,0.4668766113458921,0.0704305856062413,high
72169f8e:00000,Historical Slavery,0.4341563961696634,0.0859547130853315,high
72169f8e:00001,Historical Slavery,0.4467905883124195,0.0972619062079893,high
a781b34f:00000,Historical Slavery,0.4275644692565671,0.0899053862342945,high
a781b34f:00001,Historical Slavery,0.3856922568164633,0.0638929242984909,high
96568a08:00000,Historical Slavery,0.5457488276985167,0.098769249968587,high
383f13f1:00000,Historical Slavery,0.3904425969629423,0.0584494392688272,high
6e9e834a:00000,Historical Slavery,0.4985330335106724,0.1164002064605355,high
05841864:00000,Historical Slavery,0.4562160108148316,0.1288196952395807,high
05841864:00001,Historical Slavery,0.436101773472175,0.1624527958605034,high
7fef3ff1:00000,Historical Slavery,0.4862434211727696,0.1683208468254923,high
7fef3ff1:00001,Historical Slavery,0.4421489328587017,0.1317502643548331,high
e7f6805a:00000,Historical Slavery,0.4608195248389594,0.1263812367370666,high
48d6a6e4:00000,Historical Slavery,0.4573027234617065,0.0966293642467902,high
f530037c:00000,Historical Slavery,0.4282241199027331,0.0685026345262723,high
f530037c:00001,Historical Slavery,0.5127002726556449,0.1159084940693724,high
fb058e2e:00001,Historical Slavery,0.4922707043536056,0.1022527089360063,high
7d5d26d9:00000,Historical Slavery,0.4915793811871704,0.0991713280364805,high
767ae8d8:00000,Historical Slavery,0.4327489981659843,0.0665523772709201,high
b7de1f49:00000,Historical Slavery,0.5005745489822122,0.0995118818942513,high
8c5efa4a:00000,Historical Slavery,0.5610346186796271,0.1738781673779623,high
d5c37876:00000,Historical Slavery,0.6158837934811486,0.2158361439759978,high
d5c37876:00001,Historical Slavery,0.373097471386568,0.1858315458278084,high
79f46b32:00000,Historical Slavery,0.491527494394713,0.0736538553225621,high
88ed6a2e:00000,Historical Slavery,0.5421157298462055,0.1250836599490404,high
88ed6a2e:00001,Historical Slavery,0.4769207725527992,0.071438796937512,high
9da019c1:00000,Historical Slavery,0.5195175927460685,0.0796065547096357,high
b43f74fc:00000,Colonialism,0.4267931590299282,0.0995294196668923,high
d5739174:00000,Colonialism,0.5056229228988386,0.132081750912702,high
dc7e77ec:00000,Historical Slavery,0.4301564345263821,0.0583849122197315,high
dc7e77ec:00001,Colonialism,0.4648449454434825,0.0827323700843248,high
98768f31:00000,Historical Slavery,0.5312237857164086,0.1649623717599287,high
2f5dd161:00000,Historical Slavery,0.4762884233930708,0.056779402319294,high
2f5dd161:00001,Colonialism,0.4645432654409334,0.1079196176045189,high
b7276e7a:00000,Historical Slavery,0.5293860572379171,0.1108265864225913,high
0a7aabf5:00000,Historical Slavery,0.5022874354104142,0.0550294189897355,high
d5a91b27:00000,Historical Slavery,0.5074391847853462,0.106072054325768,high
6ac9e4c0:00001,Modern Racism & Inequality,0.4746801231267611,0.0746997422396848,high
96f4e22d:00000,Historical Slavery,0.4781099973483275,0.0673816258952427,high
50fde527:00000,Colonialism,0.4591807300755988,0.0741564799249744,high
50fde527:00001,Historical Slavery,0.4730439685251386,0.1236770901004573,high
391c84c2:00000,Historical Slavery,0.4392394360410934,0.0837111161579789,high
9ef291c3:00001,Historical Slavery,0.4249856733171579,0.0501101757382134,high
4341fe33:00000,Historical Slavery,0.4039754385312999,0.07117044187649,high
4341fe33:00001,Colonialism,0.434315642259748,0.1171858718470049,high
58ac2d2f:00001,Colonialism,0.4031433961585233,0.0658344278538007,high
93cdf215:00000,Colonialism,0.4828925961045147,0.0608520977363662,high
553aa8a4:00000,Historical Slavery,0.4659223277283761,0.0512897220694716,high
86a314c1:00001,Historical Slavery,0.4937052688650125,0.144113937432766,high
db66e0c3:00001,Historical Slavery,0.3771322413888467,0.057063709878372,high
ba25a25b:00000,Historical Slavery,0.4752552690377031,0.0721519063853454,high
ba25a25b:00001,Colonialism,0.5082160880800201,0.2024908031564428,high
6241d1c4:00001,Colonialism,0.447272662761312,0.0783997762549296,high
b6370510:00000,Historical Slavery,0.5341665879554233,0.0863902285334802,high
58b4943c:00000,Historical Slavery,0.4544831275118997,0.0827690941339299,high
60ef265f:00000,Historical Slavery,0.4628666638815573,0.059613435867521,high
0699c2bb:00000,Historical Slavery,0.4266509249194403,0.1276153322152965,high
7f4a8a67:00000,Historical Slavery,0.4859160559670052,0.0866810199109134,high
5a63572f:00000,Historical Slavery,0.4590294468664257,0.0787434298190633,high
2cd2f410:00000,Historical Slavery,0.4325491261618301,0.0645354318042456,high
f0a37492:00000,Historical Slavery,0.5705428907961635,0.2074146308735199,high
14573245:00000,Historical Slavery,0.5477248678892561,0.0998352798027177,high
5a0afb79:00000,Historical Slavery,0.3983478941888252,0.093711925982377,high
5a0afb79:00001,Historical Slavery,0.4049864267012228,0.0721856871321525,high
300f7a99:00000,Historical Slavery,0.4329628514746759,0.0969987357161271,high
300f7a99:00001,Historical Slavery,0.537396725148695,0.0635030044223303,high
8a8beabc:00000,Colonialism,0.4057824610039836,0.0666356237424812,high
9daaf511:00000,Historical Slavery,0.4978336226024865,0.1117599570342442,high
68a2b82b:00000,Historical Slavery,0.5060748263732149,0.0998944745772256,high
68a2b82b:00001,Historical Slavery,0.3846730855827944,0.050659419216034,high
e831c89a:00000,Historical Slavery,0.4764525814403182,0.0879701434846169,high
e831c89a:00001,Historical Slavery,0.4793326463682851,0.0634613040219919,high
78991ca1:00000,Historical Slavery,0.4852727744178659,0.0907118233547601,high
aa08a652:00000,Historical Slavery,0.4696416322625093,0.0927603774859026,high
9023546c:00000,Historical Slavery,0.4710218675712662,0.0711502107598565,high
9023546c:00001,Historical Slavery,0.4891056744203956,0.154853394624063,high
ec1a90dc:00001,Colonialism,0.4414101022390362,0.0634566397659336,high
79d106cd:00000,Historical Slavery,0.4481501508560003,0.0506990339791338,high
79d106cd:00001,Colonialism,0.4338326803248408,0.0766401598310813,high
7e8c95a5:00001,Colonialism,0.4136776493179445,0.2210996909056505,high
f74c76ac:00000,Colonialism,0.4612526335333815,0.0715109462467456,high
7c875239:00000,Historical Slavery,0.4767910507363052,0.0833416839231658,high
1714f3a2:00000,Colonialism,0.3906759781956703,0.0764434816085601,high
442c3690:00000,Historical Slavery,0.4434533953760747,0.1069394339604971,high
e22b3607:00001,Historical Slavery,0.4437863168096951,0.1420134699134048,high
79e769c9:00000,Historical Slavery,0.3771986967291984,0.0692371041587335,high
5001a196:00000,Historical Slavery,0.5742645787193721,0.140522428893966,high
5001a196:00001,Historical Slavery,0.5266826653818161,0.0619594696690186,high
4f905d17:00001,Historical Slavery,0.5227425345758822,0.1480667368778176,high
725c138e:00000,Historical Slavery,0.4592006055343557,0.1368622850747198,high
39c4bbed:00001,Historical Slavery,0.460884007880121,0.0570913156876066,high
f3d8b992:00000,Historical Slavery,0.3720986914823819,0.0612118701866967,high
eac1902f:00001,Colonialism,0.527407834878894,0.1483806681801006,high
e78ae8ca:00000,Historical Slavery,0.4176354795024368,0.0813908930770223,high
1c6412a3:00000,Historical Slavery,0.4754922055641148,0.0928005909464576,high
1c6412a3:00001,Colonialism,0.5010107845671604,0.1229778575649672,high
40993b23:00000,Historical Slavery,0.497905004420993,0.0964588999819693,high
41dba28f:00000,Colonialism,0.5303064434381853,0.0885812299230805,high
41dba28f:00001,Historical Slavery,0.5350016842289562,0.1617738487547155,high
6312a1b6:00001,Historical Slavery,0.463117586594538,0.1014161512627625,high
8b7ae073:00000,Historical Slavery,0.448952616120901,0.0999824978554845,high
8b7ae073:00001,Historical Slavery,0.3969003329664284,0.1142837618431277,high
a8d21fe2:00000,Historical Slavery,0.4872056241205496,0.0828396332818714,high
189b0978:00000,Historical Slavery,0.4565351965917344,0.0528796816514925,high
6c95fbea:00000,Colonialism,0.4593710250782668,0.0858472160367475,high
f405efc9:00000,Colonialism,0.4157347082477932,0.0778159429685692,high
f405efc9:00001,Historical Slavery,0.3864646495244044,0.0859380820316304,high
c4c6e9e9:00001,Historical Slavery,0.462434217439101,0.066154426856974,high
4217227b:00000,Historical Slavery,0.428917662253523,0.0844588589303181,high
4217227b:00001,Colonialism,0.3906566898662442,0.0611607569295023,high
6ee5eada:00000,Colonialism,0.4443214224301756,0.0721890317912782,high
a1c85dd4:00000,Colonialism,0.4257407424691856,0.0511860674411993,high
a1c85dd4:00001,Historical Slavery,0.4618809560166144,0.1180394116425976,high
ff8a5c25:00001,Historical Slavery,0.4281486359271655,0.1143427818022563,high
c2711330:00000,Colonialism,0.410093024349678,0.1269962219407733,high
11561e28:00000,Colonialism,0.4535908799961052,0.061076848050513,high
31463c6d:00001,Historical Slavery,0.359740663050269,0.0844566250976645,high
492a07f2:00000,Historical Slavery,0.4856601988243355,0.0684584019380842,high
7450bf7e:00001,Historical Slavery,0.3912464923740136,0.0859582375013935,high
a8aeda5b:00001,Colonialism,0.4040686364206288,0.1237090746661523,high
fea05960:00000,Historical Slavery,0.5250674636816958,0.0867123386160494,high
fea05960:00001,Colonialism,0.4714873279109614,0.0744679530910906,high
d9e934a8:00000,Colonialism,0.5371001213776475,0.0660847951572617,high
42b9c9cd:00001,Colonialism,0.4193570122887501,0.0751099442986366,high
439e454a:00000,Historical Slavery,0.5536069018751993,0.1984470988717356,high
595b22a6:00000,Historical Slavery,0.459619051084479,0.0719110661812902,high
36b044f7:00000,Historical Slavery,0.4527242856945506,0.0736493036706608,high
9a5d1dbb:00000,Historical Slavery,0.5245213986774926,0.1231041896547719,high
0edc3336:00000,Historical Slavery,0.3712046813826063,0.0842770226134764,high
e570c26d:00001,Historical Slavery,0.5418901577660865,0.1260037667741675,high
21ec7247:00000,Historical Slavery,0.4642862554921886,0.0877135004136409,high
85562667:00001,Historical Slavery,0.4743757399824175,0.0582811463342,high
d1862d35:00000,Historical Slavery,0.5048939591875967,0.0557582459598964,high
e43a34e0:00000,Historical Slavery,0.454062761782423,0.0679283513909295,high
334b5293:00000,Historical Slavery,0.4675938811224924,0.1129910413879672,high
97bfef21:00000,Historical Slavery,0.3968649707415403,0.0615118622456798,high
97bfef21:00001,Historical Slavery,0.5694063902867174,0.1987375949185748,high
61100d92:00000,Historical Slavery,0.5014837505454451,0.0783045238448019,high
61100d92:00001,Historical Slavery,0.5099907479800685,0.0536895514874505,high
3f87acad:00000,Colonialism,0.4949873438195877,0.0783931857571132,high
ba7f0616:00000,Colonialism,0.431680101478997,0.1541253731513686,high
d1239814:00001,Colonialism,0.4121608930742346,0.0816137517116672,high
c3888a6a:00000,Historical Slavery,0.4625086097813254,0.0596201633396451,high
05509396:00000,Historical Slavery,0.5502246225324354,0.1093530594943857,high
f2f3520a:00000,Historical Slavery,0.4983686313687326,0.0777359089789,high
d639c8db:00000,Historical Slavery,0.5272997977013958,0.0866144230535098,high
d639c8db:00001,Historical Slavery,0.4775045554896487,0.1681469663324159,high
6db9b8b1:00000,Historical Slavery,0.4905215330935314,0.1097092062746379,high
6db9b8b1:00001,Historical Slavery,0.4651304799467382,0.1335538594303772,high
d93b9ff0:00000,Historical Slavery,0.4802614797807893,0.1047802917119993,high
d93b9ff0:00001,Historical Slavery,0.4573414546716158,0.1128224100365353,high
212ce17b:00000,Historical Slavery,0.5238787138432068,0.1410435184599467,high
d11e68a9:00000,Historical Slavery,0.481054602238913,0.0668254329633277,high
c2249a6b:00000,Historical Slavery,0.4777601447026929,0.0621129921420282,high
b8f8d944:00000,Colonialism,0.4240066353896785,0.0759025640086624,high
b686d944:00000,Colonialism,0.4382930625876768,0.2128020784521769,high
b686d944:00001,Colonialism,0.4124015566608415,0.1244796913638136,high
85db2ed8:00000,Colonialism,0.4211305815814529,0.1360112584637771,high
712be3d6:00000,Historical Slavery,0.4912368722200172,0.0721606117814482,high
ececd1c2:00000,Historical Slavery,0.5810776568271567,0.1721291059813778,high
ececd1c2:00001,Historical Slavery,0.4746089198558113,0.1024025549084466,high
73786744:00001,Historical Slavery,0.4354521856111238,0.1542388630214844,high
97524c54:00001,Historical Slavery,0.5650071741753323,0.130299792196568,high
b5aa3cf9:00000,Historical Slavery,0.5180579518269518,0.1097178358780797,high
b5aa3cf9:00001,Historical Slavery,0.4821440871153462,0.0939600696600212,high
e097b84b:00000,Historical Slavery,0.5538480663813341,0.1026709083799315,high
e097b84b:00001,Historical Slavery,0.4057558445923164,0.1019263536811189,high
6a54d586:00000,Historical Slavery,0.5269709595487557,0.0500714370690533,high
9d7911ad:00000,Colonialism,0.4243612410302571,0.0535038553066671,high
9d7911ad:00001,Historical Slavery,0.3935137366757247,0.0800759878190342,high
00d2af49:00000,Historical Slavery,0.482916249258687,0.0882875520500285,high
00d2af49:00001,Historical Slavery,0.5216054068663123,0.0639524871704168,high
ca939c3f:00000,Historical Slavery,0.4860999934742662,0.0849020263326302,high
ca939c3f:00001,Historical Slavery,0.4328980901086611,0.1072530470689633,high
d37dd04f:00000,Historical Slavery,0.4321560092592756,0.0502443138561661,high
1fd5f1ca:00000,Historical Slavery,0.4370462368816172,0.0833494846412965,high
837a9ff9:00000,Colonialism,0.4879540903065131,0.1009489985062317,high
f4bb3ce4:00000,Historical Slavery,0.5431905008251902,0.0803739243322376,high
40920d8b:00000,Colonialism,0.4464825626295689,0.0691345733133949,high
9073a266:00000,Colonialism,0.4318777246316078,0.1525396493997577,high
9073a266:00001,Colonialism,0.3983558104836204,0.0550099202510785,high
5924254a:00000,Colonialism,0.4774125334069939,0.100866912157012,high
713f80e9:00001,Historical Slavery,0.4773853349114152,0.1312593231476244,high
b5204575:00000,Historical Slavery,0.5191899650581028,0.0508904404792225,high
b5204575:00001,Historical Slavery,0.5136524400009108,0.1517968890056513,high
f92d6c2f:00000,Historical Slavery,0.3874021055246849,0.0569982561547335,high
1a19d8fb:00001,Colonialism,0.3614708959458639,0.0511527165909659,high
6b5f7057:00000,Modern Racism & Inequality,0.4713463433180314,0.0603047664531694,high
5dd963d0:00000,Historical Slavery,0.4061017083789394,0.1353616596855174,high
76c953d9:00000,Historical Slavery,0.4133894551057902,0.0626844827900437,high
f7fb639c:00001,Colonialism,0.3704576347217297,0.1148923369962967,high
1f802f7c:00000,Colonialism,0.3679856455599947,0.0565512363399315,high
20a6ce01:00000,Colonialism,0.4127748307997461,0.0580596764561186,high
20a6ce01:00001,Historical Slavery,0.4955941653408769,0.0641920364931658,high
f4174bd9:00000,Historical Slavery,0.4783568026989733,0.1185053596876593,high
eb19e00d:00000,Historical Slavery,0.3627782385851403,0.0542113748601024,high
41145c66:00000,Historical Slavery,0.4169670864350806,0.0724655900952723,high
c8c5c0b3:00000,Colonialism,0.4306459014941243,0.0529328667382495,high
ee70064a:00001,Modern Racism & Inequality,0.4275306853900092,0.0722430959531952,high
de07d3a3:00000,Historical Slavery,0.4998973376190184,0.0595760169792529,high
de07d3a3:00001,Historical Slavery,0.4615219085783099,0.167452487319787,high
2cddbf18:00000,Historical Slavery,0.4993431597349456,0.1344616408622636,high
669e9904:00001,Historical Slavery,0.4348482478509575,0.0820281908701413,high
c8e4dae3:00000,Historical Slavery,0.363126490946713,0.0661859160163695,high
72310de1:00000,Colonialism,0.450509845900448,0.0560571046302644,high
94c7382e:00000,Historical Slavery,0.4932221591750599,0.0502089048554779,high
04a7a36c:00001,Historical Slavery,0.5106334217965224,0.0556254899614979,high
8a3c533b:00000,Colonialism,0.4609122275032956,0.0566973400948527,high
7cf8627d:00001,Colonialism,0.3567153281013968,0.0968531152360346,high
d47e737e:00000,Colonialism,0.5059218231286677,0.1427117398468672,high
e5522bcb:00000,Colonialism,0.3786065885460837,0.0640200352813011,high
e5522bcb:00001,Colonialism,0.4245019315547343,0.0858304298504941,high
bdc66dd1:00000,Colonialism,0.4566508336069971,0.0617742160398798,high
bdc66dd1:00001,Colonialism,0.3776140394133045,0.08007590683531,high
e8fea061:00000,Historical Slavery,0.3974336104653523,0.0506549155322469,high
e8fea061:00001,Colonialism,0.4148123309161622,0.1484814202148963,high
6435a5e1:00000,Historical Slavery,0.3763591514673477,0.0583600309803016,high
6435a5e1:00001,Colonialism,0.4439815845121654,0.0849178468258538,high
f67df13e:00000,Historical Slavery,0.4455260478343803,0.0840958048002992,high
f67df13e:00001,Historical Slavery,0.4017248906884139,0.0825501384908716,high
5a851327:00000,Historical Slavery,0.4983194304591078,0.0515969240918134,high
905630b7:00001,Historical Slavery,0.5332421356720635,0.0600590926124542,high
eed7f301:00001,Colonialism,0.4359868470042538,0.0741588789376177,high
ab7277ea:00000,Colonialism,0.399988890470339,0.0606178149992825,high
ab7277ea:00001,Colonialism,0.3715139034209298,0.0845141431359178,high
a65c99a9:00000,Colonialism,0.4366607981371094,0.0608670196404682,high
a65c99a9:00001,Colonialism,0.4534920952761239,0.0543418655521195,high
42380e20:00000,Historical Slavery,0.4692421610151061,0.0746412062471867,high
215d99b2:00002,Historical Slavery,0.4317513888421613,0.0769463995577824,high
215d99b2:00004,Colonialism,0.5121770043869994,0.1580921432296992,high
215d99b2:00006,Historical Slavery,0.4321151103756617,0.0809602237324706,high
429e64cb:00000,Historical Slavery,0.5275593113317032,0.0859860380970067,high
429e64cb:00001,Historical Slavery,0.5110351442099478,0.1236538316307794,high
429e64cb:00007,Historical Slavery,0.5147341832514128,0.1200066682342162,high
7758e683:00000,Historical Slavery,0.4266190639807795,0.1316765997031875,high
3f46e62e:00000,Colonialism,0.540420226033661,0.089678244769608,high
3f46e62e:00004,Colonialism,0.39273006263681,0.089465653906252,high
3f46e62e:00006,Historical Slavery,0.4237853043528568,0.0965949583934197,high
c0aee7eb:00001,Colonialism,0.4740139381975812,0.2400155538397192,high
c0aee7eb:00002,Colonialism,0.6083362526434012,0.1376960935585928,high
c0aee7eb:00003,Colonialism,0.3829309217003556,0.0803738140785214,high
c0aee7eb:00004,Colonialism,0.564867200317136,0.0915129169162632,high
c0aee7eb:00005,Historical Slavery,0.4868388833891466,0.1743493504462472,high
c0aee7eb:00006,Colonialism,0.415724020555412,0.0517182236691767,high
c0aee7eb:00007,Colonialism,0.4973604947404962,0.0598298899647882,high
b79b973e:00000,Historical Slavery,0.5450496898336612,0.1262306218269279,high
b79b973e:00001,Colonialism,0.5914226395039895,0.120170296239465,high
5434c349:00003,Historical Slavery,0.5110279876618592,0.067710837453923,high
5434c349:00004,Colonialism,0.4821465601290042,0.1078305211028471,high
5434c349:00007,Colonialism,0.4768914181299962,0.1591130581495789,high
5434c349:00008,Historical Slavery,0.3855344208596375,0.0658734101008565,high
f5782318:00002,Colonialism,0.4557795671005197,0.0668022726835316,high
6b45288b:00001,Colonialism,0.494402589454541,0.0869551949568184,high
6b45288b:00005,Historical Slavery,0.4640624033800277,0.1127396464488244,high
cc9128c1:00004,Colonialism,0.5395812772190638,0.0811210107775375,high
caa09e52:00000,Historical Slavery,0.4455218050090641,0.0738758069457151,high
caa09e52:00002,Historical Slavery,0.474205007762829,0.0735900567924298,high
caa09e52:00003,Historical Slavery,0.4437047240233608,0.0825763616455082,high
caa09e52:00006,Historical Slavery,0.5038438885133596,0.0686810541521172,high
89721aa3:00000,Historical Slavery,0.4689949432128759,0.0625644583979029,high
89721aa3:00003,Colonialism,0.4841477466270829,0.0657464413467968,high
89721aa3:00005,Colonialism,0.5319118785031557,0.0843360780560395,high
89721aa3:00006,Historical Slavery,0.498841898626453,0.1150846686700366,high
c85d3571:00004,Historical Slavery,0.4177774515889418,0.0678684306721993,high
c85d3571:00005,Historical Slavery,0.4849263554878794,0.0612786234941974,high
9036b651:00001,Modern Racism & Inequality,0.3578648973405683,0.1014286149383492,high
81d0b74d:00004,Colonialism,0.4106064427031217,0.0953150361034625,high
e29b2b78:00001,Colonialism,0.477184326347717,0.0517387000180327,high
e29b2b78:00002,Colonialism,0.576893886243599,0.1560536325487964,high
e29b2b78:00004,Historical Slavery,0.4132699759577778,0.0944143277528266,high
6832b9a0:00002,Historical Slavery,0.4515422462799102,0.0529751359333612,high
6832b9a0:00003,Colonialism,0.4230628370825539,0.1022859605763499,high
b59a53f0:00001,Colonialism,0.4403932874230168,0.0674885527628989,high
b59a53f0:00003,Historical Slavery,0.3654146912866926,0.0810597159655844,high
b59a53f0:00005,Historical Slavery,0.40086336102093,0.0910229830948494,high
f2e5f4e4:00001,Historical Slavery,0.3947794651036282,0.0644502928570067,high
f2e5f4e4:00002,Historical Slavery,0.3517545924062184,0.089210650132705,high
f2e5f4e4:00003,Colonialism,0.4433630428964815,0.0860476916029027,high
f2e5f4e4:00004,Colonialism,0.5611839861424084,0.1230805115663833,high
e901a1fa:00004,Colonialism,0.470274057674184,0.0561025746058802,high
6c828483:00000,Colonialism,0.5001815615766504,0.0744071963837856,high
6c828483:00002,Colonialism,0.3684635373918029,0.0643444120140661,high
6c828483:00003,Colonialism,0.517509077424371,0.0926396954168699,high
6c828483:00005,Historical Slavery,0.3877696540092066,0.0598912050039293,high
0817b8e7:00000,Historical Slavery,0.5671809711349587,0.0884276798112956,high
0817b8e7:00003,Historical Slavery,0.4698383517101227,0.0643281699271666,high
22a99499:00003,Historical Slavery,0.5098203097500925,0.0614088864727466,high
22a99499:00004,Historical Slavery,0.3754986982654231,0.0603297299404962,high
f36b9966:00000,Historical Slavery,0.486616123269366,0.070891800697195,high
f36b9966:00002,Colonialism,0.423855062472317,0.0532434064291319,high
f36b9966:00003,Historical Slavery,0.4032771413301202,0.0575702451290673,high
24830899:00002,Historical Slavery,0.4015648608984511,0.0916419452659041,high
e5ec6837:00001,Historical Slavery,0.3663011489425586,0.0670368135903001,high
03240782:00000,Historical Slavery,0.4618979618013065,0.066797169346038,high
ecd51d0e:00000,Historical Slavery,0.4168560804020558,0.0526397091519615,high
130d45c7:00000,Historical Slavery,0.4887992183461594,0.0697232932528816,high
130d45c7:00001,Historical Slavery,0.4960353166375842,0.1628289226927416,high
3bd26019:00000,Historical Slavery,0.463791851758281,0.0910567345540508,high
915b3027:00000,Historical Slavery,0.478929414267972,0.1079022123255467,high
fe4c13d1:00000,Historical Slavery,0.4552005232603006,0.139896094352247,high
fbdfce80:00000,Historical Slavery,0.5783992804686994,0.1118777798902012,high
639762d6:00000,Historical Slavery,0.4684291227454772,0.0893886463764981,high
9e05e553:00000,Historical Slavery,0.502499589523916,0.060840497667947,high
b108fea7:00000,Historical Slavery,0.442597151293566,0.0896270461242271,high
0f81d120:00000,Historical Slavery,0.4749497760678857,0.0834321426307722,high
452064fa:00000,Historical Slavery,0.4822922713001347,0.0600830276488461,high
a8514cfa:00001,Historical Slavery,0.4839927516903504,0.0738026360477128,high
ce7c10c4:00000,Colonialism,0.5378124388668692,0.0736582682728834,high
ce117bca:00000,Historical Slavery,0.4817500885783337,0.0712700391453119,high
e52bfdfb:00000,Colonialism,0.4965773406655624,0.0644182561540813,high
30f0a56f:00001,Modern Racism & Inequality,0.4591022061508993,0.0728991875077704,high
ef465085:00000,Historical Slavery,0.4348518580340859,0.0675412651105649,high
ef465085:00001,Historical Slavery,0.4562379263601864,0.0535133708126365,high
a7d12d46:00000,Historical Slavery,0.4588368930538501,0.0682716819676657,high
a7d12d46:00001,Modern Racism & Inequality,0.3947961451870388,0.0571694151262086,high
bc3b2b3d:00000,Historical Slavery,0.4426113508360146,0.0896183011350368,high
0ad0adeb:00000,Historical Slavery,0.4515248275619403,0.0661884233846182,high
1bce0be6:00000,Historical Slavery,0.4503620486632933,0.1022538906844367,high
1bce0be6:00001,Historical Slavery,0.5231463930036153,0.1607322914625737,high
269b9928:00000,Historical Slavery,0.4289943416924123,0.0574725317485812,high
9a34b307:00000,Historical Slavery,0.402838269984292,0.0800406004180503,high
d5e75b76:00000,Historical Slavery,0.4208667051820621,0.1179907076509638,high
b8907374:00000,Historical Slavery,0.5477575752528383,0.1534232005575624,high
b8907374:00001,Historical Slavery,0.4932779172466306,0.1088588734837938,high
e31e338c:00000,Historical Slavery,0.4528634235284406,0.1257289545351507,high
f297ce65:00001,Colonialism,0.4361516948224763,0.0908145496749286,high
71e8b0b6:00001,Colonialism,0.3608572868642954,0.1116825886675002,high
f254b85c:00001,Historical Slavery,0.3570358472279893,0.0623430723513666,high
dde9659b:00000,Historical Slavery,0.5215306411176878,0.1025080443989778,high
1f83596e:00000,Historical Slavery,0.4595272254850897,0.1018273210655629,high
d4527112:00000,Historical Slavery,0.5229758669105645,0.1728501561440311,high
d4527112:00001,Historical Slavery,0.4901902374897323,0.0728061553869728,high
356db256:00000,Historical Slavery,0.3883346099817197,0.0567050512985974,high
356db256:00001,Historical Slavery,0.436632350354811,0.0884919629683526,high
50c9f833:00000,Historical Slavery,0.4426103518688157,0.0646133646343064,high
f2591fcd:00000,Historical Slavery,0.4839054062721272,0.1782720543346037,high
f4663ff7:00000,Historical Slavery,0.4463094524333612,0.1342721391987791,high
f4663ff7:00001,Historical Slavery,0.4199892088390277,0.0750072502020378,high
f4663ff7:00002,Historical Slavery,0.3996984877754826,0.1447927899842954,high
aa50cf1d:00000,Historical Slavery,0.3893738768601857,0.0949730766055718,high
aa50cf1d:00001,Historical Slavery,0.4350023271126526,0.1342003472984779,high
aa50cf1d:00002,Historical Slavery,0.411934687216371,0.104511236518377,high
b102c41f:00000,Historical Slavery,0.5192209157221285,0.139668070462522,high
b102c41f:00001,Historical Slavery,0.508942612898053,0.1997456285400486,high
b102c41f:00002,Historical Slavery,0.4977197728911632,0.1478875964048078,high
b6062965:00000,Historical Slavery,0.499755129370544,0.1133143825663275,high
4d67731d:00000,Historical Slavery,0.5993153132655219,0.2076628357616818,high
4d67731d:00001,Historical Slavery,0.467937289048047,0.2162672724532942,high
f30ff89f:00000,Historical Slavery,0.5803501844304952,0.2020134312045869,high
f30ff89f:00001,Historical Slavery,0.585829467151928,0.3290747590289359,high
40184913:00000,Historical Slavery,0.5187615093158986,0.1947330653355491,high
40184913:00001,Historical Slavery,0.5109012177615271,0.1694238056692053,high
ee1e736a:00000,Historical Slavery,0.5169832824183324,0.0996061817311591,high
ee1e736a:00001,Historical Slavery,0.383860484871265,0.1056360069083595,high
ee1e736a:00002,Historical Slavery,0.461179397713682,0.0857004664536925,high
34a6e3fa:00000,Colonialism,0.4654032912529587,0.1013080505127113,high
34a6e3fa:00001,Historical Slavery,0.4904435831572759,0.0860740691412828,high
95cb1dab:00001,Historical Slavery,0.5079136069884124,0.1869474218105994,high
e5dd337a:00000,Historical Slavery,0.4253260201939861,0.0509384594949608,high
820f20e1:00000,Historical Slavery,0.4674638417094462,0.0799195136443687,high
3833a2bf:00001,Historical Slavery,0.4520789657708935,0.0514645521144932,high
3833a2bf:00002,Historical Slavery,0.4551963317091462,0.1050628180371355,high
807fc5ec:00001,Historical Slavery,0.4821966333117332,0.1362394564189535,high
3d98d2c6:00000,Historical Slavery,0.4012503034586501,0.0757833910800507,high
3d98d2c6:00001,Historical Slavery,0.3977932836954915,0.1129171353772406,high
7baa3924:00000,Colonialism,0.405924720204921,0.1157558375051944,high
e6dc4b65:00000,Historical Slavery,0.3736648232181969,0.054926546107594,high
e6dc4b65:00001,Historical Slavery,0.3784714691388535,0.0600403078655635,high
e6dc4b65:00002,Historical Slavery,0.4762247279430531,0.0683917541195039,high
6bd27a34:00000,Historical Slavery,0.5025109478915717,0.1159624796106231,high
6bd27a34:00001,Colonialism,0.4272604887871897,0.0744511289182734,high
132b14fe:00000,Modern Racism & Inequality,0.3893864313217173,0.0549815593759402,high
132b14fe:00001,Historical Slavery,0.5021691709987085,0.1203178819566151,high
7b6512e9:00000,Modern Racism & Inequality,0.4094702582508074,0.1069536938102183,high
07002af4:00000,Modern Racism & Inequality,0.5524600395833573,0.2193064063248184,high
8c24f692:00000,Historical Slavery,0.3676629516658597,0.0604950590599077,high
f304f741:00000,Historical Slavery,0.4422059467552804,0.122370148596612,high
8d99575a:00000,Historical Slavery,0.5449774629370421,0.2213620149012369,high
11b258ab:00000,Historical Slavery,0.4730514365923612,0.2035320112006611,high
11b258ab:00001,Historical Slavery,0.422083508662938,0.1417391687469515,high
bcd8dfbc:00000,Historical Slavery,0.574888018402114,0.1686673321276625,high
bde910fb:00000,Historical Slavery,0.4596525231351153,0.1162353219534242,high
bde910fb:00001,Historical Slavery,0.3780420149217141,0.0994254345165558,high
bde910fb:00002,Historical Slavery,0.4677900386243392,0.0932985531418103,high
34d1c2cc:00001,Historical Slavery,0.4497555689440528,0.1127612272782269,high
d225e0a5:00001,Colonialism,0.4969750151474464,0.1137725529303357,high
3fef89bf:00000,Historical Slavery,0.411984438919292,0.1100525531436001,high
a345a11a:00000,Historical Slavery,0.3720273386202182,0.089237268865504,high
017c8acb:00000,Colonialism,0.4310519379168943,0.080677580328173,high
017c8acb:00001,Historical Slavery,0.3598130930700803,0.0534875507481801,high
d08d2217:00000,Historical Slavery,0.4491279124450585,0.0728848834315803,high
e35c88e4:00000,Historical Slavery,0.4649963901232413,0.0695630374810902,high
8f6dd4a9:00000,Historical Slavery,0.4221779973838381,0.1075859786891315,high
8f6dd4a9:00001,Historical Slavery,0.4626623208502183,0.0773593222137541,high
b6060989:00000,Historical Slavery,0.4062035429145316,0.1070650814359666,high
b6060989:00001,Historical Slavery,0.4730281107510828,0.0868091708597832,high
1f2cec37:00000,Historical Slavery,0.4424213956864947,0.1118087109512356,high
2b720536:00001,Colonialism,0.3864636199951978,0.08759277728781,high
412e7dfb:00000,Historical Slavery,0.4267178327761909,0.0607539440241993,high
5fb4d3c9:00000,Historical Slavery,0.4273972659156225,0.0740306591643497,high
9a9112c8:00000,Historical Slavery,0.4774899818155708,0.0632918454321376,high
77c81cd5:00000,Historical Slavery,0.4524496125038901,0.0964781657528949,high
ec7c7440:00000,Colonialism,0.3597654849335869,0.0890051292794418,high
b545157e:00000,Modern Racism & Inequality,0.4464510411559111,0.0851948247928282,high
b545157e:00001,Historical Slavery,0.4299285989899428,0.085663897585108,high
59d41ab9:00000,Historical Slavery,0.4137841384318877,0.0804270233499953,high
77505f15:00001,Historical Slavery,0.3985490594781871,0.1744226801565275,high
c8b93206:00000,Historical Slavery,0.4684598251528649,0.0750715246784902,high
02c0268d:00000,Colonialism,0.3690564847920141,0.0761887051462535,high
30ec8f5d:00000,Colonialism,0.390384725481305,0.1216205313123687,high
e25a2c0f:00001,Colonialism,0.3854177027893831,0.0684741107406584,high
142ab0ae:00000,Historical Slavery,0.4667452626240725,0.1317843187123781,high
42e764d1:00000,Historical Slavery,0.3795017014838822,0.0680915028806178,high
81888757:00000,Historical Slavery,0.4207075946994107,0.1013695175078799,high
c181fd15:00000,Historical Slavery,0.3841921231654412,0.0594901046684455,high
be0bb225:00000,Historical Slavery,0.3634715836196714,0.0998338433576287,high
be0bb225:00001,Historical Slavery,0.3756683839844337,0.0687767800659271,high
010ddd6d:00001,Historical Slavery,0.3643660830135068,0.0709972526858639,high
89424378:00000,Historical Slavery,0.3930454258109275,0.0741050794701602,high
4fa6b500:00000,Historical Slavery,0.5559350999828396,0.1358763896410683,high
040ec1a4:00000,Colonialism,0.5203226352970128,0.0528092916560598,high
0c11a655:00000,Historical Slavery,0.4601955708889977,0.0993646221656292,high
36650407:00000,Colonialism,0.4677066375030065,0.0726604141327557,high
2ed1ebb8:00000,Historical Slavery,0.5042754469128532,0.1674213390923919,high
85275c17:00000,Historical Slavery,0.4234349286940556,0.065686604837591,high
85275c17:00001,Colonialism,0.3746541155736899,0.0625009180558239,high
f288f631:00000,Historical Slavery,0.4286785638467789,0.0569257739523301,high
fe56fb35:00000,Historical Slavery,0.4273408665351242,0.0642083984269915,high
abcb431b:00000,Historical Slavery,0.464152387149603,0.1594978262717727,high
e2b33d83:00000,Historical Slavery,0.4326284976212398,0.0942345754982513,high
6f5e8f91:00000,Historical Slavery,0.4170130346097798,0.0733009468929519,high
096bfa7e:00001,Historical Slavery,0.3892298750461178,0.1193492231027699,high
a14098e5:00000,Historical Slavery,0.3887102116015805,0.0792244970796974,high
a14098e5:00001,Colonialism,0.4826049971402665,0.0769400506153622,high
09ea8e14:00000,Colonialism,0.4472271123653061,0.0573420736585346,high
1679db18:00000,Historical Slavery,0.4532357063395199,0.0907366994940419,high
d1e66009:00000,Historical Slavery,0.4032308710651096,0.0668119922077018,high
415feae1:00000,Historical Slavery,0.4482218448950262,0.1024874501224957,high
d1781c39:00001,Colonialism,0.367785981898269,0.0500359889096919,high
15d744ab:00001,Historical Slavery,0.4127789765198574,0.0908377017852755,high
903dcf10:00000,Historical Slavery,0.4325388931361042,0.1208722067311489,high
95f2f459:00001,Historical Slavery,0.4873015378784193,0.2190750949259859,high
4a6bd8dc:00000,Historical Slavery,0.4273021492809458,0.1056463703808045,high
43cdad2d:00000,Modern Racism & Inequality,0.4359386055516174,0.0800031921299359,high
45867670:00000,Colonialism,0.4003866724904042,0.0795545770093053,high
f9204af3:00000,Historical Slavery,0.508434610801785,0.1424480765835941,high
fdd66b07:00000,Modern Racism & Inequality,0.415966717475379,0.0522358284226314,high
483e892c:00000,Colonialism,0.3975679888181432,0.0910627484944081,high
001a5c93:00000,Colonialism,0.3837430069840327,0.0577135735954801,high
6639a015:00000,Historical Slavery,0.4918577303933959,0.0539399390534475,high
04e2c83e:00000,Colonialism,0.3985003854708128,0.0816123170451595,high
04e2c83e:00001,Modern Racism & Inequality,0.403534328543749,0.1755433758718965,high
9ba2bb03:00000,Colonialism,0.4805645885037372,0.0723011145475003,high
f3b8ed90:00000,Modern Racism & Inequality,0.3871937461184023,0.0657805503627906,high
703216c5:00001,Modern Racism & Inequality,0.4255401590064625,0.1805420904683721,high
d0b9e4a0:00001,Modern Racism & Inequality,0.4076395553343106,0.130807319669823,high
669c8d29:00001,Colonialism,0.5144333927521331,0.0585552341605433,high
eab37a04:00000,Modern Racism & Inequality,0.3725648934220664,0.054207651778144,high
8d5b9284:00000,Historical Slavery,0.5154903578269916,0.0523329330680242,high
7a5e8658:00000,Colonialism,0.5115796882116508,0.0616866809192344,high
7a5e8658:00001,Historical Slavery,0.5558824428661181,0.1021970443613616,high
18709897:00000,Modern Racism & Inequality,0.3676882500292439,0.0638850384538801,high
1dcf1830:00000,Modern Racism & Inequality,0.4378054752435998,0.0792104340747027,high
279b4867:00000,Modern Racism & Inequality,0.4104224942966341,0.0573840089688327,high
ccfd4645:00000,Historical Slavery,0.4020128134638418,0.0593544838724239,high
fe436f0d:00000,Modern Racism & Inequality,0.3805028261155038,0.0662745208531679,high
901ff6e7:00000,Colonialism,0.3508131027264169,0.0725183210564043,high
288d4bfe:00000,Historical Slavery,0.5498711636711962,0.0595263498548659,high
288d4bfe:00001,Historical Slavery,0.5682155866795677,0.1359886169593705,high
dd8c06bd:00000,Colonialism,0.4200306921240389,0.0700920015414695,high
3f36bf58:00000,Modern Racism & Inequality,0.4195827736226606,0.1151656136459881,high
903d6624:00000,Colonialism,0.430184613569752,0.0625185750487127,high
903d6624:00001,Modern Racism & Inequality,0.3630808500183478,0.102030077982485,high
b01a9435:00000,Historical Slavery,0.4340791435296945,0.1316658885117702,high
9a65337f:00000,Colonialism,0.3826849062673524,0.0708719874283039,high
e738a35b:00000,Historical Slavery,0.5874568030301743,0.1640020717772596,high
e738a35b:00001,Modern Racism & Inequality,0.4512503823851313,0.1790996279918963,high
00f1f103:00000,Historical Slavery,0.4652323577842628,0.1156058018087614,high
ff231a2a:00000,Historical Slavery,0.4841908973661067,0.0879775395924876,high
e3990a37:00000,Historical Slavery,0.5079663891314898,0.0971247616188452,high
7a0aec5b:00001,Colonialism,0.3836938462991386,0.1349217802210579,high
d2bd5ee3:00000,Modern Racism & Inequality,0.4885845778596039,0.1003004346983568,high
509d2c3a:00000,Colonialism,0.3895853034057189,0.0807012879731198,high
ee97cc92:00000,Colonialism,0.4831364352638004,0.0882944749950663,high
46b5a182:00001,Colonialism,0.3798351952807553,0.0991772790134297,high
6b836d69:00001,Modern Racism & Inequality,0.3539465604099652,0.0547441980154947,high
d1884a71:00000,Modern Racism & Inequality,0.432998499187792,0.1341144852075206,high
d183d90e:00000,Modern Racism & Inequality,0.4443960316694324,0.0687613230920385,high
06c992a0:00000,Modern Racism & Inequality,0.4548803520536863,0.0521724453544973,high
9bd6b34f:00000,Modern Racism & Inequality,0.4218825075544842,0.0823060276224179,high
e25fe2e2:00000,Modern Racism & Inequality,0.4183233805599526,0.0718012132115927,high
12303010:00000,Modern Racism & Inequality,0.3792887760385305,0.066472840134948,high
e4d598ab:00001,Modern Racism & Inequality,0.4647193888030076,0.1058751024302594,high
7770f23a:00000,Modern Racism & Inequality,0.3920346239216957,0.119423885706641,high
5d29dd2e:00001,Modern Racism & Inequality,0.3980711644311869,0.0583796363387081,high
da92cbf4:00001,Modern Racism & Inequality,0.3944314925413307,0.1700956352916749,high
531d2e6a:00001,Modern Racism & Inequality,0.3936960807926803,0.1651391285928331,high
b15a8c91:00000,Modern Racism & Inequality,0.473814626348044,0.0760170519121565,high
b15a8c91:00001,Modern Racism & Inequality,0.3990838188305016,0.0972192371154277,high
72a13443:00000,Modern Racism & Inequality,0.4217785412832554,0.1140156236679351,high
1635cad3:00000,Modern Racism & Inequality,0.3591731261616313,0.0753252081146814,high
1635cad3:00001,Modern Racism & Inequality,0.368458151613075,0.1968272835993862,high
2f0267ed:00000,Modern Racism & Inequality,0.4129977792991056,0.1214072951259137,high
0d97273c:00000,Modern Racism & Inequality,0.4424909278180383,0.1066984917243198,high
560467ff:00000,Historical Slavery,0.5188447760030698,0.1514703640767025,high
560467ff:00001,Historical Slavery,0.3796059719049789,0.0871421169457122,high
3d048c1c:00002,Historical Slavery,0.3988879048057274,0.0591896440331247,high
e948f64b:00000,Historical Slavery,0.3677707804912061,0.0532008051948129,high
4e6a2500:00000,Colonialism,0.3596181173459699,0.0697675378354167,high
236ce325:00000,Modern Racism & Inequality,0.3835653135919737,0.1301925387256984,high
f1f8e8ae:00001,Modern Racism & Inequality,0.3809960655464371,0.0581681207250254,high
34fc6128:00003,Colonialism,0.361036117062156,0.0670035155262345,high
85e4f104:00000,Historical Slavery,0.4811915823045515,0.0901406225410617,high
85e4f104:00002,Historical Slavery,0.4793038259171694,0.0745784451861031,high
85e4f104:00003,Modern Racism & Inequality,0.3930801799371056,0.0768197763360681,high
6a2d0219:00001,Modern Racism & Inequality,0.5292793393016025,0.2083209938104042,high
6a2d0219:00003,Historical Slavery,0.4715199355554954,0.0833112360314755,high
cd8684a4:00001,Colonialism,0.3996352467076599,0.1185237789296972,high
cd8684a4:00003,Colonialism,0.3903919484062302,0.0869912093099102,high
9b02fd04:00004,Colonialism,0.4444801998740855,0.057506576303042,high
b0b0ef6f:00000,Colonialism,0.4035342581405847,0.0605703502305747,high
57d4def7:00000,Historical Slavery,0.4667987646479866,0.0625166640324676,high
8be5dd05:00001,Historical Slavery,0.4677717039085775,0.0890164672230887,high
8be5dd05:00002,Colonialism,0.5253778924216522,0.0871492947890982,high
8be5dd05:00003,Colonialism,0.4092680827798329,0.0825992786940209,high
bf0f0896:00000,Historical Slavery,0.4627060673023475,0.1390180242721789,high
bf0f0896:00003,Historical Slavery,0.4632300770802928,0.1999477172417652,high
eec614a7:00000,Historical Slavery,0.4912500410934346,0.071989005397975,high
eec614a7:00001,Colonialism,0.4129287049900526,0.0510603561590672,high
eec614a7:00002,Colonialism,0.4829743737812346,0.1188970576693879,high
eec614a7:00006,Colonialism,0.3847335979225886,0.0538535386759277,high
eec614a7:00007,Historical Slavery,0.3736381660090141,0.0782503200268441,high
e8b42ddb:00001,Colonialism,0.3515193686190476,0.0543710680735078,high
e8b42ddb:00003,Colonialism,0.4376970174207671,0.1148613344805032,high
e687f580:00001,Colonialism,0.4175798504128625,0.1383402742923257,high
e687f580:00002,Historical Slavery,0.5003967278359001,0.102994232248993,high
e687f580:00003,Colonialism,0.4643221972143871,0.1370839579194586,high
9616a043:00000,Historical Slavery,0.4607739760708946,0.0510700416737652,high
9616a043:00001,Colonialism,0.4370762505499398,0.0622878101113038,high
9616a043:00004,Colonialism,0.380425441706966,0.1083387377409661,high
2dc0f1f3:00003,Colonialism,0.4296370841372939,0.0887651181584286,high
df8c1898:00002,Historical Slavery,0.4025703330747966,0.0781014294614847,high
df8c1898:00005,Colonialism,0.4557842577185224,0.0924353120596379,high
8eb04f64:00001,Historical Slavery,0.412792266059816,0.0626106678573497,high
8eb04f64:00004,Colonialism,0.5268778943750685,0.0701469558616448,high
d3e0dbce:00003,Colonialism,0.4566081748473372,0.0728935272847898,high
887ca9bf:00002,Colonialism,0.3833243807820525,0.1191404430189818,high
887ca9bf:00004,Historical Slavery,0.515104122598733,0.1117072282595845,high
887ca9bf:00005,Historical Slavery,0.4150535651902822,0.0830252038240278,high
652abee3:00001,Historical Slavery,0.4929621728870001,0.1051010051087362,high
652abee3:00002,Modern Racism & Inequality,0.3733789656459437,0.0551314112760937,high
ffefcb8a:00000,Colonialism,0.4883162791616574,0.0536376108246489,high
ffefcb8a:00002,Historical Slavery,0.44876266536948,0.072539727883489,high
ffefcb8a:00003,Colonialism,0.3685257237325561,0.1014389821974397,high
ffefcb8a:00004,Historical Slavery,0.4306467051457309,0.0699011808222699,high
dcf55cd8:00002,Colonialism,0.3721819176782071,0.0500344670770522,high
dcf55cd8:00003,Historical Slavery,0.4458029188972556,0.0741952731784594,high
7fd56e18:00000,Historical Slavery,0.4094456015388231,0.0645035590697993,high
38d6df54:00000,Colonialism,0.3626350922216558,0.0573291575956734,high
432e24d4:00001,Modern Racism & Inequality,0.3987427336924279,0.0917203325336842,high
432e24d4:00002,Colonialism,0.4179261461846043,0.1652970403474167,high
fd3a4b40:00000,Colonialism,0.3929821968232759,0.0791737965926266,high
1738da88:00003,Colonialism,0.4307069817382838,0.0691871522199233,high
7ab11aaf:00001,Modern Racism & Inequality,0.5033495565067457,0.0749358576437274,high
1009b0d2:00001,Colonialism,0.5190238337544297,0.1137808952377194,high
ed1d3620:00001,Historical Slavery,0.5404776863884125,0.1708790438780221,high
22a307cc:00002,Colonialism,0.4602474553755539,0.0951192007549497,high
ae80bf94:00000,Colonialism,0.495547540339354,0.1562284752648136,high
e75b8340:00001,Modern Racism & Inequality,0.3602836327600174,0.0504558451032455,high
e75b8340:00003,Modern Racism & Inequality,0.4036939929224368,0.0721557285206868,high
a2008390:00001,Colonialism,0.3888660302009344,0.1012141323823154,high
b845278b:00000,Colonialism,0.4625147414508349,0.0898251877124037,high
2acd49ac:00000,Modern Racism & Inequality,0.4163548568354544,0.057753034197613,high
2acd49ac:00001,Colonialism,0.4268873015553904,0.0774082727894842,high
2586eacc:00001,Colonialism,0.3926027751595846,0.072816930353081,high
70cc6640:00000,Colonialism,0.4421654708887746,0.0916148946014863,high
6519577d:00000,Colonialism,0.4385331757143087,0.076379360093179,high
6519577d:00001,Colonialism,0.3745112230000144,0.0801770534307701,high
277aa468:00000,Colonialism,0.3543421266827924,0.0563967952285186,high
ea34b1e6:00000,Colonialism,0.3692486228261252,0.0528149201573214,high
3e2d47fa:00000,Colonialism,0.4216491911931351,0.0662209798178555,high
3e2d47fa:00001,Colonialism,0.3627156521669379,0.06390134553782,high
96373d8f:00002,Colonialism,0.4009938751844767,0.1898866052585398,high
ca60bc3d:00000,Colonialism,0.4380919621661522,0.0929994690288548,high
0280feab:00000,Colonialism,0.4012782796896239,0.1012850638359677,high
065ff5fa:00000,Colonialism,0.4319855455663,0.058880074640759,high
065ff5fa:00001,Colonialism,0.4663267544397582,0.1069503501263859,high
024206b6:00000,Colonialism,0.4003420618733858,0.0595012090481763,high
024206b6:00001,Colonialism,0.4670695368328516,0.1019703262724026,high
1dcb50da:00000,Historical Slavery,0.3654891066371672,0.0657281996837594,high
039b3aca:00000,Historical Slavery,0.4858976841346871,0.0716645515804176,high
724c06e2:00000,Historical Slavery,0.4528784794423635,0.0523638226222649,high
df8fe868:00000,Historical Slavery,0.3621620663027539,0.07776920823036,high
9cad466b:00000,Historical Slavery,0.3742475484713643,0.0578503565319307,high
5c744185:00000,Colonialism,0.3851662142352676,0.1229306260378919,high
150c9a13:00001,Historical Slavery,0.4055569736510607,0.0675045647850485,high
6e3d52b3:00000,Historical Slavery,0.4213071136202245,0.0737869081510989,high
6c56ae3f:00001,Historical Slavery,0.4805591931789602,0.1865477912461673,high
41936a21:00000,Historical Slavery,0.5402014318566185,0.059498044661873,high
41936a21:00001,Historical Slavery,0.5169058627815583,0.2001064362627386,high
f1912b2d:00000,Historical Slavery,0.3961458782909959,0.0593210045455816,high
121aaf06:00000,Colonialism,0.4786406626224323,0.0514607502046196,high
3c8c5524:00000,Historical Slavery,0.4243153447799713,0.0619537477940338,high
3c8c5524:00001,Historical Slavery,0.5321141077648393,0.0665678053391682,high
f457b62e:00000,Historical Slavery,0.5537688637076682,0.1079286202782355,high
b3a3f306:00000,Colonialism,0.4715680613308111,0.0757594431812016,high
b3a3f306:00001,Colonialism,0.4038709619489394,0.1233345900619918,high
7c2055bf:00000,Colonialism,0.4143291927410377,0.1490954830281348,high
04111633:00000,Historical Slavery,0.42751851107995,0.1458488119693724,high
d24fbf4b:00000,Historical Slavery,0.4539900836542492,0.0846323591190368,high
d6ddd4a2:00000,Historical Slavery,0.4928374812804102,0.0857739187531231,high
d6ddd4a2:00001,Colonialism,0.4624584249416324,0.052608195026672,high
88437103:00001,Colonialism,0.4505598389318876,0.0695615742482719,high
402b7b1c:00000,Historical Slavery,0.5464337069581511,0.1037309552846795,high
402b7b1c:00001,Historical Slavery,0.4394377313465513,0.0734459777678505,high
81cb8da6:00000,Colonialism,0.5148143199414079,0.0911863971125938,high
dc1b56d1:00000,Colonialism,0.4325776534239023,0.068976302812508,high
99bf6d61:00001,Historical Slavery,0.4201844188985878,0.0534039509135205,high
4f40e3d5:00001,Historical Slavery,0.5129416102164571,0.0784899543894668,high
3c0e56ee:00000,Historical Slavery,0.4482210715138108,0.0913225048768089,high
3c0e56ee:00001,Historical Slavery,0.4803389797739354,0.1245814018500257,high
f2e268a5:00000,Historical Slavery,0.5007950559578537,0.0547646806676213,high
f2e268a5:00001,Historical Slavery,0.3617146796952949,0.078578549975021,high
ac250246:00001,Historical Slavery,0.3987676250850039,0.1402828226918264,high
02c2ebcb:00001,Historical Slavery,0.4564242056812534,0.0808789733149493,high
f455ba90:00000,Historical Slavery,0.3765356040666945,0.0880897347784974,high
c88d1bbe:00002,Historical Slavery,0.4473311114865569,0.1213240773388898,high
015a9f50:00000,Historical Slavery,0.4078804769171371,0.0554243426347385,high
80d616ad:00000,Historical Slavery,0.3525137596053866,0.1196233932482811,high
c58d55b3:00000,Historical Slavery,0.436828639256679,0.0830817687618782,high
bd9bc80d:00000,Colonialism,0.3560659640595991,0.0926860633699646,high
1b3a84db:00001,Historical Slavery,0.3923312958003626,0.1711961496919551,high
ee3b54eb:00001,Modern Racism & Inequality,0.3627311024517616,0.0718946814456639,high
f487dc3b:00002,Colonialism,0.3531263493072656,0.0734121957305667,high
179c6722:00000,Historical Slavery,0.4551798455897062,0.0906348486954068,high
0d8e09fb:00000,Historical Slavery,0.5074281696844836,0.1254550690775964,high
0d8e09fb:00001,Historical Slavery,0.5157967184134961,0.080369800937279,high
0d8e09fb:00002,Colonialism,0.4659300138141482,0.0879832791852782,high
ddfcfb55:00001,Historical Slavery,0.4501538584111805,0.1013842547710338,high
5e76c0cf:00000,Historical Slavery,0.559732652276815,0.1897572088524032,high
5e76c0cf:00002,Historical Slavery,0.4862743839981243,0.0758167603324544,high
813c1740:00001,Colonialism,0.3960855313193751,0.0907883528300529,high
fe2c6325:00000,Historical Slavery,0.4986601997408975,0.1115053578397303,high
02199815:00000,Historical Slavery,0.4355135113296656,0.1745133318023532,high
839ad4bd:00000,Historical Slavery,0.4571420161302277,0.0740971039092859,high
4f02313d:00000,Historical Slavery,0.4777707109152306,0.0649159546028895,high
06bacda8:00001,Modern Racism & Inequality,0.437494656495045,0.0539468030003341,high
20641f7e:00000,Modern Racism & Inequality,0.4291774389603399,0.0606169076781127,high
3c97dd45:00002,Colonialism,0.4708495069262862,0.0656949819294092,high
375f367e:00000,Modern Racism & Inequality,0.4478903183868937,0.1437399882022967,high
375f367e:00001,Modern Racism & Inequality,0.3936534418510318,0.1329096200267338,high
23932dcb:00001,Historical Slavery,0.3960487306380772,0.0878392815693661,high
ee86a7e4:00000,Historical Slavery,0.4307421183821394,0.0608185771057807,high
ee86a7e4:00001,Modern Racism & Inequality,0.3591255291208919,0.0527048498108537,high
76448d0c:00000,Modern Racism & Inequality,0.4146792514956842,0.0828090943573744,high
3d02afb6:00000,Modern Racism & Inequality,0.4788346149960205,0.1777651052720205,high
b73df4b2:00001,Historical Slavery,0.3734740169253487,0.0527429470390291,high
c30b8aa6:00000,Historical Slavery,0.3575987916665377,0.066063705824694,high
c30b8aa6:00001,Historical Slavery,0.5259610461622963,0.1585764151277142,high
42d33fc8:00000,Historical Slavery,0.3542369329822176,0.1508912915479137,high
69c57de8:00001,Modern Racism & Inequality,0.4963715729055713,0.1386483981768313,high
04c0afd4:00000,Historical Slavery,0.4415203708463766,0.0608944770634279,high
05d97d8d:00000,Historical Slavery,0.4688816979453284,0.0567895225628484,high
7a15fcd2:00001,Modern Racism & Inequality,0.3863284140501627,0.05619860837972,high
7a15fcd2:00002,Modern Racism & Inequality,0.4106235392342587,0.0566070167843632,high
841d3e8f:00000,Historical Slavery,0.4070908833652407,0.0744796689958692,high
841d3e8f:00002,Historical Slavery,0.4318732806374553,0.0564981558566919,high
22081d23:00000,Colonialism,0.4729138522180433,0.0584634792429401,high
5f600a47:00001,Historical Slavery,0.439349437208786,0.0968463130113896,high
be73d620:00000,Historical Slavery,0.4252694453168102,0.0512901998647947,high
7b3db89c:00000,Modern Racism & Inequality,0.5021365368973493,0.0584169163361061,high
6eabe372:00000,Modern Racism & Inequality,0.39691537522611,0.0802348008325917,high
6eabe372:00001,Modern Racism & Inequality,0.3735343994155715,0.1318230355932542,high
5e74355f:00000,Historical Slavery,0.4826220030324336,0.0708118528185639,high
bbf21733:00000,Modern Racism & Inequality,0.4215656461586226,0.0621481866373344,high
bbf21733:00001,Modern Racism & Inequality,0.5755956516661235,0.1984391760734128,high
5677d0b3:00000,Modern Racism & Inequality,0.4173702880521069,0.0712913454188367,high
5677d0b3:00001,Modern Racism & Inequality,0.5159537919178012,0.1231451807085865,high
5677d0b3:00003,Modern Racism & Inequality,0.5644070074414022,0.2507996824351391,high
359eabd7:00000,Modern Racism & Inequality,0.5937297378100257,0.258434529726828,high
359eabd7:00002,Modern Racism & Inequality,0.523520637217906,0.1025350882955173,high
359eabd7:00003,Historical Slavery,0.3825629382379603,0.0502218993005154,high
f957b2a1:00002,Modern Racism & Inequality,0.3935855004840551,0.0970715074404312,high
f957b2a1:00003,Modern Racism & Inequality,0.4016237243961901,0.0688548920163766,high
f957b2a1:00005,Colonialism,0.4511645530904026,0.0899732801910721,high
f957b2a1:00006,Modern Racism & Inequality,0.4818582423667333,0.0923174511509376,high
35f78f1b:00001,Modern Racism & Inequality,0.3627382140017057,0.0750085677200217,high
35f78f1b:00003,Historical Slavery,0.54202250496953,0.0962209607183538,high
35f78f1b:00005,Colonialism,0.4656215945742471,0.0580691648087076,high
35f78f1b:00006,Modern Racism & Inequality,0.3995859378874334,0.0909414519788781,high
fd23cc7d:00000,Colonialism,0.3566248525542224,0.0727778803650121,high
fd23cc7d:00001,Colonialism,0.4399638704472747,0.1049634466795042,high
fd23cc7d:00002,Modern Racism & Inequality,0.522767968695847,0.1592689032201208,high
fd23cc7d:00004,Colonialism,0.3609336749595113,0.1225737315956857,high
579d7e8c:00003,Colonialism,0.4667168442731785,0.0987611919727284,high
cb04f622:00000,Modern Racism & Inequality,0.4060942184998104,0.1247060129646093,high
0d6dfb65:00001,Modern Racism & Inequality,0.5454512013115749,0.0909364507977933,high
a71435e4:00000,Modern Racism & Inequality,0.5173132716466652,0.0897589979883692,high
073706fb:00003,Modern Racism & Inequality,0.5513299834384389,0.1800597265933384,high
66148f92:00000,Modern Racism & Inequality,0.4643347215657994,0.1200174199146491,high
66148f92:00004,Modern Racism & Inequality,0.4413995149714144,0.1035686107801349,high
4a377458:00001,Historical Slavery,0.4314134894126625,0.0746969417889019,high
e316d282:00000,Historical Slavery,0.4406516382475715,0.0662648490086389,high
e316d282:00002,Modern Racism & Inequality,0.4308751669966835,0.0763549260172776,high
dfe20841:00000,Colonialism,0.3910764457769368,0.0555423720850953,high
c298ce9e:00000,Modern Racism & Inequality,0.4528302836177262,0.1220870177897576,high
c298ce9e:00001,Modern Racism & Inequality,0.4654275104208612,0.1134507049442901,high
d0bfc0eb:00000,Colonialism,0.3919522579494284,0.0675230830683188,high
a24fdeeb:00000,Modern Racism & Inequality,0.4219878161709594,0.1136604690951351,high
a2588bf4:00000,Modern Racism & Inequality,0.4437585269069245,0.1453028493638082,high
da24786f:00001,Historical Slavery,0.4917982300827121,0.1129475080792337,high
178f4d62:00000,Modern Racism & Inequality,0.4926011923983478,0.144256163793493,high
178f4d62:00001,Modern Racism & Inequality,0.4575458363994386,0.1352938125558497,high
178f4d62:00002,Modern Racism & Inequality,0.4249071986556294,0.0668678180187882,high
178f4d62:00003,Modern Racism & Inequality,0.3882222780482172,0.0690892712155579,high
0931146d:00001,Modern Racism & Inequality,0.573296575027304,0.1955239875023639,high
0931146d:00004,Modern Racism & Inequality,0.3895565300121422,0.0510586559043129,high
0931146d:00005,Modern Racism & Inequality,0.3869566387344137,0.1709469806301344,high
0931146d:00006,Modern Racism & Inequality,0.4627730412038733,0.1470260076095725,high
a46d8933:00003,Colonialism,0.4522971542433148,0.1374712695748211,high
a46d8933:00004,Modern Racism & Inequality,0.433217682185818,0.124810367958232,high
395a6127:00000,Modern Racism & Inequality,0.401246146632209,0.1417525940627352,high
395a6127:00001,Modern Racism & Inequality,0.3734113881265901,0.1162649021955891,high
4d5937e6:00000,Modern Racism & Inequality,0.4266806882451296,0.1144557276351593,high
4d5937e6:00002,Modern Racism & Inequality,0.3796254779617246,0.1495052784228159,high
8b589e1b:00000,Modern Racism & Inequality,0.3944115388492887,0.1481045151788438,high
55ed23b6:00000,Modern Racism & Inequality,0.4193611307186971,0.0888050088958298,high
61fa5cb7:00000,Historical Slavery,0.3882268109954586,0.0704619593470636,high
4ef3deae:00000,Historical Slavery,0.3698818504970289,0.0737030200405973,high
61a016e1:00000,Historical Slavery,0.4048043206679143,0.0569439762749903,high
22cddaa3:00000,Modern Racism & Inequality,0.3686622550225965,0.0719956297397912,high
1dcb6c3f:00000,Historical Slavery,0.4733191254286087,0.0589606017896786,high
274ab7e6:00001,Modern Racism & Inequality,0.3780568952913657,0.0668898599152512,high
615315b5:00000,Colonialism,0.4595166433060446,0.0906257510228279,high
07377c47:00003,Modern Racism & Inequality,0.4431146017973541,0.2717101876348136,high
6685aa66:00000,Historical Slavery,0.4383150521517349,0.0709451296271931,high
1186e71c:00001,Historical Slavery,0.3960258866802539,0.0537613603398758,high
d507b217:00001,Historical Slavery,0.4887144026316082,0.0968821027738977,high
256ecd07:00000,Historical Slavery,0.3564933114449911,0.0531512434964607,high
cf63dc25:00000,Modern Racism & Inequality,0.3808640545320712,0.0599710869114205,high
b771a3c9:00000,Modern Racism & Inequality,0.3964496694346055,0.0902024876214009,high
b2eed72b:00000,Historical Slavery,0.3920257602298269,0.0723011149951308,high
dcb69de1:00000,Historical Slavery,0.4111542000754681,0.0577908056687928,high
a8c1a805:00001,Modern Racism & Inequality,0.3704250741429389,0.0685555648058297,high
92fdb290:00001,Historical Slavery,0.4846006960244567,0.0811951864396979,high
1ac62f8d:00001,Historical Slavery,0.3781204052793398,0.1190295205301192,high
1ac62f8d:00002,Colonialism,0.3946411213556074,0.1176679051274372,high
20c8103d:00000,Historical Slavery,0.3967765135769373,0.0685597345869008,high
20c8103d:00001,Historical Slavery,0.3633758206867311,0.0644421541703344,high
f35f8b1a:00001,Historical Slavery,0.5176144839621227,0.133715552572126,high
7ea77997:00000,Historical Slavery,0.3884665170535507,0.0530156419258036,high
7ea77997:00001,Historical Slavery,0.4562337853789949,0.1418728362402284,high
8f8d7568:00000,Colonialism,0.3521137143746389,0.0545594379821675,high
197bc7ab:00000,Colonialism,0.4107487171400643,0.0525685016242851,high
197bc7ab:00001,Historical Slavery,0.493715367891878,0.1408889418362535,high
a268b501:00000,Historical Slavery,0.3526085879094582,0.0642965803111946,high
a268b501:00001,Historical Slavery,0.4817579323921306,0.0539516172740617,high
a268b501:00002,Historical Slavery,0.5282915802402126,0.0877666410929794,high
819712ff:00000,Historical Slavery,0.3538675097028817,0.051839014826962,high
3ff7d525:00000,Colonialism,0.364578739860722,0.1403062441042461,high
c136d34b:00001,Historical Slavery,0.367118170442233,0.092630682015369,high
d2f49b5a:00000,Colonialism,0.3922370824479697,0.0507690008455194,high
d2f49b5a:00001,Colonialism,0.3856350487830762,0.0650442892150025,high
30fc4b71:00001,Colonialism,0.4198142945254444,0.0555802839740926,high
a6d77e7c:00002,Historical Slavery,0.4976592882031382,0.1923069210010887,high
f8061b06:00000,Historical Slavery,0.475120543688507,0.1225135304766451,high
a2eebbea:00001,Colonialism,0.3626480963297667,0.1102440255753118,high
a2eebbea:00002,Colonialism,0.4110474541568503,0.0927241741155021,high
7f7a88ce:00001,Historical Slavery,0.3857284055566973,0.0609553133768226,high
f7b2c52f:00001,Colonialism,0.3782733001220175,0.1133377079100059,high
9070abb6:00001,Historical Slavery,0.4245901048401696,0.0559279380356386,high
d1de85e0:00000,Historical Slavery,0.5433764334502679,0.1827975578943611,high
d1de85e0:00001,Colonialism,0.4264963117785916,0.1056926911044903,high
d8333de4:00000,Historical Slavery,0.4102109094886642,0.0882347968310504,high
e5765ac9:00001,Colonialism,0.365119094519752,0.1382793521923174,high
e5765ac9:00002,Colonialism,0.3707289466675709,0.0802567594561489,high
92505e87:00000,Historical Slavery,0.4157566623310383,0.0539817435682638,high
a404c999:00002,Historical Slavery,0.4421922917640957,0.1222512534930204,high
6da3060c:00000,Historical Slavery,0.3632272091693865,0.0541833789811863,high
6da3060c:00001,Colonialism,0.4340484393536588,0.0862120205042955,high
c8f04565:00000,Colonialism,0.4588252106684824,0.0973562458546811,high
4f493c2b:00000,Historical Slavery,0.4198256206177712,0.0504271967664714,high
9216265f:00000,Colonialism,0.3873540902340334,0.0975588208802221,high
b2895695:00001,Modern Racism & Inequality,0.389725121474839,0.0615254372565012,high
ed7dbfb5:00001,Historical Slavery,0.528105123572145,0.0837880697260276,high
ed7dbfb5:00002,Colonialism,0.3717670109191821,0.0520505344652623,high
20d00c96:00000,Historical Slavery,0.4251924972213343,0.0553207360674832,high
20d00c96:00001,Historical Slavery,0.4412703692459088,0.0800831909269028,high
22735ef8:00000,Historical Slavery,0.4177550086048928,0.1025032079572763,high
22735ef8:00001,Historical Slavery,0.4260087882511152,0.1025521224874655,high
98d962cc:00000,Historical Slavery,0.5419681596221119,0.1103255990012474,high
98d962cc:00001,Historical Slavery,0.4096638335753586,0.0824500856179065,high
98d962cc:00002,Historical Slavery,0.4078304561734385,0.0711449477813709,high
a99cfce7:00002,Historical Slavery,0.4766649280125599,0.0738865711487257,high
a9bd8e6d:00001,Historical Slavery,0.521704213086831,0.1839247274821043,high
debeff6c:00001,Historical Slavery,0.4555724027924886,0.1448868754315667,high
debeff6c:00002,Historical Slavery,0.5361402392715497,0.0990899298211518,high
d89f6227:00000,Historical Slavery,0.4263158124658819,0.0563008330238836,high
d89f6227:00001,Historical Slavery,0.4801464427545405,0.1152983521823383,high
d89f6227:00002,Colonialism,0.3725404926569176,0.1041199535810269,high
0d2547ef:00001,Historical Slavery,0.4017357351868141,0.0544721699549679,high
a242cf3c:00001,Colonialism,0.3873186320734718,0.1699921922539083,high
e5dca18b:00002,Colonialism,0.4290154700326719,0.1428247857679884,high
7d66dc9b:00000,Colonialism,0.4915299389297016,0.0822958001742809,high
e60e1744:00001,Historical Slavery,0.4490119095472853,0.0978886640413342,high
85fa255f:00001,Historical Slavery,0.398515932467132,0.1009816941297882,high
0ef08eec:00001,Historical Slavery,0.4560039389881643,0.0628388952395695,high
0ef08eec:00002,Historical Slavery,0.4963675399684176,0.1235257497187274,high
a08a92a1:00001,Historical Slavery,0.4589955015667695,0.1402862142660351,high
4d0c2028:00001,Colonialism,0.4886815973116764,0.1009809016916001,high
bbf8356b:00001,Historical Slavery,0.4009556173397713,0.1208598005480605,high
c2f41ef9:00001,Historical Slavery,0.4196519931913197,0.101629142416514,high
22b38b22:00001,Historical Slavery,0.4782349948524472,0.0665576952686111,high
18cf65d6:00001,Historical Slavery,0.3693200751333821,0.06541117817372,high
895aaf82:00000,Historical Slavery,0.3780023970969308,0.0649950941754562,high
539e720c:00001,Historical Slavery,0.4535369193909329,0.0667808838924851,high
89755213:00000,Historical Slavery,0.4273888050572675,0.1130941945976952,high
c237a1e5:00000,Historical Slavery,0.4939626976539621,0.0943113949770244,high
ff73ee1a:00001,Historical Slavery,0.4901547961610064,0.0948009379402102,high
29ff281b:00001,Colonialism,0.4232162246834008,0.0726604320314311,high
567a1308:00000,Colonialism,0.3804247781119873,0.0888750879359974,high
2ccf4ff6:00001,Historical Slavery,0.3893440881787559,0.0540601855686365,high
2ccf4ff6:00002,Colonialism,0.3805592570122267,0.1346297842323289,high
4c3a9236:00000,Historical Slavery,0.4459436121791178,0.0749232487389853,high
4c3a9236:00001,Historical Slavery,0.4019291440540349,0.06186868948561,high
e11801c6:00000,Historical Slavery,0.5646421298815841,0.2367208932559381,high
e11801c6:00001,Historical Slavery,0.4040791452506244,0.097981613488615,high
5a7abff8:00001,Historical Slavery,0.4450173111969565,0.1132326464438038,high
c391b795:00000,Historical Slavery,0.459570927830707,0.1112441646145106,high
bd6453b7:00000,Modern Racism & Inequality,0.4447983998207797,0.1740536330202,high
bd6453b7:00001,Modern Racism & Inequality,0.375031312432041,0.090538704239863,high
2d5d2db5:00000,Modern Racism & Inequality,0.5140831906065277,0.2146736629453271,high
c7c157bf:00000,Modern Racism & Inequality,0.5505640758978325,0.1553703269423095,high
c7c157bf:00003,Modern Racism & Inequality,0.4727735838506522,0.1205306920393848,high
c7c157bf:00004,Modern Racism & Inequality,0.4234179842323103,0.0720262344236863,high
90f067c9:00000,Modern Racism & Inequality,0.4880985083800042,0.086691279406363,high
90f067c9:00001,Modern Racism & Inequality,0.4443377949071256,0.089577749668149,high
90f067c9:00004,Modern Racism & Inequality,0.5335117282035512,0.1746910565582754,high
994e8750:00000,Modern Racism & Inequality,0.594860025512619,0.1828875115281058,high
994e8750:00001,Modern Racism & Inequality,0.4769998444229117,0.1198852859354012,high
994e8750:00002,Modern Racism & Inequality,0.4258146918851538,0.1420015707903202,high
994e8750:00005,Modern Racism & Inequality,0.4459072101279259,0.1151771231590937,high
91690c7a:00000,Modern Racism & Inequality,0.5244665567646416,0.1317861276125047,high
91690c7a:00003,Modern Racism & Inequality,0.4866868125601729,0.0937060593484208,high
20b18ad5:00000,Modern Racism & Inequality,0.5252483590365495,0.1826223726804572,high
20b18ad5:00001,Modern Racism & Inequality,0.5152625966631487,0.1796357005798929,high
20b18ad5:00002,Modern Racism & Inequality,0.5897479740066124,0.2547581784698859,high
20b18ad5:00003,Modern Racism & Inequality,0.4840206199834895,0.1203767592445358,high
20b18ad5:00004,Modern Racism & Inequality,0.4652668805581831,0.0760888224070054,high
20b18ad5:00005,Modern Racism & Inequality,0.3695346555565147,0.1325124514681398,high
a0bb6ad8:00000,Modern Racism & Inequality,0.568172570133508,0.1640615516756404,high
a0bb6ad8:00001,Modern Racism & Inequality,0.4704364396628115,0.1136982308968088,high
a0bb6ad8:00002,Modern Racism & Inequality,0.5107756764577853,0.1024228339163013,high
a0bb6ad8:00005,Modern Racism & Inequality,0.5185473887125659,0.1010160366357968,high
78bedea9:00000,Modern Racism & Inequality,0.5774989615931742,0.2173577603126327,high
baabd416:00000,Modern Racism & Inequality,0.4824744269162311,0.1411187395406509,high
2664812f:00000,Modern Racism & Inequality,0.511182281536113,0.2209752115772949,high
4d0b13be:00000,Modern Racism & Inequality,0.4688425157812317,0.0837436296535906,high
4d0b13be:00001,Modern Racism & Inequality,0.5287744328085844,0.158488592878765,high
6b8c1067:00000,Modern Racism & Inequality,0.5676397869628642,0.1892086968402235,high
6b8c1067:00001,Modern Racism & Inequality,0.4402899791187417,0.1832265968451278,high
4ff7146d:00000,Modern Racism & Inequality,0.6326256253192971,0.2156486745804978,high
4ff7146d:00001,Modern Racism & Inequality,0.5635883116025431,0.3625081285619882,high
60d42fa3:00000,Modern Racism & Inequality,0.6221744519440431,0.2472823833607702,high
60d42fa3:00001,Modern Racism & Inequality,0.5238319919470507,0.2390198613067045,high
60d42fa3:00002,Modern Racism & Inequality,0.4768097113065503,0.1080473125594627,high
71192549:00000,Modern Racism & Inequality,0.5128908281329202,0.1469343110028659,high
cbe0c69b:00000,Modern Racism & Inequality,0.4341235465807244,0.0865851982426599,high
68951198:00000,Modern Racism & Inequality,0.4930375808620403,0.2737779889064172,high
0f7d3419:00000,Modern Racism & Inequality,0.5015464330732288,0.1371246591311851,high
52767eaf:00000,Modern Racism & Inequality,0.5623910388929738,0.2435521728726384,high
52767eaf:00001,Modern Racism & Inequality,0.5005391542446761,0.2407600580865697,high
f83fbeaf:00000,Modern Racism & Inequality,0.4659848822346319,0.2224056389446048,high
598ece72:00000,Modern Racism & Inequality,0.4160960892811598,0.1221291307818127,high
219963a5:00000,Modern Racism & Inequality,0.5116661270568819,0.23944352237799,high
50fd9a4f:00000,Modern Racism & Inequality,0.4259399833509368,0.0872727777526236,high
d37bcc62:00000,Modern Racism & Inequality,0.3625805352436914,0.0677035811117077,high
d37bcc62:00002,Modern Racism & Inequality,0.3967629917189958,0.1674660073838104,high
5bf0e493:00000,Modern Racism & Inequality,0.5639295995668162,0.2009892355048553,high
5bf0e493:00001,Modern Racism & Inequality,0.4733098882720085,0.207792546374078,high
5bf0e493:00002,Modern Racism & Inequality,0.3943289978857589,0.1070255385150538,high
0fc24efc:00000,Modern Racism & Inequality,0.4860711688838185,0.187118998289274,high
0fc24efc:00001,Modern Racism & Inequality,0.4204759428536033,0.2636309217155034,high
0fc24efc:00002,Modern Racism & Inequality,0.4149791049774594,0.2044342753690099,high
2d8a59a0:00000,Modern Racism & Inequality,0.6210960110628875,0.2648535456046535,high
b646ddec:00000,Modern Racism & Inequality,0.5360994300970315,0.2455683938359638,high
b646ddec:00001,Modern Racism & Inequality,0.3752778922726712,0.0881055666526628,high
3eabf313:00001,Modern Racism & Inequality,0.5312939102180123,0.2521425386970473,high
e8f28414:00000,Modern Racism & Inequality,0.4965832988109814,0.1845465772425302,high
d27860f5:00000,Modern Racism & Inequality,0.436897835968736,0.102021925865183,high
d48828cb:00000,Modern Racism & Inequality,0.4846973873934009,0.1156366824251691,high
d48828cb:00001,Modern Racism & Inequality,0.3533067316270969,0.1249287412056128,high
8875aea6:00000,Modern Racism & Inequality,0.4484199853264437,0.1124780483711525,high
8875aea6:00002,Modern Racism & Inequality,0.3567436010424903,0.121682930633398,high
43319f39:00000,Modern Racism & Inequality,0.594832929518593,0.2760260353561952,high
43319f39:00001,Modern Racism & Inequality,0.4997360342034513,0.104533942226191,high
36a07496:00000,Modern Racism & Inequality,0.3953096170353369,0.1320884038525497,high
298852f1:00000,Modern Racism & Inequality,0.4116983835542452,0.093083489670786,high
601915ee:00000,Modern Racism & Inequality,0.3628369353287585,0.051882157714695,high
601915ee:00001,Modern Racism & Inequality,0.374917711411398,0.1525675598316106,high
192eca45:00000,Modern Racism & Inequality,0.4722550424593935,0.1565687627893298,high
192eca45:00001,Modern Racism & Inequality,0.3606195978196675,0.0798581764551449,high
9ff7f3ee:00000,Modern Racism & Inequality,0.403104945868821,0.1423616323288726,high
9ff7f3ee:00001,Historical Slavery,0.3515000868219728,0.0722669840847039,high
ab421d87:00000,Modern Racism & Inequality,0.4408233029439766,0.0637080566032678,high
b80d7d2d:00000,Modern Racism & Inequality,0.457679383539634,0.205935339417102,high
4fdc249f:00000,Modern Racism & Inequality,0.3848108973807062,0.143226659252928,high
4fdc249f:00001,Modern Racism & Inequality,0.4046391250781669,0.1594424744150399,high
4fdc249f:00002,Modern Racism & Inequality,0.4389934980245157,0.2061036513791941,high
9b8e3e60:00000,Modern Racism & Inequality,0.422083070834684,0.1625301392270261,high
9b8e3e60:00001,Modern Racism & Inequality,0.3956494606930494,0.0693702494987792,high
3c1f539d:00000,Modern Racism & Inequality,0.4194733733666119,0.0917996369173396,high
4e68bfe2:00000,Modern Racism & Inequality,0.4828030860685094,0.2086565223746556,high
8597f818:00000,Modern Racism & Inequality,0.5358249989811688,0.253410983675951,high
8597f818:00002,Modern Racism & Inequality,0.3782558484732147,0.128782735916789,high
7f93433f:00000,Modern Racism & Inequality,0.468099100203566,0.170293522385822,high
7f93433f:00001,Modern Racism & Inequality,0.375626275475966,0.0634558156366115,high
bb5beba8:00000,Modern Racism & Inequality,0.4821472370271328,0.1213733297053202,high
1d4f1fd0:00000,Modern Racism & Inequality,0.5111943814303704,0.1471235962857096,high
e2f7ba65:00000,Modern Racism & Inequality,0.3875165782943021,0.179706579997159,high
ee9d248f:00000,Modern Racism & Inequality,0.4292846445076301,0.1518568700358066,high
0b49ff34:00000,Modern Racism & Inequality,0.4320452605936032,0.0858409443949561,high
1a3ef158:00000,Modern Racism & Inequality,0.4273777626164777,0.1487493972306504,high
d6389721:00000,Modern Racism & Inequality,0.4679581544690576,0.0701076390457214,high
056db275:00000,Modern Racism & Inequality,0.5256488705157514,0.2429617325880609,high
056db275:00001,Modern Racism & Inequality,0.417155954161482,0.1802151161919903,high
056db275:00002,Modern Racism & Inequality,0.3531339504943002,0.1749662837984778,high
792ea19a:00000,Modern Racism & Inequality,0.469001426901087,0.1516862531587957,high
792ea19a:00001,Modern Racism & Inequality,0.3617514725206475,0.1059314663533204,high
792ea19a:00002,Modern Racism & Inequality,0.3836807394274716,0.198390791530381,high
876f0c2d:00000,Modern Racism & Inequality,0.5094618198165412,0.2327099967736502,high
876f0c2d:00001,Modern Racism & Inequality,0.4762116757400883,0.1560060286731091,high
876f0c2d:00002,Modern Racism & Inequality,0.4003450572677251,0.1138822854663036,high
f584c235:00000,Modern Racism & Inequality,0.5650807400375729,0.1819791637309487,high
f584c235:00002,Modern Racism & Inequality,0.3710841606019261,0.167077002268587,high
e31e9369:00000,Modern Racism & Inequality,0.5051739606700508,0.1706811438439051,high
e31e9369:00001,Modern Racism & Inequality,0.3876558860085242,0.1284728923240501,high
acf54c87:00000,Modern Racism & Inequality,0.3799420651044006,0.1134485743493153,high
acf54c87:00001,Modern Racism & Inequality,0.3771591621659924,0.0937685664413605,high
33b48ae5:00000,Modern Racism & Inequality,0.5604636813949465,0.2346641705371577,high
33b48ae5:00001,Modern Racism & Inequality,0.3706323515429756,0.1209607204468231,high
df9d526b:00000,Modern Racism & Inequality,0.5565276527567952,0.2001549124580647,high
df9d526b:00001,Modern Racism & Inequality,0.4628906184299266,0.2170872065236776,high
df9d526b:00002,Modern Racism & Inequality,0.4663154072093853,0.2634964233903133,high
09bb80d2:00000,Modern Racism & Inequality,0.4443852587067394,0.1861055244427776,high
7e3165dd:00000,Modern Racism & Inequality,0.54853423435528,0.2117502686738945,high
7e3165dd:00001,Modern Racism & Inequality,0.4180481633842208,0.1125796271950873,high
920638d5:00000,Modern Racism & Inequality,0.4840880051347882,0.1508357352941219,high
c8ea7a47:00000,Modern Racism & Inequality,0.4570615696444385,0.1544638654877522,high
6387b1df:00000,Modern Racism & Inequality,0.5316868393895222,0.181215399942463,high
0a217882:00000,Modern Racism & Inequality,0.3969720879675405,0.1335225347914316,high
0a217882:00001,Modern Racism & Inequality,0.4226412113396215,0.1260348960805442,high
87e3f65a:00000,Modern Racism & Inequality,0.4977685125616798,0.2413238076936986,high
87e3f65a:00001,Modern Racism & Inequality,0.3884756278373356,0.1055943234565487,high
d7b14b3e:00000,Modern Racism & Inequality,0.4830547531826911,0.1228545121046554,high
d7b14b3e:00001,Modern Racism & Inequality,0.3570291411940079,0.1261324539024885,high
5037a9d9:00000,Modern Racism & Inequality,0.37814652821308,0.1038253681622876,high
5037a9d9:00001,Modern Racism & Inequality,0.3542284238544065,0.0847028345029538,high
b942d7bd:00000,Modern Racism & Inequality,0.445726495981974,0.0658805157468055,high
fc63ac2d:00000,Modern Racism & Inequality,0.4366128166480506,0.1875486904714013,high
47e55d5b:00000,Modern Racism & Inequality,0.4219240652165035,0.0974113440230827,high
ea6b4be1:00000,Modern Racism & Inequality,0.4986010066675113,0.1616363918534324,high
788ee8dc:00000,Modern Racism & Inequality,0.5681781024115397,0.1653480155034757,high
cb4cf6fe:00000,Modern Racism & Inequality,0.3740451992896463,0.0697302829671141,high
cb4cf6fe:00001,Modern Racism & Inequality,0.4128551199803595,0.1321327409062763,high
61ffcc5c:00000,Modern Racism & Inequality,0.5934271020110723,0.2847675463413194,high
61ffcc5c:00001,Modern Racism & Inequality,0.444424216200275,0.1968052050530176,high
61ffcc5c:00002,Modern Racism & Inequality,0.4135338452785111,0.2515592609657169,high
24d1bd89:00000,Modern Racism & Inequality,0.4306900028823537,0.1675573522271363,high
b77a9a01:00000,Modern Racism & Inequality,0.54536142367769,0.1804732647039742,high
b77a9a01:00001,Modern Racism & Inequality,0.4639634619043492,0.1975029791116913,high
b77a9a01:00002,Modern Racism & Inequality,0.4226794318638333,0.2319077659531722,high
c2d1161d:00000,Modern Racism & Inequality,0.4640073036788666,0.1544747926816115,high
c2d1161d:00001,Modern Racism & Inequality,0.4418669708664039,0.2208581582831282,high
d2505aa8:00000,Modern Racism & Inequality,0.4570343838028259,0.1566771135414248,high
d2505aa8:00002,Modern Racism & Inequality,0.4022823701995312,0.1767581736837269,high
ce1d8d64:00000,Modern Racism & Inequality,0.4147619789023578,0.0819022763859536,high
aab2f2a7:00000,Modern Racism & Inequality,0.4255356769441062,0.1290922740614378,high
aab2f2a7:00001,Modern Racism & Inequality,0.4049294359731523,0.1752664392336096,high
83c4bced:00000,Modern Racism & Inequality,0.4231223209303224,0.1162958153061242,high
e30533da:00000,Modern Racism & Inequality,0.513465623834944,0.2102027685129375,high
183c4789:00000,Modern Racism & Inequality,0.4163201523006121,0.1035977120030993,high
b380f1a5:00000,Modern Racism & Inequality,0.5667440011228693,0.2628640669252333,high
b380f1a5:00001,Modern Racism & Inequality,0.4451082475634415,0.1165351921082969,high
b380f1a5:00002,Modern Racism & Inequality,0.5021674058124611,0.2309364098011884,high
e9c1f5d7:00000,Modern Racism & Inequality,0.475918644332944,0.1725168596668024,high
e9c1f5d7:00001,Modern Racism & Inequality,0.3545031737411284,0.1482272290938652,high
a92df763:00000,Modern Racism & Inequality,0.4644606464579922,0.1213426358399196,high
a92df763:00001,Modern Racism & Inequality,0.3835625736444226,0.0895569356525606,high
34e35b8a:00000,Modern Racism & Inequality,0.4667955326132103,0.1505119279061376,high
34e35b8a:00001,Modern Racism & Inequality,0.3705981725877565,0.0857240999601468,high
e8b23fa2:00000,Modern Racism & Inequality,0.4098070884386066,0.2051039689157487,high
e8b23fa2:00001,Modern Racism & Inequality,0.4110978439349607,0.1115292569811546,high
2142fbe8:00000,Modern Racism & Inequality,0.4326338080690398,0.1864775451234042,high
2142fbe8:00001,Modern Racism & Inequality,0.3748416908459595,0.0788917959496351,high
2142fbe8:00002,Modern Racism & Inequality,0.3987727609756477,0.185900989947792,high
aacd68f7:00000,Modern Racism & Inequality,0.5190713557047743,0.2719972868942532,high
7041311d:00000,Modern Racism & Inequality,0.4974545443234351,0.1138070346648758,high
7041311d:00001,Modern Racism & Inequality,0.4318043815354514,0.1207391245054642,high
7544fbe1:00000,Modern Racism & Inequality,0.4755199859025251,0.2069109437054864,high
7544fbe1:00001,Modern Racism & Inequality,0.3671387822240125,0.1292857781749172,high
94e1d531:00000,Modern Racism & Inequality,0.4594530071395991,0.1791488859613756,high
96ebb25e:00000,Modern Racism & Inequality,0.5446067728603444,0.2399685740793641,high
96ebb25e:00001,Modern Racism & Inequality,0.3780008421153731,0.1953263900226408,high
40a7d744:00000,Modern Racism & Inequality,0.5040989979026443,0.1811967318144429,high
a625fd68:00000,Modern Racism & Inequality,0.4512323764671658,0.269693953464532,high
075e7fcc:00000,Modern Racism & Inequality,0.4399697368968,0.1644020736727522,high
075e7fcc:00001,Modern Racism & Inequality,0.4267405059124347,0.2016611849385203,high
8022f3b2:00001,Modern Racism & Inequality,0.4579478890543302,0.1757696500822458,high
6f63fa07:00000,Modern Racism & Inequality,0.381911929716304,0.1678012048139224,high
6f63fa07:00001,Modern Racism & Inequality,0.4459646459983902,0.2157347265862632,high
f37ba452:00000,Modern Racism & Inequality,0.4510234708789393,0.1453300962490513,high
f37ba452:00001,Modern Racism & Inequality,0.4542461071908755,0.1336783042850217,high
d8fef43d:00000,Modern Racism & Inequality,0.5300219990203546,0.2225189724761433,high
d8fef43d:00001,Modern Racism & Inequality,0.5134286728579854,0.2499966825591139,high
851fd167:00000,Modern Racism & Inequality,0.5051309974545596,0.1408510013223177,high
851fd167:00001,Modern Racism & Inequality,0.4131590151178236,0.1026080730173421,high
9a12b605:00000,Historical Slavery,0.5113255522983736,0.056450066501011,high
b1dbd1a3:00001,Modern Racism & Inequality,0.4342950079355288,0.1616401656206996,high
c08d4969:00000,Modern Racism & Inequality,0.4500708596146813,0.1795952429382926,high
c08d4969:00001,Modern Racism & Inequality,0.4218525686677869,0.1857325520895784,high
03b6f84d:00000,Modern Racism & Inequality,0.474539035596674,0.1918427467953714,high
03b6f84d:00001,Modern Racism & Inequality,0.526382231173563,0.2554933701132599,high
ab8f6e82:00001,Modern Racism & Inequality,0.4004923671027788,0.1578648513565923,high
cd4dbb42:00000,Modern Racism & Inequality,0.4436157508923557,0.2065608475906009,high
37f8e320:00000,Modern Racism & Inequality,0.3933847800934704,0.0782069358231619,high
37f8e320:00001,Modern Racism & Inequality,0.3942294729565953,0.1374434053848515,high
459d2db8:00000,Modern Racism & Inequality,0.3532112692784277,0.1083407042559958,high
c5941eb3:00000,Modern Racism & Inequality,0.3757726380246287,0.1753688353951729,high
c5941eb3:00001,Modern Racism & Inequality,0.4219386806004451,0.2124398934611035,high
c5941eb3:00002,Modern Racism & Inequality,0.3832316352340385,0.1144488891384858,high
429fe07f:00000,Modern Racism & Inequality,0.5233755778538169,0.1428349641619462,high
429fe07f:00001,Modern Racism & Inequality,0.4201782240777157,0.1028405922707382,high
a0e91730:00000,Modern Racism & Inequality,0.3696644012679314,0.0958084107211335,high
909294fe:00000,Modern Racism & Inequality,0.3772535103204364,0.083539918483846,high
909294fe:00001,Modern Racism & Inequality,0.4654804427976142,0.1642320630441465,high
c6d51022:00000,Modern Racism & Inequality,0.3773050590969666,0.1676086950199922,high
b9b2656a:00002,Modern Racism & Inequality,0.4086749836518138,0.1369551700577582,high
a90bed56:00000,Modern Racism & Inequality,0.4350496582343826,0.1808844660423506,high
809d08a9:00000,Modern Racism & Inequality,0.3513525069725805,0.0743216132459829,high
9e8d99a1:00000,Modern Racism & Inequality,0.4291594301272598,0.1015532978446112,high
9e8d99a1:00001,Modern Racism & Inequality,0.3698395720092965,0.1282839598570618,high
bca28e53:00001,Modern Racism & Inequality,0.4103982485218904,0.107707771722309,high
cfa4b2b0:00000,Modern Racism & Inequality,0.3817433824310941,0.1438700495959818,high
cfa4b2b0:00002,Modern Racism & Inequality,0.3992624239043164,0.1020591561414538,high
2f1940f3:00000,Modern Racism & Inequality,0.3727083565017957,0.124135840256127,high
e0cd184c:00002,Colonialism,0.39617360569024,0.0680951441369894,high
c119e303:00001,Modern Racism & Inequality,0.426366273170863,0.1984032490214482,high
c119e303:00004,Modern Racism & Inequality,0.4954808356509322,0.0806314645491406,high
c119e303:00005,Modern Racism & Inequality,0.5244616424504053,0.1710810260946967,high
be14e645:00000,Modern Racism & Inequality,0.4372105105388146,0.2008678826458097,high
c4a883e4:00001,Modern Racism & Inequality,0.4211577199591919,0.1576116134707266,high
f6a54c37:00000,Modern Racism & Inequality,0.3950372543684531,0.0705687118066507,high
f6a54c37:00002,Modern Racism & Inequality,0.4322656525882958,0.0942281212800309,high
f6a54c37:00004,Modern Racism & Inequality,0.4618234973092207,0.1152357503003109,high
f6a54c37:00005,Modern Racism & Inequality,0.4915542147469154,0.0681677962814802,high
b9d5f334:00000,Modern Racism & Inequality,0.3645584475853036,0.1419834048744364,high
b9d5f334:00001,Modern Racism & Inequality,0.4743381966757642,0.0625284879025381,high
c48af610:00000,Modern Racism & Inequality,0.3945310284485012,0.140324945018564,high
c48af610:00001,Modern Racism & Inequality,0.3792145840146041,0.162206687726378,high
7d6533e2:00001,Modern Racism & Inequality,0.3864633909653323,0.1602173137323455,high
abbfdfbf:00000,Modern Racism & Inequality,0.3900850699417705,0.1408157035106701,high
f4a8595d:00000,Modern Racism & Inequality,0.4803337083954269,0.1564703497967637,high
f4a8595d:00001,Modern Racism & Inequality,0.3509075291524399,0.152882257869037,high
9da64024:00001,Modern Racism & Inequality,0.3745635127167909,0.1230987825218407,high
1700821e:00000,Modern Racism & Inequality,0.4550131413796283,0.1831875023442266,high
587355cd:00000,Modern Racism & Inequality,0.3775945506750286,0.0641625952426112,high
beb15bf1:00000,Modern Racism & Inequality,0.4498848831220375,0.1263531059161244,high
f291286b:00000,Modern Racism & Inequality,0.4345355629744916,0.1604394667598492,high
20af0ae1:00000,Modern Racism & Inequality,0.3601152535146186,0.1192867924020471,high
8dfa48dd:00003,Historical Slavery,0.4019396613221304,0.0682003994188406,high
95675329:00000,Modern Racism & Inequality,0.445252514277135,0.1969813344764512,high
da419e58:00000,Modern Racism & Inequality,0.3723730468321234,0.121142905815158,high
da419e58:00003,Modern Racism & Inequality,0.4377852808009287,0.0896189856181897,high
9b940263:00000,Modern Racism & Inequality,0.3508536790689511,0.0810088814437389,high
9b940263:00001,Modern Racism & Inequality,0.3639455032915208,0.0600821050576217,high
3e5d1b70:00000,Modern Racism & Inequality,0.5000443687659204,0.0939928770580115,high
4eefbf99:00000,Modern Racism & Inequality,0.4088044348971187,0.137615264423458,high
bf393335:00001,Modern Racism & Inequality,0.3854994805035837,0.0929656609213621,high
bf393335:00002,Modern Racism & Inequality,0.5344242721682234,0.0640107894109162,high
9b24747c:00000,Modern Racism & Inequality,0.4130662035005562,0.1737093717807674,high
0125ca97:00000,Modern Racism & Inequality,0.4036143128440555,0.216901458460333,high
0125ca97:00002,Modern Racism & Inequality,0.4262424901989589,0.2335882604259283,high
a123a113:00000,Modern Racism & Inequality,0.4156350453088895,0.1500963432792755,high
a123a113:00001,Modern Racism & Inequality,0.4414896268399191,0.1882911565276848,high
5cae6ddf:00000,Modern Racism & Inequality,0.3510034133474237,0.1033197368738895,high
5cae6ddf:00002,Modern Racism & Inequality,0.4901147996567548,0.2541639667406886,high
74846be9:00000,Modern Racism & Inequality,0.4777549820671861,0.1480342847156086,high
6878ed33:00000,Modern Racism & Inequality,0.4422954754360117,0.1482897789749598,high
6878ed33:00001,Modern Racism & Inequality,0.5575797563541238,0.2273682959316976,high
6878ed33:00002,Modern Racism & Inequality,0.4142143476609902,0.1016258107824482,high
d4317313:00000,Modern Racism & Inequality,0.4146132693405567,0.0578006954678584,high
b803c39f:00000,Historical Slavery,0.4715846213526142,0.1772150258397327,high
b803c39f:00001,Historical Slavery,0.3615554559504197,0.0556455571676364,high
e790a76e:00001,Modern Racism & Inequality,0.4100394924136445,0.1146487020435095,high
d7b8f0f9:00000,Modern Racism & Inequality,0.450037467629738,0.1476844026738837,high
d7b8f0f9:00001,Modern Racism & Inequality,0.49414733949987,0.1670183938101116,high
d7ccb7c8:00000,Modern Racism & Inequality,0.4551412161595858,0.1746721747598326,high
aa9062ba:00000,Modern Racism & Inequality,0.3976035059480095,0.0734333853351236,high
424cd2e9:00002,Modern Racism & Inequality,0.3868104225444332,0.1227648720642761,high
424cd2e9:00003,Modern Racism & Inequality,0.3612462371535651,0.0753318168551163,high
6597850c:00000,Modern Racism & Inequality,0.4165291967745574,0.1117559584559265,high
60b3ab91:00000,Modern Racism & Inequality,0.4733130130983215,0.1543390097976402,high
60b3ab91:00001,Modern Racism & Inequality,0.4049144328682667,0.1060532421930102,high
60b3ab91:00002,Modern Racism & Inequality,0.5467476987419722,0.2168281307751755,high
ea8d0e61:00000,Modern Racism & Inequality,0.4229223084047059,0.0838512146577104,high
ea8d0e61:00001,Modern Racism & Inequality,0.3678365516234238,0.0946324906063106,high
71dfd6e6:00000,Modern Racism & Inequality,0.4464860741263471,0.1539188555626342,high
71dfd6e6:00001,Modern Racism & Inequality,0.3729696494590265,0.2040702235834646,high
6269df59:00000,Modern Racism & Inequality,0.3759603827177451,0.1530069512587109,high
f8187579:00000,Modern Racism & Inequality,0.4031696043046804,0.0531921730173504,high
ada4aa5c:00000,Modern Racism & Inequality,0.3671875093544124,0.178693751657753,high
2c3d3c72:00000,Historical Slavery,0.4898908905279454,0.0535709724992614,high
3a9f0fcf:00000,Historical Slavery,0.4300040176672129,0.0835810075018211,high
3a9f0fcf:00001,Colonialism,0.4158662760549208,0.0951015900138178,high
022de008:00000,Modern Racism & Inequality,0.4845123980889956,0.1755792431138706,high
022de008:00001,Modern Racism & Inequality,0.4738668777304989,0.0542450229987538,high
3a37c742:00000,Modern Racism & Inequality,0.3775584452308326,0.0810753269973222,high
3a37c742:00001,Modern Racism & Inequality,0.5098576255858647,0.1202053673503051,high
3a37c742:00002,Modern Racism & Inequality,0.4052256131525544,0.0911700300348598,high
7824ccc5:00000,Modern Racism & Inequality,0.5633455239863596,0.1380563148079818,high
7824ccc5:00001,Modern Racism & Inequality,0.5492728529666354,0.1903359481583439,high
7824ccc5:00002,Modern Racism & Inequality,0.5025580384977719,0.1534630304003456,high
0773fb38:00000,Modern Racism & Inequality,0.4685785946434292,0.168446731270719,high
0773fb38:00001,Modern Racism & Inequality,0.5007642612850347,0.2490269478964866,high
ab41789b:00000,Modern Racism & Inequality,0.4861579015540849,0.2231809338275687,high
ab41789b:00001,Modern Racism & Inequality,0.5269196271663446,0.2146789247781569,high
ab41789b:00002,Modern Racism & Inequality,0.4096263538777623,0.1729638900935966,high
25adfb4f:00000,Modern Racism & Inequality,0.3821142824517378,0.1976688989170432,high
25adfb4f:00001,Modern Racism & Inequality,0.3661909642964033,0.1946294210813912,high
25adfb4f:00002,Modern Racism & Inequality,0.5027198215064329,0.2072772121413064,high
6c523f13:00000,Modern Racism & Inequality,0.3935495758887019,0.138292435795593,high
6c523f13:00001,Modern Racism & Inequality,0.4513438012961882,0.1853309822861117,high
6c523f13:00002,Modern Racism & Inequality,0.4226695867868734,0.0561730368767051,high
7b19e4f0:00001,Modern Racism & Inequality,0.4751061147385698,0.167347481797829,high
434d6ebd:00000,Modern Racism & Inequality,0.4278397124645896,0.1665701598017261,high
434d6ebd:00001,Modern Racism & Inequality,0.501357862668588,0.1933374956733483,high
b72b1efc:00000,Modern Racism & Inequality,0.4449186442159838,0.0542557542240048,high
b72b1efc:00001,Modern Racism & Inequality,0.3587228600384127,0.0534459331367351,high
3c687fbd:00000,Modern Racism & Inequality,0.4053938386731843,0.1258610973381588,high
df6e0fb1:00000,Modern Racism & Inequality,0.3632424350373157,0.1597216129490597,high
df6e0fb1:00001,Modern Racism & Inequality,0.3566670071562836,0.1307898416993779,high
df6e0fb1:00002,Modern Racism & Inequality,0.4315057001052487,0.2195516176268394,high
27389c45:00000,Modern Racism & Inequality,0.3395950136770515,0.0345052349923302,low
8f5350f2:00000,Colonialism,0.3313427803508396,0.0284357287155256,low
0f2d2968:00000,Modern Racism & Inequality,0.4935077855942544,0.033885054518179,low
7579de2a:00000,Colonialism,0.3263245454085607,0.0907437780287069,low
acd0142c:00000,Historical Slavery,0.383768701822987,0.0492863906980517,low
ce4de69e:00000,Historical Slavery,0.4203575034460562,0.0229497836446712,low
5a86ac64:00000,Historical Slavery,0.4213049179408941,0.0435459451880956,low
a5dc75dd:00000,Historical Slavery,0.3843283595049889,0.0375050139913601,low
e27acce6:00001,Historical Slavery,0.4903460942153513,0.0364178795657951,low
99712b86:00001,Colonialism,0.2852724394859419,0.0396445973271394,low
fd2d2640:00001,Modern Racism & Inequality,0.385947600741623,0.0447319240406716,low
ecf7c4e6:00001,Historical Slavery,0.2798496126984734,0.0407998922454928,low
eab9afc4:00000,Historical Slavery,0.3960284281290944,0.0356937085244626,low
eab9afc4:00001,Historical Slavery,0.398053911329546,0.0243951816909269,low
9bf36332:00000,Colonialism,0.3185694115293198,0.0542634810024525,low
6e9965a9:00000,Colonialism,0.2757638154396994,0.0516417136927075,low
4a15c649:00000,Historical Slavery,0.4423309986260739,0.0341084322538068,low
9ac0932c:00000,Historical Slavery,0.358239929275955,0.0433365882294579,low
e7f6805a:00001,Historical Slavery,0.2480906386688172,0.0600068617213176,low
48d6a6e4:00001,Colonialism,0.3937913732965635,0.0253995315811642,low
b7de1f49:00001,Historical Slavery,0.2095669636438263,0.0340855555196325,low
aa53ac10:00001,Historical Slavery,0.3102839678404064,0.0574947902318265,low
98cef27a:00000,Historical Slavery,0.4106869054300423,0.0339084204478989,low
6b8fd8c6:00000,Colonialism,0.4879335172140039,0.039759556681701,low
6b8fd8c6:00001,Modern Racism & Inequality,0.4322651564564189,0.0496004379006891,low
d5739174:00001,Colonialism,0.4220406618023594,0.044061745467693,low
98768f31:00001,Colonialism,0.4645755581316243,0.031994569925138,low
b7276e7a:00001,Historical Slavery,0.4603007634454282,0.0437172987744983,low
6ac9e4c0:00000,Historical Slavery,0.489700982739931,0.0486160276358799,low
65f56eb2:00000,Historical Slavery,0.4234840865854941,0.0394930489100168,low
65f56eb2:00001,Historical Slavery,0.4749956413218937,0.0300186354871676,low
a9f8e00a:00000,Historical Slavery,0.4270230129274457,0.047182973729167,low
4a93d463:00000,Historical Slavery,0.2509078167145873,0.0471833607706813,low
e5245ab9:00000,Colonialism,0.327099341461478,0.025518814484899,low
e5245ab9:00001,Modern Racism & Inequality,0.3408068855359709,0.020766850514329,low
f137f7db:00000,Colonialism,0.3516144820572944,0.0258956994446641,low
1cc1f5d8:00000,Modern Racism & Inequality,0.4737259452196122,0.0202076842421962,low
1cc1f5d8:00001,Colonialism,0.3336278569961102,0.0264114071280174,low
9ef291c3:00000,Historical Slavery,0.4099718788638266,0.0487771802327394,low
27bfb48b:00000,Historical Slavery,0.4550083317637085,0.0322187965728454,low
d78d514e:00000,Colonialism,0.3889136433533008,0.0361177443477121,low
1a4a9d0c:00000,Historical Slavery,0.4600553000917156,0.0441922763908304,low
1a4a9d0c:00001,Colonialism,0.3274616473047894,0.03202106041211,low
58ac2d2f:00000,Colonialism,0.3494287094129694,0.0798285410640912,low
1d54ade1:00000,Historical Slavery,0.5248256213760895,0.0498745116412672,low
db66e0c3:00000,Historical Slavery,0.3523545054460806,0.037266161128592,low
77f90bba:00000,Historical Slavery,0.410255278872041,0.0208654473710161,low
b6370510:00001,Modern Racism & Inequality,0.4584574728129011,0.0459253573349742,low
5dc9393c:00000,Historical Slavery,0.4492770357944763,0.0286609200706712,low
5dc9393c:00001,Modern Racism & Inequality,0.3905897421205892,0.0449953728279135,low
3c61fd85:00000,Historical Slavery,0.3673818474979253,0.0272251432505201,low
833ce381:00000,Historical Slavery,0.4815095914609033,0.0224254429514046,low
f426805a:00001,Colonialism,0.4090268180547094,0.0217653327721314,low
c51ff2c5:00000,Historical Slavery,0.4983051101724605,0.0413460305872518,low
c51ff2c5:00001,Historical Slavery,0.3220656910323374,0.077936598489437,low
c96556ae:00001,Historical Slavery,0.3545821452794888,0.0349653599783724,low
2ef4a407:00000,Colonialism,0.4660505218962791,0.0463597917785835,low
ec1a90dc:00000,Historical Slavery,0.409045042414758,0.0280917311504658,low
6b62cf00:00000,Colonialism,0.5068080970426256,0.0279550427371729,low
85b9d1f4:00000,Historical Slavery,0.3780217407404919,0.0451853645549145,low
85b9d1f4:00001,Historical Slavery,0.5024406025781435,0.0488497557571437,low
f74c76ac:00001,Historical Slavery,0.4721375147997261,0.046337402577563,low
0bfda6f6:00000,Historical Slavery,0.4313883882368687,0.0436619741309501,low
8dbda623:00000,Historical Slavery,0.3389355020087157,0.0468874552535181,low
1714f3a2:00001,Historical Slavery,0.4414142071008232,0.0388402269568237,low
e22b3607:00000,Historical Slavery,0.471271695422832,0.0201186404126982,low
b3e7b704:00000,Historical Slavery,0.5482825835976172,0.0430986567237348,low
b3e7b704:00001,Historical Slavery,0.3200867151468813,0.0582998930998883,low
a29b0d7a:00000,Colonialism,0.4802662170426646,0.0218830065579569,low
4f905d17:00000,Historical Slavery,0.3754274249074995,0.0392089821396517,low
39c4bbed:00000,Colonialism,0.4892149032779503,0.0261493887333079,low
eac1902f:00000,Historical Slavery,0.4016012590870071,0.0288815723349649,low
6312a1b6:00000,Historical Slavery,0.4787282937777478,0.0389330823039648,low
a8d21fe2:00001,Historical Slavery,0.4319060847537418,0.0345729302728389,low
bd911980:00001,Historical Slavery,0.3282551826475873,0.0375097603338756,low
b66dc35b:00001,Historical Slavery,0.3918114614206183,0.0310654106296496,low
8bea8a5a:00000,Colonialism,0.4063572295875964,0.0361564348938512,low
8bea8a5a:00001,Historical Slavery,0.461781420056797,0.0379600430414978,low
7b079e96:00000,Historical Slavery,0.362073970630874,0.0228385894903532,low
ff8a5c25:00000,Historical Slavery,0.3877542611980813,0.0426284888172544,low
31463c6d:00000,Historical Slavery,0.4363135713268167,0.02397505191359,low
7450bf7e:00000,Historical Slavery,0.3776542331956096,0.0459665780213343,low
8c0c24fd:00000,Historical Slavery,0.4270521905191714,0.0319014190213677,low
a8aeda5b:00000,Historical Slavery,0.3220844649841949,0.0729835450898874,low
d1d3d575:00000,Historical Slavery,0.3858101887940393,0.0486952397992023,low
288a0dfd:00000,Historical Slavery,0.3121349295881152,0.0363577316116076,low
288a0dfd:00001,Historical Slavery,0.2709954469967806,0.0551102915330466,low
4c6620a9:00000,Historical Slavery,0.3010465632836682,0.0508311389606895,low
77b5934e:00000,Historical Slavery,0.4427372598815928,0.0367653886623776,low
5631192a:00000,Historical Slavery,0.3883775609213251,0.0260690249058316,low
5631192a:00001,Colonialism,0.4456308628155507,0.0241012308132753,low
8f023152:00001,Historical Slavery,0.4493285128480059,0.0350961535633495,low
439e454a:00001,Modern Racism & Inequality,0.3412498719940685,0.0278665969190144,low
56aebffa:00001,Colonialism,0.3378025446756303,0.0885068984045857,low
36b044f7:00001,Historical Slavery,0.5420371115970922,0.0327005194298447,low
9a5d1dbb:00001,Historical Slavery,0.3444491593936479,0.0940103412204119,low
e570c26d:00000,Colonialism,0.3703904969800491,0.0453267900786337,low
85562667:00000,Colonialism,0.4144264319156248,0.0334171120989216,low
baaaa63f:00000,Historical Slavery,0.4029724518321426,0.0302427749229249,low
baaaa63f:00001,Modern Racism & Inequality,0.4621657090409461,0.0244925969095973,low
a72485cd:00000,Historical Slavery,0.4270973067785049,0.0213836731476136,low
a72485cd:00001,Historical Slavery,0.4752844662330609,0.0399198969024313,low
9fa39743:00000,Historical Slavery,0.380687203177422,0.0349318729603837,low
9fa39743:00001,Historical Slavery,0.3160856850092332,0.076102927590591,low
e43a34e0:00001,Historical Slavery,0.2992384731126389,0.0535707486260095,low
d1239814:00000,Colonialism,0.4542844433089703,0.0460200701486931,low
f439ec68:00001,Historical Slavery,0.4273744491112269,0.0204707013420838,low
e70b04c4:00000,Historical Slavery,0.5272402345757708,0.0335541348248782,low
e70b04c4:00001,Historical Slavery,0.51890052698752,0.0336440369857926,low
2fa355fc:00000,Historical Slavery,0.450115826008364,0.0220818737727757,low
67f480dc:00000,Modern Racism & Inequality,0.3502697672329209,0.0269062713228088,low
3624dc05:00000,Colonialism,0.35291589155574,0.0496584900235612,low
3624dc05:00001,Colonialism,0.2361755563899402,0.032429423373645,low
c2249a6b:00001,Colonialism,0.3120527600039575,0.0734621142019973,low
fd1921d1:00000,Colonialism,0.3802358220443808,0.0239688668132786,low
68f1583f:00000,Colonialism,0.377022553157942,0.0224845257065136,low
68f1583f:00001,Colonialism,0.3775613290050377,0.0335961929183813,low
4d99e2bd:00000,Colonialism,0.3584165615248244,0.0467049667688902,low
73786744:00000,Colonialism,0.5484468972409963,0.0229293631273551,low
97524c54:00000,Historical Slavery,0.4872202752358681,0.039932179803351,low
1fd5f1ca:00001,Modern Racism & Inequality,0.3994531625018907,0.045183716218055,low
837a9ff9:00001,Colonialism,0.2944828077695897,0.135827961977439,low
402af99f:00000,Colonialism,0.5450150129534445,0.0408439123891761,low
40920d8b:00001,Colonialism,0.3238421751966199,0.0354426041920245,low
86ce9e0e:00000,Historical Slavery,0.4131077392416077,0.0472632074509802,low
6594e27f:00000,Colonialism,0.3218612876433344,0.0629537329737583,low
6594e27f:00001,Historical Slavery,0.3972950308401397,0.0291281835246443,low
978209d0:00000,Historical Slavery,0.2630768221518793,0.0595516819284251,low
5924254a:00001,Colonialism,0.4104505052679946,0.0244902560858604,low
bfb3cd96:00000,Colonialism,0.4389667752888334,0.0400201949444845,low
ec92f0ed:00000,Colonialism,0.4060375389446235,0.0429196369989701,low
1a19d8fb:00000,Historical Slavery,0.4055354823378985,0.0490842697871889,low
6b5f7057:00001,Historical Slavery,0.5018522251715875,0.0458258270955851,low
f7fb639c:00000,Colonialism,0.4460789065560611,0.0474018363847555,low
0665fab9:00000,Colonialism,0.455304969087899,0.0222887169546174,low
c8c5c0b3:00001,Historical Slavery,0.3720687069148437,0.0345621981086574,low
ee70064a:00000,Historical Slavery,0.4707571045357009,0.038074212088677,low
a3faa683:00000,Historical Slavery,0.458671464400636,0.0477799810781742,low
353cbb01:00000,Historical Slavery,0.3973226922918876,0.0475206204707258,low
77377bcc:00000,Historical Slavery,0.4231972694821827,0.0275191137558919,low
99265223:00000,Historical Slavery,0.4686711446365201,0.0480570606875833,low
6501b398:00000,Historical Slavery,0.3920971261772177,0.0207263184982485,low
83de3f96:00000,Historical Slavery,0.4253542056013504,0.0404659633493216,low
94c7382e:00001,Colonialism,0.3912599617341175,0.0256852461795605,low
18d0de26:00000,Colonialism,0.4352044450224573,0.0389648839421228,low
e327046a:00000,Colonialism,0.4055432154205813,0.0314133495833603,low
c1460736:00000,Colonialism,0.334889021943502,0.0509352722430626,low
febaaea3:00000,Colonialism,0.3415004526797705,0.1066900158072462,low
8a3c533b:00001,Colonialism,0.3090145780231609,0.1050336190065724,low
b815b688:00000,Colonialism,0.4125333574988116,0.0324500760939533,low
547e022a:00000,Colonialism,0.322690610573941,0.0682887037947739,low
13c49d4d:00000,Colonialism,0.4111700178837915,0.0262371058468415,low
13c49d4d:00001,Historical Slavery,0.364440439160245,0.0347381015533814,low
6c0689ef:00000,Colonialism,0.3969068538940819,0.0450088130626518,low
224c4fc5:00000,Historical Slavery,0.3537135167795183,0.0280579148973016,low
224c4fc5:00001,Colonialism,0.3253295038309448,0.0625399638987015,low
c6ae0984:00000,Historical Slavery,0.384308569964134,0.0299121052922444,low
8f4a48c6:00000,Colonialism,0.4067123525659066,0.036386287631539,low
b3853523:00000,Historical Slavery,0.4036483892313215,0.0309132282087217,low
9634a1d2:00000,Historical Slavery,0.4027551917072446,0.0290268588597238,low
8b816da1:00000,Colonialism,0.4268672132291962,0.0376470271228948,low
f1c1a4fd:00000,Historical Slavery,0.3460772718030909,0.0396717445281909,low
5a851327:00001,Colonialism,0.2599641798582676,0.0778183875551844,low
a209d639:00000,Colonialism,0.4524593385332947,0.0242796696045246,low
a209d639:00001,Historical Slavery,0.4802103623342525,0.027561499750447,low
905630b7:00000,Historical Slavery,0.4543453346597691,0.0498081020193064,low
891dbd33:00000,Historical Slavery,0.4095545539688879,0.0292218019988806,low
891dbd33:00001,Modern Racism & Inequality,0.3302233778155989,0.0468986432600636,low
5b034360:00000,Colonialism,0.4832272961869583,0.0285163440403622,low
5b034360:00001,Colonialism,0.4551905442832538,0.0324896598594504,low
666a49d5:00001,Colonialism,0.370838383268242,0.0381566945950238,low
4feb95e5:00000,Historical Slavery,0.4205489557683508,0.0351164399198363,low
679d7ded:00000,Historical Slavery,0.4438739452197934,0.0350613656415725,low
d2198f7d:00000,Colonialism,0.4684614164268293,0.0271576008164413,low
d2198f7d:00002,Modern Racism & Inequality,0.3238548945129635,0.0653868070658564,low
d2198f7d:00004,Colonialism,0.2803922808810999,0.0352902648317368,low
215d99b2:00001,Colonialism,0.344302474679196,0.0301158442743963,low
215d99b2:00003,Colonialism,0.3146909165646462,0.0671110137463135,low
215d99b2:00005,Historical Slavery,0.510107280901499,0.0352966165847394,low
215d99b2:00007,Historical Slavery,0.3599725301247898,0.0414615126721157,low
215d99b2:00008,Modern Racism & Inequality,0.4623249213419841,0.0350534100239043,low
429e64cb:00002,Colonialism,0.3071898122826262,0.0241914131934732,low
429e64cb:00003,Colonialism,0.3402547549912739,0.0546203697464967,low
429e64cb:00004,Historical Slavery,0.3585547361328566,0.0497280829572135,low
429e64cb:00005,Colonialism,0.3676589471177272,0.0245612824107682,low
3f46e62e:00001,Historical Slavery,0.4356868941336784,0.0394760051691676,low
3f46e62e:00002,Modern Racism & Inequality,0.478359987743826,0.0471789248963581,low
c0aee7eb:00000,Colonialism,0.5285221305372405,0.0286268919306625,low
b79b973e:00003,Colonialism,0.4647376509215247,0.0450855596693866,low
b79b973e:00004,Historical Slavery,0.3425092418067905,0.0477845639364504,low
5434c349:00000,Historical Slavery,0.2762346153713966,0.068803974331681,low
5434c349:00001,Historical Slavery,0.3235571623268957,0.0674162110317184,low
5434c349:00002,Modern Racism & Inequality,0.3636552745822678,0.022703013909169,low
5434c349:00006,Colonialism,0.4156148643839905,0.0205980066009536,low
f5782318:00000,Historical Slavery,0.5563560805314948,0.0310565410419713,low
f5782318:00001,Historical Slavery,0.4129041542102331,0.0411473424059721,low
f5782318:00004,Colonialism,0.3916368105443364,0.0357351251385388,low
f5782318:00005,Colonialism,0.3675679441768857,0.0289425400612295,low
f5782318:00006,Colonialism,0.3763356252207058,0.0303540530522409,low
6b45288b:00000,Historical Slavery,0.3300871872892336,0.0232887340545711,low
6b45288b:00002,Colonialism,0.3335340442156081,0.0647248919262272,low
6b45288b:00003,Colonialism,0.3496554869011207,0.0263223677572949,low
6b45288b:00004,Colonialism,0.3980364065969522,0.029906945234188,low
6b45288b:00006,Historical Slavery,0.3983874101778348,0.0233552385192423,low
cc9128c1:00003,Historical Slavery,0.3479381378778075,0.0398505855769597,low
caa09e52:00001,Colonialism,0.42778603461901,0.0499616740848812,low
caa09e52:00004,Colonialism,0.3493175021670662,0.0571492108510833,low
caa09e52:00005,Colonialism,0.3409650775934836,0.0410397199394214,low
89721aa3:00001,Colonialism,0.3372324116138199,0.0275957041601175,low
89721aa3:00004,Colonialism,0.4058299081053183,0.0214895328619162,low
89721aa3:00007,Historical Slavery,0.373203438431461,0.0404544480717541,low
c85d3571:00001,Colonialism,0.4726670568584805,0.0388201013416946,low
c85d3571:00002,Colonialism,0.4168621952483622,0.0324418359420129,low
c85d3571:00003,Historical Slavery,0.4749814647685616,0.0299142729302054,low
9036b651:00000,Historical Slavery,0.4244772668458253,0.0330621770399227,low
81d0b74d:00002,Colonialism,0.4138685822899576,0.0469240948145925,low
81d0b74d:00003,Historical Slavery,0.5474465672445845,0.0302254074380022,low
6832b9a0:00000,Colonialism,0.5041827376603298,0.0245518837466461,low
6832b9a0:00004,Colonialism,0.360817882918822,0.0254232767273364,low
6832b9a0:00005,Colonialism,0.4556709451302115,0.0499828753257448,low
b59a53f0:00000,Colonialism,0.4739600789144411,0.0289091003435184,low
b59a53f0:00004,Colonialism,0.4662178082654403,0.0212884682660884,low
f2e5f4e4:00000,Historical Slavery,0.3769143359201063,0.0483836918950577,low
f2e5f4e4:00006,Colonialism,0.3471154541325174,0.028404372003445,low
e5b440f0:00001,Colonialism,0.4233028736753569,0.0338779588379377,low
e5b440f0:00003,Colonialism,0.4597743931644176,0.0316539187814683,low
e5b440f0:00005,Colonialism,0.371166812877492,0.0310293319911796,low
2971bcac:00002,Historical Slavery,0.433526636254587,0.0407539626657828,low
2971bcac:00003,Colonialism,0.4498819154052314,0.0452027265400408,low
e901a1fa:00000,Historical Slavery,0.4629451065662441,0.0289589938149245,low
e901a1fa:00003,Colonialism,0.4384497186152614,0.0422694737529564,low
6c828483:00001,Colonialism,0.441119943891803,0.0245343496760154,low
6c828483:00004,Historical Slavery,0.4639400029956912,0.024509433894071,low
f6727b5c:00000,Historical Slavery,0.3306232104096296,0.0468077534794499,low
f6727b5c:00001,Historical Slavery,0.3392136045507821,0.0545113773384242,low
0817b8e7:00001,Colonialism,0.4292374034417822,0.0407077743945505,low
0817b8e7:00005,Colonialism,0.3855198737814816,0.0206388736010504,low
22a99499:00002,Historical Slavery,0.4592897800850247,0.0277031099963669,low
e5ec6837:00002,Colonialism,0.3020047070109597,0.0797095333899338,low
e5ec6837:00003,Historical Slavery,0.2729852685600763,0.0281660048901732,low
3f3d351a:00000,Historical Slavery,0.32489871872658,0.0265419845295207,low
48646f13:00000,Historical Slavery,0.4683796080133539,0.02408929918183,low
0264a73d:00000,Historical Slavery,0.3680114639218681,0.0428474557550807,low
bfe64c02:00001,Modern Racism & Inequality,0.3711271572286385,0.0301582118518678,low
ce29894a:00001,Colonialism,0.3621462149211744,0.0433657324055907,low
37f8f683:00000,Historical Slavery,0.4779419019378497,0.0477372684030941,low
37f8f683:00001,Historical Slavery,0.3568699935776397,0.0243354851956099,low
fbcae0ab:00000,Colonialism,0.311020985811504,0.0317925971969664,low
3ec3779a:00000,Modern Racism & Inequality,0.3509424526805921,0.0461285121853393,low
802b3d23:00000,Historical Slavery,0.4632010208376059,0.0312064442865845,low
c4607c1b:00000,Colonialism,0.3732391915489492,0.0281537156372132,low
c4607c1b:00001,Historical Slavery,0.3260428372650603,0.025221083625216,low
d643d68b:00001,Historical Slavery,0.3491485425341751,0.065334958872824,low
b108fea7:00001,Historical Slavery,0.3970747503126354,0.0320952430514064,low
8eda1430:00000,Historical Slavery,0.3528401614253585,0.0225738313993105,low
452064fa:00001,Historical Slavery,0.3301412420717734,0.0297741160399635,low
5fcb5b30:00000,Historical Slavery,0.4412243799786524,0.0242065581517706,low
5fcb5b30:00001,Modern Racism & Inequality,0.3798914262437854,0.0308155522582144,low
c97028cc:00001,Historical Slavery,0.3948746419524829,0.0242306468580474,low
a8514cfa:00000,Historical Slavery,0.4137265310803188,0.04280027309385,low
ce117bca:00001,Modern Racism & Inequality,0.419140243796373,0.0302954352306388,low
62b2cc60:00001,Historical Slavery,0.2687030788716057,0.0204100281716848,low
45a2f416:00000,Modern Racism & Inequality,0.4227620260896593,0.0424284110840637,low
72bd32ff:00000,Historical Slavery,0.3895043689610048,0.0440162517991137,low
07fdaef4:00000,Historical Slavery,0.3788152326757334,0.0312615404228297,low
a7f853b7:00000,Modern Racism & Inequality,0.4226721953779964,0.0453958586050173,low
8e16aaec:00000,Historical Slavery,0.4163871316767661,0.029724361531969,low
8e16aaec:00001,Modern Racism & Inequality,0.2595562298396491,0.0666608310914843,low
350b91fc:00000,Colonialism,0.228624585782128,0.0622681214224742,low
350b91fc:00001,Historical Slavery,0.3100752812383699,0.0651990235978623,low
508a89c0:00000,Historical Slavery,0.222248070332587,0.0333751949541593,low
39292c57:00000,Colonialism,0.2928496058715645,0.0757641894554267,low
96cf1272:00000,Historical Slavery,0.3957617181399794,0.0459566583359926,low
e1b3f65d:00000,Historical Slavery,0.4156778337937267,0.0365812513448784,low
f6c90d0f:00000,Historical Slavery,0.4418004016020439,0.0335135530055377,low
60f9d2dc:00000,Colonialism,0.4143946118514106,0.0257031326402079,low
74a594af:00000,Historical Slavery,0.2686828082712417,0.0808988296794172,low
acc11dd8:00000,Historical Slavery,0.3284213341642834,0.0763511476057073,low
d5e75b76:00001,Historical Slavery,0.3218936467120604,0.0382486125825495,low
e31e338c:00001,Modern Racism & Inequality,0.4214447307133181,0.0424897677416586,low
808a5ff8:00000,Historical Slavery,0.3422753288928469,0.056627139145165,low
f297ce65:00000,Historical Slavery,0.3143067468708447,0.0381927687864799,low
f297ce65:00002,Historical Slavery,0.2397717178124074,0.0602246040248805,low
f254b85c:00002,Historical Slavery,0.3475554653608259,0.1183008310519749,low
5c840390:00000,Colonialism,0.4832518492289013,0.0482820550822115,low
c4256223:00000,Historical Slavery,0.3753208412293553,0.0261542074254921,low
4d67731d:00002,Historical Slavery,0.2049794885269354,0.1047905334313012,low
40184913:00002,Historical Slavery,0.2577791473310475,0.1425741931217855,low
820f20e1:00001,Colonialism,0.2138520284150494,0.0544245016875084,low
cccf0059:00000,Historical Slavery,0.4457569870435034,0.0464539807555816,low
ccee447a:00000,Historical Slavery,0.3512710310486058,0.0390789976522782,low
8e92b28a:00000,Historical Slavery,0.3292814547791847,0.0879658593446455,low
807fc5ec:00000,Historical Slavery,0.4056639463031454,0.0483482027624993,low
807fc5ec:00002,Historical Slavery,0.4169861542633674,0.022558887317038,low
20faf671:00001,Historical Slavery,0.3563434475186937,0.0354264524787159,low
0f50ec50:00000,Colonialism,0.3073401457552352,0.1163129613230427,low
b412b197:00000,Colonialism,0.3302454675984501,0.0963467457744918,low
7baa3924:00001,Colonialism,0.2834939556935281,0.0228283691267658,low
7b6512e9:00001,Colonialism,0.3314794018491351,0.0628887612713665,low
07002af4:00001,Historical Slavery,0.4413898280071609,0.046351739087639,low
34d1c2cc:00000,Colonialism,0.2494962126539127,0.0537187657283619,low
34d1c2cc:00002,Historical Slavery,0.29421920629411,0.05797137403614,low
34d1c2cc:00003,Modern Racism & Inequality,0.4378850533411527,0.0272821352106532,low
912a1342:00000,Historical Slavery,0.3994717197517344,0.0452850357474111,low
912a1342:00001,Historical Slavery,0.3238861841815362,0.0241104719872126,low
a345a11a:00001,Colonialism,0.3061480819395113,0.0375880442109437,low
7faccd86:00000,Historical Slavery,0.3468201278531433,0.0452110607973134,low
f07983ee:00000,Historical Slavery,0.3382301781493746,0.0850461960964769,low
b6060989:00002,Historical Slavery,0.3464857374419917,0.1326560317157226,low
1f2cec37:00001,Historical Slavery,0.2025666932130366,0.0789624547986688,low
ace9b786:00000,Historical Slavery,0.487388691010111,0.0337434394708327,low
2b720536:00000,Colonialism,0.3995016905269968,0.0337166237685547,low
412e7dfb:00001,Historical Slavery,0.3499891946516485,0.0272522779524602,low
0754d91e:00001,Colonialism,0.3537913969217301,0.0418035075202816,low
77c81cd5:00001,Colonialism,0.4071887783439821,0.0209650370165893,low
d5e2ef28:00000,Colonialism,0.2852029359043642,0.0320883395791088,low
b3bd55fa:00000,Colonialism,0.3296832304328593,0.0227700213654311,low
d4579180:00000,Colonialism,0.4158049475449591,0.0480142291195647,low
30ec8f5d:00001,Historical Slavery,0.462254875655593,0.0244118134364432,low
e25a2c0f:00000,Historical Slavery,0.3677640795384025,0.0395716922311784,low
142ab0ae:00001,Colonialism,0.3794022271183772,0.0447959975200458,low
1b40cf6e:00000,Historical Slavery,0.4193040225495682,0.036758947735463,low
1b40cf6e:00001,Colonialism,0.3482753105024735,0.0387185412787339,low
81888757:00001,Colonialism,0.4525869795634945,0.0259581818085453,low
a9b95ade:00000,Historical Slavery,0.3241222922124641,0.0204720363784558,low
a9b95ade:00001,Historical Slavery,0.3598601138820153,0.0240316788801549,low
03e4aab9:00000,Historical Slavery,0.4031204312095237,0.0484470976255647,low
8ac299fd:00000,Historical Slavery,0.3100831305397423,0.0565544395499645,low
224e2a71:00000,Colonialism,0.368298618922382,0.0470335055368365,low
89424378:00001,Historical Slavery,0.3964368385589328,0.0484123894741112,low
a8097459:00000,Colonialism,0.3658564899769359,0.0269352268477541,low
f4a74539:00000,Colonialism,0.3089661271700802,0.0965061264884126,low
fe56fb35:00001,Historical Slavery,0.3257659462142352,0.0385419457207257,low
096bfa7e:00000,Historical Slavery,0.3557584799705764,0.0448642425129763,low
207a0857:00000,Historical Slavery,0.3089740889295047,0.0688959878113608,low
0d9f96cf:00000,Colonialism,0.4046369080523588,0.0277331509022534,low
da45eb31:00000,Historical Slavery,0.2906462634898873,0.0712458963735387,low
367611d7:00000,Colonialism,0.3732867810857332,0.027221758450072,low
8e187714:00000,Historical Slavery,0.3311657429522066,0.0265984356223853,low
4f164551:00000,Historical Slavery,0.2861597656665824,0.0234435000671644,low
4f164551:00001,Historical Slavery,0.3214395737753807,0.0310272382749045,low
04ff8f6d:00000,Modern Racism & Inequality,0.3551620311339327,0.0263570288065953,low
6332d667:00000,Modern Racism & Inequality,0.267002435907392,0.1387531887744796,low
6332d667:00001,Modern Racism & Inequality,0.3944464816300425,0.030265119062561,low
45867670:00001,Modern Racism & Inequality,0.3290125321990316,0.1053283952095957,low
e15e6ec6:00000,Historical Slavery,0.5145312386110822,0.0249737499917785,low
b18dcc4f:00000,Historical Slavery,0.3165792350124241,0.0346510083887965,low
bf632321:00000,Historical Slavery,0.4113363696611969,0.0217589622128723,low
9ba2bb03:00001,Colonialism,0.3793171646555087,0.0356881656155098,low
f3b8ed90:00001,Colonialism,0.2018686162932496,0.0357639121956349,low
b87eec3c:00001,Colonialism,0.3358627415126121,0.0279574586905956,low
4a40b1c9:00000,Colonialism,0.3674473096630726,0.0272641803678035,low
69414def:00001,Modern Racism & Inequality,0.2635245309908278,0.0446626805988332,low
669c8d29:00000,Historical Slavery,0.3680083689161567,0.0225225987849687,low
d41447fe:00001,Modern Racism & Inequality,0.2645166765720688,0.0690565083521461,low
c47cff48:00000,Colonialism,0.3202874141001199,0.0333947987760941,low
5b709ec7:00000,Modern Racism & Inequality,0.4270755622341506,0.0272515130693556,low
c84787d3:00000,Historical Slavery,0.4410257226729429,0.0385900100880006,low
bf2de4c5:00000,Modern Racism & Inequality,0.4254171144012363,0.0342957385970713,low
bf2de4c5:00001,Colonialism,0.2625975673824052,0.0786011907962333,low
332b56aa:00000,Historical Slavery,0.3152337567478313,0.0338978686018692,low
d0135b02:00001,Historical Slavery,0.3381820745292235,0.0290519257045762,low
6af3d74f:00000,Modern Racism & Inequality,0.4344102189724022,0.0408374357208765,low
1dcf1830:00001,Historical Slavery,0.4272428054470799,0.0480645028399105,low
901ff6e7:00001,Modern Racism & Inequality,0.364816805686402,0.0444492903660736,low
dd8c06bd:00001,Modern Racism & Inequality,0.2455941578664278,0.0759186557987304,low
775bae80:00000,Colonialism,0.3005764187029696,0.0464058659353822,low
25bf8bb0:00001,Modern Racism & Inequality,0.2063300442078799,0.0458560936805298,low
5e3faa2d:00000,Modern Racism & Inequality,0.4169140982329345,0.0206550312373965,low
7a0aec5b:00000,Modern Racism & Inequality,0.322936359706661,0.0392887734869636,low
4b6d9722:00000,Colonialism,0.3093173145413709,0.0297294328519882,low
4b6d9722:00001,Historical Slavery,0.3189463814280214,0.091501305642897,low
3af3454b:00000,Colonialism,0.2472576188476377,0.0345377829679888,low
3af3454b:00001,Colonialism,0.3076069732851905,0.0478985823925227,low
5aaaf830:00000,Colonialism,0.2457114948892719,0.0312079552377133,low
6b836d69:00000,Colonialism,0.3245105145604253,0.0293674835367687,low
d183d90e:00001,Modern Racism & Inequality,0.2368836261485134,0.043070908560466,low
9bd6b34f:00001,Colonialism,0.3775197633349333,0.0446173254494601,low
4af57542:00000,Colonialism,0.3781695930119871,0.0312647341238093,low
d081290e:00000,Modern Racism & Inequality,0.4091483842850977,0.0219731010215033,low
d081290e:00001,Colonialism,0.2838825853307716,0.0437345804452937,low
cc1497f0:00000,Historical Slavery,0.3204558581525751,0.0572639102492412,low
cc1497f0:00001,Historical Slavery,0.3189592938841222,0.049299958757473,low
cc1497f0:00002,Historical Slavery,0.333079790604416,0.1963009753475199,low
e1e8a93e:00000,Historical Slavery,0.274872937236934,0.0379226234919209,low
895181d1:00000,Historical Slavery,0.2972024349902414,0.0317679963567576,low
895181d1:00001,Modern Racism & Inequality,0.3313312728529285,0.0485393907089479,low
e6d7e96c:00001,Modern Racism & Inequality,0.3257405325221733,0.0503257551462327,low
31cfd45f:00000,Historical Slavery,0.2745087670405669,0.0270924721991354,low
31cfd45f:00001,Modern Racism & Inequality,0.2754261714300383,0.041775547726867,low
8348a8d2:00000,Modern Racism & Inequality,0.3200138366317124,0.0887267217072284,low
e4d598ab:00000,Modern Racism & Inequality,0.3348413391654436,0.0201954011748975,low
19363a78:00000,Modern Racism & Inequality,0.3198344379523268,0.0579534290541971,low
531d2e6a:00000,Modern Racism & Inequality,0.276531802881346,0.097861609952426,low
72a13443:00001,Historical Slavery,0.2591503768107044,0.061216101050911,low
417fee67:00000,Modern Racism & Inequality,0.3246989923510618,0.102345486331313,low
417fee67:00001,Modern Racism & Inequality,0.3453157836741699,0.1286443544859313,low
2f0267ed:00001,Modern Racism & Inequality,0.2462220750848147,0.0700568273731586,low
f5eb7ba1:00000,Historical Slavery,0.3297371120539136,0.0448992895030454,low
dffbb125:00000,Modern Racism & Inequality,0.3714428506470262,0.0457888382987506,low
ba882b14:00000,Modern Racism & Inequality,0.4024021254273066,0.0399954380371495,low
ba882b14:00001,Historical Slavery,0.3011760275780644,0.0302642511553181,low
5c9ac553:00000,Modern Racism & Inequality,0.3227720248220322,0.0406785999797207,low
5c9ac553:00002,Historical Slavery,0.2772118697686119,0.0721157571270083,low
3d048c1c:00000,Modern Racism & Inequality,0.2578836357400651,0.0351906232595311,low
3d048c1c:00001,Historical Slavery,0.3601079990462296,0.0289134735736379,low
3d048c1c:00003,Historical Slavery,0.3385727105441193,0.0325351132837341,low
e948f64b:00001,Historical Slavery,0.2976905947989035,0.0275014753358697,low
4e6a2500:00001,Colonialism,0.390741309070674,0.0441775499967138,low
236ce325:00001,Colonialism,0.2463332228059601,0.0363668105973606,low
236ce325:00002,Modern Racism & Inequality,0.3409432244211079,0.0369302204431593,low
236ce325:00003,Colonialism,0.3164610701171034,0.0717741434511767,low
4c2d5f98:00000,Modern Racism & Inequality,0.3031494646147032,0.0470507552646143,low
34fc6128:00000,Colonialism,0.3463363038865721,0.0387758848821357,low
34fc6128:00001,Historical Slavery,0.363536916364182,0.0277888573286472,low
34fc6128:00002,Colonialism,0.4280483316536514,0.0242733844035294,low
85e4f104:00001,Historical Slavery,0.383089442078535,0.0350214045299949,low
6a2d0219:00000,Historical Slavery,0.4702052840331356,0.0250765923072969,low
cd8684a4:00002,Colonialism,0.3474533840560826,0.0466196152448942,low
9b02fd04:00000,Colonialism,0.2429272426665804,0.0872180524120591,low
9b02fd04:00001,Historical Slavery,0.4174055651642822,0.0426899433192513,low
9b02fd04:00002,Historical Slavery,0.333230043280052,0.0468827544177753,low
9b02fd04:00003,Colonialism,0.3313895620787113,0.05244542140946,low
b0b0ef6f:00002,Historical Slavery,0.477298382329745,0.0441661596425136,low
57d4def7:00001,Historical Slavery,0.3677055170876069,0.020714212692001,low
6aa98381:00000,Historical Slavery,0.3570511882908321,0.0287144139031879,low
335884ff:00000,Historical Slavery,0.4059100717781743,0.0234729903337832,low
335884ff:00001,Historical Slavery,0.3711638789383977,0.041608610640501,low
335884ff:00002,Historical Slavery,0.3230776877692816,0.0279946131446314,low
8be5dd05:00000,Historical Slavery,0.4209675780084309,0.0322248877978553,low
bf0f0896:00004,Historical Slavery,0.3980610679435944,0.0471602490384426,low
ed3c0d47:00000,Colonialism,0.3244169244121634,0.0466848535878343,low
ed3c0d47:00002,Colonialism,0.4585071212660557,0.0440543904036664,low
ed3c0d47:00003,Historical Slavery,0.5046217383891223,0.0265551495399674,low
ed3c0d47:00004,Colonialism,0.2119428151938897,0.0376076600948765,low
ed3c0d47:00005,Colonialism,0.3197464344066601,0.1364703832409781,low
eec614a7:00005,Colonialism,0.2604346962606798,0.0502226501437328,low
e8b42ddb:00000,Colonialism,0.3729721029207054,0.0477689882601721,low
e8b42ddb:00002,Historical Slavery,0.3110857166020657,0.079880636120866,low
e687f580:00000,Colonialism,0.2417619879969801,0.0791375998486939,low
e687f580:00004,Historical Slavery,0.3882908929895488,0.0398326055616749,low
9616a043:00002,Colonialism,0.4284338009404428,0.0353160869877999,low
9616a043:00003,Colonialism,0.3943327898517368,0.0245996101595427,low
9616a043:00005,Colonialism,0.307380618965958,0.0272780396503256,low
2dc0f1f3:00002,Historical Slavery,0.4020740360999625,0.041668722106252,low
df8c1898:00000,Colonialism,0.4696277251076466,0.0472293614229703,low
df8c1898:00001,Historical Slavery,0.3758054275746473,0.0216666503095941,low
df8c1898:00003,Historical Slavery,0.423031210311408,0.0309594706978099,low
df8c1898:00004,Historical Slavery,0.4135475188057237,0.0304330399907289,low
8eb04f64:00000,Historical Slavery,0.3455327678562208,0.0401288485028132,low
8eb04f64:00003,Historical Slavery,0.38773957858489,0.04955626252483,low
e1752de7:00000,Historical Slavery,0.3555584147656171,0.029806754235961,low
e1752de7:00001,Colonialism,0.3014192075981395,0.0710856801131621,low
e1752de7:00003,Historical Slavery,0.5042462250006605,0.0272848588796493,low
e1752de7:00004,Historical Slavery,0.3701486853707521,0.0298411265033994,low
e1752de7:00005,Colonialism,0.4114451513519067,0.0246475376970325,low
d3e0dbce:00001,Colonialism,0.3330820658884951,0.0720401759867833,low
d3e0dbce:00002,Colonialism,0.4471560468601216,0.0418985050290657,low
78cb59fd:00001,Historical Slavery,0.3448129170509396,0.0214369031194457,low
78cb59fd:00003,Colonialism,0.4266248658927235,0.0200638321463175,low
887ca9bf:00001,Historical Slavery,0.3736645337662439,0.0273162162803482,low
652abee3:00000,Historical Slavery,0.3821705083278654,0.0368262182142788,low
dcf55cd8:00000,Colonialism,0.3618381786540044,0.0421260648045423,low
dcf55cd8:00001,Colonialism,0.2175658749517038,0.0205611493688624,low
dcf55cd8:00004,Colonialism,0.3178136057900401,0.040672228722649,low
7fd56e18:00002,Colonialism,0.4347243693934575,0.0209192430268225,low
7fd56e18:00003,Historical Slavery,0.3500343398871286,0.0220102154370441,low
63818108:00000,Colonialism,0.4189724288505645,0.0281123394968517,low
63818108:00001,Historical Slavery,0.4167945066306956,0.0242857053329383,low
63818108:00002,Modern Racism & Inequality,0.3407155667867593,0.0332113617436472,low
432e24d4:00003,Modern Racism & Inequality,0.3155929917984246,0.0306441359110331,low
fd3a4b40:00002,Modern Racism & Inequality,0.3462927061808756,0.0828193933672188,low
fd3a4b40:00003,Colonialism,0.2899879890130465,0.0518991253639275,low
1738da88:00000,Colonialism,0.4939155450573196,0.0389630824774084,low
1738da88:00002,Historical Slavery,0.3659621517308925,0.0244045701189862,low
7ab11aaf:00000,Historical Slavery,0.3126592931657104,0.0451770523905816,low
1009b0d2:00003,Colonialism,0.384049561121805,0.0429000154507866,low
1009b0d2:00004,Historical Slavery,0.3402244819007134,0.0571507124168139,low
6e0a2d73:00000,Modern Racism & Inequality,0.4125239259404731,0.0273655625774728,low
6e0a2d73:00002,Historical Slavery,0.3471183654285428,0.0672131923517715,low
6e0a2d73:00004,Historical Slavery,0.4014938213904847,0.0412050919377796,low
ed1d3620:00000,Historical Slavery,0.4570366556063175,0.0283991545776396,low
ed1d3620:00003,Colonialism,0.4559457539733224,0.0333321700405043,low
22a307cc:00000,Historical Slavery,0.3280591886426556,0.0401092380153694,low
22a307cc:00001,Modern Racism & Inequality,0.449949547533139,0.0456677496847635,low
22a307cc:00003,Colonialism,0.2873366414000343,0.0278625949261581,low
22a307cc:00005,Colonialism,0.3462501443199579,0.0806898415632279,low
3962a984:00001,Historical Slavery,0.4290202089349429,0.0437216968869776,low
3962a984:00004,Modern Racism & Inequality,0.3740647031454258,0.0258710929100839,low
3e05faf6:00000,Colonialism,0.4272400199495809,0.0306687376314069,low
3e05faf6:00002,Modern Racism & Inequality,0.3574627996284896,0.0480319771487462,low
ae80bf94:00001,Modern Racism & Inequality,0.3277372184354077,0.0261720951365824,low
63051f9b:00000,Historical Slavery,0.3599063096910284,0.0253659396798799,low
63051f9b:00001,Modern Racism & Inequality,0.3735144709024546,0.0290263638178985,low
63051f9b:00002,Modern Racism & Inequality,0.3726034466500119,0.0310021972168276,low
92b3935c:00000,Historical Slavery,0.2669414162088374,0.0924862316555039,low
a2008390:00000,Colonialism,0.4068276681768303,0.0288388730734945,low
b845278b:00001,Colonialism,0.3419216493638006,0.0360133478660311,low
f5bb88fa:00000,Historical Slavery,0.4688334984008196,0.0270789286540387,low
2586eacc:00000,Colonialism,0.3952884873315044,0.0208511026698905,low
00f2db0c:00000,Historical Slavery,0.4713409142644328,0.0299360678801047,low
a831329d:00000,Historical Slavery,0.4045003859688505,0.0373811393995589,low
604f56d0:00000,Historical Slavery,0.3353620040583267,0.0313278726094722,low
604f56d0:00001,Colonialism,0.3442452601368953,0.0649304056865792,low
96373d8f:00000,Colonialism,0.4003245585132776,0.0279318411761547,low
96373d8f:00001,Historical Slavery,0.3378503034009019,0.0313519661864275,low
d5645aad:00000,Colonialism,0.4235787265589613,0.0347408270178715,low
df8fe868:00001,Historical Slavery,0.2384994003293922,0.0497077366632601,low
7d2368ce:00001,Historical Slavery,0.2435902786503682,0.0337216637950274,low
8f0cabb5:00000,Historical Slavery,0.3957701966006792,0.0220757856347076,low
87f5a80d:00000,Modern Racism & Inequality,0.371321264250127,0.0276748487412114,low
f5587855:00000,Colonialism,0.3281369553260521,0.0257197870866459,low
e651284f:00000,Colonialism,0.351692819851614,0.0456106654814364,low
5bf6f677:00000,Historical Slavery,0.2724245824320632,0.0585733741388241,low
b78c94b0:00000,Colonialism,0.3587250459100101,0.0305946752426689,low
5f9a50b1:00000,Colonialism,0.3204117463599344,0.1249788735979519,low
3db5018f:00000,Colonialism,0.428608626654664,0.0223637629204033,low
ec7940c3:00000,Historical Slavery,0.3137845659780794,0.0684923573175281,low
6fe0d689:00000,Colonialism,0.4703391671002071,0.0282070580566163,low
6c56ae3f:00000,Historical Slavery,0.2963089581297602,0.0503621199384115,low
121aaf06:00001,Colonialism,0.3310621650969734,0.0809487745251529,low
b3fa1eb0:00000,Historical Slavery,0.4898784763329048,0.043740049088409,low
b3fa1eb0:00001,Colonialism,0.3499969626085929,0.1053369402314478,low
34bc7cc8:00001,Colonialism,0.4175001679599828,0.049731405481743,low
b9bc9862:00000,Colonialism,0.2692915437692338,0.0990591782823639,low
02ced43d:00000,Colonialism,0.4329017970363001,0.0465830996728947,low
02ced43d:00001,Colonialism,0.3108475942481252,0.0656783375277871,low
4fe8c006:00000,Historical Slavery,0.2331187667632541,0.0346880741118684,low
e4b9ebe3:00001,Historical Slavery,0.3909823111747993,0.0285084889017496,low
04111633:00001,Colonialism,0.3496707014637188,0.1289183164506947,low
cab5ce3c:00001,Colonialism,0.3445532918907967,0.0417862907390204,low
cab5ce3c:00002,Historical Slavery,0.415349552257172,0.0215690007429881,low
e8814590:00000,Historical Slavery,0.461095687748319,0.0254995124213089,low
e8814590:00001,Historical Slavery,0.3279274681268186,0.0708749736388202,low
88437103:00000,Colonialism,0.3532547649361559,0.0205091236516269,low
8d9d6a64:00000,Colonialism,0.34975809842508,0.0436570948913054,low
28b40d12:00000,Colonialism,0.4266269599444223,0.045553343402079,low
f83e9603:00000,Historical Slavery,0.3496483653973436,0.0452153272367495,low
f83e9603:00001,Historical Slavery,0.2697538378824158,0.0422381897097165,low
f83e9603:00002,Modern Racism & Inequality,0.3347501996409687,0.0769723315878022,low
4f40e3d5:00000,Modern Racism & Inequality,0.3887510048043327,0.0496912182104052,low
4f40e3d5:00002,Historical Slavery,0.3004578436865843,0.0884491509077214,low
ac250246:00000,Historical Slavery,0.3168400510213597,0.0867302928477899,low
89f7805d:00000,Historical Slavery,0.3363263056374775,0.0949895992148008,low
89f7805d:00001,Historical Slavery,0.4402290752392749,0.044752066403032,low
02c2ebcb:00000,Historical Slavery,0.4573319684144692,0.0330284226663343,low
f455ba90:00001,Modern Racism & Inequality,0.472658432098451,0.0212257128347471,low
c88d1bbe:00000,Historical Slavery,0.4290576132901789,0.0490050289789261,low
c88d1bbe:00001,Historical Slavery,0.3448563171030108,0.0250528511887972,low
bc0722f6:00000,Historical Slavery,0.360206937011689,0.0323808293465149,low
657b85fd:00001,Modern Racism & Inequality,0.2867585169809039,0.0330794433361067,low
8ee70396:00000,Historical Slavery,0.3638780897892471,0.0335788190307572,low
8ee70396:00001,Historical Slavery,0.3539982012925471,0.0280633031023734,low
fbdafa29:00000,Historical Slavery,0.3144400135748593,0.0530045755563607,low
015a9f50:00001,Modern Racism & Inequality,0.3832214336314221,0.0497197940362058,low
2107eeaf:00000,Historical Slavery,0.3425675613052994,0.0400602057039886,low
2107eeaf:00001,Historical Slavery,0.2986967429417057,0.032233787523019,low
80d616ad:00001,Colonialism,0.348075548961777,0.0763742612500976,low
4cfa6880:00000,Modern Racism & Inequality,0.3942705684445622,0.0377663046460638,low
4cfa6880:00001,Modern Racism & Inequality,0.3204363963014726,0.0373216909725305,low
efef8888:00001,Modern Racism & Inequality,0.3348784601307505,0.0935467574573299,low
c7154d8a:00000,Colonialism,0.2704978506183126,0.030244716713612,low
c7154d8a:00001,Modern Racism & Inequality,0.3397814384267977,0.0453994374958149,low
d8ec3535:00001,Colonialism,0.2569956612798854,0.0584093718601309,low
cdfa9719:00001,Historical Slavery,0.3235334823503238,0.0799565330350796,low
a79b85f0:00002,Modern Racism & Inequality,0.380623235613545,0.0322989782118346,low
d8154d0f:00001,Historical Slavery,0.4809703867895811,0.0224547223714539,low
889c0543:00000,Modern Racism & Inequality,0.2563953683160797,0.0844077196699853,low
1b3a84db:00002,Historical Slavery,0.3719735562571372,0.0242541810925902,low
e618728d:00002,Colonialism,0.3835566107417446,0.0233585277169561,low
9be67f8e:00001,Colonialism,0.2242238509562957,0.0911863101004345,low
9ff61fbb:00001,Historical Slavery,0.3919005556318357,0.0447199033379419,low
f487dc3b:00000,Modern Racism & Inequality,0.3415833266250735,0.1562448761958121,low
f487dc3b:00001,Historical Slavery,0.3690023099345311,0.0296481687040589,low
f487dc3b:00003,Modern Racism & Inequality,0.3349879229076353,0.0673257862529321,low
ff4a9e38:00001,Historical Slavery,0.2346360815749288,0.0246638168059198,low
49db44ac:00001,Colonialism,0.3066656383460147,0.0354227257417902,low
53662d50:00000,Historical Slavery,0.4391174658393061,0.0436218885222378,low
53662d50:00001,Colonialism,0.4015432466912706,0.0458501928459454,low
179c6722:00001,Modern Racism & Inequality,0.3724394298292882,0.0422000440406252,low
eee0d8ae:00000,Historical Slavery,0.4208924127055346,0.0431993003559657,low
eee0d8ae:00002,Colonialism,0.4630565182313768,0.0317527114497772,low
0d8e09fb:00003,Colonialism,0.454148500021144,0.0259847437260858,low
ccb9b5e8:00000,Historical Slavery,0.3322006463374956,0.0259988608082394,low
ccb9b5e8:00001,Colonialism,0.3759607516571323,0.0213947531425642,low
ccb9b5e8:00002,Colonialism,0.5659412459502067,0.0439273587513651,low
48b4fb80:00000,Colonialism,0.4365370784017272,0.0315130265533072,low
48b4fb80:00001,Colonialism,0.4429777084364983,0.0221331319633315,low
ddfcfb55:00002,Historical Slavery,0.5207147234283582,0.0356065289479336,low
5e76c0cf:00001,Colonialism,0.4153945271383035,0.0375106773298837,low
fecf90b5:00000,Historical Slavery,0.4405940478581817,0.0442589926147584,low
fecf90b5:00002,Colonialism,0.4281658611118289,0.0322374803968048,low
5d649533:00000,Historical Slavery,0.365047853104216,0.0281306325236757,low
5d649533:00001,Historical Slavery,0.4255676641337405,0.0323645244740422,low
fe2c6325:00002,Colonialism,0.3568225056620502,0.0463244322888942,low
a6127f14:00000,Modern Racism & Inequality,0.3650301312159535,0.0288695126129744,low
a6127f14:00001,Colonialism,0.3586193748200849,0.0311334743078824,low
839ad4bd:00001,Historical Slavery,0.4320554370939919,0.0392398125292838,low
0faefa14:00000,Historical Slavery,0.3943693784353809,0.0282045679571474,low
4f02313d:00001,Modern Racism & Inequality,0.5059096833427972,0.043026134641828,low
3c97dd45:00000,Historical Slavery,0.3636924935791207,0.027235042343995,low
30afa90d:00002,Historical Slavery,0.3679288638553638,0.0446129868715315,low
1304e428:00002,Colonialism,0.357867010315809,0.034871294824966,low
23932dcb:00000,Historical Slavery,0.3882072478653201,0.0385307516350489,low
3d02afb6:00001,Historical Slavery,0.3469976579502595,0.0502181506792582,low
3d02afb6:00002,Colonialism,0.3154546820268066,0.0841734889265636,low
1f661dcb:00001,Colonialism,0.2402448245099365,0.0361982971335387,low
b73df4b2:00002,Historical Slavery,0.3820593738847525,0.0210608038198309,low
05d97d8d:00001,Colonialism,0.4598577185623524,0.0213353084755167,low
05d97d8d:00002,Historical Slavery,0.3001007517818059,0.0220874184604365,low
7a15fcd2:00000,Historical Slavery,0.4317510789080469,0.0407242877614553,low
946498fc:00002,Historical Slavery,0.2956586315532931,0.0235254408245164,low
841d3e8f:00001,Historical Slavery,0.3407777766643222,0.0284626545241912,low
22081d23:00001,Colonialism,0.3295285327769872,0.079018794705805,low
942c2e4a:00000,Historical Slavery,0.4822881008385688,0.034533687278083,low
942c2e4a:00001,Historical Slavery,0.4267861598123837,0.0357926936627892,low
5677d0b3:00002,Modern Racism & Inequality,0.5221963670755958,0.0205506672500207,low
359eabd7:00001,Modern Racism & Inequality,0.4048453014062956,0.0300990973053684,low
359eabd7:00004,Modern Racism & Inequality,0.364228134863828,0.0455933957218837,low
74434f19:00001,Colonialism,0.2744810263884654,0.0328662613548895,low
74434f19:00002,Modern Racism & Inequality,0.3613627418043199,0.0253548309866604,low
74434f19:00003,Modern Racism & Inequality,0.3613800639967353,0.0292777814089516,low
35f78f1b:00000,Modern Racism & Inequality,0.3818394364654197,0.0409645670238641,low
fd23cc7d:00003,Modern Racism & Inequality,0.3930773699146936,0.0398300665719146,low
579d7e8c:00002,Modern Racism & Inequality,0.2805349200947105,0.0327778264335529,low
cb04f622:00001,Modern Racism & Inequality,0.2173351982387357,0.0226999035276574,low
0d6dfb65:00000,Colonialism,0.2718608052428939,0.0520727572821636,low
0d6dfb65:00002,Colonialism,0.3457597186265139,0.0489288225662135,low
a71435e4:00001,Modern Racism & Inequality,0.2999493747635559,0.0324262519035724,low
073706fb:00001,Modern Racism & Inequality,0.3996150046842757,0.0388826481911549,low
073706fb:00002,Modern Racism & Inequality,0.3053855267707304,0.0748266115754141,low
073706fb:00004,Historical Slavery,0.4469592785607134,0.0496789282587377,low
66148f92:00001,Colonialism,0.3220679814879181,0.0697785360998498,low
66148f92:00002,Modern Racism & Inequality,0.4427325579675567,0.0298322087638233,low
66148f92:00003,Colonialism,0.2973919061295813,0.0894400654813337,low
5a638ceb:00000,Modern Racism & Inequality,0.4436717328040576,0.0239245546077201,low
f1048b2f:00000,Historical Slavery,0.4060966796665361,0.029909843592887,low
f1048b2f:00001,Colonialism,0.2408335176015171,0.0330967938867038,low
16488ed7:00000,Colonialism,0.2659775745551087,0.0233432531244125,low
e316d282:00001,Modern Racism & Inequality,0.3482131445995674,0.1198257414273213,low
d8774697:00000,Colonialism,0.3024584783801575,0.0660356973635569,low
dfe20841:00001,Colonialism,0.2953140670460073,0.1181145981640625,low
9b772ac3:00000,Colonialism,0.3904968085390107,0.0469089078593729,low
9b772ac3:00001,Colonialism,0.3395080412815663,0.0578548441078919,low
a08cefde:00000,Historical Slavery,0.2533604616089626,0.0847182006664906,low
a08cefde:00002,Modern Racism & Inequality,0.4325340291211701,0.0356837497648622,low
d0bfc0eb:00001,Historical Slavery,0.356388394875091,0.0207045295226211,low
dab4755b:00000,Colonialism,0.2990136384677512,0.0278366487553619,low
a24fdeeb:00001,Historical Slavery,0.3268960410670176,0.0537646745478315,low
a2588bf4:00001,Modern Racism & Inequality,0.2954115004488087,0.0602987133315013,low
7ac2664d:00000,Modern Racism & Inequality,0.307946270542229,0.0265998569091887,low
5305da2f:00001,Modern Racism & Inequality,0.3728022223103566,0.0346325540425948,low
5305da2f:00002,Modern Racism & Inequality,0.277427082694176,0.1241676632913042,low
b64a0cd1:00000,Colonialism,0.3970123639685611,0.0256711028011704,low
b64a0cd1:00002,Historical Slavery,0.3496767330364254,0.0272467932237031,low
4bcedd8f:00000,Historical Slavery,0.3766366166563484,0.0312050855223745,low
4bcedd8f:00001,Modern Racism & Inequality,0.3282091497847307,0.0303080626194435,low
178f4d62:00004,Modern Racism & Inequality,0.4711166860577482,0.0249957775044236,low
178f4d62:00005,Modern Racism & Inequality,0.2972858687623942,0.0465519017093039,low
0931146d:00002,Historical Slavery,0.2683984943631428,0.0222244245889717,low
a46d8933:00001,Modern Racism & Inequality,0.2735202171377529,0.0406948806131338,low
a46d8933:00002,Modern Racism & Inequality,0.4272538184007813,0.0478225818864969,low
76467c43:00001,Colonialism,0.3650824225106901,0.0327497042447267,low
8b589e1b:00001,Modern Racism & Inequality,0.3248126701101416,0.027900091864471,low
a1067bad:00000,Historical Slavery,0.3288170021147634,0.0277338442256621,low
b1c606ab:00000,Modern Racism & Inequality,0.2964660778263659,0.0702693770964192,low
b1c606ab:00002,Modern Racism & Inequality,0.3458812994574359,0.0292254151474663,low
75ef45bc:00000,Historical Slavery,0.4062784395283319,0.0473291226955744,low
75ef45bc:00002,Modern Racism & Inequality,0.3273209635941834,0.0288956042368243,low
ffb4eafe:00000,Historical Slavery,0.349606526665489,0.0466162725092169,low
99fc28ed:00001,Historical Slavery,0.2964932039891245,0.0308607150279824,low
9143f7a9:00000,Historical Slavery,0.3112923501746317,0.0417336006956148,low
0e9d22da:00000,Historical Slavery,0.3636308501216354,0.0233972134769556,low
0e9d22da:00001,Historical Slavery,0.4457080851882304,0.0343809596205803,low
25dbfab1:00000,Historical Slavery,0.3416320028060958,0.0205259467354709,low
25dbfab1:00001,Modern Racism & Inequality,0.3774335059941391,0.0276426203471922,low
36ea4e82:00001,Historical Slavery,0.476974135155135,0.0467315302186698,low
61a016e1:00001,Modern Racism & Inequality,0.3306329619337525,0.0323310806648593,low
28e9291d:00000,Historical Slavery,0.3315992841940665,0.0631351385850826,low
0939ba97:00000,Colonialism,0.3040218681029455,0.0337498850088993,low
0939ba97:00001,Modern Racism & Inequality,0.3196907936739731,0.0422526147437161,low
a5e8f20a:00000,Historical Slavery,0.4372620675786371,0.033859354692301,low
a5e8f20a:00001,Colonialism,0.2894270853790709,0.0823919726472058,low
274ab7e6:00000,Colonialism,0.2918068564464355,0.0340049755751949,low
274ab7e6:00002,Modern Racism & Inequality,0.360640803743431,0.0255438605330671,low
e328f154:00000,Colonialism,0.3927963844038511,0.0214770734215111,low
e328f154:00001,Historical Slavery,0.4558236326455689,0.0315492963043663,low
bcaf0902:00000,Historical Slavery,0.4477861898021958,0.0427143128266845,low
615315b5:00001,Colonialism,0.3197659839384795,0.0630679840379495,low
bf250301:00000,Historical Slavery,0.460779987847551,0.0435460462600196,low
6580dffc:00000,Colonialism,0.3985094723470799,0.0452748280022941,low
07377c47:00000,Modern Racism & Inequality,0.3817551685537119,0.038993852227856,low
07377c47:00002,Colonialism,0.3473509640448581,0.0875115725776488,low
4272e62f:00001,Colonialism,0.3275767437042927,0.0515080859726449,low
4272e62f:00002,Colonialism,0.3253689895513239,0.0607557885403752,low
6685aa66:00001,Historical Slavery,0.4309701019546729,0.0463723345855388,low
1186e71c:00000,Historical Slavery,0.3876309520100992,0.0371039241513965,low
d507b217:00002,Historical Slavery,0.3744384415636576,0.0328471877739266,low
3ba553b0:00000,Historical Slavery,0.376193703353994,0.0421931055970311,low
765e5fad:00001,Historical Slavery,0.3326938051180213,0.0367228241829118,low
7f8b5014:00000,Modern Racism & Inequality,0.3789494650670584,0.0367731235044468,low
7f8b5014:00001,Historical Slavery,0.4337504584134018,0.0204796667066596,low
b771a3c9:00002,Colonialism,0.2955334905257447,0.044562378206747,low
e95aaddc:00000,Colonialism,0.3016853594779635,0.0900154419494579,low
e95aaddc:00002,Colonialism,0.2983897447512165,0.0569447812524575,low
e95aaddc:00003,Colonialism,0.240808172642422,0.03371385712998,low
92d0e822:00000,Colonialism,0.2995597753942039,0.03506870521489,low
9fab4eeb:00000,Historical Slavery,0.3183860792593798,0.0256814334242845,low
9fab4eeb:00001,Modern Racism & Inequality,0.375651721849481,0.0250676047810226,low
e415701f:00000,Colonialism,0.2946065299619635,0.030097820013719,low
34b6d613:00000,Colonialism,0.2787188410556497,0.0772408195469576,low
7568373a:00001,Historical Slavery,0.3471949206079332,0.0644109854835545,low
cc856004:00000,Historical Slavery,0.3653918205611579,0.0486957365649179,low
d16d28cb:00000,Historical Slavery,0.3270163846592261,0.0285398522404078,low
ba5cbeae:00000,Historical Slavery,0.2835370240358488,0.0378252589370701,low
b2a6c2eb:00000,Historical Slavery,0.3348762420271668,0.0649020553766655,low
0585b1d6:00001,Historical Slavery,0.2814209831621596,0.0352174893629652,low
a8c1a805:00000,Historical Slavery,0.4885781884070778,0.04198637552696,low
a8c1a805:00002,Historical Slavery,0.3696564195195168,0.0492261942969156,low
92fdb290:00000,Historical Slavery,0.3549195155561026,0.0290305596848187,low
6ac27348:00001,Modern Racism & Inequality,0.4020153913060028,0.0214142118000089,low
6ac27348:00002,Colonialism,0.2500709755624058,0.0689034768019038,low
1ac62f8d:00000,Modern Racism & Inequality,0.3501908312652759,0.0416731342213542,low
20c8103d:00002,Colonialism,0.3404910610650766,0.0288186834879384,low
f35f8b1a:00002,Colonialism,0.3179284247391506,0.0619133577635585,low
7ea77997:00002,Colonialism,0.3404910610650766,0.0288186834879384,low
fa38ca5e:00000,Historical Slavery,0.3450044405552865,0.027862116470501,low
fa38ca5e:00002,Colonialism,0.3404910610650766,0.0288186834879384,low
8f8d7568:00001,Colonialism,0.3404910610650766,0.0288186834879384,low
b84602b3:00000,Modern Racism & Inequality,0.3492648544747352,0.0414335483455218,low
b84602b3:00001,Colonialism,0.3010657449902851,0.0463842582186436,low
197bc7ab:00002,Colonialism,0.3099185131994965,0.0506834753092927,low
819712ff:00001,Colonialism,0.3179284247391506,0.0619133577635585,low
b1fe2a5f:00000,Historical Slavery,0.3251972322898454,0.0453705494368421,low
b1fe2a5f:00001,Colonialism,0.4072978945006921,0.0273304307493346,low
b1fe2a5f:00002,Colonialism,0.3179284247391506,0.0619133577635585,low
5c40a4fb:00001,Modern Racism & Inequality,0.3120520071113831,0.0424419565072634,low
5c40a4fb:00002,Colonialism,0.3095559639958822,0.0461788281651009,low
b7bea918:00000,Modern Racism & Inequality,0.2981573684951156,0.0442062049515133,low
b7bea918:00001,Colonialism,0.3404910610650766,0.0288186834879384,low
3ff7d525:00001,Colonialism,0.3404910610650766,0.0288186834879384,low
87a696a4:00001,Historical Slavery,0.3160755795408618,0.0394343425360906,low
87a696a4:00002,Colonialism,0.2500709755624058,0.0689034768019038,low
2bf00759:00000,Historical Slavery,0.2759235832379831,0.0222380842831274,low
c136d34b:00000,Modern Racism & Inequality,0.2860308256390859,0.0547093537121971,low
c136d34b:00002,Colonialism,0.3459068100938811,0.0276141951672814,low
d2f49b5a:00002,Colonialism,0.2852271496330453,0.0401044540594557,low
439c90e4:00001,Historical Slavery,0.4968068781391468,0.0487525259618246,low
e242d09e:00000,Colonialism,0.3937509316942225,0.0263875438040366,low
62a88fc4:00000,Colonialism,0.4132327199945133,0.0320053476714747,low
62a88fc4:00001,Modern Racism & Inequality,0.2767175307214484,0.0472514590003035,low
bfe1dd25:00000,Modern Racism & Inequality,0.3338882909637064,0.0743575056705306,low
bfe1dd25:00001,Modern Racism & Inequality,0.3426169485364068,0.0235155593100515,low
30fc4b71:00000,Modern Racism & Inequality,0.3384825447605317,0.0234948775777086,low
a6d77e7c:00000,Historical Slavery,0.3758432030154659,0.0363348943933556,low
a6d77e7c:00001,Historical Slavery,0.4172510722704498,0.0213420516176552,low
f8061b06:00001,Colonialism,0.3475135125775397,0.0200611177544379,low
a2eebbea:00000,Modern Racism & Inequality,0.3279488367529166,0.0566894664660698,low
632c0701:00001,Historical Slavery,0.4219059886782343,0.0450322642403875,low
632c0701:00002,Colonialism,0.3390762242041196,0.1023489944851606,low
7f7a88ce:00000,Colonialism,0.3047925704500226,0.0264877816758412,low
45731ced:00000,Colonialism,0.2340201906086172,0.0708842858572521,low
45731ced:00001,Colonialism,0.3958564751965253,0.0492176459756916,low
45731ced:00002,Historical Slavery,0.3525183640765005,0.046466234674014,low
7338e761:00001,Colonialism,0.3485991300949687,0.0903610216055982,low
9b656087:00001,Colonialism,0.4459084320531049,0.0237802576040344,low
f7b2c52f:00002,Colonialism,0.2479724067182027,0.0375378876437224,low
e56256d8:00000,Colonialism,0.3903235434742377,0.0261883930825973,low
e56256d8:00001,Colonialism,0.3231141972125464,0.1510541434994926,low
e56256d8:00003,Colonialism,0.2360353265877661,0.0688853388416627,low
12ff01be:00000,Colonialism,0.3079453932778649,0.0403887644322061,low
12ff01be:00001,Colonialism,0.24377890387074,0.032738872010761,low
12ff01be:00002,Colonialism,0.4086747317249656,0.034300661069983,low
1411d18b:00000,Colonialism,0.2876446332902397,0.0702782636839462,low
1411d18b:00002,Colonialism,0.2193578511822943,0.0383339112878666,low
d62ea906:00000,Historical Slavery,0.4591482982616344,0.0459661949540188,low
d8333de4:00002,Colonialism,0.2491989066384524,0.1115743928764483,low
d8333de4:00003,Colonialism,0.3765199573186502,0.0326828304916642,low
e5765ac9:00000,Historical Slavery,0.4195003045804104,0.03175662981631,low
e5765ac9:00003,Colonialism,0.3287910991513776,0.0545523202173002,low
a404c999:00000,Modern Racism & Inequality,0.3341907731870899,0.0220296978108803,low
a404c999:00001,Historical Slavery,0.3629364219507572,0.0300159568300124,low
6da3060c:00002,Colonialism,0.2658333169132935,0.0403196017070155,low
5adc2df2:00000,Modern Racism & Inequality,0.4315295210253436,0.0450121638084556,low
5adc2df2:00001,Historical Slavery,0.4003443964202504,0.0218593249238687,low
39cd5ad9:00000,Modern Racism & Inequality,0.3282783761889765,0.0455817283928092,low
39cd5ad9:00001,Historical Slavery,0.3226871233497501,0.0432040199957291,low
4f493c2b:00001,Modern Racism & Inequality,0.3608631972660007,0.0442733433581012,low
4f493c2b:00002,Modern Racism & Inequality,0.3575762626189236,0.0389347791388496,low
4e99272e:00001,Colonialism,0.3790554727397718,0.0237022904057508,low
b2895695:00000,Colonialism,0.315974767435364,0.0250837522854147,low
0df3e4f6:00000,Colonialism,0.2754938005861672,0.0430914897004292,low
0df3e4f6:00001,Colonialism,0.24118625907414,0.0317179665393347,low
0df3e4f6:00002,Colonialism,0.2990684077617304,0.0295855166620203,low
8a9e7a3f:00000,Colonialism,0.2721567869140633,0.0504126984590237,low
8a9e7a3f:00001,Colonialism,0.2919171741246975,0.06047442554803,low
3b0e1716:00000,Modern Racism & Inequality,0.3181569146143853,0.0614559801864987,low
e833f2f5:00000,Historical Slavery,0.3989909271570285,0.0335376256899244,low
3d5cf83f:00000,Colonialism,0.2810564934859657,0.0406070846058769,low
4f81af44:00000,Colonialism,0.2539529554128315,0.0673442694077957,low
ed7dbfb5:00000,Historical Slavery,0.3476029529297851,0.0241013601951008,low
20d00c96:00002,Historical Slavery,0.4733091113415751,0.0447481704211036,low
20d00c96:00003,Colonialism,0.2967865512796315,0.0400418288907559,low
a99cfce7:00000,Colonialism,0.3814126677240488,0.0306268781348343,low
a99cfce7:00001,Historical Slavery,0.4363394271774933,0.0347737359318698,low
a9bd8e6d:00000,Historical Slavery,0.39041426302453,0.0488031659954563,low
a9bd8e6d:00004,Modern Racism & Inequality,0.2969824224197407,0.0871171985602197,low
ff092ed0:00002,Historical Slavery,0.2215499640189827,0.0698552630724957,low
9fc157a6:00000,Colonialism,0.2418277313946553,0.0585050762866764,low
9fc157a6:00003,Historical Slavery,0.3204121627643712,0.0221012102719606,low
bdd1fed9:00001,Colonialism,0.2835758894284848,0.0540871164113828,low
0d2547ef:00000,Historical Slavery,0.4039798876318239,0.0403028740282153,low
b31191aa:00002,Historical Slavery,0.324895805790747,0.1166927834758223,low
a242cf3c:00000,Colonialism,0.3045092801080699,0.0400544447635227,low
a242cf3c:00002,Colonialism,0.2922457385647102,0.0790591901687369,low
a242cf3c:00003,Colonialism,0.2349622282257594,0.0854300489344169,low
0d80d4f4:00000,Colonialism,0.2816563469851594,0.093030800871507,low
0d80d4f4:00002,Colonialism,0.3166954976637134,0.1106787901586071,low
231389a5:00000,Historical Slavery,0.3870776982558703,0.0405655520441634,low
231389a5:00001,Colonialism,0.2920523468615298,0.0650922687890027,low
abbf90a1:00000,Colonialism,0.2711225594991996,0.0405676716639669,low
abbf90a1:00001,Colonialism,0.2537245514280017,0.1071644098698772,low
abbf90a1:00002,Colonialism,0.3308598991481666,0.037184311920317,low
474cd649:00000,Modern Racism & Inequality,0.359593918280808,0.0397569690372058,low
ef3c701b:00001,Modern Racism & Inequality,0.290749653821054,0.0314602828702376,low
3a8824a4:00000,Colonialism,0.2652979820706962,0.0439195623340243,low
1c7e150c:00000,Modern Racism & Inequality,0.2796748073946497,0.0441651478221482,low
1c7e150c:00002,Modern Racism & Inequality,0.2654130721194882,0.0467939534454341,low
e5dca18b:00000,Modern Racism & Inequality,0.2725719937261217,0.0319493637735366,low
e5dca18b:00001,Modern Racism & Inequality,0.320537746403846,0.0203774437723416,low
9746354b:00000,Colonialism,0.4015191534232242,0.0422818311071716,low
9746354b:00001,Historical Slavery,0.484869951018923,0.0261025499184046,low
9746354b:00002,Historical Slavery,0.3139034286831356,0.0764186817176051,low
26614963:00000,Colonialism,0.3328005021644713,0.0520004824852408,low
26614963:00001,Modern Racism & Inequality,0.220576758543002,0.0222612287464628,low
34f55700:00000,Historical Slavery,0.3753420734034276,0.0248344883192431,low
34f55700:00001,Colonialism,0.3984547371691747,0.0356482156215251,low
e60e1744:00002,Colonialism,0.2772907099175462,0.0447736182699874,low
256737cd:00000,Historical Slavery,0.3418410744387944,0.0662134560861858,low
256737cd:00001,Colonialism,0.2772907099175462,0.0447736182699874,low
445f3de8:00000,Modern Racism & Inequality,0.3306981997926192,0.025451799636161,low
23096743:00002,Colonialism,0.2954435885300704,0.0618346511351374,low
85fa255f:00000,Historical Slavery,0.3279025796530085,0.0275163946497414,low
85fa255f:00002,Colonialism,0.214638896813772,0.0557785583906316,low
a08a92a1:00000,Modern Racism & Inequality,0.341871051317679,0.0237019479081606,low
970d3c9a:00000,Colonialism,0.339717280770329,0.0320957317630519,low
3e63b0fb:00000,Modern Racism & Inequality,0.3994840993859263,0.0302804646840507,low
964a457e:00001,Colonialism,0.2772907099175462,0.0447736182699874,low
3d692c0a:00001,Colonialism,0.4002386084727301,0.0488918860403495,low
3d692c0a:00002,Colonialism,0.2908614705930759,0.0499800713234372,low
adda708c:00002,Colonialism,0.2908614705930759,0.0499800713234372,low
4d0c2028:00002,Colonialism,0.3248717178852114,0.027901150885775,low
bbf8356b:00000,Colonialism,0.3042479722686272,0.0275138400675848,low
bbf8356b:00002,Colonialism,0.3313669994293337,0.0269531387250213,low
6355afcf:00000,Historical Slavery,0.3734756642950353,0.049079275684392,low
6355afcf:00001,Historical Slavery,0.3982385805997077,0.0263640979271068,low
6355afcf:00002,Colonialism,0.2954435885300704,0.0618346511351374,low
22b38b22:00000,Historical Slavery,0.4570959050156267,0.0291436066823386,low
22b38b22:00002,Colonialism,0.214638896813772,0.0557785583906316,low
18cf65d6:00000,Historical Slavery,0.3828391834631449,0.0468145151572912,low
3e748a7f:00000,Historical Slavery,0.4079792784909306,0.0249060765865279,low
3e748a7f:00001,Historical Slavery,0.3708896933006562,0.0226833979159695,low
ce9a408e:00001,Colonialism,0.3141320828799605,0.0578474912953855,low
ce9a408e:00002,Colonialism,0.2884616219708252,0.0437990601858907,low
abea58b0:00000,Colonialism,0.4305082554203844,0.0386448282352746,low
abea58b0:00002,Colonialism,0.2094849597463855,0.0455019368191812,low
a7dba5dd:00001,Historical Slavery,0.3062354616451628,0.0843590812532293,low
52de9a67:00000,Colonialism,0.3285527743360518,0.0207826030108878,low
52de9a67:00002,Colonialism,0.2882332638598877,0.0401655761923158,low
b1b306c0:00002,Colonialism,0.3036702900511844,0.0517407331111103,low
c5477709:00000,Modern Racism & Inequality,0.3112516029299492,0.0338432200336696,low
c5477709:00001,Modern Racism & Inequality,0.3326634794377752,0.0781419821543832,low
539e720c:00002,Colonialism,0.2884616219708252,0.0437990601858907,low
68b136d2:00000,Historical Slavery,0.3318207653420732,0.0699294294557982,low
68b136d2:00001,Colonialism,0.2853946075644445,0.0333582108399007,low
68b136d2:00002,Colonialism,0.2882332638598877,0.0401655761923158,low
d5078eb5:00000,Colonialism,0.3822547005956573,0.0265801827103799,low
d5078eb5:00001,Colonialism,0.3898517121681574,0.0293838498535399,low
89755213:00001,Historical Slavery,0.4341080167501578,0.0315179996031283,low
127de6ad:00000,Historical Slavery,0.3728683965152987,0.0246769193492975,low
127de6ad:00002,Colonialism,0.2094849597463855,0.0455019368191812,low
c237a1e5:00001,Historical Slavery,0.3399783838638945,0.0265114152846946,low
c237a1e5:00002,Colonialism,0.2094849597463855,0.0455019368191812,low
ff73ee1a:00000,Modern Racism & Inequality,0.3171816134587444,0.0316225008617205,low
ff73ee1a:00002,Colonialism,0.312799836150618,0.049896110441261,low
29ff281b:00000,Colonialism,0.3521930675169532,0.0377492965653643,low
57f2d4f5:00001,Colonialism,0.4690778505331493,0.0365792692072643,low
efd8f54c:00000,Historical Slavery,0.4291223187782276,0.0459566437359194,low
b97b80a7:00001,Colonialism,0.3036702900511844,0.0517407331111103,low
567a1308:00002,Colonialism,0.2094849597463855,0.0455019368191812,low
26271a57:00000,Modern Racism & Inequality,0.35243090192352,0.037695086204621,low
26271a57:00001,Colonialism,0.3095559639958822,0.0461788281651009,low
2ccf4ff6:00000,Modern Racism & Inequality,0.38262074911002,0.0208707647076601,low
0c5c0fd8:00001,Modern Racism & Inequality,0.3042105008290179,0.0443607521408616,low
0c5c0fd8:00002,Colonialism,0.3404910610650766,0.0288186834879384,low
4c3a9236:00002,Colonialism,0.3459068100938811,0.0276141951672814,low
e11801c6:00003,Colonialism,0.2500709755624058,0.0689034768019038,low
5a7abff8:00000,Modern Racism & Inequality,0.3458063806509503,0.0544689399699183,low
fd52fc3b:00001,Colonialism,0.3138762322606768,0.0784411773559809,low
134eb2b5:00002,Colonialism,0.2500709755624058,0.0689034768019038,low
d482ed34:00001,Historical Slavery,0.3613378001375499,0.0200193261865979,low
d482ed34:00002,Colonialism,0.3095559639958822,0.0461788281651009,low
ebe68a51:00000,Modern Racism & Inequality,0.3295782972518625,0.0237860339612025,low
ebe68a51:00001,Modern Racism & Inequality,0.3609192822585799,0.0278535700975231,low
ebe68a51:00002,Colonialism,0.2500709755624058,0.0689034768019038,low
91690c7a:00002,Historical Slavery,0.319410478564171,0.0987203946180121,low
20b18ad5:00006,Modern Racism & Inequality,0.3462470935125655,0.1347872701942916,low
a0bb6ad8:00003,Modern Racism & Inequality,0.4199567803612139,0.0358097815664367,low
baabd416:00001,Colonialism,0.292216903227964,0.0607384051496052,low
41b955e0:00000,Modern Racism & Inequality,0.3635286644760813,0.0357769758372635,low
6b8c1067:00002,Modern Racism & Inequality,0.3499129670695157,0.0843266274437575,low
71192549:00001,Colonialism,0.2275804181725378,0.0537550560665671,low
54a26fe5:00000,Historical Slavery,0.2867015932139974,0.0403499735850283,low
598ece72:00001,Modern Racism & Inequality,0.3497288223017095,0.1461022676365451,low
219963a5:00001,Modern Racism & Inequality,0.3161619571996291,0.1491819503716908,low
50fd9a4f:00001,Modern Racism & Inequality,0.3422255162947416,0.1523781348845057,low
d37bcc62:00001,Modern Racism & Inequality,0.3232967988298896,0.0300839648747849,low
2d8a59a0:00001,Modern Racism & Inequality,0.4017769630031693,0.044363534903823,low
3eabf313:00000,Modern Racism & Inequality,0.3346768854212758,0.1129368548865628,low
e8f28414:00001,Modern Racism & Inequality,0.3267762031996386,0.0878301804591428,low
8875aea6:00001,Modern Racism & Inequality,0.2797080848871636,0.0240871674583543,low
36a07496:00001,Modern Racism & Inequality,0.2852783951819856,0.0620556637286835,low
36a07496:00002,Modern Racism & Inequality,0.3305694312119256,0.0361999603467149,low
298852f1:00001,Historical Slavery,0.2029434237214875,0.0332728871849412,low
298852f1:00002,Historical Slavery,0.2461233237791396,0.0680365861738465,low
601915ee:00002,Modern Racism & Inequality,0.3175321196514198,0.0254843518633788,low
9ff7f3ee:00002,Historical Slavery,0.2898690225309346,0.0312247075339608,low
87b98cd7:00000,Modern Racism & Inequality,0.3446458338045656,0.1408835373281379,low
87b98cd7:00002,Modern Racism & Inequality,0.318663558353295,0.0724441050973995,low
ab421d87:00001,Modern Racism & Inequality,0.3235366117987291,0.0274512838620185,low
b80d7d2d:00001,Modern Racism & Inequality,0.2209664343634998,0.0390287740088843,low
9b8e3e60:00002,Historical Slavery,0.2705587406447683,0.0460079794817502,low
3c1f539d:00001,Modern Racism & Inequality,0.3209803974411211,0.0833824115280971,low
ba43ead8:00000,Modern Racism & Inequality,0.342696545331167,0.0778304023158075,low
ba43ead8:00001,Modern Racism & Inequality,0.3400203460197921,0.0880165113048982,low
4e68bfe2:00001,Modern Racism & Inequality,0.3324690602412892,0.1038830551786363,low
bb5beba8:00001,Modern Racism & Inequality,0.2954019217105892,0.0971435526188883,low
1d4f1fd0:00001,Modern Racism & Inequality,0.3399821978713426,0.1605423132681775,low
e2f7ba65:00001,Modern Racism & Inequality,0.2661047983074232,0.0354639738644422,low
e2f7ba65:00002,Historical Slavery,0.2528142224453059,0.025570953636533,low
ee9d248f:00001,Modern Racism & Inequality,0.3407370845499468,0.0566679617424552,low
0b49ff34:00001,Modern Racism & Inequality,0.2755229865001679,0.0245664501626207,low
1a3ef158:00002,Modern Racism & Inequality,0.3485351212192737,0.11542774785844,low
d6389721:00001,Modern Racism & Inequality,0.3466779486703893,0.0547684110412584,low
d6389721:00002,Modern Racism & Inequality,0.2042655239907116,0.0444163888263508,low
e2f87d74:00000,Modern Racism & Inequality,0.2796090501702373,0.1052154845663265,low
e2f87d74:00001,Modern Racism & Inequality,0.2976086037155973,0.0592081874675722,low
e2f87d74:00002,Modern Racism & Inequality,0.3026731092531058,0.07089214561129,low
f584c235:00001,Modern Racism & Inequality,0.2401347493975315,0.029338179519805,low
920638d5:00001,Modern Racism & Inequality,0.2985246174089091,0.0466242591140422,low
c8ea7a47:00001,Modern Racism & Inequality,0.2792822913171411,0.068878031778518,low
c8ea7a47:00002,Modern Racism & Inequality,0.2280289962050761,0.1122999908859243,low
6387b1df:00001,Modern Racism & Inequality,0.3492857967211342,0.1060556970418278,low
6387b1df:00002,Modern Racism & Inequality,0.2973948911479367,0.1018779431270349,low
fc63ac2d:00001,Modern Racism & Inequality,0.2537025932714487,0.0715559640241537,low
47e55d5b:00001,Modern Racism & Inequality,0.2957243461066556,0.0962047043119513,low
ea6b4be1:00001,Historical Slavery,0.2501388897855521,0.0425123991448025,low
ea6b4be1:00002,Historical Slavery,0.3498972961623739,0.0771273288168405,low
788ee8dc:00001,Historical Slavery,0.2707621582814927,0.0301658016020207,low
788ee8dc:00002,Historical Slavery,0.2137576034269659,0.072565516321931,low
24d1bd89:00002,Modern Racism & Inequality,0.2550246042589837,0.036254789791589,low
c2d1161d:00002,Historical Slavery,0.3300346032604979,0.0508971214595798,low
ce1d8d64:00001,Modern Racism & Inequality,0.3244289782364793,0.1515056949967212,low
83c4bced:00002,Modern Racism & Inequality,0.2217049892335326,0.039216075446818,low
e30533da:00001,Modern Racism & Inequality,0.2155484049206176,0.0673996702305548,low
e30533da:00002,Modern Racism & Inequality,0.2620283640771473,0.0413329947538994,low
183c4789:00001,Modern Racism & Inequality,0.2976679919696839,0.1199061070347827,low
7544fbe1:00002,Modern Racism & Inequality,0.3886245639562075,0.0305740068794989,low
94e1d531:00001,Modern Racism & Inequality,0.2870263494256946,0.0554854632892843,low
40a7d744:00002,Modern Racism & Inequality,0.3414735809939355,0.1918761820561425,low
a625fd68:00001,Modern Racism & Inequality,0.3207560348578058,0.132444990437512,low
a625fd68:00002,Modern Racism & Inequality,0.2875950019928983,0.1784177158378208,low
a6a45781:00000,Modern Racism & Inequality,0.3157533164174264,0.039720237532201,low
a6a45781:00001,Modern Racism & Inequality,0.3481094378729535,0.0899018259773624,low
8022f3b2:00000,Modern Racism & Inequality,0.3359716189629034,0.0529137901880167,low
9a12b605:00001,Historical Slavery,0.3104041679552107,0.0358866342785372,low
b1dbd1a3:00000,Modern Racism & Inequality,0.329304148150324,0.0837567407538501,low
c2338593:00000,Modern Racism & Inequality,0.3437017284654943,0.1296920670730739,low
ab8f6e82:00000,Modern Racism & Inequality,0.2942564216554769,0.0687022040454302,low
37f8e320:00002,Colonialism,0.2989287881221137,0.0601906312726648,low
a0e91730:00001,Modern Racism & Inequality,0.2813705929710876,0.1439650580147242,low
909294fe:00002,Modern Racism & Inequality,0.2684209025403413,0.0801306160453044,low
a47c74be:00000,Historical Slavery,0.3490897646130856,0.0643890190510522,low
a47c74be:00001,Modern Racism & Inequality,0.3677963332849213,0.0397132650795832,low
b9b2656a:00001,Modern Racism & Inequality,0.2426616588704613,0.0384813714182372,low
b7f916ee:00000,Historical Slavery,0.2253869139806964,0.0310841534790246,low
b7f916ee:00001,Modern Racism & Inequality,0.3631233488897985,0.0466064278309185,low
4425664f:00000,Historical Slavery,0.2602569182970903,0.0506337479648919,low
4425664f:00001,Historical Slavery,0.2653569946567069,0.0766633352082345,low
809d08a9:00001,Modern Racism & Inequality,0.3403053291276428,0.1148080803716361,low
71ab59b7:00001,Historical Slavery,0.2552124499102032,0.1000436943421621,low
637611c2:00000,Modern Racism & Inequality,0.2876508598072843,0.0739604829357726,low
637611c2:00002,Modern Racism & Inequality,0.2164728555488275,0.0230789219900738,low
bca28e53:00000,Modern Racism & Inequality,0.3291331000544602,0.0721630838191806,low
bca28e53:00002,Historical Slavery,0.2793748089347611,0.0527743826653787,low
bca28e53:00003,Historical Slavery,0.315848483131289,0.0282786769802724,low
cfa4b2b0:00001,Modern Racism & Inequality,0.3021490880945146,0.1208739115043262,low
cfa4b2b0:00003,Modern Racism & Inequality,0.3571590438127103,0.0232310523803594,low
2f1940f3:00002,Modern Racism & Inequality,0.2867494808543231,0.0243988841838947,low
e0cd184c:00000,Modern Racism & Inequality,0.2746039598540654,0.0821172764586103,low
e0cd184c:00001,Modern Racism & Inequality,0.2760847969761443,0.0726311065221361,low
c119e303:00003,Modern Racism & Inequality,0.3116643902796398,0.0470697560329539,low
45d3fd0e:00000,Modern Racism & Inequality,0.3142533446134405,0.1026949679045644,low
45d3fd0e:00001,Modern Racism & Inequality,0.3326478207893499,0.0767231406438103,low
c4a883e4:00000,Modern Racism & Inequality,0.3347106536425757,0.1065622859488741,low
f6a54c37:00001,Modern Racism & Inequality,0.3446308810953534,0.0971510110921119,low
f6a54c37:00003,Historical Slavery,0.3337372820904062,0.0302394862248755,low
7d6533e2:00000,Modern Racism & Inequality,0.2890289908860368,0.1219527564855317,low
aefb3c2d:00000,Modern Racism & Inequality,0.3411807034297807,0.0621818068727242,low
00fd1899:00000,Modern Racism & Inequality,0.2843903659074949,0.1376913345417231,low
8dfa48dd:00000,Modern Racism & Inequality,0.2262864421712693,0.0889854704810133,low
8dfa48dd:00001,Historical Slavery,0.202153158086736,0.0407645680608765,low
90ae8631:00000,Modern Racism & Inequality,0.239593220945362,0.0631834242720353,low
da419e58:00002,Historical Slavery,0.3117739266152385,0.0339203446724576,low
3e5d1b70:00001,Modern Racism & Inequality,0.296416430684445,0.0811765878272982,low
9b24747c:00001,Modern Racism & Inequality,0.3407172317895469,0.0810610284093278,low
7dacbe5b:00000,Modern Racism & Inequality,0.3211678622196262,0.1205830769818346,low
5cae6ddf:00001,Modern Racism & Inequality,0.344146793558574,0.1314244439770981,low
ccd9e638:00000,Modern Racism & Inequality,0.441379401475491,0.0231544135739529,low
b1ab5873:00001,Modern Racism & Inequality,0.267014665509615,0.0275321771117291,low
3931f93c:00001,Modern Racism & Inequality,0.2892203598211456,0.0590262451979274,low
3931f93c:00002,Modern Racism & Inequality,0.2969934936989297,0.0536751637374122,low
d4317313:00001,Modern Racism & Inequality,0.3136279681868627,0.0642774721052642,low
e790a76e:00000,Modern Racism & Inequality,0.3400651061621616,0.0447596909994089,low
d7ccb7c8:00001,Modern Racism & Inequality,0.3162220845644873,0.0477971264368339,low
d7ccb7c8:00002,Modern Racism & Inequality,0.3441274613803092,0.0927672978206222,low
424cd2e9:00000,Modern Racism & Inequality,0.2882587093521795,0.0302339365003208,low
424cd2e9:00001,Modern Racism & Inequality,0.2879440871846908,0.07351571529811,low
1684cb51:00000,Modern Racism & Inequality,0.3369037411646476,0.0700137710545456,low
1684cb51:00001,Modern Racism & Inequality,0.3206075407682205,0.1614887231047356,low
6597850c:00001,Modern Racism & Inequality,0.2289890114765865,0.1267379433498938,low
ea8d0e61:00002,Modern Racism & Inequality,0.2564977427710934,0.0423856337011107,low
f8187579:00001,Historical Slavery,0.2864744614146988,0.0626822207316164,low
056030fe:00000,Modern Racism & Inequality,0.3131010469309185,0.1043515100311675,low
056030fe:00001,Modern Racism & Inequality,0.3280476089754997,0.1362299713094418,low
812d08e1:00000,Historical Slavery,0.426119286905169,0.0324514387618167,low
812d08e1:00001,Colonialism,0.3862297942691829,0.0289130652664034,low
0773fb38:00002,Modern Racism & Inequality,0.3927975439813553,0.0395378374628278,low
7b19e4f0:00000,Modern Racism & Inequality,0.4315258124108243,0.0299077610566517,low
7b19e4f0:00002,Modern Racism & Inequality,0.4204315957788251,0.0262713474676973,low
3c687fbd:00001,Modern Racism & Inequality,0.3485431385025319,0.1708753974936904,low
48d85aa9:00000,Historical Slavery,0.4618622393245012,0.0047267659796604,none
9520942f:00000,Modern Racism & Inequality,0.4369713390839689,0.0090057042436826,none
21759662:00000,Colonialism,0.4447050202673486,0.006794291583227,none
21759662:00001,Historical Slavery,0.4147365892830065,0.0116378656716504,none
e001db73:00000,Modern Racism & Inequality,0.4342913029411738,0.0195564368549967,none
cc260097:00000,Modern Racism & Inequality,0.3744969712319793,0.0006934468275819,none
523554d4:00000,Historical Slavery,0.3461582045230869,0.0186247748311989,none
523554d4:00001,Colonialism,0.193172992841041,0.0113122594827781,none
8f5350f2:00001,Colonialism,0.3873501675783084,0.0048705162816131,none
2f102c73:00001,Colonialism,0.2925750397172197,0.0144595853330404,none
a5dc75dd:00001,Historical Slavery,0.3203525100229134,0.0133029353608246,none
773cfe6a:00000,Historical Slavery,0.323340672499201,0.0093184842004468,none
773cfe6a:00001,Historical Slavery,0.3686667843963697,0.0142541819263831,none
e27acce6:00000,Historical Slavery,0.4254119944760294,0.0124509551180881,none
6af62e64:00000,Colonialism,0.3405596847373357,0.0101318323625864,none
fd2d2640:00000,Historical Slavery,0.3938425778538172,0.0114952984540862,none
d227ca74:00000,Colonialism,0.459859759949022,0.0086476874609434,none
7ed64fea:00001,Colonialism,0.3077936215872333,0.0148296019314432,none
0c31ccd3:00001,Historical Slavery,0.353996970599624,0.0130355692839362,none
e4c85eab:00000,Historical Slavery,0.406272542339938,0.000974188918683,none
e4c85eab:00001,Historical Slavery,0.4213471129259336,0.0021855009160792,none
225a5c5e:00001,Colonialism,0.4733138547601536,0.0062214357470636,none
96568a08:00001,Historical Slavery,0.4319644485993331,0.0029100310489917,none
fb058e2e:00000,Historical Slavery,0.3934060143226273,0.0025787415506965,none
190d7f02:00000,Historical Slavery,0.4489892022257215,0.0018469316302036,none
aa53ac10:00000,Historical Slavery,0.3910814539669821,0.0089394709965705,none
8c5efa4a:00001,Colonialism,0.5101355679742533,0.0067522583912156,none
79f46b32:00001,Historical Slavery,0.408365328096005,0.0106382941854456,none
0a7aabf5:00001,Colonialism,0.4282162002491446,0.0052825999023583,none
ecd3ee5f:00000,Historical Slavery,0.4542502698363024,0.0179475551865712,none
8b11b236:00000,Historical Slavery,0.4872909932843648,0.0114285724929283,none
1d54ade1:00001,Historical Slavery,0.3705557616744464,0.0105019477064629,none
86a314c1:00000,Historical Slavery,0.4817026155130093,0.0178092401808102,none
7d30b857:00000,Historical Slavery,0.418105543589843,0.0160811345298274,none
6241d1c4:00000,Historical Slavery,0.3915254580198074,0.0140186485300319,none
58b4943c:00001,Historical Slavery,0.4262683403646619,0.0170989500841024,none
b3e07192:00000,Historical Slavery,0.4754023396458907,0.0162922369967392,none
4dcf8131:00000,Colonialism,0.3503423777528366,5.359466099397192e-05,none
78991ca1:00001,Colonialism,0.4506143411142156,0.0008743530185835,none
f426805a:00000,Historical Slavery,0.4646827719114093,0.0006956350135884,none
05b830f4:00000,Historical Slavery,0.3246602135540414,0.0185303670676867,none
aa08a652:00001,Historical Slavery,0.3745924319435703,0.0086020150487702,none
c96556ae:00000,Colonialism,0.3599903778054847,0.004637561332605,none
243df619:00000,Colonialism,0.3841302716900588,0.0163424292894255,none
cd894bf6:00000,Historical Slavery,0.4059364719768855,0.0031159868081214,none
2ef4a407:00001,Colonialism,0.4421968773774012,0.0049549461033336,none
8b7225d9:00000,Historical Slavery,0.377358199080984,0.0135098240170734,none
7e8c95a5:00000,Colonialism,0.3739741719257749,0.0115165808581351,none
d22cfb20:00000,Colonialism,0.5210047531784598,0.011439946144145,none
1685e3e6:00000,Colonialism,0.3076791302323029,0.0125809738929439,none
0bfda6f6:00001,Historical Slavery,0.3985479514356824,0.018043911318737,none
79e769c9:00001,Colonialism,0.3692240204621249,0.0101846897652656,none
725c138e:00001,Colonialism,0.274582226303497,0.0029686516904757,none
85ce6ee4:00000,Colonialism,0.4205098241046155,0.0187624866659469,none
85ce6ee4:00001,Historical Slavery,0.380507198462738,0.0109263537534337,none
bd911980:00000,Colonialism,0.3868483995426455,0.0016464127871326,none
b66dc35b:00000,Historical Slavery,0.3879165148579852,0.01571023692939,none
c4c6e9e9:00000,Historical Slavery,0.3812711451754769,0.0045843148760918,none
0376ac79:00000,Historical Slavery,0.4129210570253924,0.009787268120276,none
0376ac79:00001,Colonialism,0.4430313822930726,0.0127197488003956,none
c2711330:00001,Colonialism,0.334406884034783,0.0017361930484139,none
d1d3d575:00001,Colonialism,0.2893350992090344,0.0156472104893083,none
8f023152:00000,Colonialism,0.3846892501140578,0.0082422585622932,none
d9e934a8:00001,Colonialism,0.3638282831170349,0.0053240717444865,none
42b9c9cd:00000,Colonialism,0.4180620918913099,0.0080786008661511,none
3b188e9b:00000,Historical Slavery,0.4556646696598391,0.0013201336062867,none
56aebffa:00000,Historical Slavery,0.458945788991568,0.0054637455605517,none
824f519e:00000,Colonialism,0.3212654245024428,0.0152949909173764,none
d1862d35:00001,Historical Slavery,0.2940627353355342,0.0026863073582926,none
f439ec68:00000,Colonialism,0.4724073935960721,8.521168067637808e-05,none
68a4d597:00000,Colonialism,0.450867714661006,0.0060933482603613,none
67f480dc:00001,Modern Racism & Inequality,0.3187378133149304,0.0076334154419467,none
25d489b7:00000,Colonialism,0.3228163881378573,0.0142011664514179,none
bc017bb2:00000,Colonialism,0.3213091202476117,0.0091851192977975,none
9d62abeb:00000,Historical Slavery,0.3836088215394367,0.0171613845048079,none
9d62abeb:00001,Historical Slavery,0.330773031533859,0.0123071667790579,none
2fe94873:00000,Historical Slavery,0.3754335364308159,0.0083149280589117,none
1e0ced4f:00000,Colonialism,0.2893983301414978,0.0051858295597877,none
0ea02678:00000,Historical Slavery,0.3588156600717275,0.0019415680460757,none
0ea02678:00001,Modern Racism & Inequality,0.2813105130706704,0.0102501659124413,none
4a9a2e4f:00000,Historical Slavery,0.3785729423607855,0.003289311802928,none
14c0f778:00000,Modern Racism & Inequality,0.3729603870969183,0.0016502777923413,none
47b4d0fa:00000,Colonialism,0.4020855377559695,0.0177560308976205,none
88a4629f:00000,Colonialism,0.475410110638998,0.0065058042371747,none
88a4629f:00001,Colonialism,0.3645976155942901,0.0038279265237262,none
86ce9e0e:00001,Colonialism,0.3268171413035702,0.0158513044441887,none
d15ab898:00000,Historical Slavery,0.2877892985167765,0.0161327453907256,none
bfb3cd96:00001,Historical Slavery,0.3128430291229139,0.0039471649205833,none
713f80e9:00000,Colonialism,0.4012872893267964,0.0067798046233403,none
c0fbfc33:00000,Modern Racism & Inequality,0.433736490040761,0.0030298355991872,none
fb7bff02:00000,Historical Slavery,0.2585058342408431,0.0076498284383341,none
5d22044d:00000,Historical Slavery,0.4102588502412148,0.0129258236037358,none
7317c9c9:00000,Historical Slavery,0.4620172756331455,0.0124139727370338,none
669e9904:00000,Colonialism,0.3827441372469067,0.0055868449257743,none
04a7a36c:00000,Colonialism,0.4304825093837384,0.0038046241507965,none
18d0de26:00001,Historical Slavery,0.366142391993624,0.002398355956824,none
b815b688:00001,Historical Slavery,0.3230972561938606,0.0089055341640792,none
8f7f56f1:00000,Modern Racism & Inequality,0.3212754538845386,0.0083007998522236,none
8f7f56f1:00001,Modern Racism & Inequality,0.3991637422731831,0.0041410863791925,none
7cf8627d:00000,Historical Slavery,0.3682420931811778,0.0124808811068768,none
6c0689ef:00001,Colonialism,0.2089220324924334,0.0161883710093183,none
8f4a48c6:00001,Colonialism,0.3784331753566188,0.0179104982557061,none
9634a1d2:00001,Historical Slavery,0.4126818505245794,0.0119400291492598,none
f1c1a4fd:00001,Historical Slavery,0.4417927799013051,0.0130297672930156,none
8ff8cc87:00000,Modern Racism & Inequality,0.3324904782067881,0.0066008112734808,none
8ff8cc87:00001,Colonialism,0.2533929550972948,0.0122815566891951,none
eed7f301:00000,Colonialism,0.4122077708199081,0.0038694857002667,none
666a49d5:00000,Colonialism,0.3379097764677546,0.0014680256379,none
786a9e03:00000,Colonialism,0.4357310076386987,0.011382793928627,none
786a9e03:00001,Colonialism,0.3597500872827504,0.0133695646953669,none
9477e9be:00000,Historical Slavery,0.4460256750832841,0.0126467595632994,none
4feb95e5:00001,Historical Slavery,0.4004904951517543,0.0007388915945968,none
0e402425:00000,Historical Slavery,0.4209678089615615,0.0069392226717206,none
d2198f7d:00001,Colonialism,0.4131945397252253,0.0142453482298836,none
d2198f7d:00003,Colonialism,0.3392253874709967,0.0172898139972036,none
215d99b2:00000,Colonialism,0.3956209873591241,0.003500449715901,none
429e64cb:00006,Historical Slavery,0.3748523437542416,0.0087234075384899,none
3f46e62e:00003,Historical Slavery,0.3788572951985015,0.0011914713364036,none
3f46e62e:00005,Historical Slavery,0.5010101001153102,0.017079555317007,none
3f46e62e:00007,Historical Slavery,0.4187799821678324,0.0017772638072472,none
3f46e62e:00008,Colonialism,0.232172993485829,0.0087452166419579,none
c0aee7eb:00008,Historical Slavery,0.3838023081987189,0.0045880575513937,none
b79b973e:00002,Colonialism,0.4164844742264959,0.0178443942276643,none
b79b973e:00005,Colonialism,0.29769519489706,0.0070196703190109,none
b79b973e:00006,Modern Racism & Inequality,0.3971258459967107,0.0163269562230233,none
5434c349:00005,Historical Slavery,0.4355786368189865,0.0038522764242606,none
f5782318:00003,Colonialism,0.4144822365909714,0.0169343002434005,none
f5782318:00007,Colonialism,0.0,0.0,none
cc9128c1:00000,Colonialism,0.4827900489066717,0.0147304725405342,none
cc9128c1:00001,Colonialism,0.4701923558914351,1.4861059775106432e-05,none
cc9128c1:00002,Historical Slavery,0.3756977449259254,0.007226029715238,none
cc9128c1:00005,Historical Slavery,0.4427861945877478,0.0170006796154322,none
caa09e52:00007,Colonialism,0.3944768968485074,0.0050577705911584,none
89721aa3:00002,Colonialism,0.481765455847763,0.0199335036065325,none
c85d3571:00000,Colonialism,0.3701021111174771,0.0057627743221679,none
9036b651:00002,Modern Racism & Inequality,0.3672282640225679,0.0020561743668753,none
81d0b74d:00000,Historical Slavery,0.3199554232560186,0.0027244168663092,none
81d0b74d:00001,Colonialism,0.4626266442327005,0.0129620520764016,none
81d0b74d:00005,Historical Slavery,0.1460493558643545,0.089519049921969,none
e29b2b78:00000,Historical Slavery,0.3578234590716064,0.0034754327903158,none
e29b2b78:00003,Historical Slavery,0.4794849309549113,0.01346293185528,none
6832b9a0:00001,Historical Slavery,0.4256712025998284,0.0185826630626289,none
b59a53f0:00002,Historical Slavery,0.369697830931151,0.0029913625020625,none
b59a53f0:00006,Historical Slavery,0.4337081340855226,0.0189702197879193,none
f2e5f4e4:00005,Colonialism,0.4358056382029708,0.0044405071503116,none
e5b440f0:00000,Colonialism,0.4155204917497119,0.000527408443218,none
e5b440f0:00002,Colonialism,0.4090655685188147,0.0114028542922188,none
e5b440f0:00004,Historical Slavery,0.4182919415596338,0.0131020266526902,none
2971bcac:00000,Colonialism,0.3592412399053922,0.0015654715060281,none
2971bcac:00001,Historical Slavery,0.4036124746816716,0.0098388521241169,none
2971bcac:00004,Historical Slavery,0.4717924770492472,0.0198210150510392,none
2971bcac:00005,Historical Slavery,0.3694678522149722,0.001810676888106,none
e901a1fa:00001,Historical Slavery,0.4834947658345386,0.0080505518988582,none
e901a1fa:00002,Colonialism,0.4979782668114959,0.0177081654997781,none
0817b8e7:00002,Colonialism,0.346869377405082,0.017977583059232,none
0817b8e7:00004,Historical Slavery,0.3705442587476826,0.0001168690316163,none
22a99499:00000,Historical Slavery,0.4632689457853968,0.0118579240138659,none
22a99499:00001,Colonialism,0.4430382484165215,0.0021899178234175,none
22a99499:00005,Colonialism,0.4278204807355956,0.0183108256269954,none
f36b9966:00001,Historical Slavery,0.3202969218676864,0.0082140092374324,none
24830899:00000,Historical Slavery,0.4200071161905908,0.0018662201500579,none
24830899:00001,Colonialism,0.3362271648300421,0.0143672758785508,none
24830899:00003,Historical Slavery,0.2708400516425852,0.0011096303016593,none
24830899:00004,Historical Slavery,0.2692001201794233,0.0165757158922238,none
e5ec6837:00000,Colonialism,0.4414503798489277,0.0183004265048087,none
ecd51d0e:00001,Historical Slavery,0.3328041744198679,0.001831997576091,none
0264a73d:00001,Colonialism,0.3103868050682114,0.0195367900604319,none
bfe64c02:00000,Modern Racism & Inequality,0.2293423438727921,0.0192369183614714,none
afda5126:00000,Colonialism,0.1946916573353675,0.0774847712517004,none
ce29894a:00000,Historical Slavery,0.3634441400778382,0.0140535792386209,none
87cc7860:00000,Historical Slavery,0.4249015897747403,0.0029410000055041,none
3bd26019:00001,Historical Slavery,0.3678248763785967,0.0032462014420194,none
2fd06cac:00000,Colonialism,0.3098633349665294,0.0054779876703185,none
2fd06cac:00001,Historical Slavery,0.3953401469770624,0.010688983130316,none
f4f5bf2d:00000,Historical Slavery,0.3891752244443573,0.0163401445039069,none
2684c5b7:00000,Modern Racism & Inequality,0.3324138986916246,0.018178589506694,none
11505691:00000,Modern Racism & Inequality,0.4227419332103747,0.0130842527742517,none
0b3659a7:00000,Colonialism,0.2891423834819228,0.0032175167419107,none
0b3659a7:00001,Modern Racism & Inequality,0.2916395595301998,0.0078725972212336,none
a6cf0cd8:00000,Historical Slavery,0.4004257181809096,0.0091209808735781,none
a6cf0cd8:00001,Colonialism,0.3443548942384816,0.0004833244578165,none
3107dc2f:00000,Modern Racism & Inequality,0.2703573080467927,0.0043684540674677,none
d643d68b:00000,Historical Slavery,0.3775783599271193,0.0138983136209949,none
0f81d120:00001,Colonialism,0.354618777858041,0.0182898921806858,none
c97028cc:00000,Historical Slavery,0.3466217649065564,0.0005039813444079,none
62b2cc60:00000,Modern Racism & Inequality,0.3399328946538991,0.0025089636825627,none
30f0a56f:00000,Colonialism,0.368928057211763,0.002550576965689,none
b88bff5e:00000,Colonialism,0.366823643707131,0.0035380230749686,none
a7f853b7:00001,Modern Racism & Inequality,0.3391652683961508,0.0060623350588844,none
bc3b2b3d:00001,Historical Slavery,0.2764721517928757,0.0040673686672554,none
e1b3f65d:00001,Historical Slavery,0.3549567930373712,0.0010786115948076,none
f252c53a:00000,Historical Slavery,0.4282329323207248,0.0153295062003908,none
0ad0adeb:00001,Historical Slavery,0.3939749686603316,0.0111445243901712,none
71e8b0b6:00000,Historical Slavery,0.4699396556568039,0.006860363354093,none
f254b85c:00000,Historical Slavery,0.360142291188418,0.0081195538298362,none
c5eaf655:00000,Historical Slavery,0.3691486271845643,0.0164295506409004,none
10a3619f:00000,Colonialism,0.4271332470473769,0.0042880769008393,none
33431319:00000,Historical Slavery,0.309790057886596,0.0017526128894369,none
95cb1dab:00000,Colonialism,0.4119819637001463,0.0178584727329612,none
e5dd337a:00001,Colonialism,0.4619883944061118,0.0018414887564825,none
07205ded:00000,Colonialism,0.4120298796909837,0.0002093066141596,none
07205ded:00001,Historical Slavery,0.4050589244969623,0.0177236198338253,none
3833a2bf:00000,Colonialism,0.3246127311677044,0.0137233857929051,none
ccee447a:00001,Historical Slavery,0.3442985415765754,0.008875732327125,none
f49a84ff:00000,Colonialism,0.3201022422245477,0.01078854049522,none
20faf671:00000,Colonialism,0.3317495016828043,0.0023209880209353,none
cb73a8bb:00000,Colonialism,0.3199403901100099,0.0195414747657743,none
d225e0a5:00000,Historical Slavery,0.3576446542920155,0.0134436995292716,none
e35c88e4:00001,Historical Slavery,0.4074632714420779,0.0161844721461001,none
e35c88e4:00002,Historical Slavery,0.2830326452996589,0.0086348953118652,none
31b8a264:00000,Historical Slavery,0.3612832353034337,0.0151009986037636,none
0754d91e:00000,Historical Slavery,0.382578258196579,0.0104248475280356,none
9a9112c8:00001,Historical Slavery,0.3324344300333902,0.0028880536778232,none
d5e2ef28:00001,Colonialism,0.4181165108355315,0.0010000394008585,none
77505f15:00000,Historical Slavery,0.3898640153761322,0.0024573381005806,none
02c0268d:00001,Colonialism,0.3831712254820775,0.0012898368205278,none
bd7ef984:00000,Colonialism,0.2140674630332015,0.0059044918427816,none
d990ce78:00000,Colonialism,0.3505694498636001,0.0091544646515757,none
feb2d724:00000,Historical Slavery,0.4167895131982978,0.0008969748428717,none
feb2d724:00001,Historical Slavery,0.3958222436814838,0.0038336229858292,none
224e2a71:00001,Colonialism,0.2625766026245446,0.0034170003545445,none
010ddd6d:00000,Historical Slavery,0.332870196819484,0.0143219332875974,none
838dee5e:00000,Historical Slavery,0.3728435641303056,0.0067334558654115,none
d1781c39:00000,Historical Slavery,0.3232838539361376,0.0128765424687468,none
15d744ab:00000,Historical Slavery,0.3116879584643591,0.00533043742391,none
367611d7:00001,Historical Slavery,0.4824607848722862,0.0010924242550597,none
95f2f459:00000,Colonialism,0.219802481996548,0.0043008159842904,none
dad708bc:00000,Colonialism,0.2932128244703709,0.0035474916700247,none
ce41d4b4:00000,Historical Slavery,0.330600899367046,0.011198072597462,none
64c85e51:00000,Colonialism,0.373102281051678,0.0071729143034444,none
b87eec3c:00000,Historical Slavery,0.3319488086023275,0.016357249698986,none
703216c5:00000,Colonialism,0.3370686110872774,0.0076343230477806,none
d0b9e4a0:00000,Colonialism,0.2982704245884081,0.0147983828354652,none
69414def:00000,Modern Racism & Inequality,0.3318019575087479,0.0094320026075382,none
d41447fe:00000,Colonialism,0.3126578044501807,0.0165565648154979,none
d0135b02:00000,Historical Slavery,0.3299677914974829,0.01813940535764,none
fad259d2:00000,Modern Racism & Inequality,0.2615359220108776,0.0010370663219135,none
fad259d2:00001,Historical Slavery,0.2856605907911529,0.0008832776042015,none
0413b871:00000,Colonialism,0.3660089292896606,0.0163146598722,none
fe436f0d:00001,Modern Racism & Inequality,0.2871355204155956,0.0160812082660687,none
7b1cff29:00000,Modern Racism & Inequality,0.424565133985247,0.0115778221348125,none
226ef5ca:00000,Modern Racism & Inequality,0.4396736793937935,0.0149236969973605,none
775bae80:00001,Modern Racism & Inequality,0.3225300211852877,0.0178809707739776,none
25bf8bb0:00000,Historical Slavery,0.3941278295639659,0.0040682182755719,none
f5f21658:00000,Modern Racism & Inequality,0.298824541774666,0.0016468572615835,none
f5f21658:00001,Historical Slavery,0.1933639830013174,0.0118850381324228,none
9a65337f:00001,Colonialism,0.3677259890546795,3.891323285659665e-05,none
793a53f4:00000,Historical Slavery,0.4433135358959138,0.0134398607610521,none
793a53f4:00001,Historical Slavery,0.4239730448322562,0.0113230313523218,none
648c96d0:00000,Modern Racism & Inequality,0.363981218835602,0.0162840295451224,none
98e3200a:00000,Colonialism,0.3373445337564582,0.0042786500917876,none
c6dee8df:00000,Historical Slavery,0.3111834524568066,0.0095351908882214,none
ee97cc92:00001,Colonialism,0.2469579598367026,0.0083244716824799,none
0f79f649:00000,Colonialism,0.1896893973030516,0.0277618498197515,none
46b5a182:00000,Colonialism,0.3471738467953136,0.0024299459037999,none
38ee40ea:00000,Modern Racism & Inequality,0.3049433651501785,0.0031757934136822,none
d3e14922:00000,Modern Racism & Inequality,0.346659619579885,0.0048652789360091,none
d3e14922:00001,Historical Slavery,0.3698144248778822,0.0098007961510734,none
e6d7e96c:00000,Modern Racism & Inequality,0.2708484128631312,0.0060114717990596,none
5d29dd2e:00000,Historical Slavery,0.267161370057499,0.0038832898606361,none
5d29dd2e:00002,Colonialism,0.3704883373482719,0.0145194354898749,none
ac5b7d89:00000,Colonialism,0.2667373812883561,0.0128978948342798,none
da92cbf4:00000,Modern Racism & Inequality,0.3888154999532677,0.0039220376430741,none
531d2e6a:00002,Colonialism,0.3778820335933664,0.0007401599239157,none
4bdc80fb:00000,Modern Racism & Inequality,0.3957289816067917,0.0184670137157027,none
4bdc80fb:00001,Modern Racism & Inequality,0.1165304315506487,0.0576964247436792,none
56041755:00000,Modern Racism & Inequality,0.3512464230641743,0.0050216075488179,none
56041755:00001,Historical Slavery,0.3278267816408026,0.0152572678675224,none
5c9ac553:00001,Colonialism,0.3612001521545424,0.0197849897630686,none
f1f8e8ae:00000,Historical Slavery,0.3414172581849814,0.0041205604197131,none
f1f8e8ae:00002,Modern Racism & Inequality,0.3165671653058276,0.019940419071579,none
6a2d0219:00002,Modern Racism & Inequality,0.3194345436330635,0.0053487598803985,none
cd8684a4:00000,Colonialism,0.4729463251156298,0.008907271089188,none
b0b0ef6f:00001,Colonialism,0.4216747355449313,0.0112750321952401,none
8be5dd05:00004,Colonialism,0.4426306483131041,0.0164796059595404,none
bf0f0896:00001,Colonialism,0.3948335991952636,0.0089146730227756,none
bf0f0896:00002,Colonialism,0.3502157809978891,0.01370148264712,none
ed3c0d47:00001,Colonialism,0.3572472335801921,0.0155204809391693,none
eec614a7:00003,Colonialism,0.1820929472255138,0.0452614605727218,none
eec614a7:00004,Colonialism,0.1761617176123063,0.0069448787795053,none
2dc0f1f3:00000,Historical Slavery,0.1996787649130852,0.0359929127055972,none
2dc0f1f3:00001,Historical Slavery,0.3947540621999924,0.012153236514694,none
af1ac472:00000,Historical Slavery,0.362664115511689,0.0044362528121434,none
af1ac472:00001,Modern Racism & Inequality,0.3621983465427685,0.0041832876819102,none
8eb04f64:00002,Historical Slavery,0.3149754988800076,0.0049296872355193,none
e1752de7:00002,Colonialism,0.4849951682860883,0.019785567914299,none
d3e0dbce:00000,Historical Slavery,0.4382470547870539,0.0038421749391324,none
d3e0dbce:00004,Historical Slavery,0.3326368866606014,0.008097114160636,none
78cb59fd:00000,Historical Slavery,0.4299450449385974,0.010145354533574,none
78cb59fd:00002,Colonialism,0.3537803866054878,0.0073191667689492,none
78cb59fd:00004,Historical Slavery,0.373811042626819,0.0035649439859405,none
887ca9bf:00000,Historical Slavery,0.4103380669575734,0.0082981872832123,none
887ca9bf:00003,Historical Slavery,0.3867477139964875,0.011806962539523,none
ffefcb8a:00001,Historical Slavery,0.4473438795886549,0.0086422474219561,none
7fd56e18:00001,Modern Racism & Inequality,0.4325892522286481,0.0135715271224445,none
7fd56e18:00004,Historical Slavery,0.4753417128082382,0.0133829294089322,none
432e24d4:00000,Colonialism,0.311532000036316,0.01359229882386,none
432e24d4:00004,Colonialism,0.283025107756276,0.0012221842913109,none
432e24d4:00005,Colonialism,0.0,0.0,none
fd3a4b40:00001,Colonialism,0.2916506202840545,0.0078751842943902,none
1738da88:00001,Colonialism,0.3927350031437689,0.0136475573945352,none
1738da88:00004,Historical Slavery,0.3246282385600118,0.0112786328563186,none
7ab11aaf:00002,Colonialism,0.4811310260478187,0.0092806415781544,none
7ab11aaf:00003,Historical Slavery,0.5432325417878048,0.0074877470711409,none
7ab11aaf:00004,Historical Slavery,0.3358319061906621,0.0120837312953254,none
1009b0d2:00000,Modern Racism & Inequality,0.3601694582709991,0.003458277835317,none
1009b0d2:00002,Historical Slavery,0.2916659950482982,0.0188929917953613,none
1009b0d2:00005,Colonialism,0.4436239407386874,0.00982728788466,none
6e0a2d73:00001,Modern Racism & Inequality,0.2855521651347009,0.0090895755423165,none
6e0a2d73:00003,Historical Slavery,0.3918348483193371,0.0110580273786299,none
ed1d3620:00002,Colonialism,0.4116930585338269,0.0077864610111054,none
22a307cc:00004,Historical Slavery,0.2547542196234179,0.0019160992045943,none
3962a984:00000,Historical Slavery,0.3177959591158601,0.0182663716029936,none
3962a984:00002,Modern Racism & Inequality,0.4271700316724172,0.0021365098341615,none
3962a984:00003,Modern Racism & Inequality,0.2985478041719469,0.0058135989852775,none
3e05faf6:00001,Modern Racism & Inequality,0.2183944043334171,0.0067409430691871,none
3e05faf6:00003,Colonialism,0.1909594479697828,0.0687848833988364,none
63051f9b:00003,Modern Racism & Inequality,0.3597625369933666,0.0004264583592673,none
e75b8340:00000,Historical Slavery,0.3248634166296254,0.0071971489424791,none
e75b8340:00002,Colonialism,0.3489724604648181,0.00026164479748,none
5580af9e:00000,Modern Racism & Inequality,0.3773132119642565,0.0044188553853779,none
5580af9e:00001,Colonialism,0.3027878382853853,0.0114619626638494,none
5580af9e:00002,Modern Racism & Inequality,0.1874887541538519,0.0205648102019756,none
154a7982:00000,Historical Slavery,0.4347598720677154,0.0070270815565407,none
d5645aad:00001,Historical Slavery,0.4187837857252125,0.0072038615040451,none
724c06e2:00001,Colonialism,0.2233042794228153,0.0010437304356161,none
7d2368ce:00000,Colonialism,0.2782874485458682,0.0172866756750091,none
43ef8aae:00000,Historical Slavery,0.310035148369134,0.0190269254375877,none
62a1634f:00000,Colonialism,0.354848283360177,0.0022263988660106,none
e2fbcbf7:00000,Historical Slavery,0.2291892557037458,0.0172463589010639,none
5bf6f677:00001,Historical Slavery,0.2349930979672344,0.0192573779030302,none
150c9a13:00000,Historical Slavery,0.3903253803473708,0.0065027907506587,none
f71f5782:00000,Colonialism,0.4270318829957581,0.0061844108146008,none
752c59e4:00000,Historical Slavery,0.5039406127168738,0.0043917265811357,none
48ec55fc:00000,Colonialism,0.4051856114861912,0.0046149263425226,none
34bc7cc8:00000,Colonialism,0.3933358995404619,0.0114849921294215,none
7c2055bf:00001,Historical Slavery,0.4060301017030829,0.0178003128543947,none
e4b9ebe3:00000,Historical Slavery,0.44273342573954,0.0053926242248983,none
cab5ce3c:00000,Colonialism,0.3850396226871138,0.0067288022014295,none
e8814590:00002,Historical Slavery,0.3312265017572862,0.017906999623368,none
0235e247:00000,Colonialism,0.4480198053008424,0.0121302288077607,none
0235e247:00001,Colonialism,0.3652287761005588,0.0161111170938867,none
dc1b56d1:00001,Colonialism,0.3771063636232725,0.0007367267047548,none
99bf6d61:00000,Historical Slavery,0.3786589909314971,0.0142250738896306,none
89f7805d:00002,Colonialism,0.0,0.0,none
bc0722f6:00001,Historical Slavery,0.2929508651004597,0.0197807081853303,none
657b85fd:00000,Colonialism,0.2795249224835123,0.003025325699314,none
4cfa6880:00002,Historical Slavery,0.2611697805360941,0.0177351605382327,none
18b07e4e:00000,Colonialism,0.0,0.0,none
18b07e4e:00001,Colonialism,0.4053253210492746,0.0042154591866783,none
18b07e4e:00002,Historical Slavery,0.3432545172074857,0.0010765152185356,none
efef8888:00000,Colonialism,0.0,0.0,none
1c4795de:00000,Colonialism,0.0,0.0,none
1c4795de:00001,Colonialism,0.0,0.0,none
b693e79f:00000,Colonialism,0.0,0.0,none
b693e79f:00001,Colonialism,0.3160002959343569,0.0141407943441242,none
7101e057:00000,Colonialism,0.0,0.0,none
7101e057:00001,Modern Racism & Inequality,0.1314937530712233,0.0840953237546357,none
d8ec3535:00000,Colonialism,0.0,0.0,none
cdfa9719:00000,Colonialism,0.0,0.0,none
cdfa9719:00002,Colonialism,0.0,0.0,none
2ceb1512:00000,Colonialism,0.0,0.0,none
2ceb1512:00001,Colonialism,0.0,0.0,none
a79b85f0:00000,Colonialism,0.0,0.0,none
a79b85f0:00001,Modern Racism & Inequality,0.3173391923415511,0.0128510733034197,none
e0c091eb:00000,Colonialism,0.0,0.0,none
e0c091eb:00001,Colonialism,0.3467143648227184,0.0108483324991984,none
e0c091eb:00002,Colonialism,0.0,0.0,none
fd4a929f:00000,Colonialism,0.0,0.0,none
fd4a929f:00001,Colonialism,0.375309042175832,0.0062158307964362,none
fd4a929f:00002,Colonialism,0.0,0.0,none
d8154d0f:00000,Modern Racism & Inequality,0.190806762024221,0.0007038863468008,none
d8154d0f:00002,Historical Slavery,0.1877035796512439,0.056637331921844,none
889c0543:00001,Historical Slavery,0.3117353398316872,0.0111391496093712,none
2bbc0209:00000,Colonialism,0.0,0.0,none
2bbc0209:00001,Colonialism,0.0,0.0,none
1b3a84db:00000,Colonialism,0.0,0.0,none
e618728d:00000,Colonialism,0.1137795036593048,0.0369587542221138,none
e618728d:00001,Modern Racism & Inequality,0.0947947275415904,0.0480804002436466,none
ee3b54eb:00000,Colonialism,0.0,0.0,none
2b9ee9ab:00000,Colonialism,0.0,0.0,none
2b9ee9ab:00001,Modern Racism & Inequality,0.386234866403972,0.0092740734724003,none
2b9ee9ab:00002,Colonialism,0.0,0.0,none
795e404c:00000,Colonialism,0.0,0.0,none
bff30e5e:00000,Colonialism,0.0,0.0,none
bff30e5e:00001,Modern Racism & Inequality,0.4097540030832526,0.0048948667507553,none
59536c51:00000,Colonialism,0.0,0.0,none
59536c51:00001,Historical Slavery,0.4012811735888458,0.0185692698082775,none
9be67f8e:00000,Colonialism,0.0,0.0,none
9be67f8e:00002,Historical Slavery,0.2877032747344877,0.0025874993132274,none
9ff61fbb:00000,Colonialism,0.0,0.0,none
ff4a9e38:00000,Colonialism,0.0,0.0,none
ff4a9e38:00002,Colonialism,0.0,0.0,none
0bf198fe:00000,Colonialism,0.0,0.0,none
0bf198fe:00001,Modern Racism & Inequality,0.3795712887688068,0.0020977855938432,none
301a1a4b:00000,Colonialism,0.0,0.0,none
301a1a4b:00001,Historical Slavery,0.2231375172912631,0.0078030577129518,none
5058a887:00000,Colonialism,0.0,0.0,none
5058a887:00001,Colonialism,0.0,0.0,none
852f64d5:00000,Colonialism,0.0,0.0,none
852f64d5:00001,Colonialism,0.0,0.0,none
db364014:00000,Colonialism,0.0,0.0,none
db364014:00001,Colonialism,0.0,0.0,none
49db44ac:00000,Colonialism,0.0,0.0,none
e26a9be3:00000,Colonialism,0.0,0.0,none
e26a9be3:00001,Colonialism,0.0,0.0,none
62523507:00000,Colonialism,0.0,0.0,none
62523507:00001,Colonialism,0.0,0.0,none
eee0d8ae:00001,Colonialism,0.3062842059715907,0.0128303772545084,none
ddfcfb55:00000,Colonialism,0.4311522019665869,0.0012777983827405,none
fecf90b5:00001,Historical Slavery,0.3355693349753422,0.0108279768229226,none
813c1740:00000,Colonialism,0.2692965362135073,0.0031212241229641,none
813c1740:00002,Historical Slavery,0.3804849329321962,0.0039871208581577,none
fe2c6325:00001,Historical Slavery,0.1674966330385906,0.0503308651561646,none
02199815:00001,Historical Slavery,0.3701148253182481,0.0143871175849842,none
839ad4bd:00002,Historical Slavery,0.4701374649223084,0.0029409336058351,none
839ad4bd:00003,Colonialism,0.3040477984686311,0.0087735331145611,none
06bacda8:00000,Modern Racism & Inequality,0.4395907556855668,0.0163340343390368,none
20641f7e:00001,Historical Slavery,0.4457432009000162,0.0122272272867843,none
3c97dd45:00001,Modern Racism & Inequality,0.3385441030673028,0.0061312826180301,none
d639afa0:00000,Modern Racism & Inequality,0.3983167014020139,0.0035399912880012,none
d639afa0:00001,Modern Racism & Inequality,0.3023737755777092,0.0063691859607948,none
30afa90d:00000,Colonialism,0.4003015825668375,0.0182116561176677,none
30afa90d:00001,Modern Racism & Inequality,0.3823507879098436,0.003358739928022,none
1304e428:00000,Modern Racism & Inequality,0.342434539311971,0.0004897284596364,none
1304e428:00001,Historical Slavery,0.3686522931127016,0.0061811313071766,none
76448d0c:00001,Historical Slavery,0.3318999633852427,0.0077030458769427,none
76448d0c:00002,Modern Racism & Inequality,0.4121829351467594,0.0144943915929351,none
1f661dcb:00000,Colonialism,0.223212893239395,0.0191146948743036,none
b73df4b2:00000,Colonialism,0.277767580927,0.0071172218079968,none
67ae780e:00000,Colonialism,0.3350764603090056,0.0020325706170546,none
67ae780e:00001,Historical Slavery,0.3398957219831594,0.016819528754015,none
e01da6ee:00000,Colonialism,0.3090736457608266,0.0053955810386087,none
e01da6ee:00001,Historical Slavery,0.4526808713905052,0.0102607263601419,none
69c57de8:00000,Historical Slavery,0.3383902483036314,0.0083048474845821,none
ef280f4c:00000,Modern Racism & Inequality,0.3130517484225162,0.0139456918895596,none
946498fc:00000,Historical Slavery,0.3927715029505024,0.0065092800266149,none
946498fc:00001,Historical Slavery,0.3292006016254322,0.0152000431469292,none
5f600a47:00000,Modern Racism & Inequality,0.495188160415828,0.0191835216348428,none
5e74355f:00001,Modern Racism & Inequality,0.5045994404748305,0.012216729262029,none
f957b2a1:00000,Historical Slavery,0.2929302596379742,0.0101464133433005,none
f957b2a1:00001,Colonialism,0.4347975606058776,0.0198204179427405,none
f957b2a1:00004,Colonialism,0.4868650456482796,0.0022817149928648,none
74434f19:00000,Modern Racism & Inequality,0.3835872149124864,0.0187910329386696,none
74434f19:00004,Historical Slavery,0.216419216453182,0.0011228408059695,none
35f78f1b:00002,Modern Racism & Inequality,0.4126707208383483,0.0076117707101223,none
35f78f1b:00004,Colonialism,0.3609976390511127,0.0199069871620189,none
579d7e8c:00000,Modern Racism & Inequality,0.3705505761743715,0.014071571684677,none
579d7e8c:00001,Modern Racism & Inequality,0.3380098241884386,0.0132857500150542,none
579d7e8c:00004,Colonialism,0.1702025738811775,0.0412522651400484,none
a71435e4:00002,Modern Racism & Inequality,0.4345934388914428,0.013039270121559,none
073706fb:00000,Historical Slavery,0.433756109130841,0.0037876913077178,none
5a638ceb:00001,Colonialism,0.3220612690075418,0.0045851369699526,none
4a377458:00000,Historical Slavery,0.4087235814954002,0.00651025809968,none
16488ed7:00001,Historical Slavery,0.3919747689891081,0.0051525183263393,none
45b54669:00000,Colonialism,0.0,0.0,none
18315ce8:00000,Colonialism,0.0,0.0,none
f0a62ec1:00000,Colonialism,0.0,0.0,none
f8cff473:00000,Colonialism,0.0,0.0,none
f8cff473:00001,Colonialism,0.0,0.0,none
9da688cd:00000,Colonialism,0.0,0.0,none
9da688cd:00001,Colonialism,0.0,0.0,none
4e4df26c:00000,Colonialism,0.0,0.0,none
4e4df26c:00001,Colonialism,0.0,0.0,none
09e4ee69:00000,Colonialism,0.0,0.0,none
66c51814:00000,Colonialism,0.0,0.0,none
d8774697:00001,Colonialism,0.0,0.0,none
9060994a:00000,Colonialism,0.0,0.0,none
c298ce9e:00002,Colonialism,0.1701276420533463,0.0389099780248768,none
9b772ac3:00002,Historical Slavery,0.2147442146148375,0.0137437445133483,none
a08cefde:00001,Colonialism,0.3369228492031621,0.0055650092465155,none
5305da2f:00000,Historical Slavery,0.2144498108754743,0.0011622739103923,none
da24786f:00000,Historical Slavery,0.4092873425499365,0.00506101184772,none
b64a0cd1:00001,Modern Racism & Inequality,0.3515762240878132,0.0028607657811058,none
0931146d:00000,Colonialism,0.3310212000839405,0.0138661849153668,none
0931146d:00003,Modern Racism & Inequality,0.4088742246983599,0.0024338993246268,none
a46d8933:00000,Historical Slavery,0.41443481544986,0.0020469852918555,none
a46d8933:00005,Historical Slavery,0.1002391541582712,0.034374739664646,none
76467c43:00000,Colonialism,0.4304066885268935,0.0188553548082128,none
4d5937e6:00001,Modern Racism & Inequality,0.3209756565122882,0.0166499474691603,none
8b589e1b:00002,Modern Racism & Inequality,0.3968028900123647,0.018189252645263,none
b1c606ab:00001,Historical Slavery,0.3258410805546294,0.0087783255461021,none
75ef45bc:00001,Historical Slavery,0.38361354846884,0.0158668670928052,none
61fa5cb7:00001,Historical Slavery,0.3435910470184196,0.0079814164408913,none
ffb4eafe:00001,Modern Racism & Inequality,0.3814804979488583,0.0048884453959183,none
99fc28ed:00000,Modern Racism & Inequality,0.4192463828328762,0.0012066895262286,none
28bf6fbf:00000,Colonialism,0.2911637743254326,0.0056247771712047,none
28bf6fbf:00001,Modern Racism & Inequality,0.3218986715951479,0.0164488233667126,none
cf4f7466:00000,Colonialism,0.2853524369990165,0.0057810777239087,none
989bafb5:00000,Modern Racism & Inequality,0.3548838024456577,0.0114095803939555,none
989bafb5:00001,Modern Racism & Inequality,0.3397474799990741,0.004109435150796,none
989bafb5:00002,Historical Slavery,0.4138119575529588,0.0156087378235365,none
25dbfab1:00002,Colonialism,0.3871746379651496,0.0024473956689084,none
36ea4e82:00000,Historical Slavery,0.2966863368977322,0.0063853726457473,none
22cddaa3:00001,Historical Slavery,0.3646581382623701,0.0193602928153426,none
28e9291d:00001,Historical Slavery,0.3528765695356926,0.0107645672566173,none
e328f154:00002,Modern Racism & Inequality,0.3745182455039734,0.002380524402027,none
e328f154:00003,Colonialism,0.1947734207844721,0.0018071031120031,none
b76b1104:00000,Colonialism,0.4264738286358328,0.0030489647636838,none
bf250301:00001,Historical Slavery,0.2793242856632028,0.0166744578972427,none
dc719140:00000,Modern Racism & Inequality,0.3646786029213273,0.0051810400922606,none
dc719140:00001,Modern Racism & Inequality,0.3733598943395045,0.0071165464489052,none
07377c47:00001,Modern Racism & Inequality,0.273714204672767,0.0156098267044587,none
4272e62f:00000,Colonialism,0.3706230810308111,0.0093682692901156,none
7719053d:00000,Historical Slavery,0.4137523372795257,0.0107085338149391,none
d507b217:00000,Historical Slavery,0.4733382556831811,0.0102007465490296,none
765e5fad:00000,Modern Racism & Inequality,0.3056171075977694,0.0094013656895104,none
b5a2472d:00000,Historical Slavery,0.3589648174072567,0.0141636592560741,none
b5a2472d:00001,Modern Racism & Inequality,0.2936590682329599,0.0165444343213982,none
7f8b5014:00002,Colonialism,0.3626972688317241,0.0138749200844725,none
b771a3c9:00001,Historical Slavery,0.4156635777456525,0.0071694445780019,none
e95aaddc:00001,Historical Slavery,0.2529655223331641,0.0140551733390686,none
92d0e822:00001,Historical Slavery,0.281394315412815,0.0029829970312739,none
f6f99101:00000,Modern Racism & Inequality,0.2798415671791642,0.0071836966232453,none
f6f99101:00001,Modern Racism & Inequality,0.3833466589191321,0.009622320955484,none
e415701f:00001,Colonialism,0.1495210829293571,0.0019757590568245,none
dbf39eb0:00000,Historical Slavery,0.3429320648817199,0.017351118175772,none
dbf39eb0:00001,Historical Slavery,0.2044775256143335,0.0059326541789921,none
7568373a:00000,Historical Slavery,0.4031970221041477,0.0129797896651079,none
8e270af6:00000,Modern Racism & Inequality,0.3389868677978918,0.0136036342856649,none
d7d65588:00000,Modern Racism & Inequality,0.3458659109007094,0.0084625522357177,none
0585b1d6:00000,Historical Slavery,0.3572518182276329,0.0066794086134354,none
6ac27348:00000,Historical Slavery,0.2856118792299755,0.0119806782535299,none
f35f8b1a:00000,Historical Slavery,0.3560531888876295,0.0138993106600303,none
fa38ca5e:00001,Modern Racism & Inequality,0.3161029910324988,0.0131231904318817,none
2ff8dbf7:00000,Colonialism,0.3158699660155223,0.0033490276267174,none
2ff8dbf7:00001,Historical Slavery,0.28126854739649,0.0033756188867718,none
5c40a4fb:00000,Historical Slavery,0.2497784743882365,0.0022532032366066,none
87a696a4:00000,Modern Racism & Inequality,0.2697896943425809,0.0140531085618501,none
2bf00759:00001,Colonialism,0.2815756198667324,0.0155621724226742,none
c40c0aef:00000,Historical Slavery,0.3056603383092829,0.008424844678757,none
c40c0aef:00001,Colonialism,0.3365283433893336,0.0045489023868346,none
439c90e4:00000,Modern Racism & Inequality,0.4216121751836418,0.0057627126845831,none
bba53e0a:00000,Modern Racism & Inequality,0.3432280286320907,0.0103326508754651,none
632c0701:00000,Colonialism,0.343775712431793,0.0036531514618414,none
f989113c:00000,Historical Slavery,0.3785547083137786,0.0176939728532206,none
f989113c:00001,Historical Slavery,0.3805983197304122,0.0008706873176561,none
7338e761:00000,Colonialism,0.2829195995334732,0.0140799121466491,none
7338e761:00002,Historical Slavery,0.3315810000545157,0.0006865620729688,none
9b656087:00000,Colonialism,0.3961435392595044,0.0094060185673747,none
f7b2c52f:00000,Modern Racism & Inequality,0.3696635130038915,0.0148201512153667,none
9070abb6:00000,Historical Slavery,0.3494136895635251,0.0009277597141303,none
9070abb6:00002,Colonialism,0.3533233395755384,0.0079399589171559,none
9070abb6:00003,Modern Racism & Inequality,0.3751661188959277,0.0076722966508932,none
e56256d8:00002,Historical Slavery,0.3827420586800107,0.0059498483908266,none
6c810a66:00000,Modern Racism & Inequality,0.2604721543681388,0.0030806580494814,none
6c810a66:00001,Historical Slavery,0.3974613122291774,0.0034168105199707,none
d1de85e0:00002,Colonialism,0.4501724139641181,0.0110475382105085,none
1411d18b:00001,Colonialism,0.2821881420752329,0.0127983437599927,none
d62ea906:00001,Colonialism,0.3473141454907803,0.0022134772890421,none
d8333de4:00001,Colonialism,0.3534008102843677,0.0114080089839346,none
bfc6d247:00000,Historical Slavery,0.3071640580080237,0.0036681058296844,none
bfc6d247:00001,Historical Slavery,0.4334829707428719,0.0189645145749501,none
7ae0f517:00000,Modern Racism & Inequality,0.3150372085964223,0.01871386624807,none
7ae0f517:00001,Modern Racism & Inequality,0.3214584990445389,0.0031263061623688,none
c5d86225:00000,Colonialism,0.4001322652867451,0.0129968326661398,none
2d054fac:00000,Colonialism,0.4478951592502498,0.0087188659214658,none
60b266b1:00000,Historical Slavery,0.2813357485873244,0.0102054027255902,none
60b266b1:00001,Colonialism,0.1787742142857911,0.0048393180032921,none
4e99272e:00000,Modern Racism & Inequality,0.2721811883249469,0.0160894726443179,none
50144f13:00000,Historical Slavery,0.3683421913284226,0.003784394463675,none
df04189d:00000,Colonialism,0.3394746505046461,0.019945820099799,none
df04189d:00001,Historical Slavery,0.3964416099140551,0.0193621455711429,none
e833f2f5:00001,Colonialism,0.391735518636993,0.0023004372293261,none
3d5cf83f:00001,Colonialism,0.2659375729275097,0.0127634790749308,none
4f81af44:00001,Historical Slavery,0.3915676970667092,0.0089902895450558,none
ed7dbfb5:00003,Modern Racism & Inequality,0.1708005132233898,0.0961060141077263,none
22735ef8:00002,Modern Racism & Inequality,0.1541591878395213,0.0806633044150808,none
98d962cc:00003,Modern Racism & Inequality,0.1541591878395213,0.0806633044150808,none
a9bd8e6d:00002,Historical Slavery,0.3932236660138841,0.0115310208692597,none
a9bd8e6d:00003,Historical Slavery,0.1782556816234251,0.0352585126774164,none
debeff6c:00000,Historical Slavery,0.3262422642273574,0.0163090549951472,none
debeff6c:00003,Modern Racism & Inequality,0.1541591878395213,0.0806633044150808,none
ff092ed0:00000,Colonialism,0.3818248050824497,0.0189275395075484,none
ff092ed0:00001,Colonialism,0.3916980166063101,0.0104208060018426,none
9fc157a6:00001,Colonialism,0.3784850589929239,0.0191672155240562,none
9fc157a6:00002,Colonialism,0.2657930607247391,0.0056212819455337,none
bdd1fed9:00000,Colonialism,0.2759325137280496,0.018364326430745,none
bdd1fed9:00002,Modern Racism & Inequality,0.296390921302662,0.0175232909910005,none
b31191aa:00000,Modern Racism & Inequality,0.2276268992314206,0.0104049807708742,none
b31191aa:00001,Colonialism,0.2811610093371783,0.0086254822897844,none
0d80d4f4:00001,Historical Slavery,0.2175084809413364,0.0016847707182443,none
231389a5:00002,Historical Slavery,0.149984634778347,0.0097236034736453,none
ef3c701b:00000,Historical Slavery,0.3682751822053903,0.0194789929335008,none
1c7e150c:00001,Modern Racism & Inequality,0.214350490689934,0.0085542397257725,none
e60e1744:00000,Historical Slavery,0.3556458101052976,0.0135219719596003,none
445f3de8:00001,Historical Slavery,0.3532128765664996,0.0022882824404901,none
23096743:00000,Historical Slavery,0.3921197926516834,0.0086267646595922,none
23096743:00001,Modern Racism & Inequality,0.4074098921147318,0.0121698717807537,none
0ef08eec:00000,Modern Racism & Inequality,0.4316787247721182,0.0120949599032554,none
3e63b0fb:00001,Historical Slavery,0.3461854911397156,0.0034783038560497,none
3e63b0fb:00002,Colonialism,0.3153229743148406,0.0129971361721233,none
964a457e:00000,Colonialism,0.2672488881830157,0.0135677211992155,none
3d692c0a:00000,Historical Slavery,0.383196513326053,0.0083694558273993,none
adda708c:00000,Modern Racism & Inequality,0.2535246730435541,0.0014806003455171,none
adda708c:00001,Modern Racism & Inequality,0.3193387103651797,0.0101763623475694,none
4d0c2028:00000,Modern Racism & Inequality,0.3520035214267953,0.004429040932493,none
c2f41ef9:00000,Historical Slavery,0.3448426689501457,0.0198753128007365,none
ce9a408e:00000,Historical Slavery,0.4242284173527285,0.009906177196036,none
ffc62112:00000,Colonialism,0.3540531594181508,0.0011529402038162,none
ffc62112:00001,Colonialism,0.3217599383669856,0.0180673663606349,none
abea58b0:00001,Colonialism,0.3139164530658977,0.0009798013293497,none
a7dba5dd:00000,Colonialism,0.3384355565924086,0.0180640157418603,none
52de9a67:00001,Historical Slavery,0.3890072097936101,0.0169632849891817,none
895aaf82:00001,Historical Slavery,0.3259584721074025,0.0130944154694562,none
b1b306c0:00000,Historical Slavery,0.351459103343556,0.0053764221792037,none
b1b306c0:00001,Modern Racism & Inequality,0.2773824881892039,0.0034752221669878,none
c5477709:00002,Colonialism,0.3217599383669856,0.0180673663606349,none
539e720c:00000,Colonialism,0.3382597266332617,0.0152944334343023,none
127de6ad:00001,Colonialism,0.3139164530658977,0.0009798013293497,none
57f2d4f5:00000,Historical Slavery,0.3193564991529474,0.0017675677042333,none
efd8f54c:00001,Modern Racism & Inequality,0.2858429689114461,0.010439037401861,none
b97b80a7:00000,Historical Slavery,0.2774487495414375,0.0021458082761923,none
567a1308:00001,Colonialism,0.3139164530658977,0.0009798013293497,none
0c5c0fd8:00000,Colonialism,0.3388401184445734,0.0012266914153252,none
e11801c6:00002,Colonialism,0.2433965584462104,0.0128996363207742,none
c391b795:00001,Colonialism,0.3382608715625368,0.0118421155938454,none
fd52fc3b:00000,Historical Slavery,0.3219852002172558,0.0037736167174878,none
134eb2b5:00000,Modern Racism & Inequality,0.3288710772501195,0.0096420390595586,none
134eb2b5:00001,Historical Slavery,0.3578141485766204,0.0142235269680894,none
2be599e3:00000,Historical Slavery,0.3292101531126343,0.0019336347035906,none
2be599e3:00001,Modern Racism & Inequality,0.343380977814171,0.0144234610601856,none
d482ed34:00000,Modern Racism & Inequality,0.2431243836200869,0.0038431026412493,none
c7c157bf:00001,Modern Racism & Inequality,0.3675149716750368,0.0172305264845141,none
c7c157bf:00002,Modern Racism & Inequality,0.3610737926584282,0.0171975776479883,none
90f067c9:00002,Modern Racism & Inequality,0.3597721184523636,0.0008037294615417,none
90f067c9:00003,Colonialism,0.3286051635439809,0.0003973648732146,none
994e8750:00003,Colonialism,0.4604100576852686,0.0076696796951435,none
994e8750:00004,Historical Slavery,0.2187716652835259,0.0082482046217571,none
91690c7a:00001,Modern Racism & Inequality,0.3362882125050451,0.0079895842575999,none
91690c7a:00004,Historical Slavery,0.3014396806328645,0.008894602018086,none
a0bb6ad8:00004,Historical Slavery,0.3361950050124936,0.0189655014180382,none
f83fbeaf:00001,Modern Racism & Inequality,0.193281083447569,0.0953594317012002,none
3eabf313:00002,Modern Racism & Inequality,0.2185468064073111,0.0034606155569013,none
d27860f5:00001,Modern Racism & Inequality,0.245668162877627,0.0184660961358992,none
43319f39:00002,Modern Racism & Inequality,0.2055776363709039,0.019305628751531,none
87b98cd7:00001,Modern Racism & Inequality,0.3827970968820409,0.0111451915391089,none
b80d7d2d:00002,Modern Racism & Inequality,0.2148099386393033,0.0131151822969486,none
8597f818:00001,Modern Racism & Inequality,0.258169402607452,0.0107353601051817,none
1a3ef158:00001,Historical Slavery,0.1456654543672111,0.0173957244553061,none
7e3165dd:00002,Colonialism,0.2903751644663037,0.0058980804229885,none
b942d7bd:00001,Modern Racism & Inequality,0.211278434411328,0.0051083968626103,none
b942d7bd:00002,Modern Racism & Inequality,0.1932997984330824,0.0076892198513443,none
24d1bd89:00001,Modern Racism & Inequality,0.1727965035603516,0.0733370535253292,none
d2505aa8:00001,Modern Racism & Inequality,0.179082955411628,0.060248019710698,none
83c4bced:00001,Modern Racism & Inequality,0.1443129546401419,0.0185788662991857,none
40a7d744:00001,Modern Racism & Inequality,0.397181635765011,0.0170351966517127,none
b828eeed:00000,Historical Slavery,0.2318281195019985,0.0003941482564463,none
cb4d9ad5:00000,Modern Racism & Inequality,0.3098049689580299,0.0020267561329891,none
b9b2656a:00000,Modern Racism & Inequality,0.2532917744284473,0.0059817297315868,none
71ab59b7:00000,Modern Racism & Inequality,0.2816355778472386,0.0143381978916943,none
637611c2:00001,Modern Racism & Inequality,0.337757606328079,0.0065210638508941,none
bca28e53:00004,Modern Racism & Inequality,0.3648310105021809,0.0158539734831299,none
2f1940f3:00001,Historical Slavery,0.3205227003535741,0.0077220051927041,none
e0cd184c:00003,Colonialism,0.215188498891456,0.0038573517791378,none
c119e303:00000,Modern Racism & Inequality,0.3595405684038359,0.0068621067937477,none
c119e303:00002,Colonialism,0.3330848748754902,0.0123670264799588,none
9da64024:00000,Modern Racism & Inequality,0.2982927563411854,0.0042938491847656,none
beb15bf1:00001,Historical Slavery,0.1901904266557199,0.0031845493302682,none
f291286b:00001,Modern Racism & Inequality,0.1907886662275084,0.0535951225607778,none
20af0ae1:00001,Historical Slavery,0.112735039975807,0.0217190230713669,none
20af0ae1:00002,Colonialism,0.0,0.0,none
8dfa48dd:00002,Historical Slavery,0.2977564197030543,0.0018585553856982,none
8dfa48dd:00004,Modern Racism & Inequality,0.3024921584107052,0.016371362350664,none
90ae8631:00001,Modern Racism & Inequality,0.3765898320683716,0.0024440862478037,none
da419e58:00001,Historical Slavery,0.3543388110790341,0.0135219848203224,none
bf393335:00000,Historical Slavery,0.4038340668471782,0.0112785026017456,none
9b24747c:00002,Modern Racism & Inequality,0.1912788265287021,0.0186814831413797,none
0125ca97:00001,Modern Racism & Inequality,0.3286020011442537,0.0187673124550535,none
ea551d67:00000,Modern Racism & Inequality,0.3401664076691018,0.0147844289515962,none
b1ab5873:00000,Modern Racism & Inequality,0.3829879906777988,0.0162771922635231,none
3931f93c:00000,Modern Racism & Inequality,0.3750602605097923,0.011995022079252,none
baf92fcb:00000,Modern Racism & Inequality,0.2744388952750887,0.0177136978593246,none
b839eb53:00000,Modern Racism & Inequality,0.3489484569065192,0.0160168423712571,none
3fd2ab06:00000,Modern Racism & Inequality,0.3932374211202475,0.0056232041471433,none
3fd2ab06:00001,Historical Slavery,0.1968235103592631,0.0088759833807086,none
